algorithm,gid,gid_int,dataset,seed,status,valid_output,seconds,train_nmse,valid_nmse,id_test_nmse,ood_test_nmse,metric_complete,kind,noise_sigma,source_batch,source_host,model_split,report_path,result_path
drsr,g0003,3,feynman-ii.27.18,6,ok,True,3607.284,0.10898523185412845,0.11425727784777574,0.10213128727022446,0.17542469585601003,True,clean_seed567,0.0,core50_drsr_llmbudget_seed567_20260504-165500,iaaccn23,,/home/family/workplace/scientific-intelligent-modelling/exp-planning/05.Core50噪声鲁棒性评测/results/remote_artifacts_20260504-183740/clean/core50_drsr_llmbudget_seed567_20260504-165500/iaaccn23/drsr/seed6/tasks/drsr_s6_g0003/iaaccn23/__launcher__/logs/3_feynman-ii.27.18.report.json,/home/family/workplace/scientific-intelligent-modelling/exp-planning/05.Core50噪声鲁棒性评测/results/remote_artifacts_20260504-183740/clean/core50_drsr_llmbudget_seed567_20260504-165500/iaaccn23/drsr/seed6/tasks/drsr_s6_g0003/iaaccn23/drsr/g0003_feynman-ii.27.18/result.json
drsr,g0041,41,PO41,7,ok,True,3607.362,0.08975254704618447,0.07569945087859123,0.06114564873618319,48821.283182149564,True,clean_seed567,0.0,core50_drsr_llmbudget_seed567_20260504-165500,iaaccn24,,/home/family/workplace/scientific-intelligent-modelling/exp-planning/05.Core50噪声鲁棒性评测/results/remote_artifacts_20260504-183740/clean/core50_drsr_llmbudget_seed567_20260504-165500/iaaccn24/drsr/seed7/tasks/drsr_s7_g0041/iaaccn24/__launcher__/logs/41_PO41.report.json,/home/family/workplace/scientific-intelligent-modelling/exp-planning/05.Core50噪声鲁棒性评测/results/remote_artifacts_20260504-183740/clean/core50_drsr_llmbudget_seed567_20260504-165500/iaaccn24/drsr/seed7/tasks/drsr_s7_g0041/iaaccn24/drsr/g0041_PO41/result.json
drsr,g0003,3,feynman-ii.27.18,5,ok,True,3607.408,6185.247298819625,7312.617870529382,5056.813750318078,9098.388730528248,True,clean_seed567,0.0,core50_drsr_llmbudget_seed567_20260504-165500,iaaccn27,,/home/family/workplace/scientific-intelligent-modelling/exp-planning/05.Core50噪声鲁棒性评测/results/remote_artifacts_20260504-183740/clean/core50_drsr_llmbudget_seed567_20260504-165500/iaaccn27/drsr/seed5/tasks/drsr_s5_g0003/iaaccn27/__launcher__/logs/3_feynman-ii.27.18.report.json,/home/family/workplace/scientific-intelligent-modelling/exp-planning/05.Core50噪声鲁棒性评测/results/remote_artifacts_20260504-183740/clean/core50_drsr_llmbudget_seed567_20260504-165500/iaaccn27/drsr/seed5/tasks/drsr_s5_g0003/iaaccn27/drsr/g0003_feynman-ii.27.18/result.json
drsr,g0024,24,strogatz_predprey2,6,ok,True,3607.526,0.05457975454281873,0.031140449686030327,0.04770383436034137,0.41711360982469947,True,clean_seed567,0.0,core50_drsr_llmbudget_seed567_20260504-165500,iaaccn26,,/home/family/workplace/scientific-intelligent-modelling/exp-planning/05.Core50噪声鲁棒性评测/results/remote_artifacts_20260504-183740/clean/core50_drsr_llmbudget_seed567_20260504-165500/iaaccn26/drsr/seed6/tasks/drsr_s6_g0024/iaaccn26/__launcher__/logs/24_strogatz_predprey2.report.json,/home/family/workplace/scientific-intelligent-modelling/exp-planning/05.Core50噪声鲁棒性评测/results/remote_artifacts_20260504-183740/clean/core50_drsr_llmbudget_seed567_20260504-165500/iaaccn26/drsr/seed6/tasks/drsr_s6_g0024/iaaccn26/drsr/g0024_strogatz_predprey2/result.json
drsr,g0037,37,CRK34,6,ok,True,3607.762,4.652680902777991e-06,5.377004341237239e-06,5.5267269659757475e-06,0.06819204099203025,True,clean_seed567,0.0,core50_drsr_llmbudget_seed567_20260504-165500,iaaccn28,,/home/family/workplace/scientific-intelligent-modelling/exp-planning/05.Core50噪声鲁棒性评测/results/remote_artifacts_20260504-183740/clean/core50_drsr_llmbudget_seed567_20260504-165500/iaaccn28/drsr/seed6/tasks/drsr_s6_g0037/iaaccn28/__launcher__/logs/37_CRK34.report.json,/home/family/workplace/scientific-intelligent-modelling/exp-planning/05.Core50噪声鲁棒性评测/results/remote_artifacts_20260504-183740/clean/core50_drsr_llmbudget_seed567_20260504-165500/iaaccn28/drsr/seed6/tasks/drsr_s6_g0037/iaaccn28/drsr/g0037_CRK34/result.json
drsr,g0018,18,feynman-i.18.16,5,ok,True,3607.906,0.9857161057289674,1.0297696575110449,1.0800420498337648,1.4382365038841636,True,clean_seed567,0.0,core50_drsr_llmbudget_seed567_20260504-165500,iaaccn24,,/home/family/workplace/scientific-intelligent-modelling/exp-planning/05.Core50噪声鲁棒性评测/results/remote_artifacts_20260504-183740/clean/core50_drsr_llmbudget_seed567_20260504-165500/iaaccn24/drsr/seed5/tasks/drsr_s5_g0018/iaaccn24/__launcher__/logs/18_feynman-i.18.16.report.json,/home/family/workplace/scientific-intelligent-modelling/exp-planning/05.Core50噪声鲁棒性评测/results/remote_artifacts_20260504-183740/clean/core50_drsr_llmbudget_seed567_20260504-165500/iaaccn24/drsr/seed5/tasks/drsr_s5_g0018/iaaccn24/drsr/g0018_feynman-i.18.16/result.json
drsr,g0008,8,Nguyen-12,6,ok,True,3607.916,4.95706902217881e-05,0.0028739729827324764,3.0452184704887147e-05,0.0069473070499722275,True,clean_seed567,0.0,core50_drsr_llmbudget_seed567_20260504-165500,iaaccn23,,/home/family/workplace/scientific-intelligent-modelling/exp-planning/05.Core50噪声鲁棒性评测/results/remote_artifacts_20260504-183740/clean/core50_drsr_llmbudget_seed567_20260504-165500/iaaccn23/drsr/seed6/tasks/drsr_s6_g0008/iaaccn23/__launcher__/logs/8_Nguyen-12.report.json,/home/family/workplace/scientific-intelligent-modelling/exp-planning/05.Core50噪声鲁棒性评测/results/remote_artifacts_20260504-183740/clean/core50_drsr_llmbudget_seed567_20260504-165500/iaaccn23/drsr/seed6/tasks/drsr_s6_g0008/iaaccn23/drsr/g0008_Nguyen-12/result.json
drsr,g0026,26,strogatz_barmag1,7,ok,True,3607.942,2.079989498176197e-20,1.2132214365428981e-20,1.1323707929092568e-20,1.8020907408702992e-20,True,clean_seed567,0.0,core50_drsr_llmbudget_seed567_20260504-165500,iaaccn50,,/home/family/workplace/scientific-intelligent-modelling/exp-planning/05.Core50噪声鲁棒性评测/results/remote_artifacts_20260504-183740/clean/core50_drsr_llmbudget_seed567_20260504-165500/iaaccn50/drsr/seed7/tasks/drsr_s7_g0026/iaaccn50/__launcher__/logs/26_strogatz_barmag1.report.json,/home/family/workplace/scientific-intelligent-modelling/exp-planning/05.Core50噪声鲁棒性评测/results/remote_artifacts_20260504-183740/clean/core50_drsr_llmbudget_seed567_20260504-165500/iaaccn50/drsr/seed7/tasks/drsr_s7_g0026/iaaccn50/drsr/g0026_strogatz_barmag1/result.json
drsr,g0022,22,feynman-i.11.19,7,ok,True,3608.191,0.9989083206530012,1.0043229895156276,1.0020217450159874,0.9950562457034372,True,clean_seed567,0.0,core50_drsr_llmbudget_seed567_20260504-165500,iaaccn50,,/home/family/workplace/scientific-intelligent-modelling/exp-planning/05.Core50噪声鲁棒性评测/results/remote_artifacts_20260504-183740/clean/core50_drsr_llmbudget_seed567_20260504-165500/iaaccn50/drsr/seed7/tasks/drsr_s7_g0022/iaaccn50/__launcher__/logs/22_feynman-i.11.19.report.json,/home/family/workplace/scientific-intelligent-modelling/exp-planning/05.Core50噪声鲁棒性评测/results/remote_artifacts_20260504-183740/clean/core50_drsr_llmbudget_seed567_20260504-165500/iaaccn50/drsr/seed7/tasks/drsr_s7_g0022/iaaccn50/drsr/g0022_feynman-i.11.19/result.json
drsr,g0038,38,PO19,7,ok,True,3608.366,0.0193852212829414,0.017316814157491978,0.019211617837523218,821388.2172624422,True,clean_seed567,0.0,core50_drsr_llmbudget_seed567_20260504-165500,iaaccn55,,/home/family/workplace/scientific-intelligent-modelling/exp-planning/05.Core50噪声鲁棒性评测/results/remote_artifacts_clean_retry_slim_20260504-193115/clean/core50_drsr_llmbudget_seed567_20260504-165500/iaaccn55/drsr/seed7/tasks/drsr_s7_g0038/iaaccn55/__launcher__/logs/38_PO19.report.json,/home/family/workplace/scientific-intelligent-modelling/exp-planning/05.Core50噪声鲁棒性评测/results/remote_artifacts_clean_retry_slim_20260504-193115/clean/core50_drsr_llmbudget_seed567_20260504-165500/iaaccn55/drsr/seed7/tasks/drsr_s7_g0038/iaaccn55/drsr/g0038_PO19/result.json
drsr,g0011,11,Vladislavleva-4,7,ok,True,3608.484,0.058905510170579295,0.048641373164616274,0.06961994455069054,0.07404051023185099,True,clean_seed567,0.0,core50_drsr_llmbudget_seed567_20260504-165500,iaaccn51,,/home/family/workplace/scientific-intelligent-modelling/exp-planning/05.Core50噪声鲁棒性评测/results/remote_artifacts_20260504-183740/clean/core50_drsr_llmbudget_seed567_20260504-165500/iaaccn51/drsr/seed7/tasks/drsr_s7_g0011/iaaccn51/__launcher__/logs/11_Vladislavleva-4.report.json,/home/family/workplace/scientific-intelligent-modelling/exp-planning/05.Core50噪声鲁棒性评测/results/remote_artifacts_20260504-183740/clean/core50_drsr_llmbudget_seed567_20260504-165500/iaaccn51/drsr/seed7/tasks/drsr_s7_g0011/iaaccn51/drsr/g0011_Vladislavleva-4/result.json
drsr,g0033,33,feynman-iii.10.19,5,ok,True,3608.541,0.9999999999999996,0.9999999999999998,1.0,0.999999999999995,True,clean_seed567,0.0,core50_drsr_llmbudget_seed567_20260504-165500,iaaccn49,,/home/family/workplace/scientific-intelligent-modelling/exp-planning/05.Core50噪声鲁棒性评测/results/remote_artifacts_20260504-183740/clean/core50_drsr_llmbudget_seed567_20260504-165500/iaaccn49/drsr/seed5/tasks/drsr_s5_g0033/iaaccn49/__launcher__/logs/33_feynman-iii.10.19.report.json,/home/family/workplace/scientific-intelligent-modelling/exp-planning/05.Core50噪声鲁棒性评测/results/remote_artifacts_20260504-183740/clean/core50_drsr_llmbudget_seed567_20260504-165500/iaaccn49/drsr/seed5/tasks/drsr_s5_g0033/iaaccn49/drsr/g0033_feynman-iii.10.19/result.json
drsr,g0018,18,feynman-i.18.16,7,ok,True,3608.767,9.168720064442619e+79,2.58725798809127e+79,4.358482167491843e+79,8.253238955150086e+88,True,clean_seed567,0.0,core50_drsr_llmbudget_seed567_20260504-165500,iaaccn51,,/home/family/workplace/scientific-intelligent-modelling/exp-planning/05.Core50噪声鲁棒性评测/results/remote_artifacts_20260504-183740/clean/core50_drsr_llmbudget_seed567_20260504-165500/iaaccn51/drsr/seed7/tasks/drsr_s7_g0018/iaaccn51/__launcher__/logs/18_feynman-i.18.16.report.json,/home/family/workplace/scientific-intelligent-modelling/exp-planning/05.Core50噪声鲁棒性评测/results/remote_artifacts_20260504-183740/clean/core50_drsr_llmbudget_seed567_20260504-165500/iaaccn51/drsr/seed7/tasks/drsr_s7_g0018/iaaccn51/drsr/g0018_feynman-i.18.16/result.json
drsr,g0003,3,feynman-ii.27.18,7,ok,True,3608.897,0.07054337028360212,0.0746313332752179,0.06635161656322565,0.12703850017811597,True,clean_seed567,0.0,core50_drsr_llmbudget_seed567_20260504-165500,iaaccn53,,/home/family/workplace/scientific-intelligent-modelling/exp-planning/05.Core50噪声鲁棒性评测/results/remote_artifacts_clean_retry_slim_20260504-193115/clean/core50_drsr_llmbudget_seed567_20260504-165500/iaaccn53/drsr/seed7/tasks/drsr_s7_g0003/iaaccn53/__launcher__/logs/3_feynman-ii.27.18.report.json,/home/family/workplace/scientific-intelligent-modelling/exp-planning/05.Core50噪声鲁棒性评测/results/remote_artifacts_clean_retry_slim_20260504-193115/clean/core50_drsr_llmbudget_seed567_20260504-165500/iaaccn53/drsr/seed7/tasks/drsr_s7_g0003/iaaccn53/drsr/g0003_feynman-ii.27.18/result.json
drsr,g0014,14,feynman-ii.34.11,6,ok,True,3609.036,2096377.6590541382,1946842.7712246163,854618.6559045267,562898844.6942517,True,clean_seed567,0.0,core50_drsr_llmbudget_seed567_20260504-165500,iaaccn48,,/home/family/workplace/scientific-intelligent-modelling/exp-planning/05.Core50噪声鲁棒性评测/results/remote_artifacts_20260504-183740/clean/core50_drsr_llmbudget_seed567_20260504-165500/iaaccn48/drsr/seed6/tasks/drsr_s6_g0014/iaaccn48/__launcher__/logs/14_feynman-ii.34.11.report.json,/home/family/workplace/scientific-intelligent-modelling/exp-planning/05.Core50噪声鲁棒性评测/results/remote_artifacts_20260504-183740/clean/core50_drsr_llmbudget_seed567_20260504-165500/iaaccn48/drsr/seed6/tasks/drsr_s6_g0014/iaaccn48/drsr/g0014_feynman-ii.34.11/result.json
drsr,g0040,40,feynman-i.29.16,5,ok,True,3609.161,0.06754673978770993,0.0940769765906725,0.09772657602668443,0.042140506064018125,True,clean_seed567,0.0,core50_drsr_llmbudget_seed567_20260504-165500,iaaccn49,,/home/family/workplace/scientific-intelligent-modelling/exp-planning/05.Core50噪声鲁棒性评测/results/remote_artifacts_20260504-183740/clean/core50_drsr_llmbudget_seed567_20260504-165500/iaaccn49/drsr/seed5/tasks/drsr_s5_g0040/iaaccn49/__launcher__/logs/40_feynman-i.29.16.report.json,/home/family/workplace/scientific-intelligent-modelling/exp-planning/05.Core50噪声鲁棒性评测/results/remote_artifacts_20260504-183740/clean/core50_drsr_llmbudget_seed567_20260504-165500/iaaccn49/drsr/seed5/tasks/drsr_s5_g0040/iaaccn49/drsr/g0040_feynman-i.29.16/result.json
drsr,g0046,46,II.6.15b_3_0,7,ok,True,3609.518,0.25498473847337044,0.28152974572387274,0.25107428452982816,1.01087134868025,True,clean_seed567,0.0,core50_drsr_llmbudget_seed567_20260504-165500,iaaccn24,,/home/family/workplace/scientific-intelligent-modelling/exp-planning/05.Core50噪声鲁棒性评测/results/remote_artifacts_20260504-183740/clean/core50_drsr_llmbudget_seed567_20260504-165500/iaaccn24/drsr/seed7/tasks/drsr_s7_g0046/iaaccn24/__launcher__/logs/46_II.6.15b_3_0.report.json,/home/family/workplace/scientific-intelligent-modelling/exp-planning/05.Core50噪声鲁棒性评测/results/remote_artifacts_20260504-183740/clean/core50_drsr_llmbudget_seed567_20260504-165500/iaaccn24/drsr/seed7/tasks/drsr_s7_g0046/iaaccn24/drsr/g0046_II.6.15b_3_0/result.json
drsr,g0040,40,feynman-i.29.16,7,ok,True,3609.608,0.05218970434411505,0.06467018658488824,0.06948865921392795,0.2864406636654023,True,clean_seed567,0.0,core50_drsr_llmbudget_seed567_20260504-165500,iaaccn55,,/home/family/workplace/scientific-intelligent-modelling/exp-planning/05.Core50噪声鲁棒性评测/results/remote_artifacts_clean_retry_slim_20260504-193115/clean/core50_drsr_llmbudget_seed567_20260504-165500/iaaccn55/drsr/seed7/tasks/drsr_s7_g0040/iaaccn55/__launcher__/logs/40_feynman-i.29.16.report.json,/home/family/workplace/scientific-intelligent-modelling/exp-planning/05.Core50噪声鲁棒性评测/results/remote_artifacts_clean_retry_slim_20260504-193115/clean/core50_drsr_llmbudget_seed567_20260504-165500/iaaccn55/drsr/seed7/tasks/drsr_s7_g0040/iaaccn55/drsr/g0040_feynman-i.29.16/result.json
drsr,g0016,16,feynman_II_15_4,6,ok,True,3611.05,9.96781001618007e-25,1.0084378535235003e-24,1.0172750730678311e-24,2.6988726380942375e-24,True,clean_seed567,0.0,core50_drsr_llmbudget_seed567_20260504-165500,iaaccn48,,/home/family/workplace/scientific-intelligent-modelling/exp-planning/05.Core50噪声鲁棒性评测/results/remote_artifacts_20260504-183740/clean/core50_drsr_llmbudget_seed567_20260504-165500/iaaccn48/drsr/seed6/tasks/drsr_s6_g0016/iaaccn48/__launcher__/logs/16_feynman_II_15_4.report.json,/home/family/workplace/scientific-intelligent-modelling/exp-planning/05.Core50噪声鲁棒性评测/results/remote_artifacts_20260504-183740/clean/core50_drsr_llmbudget_seed567_20260504-165500/iaaccn48/drsr/seed6/tasks/drsr_s6_g0016/iaaccn48/drsr/g0016_feynman_II_15_4/result.json
drsr,g0042,42,feynman_test_15,6,ok,True,3611.126,0.0833064310954127,0.08247728497612257,0.08221175022934872,0.609682400348209,True,clean_seed567,0.0,core50_drsr_llmbudget_seed567_20260504-165500,iaaccn52,,/home/family/workplace/scientific-intelligent-modelling/exp-planning/05.Core50噪声鲁棒性评测/results/remote_artifacts_20260504-183740/clean/core50_drsr_llmbudget_seed567_20260504-165500/iaaccn52/drsr/seed6/tasks/drsr_s6_g0042/iaaccn52/__launcher__/logs/42_feynman_test_15.report.json,/home/family/workplace/scientific-intelligent-modelling/exp-planning/05.Core50噪声鲁棒性评测/results/remote_artifacts_20260504-183740/clean/core50_drsr_llmbudget_seed567_20260504-165500/iaaccn52/drsr/seed6/tasks/drsr_s6_g0042/iaaccn52/drsr/g0042_feynman_test_15/result.json
drsr,g0015,15,III.21.20_3_0,6,ok,True,3611.692,0.214865414776264,0.32027311757432064,0.21118875695168024,0.4485493753506345,True,clean_seed567,0.0,core50_drsr_llmbudget_seed567_20260504-165500,iaaccn48,,/home/family/workplace/scientific-intelligent-modelling/exp-planning/05.Core50噪声鲁棒性评测/results/remote_artifacts_20260504-183740/clean/core50_drsr_llmbudget_seed567_20260504-165500/iaaccn48/drsr/seed6/tasks/drsr_s6_g0015/iaaccn48/__launcher__/logs/15_III.21.20_3_0.report.json,/home/family/workplace/scientific-intelligent-modelling/exp-planning/05.Core50噪声鲁棒性评测/results/remote_artifacts_20260504-183740/clean/core50_drsr_llmbudget_seed567_20260504-165500/iaaccn48/drsr/seed6/tasks/drsr_s6_g0015/iaaccn48/drsr/g0015_III.21.20_3_0/result.json
drsr,g0016,16,feynman_II_15_4,7,ok,True,3612.008,8.91280594903211e-25,9.022864394279111e-25,8.961140344841569e-25,4.639297453757559e-24,True,clean_seed567,0.0,core50_drsr_llmbudget_seed567_20260504-165500,iaaccn51,,/home/family/workplace/scientific-intelligent-modelling/exp-planning/05.Core50噪声鲁棒性评测/results/remote_artifacts_20260504-183740/clean/core50_drsr_llmbudget_seed567_20260504-165500/iaaccn51/drsr/seed7/tasks/drsr_s7_g0016/iaaccn51/__launcher__/logs/16_feynman_II_15_4.report.json,/home/family/workplace/scientific-intelligent-modelling/exp-planning/05.Core50噪声鲁棒性评测/results/remote_artifacts_20260504-183740/clean/core50_drsr_llmbudget_seed567_20260504-165500/iaaccn51/drsr/seed7/tasks/drsr_s7_g0016/iaaccn51/drsr/g0016_feynman_II_15_4/result.json
drsr,g0015,15,III.21.20_3_0,7,ok,True,3614.549,0.2055088770115123,0.3045212281633917,0.2015459149867892,0.4555515127478806,True,clean_seed567,0.0,core50_drsr_llmbudget_seed567_20260504-165500,iaaccn51,,/home/family/workplace/scientific-intelligent-modelling/exp-planning/05.Core50噪声鲁棒性评测/results/remote_artifacts_20260504-183740/clean/core50_drsr_llmbudget_seed567_20260504-165500/iaaccn51/drsr/seed7/tasks/drsr_s7_g0015/iaaccn51/__launcher__/logs/15_III.21.20_3_0.report.json,/home/family/workplace/scientific-intelligent-modelling/exp-planning/05.Core50噪声鲁棒性评测/results/remote_artifacts_20260504-183740/clean/core50_drsr_llmbudget_seed567_20260504-165500/iaaccn51/drsr/seed7/tasks/drsr_s7_g0015/iaaccn51/drsr/g0015_III.21.20_3_0/result.json
drsr,g0029,29,strogatz_vdp1,5,ok,True,3615.537,0.4157399777568699,0.3514991422831853,0.18985503870481077,0.563671314298394,True,clean_seed567,0.0,core50_drsr_llmbudget_seed567_20260504-165500,iaaccn25,,/home/family/workplace/scientific-intelligent-modelling/exp-planning/05.Core50噪声鲁棒性评测/results/remote_artifacts_20260504-183740/clean/core50_drsr_llmbudget_seed567_20260504-165500/iaaccn25/drsr/seed5/tasks/drsr_s5_g0029/iaaccn25/__launcher__/logs/29_strogatz_vdp1.report.json,/home/family/workplace/scientific-intelligent-modelling/exp-planning/05.Core50噪声鲁棒性评测/results/remote_artifacts_20260504-183740/clean/core50_drsr_llmbudget_seed567_20260504-165500/iaaccn25/drsr/seed5/tasks/drsr_s5_g0029/iaaccn25/drsr/g0029_strogatz_vdp1/result.json
drsr,g0022,22,feynman-i.11.19,5,ok,True,3617.408,0.9989083206530012,1.0043229895156276,1.0020217450159874,0.9950562457034372,True,clean_seed567,0.0,core50_drsr_llmbudget_seed567_20260504-165500,iaaccn25,,/home/family/workplace/scientific-intelligent-modelling/exp-planning/05.Core50噪声鲁棒性评测/results/remote_artifacts_20260504-183740/clean/core50_drsr_llmbudget_seed567_20260504-165500/iaaccn25/drsr/seed5/tasks/drsr_s5_g0022/iaaccn25/__launcher__/logs/22_feynman-i.11.19.report.json,/home/family/workplace/scientific-intelligent-modelling/exp-planning/05.Core50噪声鲁棒性评测/results/remote_artifacts_20260504-183740/clean/core50_drsr_llmbudget_seed567_20260504-165500/iaaccn25/drsr/seed5/tasks/drsr_s5_g0022/iaaccn25/drsr/g0022_feynman-i.11.19/result.json
drsr,g0002,2,first_principles_hubble,5,ok,True,3900.683,0.12563467515711801,0.06841112757167624,0.023336121795781154,0.11960778803639616,True,clean_seed567,0.0,core50_drsr_llmbudget_seed567_20260504-165500,iaaccn27,,/home/family/workplace/scientific-intelligent-modelling/exp-planning/05.Core50噪声鲁棒性评测/results/remote_artifacts_20260504-183740/clean/core50_drsr_llmbudget_seed567_20260504-165500/iaaccn27/drsr/seed5/tasks/drsr_s5_g0002/iaaccn27/__launcher__/logs/2_first_principles_hubble.report.json,/home/family/workplace/scientific-intelligent-modelling/exp-planning/05.Core50噪声鲁棒性评测/results/remote_artifacts_20260504-183740/clean/core50_drsr_llmbudget_seed567_20260504-165500/iaaccn27/drsr/seed5/tasks/drsr_s5_g0002/iaaccn27/drsr/g0002_first_principles_hubble/result.json
drsr,g0002,2,first_principles_hubble,6,ok,True,3900.687,0.1561534514794451,0.07285598413591984,0.06818673563650623,0.03329534934185469,True,clean_seed567,0.0,core50_drsr_llmbudget_seed567_20260504-165500,iaaccn23,,/home/family/workplace/scientific-intelligent-modelling/exp-planning/05.Core50噪声鲁棒性评测/results/remote_artifacts_20260504-183740/clean/core50_drsr_llmbudget_seed567_20260504-165500/iaaccn23/drsr/seed6/tasks/drsr_s6_g0002/iaaccn23/__launcher__/logs/2_first_principles_hubble.report.json,/home/family/workplace/scientific-intelligent-modelling/exp-planning/05.Core50噪声鲁棒性评测/results/remote_artifacts_20260504-183740/clean/core50_drsr_llmbudget_seed567_20260504-165500/iaaccn23/drsr/seed6/tasks/drsr_s6_g0002/iaaccn23/drsr/g0002_first_principles_hubble/result.json
drsr,g0010,10,Nguyen-9,6,ok,True,3900.703,9.544072751278582e-08,4.894460549746609e-07,1.7455791469855676e-05,5.653827147200693e-06,True,clean_seed567,0.0,core50_drsr_llmbudget_seed567_20260504-165500,iaaccn23,,/home/family/workplace/scientific-intelligent-modelling/exp-planning/05.Core50噪声鲁棒性评测/results/remote_artifacts_20260504-183740/clean/core50_drsr_llmbudget_seed567_20260504-165500/iaaccn23/drsr/seed6/tasks/drsr_s6_g0010/iaaccn23/__launcher__/logs/10_Nguyen-9.report.json,/home/family/workplace/scientific-intelligent-modelling/exp-planning/05.Core50噪声鲁棒性评测/results/remote_artifacts_20260504-183740/clean/core50_drsr_llmbudget_seed567_20260504-165500/iaaccn23/drsr/seed6/tasks/drsr_s6_g0010/iaaccn23/drsr/g0010_Nguyen-9/result.json
drsr,g0004,4,Korns-4,6,ok,True,3900.704,5.501652207217667e-23,3.0970943301770774e-23,6.606195985768708e-23,7.75780792259865e-23,True,clean_seed567,0.0,core50_drsr_llmbudget_seed567_20260504-165500,iaaccn23,,/home/family/workplace/scientific-intelligent-modelling/exp-planning/05.Core50噪声鲁棒性评测/results/remote_artifacts_20260504-183740/clean/core50_drsr_llmbudget_seed567_20260504-165500/iaaccn23/drsr/seed6/tasks/drsr_s6_g0004/iaaccn23/__launcher__/logs/4_Korns-4.report.json,/home/family/workplace/scientific-intelligent-modelling/exp-planning/05.Core50噪声鲁棒性评测/results/remote_artifacts_20260504-183740/clean/core50_drsr_llmbudget_seed567_20260504-165500/iaaccn23/drsr/seed6/tasks/drsr_s6_g0004/iaaccn23/drsr/g0004_Korns-4/result.json
drsr,g0009,9,Nguyen-6,6,ok,True,3900.704,5.830029872030342e-09,0.0002897723312045125,4.608113078914197e-08,0.0044813348344154265,True,clean_seed567,0.0,core50_drsr_llmbudget_seed567_20260504-165500,iaaccn23,,/home/family/workplace/scientific-intelligent-modelling/exp-planning/05.Core50噪声鲁棒性评测/results/remote_artifacts_20260504-183740/clean/core50_drsr_llmbudget_seed567_20260504-165500/iaaccn23/drsr/seed6/tasks/drsr_s6_g0009/iaaccn23/__launcher__/logs/9_Nguyen-6.report.json,/home/family/workplace/scientific-intelligent-modelling/exp-planning/05.Core50噪声鲁棒性评测/results/remote_artifacts_20260504-183740/clean/core50_drsr_llmbudget_seed567_20260504-165500/iaaccn23/drsr/seed6/tasks/drsr_s6_g0009/iaaccn23/drsr/g0009_Nguyen-6/result.json
drsr,g0026,26,strogatz_barmag1,6,ok,True,3900.705,1.6667096685298858e-22,1.482342890653734e-22,1.3168721913153696e-22,1.4440187119226217e-22,True,clean_seed567,0.0,core50_drsr_llmbudget_seed567_20260504-165500,iaaccn26,,/home/family/workplace/scientific-intelligent-modelling/exp-planning/05.Core50噪声鲁棒性评测/results/remote_artifacts_20260504-183740/clean/core50_drsr_llmbudget_seed567_20260504-165500/iaaccn26/drsr/seed6/tasks/drsr_s6_g0026/iaaccn26/__launcher__/logs/26_strogatz_barmag1.report.json,/home/family/workplace/scientific-intelligent-modelling/exp-planning/05.Core50噪声鲁棒性评测/results/remote_artifacts_20260504-183740/clean/core50_drsr_llmbudget_seed567_20260504-165500/iaaccn26/drsr/seed6/tasks/drsr_s6_g0026/iaaccn26/drsr/g0026_strogatz_barmag1/result.json
drsr,g0008,8,Nguyen-12,5,ok,True,3900.705,3.5289642371426305e-12,2.2043418345841058e-11,7.1354801544911665e-12,5.294358983614027e-10,True,clean_seed567,0.0,core50_drsr_llmbudget_seed567_20260504-165500,iaaccn27,,/home/family/workplace/scientific-intelligent-modelling/exp-planning/05.Core50噪声鲁棒性评测/results/remote_artifacts_20260504-183740/clean/core50_drsr_llmbudget_seed567_20260504-165500/iaaccn27/drsr/seed5/tasks/drsr_s5_g0008/iaaccn27/__launcher__/logs/8_Nguyen-12.report.json,/home/family/workplace/scientific-intelligent-modelling/exp-planning/05.Core50噪声鲁棒性评测/results/remote_artifacts_20260504-183740/clean/core50_drsr_llmbudget_seed567_20260504-165500/iaaccn27/drsr/seed5/tasks/drsr_s5_g0008/iaaccn27/drsr/g0008_Nguyen-12/result.json
drsr,g0029,29,strogatz_vdp1,6,ok,True,3900.706,3.2751411856061105e-14,4.363631536765048e-14,3.111555207217236e-14,3.064505681458022e-14,True,clean_seed567,0.0,core50_drsr_llmbudget_seed567_20260504-165500,iaaccn26,,/home/family/workplace/scientific-intelligent-modelling/exp-planning/05.Core50噪声鲁棒性评测/results/remote_artifacts_20260504-183740/clean/core50_drsr_llmbudget_seed567_20260504-165500/iaaccn26/drsr/seed6/tasks/drsr_s6_g0029/iaaccn26/__launcher__/logs/29_strogatz_vdp1.report.json,/home/family/workplace/scientific-intelligent-modelling/exp-planning/05.Core50噪声鲁棒性评测/results/remote_artifacts_20260504-183740/clean/core50_drsr_llmbudget_seed567_20260504-165500/iaaccn26/drsr/seed6/tasks/drsr_s6_g0029/iaaccn26/drsr/g0029_strogatz_vdp1/result.json
drsr,g0010,10,Nguyen-9,5,ok,True,3900.707,1.2558566408933662e-06,1.4706249509322599e-05,7.311607692630095e-05,0.00043240874382561136,True,clean_seed567,0.0,core50_drsr_llmbudget_seed567_20260504-165500,iaaccn27,,/home/family/workplace/scientific-intelligent-modelling/exp-planning/05.Core50噪声鲁棒性评测/results/remote_artifacts_20260504-183740/clean/core50_drsr_llmbudget_seed567_20260504-165500/iaaccn27/drsr/seed5/tasks/drsr_s5_g0010/iaaccn27/__launcher__/logs/10_Nguyen-9.report.json,/home/family/workplace/scientific-intelligent-modelling/exp-planning/05.Core50噪声鲁棒性评测/results/remote_artifacts_20260504-183740/clean/core50_drsr_llmbudget_seed567_20260504-165500/iaaccn27/drsr/seed5/tasks/drsr_s5_g0010/iaaccn27/drsr/g0010_Nguyen-9/result.json
drsr,g0020,20,first_principles_leavitt,5,ok,True,3900.71,7.24145926394809e-05,0.0003888773799144472,0.00031315308883217045,0.00023869216514096033,True,clean_seed567,0.0,core50_drsr_llmbudget_seed567_20260504-165500,iaaccn24,,/home/family/workplace/scientific-intelligent-modelling/exp-planning/05.Core50噪声鲁棒性评测/results/remote_artifacts_20260504-183740/clean/core50_drsr_llmbudget_seed567_20260504-165500/iaaccn24/drsr/seed5/tasks/drsr_s5_g0020/iaaccn24/__launcher__/logs/20_first_principles_leavitt.report.json,/home/family/workplace/scientific-intelligent-modelling/exp-planning/05.Core50噪声鲁棒性评测/results/remote_artifacts_20260504-183740/clean/core50_drsr_llmbudget_seed567_20260504-165500/iaaccn24/drsr/seed5/tasks/drsr_s5_g0020/iaaccn24/drsr/g0020_first_principles_leavitt/result.json
drsr,g0006,6,Keijzer-2,5,ok,True,3900.712,0.0021476492985887463,0.0011146477651782923,0.0017335808153530606,0.6203688729709329,True,clean_seed567,0.0,core50_drsr_llmbudget_seed567_20260504-165500,iaaccn27,,/home/family/workplace/scientific-intelligent-modelling/exp-planning/05.Core50噪声鲁棒性评测/results/remote_artifacts_20260504-183740/clean/core50_drsr_llmbudget_seed567_20260504-165500/iaaccn27/drsr/seed5/tasks/drsr_s5_g0006/iaaccn27/__launcher__/logs/6_Keijzer-2.report.json,/home/family/workplace/scientific-intelligent-modelling/exp-planning/05.Core50噪声鲁棒性评测/results/remote_artifacts_20260504-183740/clean/core50_drsr_llmbudget_seed567_20260504-165500/iaaccn27/drsr/seed5/tasks/drsr_s5_g0006/iaaccn27/drsr/g0006_Keijzer-2/result.json
drsr,g0009,9,Nguyen-6,5,ok,True,3900.712,1.0651607360302448e-08,0.00013285919249281903,7.650723711655013e-08,0.0018979099485316917,True,clean_seed567,0.0,core50_drsr_llmbudget_seed567_20260504-165500,iaaccn27,,/home/family/workplace/scientific-intelligent-modelling/exp-planning/05.Core50噪声鲁棒性评测/results/remote_artifacts_20260504-183740/clean/core50_drsr_llmbudget_seed567_20260504-165500/iaaccn27/drsr/seed5/tasks/drsr_s5_g0009/iaaccn27/__launcher__/logs/9_Nguyen-6.report.json,/home/family/workplace/scientific-intelligent-modelling/exp-planning/05.Core50噪声鲁棒性评测/results/remote_artifacts_20260504-183740/clean/core50_drsr_llmbudget_seed567_20260504-165500/iaaccn27/drsr/seed5/tasks/drsr_s5_g0009/iaaccn27/drsr/g0009_Nguyen-6/result.json
drsr,g0007,7,Korns-2,6,ok,True,3900.714,0.7114763739522365,6.686878888485256,1.0967360833475022,1.2397866705388332,True,clean_seed567,0.0,core50_drsr_llmbudget_seed567_20260504-165500,iaaccn23,,/home/family/workplace/scientific-intelligent-modelling/exp-planning/05.Core50噪声鲁棒性评测/results/remote_artifacts_20260504-183740/clean/core50_drsr_llmbudget_seed567_20260504-165500/iaaccn23/drsr/seed6/tasks/drsr_s6_g0007/iaaccn23/__launcher__/logs/7_Korns-2.report.json,/home/family/workplace/scientific-intelligent-modelling/exp-planning/05.Core50噪声鲁棒性评测/results/remote_artifacts_20260504-183740/clean/core50_drsr_llmbudget_seed567_20260504-165500/iaaccn23/drsr/seed6/tasks/drsr_s6_g0007/iaaccn23/drsr/g0007_Korns-2/result.json
drsr,g0006,6,Keijzer-2,6,ok,True,3900.715,0.029101822878899213,0.1666313622236521,0.032891555596434446,2.272535765352384,True,clean_seed567,0.0,core50_drsr_llmbudget_seed567_20260504-165500,iaaccn23,,/home/family/workplace/scientific-intelligent-modelling/exp-planning/05.Core50噪声鲁棒性评测/results/remote_artifacts_20260504-183740/clean/core50_drsr_llmbudget_seed567_20260504-165500/iaaccn23/drsr/seed6/tasks/drsr_s6_g0006/iaaccn23/__launcher__/logs/6_Keijzer-2.report.json,/home/family/workplace/scientific-intelligent-modelling/exp-planning/05.Core50噪声鲁棒性评测/results/remote_artifacts_20260504-183740/clean/core50_drsr_llmbudget_seed567_20260504-165500/iaaccn23/drsr/seed6/tasks/drsr_s6_g0006/iaaccn23/drsr/g0006_Keijzer-2/result.json
drsr,g0007,7,Korns-2,5,ok,True,3900.733,0.833677771679733,6.967237445133286,1.0981322130291564,1.1107167561590305,True,clean_seed567,0.0,core50_drsr_llmbudget_seed567_20260504-165500,iaaccn27,,/home/family/workplace/scientific-intelligent-modelling/exp-planning/05.Core50噪声鲁棒性评测/results/remote_artifacts_20260504-183740/clean/core50_drsr_llmbudget_seed567_20260504-165500/iaaccn27/drsr/seed5/tasks/drsr_s5_g0007/iaaccn27/__launcher__/logs/7_Korns-2.report.json,/home/family/workplace/scientific-intelligent-modelling/exp-planning/05.Core50噪声鲁棒性评测/results/remote_artifacts_20260504-183740/clean/core50_drsr_llmbudget_seed567_20260504-165500/iaaccn27/drsr/seed5/tasks/drsr_s5_g0007/iaaccn27/drsr/g0007_Korns-2/result.json
drsr,g0011,11,Vladislavleva-4,5,ok,True,3900.738,0.03752108936883989,0.029880054178945348,0.04921649368525481,0.056546443060269694,True,clean_seed567,0.0,core50_drsr_llmbudget_seed567_20260504-165500,iaaccn24,,/home/family/workplace/scientific-intelligent-modelling/exp-planning/05.Core50噪声鲁棒性评测/results/remote_artifacts_20260504-183740/clean/core50_drsr_llmbudget_seed567_20260504-165500/iaaccn24/drsr/seed5/tasks/drsr_s5_g0011/iaaccn24/__launcher__/logs/11_Vladislavleva-4.report.json,/home/family/workplace/scientific-intelligent-modelling/exp-planning/05.Core50噪声鲁棒性评测/results/remote_artifacts_20260504-183740/clean/core50_drsr_llmbudget_seed567_20260504-165500/iaaccn24/drsr/seed5/tasks/drsr_s5_g0011/iaaccn24/drsr/g0011_Vladislavleva-4/result.json
drsr,g0025,25,strogatz_barmag2,6,ok,True,3900.741,3.568590659139951e-21,1.614727792571713e-21,6.195881519552885e-21,2.911820073337062e-20,True,clean_seed567,0.0,core50_drsr_llmbudget_seed567_20260504-165500,iaaccn26,,/home/family/workplace/scientific-intelligent-modelling/exp-planning/05.Core50噪声鲁棒性评测/results/remote_artifacts_20260504-183740/clean/core50_drsr_llmbudget_seed567_20260504-165500/iaaccn26/drsr/seed6/tasks/drsr_s6_g0025/iaaccn26/__launcher__/logs/25_strogatz_barmag2.report.json,/home/family/workplace/scientific-intelligent-modelling/exp-planning/05.Core50噪声鲁棒性评测/results/remote_artifacts_20260504-183740/clean/core50_drsr_llmbudget_seed567_20260504-165500/iaaccn26/drsr/seed6/tasks/drsr_s6_g0025/iaaccn26/drsr/g0025_strogatz_barmag2/result.json
drsr,g0004,4,Korns-4,5,ok,True,3900.742,0.0014660360908309179,0.0016656630210766475,0.0017387795126155585,0.0019992519951278695,True,clean_seed567,0.0,core50_drsr_llmbudget_seed567_20260504-165500,iaaccn27,,/home/family/workplace/scientific-intelligent-modelling/exp-planning/05.Core50噪声鲁棒性评测/results/remote_artifacts_20260504-183740/clean/core50_drsr_llmbudget_seed567_20260504-165500/iaaccn27/drsr/seed5/tasks/drsr_s5_g0004/iaaccn27/__launcher__/logs/4_Korns-4.report.json,/home/family/workplace/scientific-intelligent-modelling/exp-planning/05.Core50噪声鲁棒性评测/results/remote_artifacts_20260504-183740/clean/core50_drsr_llmbudget_seed567_20260504-165500/iaaccn27/drsr/seed5/tasks/drsr_s5_g0004/iaaccn27/drsr/g0004_Korns-4/result.json
drsr,g0048,48,MatSci21,7,ok,True,3900.744,3.0733723119589537e-06,2.8974363297374836e-06,3.0811767185839897e-06,6.672109958161705e-05,True,clean_seed567,0.0,core50_drsr_llmbudget_seed567_20260504-165500,iaaccn24,,/home/family/workplace/scientific-intelligent-modelling/exp-planning/05.Core50噪声鲁棒性评测/results/remote_artifacts_20260504-183740/clean/core50_drsr_llmbudget_seed567_20260504-165500/iaaccn24/drsr/seed7/tasks/drsr_s7_g0048/iaaccn24/__launcher__/logs/48_MatSci21.report.json,/home/family/workplace/scientific-intelligent-modelling/exp-planning/05.Core50噪声鲁棒性评测/results/remote_artifacts_20260504-183740/clean/core50_drsr_llmbudget_seed567_20260504-165500/iaaccn24/drsr/seed7/tasks/drsr_s7_g0048/iaaccn24/drsr/g0048_MatSci21/result.json
drsr,g0048,48,MatSci21,5,ok,True,3900.753,1.1068781994663128e-06,1.1449732460271942e-06,1.0690690226267467e-06,3.6252116375771403e-05,True,clean_seed567,0.0,core50_drsr_llmbudget_seed567_20260504-165500,iaaccn29,,/home/family/workplace/scientific-intelligent-modelling/exp-planning/05.Core50噪声鲁棒性评测/results/remote_artifacts_clean_retry_slim_20260504-193115/clean/core50_drsr_llmbudget_seed567_20260504-165500/iaaccn29/drsr/seed5/tasks/drsr_s5_g0048/iaaccn29/__launcher__/logs/48_MatSci21.report.json,/home/family/workplace/scientific-intelligent-modelling/exp-planning/05.Core50噪声鲁棒性评测/results/remote_artifacts_clean_retry_slim_20260504-193115/clean/core50_drsr_llmbudget_seed567_20260504-165500/iaaccn29/drsr/seed5/tasks/drsr_s5_g0048/iaaccn29/drsr/g0048_MatSci21/result.json
drsr,g0017,17,strogatz_shearflow1,5,ok,True,3900.755,0.08170232806315762,0.06891408068811912,0.09903797919157134,0.7965826426659636,True,clean_seed567,0.0,core50_drsr_llmbudget_seed567_20260504-165500,iaaccn24,,/home/family/workplace/scientific-intelligent-modelling/exp-planning/05.Core50噪声鲁棒性评测/results/remote_artifacts_20260504-183740/clean/core50_drsr_llmbudget_seed567_20260504-165500/iaaccn24/drsr/seed5/tasks/drsr_s5_g0017/iaaccn24/__launcher__/logs/17_strogatz_shearflow1.report.json,/home/family/workplace/scientific-intelligent-modelling/exp-planning/05.Core50噪声鲁棒性评测/results/remote_artifacts_20260504-183740/clean/core50_drsr_llmbudget_seed567_20260504-165500/iaaccn24/drsr/seed5/tasks/drsr_s5_g0017/iaaccn24/drsr/g0017_strogatz_shearflow1/result.json
drsr,g0043,43,CRK33,7,ok,True,3900.763,1.2092467213727014e-05,1.0348250295742245e-05,1.176869647445825e-05,0.2124516943666626,True,clean_seed567,0.0,core50_drsr_llmbudget_seed567_20260504-165500,iaaccn24,,/home/family/workplace/scientific-intelligent-modelling/exp-planning/05.Core50噪声鲁棒性评测/results/remote_artifacts_20260504-183740/clean/core50_drsr_llmbudget_seed567_20260504-165500/iaaccn24/drsr/seed7/tasks/drsr_s7_g0043/iaaccn24/__launcher__/logs/43_CRK33.report.json,/home/family/workplace/scientific-intelligent-modelling/exp-planning/05.Core50噪声鲁棒性评测/results/remote_artifacts_20260504-183740/clean/core50_drsr_llmbudget_seed567_20260504-165500/iaaccn24/drsr/seed7/tasks/drsr_s7_g0043/iaaccn24/drsr/g0043_CRK33/result.json
drsr,g0047,47,BPG5,7,ok,True,3900.765,1.8588371162099893e-13,1.8322379243094063e-13,1.5586160270584394e-13,2.655615284193517e-09,True,clean_seed567,0.0,core50_drsr_llmbudget_seed567_20260504-165500,iaaccn24,,/home/family/workplace/scientific-intelligent-modelling/exp-planning/05.Core50噪声鲁棒性评测/results/remote_artifacts_20260504-183740/clean/core50_drsr_llmbudget_seed567_20260504-165500/iaaccn24/drsr/seed7/tasks/drsr_s7_g0047/iaaccn24/__launcher__/logs/47_BPG5.report.json,/home/family/workplace/scientific-intelligent-modelling/exp-planning/05.Core50噪声鲁棒性评测/results/remote_artifacts_20260504-183740/clean/core50_drsr_llmbudget_seed567_20260504-165500/iaaccn24/drsr/seed7/tasks/drsr_s7_g0047/iaaccn24/drsr/g0047_BPG5/result.json
drsr,g0047,47,BPG5,5,ok,True,3900.766,1.8379596796556566e-13,1.7226240634483773e-13,1.5635090676987327e-13,3.275809414398349e-09,True,clean_seed567,0.0,core50_drsr_llmbudget_seed567_20260504-165500,iaaccn29,,/home/family/workplace/scientific-intelligent-modelling/exp-planning/05.Core50噪声鲁棒性评测/results/remote_artifacts_clean_retry_slim_20260504-193115/clean/core50_drsr_llmbudget_seed567_20260504-165500/iaaccn29/drsr/seed5/tasks/drsr_s5_g0047/iaaccn29/__launcher__/logs/47_BPG5.report.json,/home/family/workplace/scientific-intelligent-modelling/exp-planning/05.Core50噪声鲁棒性评测/results/remote_artifacts_clean_retry_slim_20260504-193115/clean/core50_drsr_llmbudget_seed567_20260504-165500/iaaccn29/drsr/seed5/tasks/drsr_s5_g0047/iaaccn29/drsr/g0047_BPG5/result.json
drsr,g0049,49,BPG3,7,ok,True,3900.775,5.510401723944617e-12,7.88562879462414e-12,5.905535832679991e-12,0.07585435601537298,True,clean_seed567,0.0,core50_drsr_llmbudget_seed567_20260504-165500,iaaccn24,,/home/family/workplace/scientific-intelligent-modelling/exp-planning/05.Core50噪声鲁棒性评测/results/remote_artifacts_20260504-183740/clean/core50_drsr_llmbudget_seed567_20260504-165500/iaaccn24/drsr/seed7/tasks/drsr_s7_g0049/iaaccn24/__launcher__/logs/49_BPG3.report.json,/home/family/workplace/scientific-intelligent-modelling/exp-planning/05.Core50噪声鲁棒性评测/results/remote_artifacts_20260504-183740/clean/core50_drsr_llmbudget_seed567_20260504-165500/iaaccn24/drsr/seed7/tasks/drsr_s7_g0049/iaaccn24/drsr/g0049_BPG3/result.json
drsr,g0005,5,Keijzer-11,5,ok,True,3900.776,0.0032704144829945486,0.2700736684518512,0.15443555656883248,0.0630507715276843,True,clean_seed567,0.0,core50_drsr_llmbudget_seed567_20260504-165500,iaaccn27,,/home/family/workplace/scientific-intelligent-modelling/exp-planning/05.Core50噪声鲁棒性评测/results/remote_artifacts_20260504-183740/clean/core50_drsr_llmbudget_seed567_20260504-165500/iaaccn27/drsr/seed5/tasks/drsr_s5_g0005/iaaccn27/__launcher__/logs/5_Keijzer-11.report.json,/home/family/workplace/scientific-intelligent-modelling/exp-planning/05.Core50噪声鲁棒性评测/results/remote_artifacts_20260504-183740/clean/core50_drsr_llmbudget_seed567_20260504-165500/iaaccn27/drsr/seed5/tasks/drsr_s5_g0005/iaaccn27/drsr/g0005_Keijzer-11/result.json
drsr,g0050,50,BPG9,5,ok,True,3900.779,0.0009136322600787851,0.000999178595205742,0.00083221458310761,8.726273223456651,True,clean_seed567,0.0,core50_drsr_llmbudget_seed567_20260504-165500,iaaccn29,,/home/family/workplace/scientific-intelligent-modelling/exp-planning/05.Core50噪声鲁棒性评测/results/remote_artifacts_clean_retry_slim_20260504-193115/clean/core50_drsr_llmbudget_seed567_20260504-165500/iaaccn29/drsr/seed5/tasks/drsr_s5_g0050/iaaccn29/__launcher__/logs/50_BPG9.report.json,/home/family/workplace/scientific-intelligent-modelling/exp-planning/05.Core50噪声鲁棒性评测/results/remote_artifacts_clean_retry_slim_20260504-193115/clean/core50_drsr_llmbudget_seed567_20260504-165500/iaaccn29/drsr/seed5/tasks/drsr_s5_g0050/iaaccn29/drsr/g0050_BPG9/result.json
drsr,g0038,38,PO19,6,ok,True,3900.784,0.003120588706762029,0.0031966818961915687,0.00328838348966069,5924.314964968555,True,clean_seed567,0.0,core50_drsr_llmbudget_seed567_20260504-165500,iaaccn28,,/home/family/workplace/scientific-intelligent-modelling/exp-planning/05.Core50噪声鲁棒性评测/results/remote_artifacts_20260504-183740/clean/core50_drsr_llmbudget_seed567_20260504-165500/iaaccn28/drsr/seed6/tasks/drsr_s6_g0038/iaaccn28/__launcher__/logs/38_PO19.report.json,/home/family/workplace/scientific-intelligent-modelling/exp-planning/05.Core50噪声鲁棒性评测/results/remote_artifacts_20260504-183740/clean/core50_drsr_llmbudget_seed567_20260504-165500/iaaccn28/drsr/seed6/tasks/drsr_s6_g0038/iaaccn28/drsr/g0038_PO19/result.json
drsr,g0049,49,BPG3,5,ok,True,3900.786,1.2432770004346896e-09,1.7810115188987209e-09,1.0017726906625067e-09,3.0344734553286377,True,clean_seed567,0.0,core50_drsr_llmbudget_seed567_20260504-165500,iaaccn29,,/home/family/workplace/scientific-intelligent-modelling/exp-planning/05.Core50噪声鲁棒性评测/results/remote_artifacts_clean_retry_slim_20260504-193115/clean/core50_drsr_llmbudget_seed567_20260504-165500/iaaccn29/drsr/seed5/tasks/drsr_s5_g0049/iaaccn29/__launcher__/logs/49_BPG3.report.json,/home/family/workplace/scientific-intelligent-modelling/exp-planning/05.Core50噪声鲁棒性评测/results/remote_artifacts_clean_retry_slim_20260504-193115/clean/core50_drsr_llmbudget_seed567_20260504-165500/iaaccn29/drsr/seed5/tasks/drsr_s5_g0049/iaaccn29/drsr/g0049_BPG3/result.json
drsr,g0043,43,CRK33,5,ok,True,3900.795,5.468054803452803e-09,4.598383942954258e-09,4.347370644522863e-09,0.00035985659904833874,True,clean_seed567,0.0,core50_drsr_llmbudget_seed567_20260504-165500,iaaccn29,,/home/family/workplace/scientific-intelligent-modelling/exp-planning/05.Core50噪声鲁棒性评测/results/remote_artifacts_clean_retry_slim_20260504-193115/clean/core50_drsr_llmbudget_seed567_20260504-165500/iaaccn29/drsr/seed5/tasks/drsr_s5_g0043/iaaccn29/__launcher__/logs/43_CRK33.report.json,/home/family/workplace/scientific-intelligent-modelling/exp-planning/05.Core50噪声鲁棒性评测/results/remote_artifacts_clean_retry_slim_20260504-193115/clean/core50_drsr_llmbudget_seed567_20260504-165500/iaaccn29/drsr/seed5/tasks/drsr_s5_g0043/iaaccn29/drsr/g0043_CRK33/result.json
drsr,g0039,39,CRK0,6,ok,True,3900.799,3.929208018857204e-08,3.5912396371513413e-08,3.777775925066541e-08,0.0001675457228111179,True,clean_seed567,0.0,core50_drsr_llmbudget_seed567_20260504-165500,iaaccn28,,/home/family/workplace/scientific-intelligent-modelling/exp-planning/05.Core50噪声鲁棒性评测/results/remote_artifacts_20260504-183740/clean/core50_drsr_llmbudget_seed567_20260504-165500/iaaccn28/drsr/seed6/tasks/drsr_s6_g0039/iaaccn28/__launcher__/logs/39_CRK0.report.json,/home/family/workplace/scientific-intelligent-modelling/exp-planning/05.Core50噪声鲁棒性评测/results/remote_artifacts_20260504-183740/clean/core50_drsr_llmbudget_seed567_20260504-165500/iaaccn28/drsr/seed6/tasks/drsr_s6_g0039/iaaccn28/drsr/g0039_CRK0/result.json
drsr,g0041,41,PO41,5,ok,True,3900.799,0.001494082796332264,0.0019337052248202214,0.0014026511337002765,449.2091330788363,True,clean_seed567,0.0,core50_drsr_llmbudget_seed567_20260504-165500,iaaccn29,,/home/family/workplace/scientific-intelligent-modelling/exp-planning/05.Core50噪声鲁棒性评测/results/remote_artifacts_clean_retry_slim_20260504-193115/clean/core50_drsr_llmbudget_seed567_20260504-165500/iaaccn29/drsr/seed5/tasks/drsr_s5_g0041/iaaccn29/__launcher__/logs/41_PO41.report.json,/home/family/workplace/scientific-intelligent-modelling/exp-planning/05.Core50噪声鲁棒性评测/results/remote_artifacts_clean_retry_slim_20260504-193115/clean/core50_drsr_llmbudget_seed567_20260504-165500/iaaccn29/drsr/seed5/tasks/drsr_s5_g0041/iaaccn29/drsr/g0041_PO41/result.json
drsr,g0036,36,CRK10,6,ok,True,3900.803,3.174240202770301e-12,2.7744546757994632e-12,3.230911440260441e-12,5.4736374696768443e-08,True,clean_seed567,0.0,core50_drsr_llmbudget_seed567_20260504-165500,iaaccn28,,/home/family/workplace/scientific-intelligent-modelling/exp-planning/05.Core50噪声鲁棒性评测/results/remote_artifacts_20260504-183740/clean/core50_drsr_llmbudget_seed567_20260504-165500/iaaccn28/drsr/seed6/tasks/drsr_s6_g0036/iaaccn28/__launcher__/logs/36_CRK10.report.json,/home/family/workplace/scientific-intelligent-modelling/exp-planning/05.Core50噪声鲁棒性评测/results/remote_artifacts_20260504-183740/clean/core50_drsr_llmbudget_seed567_20260504-165500/iaaccn28/drsr/seed6/tasks/drsr_s6_g0036/iaaccn28/drsr/g0036_CRK10/result.json
drsr,g0005,5,Keijzer-11,6,ok,True,3900.804,0.013013296776127708,6.875563486788579,8.292255795448607,10.905439254224707,True,clean_seed567,0.0,core50_drsr_llmbudget_seed567_20260504-165500,iaaccn23,,/home/family/workplace/scientific-intelligent-modelling/exp-planning/05.Core50噪声鲁棒性评测/results/remote_artifacts_20260504-183740/clean/core50_drsr_llmbudget_seed567_20260504-165500/iaaccn23/drsr/seed6/tasks/drsr_s6_g0005/iaaccn23/__launcher__/logs/5_Keijzer-11.report.json,/home/family/workplace/scientific-intelligent-modelling/exp-planning/05.Core50噪声鲁棒性评测/results/remote_artifacts_20260504-183740/clean/core50_drsr_llmbudget_seed567_20260504-165500/iaaccn23/drsr/seed6/tasks/drsr_s6_g0005/iaaccn23/drsr/g0005_Keijzer-11/result.json
drsr,g0026,26,strogatz_barmag1,5,ok,True,3900.806,2.1329927295392764e-23,1.9036768707592445e-23,1.34532029025394e-23,2.0661309723574619e-23,True,clean_seed567,0.0,core50_drsr_llmbudget_seed567_20260504-165500,iaaccn25,,/home/family/workplace/scientific-intelligent-modelling/exp-planning/05.Core50噪声鲁棒性评测/results/remote_artifacts_20260504-183740/clean/core50_drsr_llmbudget_seed567_20260504-165500/iaaccn25/drsr/seed5/tasks/drsr_s5_g0026/iaaccn25/__launcher__/logs/26_strogatz_barmag1.report.json,/home/family/workplace/scientific-intelligent-modelling/exp-planning/05.Core50噪声鲁棒性评测/results/remote_artifacts_20260504-183740/clean/core50_drsr_llmbudget_seed567_20260504-165500/iaaccn25/drsr/seed5/tasks/drsr_s5_g0026/iaaccn25/drsr/g0026_strogatz_barmag1/result.json
drsr,g0030,30,feynman-iii.7.38,6,ok,True,3900.807,0.9999931741336725,0.9999917328709406,0.9999730735393242,0.999999896149362,True,clean_seed567,0.0,core50_drsr_llmbudget_seed567_20260504-165500,iaaccn26,,/home/family/workplace/scientific-intelligent-modelling/exp-planning/05.Core50噪声鲁棒性评测/results/remote_artifacts_20260504-183740/clean/core50_drsr_llmbudget_seed567_20260504-165500/iaaccn26/drsr/seed6/tasks/drsr_s6_g0030/iaaccn26/__launcher__/logs/30_feynman-iii.7.38.report.json,/home/family/workplace/scientific-intelligent-modelling/exp-planning/05.Core50噪声鲁棒性评测/results/remote_artifacts_20260504-183740/clean/core50_drsr_llmbudget_seed567_20260504-165500/iaaccn26/drsr/seed6/tasks/drsr_s6_g0030/iaaccn26/drsr/g0030_feynman-iii.7.38/result.json
drsr,g0034,34,CRK11,6,ok,True,3900.807,3.420105217260641e-09,3.5335459030873507e-09,3.375554784374021e-09,2.9966449108609023e-05,True,clean_seed567,0.0,core50_drsr_llmbudget_seed567_20260504-165500,iaaccn28,,/home/family/workplace/scientific-intelligent-modelling/exp-planning/05.Core50噪声鲁棒性评测/results/remote_artifacts_20260504-183740/clean/core50_drsr_llmbudget_seed567_20260504-165500/iaaccn28/drsr/seed6/tasks/drsr_s6_g0034/iaaccn28/__launcher__/logs/34_CRK11.report.json,/home/family/workplace/scientific-intelligent-modelling/exp-planning/05.Core50噪声鲁棒性评测/results/remote_artifacts_20260504-183740/clean/core50_drsr_llmbudget_seed567_20260504-165500/iaaccn28/drsr/seed6/tasks/drsr_s6_g0034/iaaccn28/drsr/g0034_CRK11/result.json
drsr,g0028,28,feynman-ii.4.23,6,ok,True,3900.81,1.3108496685687124e-26,1.3108749028763914e-26,1.3114866172213656e-26,1.4110153906746973e-26,True,clean_seed567,0.0,core50_drsr_llmbudget_seed567_20260504-165500,iaaccn26,,/home/family/workplace/scientific-intelligent-modelling/exp-planning/05.Core50噪声鲁棒性评测/results/remote_artifacts_20260504-183740/clean/core50_drsr_llmbudget_seed567_20260504-165500/iaaccn26/drsr/seed6/tasks/drsr_s6_g0028/iaaccn26/__launcher__/logs/28_feynman-ii.4.23.report.json,/home/family/workplace/scientific-intelligent-modelling/exp-planning/05.Core50噪声鲁棒性评测/results/remote_artifacts_20260504-183740/clean/core50_drsr_llmbudget_seed567_20260504-165500/iaaccn26/drsr/seed6/tasks/drsr_s6_g0028/iaaccn26/drsr/g0028_feynman-ii.4.23/result.json
drsr,g0036,36,CRK10,7,ok,True,3900.825,2.1510363170199295e-08,2.2179459022658125e-08,2.1670121810807552e-08,0.000329067779860642,True,clean_seed567,0.0,core50_drsr_llmbudget_seed567_20260504-165500,iaaccn55,,/home/family/workplace/scientific-intelligent-modelling/exp-planning/05.Core50噪声鲁棒性评测/results/remote_artifacts_clean_retry_slim_20260504-193115/clean/core50_drsr_llmbudget_seed567_20260504-165500/iaaccn55/drsr/seed7/tasks/drsr_s7_g0036/iaaccn55/__launcher__/logs/36_CRK10.report.json,/home/family/workplace/scientific-intelligent-modelling/exp-planning/05.Core50噪声鲁棒性评测/results/remote_artifacts_clean_retry_slim_20260504-193115/clean/core50_drsr_llmbudget_seed567_20260504-165500/iaaccn55/drsr/seed7/tasks/drsr_s7_g0036/iaaccn55/drsr/g0036_CRK10/result.json
drsr,g0013,13,feynman-i.43.31,5,ok,True,3900.828,0.5826119687040437,0.5610384172592283,0.5562124418390106,0.6656091765491378,True,clean_seed567,0.0,core50_drsr_llmbudget_seed567_20260504-165500,iaaccn24,,/home/family/workplace/scientific-intelligent-modelling/exp-planning/05.Core50噪声鲁棒性评测/results/remote_artifacts_20260504-183740/clean/core50_drsr_llmbudget_seed567_20260504-165500/iaaccn24/drsr/seed5/tasks/drsr_s5_g0013/iaaccn24/__launcher__/logs/13_feynman-i.43.31.report.json,/home/family/workplace/scientific-intelligent-modelling/exp-planning/05.Core50噪声鲁棒性评测/results/remote_artifacts_20260504-183740/clean/core50_drsr_llmbudget_seed567_20260504-165500/iaaccn24/drsr/seed5/tasks/drsr_s5_g0013/iaaccn24/drsr/g0013_feynman-i.43.31/result.json
drsr,g0050,50,BPG9,7,ok,True,3900.828,1.2324741755158507e-07,1.403844675264312e-07,1.0648303789873465e-07,0.04606211356706974,True,clean_seed567,0.0,core50_drsr_llmbudget_seed567_20260504-165500,iaaccn24,,/home/family/workplace/scientific-intelligent-modelling/exp-planning/05.Core50噪声鲁棒性评测/results/remote_artifacts_20260504-183740/clean/core50_drsr_llmbudget_seed567_20260504-165500/iaaccn24/drsr/seed7/tasks/drsr_s7_g0050/iaaccn24/__launcher__/logs/50_BPG9.report.json,/home/family/workplace/scientific-intelligent-modelling/exp-planning/05.Core50噪声鲁棒性评测/results/remote_artifacts_20260504-183740/clean/core50_drsr_llmbudget_seed567_20260504-165500/iaaccn24/drsr/seed7/tasks/drsr_s7_g0050/iaaccn24/drsr/g0050_BPG9/result.json
drsr,g0035,35,feynman-i.32.5,6,ok,True,3900.851,0.095072175938863,0.20819130525838458,0.09845523630693111,0.1141735583683054,True,clean_seed567,0.0,core50_drsr_llmbudget_seed567_20260504-165500,iaaccn28,,/home/family/workplace/scientific-intelligent-modelling/exp-planning/05.Core50噪声鲁棒性评测/results/remote_artifacts_20260504-183740/clean/core50_drsr_llmbudget_seed567_20260504-165500/iaaccn28/drsr/seed6/tasks/drsr_s6_g0035/iaaccn28/__launcher__/logs/35_feynman-i.32.5.report.json,/home/family/workplace/scientific-intelligent-modelling/exp-planning/05.Core50噪声鲁棒性评测/results/remote_artifacts_20260504-183740/clean/core50_drsr_llmbudget_seed567_20260504-165500/iaaccn28/drsr/seed6/tasks/drsr_s6_g0035/iaaccn28/drsr/g0035_feynman-i.32.5/result.json
drsr,g0030,30,feynman-iii.7.38,5,ok,True,3900.867,0.9999989241244566,0.9999929269806493,1.0000090778176618,1.000000000076486,True,clean_seed567,0.0,core50_drsr_llmbudget_seed567_20260504-165500,iaaccn25,,/home/family/workplace/scientific-intelligent-modelling/exp-planning/05.Core50噪声鲁棒性评测/results/remote_artifacts_20260504-183740/clean/core50_drsr_llmbudget_seed567_20260504-165500/iaaccn25/drsr/seed5/tasks/drsr_s5_g0030/iaaccn25/__launcher__/logs/30_feynman-iii.7.38.report.json,/home/family/workplace/scientific-intelligent-modelling/exp-planning/05.Core50噪声鲁棒性评测/results/remote_artifacts_20260504-183740/clean/core50_drsr_llmbudget_seed567_20260504-165500/iaaccn25/drsr/seed5/tasks/drsr_s5_g0030/iaaccn25/drsr/g0030_feynman-iii.7.38/result.json
drsr,g0017,17,strogatz_shearflow1,6,ok,True,3900.876,0.2913722473634756,0.14891214419091742,0.4558111036635652,2.944533731460502,True,clean_seed567,0.0,core50_drsr_llmbudget_seed567_20260504-165500,iaaccn48,,/home/family/workplace/scientific-intelligent-modelling/exp-planning/05.Core50噪声鲁棒性评测/results/remote_artifacts_20260504-183740/clean/core50_drsr_llmbudget_seed567_20260504-165500/iaaccn48/drsr/seed6/tasks/drsr_s6_g0017/iaaccn48/__launcher__/logs/17_strogatz_shearflow1.report.json,/home/family/workplace/scientific-intelligent-modelling/exp-planning/05.Core50噪声鲁棒性评测/results/remote_artifacts_20260504-183740/clean/core50_drsr_llmbudget_seed567_20260504-165500/iaaccn48/drsr/seed6/tasks/drsr_s6_g0017/iaaccn48/drsr/g0017_strogatz_shearflow1/result.json
drsr,g0032,32,feynman-i.13.12,6,ok,True,3900.877,0.6782653625915758,0.623536965633908,0.5425684264388113,1.1744921834563178,True,clean_seed567,0.0,core50_drsr_llmbudget_seed567_20260504-165500,iaaccn28,,/home/family/workplace/scientific-intelligent-modelling/exp-planning/05.Core50噪声鲁棒性评测/results/remote_artifacts_20260504-183740/clean/core50_drsr_llmbudget_seed567_20260504-165500/iaaccn28/drsr/seed6/tasks/drsr_s6_g0032/iaaccn28/__launcher__/logs/32_feynman-i.13.12.report.json,/home/family/workplace/scientific-intelligent-modelling/exp-planning/05.Core50噪声鲁棒性评测/results/remote_artifacts_20260504-183740/clean/core50_drsr_llmbudget_seed567_20260504-165500/iaaccn28/drsr/seed6/tasks/drsr_s6_g0032/iaaccn28/drsr/g0032_feynman-i.13.12/result.json
drsr,g0040,40,feynman-i.29.16,6,ok,True,3900.877,0.044025589211675854,0.05493625156986618,0.060329607497400795,0.29122062870753956,True,clean_seed567,0.0,core50_drsr_llmbudget_seed567_20260504-165500,iaaccn28,,/home/family/workplace/scientific-intelligent-modelling/exp-planning/05.Core50噪声鲁棒性评测/results/remote_artifacts_20260504-183740/clean/core50_drsr_llmbudget_seed567_20260504-165500/iaaccn28/drsr/seed6/tasks/drsr_s6_g0040/iaaccn28/__launcher__/logs/40_feynman-i.29.16.report.json,/home/family/workplace/scientific-intelligent-modelling/exp-planning/05.Core50噪声鲁棒性评测/results/remote_artifacts_20260504-183740/clean/core50_drsr_llmbudget_seed567_20260504-165500/iaaccn28/drsr/seed6/tasks/drsr_s6_g0040/iaaccn28/drsr/g0040_feynman-i.29.16/result.json
drsr,g0021,21,feynman-i.39.22,6,ok,True,3900.888,0.9998331380660238,0.9965733397691717,1.001296325006592,1.0000089212464922,True,clean_seed567,0.0,core50_drsr_llmbudget_seed567_20260504-165500,iaaccn26,,/home/family/workplace/scientific-intelligent-modelling/exp-planning/05.Core50噪声鲁棒性评测/results/remote_artifacts_20260504-183740/clean/core50_drsr_llmbudget_seed567_20260504-165500/iaaccn26/drsr/seed6/tasks/drsr_s6_g0021/iaaccn26/__launcher__/logs/21_feynman-i.39.22.report.json,/home/family/workplace/scientific-intelligent-modelling/exp-planning/05.Core50噪声鲁棒性评测/results/remote_artifacts_20260504-183740/clean/core50_drsr_llmbudget_seed567_20260504-165500/iaaccn26/drsr/seed6/tasks/drsr_s6_g0021/iaaccn26/drsr/g0021_feynman-i.39.22/result.json
drsr,g0044,44,feynman-i.15.3t,5,ok,True,3900.889,1.0402425580855798e+30,1.112071838807468e+30,1.0855021045963724e+30,9.905521682843366e+29,True,clean_seed567,0.0,core50_drsr_llmbudget_seed567_20260504-165500,iaaccn29,,/home/family/workplace/scientific-intelligent-modelling/exp-planning/05.Core50噪声鲁棒性评测/results/remote_artifacts_clean_retry_slim_20260504-193115/clean/core50_drsr_llmbudget_seed567_20260504-165500/iaaccn29/drsr/seed5/tasks/drsr_s5_g0044/iaaccn29/__launcher__/logs/44_feynman-i.15.3t.report.json,/home/family/workplace/scientific-intelligent-modelling/exp-planning/05.Core50噪声鲁棒性评测/results/remote_artifacts_clean_retry_slim_20260504-193115/clean/core50_drsr_llmbudget_seed567_20260504-165500/iaaccn29/drsr/seed5/tasks/drsr_s5_g0044/iaaccn29/drsr/g0044_feynman-i.15.3t/result.json
drsr,g0020,20,first_principles_leavitt,6,ok,True,3900.896,7.429559377419425e-05,0.0003740691129421592,0.0002763297409445723,6.456261008336017e-05,True,clean_seed567,0.0,core50_drsr_llmbudget_seed567_20260504-165500,iaaccn48,,/home/family/workplace/scientific-intelligent-modelling/exp-planning/05.Core50噪声鲁棒性评测/results/remote_artifacts_20260504-183740/clean/core50_drsr_llmbudget_seed567_20260504-165500/iaaccn48/drsr/seed6/tasks/drsr_s6_g0020/iaaccn48/__launcher__/logs/20_first_principles_leavitt.report.json,/home/family/workplace/scientific-intelligent-modelling/exp-planning/05.Core50噪声鲁棒性评测/results/remote_artifacts_20260504-183740/clean/core50_drsr_llmbudget_seed567_20260504-165500/iaaccn48/drsr/seed6/tasks/drsr_s6_g0020/iaaccn48/drsr/g0020_first_principles_leavitt/result.json
drsr,g0010,10,Nguyen-9,7,ok,True,3900.9,8.899145720022808e-08,7.32495367667086e-07,1.2464490301489954e-05,5.810792539665193e-06,True,clean_seed567,0.0,core50_drsr_llmbudget_seed567_20260504-165500,iaaccn53,,/home/family/workplace/scientific-intelligent-modelling/exp-planning/05.Core50噪声鲁棒性评测/results/remote_artifacts_clean_retry_slim_20260504-193115/clean/core50_drsr_llmbudget_seed567_20260504-165500/iaaccn53/drsr/seed7/tasks/drsr_s7_g0010/iaaccn53/__launcher__/logs/10_Nguyen-9.report.json,/home/family/workplace/scientific-intelligent-modelling/exp-planning/05.Core50噪声鲁棒性评测/results/remote_artifacts_clean_retry_slim_20260504-193115/clean/core50_drsr_llmbudget_seed567_20260504-165500/iaaccn53/drsr/seed7/tasks/drsr_s7_g0010/iaaccn53/drsr/g0010_Nguyen-9/result.json
drsr,g0019,19,feynman-ii.34.2a,5,ok,True,3900.908,1.2969247789866827,1.3802069158865502,1.1639733609985987,1.000020959127375,True,clean_seed567,0.0,core50_drsr_llmbudget_seed567_20260504-165500,iaaccn24,,/home/family/workplace/scientific-intelligent-modelling/exp-planning/05.Core50噪声鲁棒性评测/results/remote_artifacts_20260504-183740/clean/core50_drsr_llmbudget_seed567_20260504-165500/iaaccn24/drsr/seed5/tasks/drsr_s5_g0019/iaaccn24/__launcher__/logs/19_feynman-ii.34.2a.report.json,/home/family/workplace/scientific-intelligent-modelling/exp-planning/05.Core50噪声鲁棒性评测/results/remote_artifacts_20260504-183740/clean/core50_drsr_llmbudget_seed567_20260504-165500/iaaccn24/drsr/seed5/tasks/drsr_s5_g0019/iaaccn24/drsr/g0019_feynman-ii.34.2a/result.json
drsr,g0044,44,feynman-i.15.3t,7,ok,True,3900.91,1.0402427573525046e+30,1.1120720518338763e+30,1.0855023125331317e+30,9.905523580326621e+29,True,clean_seed567,0.0,core50_drsr_llmbudget_seed567_20260504-165500,iaaccn24,,/home/family/workplace/scientific-intelligent-modelling/exp-planning/05.Core50噪声鲁棒性评测/results/remote_artifacts_20260504-183740/clean/core50_drsr_llmbudget_seed567_20260504-165500/iaaccn24/drsr/seed7/tasks/drsr_s7_g0044/iaaccn24/__launcher__/logs/44_feynman-i.15.3t.report.json,/home/family/workplace/scientific-intelligent-modelling/exp-planning/05.Core50噪声鲁棒性评测/results/remote_artifacts_20260504-183740/clean/core50_drsr_llmbudget_seed567_20260504-165500/iaaccn24/drsr/seed7/tasks/drsr_s7_g0044/iaaccn24/drsr/g0044_feynman-i.15.3t/result.json
drsr,g0045,45,feynman-bonus.20,5,ok,True,3900.916,0.9996741731678132,1.02740085346635,1.0047400814995124,1.0001163118717478,True,clean_seed567,0.0,core50_drsr_llmbudget_seed567_20260504-165500,iaaccn29,,/home/family/workplace/scientific-intelligent-modelling/exp-planning/05.Core50噪声鲁棒性评测/results/remote_artifacts_clean_retry_slim_20260504-193115/clean/core50_drsr_llmbudget_seed567_20260504-165500/iaaccn29/drsr/seed5/tasks/drsr_s5_g0045/iaaccn29/__launcher__/logs/45_feynman-bonus.20.report.json,/home/family/workplace/scientific-intelligent-modelling/exp-planning/05.Core50噪声鲁棒性评测/results/remote_artifacts_clean_retry_slim_20260504-193115/clean/core50_drsr_llmbudget_seed567_20260504-165500/iaaccn29/drsr/seed5/tasks/drsr_s5_g0045/iaaccn29/drsr/g0045_feynman-bonus.20/result.json
drsr,g0045,45,feynman-bonus.20,7,ok,True,3900.925,0.99999998969172,1.0000000197100931,0.9999999951518708,1.0000000001267833,True,clean_seed567,0.0,core50_drsr_llmbudget_seed567_20260504-165500,iaaccn24,,/home/family/workplace/scientific-intelligent-modelling/exp-planning/05.Core50噪声鲁棒性评测/results/remote_artifacts_20260504-183740/clean/core50_drsr_llmbudget_seed567_20260504-165500/iaaccn24/drsr/seed7/tasks/drsr_s7_g0045/iaaccn24/__launcher__/logs/45_feynman-bonus.20.report.json,/home/family/workplace/scientific-intelligent-modelling/exp-planning/05.Core50噪声鲁棒性评测/results/remote_artifacts_20260504-183740/clean/core50_drsr_llmbudget_seed567_20260504-165500/iaaccn24/drsr/seed7/tasks/drsr_s7_g0045/iaaccn24/drsr/g0045_feynman-bonus.20/result.json
drsr,g0009,9,Nguyen-6,7,ok,True,3900.926,1.818580945300929e-08,0.00043552936261124093,6.417446119700448e-08,0.006265715537511543,True,clean_seed567,0.0,core50_drsr_llmbudget_seed567_20260504-165500,iaaccn53,,/home/family/workplace/scientific-intelligent-modelling/exp-planning/05.Core50噪声鲁棒性评测/results/remote_artifacts_clean_retry_slim_20260504-193115/clean/core50_drsr_llmbudget_seed567_20260504-165500/iaaccn53/drsr/seed7/tasks/drsr_s7_g0009/iaaccn53/__launcher__/logs/9_Nguyen-6.report.json,/home/family/workplace/scientific-intelligent-modelling/exp-planning/05.Core50噪声鲁棒性评测/results/remote_artifacts_clean_retry_slim_20260504-193115/clean/core50_drsr_llmbudget_seed567_20260504-165500/iaaccn53/drsr/seed7/tasks/drsr_s7_g0009/iaaccn53/drsr/g0009_Nguyen-6/result.json
drsr,g0008,8,Nguyen-12,7,ok,True,3900.927,6.0344478793939425e-19,1.3994428657351876e-18,6.770725071434e-19,1.2334773458755546e-17,True,clean_seed567,0.0,core50_drsr_llmbudget_seed567_20260504-165500,iaaccn53,,/home/family/workplace/scientific-intelligent-modelling/exp-planning/05.Core50噪声鲁棒性评测/results/remote_artifacts_clean_retry_slim_20260504-193115/clean/core50_drsr_llmbudget_seed567_20260504-165500/iaaccn53/drsr/seed7/tasks/drsr_s7_g0008/iaaccn53/__launcher__/logs/8_Nguyen-12.report.json,/home/family/workplace/scientific-intelligent-modelling/exp-planning/05.Core50噪声鲁棒性评测/results/remote_artifacts_clean_retry_slim_20260504-193115/clean/core50_drsr_llmbudget_seed567_20260504-165500/iaaccn53/drsr/seed7/tasks/drsr_s7_g0008/iaaccn53/drsr/g0008_Nguyen-12/result.json
drsr,g0011,11,Vladislavleva-4,6,ok,True,3900.932,0.03649209160517885,0.029558926436884188,0.043639129398334406,0.05266371171517661,True,clean_seed567,0.0,core50_drsr_llmbudget_seed567_20260504-165500,iaaccn48,,/home/family/workplace/scientific-intelligent-modelling/exp-planning/05.Core50噪声鲁棒性评测/results/remote_artifacts_20260504-183740/clean/core50_drsr_llmbudget_seed567_20260504-165500/iaaccn48/drsr/seed6/tasks/drsr_s6_g0011/iaaccn48/__launcher__/logs/11_Vladislavleva-4.report.json,/home/family/workplace/scientific-intelligent-modelling/exp-planning/05.Core50噪声鲁棒性评测/results/remote_artifacts_20260504-183740/clean/core50_drsr_llmbudget_seed567_20260504-165500/iaaccn48/drsr/seed6/tasks/drsr_s6_g0011/iaaccn48/drsr/g0011_Vladislavleva-4/result.json
drsr,g0005,5,Keijzer-11,7,ok,True,3900.932,0.0029468990896000732,0.6141164521133734,0.200510760453082,0.08281817670815167,True,clean_seed567,0.0,core50_drsr_llmbudget_seed567_20260504-165500,iaaccn53,,/home/family/workplace/scientific-intelligent-modelling/exp-planning/05.Core50噪声鲁棒性评测/results/remote_artifacts_clean_retry_slim_20260504-193115/clean/core50_drsr_llmbudget_seed567_20260504-165500/iaaccn53/drsr/seed7/tasks/drsr_s7_g0005/iaaccn53/__launcher__/logs/5_Keijzer-11.report.json,/home/family/workplace/scientific-intelligent-modelling/exp-planning/05.Core50噪声鲁棒性评测/results/remote_artifacts_clean_retry_slim_20260504-193115/clean/core50_drsr_llmbudget_seed567_20260504-165500/iaaccn53/drsr/seed7/tasks/drsr_s7_g0005/iaaccn53/drsr/g0005_Keijzer-11/result.json
drsr,g0007,7,Korns-2,7,ok,True,3900.937,0.821946866597379,2.1925123223822705,1.1350394719839803,1.1609680810437049,True,clean_seed567,0.0,core50_drsr_llmbudget_seed567_20260504-165500,iaaccn53,,/home/family/workplace/scientific-intelligent-modelling/exp-planning/05.Core50噪声鲁棒性评测/results/remote_artifacts_clean_retry_slim_20260504-193115/clean/core50_drsr_llmbudget_seed567_20260504-165500/iaaccn53/drsr/seed7/tasks/drsr_s7_g0007/iaaccn53/__launcher__/logs/7_Korns-2.report.json,/home/family/workplace/scientific-intelligent-modelling/exp-planning/05.Core50噪声鲁棒性评测/results/remote_artifacts_clean_retry_slim_20260504-193115/clean/core50_drsr_llmbudget_seed567_20260504-165500/iaaccn53/drsr/seed7/tasks/drsr_s7_g0007/iaaccn53/drsr/g0007_Korns-2/result.json
drsr,g0024,24,strogatz_predprey2,7,ok,True,3900.939,0.00584230554329349,0.004307945073965617,0.00427439158054916,0.08251805927778655,True,clean_seed567,0.0,core50_drsr_llmbudget_seed567_20260504-165500,iaaccn50,,/home/family/workplace/scientific-intelligent-modelling/exp-planning/05.Core50噪声鲁棒性评测/results/remote_artifacts_20260504-183740/clean/core50_drsr_llmbudget_seed567_20260504-165500/iaaccn50/drsr/seed7/tasks/drsr_s7_g0024/iaaccn50/__launcher__/logs/24_strogatz_predprey2.report.json,/home/family/workplace/scientific-intelligent-modelling/exp-planning/05.Core50噪声鲁棒性评测/results/remote_artifacts_20260504-183740/clean/core50_drsr_llmbudget_seed567_20260504-165500/iaaccn50/drsr/seed7/tasks/drsr_s7_g0024/iaaccn50/drsr/g0024_strogatz_predprey2/result.json
drsr,g0033,33,feynman-iii.10.19,6,ok,True,3900.942,2046524.3502357344,2824052.5219417405,1646463.6584863004,1.1281368301538683,True,clean_seed567,0.0,core50_drsr_llmbudget_seed567_20260504-165500,iaaccn28,,/home/family/workplace/scientific-intelligent-modelling/exp-planning/05.Core50噪声鲁棒性评测/results/remote_artifacts_20260504-183740/clean/core50_drsr_llmbudget_seed567_20260504-165500/iaaccn28/drsr/seed6/tasks/drsr_s6_g0033/iaaccn28/__launcher__/logs/33_feynman-iii.10.19.report.json,/home/family/workplace/scientific-intelligent-modelling/exp-planning/05.Core50噪声鲁棒性评测/results/remote_artifacts_20260504-183740/clean/core50_drsr_llmbudget_seed567_20260504-165500/iaaccn28/drsr/seed6/tasks/drsr_s6_g0033/iaaccn28/drsr/g0033_feynman-iii.10.19/result.json
drsr,g0022,22,feynman-i.11.19,6,ok,True,3900.948,0.991964847447746,0.971832780990389,1.0009235081409387,43732358.21955895,True,clean_seed567,0.0,core50_drsr_llmbudget_seed567_20260504-165500,iaaccn26,,/home/family/workplace/scientific-intelligent-modelling/exp-planning/05.Core50噪声鲁棒性评测/results/remote_artifacts_20260504-183740/clean/core50_drsr_llmbudget_seed567_20260504-165500/iaaccn26/drsr/seed6/tasks/drsr_s6_g0022/iaaccn26/__launcher__/logs/22_feynman-i.11.19.report.json,/home/family/workplace/scientific-intelligent-modelling/exp-planning/05.Core50噪声鲁棒性评测/results/remote_artifacts_20260504-183740/clean/core50_drsr_llmbudget_seed567_20260504-165500/iaaccn26/drsr/seed6/tasks/drsr_s6_g0022/iaaccn26/drsr/g0022_feynman-i.11.19/result.json
drsr,g0036,36,CRK10,5,ok,True,3900.948,1.2515505450528205e-10,1.2534304298844856e-10,1.308345819385537e-10,1.0406766669564903e-06,True,clean_seed567,0.0,core50_drsr_llmbudget_seed567_20260504-165500,iaaccn49,,/home/family/workplace/scientific-intelligent-modelling/exp-planning/05.Core50噪声鲁棒性评测/results/remote_artifacts_20260504-183740/clean/core50_drsr_llmbudget_seed567_20260504-165500/iaaccn49/drsr/seed5/tasks/drsr_s5_g0036/iaaccn49/__launcher__/logs/36_CRK10.report.json,/home/family/workplace/scientific-intelligent-modelling/exp-planning/05.Core50噪声鲁棒性评测/results/remote_artifacts_20260504-183740/clean/core50_drsr_llmbudget_seed567_20260504-165500/iaaccn49/drsr/seed5/tasks/drsr_s5_g0036/iaaccn49/drsr/g0036_CRK10/result.json
drsr,g0004,4,Korns-4,7,ok,True,3900.949,0.0014813479979700016,0.0014878684125911406,0.0018893129359875641,0.0019447366154410459,True,clean_seed567,0.0,core50_drsr_llmbudget_seed567_20260504-165500,iaaccn53,,/home/family/workplace/scientific-intelligent-modelling/exp-planning/05.Core50噪声鲁棒性评测/results/remote_artifacts_clean_retry_slim_20260504-193115/clean/core50_drsr_llmbudget_seed567_20260504-165500/iaaccn53/drsr/seed7/tasks/drsr_s7_g0004/iaaccn53/__launcher__/logs/4_Korns-4.report.json,/home/family/workplace/scientific-intelligent-modelling/exp-planning/05.Core50噪声鲁棒性评测/results/remote_artifacts_clean_retry_slim_20260504-193115/clean/core50_drsr_llmbudget_seed567_20260504-165500/iaaccn53/drsr/seed7/tasks/drsr_s7_g0004/iaaccn53/drsr/g0004_Korns-4/result.json
drsr,g0029,29,strogatz_vdp1,7,ok,True,3900.962,9.371120677109422e-24,6.850624214565074e-24,1.3500752598605185e-23,1.8392929494648547e-23,True,clean_seed567,0.0,core50_drsr_llmbudget_seed567_20260504-165500,iaaccn50,,/home/family/workplace/scientific-intelligent-modelling/exp-planning/05.Core50噪声鲁棒性评测/results/remote_artifacts_20260504-183740/clean/core50_drsr_llmbudget_seed567_20260504-165500/iaaccn50/drsr/seed7/tasks/drsr_s7_g0029/iaaccn50/__launcher__/logs/29_strogatz_vdp1.report.json,/home/family/workplace/scientific-intelligent-modelling/exp-planning/05.Core50噪声鲁棒性评测/results/remote_artifacts_20260504-183740/clean/core50_drsr_llmbudget_seed567_20260504-165500/iaaccn50/drsr/seed7/tasks/drsr_s7_g0029/iaaccn50/drsr/g0029_strogatz_vdp1/result.json
drsr,g0006,6,Keijzer-2,7,ok,True,3900.965,0.1283692256323814,0.5093255023257831,0.13908864295298454,10.175435154194458,True,clean_seed567,0.0,core50_drsr_llmbudget_seed567_20260504-165500,iaaccn53,,/home/family/workplace/scientific-intelligent-modelling/exp-planning/05.Core50噪声鲁棒性评测/results/remote_artifacts_clean_retry_slim_20260504-193115/clean/core50_drsr_llmbudget_seed567_20260504-165500/iaaccn53/drsr/seed7/tasks/drsr_s7_g0006/iaaccn53/__launcher__/logs/6_Keijzer-2.report.json,/home/family/workplace/scientific-intelligent-modelling/exp-planning/05.Core50噪声鲁棒性评测/results/remote_artifacts_clean_retry_slim_20260504-193115/clean/core50_drsr_llmbudget_seed567_20260504-165500/iaaccn53/drsr/seed7/tasks/drsr_s7_g0006/iaaccn53/drsr/g0006_Keijzer-2/result.json
drsr,g0014,14,feynman-ii.34.11,5,ok,True,3900.967,4.142173382497164e+30,9.817809179766971e+28,2.8298706349208282e+29,8.259397311853047e+28,True,clean_seed567,0.0,core50_drsr_llmbudget_seed567_20260504-165500,iaaccn24,,/home/family/workplace/scientific-intelligent-modelling/exp-planning/05.Core50噪声鲁棒性评测/results/remote_artifacts_20260504-183740/clean/core50_drsr_llmbudget_seed567_20260504-165500/iaaccn24/drsr/seed5/tasks/drsr_s5_g0014/iaaccn24/__launcher__/logs/14_feynman-ii.34.11.report.json,/home/family/workplace/scientific-intelligent-modelling/exp-planning/05.Core50噪声鲁棒性评测/results/remote_artifacts_20260504-183740/clean/core50_drsr_llmbudget_seed567_20260504-165500/iaaccn24/drsr/seed5/tasks/drsr_s5_g0014/iaaccn24/drsr/g0014_feynman-ii.34.11/result.json
drsr,g0039,39,CRK0,5,ok,True,3900.968,1.7809010184495658e-06,1.3112862102015775e-06,1.6814371758722042e-06,0.007855836381382214,True,clean_seed567,0.0,core50_drsr_llmbudget_seed567_20260504-165500,iaaccn49,,/home/family/workplace/scientific-intelligent-modelling/exp-planning/05.Core50噪声鲁棒性评测/results/remote_artifacts_20260504-183740/clean/core50_drsr_llmbudget_seed567_20260504-165500/iaaccn49/drsr/seed5/tasks/drsr_s5_g0039/iaaccn49/__launcher__/logs/39_CRK0.report.json,/home/family/workplace/scientific-intelligent-modelling/exp-planning/05.Core50噪声鲁棒性评测/results/remote_artifacts_20260504-183740/clean/core50_drsr_llmbudget_seed567_20260504-165500/iaaccn49/drsr/seed5/tasks/drsr_s5_g0039/iaaccn49/drsr/g0039_CRK0/result.json
drsr,g0038,38,PO19,5,ok,True,3900.972,0.0017274460916894927,0.002107838376730764,0.0018978737322248378,1111.592576664313,True,clean_seed567,0.0,core50_drsr_llmbudget_seed567_20260504-165500,iaaccn49,,/home/family/workplace/scientific-intelligent-modelling/exp-planning/05.Core50噪声鲁棒性评测/results/remote_artifacts_20260504-183740/clean/core50_drsr_llmbudget_seed567_20260504-165500/iaaccn49/drsr/seed5/tasks/drsr_s5_g0038/iaaccn49/__launcher__/logs/38_PO19.report.json,/home/family/workplace/scientific-intelligent-modelling/exp-planning/05.Core50噪声鲁棒性评测/results/remote_artifacts_20260504-183740/clean/core50_drsr_llmbudget_seed567_20260504-165500/iaaccn49/drsr/seed5/tasks/drsr_s5_g0038/iaaccn49/drsr/g0038_PO19/result.json
drsr,g0002,2,first_principles_hubble,7,ok,True,3900.98,0.051925496748812375,0.11591945020767283,0.09879875984058024,0.08527655949568631,True,clean_seed567,0.0,core50_drsr_llmbudget_seed567_20260504-165500,iaaccn53,,/home/family/workplace/scientific-intelligent-modelling/exp-planning/05.Core50噪声鲁棒性评测/results/remote_artifacts_clean_retry_slim_20260504-193115/clean/core50_drsr_llmbudget_seed567_20260504-165500/iaaccn53/drsr/seed7/tasks/drsr_s7_g0002/iaaccn53/__launcher__/logs/2_first_principles_hubble.report.json,/home/family/workplace/scientific-intelligent-modelling/exp-planning/05.Core50噪声鲁棒性评测/results/remote_artifacts_clean_retry_slim_20260504-193115/clean/core50_drsr_llmbudget_seed567_20260504-165500/iaaccn53/drsr/seed7/tasks/drsr_s7_g0002/iaaccn53/drsr/g0002_first_principles_hubble/result.json
drsr,g0032,32,feynman-i.13.12,7,ok,True,3900.98,0.6782619322470839,0.6226169604763621,0.5505014737090571,1.195712900400038,True,clean_seed567,0.0,core50_drsr_llmbudget_seed567_20260504-165500,iaaccn55,,/home/family/workplace/scientific-intelligent-modelling/exp-planning/05.Core50噪声鲁棒性评测/results/remote_artifacts_clean_retry_slim_20260504-193115/clean/core50_drsr_llmbudget_seed567_20260504-165500/iaaccn55/drsr/seed7/tasks/drsr_s7_g0032/iaaccn55/__launcher__/logs/32_feynman-i.13.12.report.json,/home/family/workplace/scientific-intelligent-modelling/exp-planning/05.Core50噪声鲁棒性评测/results/remote_artifacts_clean_retry_slim_20260504-193115/clean/core50_drsr_llmbudget_seed567_20260504-165500/iaaccn55/drsr/seed7/tasks/drsr_s7_g0032/iaaccn55/drsr/g0032_feynman-i.13.12/result.json
drsr,g0013,13,feynman-i.43.31,6,ok,True,3900.993,0.5860221629452482,0.5648078520672268,0.559622697826537,0.6670954955322328,True,clean_seed567,0.0,core50_drsr_llmbudget_seed567_20260504-165500,iaaccn48,,/home/family/workplace/scientific-intelligent-modelling/exp-planning/05.Core50噪声鲁棒性评测/results/remote_artifacts_20260504-183740/clean/core50_drsr_llmbudget_seed567_20260504-165500/iaaccn48/drsr/seed6/tasks/drsr_s6_g0013/iaaccn48/__launcher__/logs/13_feynman-i.43.31.report.json,/home/family/workplace/scientific-intelligent-modelling/exp-planning/05.Core50噪声鲁棒性评测/results/remote_artifacts_20260504-183740/clean/core50_drsr_llmbudget_seed567_20260504-165500/iaaccn48/drsr/seed6/tasks/drsr_s6_g0013/iaaccn48/drsr/g0013_feynman-i.43.31/result.json
drsr,g0034,34,CRK11,7,ok,True,3900.994,1.520210454589999e-09,2.4812055464945816e-09,1.8005494253989051e-09,3.2169210433624944e-06,True,clean_seed567,0.0,core50_drsr_llmbudget_seed567_20260504-165500,iaaccn55,,/home/family/workplace/scientific-intelligent-modelling/exp-planning/05.Core50噪声鲁棒性评测/results/remote_artifacts_clean_retry_slim_20260504-193115/clean/core50_drsr_llmbudget_seed567_20260504-165500/iaaccn55/drsr/seed7/tasks/drsr_s7_g0034/iaaccn55/__launcher__/logs/34_CRK11.report.json,/home/family/workplace/scientific-intelligent-modelling/exp-planning/05.Core50噪声鲁棒性评测/results/remote_artifacts_clean_retry_slim_20260504-193115/clean/core50_drsr_llmbudget_seed567_20260504-165500/iaaccn55/drsr/seed7/tasks/drsr_s7_g0034/iaaccn55/drsr/g0034_CRK11/result.json
drsr,g0034,34,CRK11,5,ok,True,3900.999,1.7996394481783373e-12,2.663349044817606e-12,2.1933450038251332e-12,5.358640258053541e-09,True,clean_seed567,0.0,core50_drsr_llmbudget_seed567_20260504-165500,iaaccn49,,/home/family/workplace/scientific-intelligent-modelling/exp-planning/05.Core50噪声鲁棒性评测/results/remote_artifacts_20260504-183740/clean/core50_drsr_llmbudget_seed567_20260504-165500/iaaccn49/drsr/seed5/tasks/drsr_s5_g0034/iaaccn49/__launcher__/logs/34_CRK11.report.json,/home/family/workplace/scientific-intelligent-modelling/exp-planning/05.Core50噪声鲁棒性评测/results/remote_artifacts_20260504-183740/clean/core50_drsr_llmbudget_seed567_20260504-165500/iaaccn49/drsr/seed5/tasks/drsr_s5_g0034/iaaccn49/drsr/g0034_CRK11/result.json
drsr,g0039,39,CRK0,7,ok,True,3901.006,2.7988949011438664e-08,2.330739776085339e-08,2.9659593509725847e-08,3.8030138330979915e-07,True,clean_seed567,0.0,core50_drsr_llmbudget_seed567_20260504-165500,iaaccn55,,/home/family/workplace/scientific-intelligent-modelling/exp-planning/05.Core50噪声鲁棒性评测/results/remote_artifacts_clean_retry_slim_20260504-193115/clean/core50_drsr_llmbudget_seed567_20260504-165500/iaaccn55/drsr/seed7/tasks/drsr_s7_g0039/iaaccn55/__launcher__/logs/39_CRK0.report.json,/home/family/workplace/scientific-intelligent-modelling/exp-planning/05.Core50噪声鲁棒性评测/results/remote_artifacts_clean_retry_slim_20260504-193115/clean/core50_drsr_llmbudget_seed567_20260504-165500/iaaccn55/drsr/seed7/tasks/drsr_s7_g0039/iaaccn55/drsr/g0039_CRK0/result.json
drsr,g0037,37,CRK34,5,ok,True,3901.017,5.179237042167391e-09,4.799662544810084e-09,5.621487048105276e-09,0.0001679202637657463,True,clean_seed567,0.0,core50_drsr_llmbudget_seed567_20260504-165500,iaaccn49,,/home/family/workplace/scientific-intelligent-modelling/exp-planning/05.Core50噪声鲁棒性评测/results/remote_artifacts_20260504-183740/clean/core50_drsr_llmbudget_seed567_20260504-165500/iaaccn49/drsr/seed5/tasks/drsr_s5_g0037/iaaccn49/__launcher__/logs/37_CRK34.report.json,/home/family/workplace/scientific-intelligent-modelling/exp-planning/05.Core50噪声鲁棒性评测/results/remote_artifacts_20260504-183740/clean/core50_drsr_llmbudget_seed567_20260504-165500/iaaccn49/drsr/seed5/tasks/drsr_s5_g0037/iaaccn49/drsr/g0037_CRK34/result.json
drsr,g0028,28,feynman-ii.4.23,7,ok,True,3901.017,0.9999987126686392,1.0000000067158152,1.0000000096989714,0.999999998634893,True,clean_seed567,0.0,core50_drsr_llmbudget_seed567_20260504-165500,iaaccn50,,/home/family/workplace/scientific-intelligent-modelling/exp-planning/05.Core50噪声鲁棒性评测/results/remote_artifacts_20260504-183740/clean/core50_drsr_llmbudget_seed567_20260504-165500/iaaccn50/drsr/seed7/tasks/drsr_s7_g0028/iaaccn50/__launcher__/logs/28_feynman-ii.4.23.report.json,/home/family/workplace/scientific-intelligent-modelling/exp-planning/05.Core50噪声鲁棒性评测/results/remote_artifacts_20260504-183740/clean/core50_drsr_llmbudget_seed567_20260504-165500/iaaccn50/drsr/seed7/tasks/drsr_s7_g0028/iaaccn50/drsr/g0028_feynman-ii.4.23/result.json
drsr,g0037,37,CRK34,7,ok,True,3901.021,1.526311581987724e-09,1.4741867295845007e-09,2.2878075292383777e-09,1.3480840130723255e-05,True,clean_seed567,0.0,core50_drsr_llmbudget_seed567_20260504-165500,iaaccn55,,/home/family/workplace/scientific-intelligent-modelling/exp-planning/05.Core50噪声鲁棒性评测/results/remote_artifacts_clean_retry_slim_20260504-193115/clean/core50_drsr_llmbudget_seed567_20260504-165500/iaaccn55/drsr/seed7/tasks/drsr_s7_g0037/iaaccn55/__launcher__/logs/37_CRK34.report.json,/home/family/workplace/scientific-intelligent-modelling/exp-planning/05.Core50噪声鲁棒性评测/results/remote_artifacts_clean_retry_slim_20260504-193115/clean/core50_drsr_llmbudget_seed567_20260504-165500/iaaccn55/drsr/seed7/tasks/drsr_s7_g0037/iaaccn55/drsr/g0037_CRK34/result.json
drsr,g0019,19,feynman-ii.34.2a,6,ok,True,3901.033,0.9972324822951557,1.0103110053185094,1.0331952801884725,1.0032458893248064,True,clean_seed567,0.0,core50_drsr_llmbudget_seed567_20260504-165500,iaaccn48,,/home/family/workplace/scientific-intelligent-modelling/exp-planning/05.Core50噪声鲁棒性评测/results/remote_artifacts_20260504-183740/clean/core50_drsr_llmbudget_seed567_20260504-165500/iaaccn48/drsr/seed6/tasks/drsr_s6_g0019/iaaccn48/__launcher__/logs/19_feynman-ii.34.2a.report.json,/home/family/workplace/scientific-intelligent-modelling/exp-planning/05.Core50噪声鲁棒性评测/results/remote_artifacts_20260504-183740/clean/core50_drsr_llmbudget_seed567_20260504-165500/iaaccn48/drsr/seed6/tasks/drsr_s6_g0019/iaaccn48/drsr/g0019_feynman-ii.34.2a/result.json
drsr,g0049,49,BPG3,6,ok,True,3901.038,5.237381807661409e-12,9.812563885718208e-12,4.363036982886697e-12,0.0774040641673144,True,clean_seed567,0.0,core50_drsr_llmbudget_seed567_20260504-165500,iaaccn52,,/home/family/workplace/scientific-intelligent-modelling/exp-planning/05.Core50噪声鲁棒性评测/results/remote_artifacts_20260504-183740/clean/core50_drsr_llmbudget_seed567_20260504-165500/iaaccn52/drsr/seed6/tasks/drsr_s6_g0049/iaaccn52/__launcher__/logs/49_BPG3.report.json,/home/family/workplace/scientific-intelligent-modelling/exp-planning/05.Core50噪声鲁棒性评测/results/remote_artifacts_20260504-183740/clean/core50_drsr_llmbudget_seed567_20260504-165500/iaaccn52/drsr/seed6/tasks/drsr_s6_g0049/iaaccn52/drsr/g0049_BPG3/result.json
drsr,g0047,47,BPG5,6,ok,True,3901.041,1.267075783232825e-12,1.3016442963854632e-12,1.0575657185022922e-12,3.8851139143233916e-08,True,clean_seed567,0.0,core50_drsr_llmbudget_seed567_20260504-165500,iaaccn52,,/home/family/workplace/scientific-intelligent-modelling/exp-planning/05.Core50噪声鲁棒性评测/results/remote_artifacts_20260504-183740/clean/core50_drsr_llmbudget_seed567_20260504-165500/iaaccn52/drsr/seed6/tasks/drsr_s6_g0047/iaaccn52/__launcher__/logs/47_BPG5.report.json,/home/family/workplace/scientific-intelligent-modelling/exp-planning/05.Core50噪声鲁棒性评测/results/remote_artifacts_20260504-183740/clean/core50_drsr_llmbudget_seed567_20260504-165500/iaaccn52/drsr/seed6/tasks/drsr_s6_g0047/iaaccn52/drsr/g0047_BPG5/result.json
drsr,g0050,50,BPG9,6,ok,True,3901.043,0.003924357118428237,0.003755459615674197,0.003995643668453839,1.6083567828161125,True,clean_seed567,0.0,core50_drsr_llmbudget_seed567_20260504-165500,iaaccn52,,/home/family/workplace/scientific-intelligent-modelling/exp-planning/05.Core50噪声鲁棒性评测/results/remote_artifacts_20260504-183740/clean/core50_drsr_llmbudget_seed567_20260504-165500/iaaccn52/drsr/seed6/tasks/drsr_s6_g0050/iaaccn52/__launcher__/logs/50_BPG9.report.json,/home/family/workplace/scientific-intelligent-modelling/exp-planning/05.Core50噪声鲁棒性评测/results/remote_artifacts_20260504-183740/clean/core50_drsr_llmbudget_seed567_20260504-165500/iaaccn52/drsr/seed6/tasks/drsr_s6_g0050/iaaccn52/drsr/g0050_BPG9/result.json
drsr,g0030,30,feynman-iii.7.38,7,ok,True,3901.054,0.999998923707868,0.9999930030838351,1.0000089485570796,1.0000000000755336,True,clean_seed567,0.0,core50_drsr_llmbudget_seed567_20260504-165500,iaaccn50,,/home/family/workplace/scientific-intelligent-modelling/exp-planning/05.Core50噪声鲁棒性评测/results/remote_artifacts_20260504-183740/clean/core50_drsr_llmbudget_seed567_20260504-165500/iaaccn50/drsr/seed7/tasks/drsr_s7_g0030/iaaccn50/__launcher__/logs/30_feynman-iii.7.38.report.json,/home/family/workplace/scientific-intelligent-modelling/exp-planning/05.Core50噪声鲁棒性评测/results/remote_artifacts_20260504-183740/clean/core50_drsr_llmbudget_seed567_20260504-165500/iaaccn50/drsr/seed7/tasks/drsr_s7_g0030/iaaccn50/drsr/g0030_feynman-iii.7.38/result.json
drsr,g0032,32,feynman-i.13.12,5,ok,True,3901.061,0.6633610833241381,0.6582740681794955,0.7328404057778548,2.289020171060495,True,clean_seed567,0.0,core50_drsr_llmbudget_seed567_20260504-165500,iaaccn49,,/home/family/workplace/scientific-intelligent-modelling/exp-planning/05.Core50噪声鲁棒性评测/results/remote_artifacts_20260504-183740/clean/core50_drsr_llmbudget_seed567_20260504-165500/iaaccn49/drsr/seed5/tasks/drsr_s5_g0032/iaaccn49/__launcher__/logs/32_feynman-i.13.12.report.json,/home/family/workplace/scientific-intelligent-modelling/exp-planning/05.Core50噪声鲁棒性评测/results/remote_artifacts_20260504-183740/clean/core50_drsr_llmbudget_seed567_20260504-165500/iaaccn49/drsr/seed5/tasks/drsr_s5_g0032/iaaccn49/drsr/g0032_feynman-i.13.12/result.json
drsr,g0035,35,feynman-i.32.5,5,ok,True,3901.068,0.10020775545226966,0.22999669213492518,0.10387832167156276,0.11461355710206218,True,clean_seed567,0.0,core50_drsr_llmbudget_seed567_20260504-165500,iaaccn49,,/home/family/workplace/scientific-intelligent-modelling/exp-planning/05.Core50噪声鲁棒性评测/results/remote_artifacts_20260504-183740/clean/core50_drsr_llmbudget_seed567_20260504-165500/iaaccn49/drsr/seed5/tasks/drsr_s5_g0035/iaaccn49/__launcher__/logs/35_feynman-i.32.5.report.json,/home/family/workplace/scientific-intelligent-modelling/exp-planning/05.Core50噪声鲁棒性评测/results/remote_artifacts_20260504-183740/clean/core50_drsr_llmbudget_seed567_20260504-165500/iaaccn49/drsr/seed5/tasks/drsr_s5_g0035/iaaccn49/drsr/g0035_feynman-i.32.5/result.json
drsr,g0048,48,MatSci21,6,ok,True,3901.07,0.0007266324858637826,0.0007085362202527227,0.0006909989074118712,0.002119508025239509,True,clean_seed567,0.0,core50_drsr_llmbudget_seed567_20260504-165500,iaaccn52,,/home/family/workplace/scientific-intelligent-modelling/exp-planning/05.Core50噪声鲁棒性评测/results/remote_artifacts_20260504-183740/clean/core50_drsr_llmbudget_seed567_20260504-165500/iaaccn52/drsr/seed6/tasks/drsr_s6_g0048/iaaccn52/__launcher__/logs/48_MatSci21.report.json,/home/family/workplace/scientific-intelligent-modelling/exp-planning/05.Core50噪声鲁棒性评测/results/remote_artifacts_20260504-183740/clean/core50_drsr_llmbudget_seed567_20260504-165500/iaaccn52/drsr/seed6/tasks/drsr_s6_g0048/iaaccn52/drsr/g0048_MatSci21/result.json
drsr,g0035,35,feynman-i.32.5,7,ok,True,3901.079,0.1045473371774996,0.1728918756556566,0.09918444155992905,0.18916865187817336,True,clean_seed567,0.0,core50_drsr_llmbudget_seed567_20260504-165500,iaaccn55,,/home/family/workplace/scientific-intelligent-modelling/exp-planning/05.Core50噪声鲁棒性评测/results/remote_artifacts_clean_retry_slim_20260504-193115/clean/core50_drsr_llmbudget_seed567_20260504-165500/iaaccn55/drsr/seed7/tasks/drsr_s7_g0035/iaaccn55/__launcher__/logs/35_feynman-i.32.5.report.json,/home/family/workplace/scientific-intelligent-modelling/exp-planning/05.Core50噪声鲁棒性评测/results/remote_artifacts_clean_retry_slim_20260504-193115/clean/core50_drsr_llmbudget_seed567_20260504-165500/iaaccn55/drsr/seed7/tasks/drsr_s7_g0035/iaaccn55/drsr/g0035_feynman-i.32.5/result.json
drsr,g0021,21,feynman-i.39.22,7,ok,True,3901.088,0.9999999995520948,1.000000000747349,1.0000000057205896,1.0000000252945436,True,clean_seed567,0.0,core50_drsr_llmbudget_seed567_20260504-165500,iaaccn50,,/home/family/workplace/scientific-intelligent-modelling/exp-planning/05.Core50噪声鲁棒性评测/results/remote_artifacts_20260504-183740/clean/core50_drsr_llmbudget_seed567_20260504-165500/iaaccn50/drsr/seed7/tasks/drsr_s7_g0021/iaaccn50/__launcher__/logs/21_feynman-i.39.22.report.json,/home/family/workplace/scientific-intelligent-modelling/exp-planning/05.Core50噪声鲁棒性评测/results/remote_artifacts_20260504-183740/clean/core50_drsr_llmbudget_seed567_20260504-165500/iaaccn50/drsr/seed7/tasks/drsr_s7_g0021/iaaccn50/drsr/g0021_feynman-i.39.22/result.json
drsr,g0025,25,strogatz_barmag2,7,ok,True,3901.094,1.6745449710133343e-23,1.0638075381416575e-23,3.1003552683743306e-23,4.5327360099228964e-23,True,clean_seed567,0.0,core50_drsr_llmbudget_seed567_20260504-165500,iaaccn50,,/home/family/workplace/scientific-intelligent-modelling/exp-planning/05.Core50噪声鲁棒性评测/results/remote_artifacts_20260504-183740/clean/core50_drsr_llmbudget_seed567_20260504-165500/iaaccn50/drsr/seed7/tasks/drsr_s7_g0025/iaaccn50/__launcher__/logs/25_strogatz_barmag2.report.json,/home/family/workplace/scientific-intelligent-modelling/exp-planning/05.Core50噪声鲁棒性评测/results/remote_artifacts_20260504-183740/clean/core50_drsr_llmbudget_seed567_20260504-165500/iaaccn50/drsr/seed7/tasks/drsr_s7_g0025/iaaccn50/drsr/g0025_strogatz_barmag2/result.json
drsr,g0041,41,PO41,6,ok,True,3901.116,0.0010609308780360899,0.0012447253405375356,0.0009603276905149635,10.689485936906696,True,clean_seed567,0.0,core50_drsr_llmbudget_seed567_20260504-165500,iaaccn52,,/home/family/workplace/scientific-intelligent-modelling/exp-planning/05.Core50噪声鲁棒性评测/results/remote_artifacts_20260504-183740/clean/core50_drsr_llmbudget_seed567_20260504-165500/iaaccn52/drsr/seed6/tasks/drsr_s6_g0041/iaaccn52/__launcher__/logs/41_PO41.report.json,/home/family/workplace/scientific-intelligent-modelling/exp-planning/05.Core50噪声鲁棒性评测/results/remote_artifacts_20260504-183740/clean/core50_drsr_llmbudget_seed567_20260504-165500/iaaccn52/drsr/seed6/tasks/drsr_s6_g0041/iaaccn52/drsr/g0041_PO41/result.json
drsr,g0043,43,CRK33,6,ok,True,3901.165,7.624509902696238e-12,7.364249375593323e-12,5.820898085189586e-12,5.075185813016905e-08,True,clean_seed567,0.0,core50_drsr_llmbudget_seed567_20260504-165500,iaaccn52,,/home/family/workplace/scientific-intelligent-modelling/exp-planning/05.Core50噪声鲁棒性评测/results/remote_artifacts_20260504-183740/clean/core50_drsr_llmbudget_seed567_20260504-165500/iaaccn52/drsr/seed6/tasks/drsr_s6_g0043/iaaccn52/__launcher__/logs/43_CRK33.report.json,/home/family/workplace/scientific-intelligent-modelling/exp-planning/05.Core50噪声鲁棒性评测/results/remote_artifacts_20260504-183740/clean/core50_drsr_llmbudget_seed567_20260504-165500/iaaccn52/drsr/seed6/tasks/drsr_s6_g0043/iaaccn52/drsr/g0043_CRK33/result.json
drsr,g0033,33,feynman-iii.10.19,7,ok,True,3901.192,7.1718091824933976e+16,6.940145619997931e+16,7.688774334977853e+16,817882033150028.9,True,clean_seed567,0.0,core50_drsr_llmbudget_seed567_20260504-165500,iaaccn55,,/home/family/workplace/scientific-intelligent-modelling/exp-planning/05.Core50噪声鲁棒性评测/results/remote_artifacts_clean_retry_slim_20260504-193115/clean/core50_drsr_llmbudget_seed567_20260504-165500/iaaccn55/drsr/seed7/tasks/drsr_s7_g0033/iaaccn55/__launcher__/logs/33_feynman-iii.10.19.report.json,/home/family/workplace/scientific-intelligent-modelling/exp-planning/05.Core50噪声鲁棒性评测/results/remote_artifacts_clean_retry_slim_20260504-193115/clean/core50_drsr_llmbudget_seed567_20260504-165500/iaaccn55/drsr/seed7/tasks/drsr_s7_g0033/iaaccn55/drsr/g0033_feynman-iii.10.19/result.json
drsr,g0018,18,feynman-i.18.16,6,ok,True,3901.193,0.6266951799148617,0.5847408079240449,0.587630349584224,0.5665895800391331,True,clean_seed567,0.0,core50_drsr_llmbudget_seed567_20260504-165500,iaaccn48,,/home/family/workplace/scientific-intelligent-modelling/exp-planning/05.Core50噪声鲁棒性评测/results/remote_artifacts_20260504-183740/clean/core50_drsr_llmbudget_seed567_20260504-165500/iaaccn48/drsr/seed6/tasks/drsr_s6_g0018/iaaccn48/__launcher__/logs/18_feynman-i.18.16.report.json,/home/family/workplace/scientific-intelligent-modelling/exp-planning/05.Core50噪声鲁棒性评测/results/remote_artifacts_20260504-183740/clean/core50_drsr_llmbudget_seed567_20260504-165500/iaaccn48/drsr/seed6/tasks/drsr_s6_g0018/iaaccn48/drsr/g0018_feynman-i.18.16/result.json
drsr,g0044,44,feynman-i.15.3t,6,ok,True,3901.244,1.0402429514332248e+30,1.112072259315969e+30,1.0855025150580414e+30,9.905525428425197e+29,True,clean_seed567,0.0,core50_drsr_llmbudget_seed567_20260504-165500,iaaccn52,,/home/family/workplace/scientific-intelligent-modelling/exp-planning/05.Core50噪声鲁棒性评测/results/remote_artifacts_20260504-183740/clean/core50_drsr_llmbudget_seed567_20260504-165500/iaaccn52/drsr/seed6/tasks/drsr_s6_g0044/iaaccn52/__launcher__/logs/44_feynman-i.15.3t.report.json,/home/family/workplace/scientific-intelligent-modelling/exp-planning/05.Core50噪声鲁棒性评测/results/remote_artifacts_20260504-183740/clean/core50_drsr_llmbudget_seed567_20260504-165500/iaaccn52/drsr/seed6/tasks/drsr_s6_g0044/iaaccn52/drsr/g0044_feynman-i.15.3t/result.json
drsr,g0045,45,feynman-bonus.20,6,ok,True,3901.267,0.9999999428254253,1.0000000104483429,1.0000000162294984,0.9999999999999283,True,clean_seed567,0.0,core50_drsr_llmbudget_seed567_20260504-165500,iaaccn52,,/home/family/workplace/scientific-intelligent-modelling/exp-planning/05.Core50噪声鲁棒性评测/results/remote_artifacts_20260504-183740/clean/core50_drsr_llmbudget_seed567_20260504-165500/iaaccn52/drsr/seed6/tasks/drsr_s6_g0045/iaaccn52/__launcher__/logs/45_feynman-bonus.20.report.json,/home/family/workplace/scientific-intelligent-modelling/exp-planning/05.Core50噪声鲁棒性评测/results/remote_artifacts_20260504-183740/clean/core50_drsr_llmbudget_seed567_20260504-165500/iaaccn52/drsr/seed6/tasks/drsr_s6_g0045/iaaccn52/drsr/g0045_feynman-bonus.20/result.json
drsr,g0046,46,II.6.15b_3_0,5,ok,True,3901.484,0.024455038215353046,0.02389358970645907,0.025845249685404206,0.17713257627747075,True,clean_seed567,0.0,core50_drsr_llmbudget_seed567_20260504-165500,iaaccn29,,/home/family/workplace/scientific-intelligent-modelling/exp-planning/05.Core50噪声鲁棒性评测/results/remote_artifacts_clean_retry_slim_20260504-193115/clean/core50_drsr_llmbudget_seed567_20260504-165500/iaaccn29/drsr/seed5/tasks/drsr_s5_g0046/iaaccn29/__launcher__/logs/46_II.6.15b_3_0.report.json,/home/family/workplace/scientific-intelligent-modelling/exp-planning/05.Core50噪声鲁棒性评测/results/remote_artifacts_clean_retry_slim_20260504-193115/clean/core50_drsr_llmbudget_seed567_20260504-165500/iaaccn29/drsr/seed5/tasks/drsr_s5_g0046/iaaccn29/drsr/g0046_II.6.15b_3_0/result.json
drsr,g0024,24,strogatz_predprey2,5,ok,True,3901.544,0.014285005001148019,0.009502421673408232,0.008083458767344114,0.18195648274623624,True,clean_seed567,0.0,core50_drsr_llmbudget_seed567_20260504-165500,iaaccn25,,/home/family/workplace/scientific-intelligent-modelling/exp-planning/05.Core50噪声鲁棒性评测/results/remote_artifacts_20260504-183740/clean/core50_drsr_llmbudget_seed567_20260504-165500/iaaccn25/drsr/seed5/tasks/drsr_s5_g0024/iaaccn25/__launcher__/logs/24_strogatz_predprey2.report.json,/home/family/workplace/scientific-intelligent-modelling/exp-planning/05.Core50噪声鲁棒性评测/results/remote_artifacts_20260504-183740/clean/core50_drsr_llmbudget_seed567_20260504-165500/iaaccn25/drsr/seed5/tasks/drsr_s5_g0024/iaaccn25/drsr/g0024_strogatz_predprey2/result.json
drsr,g0025,25,strogatz_barmag2,5,ok,True,3901.576,0.07082573329163018,0.0389088616319585,0.2193034530608797,5.020382602721733,True,clean_seed567,0.0,core50_drsr_llmbudget_seed567_20260504-165500,iaaccn25,,/home/family/workplace/scientific-intelligent-modelling/exp-planning/05.Core50噪声鲁棒性评测/results/remote_artifacts_20260504-183740/clean/core50_drsr_llmbudget_seed567_20260504-165500/iaaccn25/drsr/seed5/tasks/drsr_s5_g0025/iaaccn25/__launcher__/logs/25_strogatz_barmag2.report.json,/home/family/workplace/scientific-intelligent-modelling/exp-planning/05.Core50噪声鲁棒性评测/results/remote_artifacts_20260504-183740/clean/core50_drsr_llmbudget_seed567_20260504-165500/iaaccn25/drsr/seed5/tasks/drsr_s5_g0025/iaaccn25/drsr/g0025_strogatz_barmag2/result.json
drsr,g0016,16,feynman_II_15_4,5,ok,True,3901.687,1.8963561701727513e-25,1.8998681298001016e-25,1.9203572313246256e-25,6.372295397782448e-25,True,clean_seed567,0.0,core50_drsr_llmbudget_seed567_20260504-165500,iaaccn24,,/home/family/workplace/scientific-intelligent-modelling/exp-planning/05.Core50噪声鲁棒性评测/results/remote_artifacts_20260504-183740/clean/core50_drsr_llmbudget_seed567_20260504-165500/iaaccn24/drsr/seed5/tasks/drsr_s5_g0016/iaaccn24/__launcher__/logs/16_feynman_II_15_4.report.json,/home/family/workplace/scientific-intelligent-modelling/exp-planning/05.Core50噪声鲁棒性评测/results/remote_artifacts_20260504-183740/clean/core50_drsr_llmbudget_seed567_20260504-165500/iaaccn24/drsr/seed5/tasks/drsr_s5_g0016/iaaccn24/drsr/g0016_feynman_II_15_4/result.json
drsr,g0046,46,II.6.15b_3_0,6,ok,True,3901.767,0.21822804257075865,0.24273107825017007,0.19989485045762329,0.32507388685055705,True,clean_seed567,0.0,core50_drsr_llmbudget_seed567_20260504-165500,iaaccn52,,/home/family/workplace/scientific-intelligent-modelling/exp-planning/05.Core50噪声鲁棒性评测/results/remote_artifacts_20260504-183740/clean/core50_drsr_llmbudget_seed567_20260504-165500/iaaccn52/drsr/seed6/tasks/drsr_s6_g0046/iaaccn52/__launcher__/logs/46_II.6.15b_3_0.report.json,/home/family/workplace/scientific-intelligent-modelling/exp-planning/05.Core50噪声鲁棒性评测/results/remote_artifacts_20260504-183740/clean/core50_drsr_llmbudget_seed567_20260504-165500/iaaccn52/drsr/seed6/tasks/drsr_s6_g0046/iaaccn52/drsr/g0046_II.6.15b_3_0/result.json
drsr,g0028,28,feynman-ii.4.23,5,ok,True,3901.85,0.9998828438043497,1.0005268862582006,0.9992859936344568,0.9999299900287794,True,clean_seed567,0.0,core50_drsr_llmbudget_seed567_20260504-165500,iaaccn25,,/home/family/workplace/scientific-intelligent-modelling/exp-planning/05.Core50噪声鲁棒性评测/results/remote_artifacts_20260504-183740/clean/core50_drsr_llmbudget_seed567_20260504-165500/iaaccn25/drsr/seed5/tasks/drsr_s5_g0028/iaaccn25/__launcher__/logs/28_feynman-ii.4.23.report.json,/home/family/workplace/scientific-intelligent-modelling/exp-planning/05.Core50噪声鲁棒性评测/results/remote_artifacts_20260504-183740/clean/core50_drsr_llmbudget_seed567_20260504-165500/iaaccn25/drsr/seed5/tasks/drsr_s5_g0028/iaaccn25/drsr/g0028_feynman-ii.4.23/result.json
drsr,g0013,13,feynman-i.43.31,7,ok,True,3901.894,0.01586422503582002,0.015864225035820037,0.015864225035820034,0.015864225035820034,True,clean_seed567,0.0,core50_drsr_llmbudget_seed567_20260504-165500,iaaccn51,,/home/family/workplace/scientific-intelligent-modelling/exp-planning/05.Core50噪声鲁棒性评测/results/remote_artifacts_20260504-183740/clean/core50_drsr_llmbudget_seed567_20260504-165500/iaaccn51/drsr/seed7/tasks/drsr_s7_g0013/iaaccn51/__launcher__/logs/13_feynman-i.43.31.report.json,/home/family/workplace/scientific-intelligent-modelling/exp-planning/05.Core50噪声鲁棒性评测/results/remote_artifacts_20260504-183740/clean/core50_drsr_llmbudget_seed567_20260504-165500/iaaccn51/drsr/seed7/tasks/drsr_s7_g0013/iaaccn51/drsr/g0013_feynman-i.43.31/result.json
drsr,g0017,17,strogatz_shearflow1,7,ok,True,3901.897,0.12171545702034782,0.09989330452338512,0.07984079883065552,3.617377739238627,True,clean_seed567,0.0,core50_drsr_llmbudget_seed567_20260504-165500,iaaccn51,,/home/family/workplace/scientific-intelligent-modelling/exp-planning/05.Core50噪声鲁棒性评测/results/remote_artifacts_20260504-183740/clean/core50_drsr_llmbudget_seed567_20260504-165500/iaaccn51/drsr/seed7/tasks/drsr_s7_g0017/iaaccn51/__launcher__/logs/17_strogatz_shearflow1.report.json,/home/family/workplace/scientific-intelligent-modelling/exp-planning/05.Core50噪声鲁棒性评测/results/remote_artifacts_20260504-183740/clean/core50_drsr_llmbudget_seed567_20260504-165500/iaaccn51/drsr/seed7/tasks/drsr_s7_g0017/iaaccn51/drsr/g0017_strogatz_shearflow1/result.json
drsr,g0020,20,first_principles_leavitt,7,ok,True,3901.911,7.401877874625842e-05,0.000370103295877616,0.00026982022846970446,9.277989629132987e-05,True,clean_seed567,0.0,core50_drsr_llmbudget_seed567_20260504-165500,iaaccn51,,/home/family/workplace/scientific-intelligent-modelling/exp-planning/05.Core50噪声鲁棒性评测/results/remote_artifacts_20260504-183740/clean/core50_drsr_llmbudget_seed567_20260504-165500/iaaccn51/drsr/seed7/tasks/drsr_s7_g0020/iaaccn51/__launcher__/logs/20_first_principles_leavitt.report.json,/home/family/workplace/scientific-intelligent-modelling/exp-planning/05.Core50噪声鲁棒性评测/results/remote_artifacts_20260504-183740/clean/core50_drsr_llmbudget_seed567_20260504-165500/iaaccn51/drsr/seed7/tasks/drsr_s7_g0020/iaaccn51/drsr/g0020_first_principles_leavitt/result.json
drsr,g0001,1,II.34.2_1_0,5,ok,True,3901.92,2.5886052648999473e-15,2.626770478395359e-15,2.5624541942413486e-15,2.5037055359501195e-19,True,clean_seed567,0.0,core50_drsr_llmbudget_seed567_20260504-165500,iaaccn27,,/home/family/workplace/scientific-intelligent-modelling/exp-planning/05.Core50噪声鲁棒性评测/results/remote_artifacts_20260504-183740/clean/core50_drsr_llmbudget_seed567_20260504-165500/iaaccn27/drsr/seed5/tasks/drsr_s5_g0001/iaaccn27/__launcher__/logs/1_II.34.2_1_0.report.json,/home/family/workplace/scientific-intelligent-modelling/exp-planning/05.Core50噪声鲁棒性评测/results/remote_artifacts_20260504-183740/clean/core50_drsr_llmbudget_seed567_20260504-165500/iaaccn27/drsr/seed5/tasks/drsr_s5_g0001/iaaccn27/drsr/g0001_II.34.2_1_0/result.json
drsr,g0001,1,II.34.2_1_0,6,ok,True,3901.969,8.94621109638439e-15,9.328310349668096e-15,8.958862637784831e-15,4.634664812422981e-14,True,clean_seed567,0.0,core50_drsr_llmbudget_seed567_20260504-165500,iaaccn23,,/home/family/workplace/scientific-intelligent-modelling/exp-planning/05.Core50噪声鲁棒性评测/results/remote_artifacts_20260504-183740/clean/core50_drsr_llmbudget_seed567_20260504-165500/iaaccn23/drsr/seed6/tasks/drsr_s6_g0001/iaaccn23/__launcher__/logs/1_II.34.2_1_0.report.json,/home/family/workplace/scientific-intelligent-modelling/exp-planning/05.Core50噪声鲁棒性评测/results/remote_artifacts_20260504-183740/clean/core50_drsr_llmbudget_seed567_20260504-165500/iaaccn23/drsr/seed6/tasks/drsr_s6_g0001/iaaccn23/drsr/g0001_II.34.2_1_0/result.json
drsr,g0012,12,feynman_I_27_6,5,ok,True,3902.054,0.00250607471245484,0.002487246862894018,0.002517286502351275,0.041167773799160284,True,clean_seed567,0.0,core50_drsr_llmbudget_seed567_20260504-165500,iaaccn24,,/home/family/workplace/scientific-intelligent-modelling/exp-planning/05.Core50噪声鲁棒性评测/results/remote_artifacts_20260504-183740/clean/core50_drsr_llmbudget_seed567_20260504-165500/iaaccn24/drsr/seed5/tasks/drsr_s5_g0012/iaaccn24/__launcher__/logs/12_feynman_I_27_6.report.json,/home/family/workplace/scientific-intelligent-modelling/exp-planning/05.Core50噪声鲁棒性评测/results/remote_artifacts_20260504-183740/clean/core50_drsr_llmbudget_seed567_20260504-165500/iaaccn24/drsr/seed5/tasks/drsr_s5_g0012/iaaccn24/drsr/g0012_feynman_I_27_6/result.json
drsr,g0027,27,feynman_I_12_11,6,ok,True,3902.057,0.19895293677855555,0.1994397383585036,0.1967026498262723,0.5246767580920387,True,clean_seed567,0.0,core50_drsr_llmbudget_seed567_20260504-165500,iaaccn26,,/home/family/workplace/scientific-intelligent-modelling/exp-planning/05.Core50噪声鲁棒性评测/results/remote_artifacts_20260504-183740/clean/core50_drsr_llmbudget_seed567_20260504-165500/iaaccn26/drsr/seed6/tasks/drsr_s6_g0027/iaaccn26/__launcher__/logs/27_feynman_I_12_11.report.json,/home/family/workplace/scientific-intelligent-modelling/exp-planning/05.Core50噪声鲁棒性评测/results/remote_artifacts_20260504-183740/clean/core50_drsr_llmbudget_seed567_20260504-165500/iaaccn26/drsr/seed6/tasks/drsr_s6_g0027/iaaccn26/drsr/g0027_feynman_I_12_11/result.json
drsr,g0019,19,feynman-ii.34.2a,7,ok,True,3902.078,0.9982912814698278,0.9964433698763506,1.0133265013995996,1.000510522830067,True,clean_seed567,0.0,core50_drsr_llmbudget_seed567_20260504-165500,iaaccn51,,/home/family/workplace/scientific-intelligent-modelling/exp-planning/05.Core50噪声鲁棒性评测/results/remote_artifacts_20260504-183740/clean/core50_drsr_llmbudget_seed567_20260504-165500/iaaccn51/drsr/seed7/tasks/drsr_s7_g0019/iaaccn51/__launcher__/logs/19_feynman-ii.34.2a.report.json,/home/family/workplace/scientific-intelligent-modelling/exp-planning/05.Core50噪声鲁棒性评测/results/remote_artifacts_20260504-183740/clean/core50_drsr_llmbudget_seed567_20260504-165500/iaaccn51/drsr/seed7/tasks/drsr_s7_g0019/iaaccn51/drsr/g0019_feynman-ii.34.2a/result.json
drsr,g0014,14,feynman-ii.34.11,7,ok,True,3902.095,0.999999999999992,1.0000000000000544,0.9999999999999896,0.9999999999999992,True,clean_seed567,0.0,core50_drsr_llmbudget_seed567_20260504-165500,iaaccn51,,/home/family/workplace/scientific-intelligent-modelling/exp-planning/05.Core50噪声鲁棒性评测/results/remote_artifacts_20260504-183740/clean/core50_drsr_llmbudget_seed567_20260504-165500/iaaccn51/drsr/seed7/tasks/drsr_s7_g0014/iaaccn51/__launcher__/logs/14_feynman-ii.34.11.report.json,/home/family/workplace/scientific-intelligent-modelling/exp-planning/05.Core50噪声鲁棒性评测/results/remote_artifacts_20260504-183740/clean/core50_drsr_llmbudget_seed567_20260504-165500/iaaccn51/drsr/seed7/tasks/drsr_s7_g0014/iaaccn51/drsr/g0014_feynman-ii.34.11/result.json
drsr,g0021,21,feynman-i.39.22,5,ok,True,3902.167,0.9977053428873968,0.9993940212401822,0.9923982435758686,0.9999997317829875,True,clean_seed567,0.0,core50_drsr_llmbudget_seed567_20260504-165500,iaaccn25,,/home/family/workplace/scientific-intelligent-modelling/exp-planning/05.Core50噪声鲁棒性评测/results/remote_artifacts_20260504-183740/clean/core50_drsr_llmbudget_seed567_20260504-165500/iaaccn25/drsr/seed5/tasks/drsr_s5_g0021/iaaccn25/__launcher__/logs/21_feynman-i.39.22.report.json,/home/family/workplace/scientific-intelligent-modelling/exp-planning/05.Core50噪声鲁棒性评测/results/remote_artifacts_20260504-183740/clean/core50_drsr_llmbudget_seed567_20260504-165500/iaaccn25/drsr/seed5/tasks/drsr_s5_g0021/iaaccn25/drsr/g0021_feynman-i.39.22/result.json
drsr,g0015,15,III.21.20_3_0,5,ok,True,3902.193,0.10941541581712114,0.10124198615586241,0.11588511632008419,1.00609683670749,True,clean_seed567,0.0,core50_drsr_llmbudget_seed567_20260504-165500,iaaccn24,,/home/family/workplace/scientific-intelligent-modelling/exp-planning/05.Core50噪声鲁棒性评测/results/remote_artifacts_20260504-183740/clean/core50_drsr_llmbudget_seed567_20260504-165500/iaaccn24/drsr/seed5/tasks/drsr_s5_g0015/iaaccn24/__launcher__/logs/15_III.21.20_3_0.report.json,/home/family/workplace/scientific-intelligent-modelling/exp-planning/05.Core50噪声鲁棒性评测/results/remote_artifacts_20260504-183740/clean/core50_drsr_llmbudget_seed567_20260504-165500/iaaccn24/drsr/seed5/tasks/drsr_s5_g0015/iaaccn24/drsr/g0015_III.21.20_3_0/result.json
drsr,g0031,31,II.11.27_1_0,6,ok,True,3902.198,0.011620281894875817,0.023143406025868767,0.010976907713027584,0.1853252803431819,True,clean_seed567,0.0,core50_drsr_llmbudget_seed567_20260504-165500,iaaccn28,,/home/family/workplace/scientific-intelligent-modelling/exp-planning/05.Core50噪声鲁棒性评测/results/remote_artifacts_20260504-183740/clean/core50_drsr_llmbudget_seed567_20260504-165500/iaaccn28/drsr/seed6/tasks/drsr_s6_g0031/iaaccn28/__launcher__/logs/31_II.11.27_1_0.report.json,/home/family/workplace/scientific-intelligent-modelling/exp-planning/05.Core50噪声鲁棒性评测/results/remote_artifacts_20260504-183740/clean/core50_drsr_llmbudget_seed567_20260504-165500/iaaccn28/drsr/seed6/tasks/drsr_s6_g0031/iaaccn28/drsr/g0031_II.11.27_1_0/result.json
drsr,g0012,12,feynman_I_27_6,6,ok,True,3902.252,0.0022009955231467758,0.0021348848974661926,0.0022060546435370967,0.06701668408463374,True,clean_seed567,0.0,core50_drsr_llmbudget_seed567_20260504-165500,iaaccn48,,/home/family/workplace/scientific-intelligent-modelling/exp-planning/05.Core50噪声鲁棒性评测/results/remote_artifacts_20260504-183740/clean/core50_drsr_llmbudget_seed567_20260504-165500/iaaccn48/drsr/seed6/tasks/drsr_s6_g0012/iaaccn48/__launcher__/logs/12_feynman_I_27_6.report.json,/home/family/workplace/scientific-intelligent-modelling/exp-planning/05.Core50噪声鲁棒性评测/results/remote_artifacts_20260504-183740/clean/core50_drsr_llmbudget_seed567_20260504-165500/iaaccn48/drsr/seed6/tasks/drsr_s6_g0012/iaaccn48/drsr/g0012_feynman_I_27_6/result.json
drsr,g0042,42,feynman_test_15,5,ok,True,3902.254,0.0006258435915969172,0.0006389708398342053,0.0006421317468897734,0.007616365500404582,True,clean_seed567,0.0,core50_drsr_llmbudget_seed567_20260504-165500,iaaccn29,,/home/family/workplace/scientific-intelligent-modelling/exp-planning/05.Core50噪声鲁棒性评测/results/remote_artifacts_clean_retry_slim_20260504-193115/clean/core50_drsr_llmbudget_seed567_20260504-165500/iaaccn29/drsr/seed5/tasks/drsr_s5_g0042/iaaccn29/__launcher__/logs/42_feynman_test_15.report.json,/home/family/workplace/scientific-intelligent-modelling/exp-planning/05.Core50噪声鲁棒性评测/results/remote_artifacts_clean_retry_slim_20260504-193115/clean/core50_drsr_llmbudget_seed567_20260504-165500/iaaccn29/drsr/seed5/tasks/drsr_s5_g0042/iaaccn29/drsr/g0042_feynman_test_15/result.json
drsr,g0042,42,feynman_test_15,7,ok,True,3902.332,0.003339541896608555,0.003268722413029341,0.0032837504156911154,0.0496891641442012,True,clean_seed567,0.0,core50_drsr_llmbudget_seed567_20260504-165500,iaaccn24,,/home/family/workplace/scientific-intelligent-modelling/exp-planning/05.Core50噪声鲁棒性评测/results/remote_artifacts_20260504-183740/clean/core50_drsr_llmbudget_seed567_20260504-165500/iaaccn24/drsr/seed7/tasks/drsr_s7_g0042/iaaccn24/__launcher__/logs/42_feynman_test_15.report.json,/home/family/workplace/scientific-intelligent-modelling/exp-planning/05.Core50噪声鲁棒性评测/results/remote_artifacts_20260504-183740/clean/core50_drsr_llmbudget_seed567_20260504-165500/iaaccn24/drsr/seed7/tasks/drsr_s7_g0042/iaaccn24/drsr/g0042_feynman_test_15/result.json
drsr,g0027,27,feynman_I_12_11,7,ok,True,3902.348,0.10571941860037783,0.10507206247987316,0.10466973667331475,0.30854078399947693,True,clean_seed567,0.0,core50_drsr_llmbudget_seed567_20260504-165500,iaaccn50,,/home/family/workplace/scientific-intelligent-modelling/exp-planning/05.Core50噪声鲁棒性评测/results/remote_artifacts_20260504-183740/clean/core50_drsr_llmbudget_seed567_20260504-165500/iaaccn50/drsr/seed7/tasks/drsr_s7_g0027/iaaccn50/__launcher__/logs/27_feynman_I_12_11.report.json,/home/family/workplace/scientific-intelligent-modelling/exp-planning/05.Core50噪声鲁棒性评测/results/remote_artifacts_20260504-183740/clean/core50_drsr_llmbudget_seed567_20260504-165500/iaaccn50/drsr/seed7/tasks/drsr_s7_g0027/iaaccn50/drsr/g0027_feynman_I_12_11/result.json
drsr,g0001,1,II.34.2_1_0,7,ok,True,3902.365,2.5886052649950698e-15,2.6267697056842e-15,2.5624538054731037e-15,2.502037031119656e-19,True,clean_seed567,0.0,core50_drsr_llmbudget_seed567_20260504-165500,iaaccn53,,/home/family/workplace/scientific-intelligent-modelling/exp-planning/05.Core50噪声鲁棒性评测/results/remote_artifacts_clean_retry_slim_20260504-193115/clean/core50_drsr_llmbudget_seed567_20260504-165500/iaaccn53/drsr/seed7/tasks/drsr_s7_g0001/iaaccn53/__launcher__/logs/1_II.34.2_1_0.report.json,/home/family/workplace/scientific-intelligent-modelling/exp-planning/05.Core50噪声鲁棒性评测/results/remote_artifacts_clean_retry_slim_20260504-193115/clean/core50_drsr_llmbudget_seed567_20260504-165500/iaaccn53/drsr/seed7/tasks/drsr_s7_g0001/iaaccn53/drsr/g0001_II.34.2_1_0/result.json
drsr,g0031,31,II.11.27_1_0,5,ok,True,3902.393,0.9946142631686082,0.9750311231020807,0.9923855841631837,1.0017106538400038,True,clean_seed567,0.0,core50_drsr_llmbudget_seed567_20260504-165500,iaaccn49,,/home/family/workplace/scientific-intelligent-modelling/exp-planning/05.Core50噪声鲁棒性评测/results/remote_artifacts_20260504-183740/clean/core50_drsr_llmbudget_seed567_20260504-165500/iaaccn49/drsr/seed5/tasks/drsr_s5_g0031/iaaccn49/__launcher__/logs/31_II.11.27_1_0.report.json,/home/family/workplace/scientific-intelligent-modelling/exp-planning/05.Core50噪声鲁棒性评测/results/remote_artifacts_20260504-183740/clean/core50_drsr_llmbudget_seed567_20260504-165500/iaaccn49/drsr/seed5/tasks/drsr_s5_g0031/iaaccn49/drsr/g0031_II.11.27_1_0/result.json
drsr,g0031,31,II.11.27_1_0,7,ok,True,3902.483,0.9591362988902783,0.8615067217046823,0.947917339425827,1.6678791360455183,True,clean_seed567,0.0,core50_drsr_llmbudget_seed567_20260504-165500,iaaccn55,,/home/family/workplace/scientific-intelligent-modelling/exp-planning/05.Core50噪声鲁棒性评测/results/remote_artifacts_clean_retry_slim_20260504-193115/clean/core50_drsr_llmbudget_seed567_20260504-165500/iaaccn55/drsr/seed7/tasks/drsr_s7_g0031/iaaccn55/__launcher__/logs/31_II.11.27_1_0.report.json,/home/family/workplace/scientific-intelligent-modelling/exp-planning/05.Core50噪声鲁棒性评测/results/remote_artifacts_clean_retry_slim_20260504-193115/clean/core50_drsr_llmbudget_seed567_20260504-165500/iaaccn55/drsr/seed7/tasks/drsr_s7_g0031/iaaccn55/drsr/g0031_II.11.27_1_0/result.json
drsr,g0023,23,I.11.19_4_0,6,ok,True,3902.653,0.06192876775886547,0.06042432635034062,0.0625297952560448,0.27455956335245146,True,clean_seed567,0.0,core50_drsr_llmbudget_seed567_20260504-165500,iaaccn26,,/home/family/workplace/scientific-intelligent-modelling/exp-planning/05.Core50噪声鲁棒性评测/results/remote_artifacts_20260504-183740/clean/core50_drsr_llmbudget_seed567_20260504-165500/iaaccn26/drsr/seed6/tasks/drsr_s6_g0023/iaaccn26/__launcher__/logs/23_I.11.19_4_0.report.json,/home/family/workplace/scientific-intelligent-modelling/exp-planning/05.Core50噪声鲁棒性评测/results/remote_artifacts_20260504-183740/clean/core50_drsr_llmbudget_seed567_20260504-165500/iaaccn26/drsr/seed6/tasks/drsr_s6_g0023/iaaccn26/drsr/g0023_I.11.19_4_0/result.json
drsr,g0023,23,I.11.19_4_0,7,ok,True,3902.722,0.05915702219851184,0.057549047476167514,0.05976354865425182,0.26350726522562073,True,clean_seed567,0.0,core50_drsr_llmbudget_seed567_20260504-165500,iaaccn50,,/home/family/workplace/scientific-intelligent-modelling/exp-planning/05.Core50噪声鲁棒性评测/results/remote_artifacts_20260504-183740/clean/core50_drsr_llmbudget_seed567_20260504-165500/iaaccn50/drsr/seed7/tasks/drsr_s7_g0023/iaaccn50/__launcher__/logs/23_I.11.19_4_0.report.json,/home/family/workplace/scientific-intelligent-modelling/exp-planning/05.Core50噪声鲁棒性评测/results/remote_artifacts_20260504-183740/clean/core50_drsr_llmbudget_seed567_20260504-165500/iaaccn50/drsr/seed7/tasks/drsr_s7_g0023/iaaccn50/drsr/g0023_I.11.19_4_0/result.json
drsr,g0012,12,feynman_I_27_6,7,ok,True,3903.11,0.012888326016456191,0.013076433558909532,0.01293537945160321,0.04511101833436355,True,clean_seed567,0.0,core50_drsr_llmbudget_seed567_20260504-165500,iaaccn51,,/home/family/workplace/scientific-intelligent-modelling/exp-planning/05.Core50噪声鲁棒性评测/results/remote_artifacts_20260504-183740/clean/core50_drsr_llmbudget_seed567_20260504-165500/iaaccn51/drsr/seed7/tasks/drsr_s7_g0012/iaaccn51/__launcher__/logs/12_feynman_I_27_6.report.json,/home/family/workplace/scientific-intelligent-modelling/exp-planning/05.Core50噪声鲁棒性评测/results/remote_artifacts_20260504-183740/clean/core50_drsr_llmbudget_seed567_20260504-165500/iaaccn51/drsr/seed7/tasks/drsr_s7_g0012/iaaccn51/drsr/g0012_feynman_I_27_6/result.json
drsr,g0027,27,feynman_I_12_11,5,ok,True,3906.357,9.483139946922941e-25,9.217917455308716e-25,9.202773268679085e-25,2.5587136046760177e-24,True,clean_seed567,0.0,core50_drsr_llmbudget_seed567_20260504-165500,iaaccn25,,/home/family/workplace/scientific-intelligent-modelling/exp-planning/05.Core50噪声鲁棒性评测/results/remote_artifacts_20260504-183740/clean/core50_drsr_llmbudget_seed567_20260504-165500/iaaccn25/drsr/seed5/tasks/drsr_s5_g0027/iaaccn25/__launcher__/logs/27_feynman_I_12_11.report.json,/home/family/workplace/scientific-intelligent-modelling/exp-planning/05.Core50噪声鲁棒性评测/results/remote_artifacts_20260504-183740/clean/core50_drsr_llmbudget_seed567_20260504-165500/iaaccn25/drsr/seed5/tasks/drsr_s5_g0027/iaaccn25/drsr/g0027_feynman_I_12_11/result.json
drsr,g0023,23,I.11.19_4_0,5,ok,True,3908.236,0.041431806668536325,0.04084039267088684,0.04202506376631967,0.22185191136740245,True,clean_seed567,0.0,core50_drsr_llmbudget_seed567_20260504-165500,iaaccn25,,/home/family/workplace/scientific-intelligent-modelling/exp-planning/05.Core50噪声鲁棒性评测/results/remote_artifacts_20260504-183740/clean/core50_drsr_llmbudget_seed567_20260504-165500/iaaccn25/drsr/seed5/tasks/drsr_s5_g0023/iaaccn25/__launcher__/logs/23_I.11.19_4_0.report.json,/home/family/workplace/scientific-intelligent-modelling/exp-planning/05.Core50噪声鲁棒性评测/results/remote_artifacts_20260504-183740/clean/core50_drsr_llmbudget_seed567_20260504-165500/iaaccn25/drsr/seed5/tasks/drsr_s5_g0023/iaaccn25/drsr/g0023_I.11.19_4_0/result.json
