task_id,algorithm,dataset_id,seed,noise_tag,noise_sigma,status,runtime_seconds,has_result,has_progress,metrics_valid,artifact_valid,failure_class,reason
fepysr__seed520__clean__g0001,fepysr,g0001,520,clean,0,ok,3612.422,true,true,true,true,,
fepysr__seed520__clean__g0002,fepysr,g0002,520,clean,0,ok,3611.673,true,true,true,true,,
fepysr__seed520__clean__g0003,fepysr,g0003,520,clean,0,ok,3611.730,true,true,true,true,,
fepysr__seed520__clean__g0004,fepysr,g0004,520,clean,0,ok,3612.334,true,true,true,true,,
fepysr__seed520__clean__g0005,fepysr,g0005,520,clean,0,ok,3612.673,true,true,true,true,,
fepysr__seed520__clean__g0006,fepysr,g0006,520,clean,0,ok,3612.390,true,true,true,true,,
fepysr__seed520__clean__g0007,fepysr,g0007,520,clean,0,ok,3604.564,true,true,true,true,,
fepysr__seed520__clean__g0008,fepysr,g0008,520,clean,0,ok,3611.279,true,true,true,true,,
fepysr__seed520__clean__g0009,fepysr,g0009,520,clean,0,ok,3611.809,true,true,true,true,,
fepysr__seed520__clean__g0010,fepysr,g0010,520,clean,0,ok,3611.629,true,true,true,true,,
fepysr__seed520__clean__g0011,fepysr,g0011,520,clean,0,ok,3624.886,true,true,true,true,,
fepysr__seed520__clean__g0012,fepysr,g0012,520,clean,0,ok,3612.869,true,true,true,true,,
fepysr__seed520__clean__g0013,fepysr,g0013,520,clean,0,ok,3611.631,true,true,true,true,,
fepysr__seed520__clean__g0014,fepysr,g0014,520,clean,0,ok,3612.078,true,true,true,true,,
fepysr__seed520__clean__g0015,fepysr,g0015,520,clean,0,ok,3612.861,true,true,true,true,,
fepysr__seed520__clean__g0016,fepysr,g0016,520,clean,0,ok,3612.587,true,true,true,true,,
fepysr__seed520__clean__g0017,fepysr,g0017,520,clean,0,ok,3664.774,true,true,true,true,,
fepysr__seed520__clean__g0018,fepysr,g0018,520,clean,0,ok,3612.134,true,true,true,true,,
fepysr__seed520__clean__g0019,fepysr,g0019,520,clean,0,ok,3612.649,true,true,true,true,,
fepysr__seed520__clean__g0020,fepysr,g0020,520,clean,0,ok,3611.960,true,true,true,true,,
fepysr__seed520__clean__g0021,fepysr,g0021,520,clean,0,ok,3612.461,true,true,true,true,,
fepysr__seed520__clean__g0022,fepysr,g0022,520,clean,0,ok,3611.864,true,true,true,true,,
fepysr__seed520__clean__g0023,fepysr,g0023,520,clean,0,ok,3611.426,true,true,true,true,,
fepysr__seed520__clean__g0024,fepysr,g0024,520,clean,0,ok,3613.415,true,true,true,true,,
fepysr__seed520__clean__g0025,fepysr,g0025,520,clean,0,ok,3656.812,true,true,true,true,,
fepysr__seed520__clean__g0026,fepysr,g0026,520,clean,0,ok,3611.688,true,true,true,true,,
fepysr__seed520__clean__g0027,fepysr,g0027,520,clean,0,ok,3612.304,true,true,true,true,,
fepysr__seed520__clean__g0028,fepysr,g0028,520,clean,0,ok,3612.393,true,true,true,true,,
fepysr__seed520__clean__g0029,fepysr,g0029,520,clean,0,ok,3611.983,true,true,true,true,,
fepysr__seed520__clean__g0030,fepysr,g0030,520,clean,0,ok,3611.897,true,true,true,true,,
fepysr__seed520__clean__g0031,fepysr,g0031,520,clean,0,ok,3611.681,true,true,true,true,,
fepysr__seed520__clean__g0032,fepysr,g0032,520,clean,0,ok,3611.186,true,true,true,true,,
fepysr__seed520__clean__g0033,fepysr,g0033,520,clean,0,ok,3606.907,true,true,true,true,,
fepysr__seed520__clean__g0034,fepysr,g0034,520,clean,0,ok,3611.626,true,true,true,true,,
fepysr__seed520__clean__g0035,fepysr,g0035,520,clean,0,ok,3612.843,true,true,true,true,,
fepysr__seed520__clean__g0036,fepysr,g0036,520,clean,0,ok,3611.481,true,true,true,true,,
fepysr__seed520__clean__g0037,fepysr,g0037,520,clean,0,ok,3623.438,true,true,true,true,,
fepysr__seed520__clean__g0038,fepysr,g0038,520,clean,0,ok,3610.690,true,true,true,true,,
fepysr__seed520__clean__g0039,fepysr,g0039,520,clean,0,ok,3611.090,true,true,true,true,,
fepysr__seed520__clean__g0040,fepysr,g0040,520,clean,0,ok,3633.188,true,true,true,true,,
fepysr__seed520__clean__g0041,fepysr,g0041,520,clean,0,ok,3611.420,true,true,true,true,,
fepysr__seed520__clean__g0042,fepysr,g0042,520,clean,0,ok,3611.135,true,true,true,true,,
fepysr__seed520__clean__g0043,fepysr,g0043,520,clean,0,ok,3613.731,true,true,true,true,,
fepysr__seed520__clean__g0044,fepysr,g0044,520,clean,0,ok,3613.419,true,true,true,true,,
fepysr__seed520__clean__g0045,fepysr,g0045,520,clean,0,ok,3613.470,true,true,true,true,,
fepysr__seed520__clean__g0046,fepysr,g0046,520,clean,0,ok,3630.634,true,true,true,true,,
fepysr__seed520__clean__g0047,fepysr,g0047,520,clean,0,ok,3645.200,true,true,true,true,,
fepysr__seed520__clean__g0048,fepysr,g0048,520,clean,0,ok,3614.011,true,true,true,true,,
fepysr__seed520__clean__g0049,fepysr,g0049,520,clean,0,ok,3612.744,true,true,true,true,,
fepysr__seed520__clean__g0050,fepysr,g0050,520,clean,0,ok,3613.685,true,true,true,true,,
fepysr__seed520__clean__g0051,fepysr,g0051,520,clean,0,ok,3613.742,true,true,true,true,,
fepysr__seed520__clean__g0052,fepysr,g0052,520,clean,0,ok,3612.575,true,true,true,true,,
fepysr__seed520__clean__g0053,fepysr,g0053,520,clean,0,ok,3613.741,true,true,true,true,,
fepysr__seed520__clean__g0054,fepysr,g0054,520,clean,0,ok,3614.780,true,true,true,true,,
fepysr__seed520__clean__g0055,fepysr,g0055,520,clean,0,ok,3613.519,true,true,true,true,,
fepysr__seed520__clean__g0056,fepysr,g0056,520,clean,0,ok,3615.665,true,true,true,true,,
fepysr__seed520__clean__g0057,fepysr,g0057,520,clean,0,ok,3614.317,true,true,true,true,,
fepysr__seed520__clean__g0058,fepysr,g0058,520,clean,0,ok,3614.334,true,true,true,true,,
fepysr__seed520__clean__g0059,fepysr,g0059,520,clean,0,ok,3728.757,true,true,true,true,,
fepysr__seed520__clean__g0060,fepysr,g0060,520,clean,0,ok,3614.766,true,true,true,true,,
fepysr__seed520__clean__g0061,fepysr,g0061,520,clean,0,ok,3617.176,true,true,true,true,,
fepysr__seed520__clean__g0062,fepysr,g0062,520,clean,0,ok,3621.061,true,true,true,true,,
fepysr__seed520__clean__g0063,fepysr,g0063,520,clean,0,ok,3620.020,true,true,true,true,,
fepysr__seed520__clean__g0064,fepysr,g0064,520,clean,0,ok,3619.152,true,true,true,true,,
fepysr__seed520__clean__g0065,fepysr,g0065,520,clean,0,ok,3619.531,true,true,true,true,,
fepysr__seed520__clean__g0066,fepysr,g0066,520,clean,0,ok,3622.057,true,true,true,true,,
fepysr__seed520__clean__g0067,fepysr,g0067,520,clean,0,ok,3622.295,true,true,true,true,,
fepysr__seed520__clean__g0068,fepysr,g0068,520,clean,0,ok,3618.299,true,true,true,true,,
fepysr__seed520__clean__g0069,fepysr,g0069,520,clean,0,ok,3617.800,true,true,true,true,,
fepysr__seed520__clean__g0070,fepysr,g0070,520,clean,0,ok,3621.180,true,true,true,true,,
fepysr__seed520__clean__g0071,fepysr,g0071,520,clean,0,ok,3618.151,true,true,true,true,,
fepysr__seed520__clean__g0072,fepysr,g0072,520,clean,0,ok,3618.794,true,true,true,true,,
fepysr__seed520__clean__g0073,fepysr,g0073,520,clean,0,ok,3652.696,true,true,true,true,,
fepysr__seed520__clean__g0074,fepysr,g0074,520,clean,0,ok,3620.383,true,true,true,true,,
fepysr__seed520__clean__g0075,fepysr,g0075,520,clean,0,ok,3617.269,true,true,true,true,,
fepysr__seed520__clean__g0076,fepysr,g0076,520,clean,0,ok,3617.708,true,true,true,true,,
fepysr__seed520__clean__g0077,fepysr,g0077,520,clean,0,ok,3616.571,true,true,true,true,,
fepysr__seed520__clean__g0078,fepysr,g0078,520,clean,0,ok,3671.225,true,true,true,true,,
fepysr__seed520__clean__g0079,fepysr,g0079,520,clean,0,ok,3727.337,true,true,true,true,,
fepysr__seed520__clean__g0080,fepysr,g0080,520,clean,0,ok,3618.417,true,true,true,true,,
fepysr__seed520__clean__g0081,fepysr,g0081,520,clean,0,ok,3620.215,true,true,true,true,,
fepysr__seed520__clean__g0082,fepysr,g0082,520,clean,0,ok,3617.621,true,true,true,true,,
fepysr__seed520__clean__g0083,fepysr,g0083,520,clean,0,ok,3620.974,true,true,true,true,,
fepysr__seed520__clean__g0084,fepysr,g0084,520,clean,0,ok,3621.609,true,true,true,true,,
fepysr__seed520__clean__g0085,fepysr,g0085,520,clean,0,ok,3618.279,true,true,true,true,,
fepysr__seed520__clean__g0086,fepysr,g0086,520,clean,0,ok,3618.415,true,true,true,true,,
fepysr__seed520__clean__g0087,fepysr,g0087,520,clean,0,ok,3616.568,true,true,true,true,,
fepysr__seed520__clean__g0088,fepysr,g0088,520,clean,0,ok,3621.799,true,true,true,true,,
fepysr__seed520__clean__g0089,fepysr,g0089,520,clean,0,ok,3702.800,true,true,true,true,,
fepysr__seed520__clean__g0090,fepysr,g0090,520,clean,0,ok,3712.694,true,true,true,true,,
fepysr__seed520__clean__g0091,fepysr,g0091,520,clean,0,ok,3617.034,true,true,true,true,,
fepysr__seed520__clean__g0092,fepysr,g0092,520,clean,0,ok,3618.216,true,true,true,true,,
fepysr__seed520__clean__g0093,fepysr,g0093,520,clean,0,ok,3618.221,true,true,true,true,,
fepysr__seed520__clean__g0094,fepysr,g0094,520,clean,0,ok,3617.885,true,true,true,true,,
fepysr__seed520__clean__g0095,fepysr,g0095,520,clean,0,ok,3617.537,true,true,true,true,,
fepysr__seed520__clean__g0096,fepysr,g0096,520,clean,0,ok,3616.135,true,true,true,true,,
fepysr__seed520__clean__g0097,fepysr,g0097,520,clean,0,ok,3618.506,true,true,true,true,,
fepysr__seed520__clean__g0098,fepysr,g0098,520,clean,0,ok,3618.946,true,true,true,true,,
fepysr__seed520__clean__g0099,fepysr,g0099,520,clean,0,ok,3617.245,true,true,true,true,,
fepysr__seed520__clean__g0100,fepysr,g0100,520,clean,0,ok,3617.620,true,true,true,true,,
fepysr__seed520__clean__g0101,fepysr,g0101,520,clean,0,ok,3622.946,true,true,true,true,,
fepysr__seed520__clean__g0102,fepysr,g0102,520,clean,0,ok,3700.459,true,true,true,true,,
fepysr__seed520__clean__g0103,fepysr,g0103,520,clean,0,ok,3704.619,true,true,true,true,,
fepysr__seed520__clean__g0104,fepysr,g0104,520,clean,0,ok,3613.879,true,true,true,true,,
fepysr__seed520__clean__g0105,fepysr,g0105,520,clean,0,ok,3614.964,true,true,true,true,,
fepysr__seed520__clean__g0106,fepysr,g0106,520,clean,0,ok,3615.661,true,true,true,true,,
fepysr__seed520__clean__g0107,fepysr,g0107,520,clean,0,ok,3613.269,true,true,true,true,,
fepysr__seed520__clean__g0108,fepysr,g0108,520,clean,0,ok,3617.111,true,true,true,true,,
fepysr__seed520__clean__g0109,fepysr,g0109,520,clean,0,ok,3618.017,true,true,true,true,,
fepysr__seed520__clean__g0110,fepysr,g0110,520,clean,0,ok,3618.804,true,true,true,true,,
fepysr__seed520__clean__g0111,fepysr,g0111,520,clean,0,ok,3616.209,true,true,true,true,,
fepysr__seed520__clean__g0112,fepysr,g0112,520,clean,0,ok,3615.989,true,true,true,true,,
fepysr__seed520__clean__g0113,fepysr,g0113,520,clean,0,ok,3618.630,true,true,true,true,,
fepysr__seed520__clean__g0114,fepysr,g0114,520,clean,0,ok,3616.868,true,true,true,true,,
fepysr__seed520__clean__g0115,fepysr,g0115,520,clean,0,ok,3649.095,true,true,true,true,,
fepysr__seed520__clean__g0116,fepysr,g0116,520,clean,0,ok,3615.364,true,true,true,true,,
fepysr__seed520__clean__g0117,fepysr,g0117,520,clean,0,ok,3617.295,true,true,true,true,,
fepysr__seed520__clean__g0118,fepysr,g0118,520,clean,0,ok,3616.993,true,true,true,true,,
fepysr__seed520__clean__g0119,fepysr,g0119,520,clean,0,ok,3615.580,true,true,true,true,,
fepysr__seed520__clean__g0120,fepysr,g0120,520,clean,0,ok,3614.806,true,true,true,true,,
fepysr__seed520__clean__g0121,fepysr,g0121,520,clean,0,ok,3613.047,true,true,true,true,,
fepysr__seed520__clean__g0122,fepysr,g0122,520,clean,0,ok,3634.054,true,true,true,true,,
fepysr__seed520__clean__g0123,fepysr,g0123,520,clean,0,ok,3659.819,true,true,true,true,,
fepysr__seed520__clean__g0124,fepysr,g0124,520,clean,0,ok,3613.944,true,true,true,true,,
fepysr__seed520__clean__g0125,fepysr,g0125,520,clean,0,ok,3616.508,true,true,true,true,,
fepysr__seed520__clean__g0126,fepysr,g0126,520,clean,0,ok,3616.218,true,true,true,true,,
fepysr__seed520__clean__g0127,fepysr,g0127,520,clean,0,ok,3618.532,true,true,true,true,,
fepysr__seed520__clean__g0128,fepysr,g0128,520,clean,0,ok,3620.480,true,true,true,true,,
fepysr__seed520__clean__g0129,fepysr,g0129,520,clean,0,ok,3621.571,true,true,true,true,,
fepysr__seed520__clean__g0130,fepysr,g0130,520,clean,0,ok,3618.098,true,true,true,true,,
fepysr__seed520__clean__g0131,fepysr,g0131,520,clean,0,ok,3616.985,true,true,true,true,,
fepysr__seed520__clean__g0132,fepysr,g0132,520,clean,0,ok,3615.296,true,true,true,true,,
fepysr__seed520__clean__g0133,fepysr,g0133,520,clean,0,ok,3615.135,true,true,true,true,,
fepysr__seed520__clean__g0134,fepysr,g0134,520,clean,0,ok,3617.530,true,true,true,true,,
fepysr__seed520__clean__g0135,fepysr,g0135,520,clean,0,ok,3615.781,true,true,true,true,,
fepysr__seed520__clean__g0136,fepysr,g0136,520,clean,0,ok,3621.652,true,true,true,true,,
fepysr__seed520__clean__g0137,fepysr,g0137,520,clean,0,ok,3619.753,true,true,true,true,,
fepysr__seed520__clean__g0138,fepysr,g0138,520,clean,0,ok,3618.656,true,true,true,true,,
fepysr__seed520__clean__g0139,fepysr,g0139,520,clean,0,ok,3620.277,true,true,true,true,,
fepysr__seed520__clean__g0140,fepysr,g0140,520,clean,0,ok,3621.122,true,true,true,true,,
fepysr__seed520__clean__g0141,fepysr,g0141,520,clean,0,ok,3619.014,true,true,true,true,,
fepysr__seed520__clean__g0142,fepysr,g0142,520,clean,0,ok,3615.679,true,true,true,true,,
fepysr__seed520__clean__g0143,fepysr,g0143,520,clean,0,ok,3616.132,true,true,true,true,,
fepysr__seed520__clean__g0144,fepysr,g0144,520,clean,0,ok,3614.956,true,true,true,true,,
fepysr__seed520__clean__g0145,fepysr,g0145,520,clean,0,ok,3618.683,true,true,true,true,,
fepysr__seed520__clean__g0146,fepysr,g0146,520,clean,0,ok,3619.099,true,true,true,true,,
fepysr__seed520__clean__g0147,fepysr,g0147,520,clean,0,ok,3616.523,true,true,true,true,,
fepysr__seed520__clean__g0148,fepysr,g0148,520,clean,0,ok,3616.710,true,true,true,true,,
fepysr__seed520__clean__g0149,fepysr,g0149,520,clean,0,ok,3640.797,true,true,true,true,,
fepysr__seed520__clean__g0150,fepysr,g0150,520,clean,0,ok,3615.669,true,true,true,true,,
fepysr__seed520__clean__g0151,fepysr,g0151,520,clean,0,ok,3613.734,true,true,true,true,,
fepysr__seed520__clean__g0152,fepysr,g0152,520,clean,0,ok,3615.594,true,true,true,true,,
fepysr__seed520__clean__g0153,fepysr,g0153,520,clean,0,ok,3614.570,true,true,true,true,,
fepysr__seed520__clean__g0154,fepysr,g0154,520,clean,0,ok,3614.739,true,true,true,true,,
fepysr__seed520__clean__g0155,fepysr,g0155,520,clean,0,ok,3613.709,true,true,true,true,,
fepysr__seed520__clean__g0156,fepysr,g0156,520,clean,0,ok,3613.570,true,true,true,true,,
fepysr__seed520__clean__g0157,fepysr,g0157,520,clean,0,ok,3616.521,true,true,true,true,,
fepysr__seed520__clean__g0158,fepysr,g0158,520,clean,0,ok,3642.923,true,true,true,true,,
fepysr__seed520__clean__g0159,fepysr,g0159,520,clean,0,ok,3644.333,true,true,true,true,,
fepysr__seed520__clean__g0160,fepysr,g0160,520,clean,0,ok,3614.038,true,true,true,true,,
fepysr__seed520__clean__g0161,fepysr,g0161,520,clean,0,ok,3613.156,true,true,true,true,,
fepysr__seed520__clean__g0162,fepysr,g0162,520,clean,0,ok,3614.661,true,true,true,true,,
fepysr__seed520__clean__g0163,fepysr,g0163,520,clean,0,ok,3613.945,true,true,true,true,,
fepysr__seed520__clean__g0164,fepysr,g0164,520,clean,0,ok,3615.070,true,true,true,true,,
fepysr__seed520__clean__g0165,fepysr,g0165,520,clean,0,ok,3616.355,true,true,true,true,,
fepysr__seed520__clean__g0166,fepysr,g0166,520,clean,0,ok,3616.364,true,true,true,true,,
fepysr__seed520__clean__g0167,fepysr,g0167,520,clean,0,ok,3615.018,true,true,true,true,,
fepysr__seed520__clean__g0168,fepysr,g0168,520,clean,0,ok,3616.063,true,true,true,true,,
fepysr__seed520__clean__g0169,fepysr,g0169,520,clean,0,ok,3616.514,true,true,true,true,,
fepysr__seed520__clean__g0170,fepysr,g0170,520,clean,0,ok,3617.760,true,true,true,true,,
fepysr__seed520__clean__g0171,fepysr,g0171,520,clean,0,ok,3617.937,true,true,true,true,,
fepysr__seed520__clean__g0172,fepysr,g0172,520,clean,0,ok,3610.595,true,true,true,true,,
fepysr__seed520__clean__g0173,fepysr,g0173,520,clean,0,ok,3610.574,true,true,true,true,,
fepysr__seed520__clean__g0174,fepysr,g0174,520,clean,0,ok,3610.724,true,true,true,true,,
fepysr__seed520__clean__g0175,fepysr,g0175,520,clean,0,ok,3630.051,true,true,true,true,,
fepysr__seed520__clean__g0176,fepysr,g0176,520,clean,0,ok,3622.644,true,true,true,true,,
fepysr__seed520__clean__g0177,fepysr,g0177,520,clean,0,ok,3629.711,true,true,true,true,,
fepysr__seed520__clean__g0178,fepysr,g0178,520,clean,0,ok,3611.702,true,true,true,true,,
fepysr__seed520__clean__g0179,fepysr,g0179,520,clean,0,ok,3611.007,true,true,true,true,,
fepysr__seed520__clean__g0180,fepysr,g0180,520,clean,0,ok,3611.476,true,true,true,true,,
fepysr__seed520__clean__g0181,fepysr,g0181,520,clean,0,ok,3611.306,true,true,true,true,,
fepysr__seed520__clean__g0182,fepysr,g0182,520,clean,0,ok,3611.193,true,true,true,true,,
fepysr__seed520__clean__g0183,fepysr,g0183,520,clean,0,ok,3611.697,true,true,true,true,,
fepysr__seed520__clean__g0184,fepysr,g0184,520,clean,0,ok,3611.956,true,true,true,true,,
fepysr__seed520__clean__g0185,fepysr,g0185,520,clean,0,ok,3611.335,true,true,true,true,,
fepysr__seed520__clean__g0186,fepysr,g0186,520,clean,0,ok,3611.225,true,true,true,true,,
fepysr__seed520__clean__g0187,fepysr,g0187,520,clean,0,ok,3611.126,true,true,true,true,,
fepysr__seed520__clean__g0188,fepysr,g0188,520,clean,0,ok,3612.335,true,true,true,true,,
fepysr__seed520__clean__g0189,fepysr,g0189,520,clean,0,ok,3611.560,true,true,true,true,,
fepysr__seed520__clean__g0190,fepysr,g0190,520,clean,0,ok,3611.439,true,true,true,true,,
fepysr__seed520__clean__g0191,fepysr,g0191,520,clean,0,ok,3612.214,true,true,true,true,,
fepysr__seed520__clean__g0192,fepysr,g0192,520,clean,0,ok,3611.714,true,true,true,true,,
fepysr__seed520__clean__g0193,fepysr,g0193,520,clean,0,ok,3611.721,true,true,true,true,,
fepysr__seed520__clean__g0194,fepysr,g0194,520,clean,0,ok,3611.544,true,true,true,true,,
fepysr__seed520__clean__g0195,fepysr,g0195,520,clean,0,ok,3612.264,true,true,true,true,,
fepysr__seed520__clean__g0196,fepysr,g0196,520,clean,0,ok,3612.227,true,true,true,true,,
fepysr__seed520__clean__g0197,fepysr,g0197,520,clean,0,ok,3611.971,true,true,true,true,,
fepysr__seed520__clean__g0198,fepysr,g0198,520,clean,0,ok,3612.051,true,true,true,true,,
fepysr__seed520__clean__g0199,fepysr,g0199,520,clean,0,ok,3612.429,true,true,true,true,,
fepysr__seed520__clean__g0200,fepysr,g0200,520,clean,0,ok,3612.327,true,true,true,true,,
fepysr__seed520__clean__g0201,fepysr,g0201,520,clean,0,ok,3612.124,true,true,true,true,,
fepysr__seed520__clean__g0202,fepysr,g0202,520,clean,0,ok,3711.912,true,true,true,true,,
fepysr__seed520__clean__g0203,fepysr,g0203,520,clean,0,ok,3612.366,true,true,true,true,,
fepysr__seed520__clean__g0204,fepysr,g0204,520,clean,0,ok,3612.605,true,true,true,true,,
fepysr__seed520__clean__g0205,fepysr,g0205,520,clean,0,ok,3627.333,true,true,true,true,,
fepysr__seed520__clean__g0206,fepysr,g0206,520,clean,0,ok,3698.721,true,true,true,true,,
fepysr__seed520__clean__g0207,fepysr,g0207,520,clean,0,ok,3612.340,true,true,true,true,,
fepysr__seed520__clean__g0208,fepysr,g0208,520,clean,0,ok,3611.880,true,true,true,true,,
fepysr__seed520__clean__g0209,fepysr,g0209,520,clean,0,ok,3611.819,true,true,true,true,,
fepysr__seed520__clean__g0210,fepysr,g0210,520,clean,0,ok,3611.330,true,true,true,true,,
fepysr__seed520__clean__g0211,fepysr,g0211,520,clean,0,ok,3612.595,true,true,true,true,,
fepysr__seed520__clean__g0212,fepysr,g0212,520,clean,0,ok,3611.777,true,true,true,true,,
fepysr__seed520__clean__g0213,fepysr,g0213,520,clean,0,ok,3612.037,true,true,true,true,,
fepysr__seed520__clean__g0214,fepysr,g0214,520,clean,0,ok,3612.080,true,true,true,true,,
fepysr__seed520__clean__g0215,fepysr,g0215,520,clean,0,ok,3612.057,true,true,true,true,,
fepysr__seed520__clean__g0216,fepysr,g0216,520,clean,0,ok,3612.096,true,true,true,true,,
fepysr__seed520__clean__g0217,fepysr,g0217,520,clean,0,ok,3663.509,true,true,true,true,,
fepysr__seed520__clean__g0218,fepysr,g0218,520,clean,0,ok,3627.498,true,true,true,true,,
fepysr__seed520__clean__g0219,fepysr,g0219,520,clean,0,ok,3611.314,true,true,true,true,,
fepysr__seed520__clean__g0220,fepysr,g0220,520,clean,0,ok,3612.265,true,true,true,true,,
fepysr__seed520__clean__g0221,fepysr,g0221,520,clean,0,ok,3611.742,true,true,true,true,,
fepysr__seed520__clean__g0222,fepysr,g0222,520,clean,0,ok,3665.112,true,true,true,true,,
fepysr__seed520__clean__g0223,fepysr,g0223,520,clean,0,ok,3667.792,true,true,true,true,,
fepysr__seed520__clean__g0224,fepysr,g0224,520,clean,0,ok,3611.632,true,true,true,true,,
fepysr__seed520__clean__g0225,fepysr,g0225,520,clean,0,ok,3611.427,true,true,true,true,,
fepysr__seed520__clean__g0226,fepysr,g0226,520,clean,0,ok,3611.652,true,true,true,true,,
fepysr__seed520__clean__g0227,fepysr,g0227,520,clean,0,ok,3611.328,true,true,true,true,,
fepysr__seed520__clean__g0228,fepysr,g0228,520,clean,0,ok,3611.049,true,true,true,true,,
fepysr__seed520__clean__g0229,fepysr,g0229,520,clean,0,ok,3649.374,true,true,true,true,,
fepysr__seed520__clean__g0230,fepysr,g0230,520,clean,0,ok,3612.767,true,true,true,true,,
fepysr__seed520__clean__g0231,fepysr,g0231,520,clean,0,ok,3610.998,true,true,true,true,,
fepysr__seed520__clean__g0232,fepysr,g0232,520,clean,0,ok,3611.766,true,true,true,true,,
fepysr__seed520__clean__g0233,fepysr,g0233,520,clean,0,ok,3626.370,true,true,true,true,,
fepysr__seed520__clean__g0234,fepysr,g0234,520,clean,0,ok,3629.026,true,true,true,true,,
fepysr__seed520__clean__g0235,fepysr,g0235,520,clean,0,ok,3611.758,true,true,true,true,,
fepysr__seed520__clean__g0236,fepysr,g0236,520,clean,0,ok,3604.701,true,true,true,true,,
fepysr__seed520__clean__g0237,fepysr,g0237,520,clean,0,ok,3628.061,true,true,true,true,,
fepysr__seed520__clean__g0238,fepysr,g0238,520,clean,0,ok,3611.113,true,true,true,true,,
fepysr__seed520__clean__g0239,fepysr,g0239,520,clean,0,ok,3612.162,true,true,true,true,,
fepysr__seed520__clean__g0240,fepysr,g0240,520,clean,0,ok,3619.649,true,true,true,true,,
fepysr__seed520__clean__g0241,fepysr,g0241,520,clean,0,ok,3611.407,true,true,true,true,,
fepysr__seed520__clean__g0242,fepysr,g0242,520,clean,0,ok,3611.185,true,true,true,true,,
fepysr__seed520__clean__g0243,fepysr,g0243,520,clean,0,ok,3611.799,true,true,true,true,,
fepysr__seed520__clean__g0244,fepysr,g0244,520,clean,0,ok,3611.869,true,true,true,true,,
fepysr__seed520__clean__g0245,fepysr,g0245,520,clean,0,ok,3611.885,true,true,true,true,,
fepysr__seed520__clean__g0246,fepysr,g0246,520,clean,0,ok,3611.790,true,true,true,true,,
fepysr__seed520__clean__g0247,fepysr,g0247,520,clean,0,ok,3612.728,true,true,true,true,,
fepysr__seed520__clean__g0248,fepysr,g0248,520,clean,0,ok,3611.899,true,true,true,true,,
fepysr__seed520__clean__g0249,fepysr,g0249,520,clean,0,ok,3612.714,true,true,true,true,,
fepysr__seed520__clean__g0250,fepysr,g0250,520,clean,0,ok,3627.321,true,true,true,true,,
fepysr__seed520__clean__g0251,fepysr,g0251,520,clean,0,ok,3613.919,true,true,true,true,,
fepysr__seed520__clean__g0252,fepysr,g0252,520,clean,0,ok,3612.374,true,true,true,true,,
fepysr__seed520__clean__g0253,fepysr,g0253,520,clean,0,ok,3676.347,true,true,true,true,,
fepysr__seed520__clean__g0254,fepysr,g0254,520,clean,0,ok,3697.003,true,true,true,true,,
fepysr__seed520__clean__g0255,fepysr,g0255,520,clean,0,ok,3612.668,true,true,true,true,,
fepysr__seed520__clean__g0256,fepysr,g0256,520,clean,0,ok,3659.626,true,true,true,true,,
fepysr__seed520__clean__g0257,fepysr,g0257,520,clean,0,ok,3612.685,true,true,true,true,,
fepysr__seed520__clean__g0258,fepysr,g0258,520,clean,0,ok,3614.045,true,true,true,true,,
fepysr__seed520__clean__g0259,fepysr,g0259,520,clean,0,ok,3612.437,true,true,true,true,,
fepysr__seed520__clean__g0260,fepysr,g0260,520,clean,0,ok,3611.355,true,true,true,true,,
fepysr__seed520__clean__g0261,fepysr,g0261,520,clean,0,ok,3612.839,true,true,true,true,,
fepysr__seed520__clean__g0262,fepysr,g0262,520,clean,0,ok,3624.665,true,true,true,true,,
fepysr__seed520__clean__g0263,fepysr,g0263,520,clean,0,ok,3611.811,true,true,true,true,,
fepysr__seed520__clean__g0264,fepysr,g0264,520,clean,0,ok,3612.962,true,true,true,true,,
fepysr__seed520__clean__g0265,fepysr,g0265,520,clean,0,ok,3613.037,true,true,true,true,,
fepysr__seed520__clean__g0266,fepysr,g0266,520,clean,0,ok,3612.484,true,true,true,true,,
fepysr__seed520__clean__g0267,fepysr,g0267,520,clean,0,ok,3610.715,true,true,true,true,,
fepysr__seed520__clean__g0268,fepysr,g0268,520,clean,0,ok,3611.217,true,true,true,true,,
fepysr__seed520__clean__g0269,fepysr,g0269,520,clean,0,ok,3612.411,true,true,true,true,,
fepysr__seed520__clean__g0270,fepysr,g0270,520,clean,0,ok,3611.525,true,true,true,true,,
fepysr__seed520__clean__g0271,fepysr,g0271,520,clean,0,ok,3612.727,true,true,true,true,,
fepysr__seed520__clean__g0272,fepysr,g0272,520,clean,0,ok,3612.301,true,true,true,true,,
fepysr__seed520__clean__g0273,fepysr,g0273,520,clean,0,ok,3611.913,true,true,true,true,,
fepysr__seed520__clean__g0274,fepysr,g0274,520,clean,0,ok,3611.951,true,true,true,true,,
fepysr__seed520__clean__g0275,fepysr,g0275,520,clean,0,ok,3612.927,true,true,true,true,,
fepysr__seed520__clean__g0276,fepysr,g0276,520,clean,0,ok,3612.054,true,true,true,true,,
fepysr__seed520__clean__g0277,fepysr,g0277,520,clean,0,ok,3613.126,true,true,true,true,,
fepysr__seed520__clean__g0278,fepysr,g0278,520,clean,0,ok,3613.162,true,true,true,true,,
fepysr__seed520__clean__g0279,fepysr,g0279,520,clean,0,ok,3613.659,true,true,true,true,,
fepysr__seed520__clean__g0280,fepysr,g0280,520,clean,0,ok,3613.151,true,true,true,true,,
fepysr__seed520__clean__g0281,fepysr,g0281,520,clean,0,ok,3613.408,true,true,true,true,,
fepysr__seed520__clean__g0282,fepysr,g0282,520,clean,0,ok,3612.228,true,true,true,true,,
fepysr__seed520__clean__g0283,fepysr,g0283,520,clean,0,ok,3613.835,true,true,true,true,,
fepysr__seed520__clean__g0284,fepysr,g0284,520,clean,0,ok,3613.557,true,true,true,true,,
fepysr__seed520__clean__g0285,fepysr,g0285,520,clean,0,ok,3684.628,true,true,true,true,,
fepysr__seed520__clean__g0286,fepysr,g0286,520,clean,0,ok,3693.487,true,true,true,true,,
fepysr__seed520__clean__g0287,fepysr,g0287,520,clean,0,ok,3611.423,true,true,true,true,,
fepysr__seed520__clean__g0288,fepysr,g0288,520,clean,0,ok,3613.606,true,true,true,true,,
fepysr__seed520__clean__g0289,fepysr,g0289,520,clean,0,ok,3612.238,true,true,true,true,,
fepysr__seed520__clean__g0290,fepysr,g0290,520,clean,0,ok,3610.766,true,true,true,true,,
fepysr__seed520__clean__g0291,fepysr,g0291,520,clean,0,ok,3612.254,true,true,true,true,,
fepysr__seed520__clean__g0292,fepysr,g0292,520,clean,0,ok,3613.196,true,true,true,true,,
fepysr__seed520__clean__g0293,fepysr,g0293,520,clean,0,ok,3610.683,true,true,true,true,,
fepysr__seed520__clean__g0294,fepysr,g0294,520,clean,0,ok,3627.002,true,true,true,true,,
fepysr__seed520__clean__g0295,fepysr,g0295,520,clean,0,ok,3612.486,true,true,true,true,,
fepysr__seed520__clean__g0296,fepysr,g0296,520,clean,0,ok,3612.295,true,true,true,true,,
fepysr__seed520__clean__g0297,fepysr,g0297,520,clean,0,ok,3611.329,true,true,true,true,,
fepysr__seed520__clean__g0298,fepysr,g0298,520,clean,0,ok,3611.749,true,true,true,true,,
fepysr__seed520__clean__g0299,fepysr,g0299,520,clean,0,ok,3612.502,true,true,true,true,,
fepysr__seed520__clean__g0300,fepysr,g0300,520,clean,0,ok,3618.119,true,true,true,true,,
fepysr__seed520__clean__g0301,fepysr,g0301,520,clean,0,ok,3610.776,true,true,true,true,,
fepysr__seed520__clean__g0302,fepysr,g0302,520,clean,0,ok,3611.971,true,true,true,true,,
fepysr__seed520__clean__g0303,fepysr,g0303,520,clean,0,ok,3611.408,true,true,true,true,,
fepysr__seed520__clean__g0304,fepysr,g0304,520,clean,0,ok,3612.164,true,true,true,true,,
fepysr__seed520__clean__g0305,fepysr,g0305,520,clean,0,ok,3613.849,true,true,true,true,,
fepysr__seed520__clean__g0306,fepysr,g0306,520,clean,0,ok,3611.174,true,true,true,true,,
fepysr__seed520__clean__g0307,fepysr,g0307,520,clean,0,ok,3613.106,true,true,true,true,,
fepysr__seed520__clean__g0308,fepysr,g0308,520,clean,0,ok,3611.742,true,true,true,true,,
fepysr__seed520__clean__g0309,fepysr,g0309,520,clean,0,ok,3611.445,true,true,true,true,,
fepysr__seed520__clean__g0310,fepysr,g0310,520,clean,0,ok,3611.506,true,true,true,true,,
fepysr__seed520__clean__g0311,fepysr,g0311,520,clean,0,ok,3611.483,true,true,true,true,,
fepysr__seed520__clean__g0312,fepysr,g0312,520,clean,0,ok,3612.096,true,true,true,true,,
fepysr__seed520__clean__g0313,fepysr,g0313,520,clean,0,ok,3620.880,true,true,true,true,,
fepysr__seed520__clean__g0314,fepysr,g0314,520,clean,0,ok,3610.600,true,true,true,true,,
fepysr__seed520__clean__g0315,fepysr,g0315,520,clean,0,ok,3695.144,true,true,true,true,,
fepysr__seed520__clean__g0316,fepysr,g0316,520,clean,0,ok,3610.967,true,true,true,true,,
fepysr__seed520__clean__g0317,fepysr,g0317,520,clean,0,ok,3612.980,true,true,true,true,,
fepysr__seed520__clean__g0318,fepysr,g0318,520,clean,0,ok,3612.091,true,true,true,true,,
fepysr__seed520__clean__g0319,fepysr,g0319,520,clean,0,ok,3611.952,true,true,true,true,,
fepysr__seed520__clean__g0320,fepysr,g0320,520,clean,0,ok,3674.779,true,true,true,true,,
fepysr__seed520__clean__g0321,fepysr,g0321,520,clean,0,ok,3612.191,true,true,true,true,,
fepysr__seed520__clean__g0322,fepysr,g0322,520,clean,0,ok,3612.879,true,true,true,true,,
fepysr__seed520__clean__g0323,fepysr,g0323,520,clean,0,ok,3671.243,true,true,true,true,,
fepysr__seed520__clean__g0324,fepysr,g0324,520,clean,0,ok,3612.703,true,true,true,true,,
fepysr__seed520__clean__g0325,fepysr,g0325,520,clean,0,ok,3611.575,true,true,true,true,,
fepysr__seed520__clean__g0326,fepysr,g0326,520,clean,0,ok,3610.982,true,true,true,true,,
fepysr__seed520__clean__g0327,fepysr,g0327,520,clean,0,ok,3612.343,true,true,true,true,,
fepysr__seed520__clean__g0328,fepysr,g0328,520,clean,0,ok,3612.146,true,true,true,true,,
fepysr__seed520__clean__g0329,fepysr,g0329,520,clean,0,ok,3612.019,true,true,true,true,,
fepysr__seed520__clean__g0330,fepysr,g0330,520,clean,0,ok,3688.860,true,true,true,true,,
fepysr__seed520__clean__g0331,fepysr,g0331,520,clean,0,ok,3611.870,true,true,true,true,,
fepysr__seed520__clean__g0332,fepysr,g0332,520,clean,0,ok,3612.094,true,true,true,true,,
fepysr__seed520__clean__g0333,fepysr,g0333,520,clean,0,ok,3611.387,true,true,true,true,,
fepysr__seed520__clean__g0334,fepysr,g0334,520,clean,0,ok,3675.061,true,true,true,true,,
fepysr__seed520__clean__g0335,fepysr,g0335,520,clean,0,ok,3666.170,true,true,true,true,,
fepysr__seed520__clean__g0336,fepysr,g0336,520,clean,0,ok,3610.705,true,true,true,true,,
fepysr__seed520__clean__g0337,fepysr,g0337,520,clean,0,ok,3662.797,true,true,true,true,,
fepysr__seed520__clean__g0338,fepysr,g0338,520,clean,0,ok,3667.649,true,true,true,true,,
fepysr__seed520__clean__g0339,fepysr,g0339,520,clean,0,ok,3612.494,true,true,true,true,,
fepysr__seed520__clean__g0340,fepysr,g0340,520,clean,0,ok,3611.733,true,true,true,true,,
fepysr__seed520__clean__g0341,fepysr,g0341,520,clean,0,ok,3612.784,true,true,true,true,,
fepysr__seed520__clean__g0342,fepysr,g0342,520,clean,0,ok,3682.083,true,true,true,true,,
fepysr__seed520__clean__g0343,fepysr,g0343,520,clean,0,ok,3605.605,true,true,true,true,,
fepysr__seed520__clean__g0344,fepysr,g0344,520,clean,0,ok,3635.303,true,true,true,true,,
fepysr__seed520__clean__g0345,fepysr,g0345,520,clean,0,ok,3612.282,true,true,true,true,,
fepysr__seed520__clean__g0346,fepysr,g0346,520,clean,0,ok,3611.267,true,true,true,true,,
fepysr__seed520__clean__g0347,fepysr,g0347,520,clean,0,ok,3611.276,true,true,true,true,,
fepysr__seed520__clean__g0348,fepysr,g0348,520,clean,0,ok,3611.110,true,true,true,true,,
fepysr__seed520__clean__g0349,fepysr,g0349,520,clean,0,ok,3612.372,true,true,true,true,,
fepysr__seed520__clean__g0350,fepysr,g0350,520,clean,0,ok,3612.312,true,true,true,true,,
fepysr__seed520__clean__g0351,fepysr,g0351,520,clean,0,ok,3613.255,true,true,true,true,,
fepysr__seed520__clean__g0352,fepysr,g0352,520,clean,0,ok,3613.350,true,true,true,true,,
fepysr__seed520__clean__g0353,fepysr,g0353,520,clean,0,ok,3612.139,true,true,true,true,,
fepysr__seed520__clean__g0354,fepysr,g0354,520,clean,0,ok,3612.411,true,true,true,true,,
fepysr__seed520__clean__g0355,fepysr,g0355,520,clean,0,ok,3613.152,true,true,true,true,,
fepysr__seed520__clean__g0356,fepysr,g0356,520,clean,0,ok,3612.166,true,true,true,true,,
fepysr__seed520__clean__g0357,fepysr,g0357,520,clean,0,ok,3612.932,true,true,true,true,,
fepysr__seed520__clean__g0358,fepysr,g0358,520,clean,0,ok,3611.599,true,true,true,true,,
fepysr__seed520__clean__g0359,fepysr,g0359,520,clean,0,ok,3669.657,true,true,true,true,,
fepysr__seed520__clean__g0360,fepysr,g0360,520,clean,0,ok,3612.402,true,true,true,true,,
fepysr__seed520__clean__g0361,fepysr,g0361,520,clean,0,ok,3611.689,true,true,true,true,,
fepysr__seed520__clean__g0362,fepysr,g0362,520,clean,0,ok,3613.139,true,true,true,true,,
fepysr__seed520__clean__g0363,fepysr,g0363,520,clean,0,ok,3611.840,true,true,true,true,,
fepysr__seed520__clean__g0364,fepysr,g0364,520,clean,0,ok,3613.029,true,true,true,true,,
fepysr__seed520__clean__g0365,fepysr,g0365,520,clean,0,ok,3663.861,true,true,true,true,,
fepysr__seed520__clean__g0366,fepysr,g0366,520,clean,0,ok,3611.198,true,true,true,true,,
fepysr__seed520__clean__g0367,fepysr,g0367,520,clean,0,ok,3612.858,true,true,true,true,,
fepysr__seed520__clean__g0368,fepysr,g0368,520,clean,0,ok,3662.476,true,true,true,true,,
fepysr__seed520__clean__g0369,fepysr,g0369,520,clean,0,ok,3666.533,true,true,true,true,,
fepysr__seed520__clean__g0370,fepysr,g0370,520,clean,0,ok,3612.686,true,true,true,true,,
fepysr__seed520__clean__g0371,fepysr,g0371,520,clean,0,ok,3613.080,true,true,true,true,,
fepysr__seed520__clean__g0372,fepysr,g0372,520,clean,0,ok,3613.050,true,true,true,true,,
fepysr__seed520__clean__g0373,fepysr,g0373,520,clean,0,ok,3611.482,true,true,true,true,,
fepysr__seed520__clean__g0374,fepysr,g0374,520,clean,0,ok,3612.916,true,true,true,true,,
fepysr__seed520__clean__g0375,fepysr,g0375,520,clean,0,ok,3612.708,true,true,true,true,,
fepysr__seed520__clean__g0376,fepysr,g0376,520,clean,0,ok,3612.474,true,true,true,true,,
fepysr__seed520__clean__g0377,fepysr,g0377,520,clean,0,ok,3611.565,true,true,true,true,,
fepysr__seed520__clean__g0378,fepysr,g0378,520,clean,0,ok,3672.158,true,true,true,true,,
fepysr__seed520__clean__g0379,fepysr,g0379,520,clean,0,ok,3612.011,true,true,true,true,,
fepysr__seed520__clean__g0380,fepysr,g0380,520,clean,0,ok,3611.862,true,true,true,true,,
fepysr__seed520__clean__g0381,fepysr,g0381,520,clean,0,ok,3612.139,true,true,true,true,,
fepysr__seed520__clean__g0382,fepysr,g0382,520,clean,0,ok,3611.956,true,true,true,true,,
fepysr__seed520__clean__g0383,fepysr,g0383,520,clean,0,ok,3612.115,true,true,true,true,,
fepysr__seed520__clean__g0384,fepysr,g0384,520,clean,0,ok,3612.435,true,true,true,true,,
fepysr__seed520__clean__g0385,fepysr,g0385,520,clean,0,ok,3611.427,true,true,true,true,,
fepysr__seed520__clean__g0386,fepysr,g0386,520,clean,0,ok,3613.812,true,true,true,true,,
fepysr__seed520__clean__g0387,fepysr,g0387,520,clean,0,ok,3612.809,true,true,true,true,,
fepysr__seed520__clean__g0388,fepysr,g0388,520,clean,0,ok,3666.120,true,true,true,true,,
fepysr__seed520__clean__g0389,fepysr,g0389,520,clean,0,ok,3639.211,true,true,true,true,,
fepysr__seed520__clean__g0390,fepysr,g0390,520,clean,0,ok,3646.305,true,true,true,true,,
fepysr__seed520__clean__g0391,fepysr,g0391,520,clean,0,ok,3612.053,true,true,true,true,,
fepysr__seed520__clean__g0392,fepysr,g0392,520,clean,0,ok,3611.963,true,true,true,true,,
fepysr__seed520__clean__g0393,fepysr,g0393,520,clean,0,ok,3611.108,true,true,true,true,,
fepysr__seed520__clean__g0394,fepysr,g0394,520,clean,0,ok,3631.701,true,true,true,true,,
fepysr__seed520__clean__g0395,fepysr,g0395,520,clean,0,ok,3611.678,true,true,true,true,,
fepysr__seed520__clean__g0396,fepysr,g0396,520,clean,0,ok,3612.442,true,true,true,true,,
fepysr__seed520__clean__g0397,fepysr,g0397,520,clean,0,ok,3612.098,true,true,true,true,,
fepysr__seed520__clean__g0398,fepysr,g0398,520,clean,0,ok,3640.405,true,true,true,true,,
fepysr__seed520__clean__g0399,fepysr,g0399,520,clean,0,ok,3611.997,true,true,true,true,,
fepysr__seed520__clean__g0400,fepysr,g0400,520,clean,0,ok,3613.073,true,true,true,true,,
fepysr__seed520__clean__g0401,fepysr,g0401,520,clean,0,ok,3612.341,true,true,true,true,,
fepysr__seed520__clean__g0402,fepysr,g0402,520,clean,0,ok,3611.367,true,true,true,true,,
fepysr__seed520__clean__g0403,fepysr,g0403,520,clean,0,ok,3620.545,true,true,true,true,,
fepysr__seed520__clean__g0404,fepysr,g0404,520,clean,0,ok,3612.766,true,true,true,true,,
fepysr__seed520__clean__g0405,fepysr,g0405,520,clean,0,ok,3612.170,true,true,true,true,,
fepysr__seed520__clean__g0406,fepysr,g0406,520,clean,0,ok,3611.602,true,true,true,true,,
fepysr__seed520__clean__g0407,fepysr,g0407,520,clean,0,ok,3633.085,true,true,true,true,,
fepysr__seed520__clean__g0408,fepysr,g0408,520,clean,0,ok,3612.097,true,true,true,true,,
fepysr__seed520__clean__g0409,fepysr,g0409,520,clean,0,ok,3612.016,true,true,true,true,,
fepysr__seed520__clean__g0410,fepysr,g0410,520,clean,0,ok,3611.665,true,true,true,true,,
fepysr__seed520__clean__g0411,fepysr,g0411,520,clean,0,ok,3612.552,true,true,true,true,,
fepysr__seed520__clean__g0412,fepysr,g0412,520,clean,0,ok,3613.040,true,true,true,true,,
fepysr__seed520__clean__g0413,fepysr,g0413,520,clean,0,ok,3611.268,true,true,true,true,,
fepysr__seed520__clean__g0414,fepysr,g0414,520,clean,0,ok,3612.819,true,true,true,true,,
fepysr__seed520__clean__g0415,fepysr,g0415,520,clean,0,ok,3611.382,true,true,true,true,,
fepysr__seed520__clean__g0416,fepysr,g0416,520,clean,0,ok,3613.930,true,true,true,true,,
fepysr__seed520__clean__g0417,fepysr,g0417,520,clean,0,ok,3665.046,true,true,true,true,,
fepysr__seed520__clean__g0418,fepysr,g0418,520,clean,0,ok,3612.767,true,true,true,true,,
fepysr__seed520__clean__g0419,fepysr,g0419,520,clean,0,ok,3612.395,true,true,true,true,,
fepysr__seed520__clean__g0420,fepysr,g0420,520,clean,0,ok,3610.906,true,true,true,true,,
fepysr__seed520__clean__g0421,fepysr,g0421,520,clean,0,ok,3612.638,true,true,true,true,,
fepysr__seed520__clean__g0422,fepysr,g0422,520,clean,0,ok,3612.201,true,true,true,true,,
fepysr__seed520__clean__g0423,fepysr,g0423,520,clean,0,ok,3613.181,true,true,true,true,,
fepysr__seed520__clean__g0424,fepysr,g0424,520,clean,0,ok,3614.787,true,true,true,true,,
fepysr__seed520__clean__g0425,fepysr,g0425,520,clean,0,ok,3612.911,true,true,true,true,,
fepysr__seed520__clean__g0426,fepysr,g0426,520,clean,0,ok,3612.346,true,true,true,true,,
fepysr__seed520__clean__g0427,fepysr,g0427,520,clean,0,ok,3613.154,true,true,true,true,,
fepysr__seed520__clean__g0428,fepysr,g0428,520,clean,0,ok,3620.906,true,true,true,true,,
fepysr__seed520__clean__g0429,fepysr,g0429,520,clean,0,ok,3611.794,true,true,true,true,,
fepysr__seed520__clean__g0430,fepysr,g0430,520,clean,0,ok,3611.864,true,true,true,true,,
fepysr__seed520__clean__g0431,fepysr,g0431,520,clean,0,ok,3612.712,true,true,true,true,,
fepysr__seed520__clean__g0432,fepysr,g0432,520,clean,0,ok,3612.924,true,true,true,true,,
fepysr__seed520__clean__g0433,fepysr,g0433,520,clean,0,ok,3699.421,true,true,true,true,,
fepysr__seed520__clean__g0434,fepysr,g0434,520,clean,0,ok,3612.238,true,true,true,true,,
fepysr__seed520__clean__g0435,fepysr,g0435,520,clean,0,ok,3613.793,true,true,true,true,,
fepysr__seed520__clean__g0436,fepysr,g0436,520,clean,0,ok,3711.711,true,true,true,true,,
fepysr__seed520__clean__g0437,fepysr,g0437,520,clean,0,ok,3613.397,true,true,true,true,,
fepysr__seed520__clean__g0438,fepysr,g0438,520,clean,0,ok,3612.750,true,true,true,true,,
fepysr__seed520__clean__g0439,fepysr,g0439,520,clean,0,ok,3612.915,true,true,true,true,,
fepysr__seed520__clean__g0440,fepysr,g0440,520,clean,0,ok,3613.366,true,true,true,true,,
fepysr__seed520__clean__g0441,fepysr,g0441,520,clean,0,ok,3613.077,true,true,true,true,,
fepysr__seed520__clean__g0442,fepysr,g0442,520,clean,0,ok,3612.284,true,true,true,true,,
fepysr__seed520__clean__g0443,fepysr,g0443,520,clean,0,ok,3613.424,true,true,true,true,,
fepysr__seed520__clean__g0444,fepysr,g0444,520,clean,0,ok,3613.723,true,true,true,true,,
fepysr__seed520__clean__g0445,fepysr,g0445,520,clean,0,ok,3612.150,true,true,true,true,,
fepysr__seed520__clean__g0446,fepysr,g0446,520,clean,0,ok,3611.965,true,true,true,true,,
fepysr__seed520__clean__g0447,fepysr,g0447,520,clean,0,ok,3612.145,true,true,true,true,,
fepysr__seed520__clean__g0448,fepysr,g0448,520,clean,0,ok,3612.258,true,true,true,true,,
fepysr__seed520__clean__g0449,fepysr,g0449,520,clean,0,ok,3612.263,true,true,true,true,,
fepysr__seed520__clean__g0450,fepysr,g0450,520,clean,0,ok,3611.776,true,true,true,true,,
fepysr__seed520__clean__g0451,fepysr,g0451,520,clean,0,ok,3613.554,true,true,true,true,,
fepysr__seed520__clean__g0452,fepysr,g0452,520,clean,0,ok,3612.931,true,true,true,true,,
fepysr__seed520__clean__g0453,fepysr,g0453,520,clean,0,ok,3613.109,true,true,true,true,,
fepysr__seed520__clean__g0454,fepysr,g0454,520,clean,0,ok,3613.959,true,true,true,true,,
fepysr__seed520__clean__g0455,fepysr,g0455,520,clean,0,ok,3611.305,true,true,true,true,,
fepysr__seed520__clean__g0456,fepysr,g0456,520,clean,0,ok,3612.677,true,true,true,true,,
fepysr__seed520__clean__g0457,fepysr,g0457,520,clean,0,ok,3614.167,true,true,true,true,,
fepysr__seed520__clean__g0458,fepysr,g0458,520,clean,0,ok,3612.759,true,true,true,true,,
fepysr__seed520__clean__g0459,fepysr,g0459,520,clean,0,ok,3613.210,true,true,true,true,,
fepysr__seed520__clean__g0460,fepysr,g0460,520,clean,0,ok,3612.436,true,true,true,true,,
fepysr__seed520__clean__g0461,fepysr,g0461,520,clean,0,ok,3613.348,true,true,true,true,,
fepysr__seed520__clean__g0462,fepysr,g0462,520,clean,0,ok,3612.515,true,true,true,true,,
fepysr__seed520__clean__g0463,fepysr,g0463,520,clean,0,ok,3611.851,true,true,true,true,,
fepysr__seed520__clean__g0464,fepysr,g0464,520,clean,0,ok,3613.430,true,true,true,true,,
fepysr__seed520__clean__g0465,fepysr,g0465,520,clean,0,ok,3613.769,true,true,true,true,,
fepysr__seed520__clean__g0466,fepysr,g0466,520,clean,0,ok,3612.124,true,true,true,true,,
fepysr__seed520__clean__g0467,fepysr,g0467,520,clean,0,ok,3612.779,true,true,true,true,,
fepysr__seed520__clean__g0468,fepysr,g0468,520,clean,0,ok,3611.913,true,true,true,true,,
fepysr__seed520__clean__g0469,fepysr,g0469,520,clean,0,ok,3613.577,true,true,true,true,,
fepysr__seed520__clean__g0470,fepysr,g0470,520,clean,0,ok,3612.585,true,true,true,true,,
fepysr__seed520__clean__g0471,fepysr,g0471,520,clean,0,ok,3613.877,true,true,true,true,,
fepysr__seed520__clean__g0472,fepysr,g0472,520,clean,0,ok,3614.673,true,true,true,true,,
fepysr__seed520__clean__g0473,fepysr,g0473,520,clean,0,ok,3618.043,true,true,true,true,,
fepysr__seed520__clean__g0474,fepysr,g0474,520,clean,0,ok,3613.991,true,true,true,true,,
fepysr__seed520__clean__g0475,fepysr,g0475,520,clean,0,ok,3724.766,true,true,true,true,,
fepysr__seed520__clean__g0476,fepysr,g0476,520,clean,0,ok,3643.795,true,true,true,true,,
fepysr__seed520__clean__g0477,fepysr,g0477,520,clean,0,ok,3616.658,true,true,true,true,,
fepysr__seed520__clean__g0478,fepysr,g0478,520,clean,0,ok,3705.532,true,true,true,true,,
fepysr__seed520__clean__g0479,fepysr,g0479,520,clean,0,ok,3723.061,true,true,true,true,,
fepysr__seed520__clean__g0480,fepysr,g0480,520,clean,0,ok,3617.512,true,true,true,true,,
fepysr__seed520__clean__g0481,fepysr,g0481,520,clean,0,ok,3619.075,true,true,true,true,,
fepysr__seed520__clean__g0482,fepysr,g0482,520,clean,0,ok,3617.946,true,true,true,true,,
fepysr__seed520__clean__g0483,fepysr,g0483,520,clean,0,ok,3730.279,true,true,true,true,,
fepysr__seed520__clean__g0484,fepysr,g0484,520,clean,0,ok,3734.243,true,true,true,true,,
fepysr__seed520__clean__g0485,fepysr,g0485,520,clean,0,ok,3616.607,true,true,true,true,,
fepysr__seed520__clean__g0486,fepysr,g0486,520,clean,0,ok,3615.649,true,true,true,true,,
fepysr__seed520__clean__g0487,fepysr,g0487,520,clean,0,ok,3617.026,true,true,true,true,,
fepysr__seed520__clean__g0488,fepysr,g0488,520,clean,0,ok,3617.316,true,true,true,true,,
fepysr__seed520__clean__g0489,fepysr,g0489,520,clean,0,ok,3618.163,true,true,true,true,,
fepysr__seed520__clean__g0490,fepysr,g0490,520,clean,0,ok,3618.349,true,true,true,true,,
fepysr__seed520__clean__g0491,fepysr,g0491,520,clean,0,ok,3616.123,true,true,true,true,,
fepysr__seed520__clean__g0492,fepysr,g0492,520,clean,0,ok,3637.028,true,true,true,true,,
fepysr__seed520__clean__g0493,fepysr,g0493,520,clean,0,ok,3617.990,true,true,true,true,,
fepysr__seed520__clean__g0494,fepysr,g0494,520,clean,0,ok,3616.773,true,true,true,true,,
fepysr__seed520__clean__g0495,fepysr,g0495,520,clean,0,ok,3615.982,true,true,true,true,,
fepysr__seed520__clean__g0496,fepysr,g0496,520,clean,0,ok,3617.642,true,true,true,true,,
fepysr__seed520__clean__g0497,fepysr,g0497,520,clean,0,ok,3711.824,true,true,true,true,,
fepysr__seed520__clean__g0498,fepysr,g0498,520,clean,0,ok,3618.556,true,true,true,true,,
fepysr__seed520__clean__g0499,fepysr,g0499,520,clean,0,ok,3616.944,true,true,true,true,,
fepysr__seed520__clean__g0500,fepysr,g0500,520,clean,0,ok,3616.927,true,true,true,true,,
fepysr__seed520__clean__g0501,fepysr,g0501,520,clean,0,ok,3615.735,true,true,true,true,,
fepysr__seed520__clean__g0502,fepysr,g0502,520,clean,0,ok,3634.684,true,true,true,true,,
fepysr__seed520__clean__g0503,fepysr,g0503,520,clean,0,ok,3618.734,true,true,true,true,,
fepysr__seed520__clean__g0504,fepysr,g0504,520,clean,0,ok,3619.066,true,true,true,true,,
fepysr__seed520__clean__g0505,fepysr,g0505,520,clean,0,ok,3617.132,true,true,true,true,,
fepysr__seed520__clean__g0506,fepysr,g0506,520,clean,0,ok,3619.857,true,true,true,true,,
fepysr__seed520__clean__g0507,fepysr,g0507,520,clean,0,ok,3740.519,true,true,true,true,,
fepysr__seed520__clean__g0508,fepysr,g0508,520,clean,0,ok,3618.626,true,true,true,true,,
fepysr__seed520__clean__g0509,fepysr,g0509,520,clean,0,ok,3617.128,true,true,true,true,,
fepysr__seed520__clean__g0510,fepysr,g0510,520,clean,0,ok,3623.317,true,true,true,true,,
fepysr__seed520__clean__g0511,fepysr,g0511,520,clean,0,ok,3616.438,true,true,true,true,,
fepysr__seed520__clean__g0512,fepysr,g0512,520,clean,0,ok,3615.873,true,true,true,true,,
fepysr__seed520__clean__g0513,fepysr,g0513,520,clean,0,ok,3618.186,true,true,true,true,,
fepysr__seed520__clean__g0514,fepysr,g0514,520,clean,0,ok,3659.202,true,true,true,true,,
fepysr__seed520__clean__g0515,fepysr,g0515,520,clean,0,ok,3617.607,true,true,true,true,,
fepysr__seed520__clean__g0516,fepysr,g0516,520,clean,0,ok,3617.457,true,true,true,true,,
fepysr__seed520__clean__g0517,fepysr,g0517,520,clean,0,ok,3619.821,true,true,true,true,,
fepysr__seed520__clean__g0518,fepysr,g0518,520,clean,0,ok,3715.724,true,true,true,true,,
fepysr__seed520__clean__g0519,fepysr,g0519,520,clean,0,ok,3617.289,true,true,true,true,,
fepysr__seed520__clean__g0520,fepysr,g0520,520,clean,0,ok,3617.895,true,true,true,true,,
fepysr__seed520__clean__g0521,fepysr,g0521,520,clean,0,ok,3616.333,true,true,true,true,,
fepysr__seed520__clean__g0522,fepysr,g0522,520,clean,0,ok,3617.186,true,true,true,true,,
fepysr__seed520__clean__g0523,fepysr,g0523,520,clean,0,ok,3616.122,true,true,true,true,,
fepysr__seed520__clean__g0524,fepysr,g0524,520,clean,0,ok,3618.411,true,true,true,true,,
fepysr__seed520__clean__g0525,fepysr,g0525,520,clean,0,ok,3618.466,true,true,true,true,,
fepysr__seed520__clean__g0526,fepysr,g0526,520,clean,0,ok,3619.174,true,true,true,true,,
fepysr__seed520__clean__g0527,fepysr,g0527,520,clean,0,ok,3616.276,true,true,true,true,,
fepysr__seed520__clean__g0528,fepysr,g0528,520,clean,0,ok,3618.403,true,true,true,true,,
fepysr__seed520__clean__g0529,fepysr,g0529,520,clean,0,ok,3616.654,true,true,true,true,,
fepysr__seed520__clean__g0530,fepysr,g0530,520,clean,0,ok,3624.826,true,true,true,true,,
fepysr__seed520__clean__g0531,fepysr,g0531,520,clean,0,ok,3617.034,true,true,true,true,,
fepysr__seed520__clean__g0532,fepysr,g0532,520,clean,0,ok,3616.479,true,true,true,true,,
fepysr__seed520__clean__g0533,fepysr,g0533,520,clean,0,ok,3619.374,true,true,true,true,,
fepysr__seed520__clean__g0534,fepysr,g0534,520,clean,0,ok,3617.647,true,true,true,true,,
fepysr__seed520__clean__g0535,fepysr,g0535,520,clean,0,ok,3617.312,true,true,true,true,,
fepysr__seed520__clean__g0536,fepysr,g0536,520,clean,0,ok,3616.697,true,true,true,true,,
fepysr__seed520__clean__g0537,fepysr,g0537,520,clean,0,ok,3616.283,true,true,true,true,,
fepysr__seed520__clean__g0538,fepysr,g0538,520,clean,0,ok,3618.331,true,true,true,true,,
fepysr__seed520__clean__g0539,fepysr,g0539,520,clean,0,ok,3626.246,true,true,true,true,,
fepysr__seed520__clean__g0540,fepysr,g0540,520,clean,0,ok,3615.304,true,true,true,true,,
fepysr__seed520__clean__g0541,fepysr,g0541,520,clean,0,ok,3615.371,true,true,true,true,,
fepysr__seed520__clean__g0542,fepysr,g0542,520,clean,0,ok,3617.373,true,true,true,true,,
fepysr__seed520__clean__g0543,fepysr,g0543,520,clean,0,ok,3617.927,true,true,true,true,,
fepysr__seed520__clean__g0544,fepysr,g0544,520,clean,0,ok,3615.890,true,true,true,true,,
fepysr__seed520__clean__g0545,fepysr,g0545,520,clean,0,ok,3615.886,true,true,true,true,,
fepysr__seed520__clean__g0546,fepysr,g0546,520,clean,0,ok,3616.319,true,true,true,true,,
fepysr__seed520__clean__g0547,fepysr,g0547,520,clean,0,ok,3619.287,true,true,true,true,,
fepysr__seed520__clean__g0548,fepysr,g0548,520,clean,0,ok,3615.784,true,true,true,true,,
fepysr__seed520__clean__g0549,fepysr,g0549,520,clean,0,ok,3616.189,true,true,true,true,,
fepysr__seed520__clean__g0550,fepysr,g0550,520,clean,0,ok,3616.519,true,true,true,true,,
fepysr__seed520__clean__g0551,fepysr,g0551,520,clean,0,ok,3616.213,true,true,true,true,,
fepysr__seed520__clean__g0552,fepysr,g0552,520,clean,0,ok,3617.097,true,true,true,true,,
fepysr__seed520__clean__g0553,fepysr,g0553,520,clean,0,ok,3616.853,true,true,true,true,,
fepysr__seed520__clean__g0554,fepysr,g0554,520,clean,0,ok,3616.522,true,true,true,true,,
fepysr__seed520__clean__g0555,fepysr,g0555,520,clean,0,ok,3614.806,true,true,true,true,,
fepysr__seed520__clean__g0556,fepysr,g0556,520,clean,0,ok,3615.727,true,true,true,true,,
fepysr__seed520__clean__g0557,fepysr,g0557,520,clean,0,ok,3615.592,true,true,true,true,,
fepysr__seed520__clean__g0558,fepysr,g0558,520,clean,0,ok,3619.374,true,true,true,true,,
fepysr__seed520__clean__g0559,fepysr,g0559,520,clean,0,ok,3616.890,true,true,true,true,,
fepysr__seed520__clean__g0560,fepysr,g0560,520,clean,0,ok,3617.392,true,true,true,true,,
fepysr__seed520__clean__g0561,fepysr,g0561,520,clean,0,ok,3615.407,true,true,true,true,,
fepysr__seed520__clean__g0562,fepysr,g0562,520,clean,0,ok,3616.662,true,true,true,true,,
fepysr__seed520__clean__g0563,fepysr,g0563,520,clean,0,ok,3619.211,true,true,true,true,,
fepysr__seed520__clean__g0564,fepysr,g0564,520,clean,0,ok,3620.850,true,true,true,true,,
fepysr__seed520__clean__g0565,fepysr,g0565,520,clean,0,ok,3673.331,true,true,true,true,,
fepysr__seed520__clean__g0566,fepysr,g0566,520,clean,0,ok,3616.288,true,true,true,true,,
fepysr__seed520__clean__g0567,fepysr,g0567,520,clean,0,ok,3613.887,true,true,true,true,,
fepysr__seed520__clean__g0568,fepysr,g0568,520,clean,0,ok,3613.695,true,true,true,true,,
fepysr__seed520__clean__g0569,fepysr,g0569,520,clean,0,ok,3615.290,true,true,true,true,,
fepysr__seed520__clean__g0570,fepysr,g0570,520,clean,0,ok,3616.578,true,true,true,true,,
fepysr__seed520__clean__g0571,fepysr,g0571,520,clean,0,ok,3618.982,true,true,true,true,,
fepysr__seed520__clean__g0572,fepysr,g0572,520,clean,0,ok,3618.253,true,true,true,true,,
fepysr__seed520__clean__g0573,fepysr,g0573,520,clean,0,ok,3616.153,true,true,true,true,,
fepysr__seed520__clean__g0574,fepysr,g0574,520,clean,0,ok,3615.052,true,true,true,true,,
fepysr__seed520__clean__g0575,fepysr,g0575,520,clean,0,ok,3658.070,true,true,true,true,,
fepysr__seed520__clean__g0576,fepysr,g0576,520,clean,0,ok,3626.124,true,true,true,true,,
fepysr__seed520__clean__g0577,fepysr,g0577,520,clean,0,ok,3617.258,true,true,true,true,,
fepysr__seed520__clean__g0578,fepysr,g0578,520,clean,0,ok,3616.528,true,true,true,true,,
fepysr__seed520__clean__g0579,fepysr,g0579,520,clean,0,ok,3617.595,true,true,true,true,,
fepysr__seed520__clean__g0580,fepysr,g0580,520,clean,0,ok,3615.891,true,true,true,true,,
fepysr__seed520__clean__g0581,fepysr,g0581,520,clean,0,ok,3616.279,true,true,true,true,,
fepysr__seed520__clean__g0582,fepysr,g0582,520,clean,0,ok,3618.223,true,true,true,true,,
fepysr__seed520__clean__g0583,fepysr,g0583,520,clean,0,ok,3617.733,true,true,true,true,,
fepysr__seed520__clean__g0584,fepysr,g0584,520,clean,0,ok,3632.646,true,true,true,true,,
fepysr__seed520__clean__g0585,fepysr,g0585,520,clean,0,ok,3620.675,true,true,true,true,,
fepysr__seed520__clean__g0586,fepysr,g0586,520,clean,0,ok,3617.709,true,true,true,true,,
fepysr__seed520__clean__g0587,fepysr,g0587,520,clean,0,ok,3615.094,true,true,true,true,,
fepysr__seed520__clean__g0588,fepysr,g0588,520,clean,0,ok,3618.185,true,true,true,true,,
fepysr__seed520__clean__g0589,fepysr,g0589,520,clean,0,ok,3616.916,true,true,true,true,,
fepysr__seed520__clean__g0590,fepysr,g0590,520,clean,0,ok,3616.036,true,true,true,true,,
fepysr__seed520__clean__g0591,fepysr,g0591,520,clean,0,ok,3616.616,true,true,true,true,,
fepysr__seed520__clean__g0592,fepysr,g0592,520,clean,0,ok,3553.726,true,true,true,true,,
fepysr__seed520__clean__g0593,fepysr,g0593,520,clean,0,ok,3588.363,true,true,true,true,,
fepysr__seed520__clean__g0594,fepysr,g0594,520,clean,0,ok,3611.449,true,true,true,true,,
fepysr__seed520__clean__g0595,fepysr,g0595,520,clean,0,ok,3605.084,true,true,true,true,,
fepysr__seed520__clean__g0596,fepysr,g0596,520,clean,0,ok,3605.117,true,true,true,true,,
fepysr__seed520__clean__g0597,fepysr,g0597,520,clean,0,ok,3630.213,true,true,true,true,,
fepysr__seed520__clean__g0598,fepysr,g0598,520,clean,0,ok,3610.970,true,true,true,true,,
fepysr__seed520__clean__g0599,fepysr,g0599,520,clean,0,ok,3593.551,true,true,true,true,,
fepysr__seed520__clean__g0600,fepysr,g0600,520,clean,0,ok,3605.611,true,true,true,true,,
fepysr__seed520__clean__g0601,fepysr,g0601,520,clean,0,ok,3560.860,true,true,true,true,,
fepysr__seed520__clean__g0602,fepysr,g0602,520,clean,0,ok,3628.471,true,true,true,true,,
fepysr__seed520__clean__g0603,fepysr,g0603,520,clean,0,ok,3624.371,true,true,true,true,,
fepysr__seed520__clean__g0604,fepysr,g0604,520,clean,0,ok,3615.507,true,true,true,true,,
fepysr__seed520__clean__g0605,fepysr,g0605,520,clean,0,ok,3610.689,true,true,true,true,,
fepysr__seed520__clean__g0606,fepysr,g0606,520,clean,0,ok,3571.148,true,true,true,true,,
fepysr__seed520__clean__g0607,fepysr,g0607,520,clean,0,ok,3553.489,true,true,true,true,,
fepysr__seed520__clean__g0608,fepysr,g0608,520,clean,0,ok,3625.561,true,true,true,true,,
fepysr__seed520__clean__g0609,fepysr,g0609,520,clean,0,ok,3599.605,true,true,true,true,,
fepysr__seed520__clean__g0610,fepysr,g0610,520,clean,0,ok,3610.525,true,true,true,true,,
fepysr__seed520__clean__g0611,fepysr,g0611,520,clean,0,ok,3604.867,true,true,true,true,,
fepysr__seed520__clean__g0612,fepysr,g0612,520,clean,0,ok,3553.580,true,true,true,true,,
fepysr__seed520__clean__g0613,fepysr,g0613,520,clean,0,ok,3611.326,true,true,true,true,,
fepysr__seed520__clean__g0614,fepysr,g0614,520,clean,0,ok,3611.314,true,true,true,true,,
fepysr__seed520__clean__g0615,fepysr,g0615,520,clean,0,ok,3611.795,true,true,true,true,,
fepysr__seed520__clean__g0616,fepysr,g0616,520,clean,0,ok,3552.567,true,true,true,true,,
fepysr__seed520__clean__g0617,fepysr,g0617,520,clean,0,ok,3606.183,true,true,true,true,,
fepysr__seed520__clean__g0618,fepysr,g0618,520,clean,0,ok,3550.955,true,true,true,true,,
fepysr__seed520__clean__g0619,fepysr,g0619,520,clean,0,ok,3610.780,true,true,true,true,,
fepysr__seed520__clean__g0620,fepysr,g0620,520,clean,0,ok,3569.841,true,true,true,true,,
fepysr__seed520__clean__g0621,fepysr,g0621,520,clean,0,ok,3615.610,true,true,true,true,,
fepysr__seed520__clean__g0622,fepysr,g0622,520,clean,0,ok,3561.566,true,true,true,true,,
fepysr__seed520__clean__g0623,fepysr,g0623,520,clean,0,ok,3571.644,true,true,true,true,,
fepysr__seed520__clean__g0624,fepysr,g0624,520,clean,0,ok,3558.996,true,true,true,true,,
fepysr__seed520__clean__g0625,fepysr,g0625,520,clean,0,ok,3556.844,true,true,true,true,,
fepysr__seed520__clean__g0626,fepysr,g0626,520,clean,0,ok,3619.378,true,true,true,true,,
fepysr__seed520__clean__g0627,fepysr,g0627,520,clean,0,ok,3606.969,true,true,true,true,,
fepysr__seed520__clean__g0628,fepysr,g0628,520,clean,0,ok,3612.006,true,true,true,true,,
fepysr__seed520__clean__g0629,fepysr,g0629,520,clean,0,ok,3606.725,true,true,true,true,,
fepysr__seed520__clean__g0630,fepysr,g0630,520,clean,0,ok,3550.948,true,true,true,true,,
fepysr__seed520__clean__g0631,fepysr,g0631,520,clean,0,ok,3561.797,true,true,true,true,,
fepysr__seed520__clean__g0632,fepysr,g0632,520,clean,0,ok,3611.173,true,true,true,true,,
fepysr__seed520__clean__g0633,fepysr,g0633,520,clean,0,ok,3604.373,true,true,true,true,,
fepysr__seed520__clean__g0634,fepysr,g0634,520,clean,0,ok,3605.073,true,true,true,true,,
fepysr__seed520__clean__g0635,fepysr,g0635,520,clean,0,ok,3618.487,true,true,true,true,,
fepysr__seed520__clean__g0636,fepysr,g0636,520,clean,0,ok,3620.256,true,true,true,true,,
fepysr__seed520__clean__g0637,fepysr,g0637,520,clean,0,ok,3607.062,true,true,true,true,,
fepysr__seed520__clean__g0638,fepysr,g0638,520,clean,0,ok,3604.369,true,true,true,true,,
fepysr__seed520__clean__g0639,fepysr,g0639,520,clean,0,ok,3566.322,true,true,true,true,,
fepysr__seed520__clean__g0640,fepysr,g0640,520,clean,0,ok,3548.924,true,true,true,true,,
fepysr__seed520__clean__g0641,fepysr,g0641,520,clean,0,ok,3544.114,true,true,true,true,,
fepysr__seed520__clean__g0642,fepysr,g0642,520,clean,0,ok,3612.138,true,true,true,true,,
fepysr__seed520__clean__g0643,fepysr,g0643,520,clean,0,ok,3564.443,true,true,true,true,,
fepysr__seed520__clean__g0644,fepysr,g0644,520,clean,0,ok,3559.872,true,true,true,true,,
fepysr__seed520__clean__g0645,fepysr,g0645,520,clean,0,ok,3556.960,true,true,true,true,,
fepysr__seed520__clean__g0646,fepysr,g0646,520,clean,0,ok,3611.707,true,true,true,true,,
fepysr__seed520__clean__g0647,fepysr,g0647,520,clean,0,ok,3620.685,true,true,true,true,,
fepysr__seed520__clean__g0648,fepysr,g0648,520,clean,0,ok,3611.213,true,true,true,true,,
fepysr__seed520__clean__g0649,fepysr,g0649,520,clean,0,ok,3611.249,true,true,true,true,,
fepysr__seed520__clean__g0650,fepysr,g0650,520,clean,0,ok,3610.818,true,true,true,true,,
fepysr__seed520__clean__g0651,fepysr,g0651,520,clean,0,ok,3604.282,true,true,true,true,,
fepysr__seed520__clean__g0652,fepysr,g0652,520,clean,0,ok,3557.998,true,true,true,true,,
fepysr__seed520__clean__g0653,fepysr,g0653,520,clean,0,ok,3609.741,true,true,true,true,,
fepysr__seed520__clean__g0654,fepysr,g0654,520,clean,0,ok,3611.564,true,true,true,true,,
fepysr__seed520__clean__g0655,fepysr,g0655,520,clean,0,ok,3608.045,true,true,true,true,,
fepysr__seed520__clean__g0656,fepysr,g0656,520,clean,0,ok,3587.449,true,true,true,true,,
fepysr__seed520__clean__g0657,fepysr,g0657,520,clean,0,ok,3611.737,true,true,true,true,,
fepysr__seed520__clean__g0658,fepysr,g0658,520,clean,0,ok,3611.792,true,true,true,true,,
fepysr__seed520__clean__g0659,fepysr,g0659,520,clean,0,ok,3613.343,true,true,true,true,,
fepysr__seed520__clean__g0660,fepysr,g0660,520,clean,0,ok,3611.866,true,true,true,true,,
fepysr__seed520__clean__g0661,fepysr,g0661,520,clean,0,ok,3615.073,true,true,true,true,,
fepysr__seed520__clean__g0662,fepysr,g0662,520,clean,0,ok,3605.310,true,true,true,true,,
fepysr__seed520__clean__g0663,fepysr,g0663,520,clean,0,ok,3611.737,true,true,true,true,,
fepysr__seed520__clean__g0664,fepysr,g0664,520,clean,0,ok,3555.002,true,true,true,true,,
fepysr__seed521__clean__g0001,fepysr,g0001,521,clean,0,ok,3611.588,true,true,true,true,,
fepysr__seed521__clean__g0002,fepysr,g0002,521,clean,0,ok,3611.848,true,true,true,true,,
fepysr__seed521__clean__g0003,fepysr,g0003,521,clean,0,ok,3612.267,true,true,true,true,,
fepysr__seed521__clean__g0004,fepysr,g0004,521,clean,0,ok,3611.930,true,true,true,true,,
fepysr__seed521__clean__g0005,fepysr,g0005,521,clean,0,ok,3612.602,true,true,true,true,,
fepysr__seed521__clean__g0006,fepysr,g0006,521,clean,0,ok,3611.784,true,true,true,true,,
fepysr__seed521__clean__g0007,fepysr,g0007,521,clean,0,ok,3611.702,true,true,true,true,,
fepysr__seed521__clean__g0008,fepysr,g0008,521,clean,0,ok,3611.863,true,true,true,true,,
fepysr__seed521__clean__g0009,fepysr,g0009,521,clean,0,ok,3611.959,true,true,true,true,,
fepysr__seed521__clean__g0010,fepysr,g0010,521,clean,0,ok,3612.145,true,true,true,true,,
fepysr__seed521__clean__g0011,fepysr,g0011,521,clean,0,ok,3611.699,true,true,true,true,,
fepysr__seed521__clean__g0012,fepysr,g0012,521,clean,0,ok,3611.814,true,true,true,true,,
fepysr__seed521__clean__g0013,fepysr,g0013,521,clean,0,ok,3627.754,true,true,true,true,,
fepysr__seed521__clean__g0014,fepysr,g0014,521,clean,0,ok,3612.508,true,true,true,true,,
fepysr__seed521__clean__g0015,fepysr,g0015,521,clean,0,ok,3611.735,true,true,true,true,,
fepysr__seed521__clean__g0016,fepysr,g0016,521,clean,0,ok,3612.315,true,true,true,true,,
fepysr__seed521__clean__g0017,fepysr,g0017,521,clean,0,ok,3612.756,true,true,true,true,,
fepysr__seed521__clean__g0018,fepysr,g0018,521,clean,0,ok,3612.472,true,true,true,true,,
fepysr__seed521__clean__g0019,fepysr,g0019,521,clean,0,ok,3639.004,true,true,true,true,,
fepysr__seed521__clean__g0020,fepysr,g0020,521,clean,0,ok,3643.434,true,true,true,true,,
fepysr__seed521__clean__g0021,fepysr,g0021,521,clean,0,ok,3612.876,true,true,true,true,,
fepysr__seed521__clean__g0022,fepysr,g0022,521,clean,0,ok,3613.992,true,true,true,true,,
fepysr__seed521__clean__g0023,fepysr,g0023,521,clean,0,ok,3612.038,true,true,true,true,,
fepysr__seed521__clean__g0024,fepysr,g0024,521,clean,0,ok,3611.740,true,true,true,true,,
fepysr__seed521__clean__g0025,fepysr,g0025,521,clean,0,ok,3612.535,true,true,true,true,,
fepysr__seed521__clean__g0026,fepysr,g0026,521,clean,0,ok,3651.133,true,true,true,true,,
fepysr__seed521__clean__g0027,fepysr,g0027,521,clean,0,ok,3614.995,true,true,true,true,,
fepysr__seed521__clean__g0028,fepysr,g0028,521,clean,0,ok,3628.996,true,true,true,true,,
fepysr__seed521__clean__g0029,fepysr,g0029,521,clean,0,ok,3633.182,true,true,true,true,,
fepysr__seed521__clean__g0030,fepysr,g0030,521,clean,0,ok,3613.478,true,true,true,true,,
fepysr__seed521__clean__g0031,fepysr,g0031,521,clean,0,ok,3611.919,true,true,true,true,,
fepysr__seed521__clean__g0032,fepysr,g0032,521,clean,0,ok,3626.798,true,true,true,true,,
fepysr__seed521__clean__g0033,fepysr,g0033,521,clean,0,ok,3611.442,true,true,true,true,,
fepysr__seed521__clean__g0034,fepysr,g0034,521,clean,0,ok,3612.896,true,true,true,true,,
fepysr__seed521__clean__g0035,fepysr,g0035,521,clean,0,ok,3613.185,true,true,true,true,,
fepysr__seed521__clean__g0036,fepysr,g0036,521,clean,0,ok,3612.733,true,true,true,true,,
fepysr__seed521__clean__g0037,fepysr,g0037,521,clean,0,ok,3614.293,true,true,true,true,,
fepysr__seed521__clean__g0038,fepysr,g0038,521,clean,0,ok,3612.655,true,true,true,true,,
fepysr__seed521__clean__g0039,fepysr,g0039,521,clean,0,ok,3657.155,true,true,true,true,,
fepysr__seed521__clean__g0040,fepysr,g0040,521,clean,0,ok,3612.558,true,true,true,true,,
fepysr__seed521__clean__g0041,fepysr,g0041,521,clean,0,ok,3614.203,true,true,true,true,,
fepysr__seed521__clean__g0042,fepysr,g0042,521,clean,0,ok,3612.894,true,true,true,true,,
fepysr__seed521__clean__g0043,fepysr,g0043,521,clean,0,ok,3613.002,true,true,true,true,,
fepysr__seed521__clean__g0044,fepysr,g0044,521,clean,0,ok,3613.414,true,true,true,true,,
fepysr__seed521__clean__g0045,fepysr,g0045,521,clean,0,ok,3675.533,true,true,true,true,,
fepysr__seed521__clean__g0046,fepysr,g0046,521,clean,0,ok,3615.708,true,true,true,true,,
fepysr__seed521__clean__g0047,fepysr,g0047,521,clean,0,ok,3613.284,true,true,true,true,,
fepysr__seed521__clean__g0048,fepysr,g0048,521,clean,0,ok,3612.406,true,true,true,true,,
fepysr__seed521__clean__g0049,fepysr,g0049,521,clean,0,ok,3644.040,true,true,true,true,,
fepysr__seed521__clean__g0050,fepysr,g0050,521,clean,0,ok,3614.106,true,true,true,true,,
fepysr__seed521__clean__g0051,fepysr,g0051,521,clean,0,ok,3616.068,true,true,true,true,,
fepysr__seed521__clean__g0052,fepysr,g0052,521,clean,0,ok,3613.313,true,true,true,true,,
fepysr__seed521__clean__g0053,fepysr,g0053,521,clean,0,ok,3613.164,true,true,true,true,,
fepysr__seed521__clean__g0054,fepysr,g0054,521,clean,0,ok,3612.046,true,true,true,true,,
fepysr__seed521__clean__g0055,fepysr,g0055,521,clean,0,ok,3611.797,true,true,true,true,,
fepysr__seed521__clean__g0056,fepysr,g0056,521,clean,0,ok,3614.016,true,true,true,true,,
fepysr__seed521__clean__g0057,fepysr,g0057,521,clean,0,ok,3613.968,true,true,true,true,,
fepysr__seed521__clean__g0058,fepysr,g0058,521,clean,0,ok,3613.308,true,true,true,true,,
fepysr__seed521__clean__g0059,fepysr,g0059,521,clean,0,ok,3614.896,true,true,true,true,,
fepysr__seed521__clean__g0060,fepysr,g0060,521,clean,0,ok,3612.416,true,true,true,true,,
fepysr__seed521__clean__g0061,fepysr,g0061,521,clean,0,ok,3616.087,true,true,true,true,,
fepysr__seed521__clean__g0062,fepysr,g0062,521,clean,0,ok,3619.406,true,true,true,true,,
fepysr__seed521__clean__g0063,fepysr,g0063,521,clean,0,ok,3621.578,true,true,true,true,,
fepysr__seed521__clean__g0064,fepysr,g0064,521,clean,0,ok,3620.452,true,true,true,true,,
fepysr__seed521__clean__g0065,fepysr,g0065,521,clean,0,ok,3622.151,true,true,true,true,,
fepysr__seed521__clean__g0066,fepysr,g0066,521,clean,0,ok,3621.925,true,true,true,true,,
fepysr__seed521__clean__g0067,fepysr,g0067,521,clean,0,ok,3620.953,true,true,true,true,,
fepysr__seed521__clean__g0068,fepysr,g0068,521,clean,0,ok,3618.853,true,true,true,true,,
fepysr__seed521__clean__g0069,fepysr,g0069,521,clean,0,ok,3619.579,true,true,true,true,,
fepysr__seed521__clean__g0070,fepysr,g0070,521,clean,0,ok,3622.430,true,true,true,true,,
fepysr__seed521__clean__g0071,fepysr,g0071,521,clean,0,ok,3620.490,true,true,true,true,,
fepysr__seed521__clean__g0072,fepysr,g0072,521,clean,0,ok,3619.817,true,true,true,true,,
fepysr__seed521__clean__g0073,fepysr,g0073,521,clean,0,ok,3617.452,true,true,true,true,,
fepysr__seed521__clean__g0074,fepysr,g0074,521,clean,0,ok,3617.818,true,true,true,true,,
fepysr__seed521__clean__g0075,fepysr,g0075,521,clean,0,ok,3616.682,true,true,true,true,,
fepysr__seed521__clean__g0076,fepysr,g0076,521,clean,0,ok,3619.504,true,true,true,true,,
fepysr__seed521__clean__g0077,fepysr,g0077,521,clean,0,ok,3619.977,true,true,true,true,,
fepysr__seed521__clean__g0078,fepysr,g0078,521,clean,0,ok,3617.164,true,true,true,true,,
fepysr__seed521__clean__g0079,fepysr,g0079,521,clean,0,ok,3616.619,true,true,true,true,,
fepysr__seed521__clean__g0080,fepysr,g0080,521,clean,0,ok,3618.655,true,true,true,true,,
fepysr__seed521__clean__g0081,fepysr,g0081,521,clean,0,ok,3664.653,true,true,true,true,,
fepysr__seed521__clean__g0082,fepysr,g0082,521,clean,0,ok,3620.713,true,true,true,true,,
fepysr__seed521__clean__g0083,fepysr,g0083,521,clean,0,ok,3621.424,true,true,true,true,,
fepysr__seed521__clean__g0084,fepysr,g0084,521,clean,0,ok,3617.603,true,true,true,true,,
fepysr__seed521__clean__g0085,fepysr,g0085,521,clean,0,ok,3618.877,true,true,true,true,,
fepysr__seed521__clean__g0086,fepysr,g0086,521,clean,0,ok,3619.243,true,true,true,true,,
fepysr__seed521__clean__g0087,fepysr,g0087,521,clean,0,ok,3617.987,true,true,true,true,,
fepysr__seed521__clean__g0088,fepysr,g0088,521,clean,0,ok,3647.864,true,true,true,true,,
fepysr__seed521__clean__g0089,fepysr,g0089,521,clean,0,ok,3617.965,true,true,true,true,,
fepysr__seed521__clean__g0090,fepysr,g0090,521,clean,0,ok,3616.575,true,true,true,true,,
fepysr__seed521__clean__g0091,fepysr,g0091,521,clean,0,ok,3656.574,true,true,true,true,,
fepysr__seed521__clean__g0092,fepysr,g0092,521,clean,0,ok,3618.094,true,true,true,true,,
fepysr__seed521__clean__g0093,fepysr,g0093,521,clean,0,ok,3617.469,true,true,true,true,,
fepysr__seed521__clean__g0094,fepysr,g0094,521,clean,0,ok,3619.343,true,true,true,true,,
fepysr__seed521__clean__g0095,fepysr,g0095,521,clean,0,ok,3621.002,true,true,true,true,,
fepysr__seed521__clean__g0096,fepysr,g0096,521,clean,0,ok,3615.219,true,true,true,true,,
fepysr__seed521__clean__g0097,fepysr,g0097,521,clean,0,ok,3691.502,true,true,true,true,,
fepysr__seed521__clean__g0098,fepysr,g0098,521,clean,0,ok,3620.165,true,true,true,true,,
fepysr__seed521__clean__g0099,fepysr,g0099,521,clean,0,ok,3620.938,true,true,true,true,,
fepysr__seed521__clean__g0100,fepysr,g0100,521,clean,0,ok,3665.097,true,true,true,true,,
fepysr__seed521__clean__g0101,fepysr,g0101,521,clean,0,ok,3620.358,true,true,true,true,,
fepysr__seed521__clean__g0102,fepysr,g0102,521,clean,0,ok,3619.584,true,true,true,true,,
fepysr__seed521__clean__g0103,fepysr,g0103,521,clean,0,ok,3619.234,true,true,true,true,,
fepysr__seed521__clean__g0104,fepysr,g0104,521,clean,0,ok,3617.520,true,true,true,true,,
fepysr__seed521__clean__g0105,fepysr,g0105,521,clean,0,ok,3617.452,true,true,true,true,,
fepysr__seed521__clean__g0106,fepysr,g0106,521,clean,0,ok,3615.654,true,true,true,true,,
fepysr__seed521__clean__g0107,fepysr,g0107,521,clean,0,ok,3632.948,true,true,true,true,,
fepysr__seed521__clean__g0108,fepysr,g0108,521,clean,0,ok,3636.598,true,true,true,true,,
fepysr__seed521__clean__g0109,fepysr,g0109,521,clean,0,ok,3619.803,true,true,true,true,,
fepysr__seed521__clean__g0110,fepysr,g0110,521,clean,0,ok,3621.025,true,true,true,true,,
fepysr__seed521__clean__g0111,fepysr,g0111,521,clean,0,ok,3618.223,true,true,true,true,,
fepysr__seed521__clean__g0112,fepysr,g0112,521,clean,0,ok,3652.321,true,true,true,true,,
fepysr__seed521__clean__g0113,fepysr,g0113,521,clean,0,ok,3655.503,true,true,true,true,,
fepysr__seed521__clean__g0114,fepysr,g0114,521,clean,0,ok,3616.988,true,true,true,true,,
fepysr__seed521__clean__g0115,fepysr,g0115,521,clean,0,ok,3617.153,true,true,true,true,,
fepysr__seed521__clean__g0116,fepysr,g0116,521,clean,0,ok,3618.140,true,true,true,true,,
fepysr__seed521__clean__g0117,fepysr,g0117,521,clean,0,ok,3620.521,true,true,true,true,,
fepysr__seed521__clean__g0118,fepysr,g0118,521,clean,0,ok,3618.868,true,true,true,true,,
fepysr__seed521__clean__g0119,fepysr,g0119,521,clean,0,ok,3619.245,true,true,true,true,,
fepysr__seed521__clean__g0120,fepysr,g0120,521,clean,0,ok,3705.898,true,true,true,true,,
fepysr__seed521__clean__g0121,fepysr,g0121,521,clean,0,ok,3613.956,true,true,true,true,,
fepysr__seed521__clean__g0122,fepysr,g0122,521,clean,0,ok,3616.765,true,true,true,true,,
fepysr__seed521__clean__g0123,fepysr,g0123,521,clean,0,ok,3617.304,true,true,true,true,,
fepysr__seed521__clean__g0124,fepysr,g0124,521,clean,0,ok,3618.676,true,true,true,true,,
fepysr__seed521__clean__g0125,fepysr,g0125,521,clean,0,ok,3616.750,true,true,true,true,,
fepysr__seed521__clean__g0126,fepysr,g0126,521,clean,0,ok,3617.790,true,true,true,true,,
fepysr__seed521__clean__g0127,fepysr,g0127,521,clean,0,ok,3619.408,true,true,true,true,,
fepysr__seed521__clean__g0128,fepysr,g0128,521,clean,0,ok,3618.344,true,true,true,true,,
fepysr__seed521__clean__g0129,fepysr,g0129,521,clean,0,ok,3618.818,true,true,true,true,,
fepysr__seed521__clean__g0130,fepysr,g0130,521,clean,0,ok,3673.039,true,true,true,true,,
fepysr__seed521__clean__g0131,fepysr,g0131,521,clean,0,ok,3636.364,true,true,true,true,,
fepysr__seed521__clean__g0132,fepysr,g0132,521,clean,0,ok,3616.277,true,true,true,true,,
fepysr__seed521__clean__g0133,fepysr,g0133,521,clean,0,ok,3616.605,true,true,true,true,,
fepysr__seed521__clean__g0134,fepysr,g0134,521,clean,0,ok,3616.423,true,true,true,true,,
fepysr__seed521__clean__g0135,fepysr,g0135,521,clean,0,ok,3613.182,true,true,true,true,,
fepysr__seed521__clean__g0136,fepysr,g0136,521,clean,0,ok,3646.770,true,true,true,true,,
fepysr__seed521__clean__g0137,fepysr,g0137,521,clean,0,ok,3624.981,true,true,true,true,,
fepysr__seed521__clean__g0138,fepysr,g0138,521,clean,0,ok,3620.314,true,true,true,true,,
fepysr__seed521__clean__g0139,fepysr,g0139,521,clean,0,ok,3621.710,true,true,true,true,,
fepysr__seed521__clean__g0140,fepysr,g0140,521,clean,0,ok,3621.185,true,true,true,true,,
fepysr__seed521__clean__g0141,fepysr,g0141,521,clean,0,ok,3621.200,true,true,true,true,,
fepysr__seed521__clean__g0142,fepysr,g0142,521,clean,0,ok,3616.617,true,true,true,true,,
fepysr__seed521__clean__g0143,fepysr,g0143,521,clean,0,ok,3616.487,true,true,true,true,,
fepysr__seed521__clean__g0144,fepysr,g0144,521,clean,0,ok,3616.456,true,true,true,true,,
fepysr__seed521__clean__g0145,fepysr,g0145,521,clean,0,ok,3619.523,true,true,true,true,,
fepysr__seed521__clean__g0146,fepysr,g0146,521,clean,0,ok,3618.990,true,true,true,true,,
fepysr__seed521__clean__g0147,fepysr,g0147,521,clean,0,ok,3632.015,true,true,true,true,,
fepysr__seed521__clean__g0148,fepysr,g0148,521,clean,0,ok,3618.959,true,true,true,true,,
fepysr__seed521__clean__g0149,fepysr,g0149,521,clean,0,ok,3619.384,true,true,true,true,,
fepysr__seed521__clean__g0150,fepysr,g0150,521,clean,0,ok,3617.658,true,true,true,true,,
fepysr__seed521__clean__g0151,fepysr,g0151,521,clean,0,ok,3614.872,true,true,true,true,,
fepysr__seed521__clean__g0152,fepysr,g0152,521,clean,0,ok,3614.554,true,true,true,true,,
fepysr__seed521__clean__g0153,fepysr,g0153,521,clean,0,ok,3616.369,true,true,true,true,,
fepysr__seed521__clean__g0154,fepysr,g0154,521,clean,0,ok,3616.172,true,true,true,true,,
fepysr__seed521__clean__g0155,fepysr,g0155,521,clean,0,ok,3615.571,true,true,true,true,,
fepysr__seed521__clean__g0156,fepysr,g0156,521,clean,0,ok,3615.806,true,true,true,true,,
fepysr__seed521__clean__g0157,fepysr,g0157,521,clean,0,ok,3617.809,true,true,true,true,,
fepysr__seed521__clean__g0158,fepysr,g0158,521,clean,0,ok,3711.070,true,true,true,true,,
fepysr__seed521__clean__g0159,fepysr,g0159,521,clean,0,ok,3617.879,true,true,true,true,,
fepysr__seed521__clean__g0160,fepysr,g0160,521,clean,0,ok,3616.894,true,true,true,true,,
fepysr__seed521__clean__g0161,fepysr,g0161,521,clean,0,ok,3616.581,true,true,true,true,,
fepysr__seed521__clean__g0162,fepysr,g0162,521,clean,0,ok,3615.160,true,true,true,true,,
fepysr__seed521__clean__g0163,fepysr,g0163,521,clean,0,ok,3617.197,true,true,true,true,,
fepysr__seed521__clean__g0164,fepysr,g0164,521,clean,0,ok,3615.791,true,true,true,true,,
fepysr__seed521__clean__g0165,fepysr,g0165,521,clean,0,ok,3712.731,true,true,true,true,,
fepysr__seed521__clean__g0166,fepysr,g0166,521,clean,0,ok,3617.742,true,true,true,true,,
fepysr__seed521__clean__g0167,fepysr,g0167,521,clean,0,ok,3616.839,true,true,true,true,,
fepysr__seed521__clean__g0168,fepysr,g0168,521,clean,0,ok,3617.261,true,true,true,true,,
fepysr__seed521__clean__g0169,fepysr,g0169,521,clean,0,ok,3617.607,true,true,true,true,,
fepysr__seed521__clean__g0170,fepysr,g0170,521,clean,0,ok,3618.511,true,true,true,true,,
fepysr__seed521__clean__g0171,fepysr,g0171,521,clean,0,ok,3642.533,true,true,true,true,,
fepysr__seed521__clean__g0172,fepysr,g0172,521,clean,0,ok,3701.892,true,true,true,true,,
fepysr__seed521__clean__g0173,fepysr,g0173,521,clean,0,ok,3611.499,true,true,true,true,,
fepysr__seed521__clean__g0174,fepysr,g0174,521,clean,0,ok,3612.250,true,true,true,true,,
fepysr__seed521__clean__g0175,fepysr,g0175,521,clean,0,ok,3606.065,true,true,true,true,,
fepysr__seed521__clean__g0176,fepysr,g0176,521,clean,0,ok,3613.123,true,true,true,true,,
fepysr__seed521__clean__g0177,fepysr,g0177,521,clean,0,ok,3611.258,true,true,true,true,,
fepysr__seed521__clean__g0178,fepysr,g0178,521,clean,0,ok,3611.454,true,true,true,true,,
fepysr__seed521__clean__g0179,fepysr,g0179,521,clean,0,ok,3613.749,true,true,true,true,,
fepysr__seed521__clean__g0180,fepysr,g0180,521,clean,0,ok,3612.190,true,true,true,true,,
fepysr__seed521__clean__g0181,fepysr,g0181,521,clean,0,ok,3663.981,true,true,true,true,,
fepysr__seed521__clean__g0182,fepysr,g0182,521,clean,0,ok,3612.111,true,true,true,true,,
fepysr__seed521__clean__g0183,fepysr,g0183,521,clean,0,ok,3611.489,true,true,true,true,,
fepysr__seed521__clean__g0184,fepysr,g0184,521,clean,0,ok,3612.258,true,true,true,true,,
fepysr__seed521__clean__g0185,fepysr,g0185,521,clean,0,ok,3647.446,true,true,true,true,,
fepysr__seed521__clean__g0186,fepysr,g0186,521,clean,0,ok,3612.642,true,true,true,true,,
fepysr__seed521__clean__g0187,fepysr,g0187,521,clean,0,ok,3611.875,true,true,true,true,,
fepysr__seed521__clean__g0188,fepysr,g0188,521,clean,0,ok,3612.636,true,true,true,true,,
fepysr__seed521__clean__g0189,fepysr,g0189,521,clean,0,ok,3611.980,true,true,true,true,,
fepysr__seed521__clean__g0190,fepysr,g0190,521,clean,0,ok,3643.676,true,true,true,true,,
fepysr__seed521__clean__g0191,fepysr,g0191,521,clean,0,ok,3659.075,true,true,true,true,,
fepysr__seed521__clean__g0192,fepysr,g0192,521,clean,0,ok,3613.120,true,true,true,true,,
fepysr__seed521__clean__g0193,fepysr,g0193,521,clean,0,ok,3612.522,true,true,true,true,,
fepysr__seed521__clean__g0194,fepysr,g0194,521,clean,0,ok,3612.126,true,true,true,true,,
fepysr__seed521__clean__g0195,fepysr,g0195,521,clean,0,ok,3612.731,true,true,true,true,,
fepysr__seed521__clean__g0196,fepysr,g0196,521,clean,0,ok,3647.610,true,true,true,true,,
fepysr__seed521__clean__g0197,fepysr,g0197,521,clean,0,ok,3644.490,true,true,true,true,,
fepysr__seed521__clean__g0198,fepysr,g0198,521,clean,0,ok,3611.714,true,true,true,true,,
fepysr__seed521__clean__g0199,fepysr,g0199,521,clean,0,ok,3611.998,true,true,true,true,,
fepysr__seed521__clean__g0200,fepysr,g0200,521,clean,0,ok,3631.371,true,true,true,true,,
fepysr__seed521__clean__g0201,fepysr,g0201,521,clean,0,ok,3629.482,true,true,true,true,,
fepysr__seed521__clean__g0202,fepysr,g0202,521,clean,0,ok,3612.213,true,true,true,true,,
fepysr__seed521__clean__g0203,fepysr,g0203,521,clean,0,ok,3612.528,true,true,true,true,,
fepysr__seed521__clean__g0204,fepysr,g0204,521,clean,0,ok,3611.888,true,true,true,true,,
fepysr__seed521__clean__g0205,fepysr,g0205,521,clean,0,ok,3612.594,true,true,true,true,,
fepysr__seed521__clean__g0206,fepysr,g0206,521,clean,0,ok,3611.393,true,true,true,true,,
fepysr__seed521__clean__g0207,fepysr,g0207,521,clean,0,ok,3611.906,true,true,true,true,,
fepysr__seed521__clean__g0208,fepysr,g0208,521,clean,0,ok,3612.131,true,true,true,true,,
fepysr__seed521__clean__g0209,fepysr,g0209,521,clean,0,ok,3612.362,true,true,true,true,,
fepysr__seed521__clean__g0210,fepysr,g0210,521,clean,0,ok,3612.870,true,true,true,true,,
fepysr__seed521__clean__g0211,fepysr,g0211,521,clean,0,ok,3613.344,true,true,true,true,,
fepysr__seed521__clean__g0212,fepysr,g0212,521,clean,0,ok,3611.975,true,true,true,true,,
fepysr__seed521__clean__g0213,fepysr,g0213,521,clean,0,ok,3613.011,true,true,true,true,,
fepysr__seed521__clean__g0214,fepysr,g0214,521,clean,0,ok,3612.402,true,true,true,true,,
fepysr__seed521__clean__g0215,fepysr,g0215,521,clean,0,ok,3611.793,true,true,true,true,,
fepysr__seed521__clean__g0216,fepysr,g0216,521,clean,0,ok,3611.645,true,true,true,true,,
fepysr__seed521__clean__g0217,fepysr,g0217,521,clean,0,ok,3611.378,true,true,true,true,,
fepysr__seed521__clean__g0218,fepysr,g0218,521,clean,0,ok,3612.498,true,true,true,true,,
fepysr__seed521__clean__g0219,fepysr,g0219,521,clean,0,ok,3613.009,true,true,true,true,,
fepysr__seed521__clean__g0220,fepysr,g0220,521,clean,0,ok,3619.380,true,true,true,true,,
fepysr__seed521__clean__g0221,fepysr,g0221,521,clean,0,ok,3611.963,true,true,true,true,,
fepysr__seed521__clean__g0222,fepysr,g0222,521,clean,0,ok,3612.741,true,true,true,true,,
fepysr__seed521__clean__g0223,fepysr,g0223,521,clean,0,ok,3612.328,true,true,true,true,,
fepysr__seed521__clean__g0224,fepysr,g0224,521,clean,0,ok,3613.031,true,true,true,true,,
fepysr__seed521__clean__g0225,fepysr,g0225,521,clean,0,ok,3612.488,true,true,true,true,,
fepysr__seed521__clean__g0226,fepysr,g0226,521,clean,0,ok,3617.935,true,true,true,true,,
fepysr__seed521__clean__g0227,fepysr,g0227,521,clean,0,ok,3660.809,true,true,true,true,,
fepysr__seed521__clean__g0228,fepysr,g0228,521,clean,0,ok,3611.951,true,true,true,true,,
fepysr__seed521__clean__g0229,fepysr,g0229,521,clean,0,ok,3612.838,true,true,true,true,,
fepysr__seed521__clean__g0230,fepysr,g0230,521,clean,0,ok,3612.540,true,true,true,true,,
fepysr__seed521__clean__g0231,fepysr,g0231,521,clean,0,ok,3667.165,true,true,true,true,,
fepysr__seed521__clean__g0232,fepysr,g0232,521,clean,0,ok,3612.505,true,true,true,true,,
fepysr__seed521__clean__g0233,fepysr,g0233,521,clean,0,ok,3612.316,true,true,true,true,,
fepysr__seed521__clean__g0234,fepysr,g0234,521,clean,0,ok,3612.856,true,true,true,true,,
fepysr__seed521__clean__g0235,fepysr,g0235,521,clean,0,ok,3612.498,true,true,true,true,,
fepysr__seed521__clean__g0236,fepysr,g0236,521,clean,0,ok,3612.385,true,true,true,true,,
fepysr__seed521__clean__g0237,fepysr,g0237,521,clean,0,ok,3611.978,true,true,true,true,,
fepysr__seed521__clean__g0238,fepysr,g0238,521,clean,0,ok,3612.827,true,true,true,true,,
fepysr__seed521__clean__g0239,fepysr,g0239,521,clean,0,ok,3612.674,true,true,true,true,,
fepysr__seed521__clean__g0240,fepysr,g0240,521,clean,0,ok,3612.086,true,true,true,true,,
fepysr__seed521__clean__g0241,fepysr,g0241,521,clean,0,ok,3612.571,true,true,true,true,,
fepysr__seed521__clean__g0242,fepysr,g0242,521,clean,0,ok,3611.932,true,true,true,true,,
fepysr__seed521__clean__g0243,fepysr,g0243,521,clean,0,ok,3612.372,true,true,true,true,,
fepysr__seed521__clean__g0244,fepysr,g0244,521,clean,0,ok,3612.743,true,true,true,true,,
fepysr__seed521__clean__g0245,fepysr,g0245,521,clean,0,ok,3612.161,true,true,true,true,,
fepysr__seed521__clean__g0246,fepysr,g0246,521,clean,0,ok,3611.476,true,true,true,true,,
fepysr__seed521__clean__g0247,fepysr,g0247,521,clean,0,ok,3612.348,true,true,true,true,,
fepysr__seed521__clean__g0248,fepysr,g0248,521,clean,0,ok,3626.078,true,true,true,true,,
fepysr__seed521__clean__g0249,fepysr,g0249,521,clean,0,ok,3611.955,true,true,true,true,,
fepysr__seed521__clean__g0250,fepysr,g0250,521,clean,0,ok,3611.850,true,true,true,true,,
fepysr__seed521__clean__g0251,fepysr,g0251,521,clean,0,ok,3612.010,true,true,true,true,,
fepysr__seed521__clean__g0252,fepysr,g0252,521,clean,0,ok,3612.717,true,true,true,true,,
fepysr__seed521__clean__g0253,fepysr,g0253,521,clean,0,ok,3612.748,true,true,true,true,,
fepysr__seed521__clean__g0254,fepysr,g0254,521,clean,0,ok,3611.072,true,true,true,true,,
fepysr__seed521__clean__g0255,fepysr,g0255,521,clean,0,ok,3613.027,true,true,true,true,,
fepysr__seed521__clean__g0256,fepysr,g0256,521,clean,0,ok,3612.070,true,true,true,true,,
fepysr__seed521__clean__g0257,fepysr,g0257,521,clean,0,ok,3611.898,true,true,true,true,,
fepysr__seed521__clean__g0258,fepysr,g0258,521,clean,0,ok,3612.799,true,true,true,true,,
fepysr__seed521__clean__g0259,fepysr,g0259,521,clean,0,ok,3611.993,true,true,true,true,,
fepysr__seed521__clean__g0260,fepysr,g0260,521,clean,0,ok,3610.913,true,true,true,true,,
fepysr__seed521__clean__g0261,fepysr,g0261,521,clean,0,ok,3612.553,true,true,true,true,,
fepysr__seed521__clean__g0262,fepysr,g0262,521,clean,0,ok,3612.606,true,true,true,true,,
fepysr__seed521__clean__g0263,fepysr,g0263,521,clean,0,ok,3687.702,true,true,true,true,,
fepysr__seed521__clean__g0264,fepysr,g0264,521,clean,0,ok,3612.202,true,true,true,true,,
fepysr__seed521__clean__g0265,fepysr,g0265,521,clean,0,ok,3697.442,true,true,true,true,,
fepysr__seed521__clean__g0266,fepysr,g0266,521,clean,0,ok,3612.067,true,true,true,true,,
fepysr__seed521__clean__g0267,fepysr,g0267,521,clean,0,ok,3611.344,true,true,true,true,,
fepysr__seed521__clean__g0268,fepysr,g0268,521,clean,0,ok,3611.627,true,true,true,true,,
fepysr__seed521__clean__g0269,fepysr,g0269,521,clean,0,ok,3613.420,true,true,true,true,,
fepysr__seed521__clean__g0270,fepysr,g0270,521,clean,0,ok,3664.102,true,true,true,true,,
fepysr__seed521__clean__g0271,fepysr,g0271,521,clean,0,ok,3613.091,true,true,true,true,,
fepysr__seed521__clean__g0272,fepysr,g0272,521,clean,0,ok,3612.843,true,true,true,true,,
fepysr__seed521__clean__g0273,fepysr,g0273,521,clean,0,ok,3611.454,true,true,true,true,,
fepysr__seed521__clean__g0274,fepysr,g0274,521,clean,0,ok,3667.838,true,true,true,true,,
fepysr__seed521__clean__g0275,fepysr,g0275,521,clean,0,ok,3663.451,true,true,true,true,,
fepysr__seed521__clean__g0276,fepysr,g0276,521,clean,0,ok,3612.347,true,true,true,true,,
fepysr__seed521__clean__g0277,fepysr,g0277,521,clean,0,ok,3611.644,true,true,true,true,,
fepysr__seed521__clean__g0278,fepysr,g0278,521,clean,0,ok,3611.824,true,true,true,true,,
fepysr__seed521__clean__g0279,fepysr,g0279,521,clean,0,ok,3611.808,true,true,true,true,,
fepysr__seed521__clean__g0280,fepysr,g0280,521,clean,0,ok,3677.566,true,true,true,true,,
fepysr__seed521__clean__g0281,fepysr,g0281,521,clean,0,ok,3675.369,true,true,true,true,,
fepysr__seed521__clean__g0282,fepysr,g0282,521,clean,0,ok,3611.840,true,true,true,true,,
fepysr__seed521__clean__g0283,fepysr,g0283,521,clean,0,ok,3612.334,true,true,true,true,,
fepysr__seed521__clean__g0284,fepysr,g0284,521,clean,0,ok,3612.562,true,true,true,true,,
fepysr__seed521__clean__g0285,fepysr,g0285,521,clean,0,ok,3669.150,true,true,true,true,,
fepysr__seed521__clean__g0286,fepysr,g0286,521,clean,0,ok,3612.290,true,true,true,true,,
fepysr__seed521__clean__g0287,fepysr,g0287,521,clean,0,ok,3613.365,true,true,true,true,,
fepysr__seed521__clean__g0288,fepysr,g0288,521,clean,0,ok,3613.658,true,true,true,true,,
fepysr__seed521__clean__g0289,fepysr,g0289,521,clean,0,ok,3617.919,true,true,true,true,,
fepysr__seed521__clean__g0290,fepysr,g0290,521,clean,0,ok,3667.352,true,true,true,true,,
fepysr__seed521__clean__g0291,fepysr,g0291,521,clean,0,ok,3611.839,true,true,true,true,,
fepysr__seed521__clean__g0292,fepysr,g0292,521,clean,0,ok,3611.775,true,true,true,true,,
fepysr__seed521__clean__g0293,fepysr,g0293,521,clean,0,ok,3611.743,true,true,true,true,,
fepysr__seed521__clean__g0294,fepysr,g0294,521,clean,0,ok,3612.092,true,true,true,true,,
fepysr__seed521__clean__g0295,fepysr,g0295,521,clean,0,ok,3612.891,true,true,true,true,,
fepysr__seed521__clean__g0296,fepysr,g0296,521,clean,0,ok,3612.941,true,true,true,true,,
fepysr__seed521__clean__g0297,fepysr,g0297,521,clean,0,ok,3618.573,true,true,true,true,,
fepysr__seed521__clean__g0298,fepysr,g0298,521,clean,0,ok,3611.758,true,true,true,true,,
fepysr__seed521__clean__g0299,fepysr,g0299,521,clean,0,ok,3612.380,true,true,true,true,,
fepysr__seed521__clean__g0300,fepysr,g0300,521,clean,0,ok,3611.841,true,true,true,true,,
fepysr__seed521__clean__g0301,fepysr,g0301,521,clean,0,ok,3641.720,true,true,true,true,,
fepysr__seed521__clean__g0302,fepysr,g0302,521,clean,0,ok,3612.312,true,true,true,true,,
fepysr__seed521__clean__g0303,fepysr,g0303,521,clean,0,ok,3612.298,true,true,true,true,,
fepysr__seed521__clean__g0304,fepysr,g0304,521,clean,0,ok,3612.177,true,true,true,true,,
fepysr__seed521__clean__g0305,fepysr,g0305,521,clean,0,ok,3612.958,true,true,true,true,,
fepysr__seed521__clean__g0306,fepysr,g0306,521,clean,0,ok,3612.023,true,true,true,true,,
fepysr__seed521__clean__g0307,fepysr,g0307,521,clean,0,ok,3612.184,true,true,true,true,,
fepysr__seed521__clean__g0308,fepysr,g0308,521,clean,0,ok,3612.222,true,true,true,true,,
fepysr__seed521__clean__g0309,fepysr,g0309,521,clean,0,ok,3626.923,true,true,true,true,,
fepysr__seed521__clean__g0310,fepysr,g0310,521,clean,0,ok,3611.792,true,true,true,true,,
fepysr__seed521__clean__g0311,fepysr,g0311,521,clean,0,ok,3612.172,true,true,true,true,,
fepysr__seed521__clean__g0312,fepysr,g0312,521,clean,0,ok,3611.424,true,true,true,true,,
fepysr__seed521__clean__g0313,fepysr,g0313,521,clean,0,ok,3618.457,true,true,true,true,,
fepysr__seed521__clean__g0314,fepysr,g0314,521,clean,0,ok,3611.790,true,true,true,true,,
fepysr__seed521__clean__g0315,fepysr,g0315,521,clean,0,ok,3613.875,true,true,true,true,,
fepysr__seed521__clean__g0316,fepysr,g0316,521,clean,0,ok,3611.698,true,true,true,true,,
fepysr__seed521__clean__g0317,fepysr,g0317,521,clean,0,ok,3632.609,true,true,true,true,,
fepysr__seed521__clean__g0318,fepysr,g0318,521,clean,0,ok,3613.034,true,true,true,true,,
fepysr__seed521__clean__g0319,fepysr,g0319,521,clean,0,ok,3612.265,true,true,true,true,,
fepysr__seed521__clean__g0320,fepysr,g0320,521,clean,0,ok,3613.908,true,true,true,true,,
fepysr__seed521__clean__g0321,fepysr,g0321,521,clean,0,ok,3636.966,true,true,true,true,,
fepysr__seed521__clean__g0322,fepysr,g0322,521,clean,0,ok,3612.298,true,true,true,true,,
fepysr__seed521__clean__g0323,fepysr,g0323,521,clean,0,ok,3613.538,true,true,true,true,,
fepysr__seed521__clean__g0324,fepysr,g0324,521,clean,0,ok,3612.259,true,true,true,true,,
fepysr__seed521__clean__g0325,fepysr,g0325,521,clean,0,ok,3611.815,true,true,true,true,,
fepysr__seed521__clean__g0326,fepysr,g0326,521,clean,0,ok,3611.220,true,true,true,true,,
fepysr__seed521__clean__g0327,fepysr,g0327,521,clean,0,ok,3612.488,true,true,true,true,,
fepysr__seed521__clean__g0328,fepysr,g0328,521,clean,0,ok,3612.545,true,true,true,true,,
fepysr__seed521__clean__g0329,fepysr,g0329,521,clean,0,ok,3612.083,true,true,true,true,,
fepysr__seed521__clean__g0330,fepysr,g0330,521,clean,0,ok,3612.506,true,true,true,true,,
fepysr__seed521__clean__g0331,fepysr,g0331,521,clean,0,ok,3613.153,true,true,true,true,,
fepysr__seed521__clean__g0332,fepysr,g0332,521,clean,0,ok,3612.021,true,true,true,true,,
fepysr__seed521__clean__g0333,fepysr,g0333,521,clean,0,ok,3611.647,true,true,true,true,,
fepysr__seed521__clean__g0334,fepysr,g0334,521,clean,0,ok,3612.600,true,true,true,true,,
fepysr__seed521__clean__g0335,fepysr,g0335,521,clean,0,ok,3611.105,true,true,true,true,,
fepysr__seed521__clean__g0336,fepysr,g0336,521,clean,0,ok,3632.168,true,true,true,true,,
fepysr__seed521__clean__g0337,fepysr,g0337,521,clean,0,ok,3680.582,true,true,true,true,,
fepysr__seed521__clean__g0338,fepysr,g0338,521,clean,0,ok,3611.352,true,true,true,true,,
fepysr__seed521__clean__g0339,fepysr,g0339,521,clean,0,ok,3612.583,true,true,true,true,,
fepysr__seed521__clean__g0340,fepysr,g0340,521,clean,0,ok,3612.285,true,true,true,true,,
fepysr__seed521__clean__g0341,fepysr,g0341,521,clean,0,ok,3711.292,true,true,true,true,,
fepysr__seed521__clean__g0342,fepysr,g0342,521,clean,0,ok,3612.209,true,true,true,true,,
fepysr__seed521__clean__g0343,fepysr,g0343,521,clean,0,ok,3611.825,true,true,true,true,,
fepysr__seed521__clean__g0344,fepysr,g0344,521,clean,0,ok,3612.166,true,true,true,true,,
fepysr__seed521__clean__g0345,fepysr,g0345,521,clean,0,ok,3673.878,true,true,true,true,,
fepysr__seed521__clean__g0346,fepysr,g0346,521,clean,0,ok,3613.640,true,true,true,true,,
fepysr__seed521__clean__g0347,fepysr,g0347,521,clean,0,ok,3612.110,true,true,true,true,,
fepysr__seed521__clean__g0348,fepysr,g0348,521,clean,0,ok,3612.468,true,true,true,true,,
fepysr__seed521__clean__g0349,fepysr,g0349,521,clean,0,ok,3611.842,true,true,true,true,,
fepysr__seed521__clean__g0350,fepysr,g0350,521,clean,0,ok,3613.157,true,true,true,true,,
fepysr__seed521__clean__g0351,fepysr,g0351,521,clean,0,ok,3612.729,true,true,true,true,,
fepysr__seed521__clean__g0352,fepysr,g0352,521,clean,0,ok,3614.030,true,true,true,true,,
fepysr__seed521__clean__g0353,fepysr,g0353,521,clean,0,ok,3644.371,true,true,true,true,,
fepysr__seed521__clean__g0354,fepysr,g0354,521,clean,0,ok,3613.084,true,true,true,true,,
fepysr__seed521__clean__g0355,fepysr,g0355,521,clean,0,ok,3611.595,true,true,true,true,,
fepysr__seed521__clean__g0356,fepysr,g0356,521,clean,0,ok,3611.887,true,true,true,true,,
fepysr__seed521__clean__g0357,fepysr,g0357,521,clean,0,ok,3611.456,true,true,true,true,,
fepysr__seed521__clean__g0358,fepysr,g0358,521,clean,0,ok,3611.780,true,true,true,true,,
fepysr__seed521__clean__g0359,fepysr,g0359,521,clean,0,ok,3684.455,true,true,true,true,,
fepysr__seed521__clean__g0360,fepysr,g0360,521,clean,0,ok,3612.931,true,true,true,true,,
fepysr__seed521__clean__g0361,fepysr,g0361,521,clean,0,ok,3612.647,true,true,true,true,,
fepysr__seed521__clean__g0362,fepysr,g0362,521,clean,0,ok,3613.142,true,true,true,true,,
fepysr__seed521__clean__g0363,fepysr,g0363,521,clean,0,ok,3618.868,true,true,true,true,,
fepysr__seed521__clean__g0364,fepysr,g0364,521,clean,0,ok,3612.378,true,true,true,true,,
fepysr__seed521__clean__g0365,fepysr,g0365,521,clean,0,ok,3613.587,true,true,true,true,,
fepysr__seed521__clean__g0366,fepysr,g0366,521,clean,0,ok,3612.982,true,true,true,true,,
fepysr__seed521__clean__g0367,fepysr,g0367,521,clean,0,ok,3613.024,true,true,true,true,,
fepysr__seed521__clean__g0368,fepysr,g0368,521,clean,0,ok,3611.395,true,true,true,true,,
fepysr__seed521__clean__g0369,fepysr,g0369,521,clean,0,ok,3643.521,true,true,true,true,,
fepysr__seed521__clean__g0370,fepysr,g0370,521,clean,0,ok,3616.364,true,true,true,true,,
fepysr__seed521__clean__g0371,fepysr,g0371,521,clean,0,ok,3612.636,true,true,true,true,,
fepysr__seed521__clean__g0372,fepysr,g0372,521,clean,0,ok,3613.324,true,true,true,true,,
fepysr__seed521__clean__g0373,fepysr,g0373,521,clean,0,ok,3612.283,true,true,true,true,,
fepysr__seed521__clean__g0374,fepysr,g0374,521,clean,0,ok,3612.705,true,true,true,true,,
fepysr__seed521__clean__g0375,fepysr,g0375,521,clean,0,ok,3613.802,true,true,true,true,,
fepysr__seed521__clean__g0376,fepysr,g0376,521,clean,0,ok,3614.032,true,true,true,true,,
fepysr__seed521__clean__g0377,fepysr,g0377,521,clean,0,ok,3612.764,true,true,true,true,,
fepysr__seed521__clean__g0378,fepysr,g0378,521,clean,0,ok,3611.914,true,true,true,true,,
fepysr__seed521__clean__g0379,fepysr,g0379,521,clean,0,ok,3612.317,true,true,true,true,,
fepysr__seed521__clean__g0380,fepysr,g0380,521,clean,0,ok,3613.606,true,true,true,true,,
fepysr__seed521__clean__g0381,fepysr,g0381,521,clean,0,ok,3612.255,true,true,true,true,,
fepysr__seed521__clean__g0382,fepysr,g0382,521,clean,0,ok,3611.938,true,true,true,true,,
fepysr__seed521__clean__g0383,fepysr,g0383,521,clean,0,ok,3611.707,true,true,true,true,,
fepysr__seed521__clean__g0384,fepysr,g0384,521,clean,0,ok,3612.581,true,true,true,true,,
fepysr__seed521__clean__g0385,fepysr,g0385,521,clean,0,ok,3612.407,true,true,true,true,,
fepysr__seed521__clean__g0386,fepysr,g0386,521,clean,0,ok,3613.708,true,true,true,true,,
fepysr__seed521__clean__g0387,fepysr,g0387,521,clean,0,ok,3614.582,true,true,true,true,,
fepysr__seed521__clean__g0388,fepysr,g0388,521,clean,0,ok,3650.689,true,true,true,true,,
fepysr__seed521__clean__g0389,fepysr,g0389,521,clean,0,ok,3612.332,true,true,true,true,,
fepysr__seed521__clean__g0390,fepysr,g0390,521,clean,0,ok,3612.325,true,true,true,true,,
fepysr__seed521__clean__g0391,fepysr,g0391,521,clean,0,ok,3613.786,true,true,true,true,,
fepysr__seed521__clean__g0392,fepysr,g0392,521,clean,0,ok,3611.480,true,true,true,true,,
fepysr__seed521__clean__g0393,fepysr,g0393,521,clean,0,ok,3611.708,true,true,true,true,,
fepysr__seed521__clean__g0394,fepysr,g0394,521,clean,0,ok,3611.813,true,true,true,true,,
fepysr__seed521__clean__g0395,fepysr,g0395,521,clean,0,ok,3611.858,true,true,true,true,,
fepysr__seed521__clean__g0396,fepysr,g0396,521,clean,0,ok,3612.930,true,true,true,true,,
fepysr__seed521__clean__g0397,fepysr,g0397,521,clean,0,ok,3612.888,true,true,true,true,,
fepysr__seed521__clean__g0398,fepysr,g0398,521,clean,0,ok,3667.271,true,true,true,true,,
fepysr__seed521__clean__g0399,fepysr,g0399,521,clean,0,ok,3612.121,true,true,true,true,,
fepysr__seed521__clean__g0400,fepysr,g0400,521,clean,0,ok,3613.488,true,true,true,true,,
fepysr__seed521__clean__g0401,fepysr,g0401,521,clean,0,ok,3684.512,true,true,true,true,,
fepysr__seed521__clean__g0402,fepysr,g0402,521,clean,0,ok,3612.166,true,true,true,true,,
fepysr__seed521__clean__g0403,fepysr,g0403,521,clean,0,ok,3612.972,true,true,true,true,,
fepysr__seed521__clean__g0404,fepysr,g0404,521,clean,0,ok,3613.553,true,true,true,true,,
fepysr__seed521__clean__g0405,fepysr,g0405,521,clean,0,ok,3611.457,true,true,true,true,,
fepysr__seed521__clean__g0406,fepysr,g0406,521,clean,0,ok,3689.834,true,true,true,true,,
fepysr__seed521__clean__g0407,fepysr,g0407,521,clean,0,ok,3611.988,true,true,true,true,,
fepysr__seed521__clean__g0408,fepysr,g0408,521,clean,0,ok,3611.154,true,true,true,true,,
fepysr__seed521__clean__g0409,fepysr,g0409,521,clean,0,ok,3680.147,true,true,true,true,,
fepysr__seed521__clean__g0410,fepysr,g0410,521,clean,0,ok,3611.776,true,true,true,true,,
fepysr__seed521__clean__g0411,fepysr,g0411,521,clean,0,ok,3611.827,true,true,true,true,,
fepysr__seed521__clean__g0412,fepysr,g0412,521,clean,0,ok,3613.634,true,true,true,true,,
fepysr__seed521__clean__g0413,fepysr,g0413,521,clean,0,ok,3627.651,true,true,true,true,,
fepysr__seed521__clean__g0414,fepysr,g0414,521,clean,0,ok,3680.262,true,true,true,true,,
fepysr__seed521__clean__g0415,fepysr,g0415,521,clean,0,ok,3611.566,true,true,true,true,,
fepysr__seed521__clean__g0416,fepysr,g0416,521,clean,0,ok,3613.089,true,true,true,true,,
fepysr__seed521__clean__g0417,fepysr,g0417,521,clean,0,ok,3613.610,true,true,true,true,,
fepysr__seed521__clean__g0418,fepysr,g0418,521,clean,0,ok,3613.018,true,true,true,true,,
fepysr__seed521__clean__g0419,fepysr,g0419,521,clean,0,ok,3665.960,true,true,true,true,,
fepysr__seed521__clean__g0420,fepysr,g0420,521,clean,0,ok,3611.686,true,true,true,true,,
fepysr__seed521__clean__g0421,fepysr,g0421,521,clean,0,ok,3612.340,true,true,true,true,,
fepysr__seed521__clean__g0422,fepysr,g0422,521,clean,0,ok,3612.988,true,true,true,true,,
fepysr__seed521__clean__g0423,fepysr,g0423,521,clean,0,ok,3611.975,true,true,true,true,,
fepysr__seed521__clean__g0424,fepysr,g0424,521,clean,0,ok,3612.761,true,true,true,true,,
fepysr__seed521__clean__g0425,fepysr,g0425,521,clean,0,ok,3612.025,true,true,true,true,,
fepysr__seed521__clean__g0426,fepysr,g0426,521,clean,0,ok,3612.366,true,true,true,true,,
fepysr__seed521__clean__g0427,fepysr,g0427,521,clean,0,ok,3611.705,true,true,true,true,,
fepysr__seed521__clean__g0428,fepysr,g0428,521,clean,0,ok,3611.591,true,true,true,true,,
fepysr__seed521__clean__g0429,fepysr,g0429,521,clean,0,ok,3611.785,true,true,true,true,,
fepysr__seed521__clean__g0430,fepysr,g0430,521,clean,0,ok,3611.629,true,true,true,true,,
fepysr__seed521__clean__g0431,fepysr,g0431,521,clean,0,ok,3613.471,true,true,true,true,,
fepysr__seed521__clean__g0432,fepysr,g0432,521,clean,0,ok,3612.609,true,true,true,true,,
fepysr__seed521__clean__g0433,fepysr,g0433,521,clean,0,ok,3701.613,true,true,true,true,,
fepysr__seed521__clean__g0434,fepysr,g0434,521,clean,0,ok,3612.316,true,true,true,true,,
fepysr__seed521__clean__g0435,fepysr,g0435,521,clean,0,ok,3613.782,true,true,true,true,,
fepysr__seed521__clean__g0436,fepysr,g0436,521,clean,0,ok,3612.414,true,true,true,true,,
fepysr__seed521__clean__g0437,fepysr,g0437,521,clean,0,ok,3612.715,true,true,true,true,,
fepysr__seed521__clean__g0438,fepysr,g0438,521,clean,0,ok,3611.877,true,true,true,true,,
fepysr__seed521__clean__g0439,fepysr,g0439,521,clean,0,ok,3611.822,true,true,true,true,,
fepysr__seed521__clean__g0440,fepysr,g0440,521,clean,0,ok,3613.923,true,true,true,true,,
fepysr__seed521__clean__g0441,fepysr,g0441,521,clean,0,ok,3611.919,true,true,true,true,,
fepysr__seed521__clean__g0442,fepysr,g0442,521,clean,0,ok,3621.140,true,true,true,true,,
fepysr__seed521__clean__g0443,fepysr,g0443,521,clean,0,ok,3612.609,true,true,true,true,,
fepysr__seed521__clean__g0444,fepysr,g0444,521,clean,0,ok,3613.162,true,true,true,true,,
fepysr__seed521__clean__g0445,fepysr,g0445,521,clean,0,ok,3615.172,true,true,true,true,,
fepysr__seed521__clean__g0446,fepysr,g0446,521,clean,0,ok,3611.603,true,true,true,true,,
fepysr__seed521__clean__g0447,fepysr,g0447,521,clean,0,ok,3624.969,true,true,true,true,,
fepysr__seed521__clean__g0448,fepysr,g0448,521,clean,0,ok,3611.165,true,true,true,true,,
fepysr__seed521__clean__g0449,fepysr,g0449,521,clean,0,ok,3608.938,true,true,true,true,,
fepysr__seed521__clean__g0450,fepysr,g0450,521,clean,0,ok,3612.503,true,true,true,true,,
fepysr__seed521__clean__g0451,fepysr,g0451,521,clean,0,ok,3613.286,true,true,true,true,,
fepysr__seed521__clean__g0452,fepysr,g0452,521,clean,0,ok,3612.941,true,true,true,true,,
fepysr__seed521__clean__g0453,fepysr,g0453,521,clean,0,ok,3612.556,true,true,true,true,,
fepysr__seed521__clean__g0454,fepysr,g0454,521,clean,0,ok,3615.295,true,true,true,true,,
fepysr__seed521__clean__g0455,fepysr,g0455,521,clean,0,ok,3611.866,true,true,true,true,,
fepysr__seed521__clean__g0456,fepysr,g0456,521,clean,0,ok,3613.660,true,true,true,true,,
fepysr__seed521__clean__g0457,fepysr,g0457,521,clean,0,ok,3613.733,true,true,true,true,,
fepysr__seed521__clean__g0458,fepysr,g0458,521,clean,0,ok,3738.933,true,true,true,true,,
fepysr__seed521__clean__g0459,fepysr,g0459,521,clean,0,ok,3613.638,true,true,true,true,,
fepysr__seed521__clean__g0460,fepysr,g0460,521,clean,0,ok,3613.042,true,true,true,true,,
fepysr__seed521__clean__g0461,fepysr,g0461,521,clean,0,ok,3613.589,true,true,true,true,,
fepysr__seed521__clean__g0462,fepysr,g0462,521,clean,0,ok,3611.999,true,true,true,true,,
fepysr__seed521__clean__g0463,fepysr,g0463,521,clean,0,ok,3613.262,true,true,true,true,,
fepysr__seed521__clean__g0464,fepysr,g0464,521,clean,0,ok,3614.667,true,true,true,true,,
fepysr__seed521__clean__g0465,fepysr,g0465,521,clean,0,ok,3638.882,true,true,true,true,,
fepysr__seed521__clean__g0466,fepysr,g0466,521,clean,0,ok,3614.019,true,true,true,true,,
fepysr__seed521__clean__g0467,fepysr,g0467,521,clean,0,ok,3612.093,true,true,true,true,,
fepysr__seed521__clean__g0468,fepysr,g0468,521,clean,0,ok,3733.398,true,true,true,true,,
fepysr__seed521__clean__g0469,fepysr,g0469,521,clean,0,ok,3612.850,true,true,true,true,,
fepysr__seed521__clean__g0470,fepysr,g0470,521,clean,0,ok,3612.213,true,true,true,true,,
fepysr__seed521__clean__g0471,fepysr,g0471,521,clean,0,ok,3612.478,true,true,true,true,,
fepysr__seed521__clean__g0472,fepysr,g0472,521,clean,0,ok,3613.068,true,true,true,true,,
fepysr__seed521__clean__g0473,fepysr,g0473,521,clean,0,ok,3617.149,true,true,true,true,,
fepysr__seed521__clean__g0474,fepysr,g0474,521,clean,0,ok,3617.225,true,true,true,true,,
fepysr__seed521__clean__g0475,fepysr,g0475,521,clean,0,ok,3771.911,true,true,true,true,,
fepysr__seed521__clean__g0476,fepysr,g0476,521,clean,0,ok,3618.199,true,true,true,true,,
fepysr__seed521__clean__g0477,fepysr,g0477,521,clean,0,ok,3615.820,true,true,true,true,,
fepysr__seed521__clean__g0478,fepysr,g0478,521,clean,0,ok,3617.888,true,true,true,true,,
fepysr__seed521__clean__g0479,fepysr,g0479,521,clean,0,ok,3618.284,true,true,true,true,,
fepysr__seed521__clean__g0480,fepysr,g0480,521,clean,0,ok,3657.174,true,true,true,true,,
fepysr__seed521__clean__g0481,fepysr,g0481,521,clean,0,ok,3618.126,true,true,true,true,,
fepysr__seed521__clean__g0482,fepysr,g0482,521,clean,0,ok,3617.346,true,true,true,true,,
fepysr__seed521__clean__g0483,fepysr,g0483,521,clean,0,ok,3619.116,true,true,true,true,,
fepysr__seed521__clean__g0484,fepysr,g0484,521,clean,0,ok,3617.115,true,true,true,true,,
fepysr__seed521__clean__g0485,fepysr,g0485,521,clean,0,ok,3616.562,true,true,true,true,,
fepysr__seed521__clean__g0486,fepysr,g0486,521,clean,0,ok,3619.174,true,true,true,true,,
fepysr__seed521__clean__g0487,fepysr,g0487,521,clean,0,ok,3726.444,true,true,true,true,,
fepysr__seed521__clean__g0488,fepysr,g0488,521,clean,0,ok,3719.934,true,true,true,true,,
fepysr__seed521__clean__g0489,fepysr,g0489,521,clean,0,ok,3618.856,true,true,true,true,,
fepysr__seed521__clean__g0490,fepysr,g0490,521,clean,0,ok,3616.079,true,true,true,true,,
fepysr__seed521__clean__g0491,fepysr,g0491,521,clean,0,ok,3615.283,true,true,true,true,,
fepysr__seed521__clean__g0492,fepysr,g0492,521,clean,0,ok,3616.346,true,true,true,true,,
fepysr__seed521__clean__g0493,fepysr,g0493,521,clean,0,ok,3617.710,true,true,true,true,,
fepysr__seed521__clean__g0494,fepysr,g0494,521,clean,0,ok,3617.424,true,true,true,true,,
fepysr__seed521__clean__g0495,fepysr,g0495,521,clean,0,ok,3616.928,true,true,true,true,,
fepysr__seed521__clean__g0496,fepysr,g0496,521,clean,0,ok,3619.078,true,true,true,true,,
fepysr__seed521__clean__g0497,fepysr,g0497,521,clean,0,ok,3740.039,true,true,true,true,,
fepysr__seed521__clean__g0498,fepysr,g0498,521,clean,0,ok,3620.266,true,true,true,true,,
fepysr__seed521__clean__g0499,fepysr,g0499,521,clean,0,ok,3617.603,true,true,true,true,,
fepysr__seed521__clean__g0500,fepysr,g0500,521,clean,0,ok,3616.552,true,true,true,true,,
fepysr__seed521__clean__g0501,fepysr,g0501,521,clean,0,ok,3619.061,true,true,true,true,,
fepysr__seed521__clean__g0502,fepysr,g0502,521,clean,0,ok,3618.930,true,true,true,true,,
fepysr__seed521__clean__g0503,fepysr,g0503,521,clean,0,ok,3616.073,true,true,true,true,,
fepysr__seed521__clean__g0504,fepysr,g0504,521,clean,0,ok,3746.173,true,true,true,true,,
fepysr__seed521__clean__g0505,fepysr,g0505,521,clean,0,ok,3616.460,true,true,true,true,,
fepysr__seed521__clean__g0506,fepysr,g0506,521,clean,0,ok,3619.767,true,true,true,true,,
fepysr__seed521__clean__g0507,fepysr,g0507,521,clean,0,ok,3617.486,true,true,true,true,,
fepysr__seed521__clean__g0508,fepysr,g0508,521,clean,0,ok,3618.635,true,true,true,true,,
fepysr__seed521__clean__g0509,fepysr,g0509,521,clean,0,ok,3618.665,true,true,true,true,,
fepysr__seed521__clean__g0510,fepysr,g0510,521,clean,0,ok,3621.977,true,true,true,true,,
fepysr__seed521__clean__g0511,fepysr,g0511,521,clean,0,ok,3615.635,true,true,true,true,,
fepysr__seed521__clean__g0512,fepysr,g0512,521,clean,0,ok,3615.127,true,true,true,true,,
fepysr__seed521__clean__g0513,fepysr,g0513,521,clean,0,ok,3617.719,true,true,true,true,,
fepysr__seed521__clean__g0514,fepysr,g0514,521,clean,0,ok,3616.086,true,true,true,true,,
fepysr__seed521__clean__g0515,fepysr,g0515,521,clean,0,ok,3614.858,true,true,true,true,,
fepysr__seed521__clean__g0516,fepysr,g0516,521,clean,0,ok,3618.115,true,true,true,true,,
fepysr__seed521__clean__g0517,fepysr,g0517,521,clean,0,ok,3618.518,true,true,true,true,,
fepysr__seed521__clean__g0518,fepysr,g0518,521,clean,0,ok,3618.278,true,true,true,true,,
fepysr__seed521__clean__g0519,fepysr,g0519,521,clean,0,ok,3619.064,true,true,true,true,,
fepysr__seed521__clean__g0520,fepysr,g0520,521,clean,0,ok,3709.387,true,true,true,true,,
fepysr__seed521__clean__g0521,fepysr,g0521,521,clean,0,ok,3644.592,true,true,true,true,,
fepysr__seed521__clean__g0522,fepysr,g0522,521,clean,0,ok,3617.926,true,true,true,true,,
fepysr__seed521__clean__g0523,fepysr,g0523,521,clean,0,ok,3615.229,true,true,true,true,,
fepysr__seed521__clean__g0524,fepysr,g0524,521,clean,0,ok,3617.843,true,true,true,true,,
fepysr__seed521__clean__g0525,fepysr,g0525,521,clean,0,ok,3618.907,true,true,true,true,,
fepysr__seed521__clean__g0526,fepysr,g0526,521,clean,0,ok,3618.418,true,true,true,true,,
fepysr__seed521__clean__g0527,fepysr,g0527,521,clean,0,ok,3615.181,true,true,true,true,,
fepysr__seed521__clean__g0528,fepysr,g0528,521,clean,0,ok,3618.311,true,true,true,true,,
fepysr__seed521__clean__g0529,fepysr,g0529,521,clean,0,ok,3616.364,true,true,true,true,,
fepysr__seed521__clean__g0530,fepysr,g0530,521,clean,0,ok,3697.742,true,true,true,true,,
fepysr__seed521__clean__g0531,fepysr,g0531,521,clean,0,ok,3630.639,true,true,true,true,,
fepysr__seed521__clean__g0532,fepysr,g0532,521,clean,0,ok,3616.033,true,true,true,true,,
fepysr__seed521__clean__g0533,fepysr,g0533,521,clean,0,ok,3617.784,true,true,true,true,,
fepysr__seed521__clean__g0534,fepysr,g0534,521,clean,0,ok,3620.446,true,true,true,true,,
fepysr__seed521__clean__g0535,fepysr,g0535,521,clean,0,ok,3617.161,true,true,true,true,,
fepysr__seed521__clean__g0536,fepysr,g0536,521,clean,0,ok,3616.923,true,true,true,true,,
fepysr__seed521__clean__g0537,fepysr,g0537,521,clean,0,ok,3617.557,true,true,true,true,,
fepysr__seed521__clean__g0538,fepysr,g0538,521,clean,0,ok,3618.524,true,true,true,true,,
fepysr__seed521__clean__g0539,fepysr,g0539,521,clean,0,ok,3616.956,true,true,true,true,,
fepysr__seed521__clean__g0540,fepysr,g0540,521,clean,0,ok,3665.064,true,true,true,true,,
fepysr__seed521__clean__g0541,fepysr,g0541,521,clean,0,ok,3637.776,true,true,true,true,,
fepysr__seed521__clean__g0542,fepysr,g0542,521,clean,0,ok,3619.663,true,true,true,true,,
fepysr__seed521__clean__g0543,fepysr,g0543,521,clean,0,ok,3617.141,true,true,true,true,,
fepysr__seed521__clean__g0544,fepysr,g0544,521,clean,0,ok,3615.231,true,true,true,true,,
fepysr__seed521__clean__g0545,fepysr,g0545,521,clean,0,ok,3614.867,true,true,true,true,,
fepysr__seed521__clean__g0546,fepysr,g0546,521,clean,0,ok,3616.720,true,true,true,true,,
fepysr__seed521__clean__g0547,fepysr,g0547,521,clean,0,ok,3619.614,true,true,true,true,,
fepysr__seed521__clean__g0548,fepysr,g0548,521,clean,0,ok,3615.843,true,true,true,true,,
fepysr__seed521__clean__g0549,fepysr,g0549,521,clean,0,ok,3615.631,true,true,true,true,,
fepysr__seed521__clean__g0550,fepysr,g0550,521,clean,0,ok,3617.379,true,true,true,true,,
fepysr__seed521__clean__g0551,fepysr,g0551,521,clean,0,ok,3615.068,true,true,true,true,,
fepysr__seed521__clean__g0552,fepysr,g0552,521,clean,0,ok,3618.718,true,true,true,true,,
fepysr__seed521__clean__g0553,fepysr,g0553,521,clean,0,ok,3652.366,true,true,true,true,,
fepysr__seed521__clean__g0554,fepysr,g0554,521,clean,0,ok,3616.383,true,true,true,true,,
fepysr__seed521__clean__g0555,fepysr,g0555,521,clean,0,ok,3614.887,true,true,true,true,,
fepysr__seed521__clean__g0556,fepysr,g0556,521,clean,0,ok,3618.019,true,true,true,true,,
fepysr__seed521__clean__g0557,fepysr,g0557,521,clean,0,ok,3616.785,true,true,true,true,,
fepysr__seed521__clean__g0558,fepysr,g0558,521,clean,0,ok,3621.186,true,true,true,true,,
fepysr__seed521__clean__g0559,fepysr,g0559,521,clean,0,ok,3617.705,true,true,true,true,,
fepysr__seed521__clean__g0560,fepysr,g0560,521,clean,0,ok,3616.644,true,true,true,true,,
fepysr__seed521__clean__g0561,fepysr,g0561,521,clean,0,ok,3615.721,true,true,true,true,,
fepysr__seed521__clean__g0562,fepysr,g0562,521,clean,0,ok,3615.371,true,true,true,true,,
fepysr__seed521__clean__g0563,fepysr,g0563,521,clean,0,ok,3617.842,true,true,true,true,,
fepysr__seed521__clean__g0564,fepysr,g0564,521,clean,0,ok,3616.201,true,true,true,true,,
fepysr__seed521__clean__g0565,fepysr,g0565,521,clean,0,ok,3616.990,true,true,true,true,,
fepysr__seed521__clean__g0566,fepysr,g0566,521,clean,0,ok,3616.025,true,true,true,true,,
fepysr__seed521__clean__g0567,fepysr,g0567,521,clean,0,ok,3622.011,true,true,true,true,,
fepysr__seed521__clean__g0568,fepysr,g0568,521,clean,0,ok,3621.167,true,true,true,true,,
fepysr__seed521__clean__g0569,fepysr,g0569,521,clean,0,ok,3622.934,true,true,true,true,,
fepysr__seed521__clean__g0570,fepysr,g0570,521,clean,0,ok,3617.491,true,true,true,true,,
fepysr__seed521__clean__g0571,fepysr,g0571,521,clean,0,ok,3619.436,true,true,true,true,,
fepysr__seed521__clean__g0572,fepysr,g0572,521,clean,0,ok,3619.038,true,true,true,true,,
fepysr__seed521__clean__g0573,fepysr,g0573,521,clean,0,ok,3616.433,true,true,true,true,,
fepysr__seed521__clean__g0574,fepysr,g0574,521,clean,0,ok,3616.315,true,true,true,true,,
fepysr__seed521__clean__g0575,fepysr,g0575,521,clean,0,ok,3616.751,true,true,true,true,,
fepysr__seed521__clean__g0576,fepysr,g0576,521,clean,0,ok,3615.575,true,true,true,true,,
fepysr__seed521__clean__g0577,fepysr,g0577,521,clean,0,ok,3616.547,true,true,true,true,,
fepysr__seed521__clean__g0578,fepysr,g0578,521,clean,0,ok,3617.080,true,true,true,true,,
fepysr__seed521__clean__g0579,fepysr,g0579,521,clean,0,ok,3618.440,true,true,true,true,,
fepysr__seed521__clean__g0580,fepysr,g0580,521,clean,0,ok,3616.706,true,true,true,true,,
fepysr__seed521__clean__g0581,fepysr,g0581,521,clean,0,ok,3616.246,true,true,true,true,,
fepysr__seed521__clean__g0582,fepysr,g0582,521,clean,0,ok,3652.362,true,true,true,true,,
fepysr__seed521__clean__g0583,fepysr,g0583,521,clean,0,ok,3645.118,true,true,true,true,,
fepysr__seed521__clean__g0584,fepysr,g0584,521,clean,0,ok,3639.986,true,true,true,true,,
fepysr__seed521__clean__g0585,fepysr,g0585,521,clean,0,ok,3615.093,true,true,true,true,,
fepysr__seed521__clean__g0586,fepysr,g0586,521,clean,0,ok,3617.926,true,true,true,true,,
fepysr__seed521__clean__g0587,fepysr,g0587,521,clean,0,ok,3615.958,true,true,true,true,,
fepysr__seed521__clean__g0588,fepysr,g0588,521,clean,0,ok,3617.555,true,true,true,true,,
fepysr__seed521__clean__g0589,fepysr,g0589,521,clean,0,ok,3617.258,true,true,true,true,,
fepysr__seed521__clean__g0590,fepysr,g0590,521,clean,0,ok,3616.547,true,true,true,true,,
fepysr__seed521__clean__g0591,fepysr,g0591,521,clean,0,ok,3616.446,true,true,true,true,,
fepysr__seed521__clean__g0592,fepysr,g0592,521,clean,0,ok,3604.401,true,true,true,true,,
fepysr__seed521__clean__g0593,fepysr,g0593,521,clean,0,ok,3572.395,true,true,true,true,,
fepysr__seed521__clean__g0594,fepysr,g0594,521,clean,0,ok,3633.566,true,true,true,true,,
fepysr__seed521__clean__g0595,fepysr,g0595,521,clean,0,ok,3624.206,true,true,true,true,,
fepysr__seed521__clean__g0596,fepysr,g0596,521,clean,0,ok,3562.279,true,true,true,true,,
fepysr__seed521__clean__g0597,fepysr,g0597,521,clean,0,ok,3611.781,true,true,true,true,,
fepysr__seed521__clean__g0598,fepysr,g0598,521,clean,0,ok,3606.478,true,true,true,true,,
fepysr__seed521__clean__g0599,fepysr,g0599,521,clean,0,ok,3612.017,true,true,true,true,,
fepysr__seed521__clean__g0600,fepysr,g0600,521,clean,0,ok,3634.471,true,true,true,true,,
fepysr__seed521__clean__g0601,fepysr,g0601,521,clean,0,ok,3631.580,true,true,true,true,,
fepysr__seed521__clean__g0602,fepysr,g0602,521,clean,0,ok,3611.020,true,true,true,true,,
fepysr__seed521__clean__g0603,fepysr,g0603,521,clean,0,ok,3600.593,true,true,true,true,,
fepysr__seed521__clean__g0604,fepysr,g0604,521,clean,0,ok,3611.515,true,true,true,true,,
fepysr__seed521__clean__g0605,fepysr,g0605,521,clean,0,ok,3616.827,true,true,true,true,,
fepysr__seed521__clean__g0606,fepysr,g0606,521,clean,0,ok,3611.737,true,true,true,true,,
fepysr__seed521__clean__g0607,fepysr,g0607,521,clean,0,ok,3563.204,true,true,true,true,,
fepysr__seed521__clean__g0608,fepysr,g0608,521,clean,0,ok,3600.584,true,true,true,true,,
fepysr__seed521__clean__g0609,fepysr,g0609,521,clean,0,ok,3584.932,true,true,true,true,,
fepysr__seed521__clean__g0610,fepysr,g0610,521,clean,0,ok,3606.689,true,true,true,true,,
fepysr__seed521__clean__g0611,fepysr,g0611,521,clean,0,ok,3578.806,true,true,true,true,,
fepysr__seed521__clean__g0612,fepysr,g0612,521,clean,0,ok,3611.382,true,true,true,true,,
fepysr__seed521__clean__g0613,fepysr,g0613,521,clean,0,ok,3563.197,true,true,true,true,,
fepysr__seed521__clean__g0614,fepysr,g0614,521,clean,0,ok,3611.507,true,true,true,true,,
fepysr__seed521__clean__g0615,fepysr,g0615,521,clean,0,ok,3558.396,true,true,true,true,,
fepysr__seed521__clean__g0616,fepysr,g0616,521,clean,0,ok,3611.002,true,true,true,true,,
fepysr__seed521__clean__g0617,fepysr,g0617,521,clean,0,ok,3605.619,true,true,true,true,,
fepysr__seed521__clean__g0618,fepysr,g0618,521,clean,0,ok,3619.565,true,true,true,true,,
fepysr__seed521__clean__g0619,fepysr,g0619,521,clean,0,ok,3548.956,true,true,true,true,,
fepysr__seed521__clean__g0620,fepysr,g0620,521,clean,0,ok,3553.533,true,true,true,true,,
fepysr__seed521__clean__g0621,fepysr,g0621,521,clean,0,ok,3547.820,true,true,true,true,,
fepysr__seed521__clean__g0622,fepysr,g0622,521,clean,0,ok,3561.183,true,true,true,true,,
fepysr__seed521__clean__g0623,fepysr,g0623,521,clean,0,ok,3566.655,true,true,true,true,,
fepysr__seed521__clean__g0624,fepysr,g0624,521,clean,0,ok,3551.720,true,true,true,true,,
fepysr__seed521__clean__g0625,fepysr,g0625,521,clean,0,ok,3611.230,true,true,true,true,,
fepysr__seed521__clean__g0626,fepysr,g0626,521,clean,0,ok,3583.497,true,true,true,true,,
fepysr__seed521__clean__g0627,fepysr,g0627,521,clean,0,ok,3550.525,true,true,true,true,,
fepysr__seed521__clean__g0628,fepysr,g0628,521,clean,0,ok,3611.835,true,true,true,true,,
fepysr__seed521__clean__g0629,fepysr,g0629,521,clean,0,ok,3610.694,true,true,true,true,,
fepysr__seed521__clean__g0630,fepysr,g0630,521,clean,0,ok,3580.737,true,true,true,true,,
fepysr__seed521__clean__g0631,fepysr,g0631,521,clean,0,ok,3607.131,true,true,true,true,,
fepysr__seed521__clean__g0632,fepysr,g0632,521,clean,0,ok,3619.041,true,true,true,true,,
fepysr__seed521__clean__g0633,fepysr,g0633,521,clean,0,ok,3605.823,true,true,true,true,,
fepysr__seed521__clean__g0634,fepysr,g0634,521,clean,0,ok,3610.843,true,true,true,true,,
fepysr__seed521__clean__g0635,fepysr,g0635,521,clean,0,ok,3605.284,true,true,true,true,,
fepysr__seed521__clean__g0636,fepysr,g0636,521,clean,0,ok,3568.143,true,true,true,true,,
fepysr__seed521__clean__g0637,fepysr,g0637,521,clean,0,ok,3549.511,true,true,true,true,,
fepysr__seed521__clean__g0638,fepysr,g0638,521,clean,0,ok,3606.655,true,true,true,true,,
fepysr__seed521__clean__g0639,fepysr,g0639,521,clean,0,ok,3592.436,true,true,true,true,,
fepysr__seed521__clean__g0640,fepysr,g0640,521,clean,0,ok,3563.431,true,true,true,true,,
fepysr__seed521__clean__g0641,fepysr,g0641,521,clean,0,ok,3558.915,true,true,true,true,,
fepysr__seed521__clean__g0642,fepysr,g0642,521,clean,0,ok,3556.435,true,true,true,true,,
fepysr__seed521__clean__g0643,fepysr,g0643,521,clean,0,ok,3625.318,true,true,true,true,,
fepysr__seed521__clean__g0644,fepysr,g0644,521,clean,0,ok,3604.322,true,true,true,true,,
fepysr__seed521__clean__g0645,fepysr,g0645,521,clean,0,ok,3608.596,true,true,true,true,,
fepysr__seed521__clean__g0646,fepysr,g0646,521,clean,0,ok,3573.488,true,true,true,true,,
fepysr__seed521__clean__g0647,fepysr,g0647,521,clean,0,ok,3611.421,true,true,true,true,,
fepysr__seed521__clean__g0648,fepysr,g0648,521,clean,0,ok,3610.058,true,true,true,true,,
fepysr__seed521__clean__g0649,fepysr,g0649,521,clean,0,ok,3612.283,true,true,true,true,,
fepysr__seed521__clean__g0650,fepysr,g0650,521,clean,0,ok,3550.606,true,true,true,true,,
fepysr__seed521__clean__g0651,fepysr,g0651,521,clean,0,ok,3595.623,true,true,true,true,,
fepysr__seed521__clean__g0652,fepysr,g0652,521,clean,0,ok,3549.360,true,true,true,true,,
fepysr__seed521__clean__g0653,fepysr,g0653,521,clean,0,ok,3611.424,true,true,true,true,,
fepysr__seed521__clean__g0654,fepysr,g0654,521,clean,0,ok,3611.760,true,true,true,true,,
fepysr__seed521__clean__g0655,fepysr,g0655,521,clean,0,ok,3612.099,true,true,true,true,,
fepysr__seed521__clean__g0656,fepysr,g0656,521,clean,0,ok,3611.574,true,true,true,true,,
fepysr__seed521__clean__g0657,fepysr,g0657,521,clean,0,ok,3612.285,true,true,true,true,,
fepysr__seed521__clean__g0658,fepysr,g0658,521,clean,0,ok,3611.476,true,true,true,true,,
fepysr__seed521__clean__g0659,fepysr,g0659,521,clean,0,ok,3612.344,true,true,true,true,,
fepysr__seed521__clean__g0660,fepysr,g0660,521,clean,0,ok,3611.859,true,true,true,true,,
fepysr__seed521__clean__g0661,fepysr,g0661,521,clean,0,ok,3704.344,true,true,true,true,,
fepysr__seed521__clean__g0662,fepysr,g0662,521,clean,0,ok,3608.068,true,true,true,true,,
fepysr__seed521__clean__g0663,fepysr,g0663,521,clean,0,ok,3606.698,true,true,true,true,,
fepysr__seed521__clean__g0664,fepysr,g0664,521,clean,0,ok,3611.324,true,true,true,true,,
fepysr__seed522__clean__g0001,fepysr,g0001,522,clean,0,ok,3611.933,true,true,true,true,,
fepysr__seed522__clean__g0002,fepysr,g0002,522,clean,0,ok,3612.453,true,true,true,true,,
fepysr__seed522__clean__g0003,fepysr,g0003,522,clean,0,ok,3605.256,true,true,true,true,,
fepysr__seed522__clean__g0004,fepysr,g0004,522,clean,0,ok,3625.191,true,true,true,true,,
fepysr__seed522__clean__g0005,fepysr,g0005,522,clean,0,ok,3612.269,true,true,true,true,,
fepysr__seed522__clean__g0006,fepysr,g0006,522,clean,0,ok,3611.573,true,true,true,true,,
fepysr__seed522__clean__g0007,fepysr,g0007,522,clean,0,ok,3612.044,true,true,true,true,,
fepysr__seed522__clean__g0008,fepysr,g0008,522,clean,0,ok,3611.701,true,true,true,true,,
fepysr__seed522__clean__g0009,fepysr,g0009,522,clean,0,ok,3637.090,true,true,true,true,,
fepysr__seed522__clean__g0010,fepysr,g0010,522,clean,0,ok,3612.145,true,true,true,true,,
fepysr__seed522__clean__g0011,fepysr,g0011,522,clean,0,ok,3676.088,true,true,true,true,,
fepysr__seed522__clean__g0012,fepysr,g0012,522,clean,0,ok,3611.912,true,true,true,true,,
fepysr__seed522__clean__g0013,fepysr,g0013,522,clean,0,ok,3612.714,true,true,true,true,,
fepysr__seed522__clean__g0014,fepysr,g0014,522,clean,0,ok,3612.411,true,true,true,true,,
fepysr__seed522__clean__g0015,fepysr,g0015,522,clean,0,ok,3612.661,true,true,true,true,,
fepysr__seed522__clean__g0016,fepysr,g0016,522,clean,0,ok,3612.205,true,true,true,true,,
fepysr__seed522__clean__g0017,fepysr,g0017,522,clean,0,ok,3612.579,true,true,true,true,,
fepysr__seed522__clean__g0018,fepysr,g0018,522,clean,0,ok,3612.153,true,true,true,true,,
fepysr__seed522__clean__g0019,fepysr,g0019,522,clean,0,ok,3613.066,true,true,true,true,,
fepysr__seed522__clean__g0020,fepysr,g0020,522,clean,0,ok,3613.029,true,true,true,true,,
fepysr__seed522__clean__g0021,fepysr,g0021,522,clean,0,ok,3627.628,true,true,true,true,,
fepysr__seed522__clean__g0022,fepysr,g0022,522,clean,0,ok,3611.917,true,true,true,true,,
fepysr__seed522__clean__g0023,fepysr,g0023,522,clean,0,ok,3691.621,true,true,true,true,,
fepysr__seed522__clean__g0024,fepysr,g0024,522,clean,0,ok,3611.575,true,true,true,true,,
fepysr__seed522__clean__g0025,fepysr,g0025,522,clean,0,ok,3612.723,true,true,true,true,,
fepysr__seed522__clean__g0026,fepysr,g0026,522,clean,0,ok,3614.272,true,true,true,true,,
fepysr__seed522__clean__g0027,fepysr,g0027,522,clean,0,ok,3664.963,true,true,true,true,,
fepysr__seed522__clean__g0028,fepysr,g0028,522,clean,0,ok,3665.585,true,true,true,true,,
fepysr__seed522__clean__g0029,fepysr,g0029,522,clean,0,ok,3612.185,true,true,true,true,,
fepysr__seed522__clean__g0030,fepysr,g0030,522,clean,0,ok,3612.783,true,true,true,true,,
fepysr__seed522__clean__g0031,fepysr,g0031,522,clean,0,ok,3612.794,true,true,true,true,,
fepysr__seed522__clean__g0032,fepysr,g0032,522,clean,0,ok,3680.880,true,true,true,true,,
fepysr__seed522__clean__g0033,fepysr,g0033,522,clean,0,ok,3613.634,true,true,true,true,,
fepysr__seed522__clean__g0034,fepysr,g0034,522,clean,0,ok,3612.600,true,true,true,true,,
fepysr__seed522__clean__g0035,fepysr,g0035,522,clean,0,ok,3668.558,true,true,true,true,,
fepysr__seed522__clean__g0036,fepysr,g0036,522,clean,0,ok,3612.707,true,true,true,true,,
fepysr__seed522__clean__g0037,fepysr,g0037,522,clean,0,ok,3612.408,true,true,true,true,,
fepysr__seed522__clean__g0038,fepysr,g0038,522,clean,0,ok,3706.782,true,true,true,true,,
fepysr__seed522__clean__g0039,fepysr,g0039,522,clean,0,ok,3612.848,true,true,true,true,,
fepysr__seed522__clean__g0040,fepysr,g0040,522,clean,0,ok,3612.836,true,true,true,true,,
fepysr__seed522__clean__g0041,fepysr,g0041,522,clean,0,ok,3612.556,true,true,true,true,,
fepysr__seed522__clean__g0042,fepysr,g0042,522,clean,0,ok,3612.355,true,true,true,true,,
fepysr__seed522__clean__g0043,fepysr,g0043,522,clean,0,ok,3612.226,true,true,true,true,,
fepysr__seed522__clean__g0044,fepysr,g0044,522,clean,0,ok,3613.130,true,true,true,true,,
fepysr__seed522__clean__g0045,fepysr,g0045,522,clean,0,ok,3719.770,true,true,true,true,,
fepysr__seed522__clean__g0046,fepysr,g0046,522,clean,0,ok,3612.735,true,true,true,true,,
fepysr__seed522__clean__g0047,fepysr,g0047,522,clean,0,ok,3613.062,true,true,true,true,,
fepysr__seed522__clean__g0048,fepysr,g0048,522,clean,0,ok,3613.494,true,true,true,true,,
fepysr__seed522__clean__g0049,fepysr,g0049,522,clean,0,ok,3611.845,true,true,true,true,,
fepysr__seed522__clean__g0050,fepysr,g0050,522,clean,0,ok,3613.374,true,true,true,true,,
fepysr__seed522__clean__g0051,fepysr,g0051,522,clean,0,ok,3613.167,true,true,true,true,,
fepysr__seed522__clean__g0052,fepysr,g0052,522,clean,0,ok,3612.905,true,true,true,true,,
fepysr__seed522__clean__g0053,fepysr,g0053,522,clean,0,ok,3726.821,true,true,true,true,,
fepysr__seed522__clean__g0054,fepysr,g0054,522,clean,0,ok,3613.144,true,true,true,true,,
fepysr__seed522__clean__g0055,fepysr,g0055,522,clean,0,ok,3612.534,true,true,true,true,,
fepysr__seed522__clean__g0056,fepysr,g0056,522,clean,0,ok,3614.218,true,true,true,true,,
fepysr__seed522__clean__g0057,fepysr,g0057,522,clean,0,ok,3720.314,true,true,true,true,,
fepysr__seed522__clean__g0058,fepysr,g0058,522,clean,0,ok,3612.311,true,true,true,true,,
fepysr__seed522__clean__g0059,fepysr,g0059,522,clean,0,ok,3613.962,true,true,true,true,,
fepysr__seed522__clean__g0060,fepysr,g0060,522,clean,0,ok,3613.574,true,true,true,true,,
fepysr__seed522__clean__g0061,fepysr,g0061,522,clean,0,ok,3617.437,true,true,true,true,,
fepysr__seed522__clean__g0062,fepysr,g0062,522,clean,0,ok,3620.230,true,true,true,true,,
fepysr__seed522__clean__g0063,fepysr,g0063,522,clean,0,ok,3621.239,true,true,true,true,,
fepysr__seed522__clean__g0064,fepysr,g0064,522,clean,0,ok,3621.584,true,true,true,true,,
fepysr__seed522__clean__g0065,fepysr,g0065,522,clean,0,ok,3620.795,true,true,true,true,,
fepysr__seed522__clean__g0066,fepysr,g0066,522,clean,0,ok,3621.313,true,true,true,true,,
fepysr__seed522__clean__g0067,fepysr,g0067,522,clean,0,ok,3622.037,true,true,true,true,,
fepysr__seed522__clean__g0068,fepysr,g0068,522,clean,0,ok,3618.491,true,true,true,true,,
fepysr__seed522__clean__g0069,fepysr,g0069,522,clean,0,ok,3618.636,true,true,true,true,,
fepysr__seed522__clean__g0070,fepysr,g0070,522,clean,0,ok,3617.790,true,true,true,true,,
fepysr__seed522__clean__g0071,fepysr,g0071,522,clean,0,ok,3619.134,true,true,true,true,,
fepysr__seed522__clean__g0072,fepysr,g0072,522,clean,0,ok,3635.192,true,true,true,true,,
fepysr__seed522__clean__g0073,fepysr,g0073,522,clean,0,ok,3619.085,true,true,true,true,,
fepysr__seed522__clean__g0074,fepysr,g0074,522,clean,0,ok,3618.052,true,true,true,true,,
fepysr__seed522__clean__g0075,fepysr,g0075,522,clean,0,ok,3618.024,true,true,true,true,,
fepysr__seed522__clean__g0076,fepysr,g0076,522,clean,0,ok,3618.867,true,true,true,true,,
fepysr__seed522__clean__g0077,fepysr,g0077,522,clean,0,ok,3619.875,true,true,true,true,,
fepysr__seed522__clean__g0078,fepysr,g0078,522,clean,0,ok,3618.360,true,true,true,true,,
fepysr__seed522__clean__g0079,fepysr,g0079,522,clean,0,ok,3617.973,true,true,true,true,,
fepysr__seed522__clean__g0080,fepysr,g0080,522,clean,0,ok,3618.207,true,true,true,true,,
fepysr__seed522__clean__g0081,fepysr,g0081,522,clean,0,ok,3620.552,true,true,true,true,,
fepysr__seed522__clean__g0082,fepysr,g0082,522,clean,0,ok,3622.252,true,true,true,true,,
fepysr__seed522__clean__g0083,fepysr,g0083,522,clean,0,ok,3620.772,true,true,true,true,,
fepysr__seed522__clean__g0084,fepysr,g0084,522,clean,0,ok,3620.348,true,true,true,true,,
fepysr__seed522__clean__g0085,fepysr,g0085,522,clean,0,ok,3726.637,true,true,true,true,,
fepysr__seed522__clean__g0086,fepysr,g0086,522,clean,0,ok,3618.798,true,true,true,true,,
fepysr__seed522__clean__g0087,fepysr,g0087,522,clean,0,ok,3617.684,true,true,true,true,,
fepysr__seed522__clean__g0088,fepysr,g0088,522,clean,0,ok,3619.121,true,true,true,true,,
fepysr__seed522__clean__g0089,fepysr,g0089,522,clean,0,ok,3617.062,true,true,true,true,,
fepysr__seed522__clean__g0090,fepysr,g0090,522,clean,0,ok,3615.096,true,true,true,true,,
fepysr__seed522__clean__g0091,fepysr,g0091,522,clean,0,ok,3620.982,true,true,true,true,,
fepysr__seed522__clean__g0092,fepysr,g0092,522,clean,0,ok,3776.132,true,true,true,true,,
fepysr__seed522__clean__g0093,fepysr,g0093,522,clean,0,ok,3618.349,true,true,true,true,,
fepysr__seed522__clean__g0094,fepysr,g0094,522,clean,0,ok,3619.573,true,true,true,true,,
fepysr__seed522__clean__g0095,fepysr,g0095,522,clean,0,ok,3736.976,true,true,true,true,,
fepysr__seed522__clean__g0096,fepysr,g0096,522,clean,0,ok,3734.376,true,true,true,true,,
fepysr__seed522__clean__g0097,fepysr,g0097,522,clean,0,ok,3619.258,true,true,true,true,,
fepysr__seed522__clean__g0098,fepysr,g0098,522,clean,0,ok,3617.634,true,true,true,true,,
fepysr__seed522__clean__g0099,fepysr,g0099,522,clean,0,ok,3621.080,true,true,true,true,,
fepysr__seed522__clean__g0100,fepysr,g0100,522,clean,0,ok,3637.279,true,true,true,true,,
fepysr__seed522__clean__g0101,fepysr,g0101,522,clean,0,ok,3638.177,true,true,true,true,,
fepysr__seed522__clean__g0102,fepysr,g0102,522,clean,0,ok,3621.043,true,true,true,true,,
fepysr__seed522__clean__g0103,fepysr,g0103,522,clean,0,ok,3620.153,true,true,true,true,,
fepysr__seed522__clean__g0104,fepysr,g0104,522,clean,0,ok,3617.745,true,true,true,true,,
fepysr__seed522__clean__g0105,fepysr,g0105,522,clean,0,ok,3619.890,true,true,true,true,,
fepysr__seed522__clean__g0106,fepysr,g0106,522,clean,0,ok,3618.454,true,true,true,true,,
fepysr__seed522__clean__g0107,fepysr,g0107,522,clean,0,ok,3615.587,true,true,true,true,,
fepysr__seed522__clean__g0108,fepysr,g0108,522,clean,0,ok,3731.755,true,true,true,true,,
fepysr__seed522__clean__g0109,fepysr,g0109,522,clean,0,ok,3639.063,true,true,true,true,,
fepysr__seed522__clean__g0110,fepysr,g0110,522,clean,0,ok,3619.934,true,true,true,true,,
fepysr__seed522__clean__g0111,fepysr,g0111,522,clean,0,ok,3617.968,true,true,true,true,,
fepysr__seed522__clean__g0112,fepysr,g0112,522,clean,0,ok,3615.632,true,true,true,true,,
fepysr__seed522__clean__g0113,fepysr,g0113,522,clean,0,ok,3616.330,true,true,true,true,,
fepysr__seed522__clean__g0114,fepysr,g0114,522,clean,0,ok,3616.133,true,true,true,true,,
fepysr__seed522__clean__g0115,fepysr,g0115,522,clean,0,ok,3617.848,true,true,true,true,,
fepysr__seed522__clean__g0116,fepysr,g0116,522,clean,0,ok,3617.730,true,true,true,true,,
fepysr__seed522__clean__g0117,fepysr,g0117,522,clean,0,ok,3619.132,true,true,true,true,,
fepysr__seed522__clean__g0118,fepysr,g0118,522,clean,0,ok,3619.030,true,true,true,true,,
fepysr__seed522__clean__g0119,fepysr,g0119,522,clean,0,ok,3616.765,true,true,true,true,,
fepysr__seed522__clean__g0120,fepysr,g0120,522,clean,0,ok,3616.702,true,true,true,true,,
fepysr__seed522__clean__g0121,fepysr,g0121,522,clean,0,ok,3703.643,true,true,true,true,,
fepysr__seed522__clean__g0122,fepysr,g0122,522,clean,0,ok,3617.312,true,true,true,true,,
fepysr__seed522__clean__g0123,fepysr,g0123,522,clean,0,ok,3615.026,true,true,true,true,,
fepysr__seed522__clean__g0124,fepysr,g0124,522,clean,0,ok,3615.603,true,true,true,true,,
fepysr__seed522__clean__g0125,fepysr,g0125,522,clean,0,ok,3615.598,true,true,true,true,,
fepysr__seed522__clean__g0126,fepysr,g0126,522,clean,0,ok,3618.886,true,true,true,true,,
fepysr__seed522__clean__g0127,fepysr,g0127,522,clean,0,ok,3620.016,true,true,true,true,,
fepysr__seed522__clean__g0128,fepysr,g0128,522,clean,0,ok,3619.273,true,true,true,true,,
fepysr__seed522__clean__g0129,fepysr,g0129,522,clean,0,ok,3617.722,true,true,true,true,,
fepysr__seed522__clean__g0130,fepysr,g0130,522,clean,0,ok,3616.184,true,true,true,true,,
fepysr__seed522__clean__g0131,fepysr,g0131,522,clean,0,ok,3618.621,true,true,true,true,,
fepysr__seed522__clean__g0132,fepysr,g0132,522,clean,0,ok,3616.625,true,true,true,true,,
fepysr__seed522__clean__g0133,fepysr,g0133,522,clean,0,ok,3616.856,true,true,true,true,,
fepysr__seed522__clean__g0134,fepysr,g0134,522,clean,0,ok,3617.406,true,true,true,true,,
fepysr__seed522__clean__g0135,fepysr,g0135,522,clean,0,ok,3625.863,true,true,true,true,,
fepysr__seed522__clean__g0136,fepysr,g0136,522,clean,0,ok,3621.021,true,true,true,true,,
fepysr__seed522__clean__g0137,fepysr,g0137,522,clean,0,ok,3620.721,true,true,true,true,,
fepysr__seed522__clean__g0138,fepysr,g0138,522,clean,0,ok,3740.550,true,true,true,true,,
fepysr__seed522__clean__g0139,fepysr,g0139,522,clean,0,ok,3621.544,true,true,true,true,,
fepysr__seed522__clean__g0140,fepysr,g0140,522,clean,0,ok,3621.583,true,true,true,true,,
fepysr__seed522__clean__g0141,fepysr,g0141,522,clean,0,ok,3619.932,true,true,true,true,,
fepysr__seed522__clean__g0142,fepysr,g0142,522,clean,0,ok,3617.794,true,true,true,true,,
fepysr__seed522__clean__g0143,fepysr,g0143,522,clean,0,ok,3616.948,true,true,true,true,,
fepysr__seed522__clean__g0144,fepysr,g0144,522,clean,0,ok,3617.035,true,true,true,true,,
fepysr__seed522__clean__g0145,fepysr,g0145,522,clean,0,ok,3619.243,true,true,true,true,,
fepysr__seed522__clean__g0146,fepysr,g0146,522,clean,0,ok,3620.367,true,true,true,true,,
fepysr__seed522__clean__g0147,fepysr,g0147,522,clean,0,ok,3618.378,true,true,true,true,,
fepysr__seed522__clean__g0148,fepysr,g0148,522,clean,0,ok,3617.732,true,true,true,true,,
fepysr__seed522__clean__g0149,fepysr,g0149,522,clean,0,ok,3632.251,true,true,true,true,,
fepysr__seed522__clean__g0150,fepysr,g0150,522,clean,0,ok,3617.317,true,true,true,true,,
fepysr__seed522__clean__g0151,fepysr,g0151,522,clean,0,ok,3615.513,true,true,true,true,,
fepysr__seed522__clean__g0152,fepysr,g0152,522,clean,0,ok,3615.997,true,true,true,true,,
fepysr__seed522__clean__g0153,fepysr,g0153,522,clean,0,ok,3616.255,true,true,true,true,,
fepysr__seed522__clean__g0154,fepysr,g0154,522,clean,0,ok,3616.191,true,true,true,true,,
fepysr__seed522__clean__g0155,fepysr,g0155,522,clean,0,ok,3615.608,true,true,true,true,,
fepysr__seed522__clean__g0156,fepysr,g0156,522,clean,0,ok,3615.914,true,true,true,true,,
fepysr__seed522__clean__g0157,fepysr,g0157,522,clean,0,ok,3616.990,true,true,true,true,,
fepysr__seed522__clean__g0158,fepysr,g0158,522,clean,0,ok,3616.566,true,true,true,true,,
fepysr__seed522__clean__g0159,fepysr,g0159,522,clean,0,ok,3616.487,true,true,true,true,,
fepysr__seed522__clean__g0160,fepysr,g0160,522,clean,0,ok,3616.066,true,true,true,true,,
fepysr__seed522__clean__g0161,fepysr,g0161,522,clean,0,ok,3616.633,true,true,true,true,,
fepysr__seed522__clean__g0162,fepysr,g0162,522,clean,0,ok,3616.699,true,true,true,true,,
fepysr__seed522__clean__g0163,fepysr,g0163,522,clean,0,ok,3707.084,true,true,true,true,,
fepysr__seed522__clean__g0164,fepysr,g0164,522,clean,0,ok,3704.744,true,true,true,true,,
fepysr__seed522__clean__g0165,fepysr,g0165,522,clean,0,ok,3617.258,true,true,true,true,,
fepysr__seed522__clean__g0166,fepysr,g0166,522,clean,0,ok,3616.831,true,true,true,true,,
fepysr__seed522__clean__g0167,fepysr,g0167,522,clean,0,ok,3617.262,true,true,true,true,,
fepysr__seed522__clean__g0168,fepysr,g0168,522,clean,0,ok,3617.442,true,true,true,true,,
fepysr__seed522__clean__g0169,fepysr,g0169,522,clean,0,ok,3618.110,true,true,true,true,,
fepysr__seed522__clean__g0170,fepysr,g0170,522,clean,0,ok,3618.726,true,true,true,true,,
fepysr__seed522__clean__g0171,fepysr,g0171,522,clean,0,ok,3619.153,true,true,true,true,,
fepysr__seed522__clean__g0172,fepysr,g0172,522,clean,0,ok,3612.466,true,true,true,true,,
fepysr__seed522__clean__g0173,fepysr,g0173,522,clean,0,ok,3612.243,true,true,true,true,,
fepysr__seed522__clean__g0174,fepysr,g0174,522,clean,0,ok,3612.544,true,true,true,true,,
fepysr__seed522__clean__g0175,fepysr,g0175,522,clean,0,ok,3612.498,true,true,true,true,,
fepysr__seed522__clean__g0176,fepysr,g0176,522,clean,0,ok,3612.264,true,true,true,true,,
fepysr__seed522__clean__g0177,fepysr,g0177,522,clean,0,ok,3612.059,true,true,true,true,,
fepysr__seed522__clean__g0178,fepysr,g0178,522,clean,0,ok,3612.048,true,true,true,true,,
fepysr__seed522__clean__g0179,fepysr,g0179,522,clean,0,ok,3655.816,true,true,true,true,,
fepysr__seed522__clean__g0180,fepysr,g0180,522,clean,0,ok,3611.993,true,true,true,true,,
fepysr__seed522__clean__g0181,fepysr,g0181,522,clean,0,ok,3611.606,true,true,true,true,,
fepysr__seed522__clean__g0182,fepysr,g0182,522,clean,0,ok,3612.671,true,true,true,true,,
fepysr__seed522__clean__g0183,fepysr,g0183,522,clean,0,ok,3612.206,true,true,true,true,,
fepysr__seed522__clean__g0184,fepysr,g0184,522,clean,0,ok,3638.999,true,true,true,true,,
fepysr__seed522__clean__g0185,fepysr,g0185,522,clean,0,ok,3612.462,true,true,true,true,,
fepysr__seed522__clean__g0186,fepysr,g0186,522,clean,0,ok,3613.015,true,true,true,true,,
fepysr__seed522__clean__g0187,fepysr,g0187,522,clean,0,ok,3636.661,true,true,true,true,,
fepysr__seed522__clean__g0188,fepysr,g0188,522,clean,0,ok,3655.847,true,true,true,true,,
fepysr__seed522__clean__g0189,fepysr,g0189,522,clean,0,ok,3612.200,true,true,true,true,,
fepysr__seed522__clean__g0190,fepysr,g0190,522,clean,0,ok,3612.327,true,true,true,true,,
fepysr__seed522__clean__g0191,fepysr,g0191,522,clean,0,ok,3611.873,true,true,true,true,,
fepysr__seed522__clean__g0192,fepysr,g0192,522,clean,0,ok,3611.684,true,true,true,true,,
fepysr__seed522__clean__g0193,fepysr,g0193,522,clean,0,ok,3613.125,true,true,true,true,,
fepysr__seed522__clean__g0194,fepysr,g0194,522,clean,0,ok,3612.353,true,true,true,true,,
fepysr__seed522__clean__g0195,fepysr,g0195,522,clean,0,ok,3633.236,true,true,true,true,,
fepysr__seed522__clean__g0196,fepysr,g0196,522,clean,0,ok,3612.351,true,true,true,true,,
fepysr__seed522__clean__g0197,fepysr,g0197,522,clean,0,ok,3612.734,true,true,true,true,,
fepysr__seed522__clean__g0198,fepysr,g0198,522,clean,0,ok,3612.469,true,true,true,true,,
fepysr__seed522__clean__g0199,fepysr,g0199,522,clean,0,ok,3611.406,true,true,true,true,,
fepysr__seed522__clean__g0200,fepysr,g0200,522,clean,0,ok,3677.334,true,true,true,true,,
fepysr__seed522__clean__g0201,fepysr,g0201,522,clean,0,ok,3612.259,true,true,true,true,,
fepysr__seed522__clean__g0202,fepysr,g0202,522,clean,0,ok,3612.506,true,true,true,true,,
fepysr__seed522__clean__g0203,fepysr,g0203,522,clean,0,ok,3677.744,true,true,true,true,,
fepysr__seed522__clean__g0204,fepysr,g0204,522,clean,0,ok,3612.683,true,true,true,true,,
fepysr__seed522__clean__g0205,fepysr,g0205,522,clean,0,ok,3612.126,true,true,true,true,,
fepysr__seed522__clean__g0206,fepysr,g0206,522,clean,0,ok,3613.123,true,true,true,true,,
fepysr__seed522__clean__g0207,fepysr,g0207,522,clean,0,ok,3613.202,true,true,true,true,,
fepysr__seed522__clean__g0208,fepysr,g0208,522,clean,0,ok,3613.177,true,true,true,true,,
fepysr__seed522__clean__g0209,fepysr,g0209,522,clean,0,ok,3612.692,true,true,true,true,,
fepysr__seed522__clean__g0210,fepysr,g0210,522,clean,0,ok,3611.902,true,true,true,true,,
fepysr__seed522__clean__g0211,fepysr,g0211,522,clean,0,ok,3622.312,true,true,true,true,,
fepysr__seed522__clean__g0212,fepysr,g0212,522,clean,0,ok,3612.726,true,true,true,true,,
fepysr__seed522__clean__g0213,fepysr,g0213,522,clean,0,ok,3612.812,true,true,true,true,,
fepysr__seed522__clean__g0214,fepysr,g0214,522,clean,0,ok,3688.651,true,true,true,true,,
fepysr__seed522__clean__g0215,fepysr,g0215,522,clean,0,ok,3612.021,true,true,true,true,,
fepysr__seed522__clean__g0216,fepysr,g0216,522,clean,0,ok,3607.376,true,true,true,true,,
fepysr__seed522__clean__g0217,fepysr,g0217,522,clean,0,ok,3612.006,true,true,true,true,,
fepysr__seed522__clean__g0218,fepysr,g0218,522,clean,0,ok,3611.404,true,true,true,true,,
fepysr__seed522__clean__g0219,fepysr,g0219,522,clean,0,ok,3612.030,true,true,true,true,,
fepysr__seed522__clean__g0220,fepysr,g0220,522,clean,0,ok,3612.717,true,true,true,true,,
fepysr__seed522__clean__g0221,fepysr,g0221,522,clean,0,ok,3613.030,true,true,true,true,,
fepysr__seed522__clean__g0222,fepysr,g0222,522,clean,0,ok,3612.146,true,true,true,true,,
fepysr__seed522__clean__g0223,fepysr,g0223,522,clean,0,ok,3612.491,true,true,true,true,,
fepysr__seed522__clean__g0224,fepysr,g0224,522,clean,0,ok,3612.638,true,true,true,true,,
fepysr__seed522__clean__g0225,fepysr,g0225,522,clean,0,ok,3699.542,true,true,true,true,,
fepysr__seed522__clean__g0226,fepysr,g0226,522,clean,0,ok,3612.406,true,true,true,true,,
fepysr__seed522__clean__g0227,fepysr,g0227,522,clean,0,ok,3612.005,true,true,true,true,,
fepysr__seed522__clean__g0228,fepysr,g0228,522,clean,0,ok,3611.885,true,true,true,true,,
fepysr__seed522__clean__g0229,fepysr,g0229,522,clean,0,ok,3612.410,true,true,true,true,,
fepysr__seed522__clean__g0230,fepysr,g0230,522,clean,0,ok,3688.642,true,true,true,true,,
fepysr__seed522__clean__g0231,fepysr,g0231,522,clean,0,ok,3612.219,true,true,true,true,,
fepysr__seed522__clean__g0232,fepysr,g0232,522,clean,0,ok,3612.654,true,true,true,true,,
fepysr__seed522__clean__g0233,fepysr,g0233,522,clean,0,ok,3612.526,true,true,true,true,,
fepysr__seed522__clean__g0234,fepysr,g0234,522,clean,0,ok,3612.237,true,true,true,true,,
fepysr__seed522__clean__g0235,fepysr,g0235,522,clean,0,ok,3612.386,true,true,true,true,,
fepysr__seed522__clean__g0236,fepysr,g0236,522,clean,0,ok,3619.244,true,true,true,true,,
fepysr__seed522__clean__g0237,fepysr,g0237,522,clean,0,ok,3612.437,true,true,true,true,,
fepysr__seed522__clean__g0238,fepysr,g0238,522,clean,0,ok,3611.993,true,true,true,true,,
fepysr__seed522__clean__g0239,fepysr,g0239,522,clean,0,ok,3612.658,true,true,true,true,,
fepysr__seed522__clean__g0240,fepysr,g0240,522,clean,0,ok,3611.828,true,true,true,true,,
fepysr__seed522__clean__g0241,fepysr,g0241,522,clean,0,ok,3611.970,true,true,true,true,,
fepysr__seed522__clean__g0242,fepysr,g0242,522,clean,0,ok,3612.181,true,true,true,true,,
fepysr__seed522__clean__g0243,fepysr,g0243,522,clean,0,ok,3605.118,true,true,true,true,,
fepysr__seed522__clean__g0244,fepysr,g0244,522,clean,0,ok,3612.554,true,true,true,true,,
fepysr__seed522__clean__g0245,fepysr,g0245,522,clean,0,ok,3709.003,true,true,true,true,,
fepysr__seed522__clean__g0246,fepysr,g0246,522,clean,0,ok,3613.095,true,true,true,true,,
fepysr__seed522__clean__g0247,fepysr,g0247,522,clean,0,ok,3612.132,true,true,true,true,,
fepysr__seed522__clean__g0248,fepysr,g0248,522,clean,0,ok,3688.897,true,true,true,true,,
fepysr__seed522__clean__g0249,fepysr,g0249,522,clean,0,ok,3694.018,true,true,true,true,,
fepysr__seed522__clean__g0250,fepysr,g0250,522,clean,0,ok,3613.438,true,true,true,true,,
fepysr__seed522__clean__g0251,fepysr,g0251,522,clean,0,ok,3622.209,true,true,true,true,,
fepysr__seed522__clean__g0252,fepysr,g0252,522,clean,0,ok,3647.062,true,true,true,true,,
fepysr__seed522__clean__g0253,fepysr,g0253,522,clean,0,ok,3613.319,true,true,true,true,,
fepysr__seed522__clean__g0254,fepysr,g0254,522,clean,0,ok,3611.650,true,true,true,true,,
fepysr__seed522__clean__g0255,fepysr,g0255,522,clean,0,ok,3612.554,true,true,true,true,,
fepysr__seed522__clean__g0256,fepysr,g0256,522,clean,0,ok,3611.542,true,true,true,true,,
fepysr__seed522__clean__g0257,fepysr,g0257,522,clean,0,ok,3612.286,true,true,true,true,,
fepysr__seed522__clean__g0258,fepysr,g0258,522,clean,0,ok,3612.935,true,true,true,true,,
fepysr__seed522__clean__g0259,fepysr,g0259,522,clean,0,ok,3612.337,true,true,true,true,,
fepysr__seed522__clean__g0260,fepysr,g0260,522,clean,0,ok,3674.513,true,true,true,true,,
fepysr__seed522__clean__g0261,fepysr,g0261,522,clean,0,ok,3612.181,true,true,true,true,,
fepysr__seed522__clean__g0262,fepysr,g0262,522,clean,0,ok,3613.263,true,true,true,true,,
fepysr__seed522__clean__g0263,fepysr,g0263,522,clean,0,ok,3651.903,true,true,true,true,,
fepysr__seed522__clean__g0264,fepysr,g0264,522,clean,0,ok,3612.446,true,true,true,true,,
fepysr__seed522__clean__g0265,fepysr,g0265,522,clean,0,ok,3606.721,true,true,true,true,,
fepysr__seed522__clean__g0266,fepysr,g0266,522,clean,0,ok,3654.324,true,true,true,true,,
fepysr__seed522__clean__g0267,fepysr,g0267,522,clean,0,ok,3611.691,true,true,true,true,,
fepysr__seed522__clean__g0268,fepysr,g0268,522,clean,0,ok,3611.131,true,true,true,true,,
fepysr__seed522__clean__g0269,fepysr,g0269,522,clean,0,ok,3612.411,true,true,true,true,,
fepysr__seed522__clean__g0270,fepysr,g0270,522,clean,0,ok,3611.536,true,true,true,true,,
fepysr__seed522__clean__g0271,fepysr,g0271,522,clean,0,ok,3612.965,true,true,true,true,,
fepysr__seed522__clean__g0272,fepysr,g0272,522,clean,0,ok,3612.078,true,true,true,true,,
fepysr__seed522__clean__g0273,fepysr,g0273,522,clean,0,ok,3608.619,true,true,true,true,,
fepysr__seed522__clean__g0274,fepysr,g0274,522,clean,0,ok,3612.782,true,true,true,true,,
fepysr__seed522__clean__g0275,fepysr,g0275,522,clean,0,ok,3613.036,true,true,true,true,,
fepysr__seed522__clean__g0276,fepysr,g0276,522,clean,0,ok,3685.348,true,true,true,true,,
fepysr__seed522__clean__g0277,fepysr,g0277,522,clean,0,ok,3612.872,true,true,true,true,,
fepysr__seed522__clean__g0278,fepysr,g0278,522,clean,0,ok,3612.238,true,true,true,true,,
fepysr__seed522__clean__g0279,fepysr,g0279,522,clean,0,ok,3611.929,true,true,true,true,,
fepysr__seed522__clean__g0280,fepysr,g0280,522,clean,0,ok,3625.639,true,true,true,true,,
fepysr__seed522__clean__g0281,fepysr,g0281,522,clean,0,ok,3612.810,true,true,true,true,,
fepysr__seed522__clean__g0282,fepysr,g0282,522,clean,0,ok,3612.066,true,true,true,true,,
fepysr__seed522__clean__g0283,fepysr,g0283,522,clean,0,ok,3643.861,true,true,true,true,,
fepysr__seed522__clean__g0284,fepysr,g0284,522,clean,0,ok,3612.964,true,true,true,true,,
fepysr__seed522__clean__g0285,fepysr,g0285,522,clean,0,ok,3612.301,true,true,true,true,,
fepysr__seed522__clean__g0286,fepysr,g0286,522,clean,0,ok,3612.402,true,true,true,true,,
fepysr__seed522__clean__g0287,fepysr,g0287,522,clean,0,ok,3613.370,true,true,true,true,,
fepysr__seed522__clean__g0288,fepysr,g0288,522,clean,0,ok,3612.648,true,true,true,true,,
fepysr__seed522__clean__g0289,fepysr,g0289,522,clean,0,ok,3612.494,true,true,true,true,,
fepysr__seed522__clean__g0290,fepysr,g0290,522,clean,0,ok,3688.462,true,true,true,true,,
fepysr__seed522__clean__g0291,fepysr,g0291,522,clean,0,ok,3611.815,true,true,true,true,,
fepysr__seed522__clean__g0292,fepysr,g0292,522,clean,0,ok,3612.722,true,true,true,true,,
fepysr__seed522__clean__g0293,fepysr,g0293,522,clean,0,ok,3611.602,true,true,true,true,,
fepysr__seed522__clean__g0294,fepysr,g0294,522,clean,0,ok,3613.447,true,true,true,true,,
fepysr__seed522__clean__g0295,fepysr,g0295,522,clean,0,ok,3633.601,true,true,true,true,,
fepysr__seed522__clean__g0296,fepysr,g0296,522,clean,0,ok,3666.877,true,true,true,true,,
fepysr__seed522__clean__g0297,fepysr,g0297,522,clean,0,ok,3611.416,true,true,true,true,,
fepysr__seed522__clean__g0298,fepysr,g0298,522,clean,0,ok,3611.585,true,true,true,true,,
fepysr__seed522__clean__g0299,fepysr,g0299,522,clean,0,ok,3612.510,true,true,true,true,,
fepysr__seed522__clean__g0300,fepysr,g0300,522,clean,0,ok,3655.492,true,true,true,true,,
fepysr__seed522__clean__g0301,fepysr,g0301,522,clean,0,ok,3612.264,true,true,true,true,,
fepysr__seed522__clean__g0302,fepysr,g0302,522,clean,0,ok,3612.491,true,true,true,true,,
fepysr__seed522__clean__g0303,fepysr,g0303,522,clean,0,ok,3611.272,true,true,true,true,,
fepysr__seed522__clean__g0304,fepysr,g0304,522,clean,0,ok,3612.625,true,true,true,true,,
fepysr__seed522__clean__g0305,fepysr,g0305,522,clean,0,ok,3611.829,true,true,true,true,,
fepysr__seed522__clean__g0306,fepysr,g0306,522,clean,0,ok,3611.402,true,true,true,true,,
fepysr__seed522__clean__g0307,fepysr,g0307,522,clean,0,ok,3612.265,true,true,true,true,,
fepysr__seed522__clean__g0308,fepysr,g0308,522,clean,0,ok,3611.558,true,true,true,true,,
fepysr__seed522__clean__g0309,fepysr,g0309,522,clean,0,ok,3611.828,true,true,true,true,,
fepysr__seed522__clean__g0310,fepysr,g0310,522,clean,0,ok,3611.795,true,true,true,true,,
fepysr__seed522__clean__g0311,fepysr,g0311,522,clean,0,ok,3611.728,true,true,true,true,,
fepysr__seed522__clean__g0312,fepysr,g0312,522,clean,0,ok,3611.299,true,true,true,true,,
fepysr__seed522__clean__g0313,fepysr,g0313,522,clean,0,ok,3611.529,true,true,true,true,,
fepysr__seed522__clean__g0314,fepysr,g0314,522,clean,0,ok,3611.559,true,true,true,true,,
fepysr__seed522__clean__g0315,fepysr,g0315,522,clean,0,ok,3612.742,true,true,true,true,,
fepysr__seed522__clean__g0316,fepysr,g0316,522,clean,0,ok,3612.110,true,true,true,true,,
fepysr__seed522__clean__g0317,fepysr,g0317,522,clean,0,ok,3692.128,true,true,true,true,,
fepysr__seed522__clean__g0318,fepysr,g0318,522,clean,0,ok,3612.219,true,true,true,true,,
fepysr__seed522__clean__g0319,fepysr,g0319,522,clean,0,ok,3611.757,true,true,true,true,,
fepysr__seed522__clean__g0320,fepysr,g0320,522,clean,0,ok,3707.366,true,true,true,true,,
fepysr__seed522__clean__g0321,fepysr,g0321,522,clean,0,ok,3612.104,true,true,true,true,,
fepysr__seed522__clean__g0322,fepysr,g0322,522,clean,0,ok,3613.213,true,true,true,true,,
fepysr__seed522__clean__g0323,fepysr,g0323,522,clean,0,ok,3613.208,true,true,true,true,,
fepysr__seed522__clean__g0324,fepysr,g0324,522,clean,0,ok,3612.790,true,true,true,true,,
fepysr__seed522__clean__g0325,fepysr,g0325,522,clean,0,ok,3611.702,true,true,true,true,,
fepysr__seed522__clean__g0326,fepysr,g0326,522,clean,0,ok,3611.218,true,true,true,true,,
fepysr__seed522__clean__g0327,fepysr,g0327,522,clean,0,ok,3612.064,true,true,true,true,,
fepysr__seed522__clean__g0328,fepysr,g0328,522,clean,0,ok,3632.621,true,true,true,true,,
fepysr__seed522__clean__g0329,fepysr,g0329,522,clean,0,ok,3612.785,true,true,true,true,,
fepysr__seed522__clean__g0330,fepysr,g0330,522,clean,0,ok,3612.032,true,true,true,true,,
fepysr__seed522__clean__g0331,fepysr,g0331,522,clean,0,ok,3612.984,true,true,true,true,,
fepysr__seed522__clean__g0332,fepysr,g0332,522,clean,0,ok,3611.718,true,true,true,true,,
fepysr__seed522__clean__g0333,fepysr,g0333,522,clean,0,ok,3628.364,true,true,true,true,,
fepysr__seed522__clean__g0334,fepysr,g0334,522,clean,0,ok,3666.956,true,true,true,true,,
fepysr__seed522__clean__g0335,fepysr,g0335,522,clean,0,ok,3610.969,true,true,true,true,,
fepysr__seed522__clean__g0336,fepysr,g0336,522,clean,0,ok,3611.419,true,true,true,true,,
fepysr__seed522__clean__g0337,fepysr,g0337,522,clean,0,ok,3611.485,true,true,true,true,,
fepysr__seed522__clean__g0338,fepysr,g0338,522,clean,0,ok,3624.728,true,true,true,true,,
fepysr__seed522__clean__g0339,fepysr,g0339,522,clean,0,ok,3663.739,true,true,true,true,,
fepysr__seed522__clean__g0340,fepysr,g0340,522,clean,0,ok,3611.145,true,true,true,true,,
fepysr__seed522__clean__g0341,fepysr,g0341,522,clean,0,ok,3613.156,true,true,true,true,,
fepysr__seed522__clean__g0342,fepysr,g0342,522,clean,0,ok,3611.508,true,true,true,true,,
fepysr__seed522__clean__g0343,fepysr,g0343,522,clean,0,ok,3612.316,true,true,true,true,,
fepysr__seed522__clean__g0344,fepysr,g0344,522,clean,0,ok,3611.173,true,true,true,true,,
fepysr__seed522__clean__g0345,fepysr,g0345,522,clean,0,ok,3627.075,true,true,true,true,,
fepysr__seed522__clean__g0346,fepysr,g0346,522,clean,0,ok,3612.309,true,true,true,true,,
fepysr__seed522__clean__g0347,fepysr,g0347,522,clean,0,ok,3610.609,true,true,true,true,,
fepysr__seed522__clean__g0348,fepysr,g0348,522,clean,0,ok,3611.397,true,true,true,true,,
fepysr__seed522__clean__g0349,fepysr,g0349,522,clean,0,ok,3634.687,true,true,true,true,,
fepysr__seed522__clean__g0350,fepysr,g0350,522,clean,0,ok,3613.611,true,true,true,true,,
fepysr__seed522__clean__g0351,fepysr,g0351,522,clean,0,ok,3612.766,true,true,true,true,,
fepysr__seed522__clean__g0352,fepysr,g0352,522,clean,0,ok,3613.076,true,true,true,true,,
fepysr__seed522__clean__g0353,fepysr,g0353,522,clean,0,ok,3612.453,true,true,true,true,,
fepysr__seed522__clean__g0354,fepysr,g0354,522,clean,0,ok,3612.799,true,true,true,true,,
fepysr__seed522__clean__g0355,fepysr,g0355,522,clean,0,ok,3690.210,true,true,true,true,,
fepysr__seed522__clean__g0356,fepysr,g0356,522,clean,0,ok,3611.612,true,true,true,true,,
fepysr__seed522__clean__g0357,fepysr,g0357,522,clean,0,ok,3611.810,true,true,true,true,,
fepysr__seed522__clean__g0358,fepysr,g0358,522,clean,0,ok,3627.940,true,true,true,true,,
fepysr__seed522__clean__g0359,fepysr,g0359,522,clean,0,ok,3611.377,true,true,true,true,,
fepysr__seed522__clean__g0360,fepysr,g0360,522,clean,0,ok,3612.466,true,true,true,true,,
fepysr__seed522__clean__g0361,fepysr,g0361,522,clean,0,ok,3611.461,true,true,true,true,,
fepysr__seed522__clean__g0362,fepysr,g0362,522,clean,0,ok,3612.257,true,true,true,true,,
fepysr__seed522__clean__g0363,fepysr,g0363,522,clean,0,ok,3611.320,true,true,true,true,,
fepysr__seed522__clean__g0364,fepysr,g0364,522,clean,0,ok,3613.050,true,true,true,true,,
fepysr__seed522__clean__g0365,fepysr,g0365,522,clean,0,ok,3612.729,true,true,true,true,,
fepysr__seed522__clean__g0366,fepysr,g0366,522,clean,0,ok,3611.188,true,true,true,true,,
fepysr__seed522__clean__g0367,fepysr,g0367,522,clean,0,ok,3612.515,true,true,true,true,,
fepysr__seed522__clean__g0368,fepysr,g0368,522,clean,0,ok,3612.260,true,true,true,true,,
fepysr__seed522__clean__g0369,fepysr,g0369,522,clean,0,ok,3612.458,true,true,true,true,,
fepysr__seed522__clean__g0370,fepysr,g0370,522,clean,0,ok,3621.207,true,true,true,true,,
fepysr__seed522__clean__g0371,fepysr,g0371,522,clean,0,ok,3613.307,true,true,true,true,,
fepysr__seed522__clean__g0372,fepysr,g0372,522,clean,0,ok,3611.750,true,true,true,true,,
fepysr__seed522__clean__g0373,fepysr,g0373,522,clean,0,ok,3612.199,true,true,true,true,,
fepysr__seed522__clean__g0374,fepysr,g0374,522,clean,0,ok,3615.289,true,true,true,true,,
fepysr__seed522__clean__g0375,fepysr,g0375,522,clean,0,ok,3612.025,true,true,true,true,,
fepysr__seed522__clean__g0376,fepysr,g0376,522,clean,0,ok,3612.846,true,true,true,true,,
fepysr__seed522__clean__g0377,fepysr,g0377,522,clean,0,ok,3612.652,true,true,true,true,,
fepysr__seed522__clean__g0378,fepysr,g0378,522,clean,0,ok,3612.339,true,true,true,true,,
fepysr__seed522__clean__g0379,fepysr,g0379,522,clean,0,ok,3611.577,true,true,true,true,,
fepysr__seed522__clean__g0380,fepysr,g0380,522,clean,0,ok,3681.649,true,true,true,true,,
fepysr__seed522__clean__g0381,fepysr,g0381,522,clean,0,ok,3611.659,true,true,true,true,,
fepysr__seed522__clean__g0382,fepysr,g0382,522,clean,0,ok,3611.627,true,true,true,true,,
fepysr__seed522__clean__g0383,fepysr,g0383,522,clean,0,ok,3611.717,true,true,true,true,,
fepysr__seed522__clean__g0384,fepysr,g0384,522,clean,0,ok,3612.532,true,true,true,true,,
fepysr__seed522__clean__g0385,fepysr,g0385,522,clean,0,ok,3611.360,true,true,true,true,,
fepysr__seed522__clean__g0386,fepysr,g0386,522,clean,0,ok,3613.297,true,true,true,true,,
fepysr__seed522__clean__g0387,fepysr,g0387,522,clean,0,ok,3660.874,true,true,true,true,,
fepysr__seed522__clean__g0388,fepysr,g0388,522,clean,0,ok,3611.546,true,true,true,true,,
fepysr__seed522__clean__g0389,fepysr,g0389,522,clean,0,ok,3611.812,true,true,true,true,,
fepysr__seed522__clean__g0390,fepysr,g0390,522,clean,0,ok,3612.756,true,true,true,true,,
fepysr__seed522__clean__g0391,fepysr,g0391,522,clean,0,ok,3611.861,true,true,true,true,,
fepysr__seed522__clean__g0392,fepysr,g0392,522,clean,0,ok,3682.488,true,true,true,true,,
fepysr__seed522__clean__g0393,fepysr,g0393,522,clean,0,ok,3611.578,true,true,true,true,,
fepysr__seed522__clean__g0394,fepysr,g0394,522,clean,0,ok,3611.598,true,true,true,true,,
fepysr__seed522__clean__g0395,fepysr,g0395,522,clean,0,ok,3612.573,true,true,true,true,,
fepysr__seed522__clean__g0396,fepysr,g0396,522,clean,0,ok,3624.522,true,true,true,true,,
fepysr__seed522__clean__g0397,fepysr,g0397,522,clean,0,ok,3613.005,true,true,true,true,,
fepysr__seed522__clean__g0398,fepysr,g0398,522,clean,0,ok,3611.902,true,true,true,true,,
fepysr__seed522__clean__g0399,fepysr,g0399,522,clean,0,ok,3611.535,true,true,true,true,,
fepysr__seed522__clean__g0400,fepysr,g0400,522,clean,0,ok,3612.738,true,true,true,true,,
fepysr__seed522__clean__g0401,fepysr,g0401,522,clean,0,ok,3678.163,true,true,true,true,,
fepysr__seed522__clean__g0402,fepysr,g0402,522,clean,0,ok,3662.907,true,true,true,true,,
fepysr__seed522__clean__g0403,fepysr,g0403,522,clean,0,ok,3612.556,true,true,true,true,,
fepysr__seed522__clean__g0404,fepysr,g0404,522,clean,0,ok,3612.882,true,true,true,true,,
fepysr__seed522__clean__g0405,fepysr,g0405,522,clean,0,ok,3612.183,true,true,true,true,,
fepysr__seed522__clean__g0406,fepysr,g0406,522,clean,0,ok,3610.903,true,true,true,true,,
fepysr__seed522__clean__g0407,fepysr,g0407,522,clean,0,ok,3621.572,true,true,true,true,,
fepysr__seed522__clean__g0408,fepysr,g0408,522,clean,0,ok,3611.208,true,true,true,true,,
fepysr__seed522__clean__g0409,fepysr,g0409,522,clean,0,ok,3613.054,true,true,true,true,,
fepysr__seed522__clean__g0410,fepysr,g0410,522,clean,0,ok,3611.012,true,true,true,true,,
fepysr__seed522__clean__g0411,fepysr,g0411,522,clean,0,ok,3612.124,true,true,true,true,,
fepysr__seed522__clean__g0412,fepysr,g0412,522,clean,0,ok,3612.802,true,true,true,true,,
fepysr__seed522__clean__g0413,fepysr,g0413,522,clean,0,ok,3653.753,true,true,true,true,,
fepysr__seed522__clean__g0414,fepysr,g0414,522,clean,0,ok,3627.767,true,true,true,true,,
fepysr__seed522__clean__g0415,fepysr,g0415,522,clean,0,ok,3611.146,true,true,true,true,,
fepysr__seed522__clean__g0416,fepysr,g0416,522,clean,0,ok,3613.530,true,true,true,true,,
fepysr__seed522__clean__g0417,fepysr,g0417,522,clean,0,ok,3613.062,true,true,true,true,,
fepysr__seed522__clean__g0418,fepysr,g0418,522,clean,0,ok,3612.999,true,true,true,true,,
fepysr__seed522__clean__g0419,fepysr,g0419,522,clean,0,ok,3613.055,true,true,true,true,,
fepysr__seed522__clean__g0420,fepysr,g0420,522,clean,0,ok,3693.494,true,true,true,true,,
fepysr__seed522__clean__g0421,fepysr,g0421,522,clean,0,ok,3612.145,true,true,true,true,,
fepysr__seed522__clean__g0422,fepysr,g0422,522,clean,0,ok,3613.083,true,true,true,true,,
fepysr__seed522__clean__g0423,fepysr,g0423,522,clean,0,ok,3612.446,true,true,true,true,,
fepysr__seed522__clean__g0424,fepysr,g0424,522,clean,0,ok,3611.961,true,true,true,true,,
fepysr__seed522__clean__g0425,fepysr,g0425,522,clean,0,ok,3612.452,true,true,true,true,,
fepysr__seed522__clean__g0426,fepysr,g0426,522,clean,0,ok,3612.674,true,true,true,true,,
fepysr__seed522__clean__g0427,fepysr,g0427,522,clean,0,ok,3686.260,true,true,true,true,,
fepysr__seed522__clean__g0428,fepysr,g0428,522,clean,0,ok,3611.052,true,true,true,true,,
fepysr__seed522__clean__g0429,fepysr,g0429,522,clean,0,ok,3613.366,true,true,true,true,,
fepysr__seed522__clean__g0430,fepysr,g0430,522,clean,0,ok,3625.665,true,true,true,true,,
fepysr__seed522__clean__g0431,fepysr,g0431,522,clean,0,ok,3613.554,true,true,true,true,,
fepysr__seed522__clean__g0432,fepysr,g0432,522,clean,0,ok,3611.571,true,true,true,true,,
fepysr__seed522__clean__g0433,fepysr,g0433,522,clean,0,ok,3612.323,true,true,true,true,,
fepysr__seed522__clean__g0434,fepysr,g0434,522,clean,0,ok,3613.056,true,true,true,true,,
fepysr__seed522__clean__g0435,fepysr,g0435,522,clean,0,ok,3680.519,true,true,true,true,,
fepysr__seed522__clean__g0436,fepysr,g0436,522,clean,0,ok,3612.817,true,true,true,true,,
fepysr__seed522__clean__g0437,fepysr,g0437,522,clean,0,ok,3613.814,true,true,true,true,,
fepysr__seed522__clean__g0438,fepysr,g0438,522,clean,0,ok,3614.513,true,true,true,true,,
fepysr__seed522__clean__g0439,fepysr,g0439,522,clean,0,ok,3605.385,true,true,true,true,,
fepysr__seed522__clean__g0440,fepysr,g0440,522,clean,0,ok,3612.717,true,true,true,true,,
fepysr__seed522__clean__g0441,fepysr,g0441,522,clean,0,ok,3613.878,true,true,true,true,,
fepysr__seed522__clean__g0442,fepysr,g0442,522,clean,0,ok,3612.045,true,true,true,true,,
fepysr__seed522__clean__g0443,fepysr,g0443,522,clean,0,ok,3613.732,true,true,true,true,,
fepysr__seed522__clean__g0444,fepysr,g0444,522,clean,0,ok,3612.950,true,true,true,true,,
fepysr__seed522__clean__g0445,fepysr,g0445,522,clean,0,ok,3612.992,true,true,true,true,,
fepysr__seed522__clean__g0446,fepysr,g0446,522,clean,0,ok,3612.094,true,true,true,true,,
fepysr__seed522__clean__g0447,fepysr,g0447,522,clean,0,ok,3612.024,true,true,true,true,,
fepysr__seed522__clean__g0448,fepysr,g0448,522,clean,0,ok,3612.773,true,true,true,true,,
fepysr__seed522__clean__g0449,fepysr,g0449,522,clean,0,ok,3613.331,true,true,true,true,,
fepysr__seed522__clean__g0450,fepysr,g0450,522,clean,0,ok,3612.623,true,true,true,true,,
fepysr__seed522__clean__g0451,fepysr,g0451,522,clean,0,ok,3613.369,true,true,true,true,,
fepysr__seed522__clean__g0452,fepysr,g0452,522,clean,0,ok,3613.763,true,true,true,true,,
fepysr__seed522__clean__g0453,fepysr,g0453,522,clean,0,ok,3611.870,true,true,true,true,,
fepysr__seed522__clean__g0454,fepysr,g0454,522,clean,0,ok,3614.144,true,true,true,true,,
fepysr__seed522__clean__g0455,fepysr,g0455,522,clean,0,ok,3612.791,true,true,true,true,,
fepysr__seed522__clean__g0456,fepysr,g0456,522,clean,0,ok,3613.522,true,true,true,true,,
fepysr__seed522__clean__g0457,fepysr,g0457,522,clean,0,ok,3714.939,true,true,true,true,,
fepysr__seed522__clean__g0458,fepysr,g0458,522,clean,0,ok,3613.799,true,true,true,true,,
fepysr__seed522__clean__g0459,fepysr,g0459,522,clean,0,ok,3614.240,true,true,true,true,,
fepysr__seed522__clean__g0460,fepysr,g0460,522,clean,0,ok,3613.446,true,true,true,true,,
fepysr__seed522__clean__g0461,fepysr,g0461,522,clean,0,ok,3613.217,true,true,true,true,,
fepysr__seed522__clean__g0462,fepysr,g0462,522,clean,0,ok,3612.633,true,true,true,true,,
fepysr__seed522__clean__g0463,fepysr,g0463,522,clean,0,ok,3612.908,true,true,true,true,,
fepysr__seed522__clean__g0464,fepysr,g0464,522,clean,0,ok,3615.037,true,true,true,true,,
fepysr__seed522__clean__g0465,fepysr,g0465,522,clean,0,ok,3613.745,true,true,true,true,,
fepysr__seed522__clean__g0466,fepysr,g0466,522,clean,0,ok,3612.950,true,true,true,true,,
fepysr__seed522__clean__g0467,fepysr,g0467,522,clean,0,ok,3611.343,true,true,true,true,,
fepysr__seed522__clean__g0468,fepysr,g0468,522,clean,0,ok,3612.360,true,true,true,true,,
fepysr__seed522__clean__g0469,fepysr,g0469,522,clean,0,ok,3611.930,true,true,true,true,,
fepysr__seed522__clean__g0470,fepysr,g0470,522,clean,0,ok,3711.613,true,true,true,true,,
fepysr__seed522__clean__g0471,fepysr,g0471,522,clean,0,ok,3613.462,true,true,true,true,,
fepysr__seed522__clean__g0472,fepysr,g0472,522,clean,0,ok,3614.522,true,true,true,true,,
fepysr__seed522__clean__g0473,fepysr,g0473,522,clean,0,ok,3621.658,true,true,true,true,,
fepysr__seed522__clean__g0474,fepysr,g0474,522,clean,0,ok,3616.230,true,true,true,true,,
fepysr__seed522__clean__g0475,fepysr,g0475,522,clean,0,ok,3617.685,true,true,true,true,,
fepysr__seed522__clean__g0476,fepysr,g0476,522,clean,0,ok,3616.680,true,true,true,true,,
fepysr__seed522__clean__g0477,fepysr,g0477,522,clean,0,ok,3615.735,true,true,true,true,,
fepysr__seed522__clean__g0478,fepysr,g0478,522,clean,0,ok,3617.187,true,true,true,true,,
fepysr__seed522__clean__g0479,fepysr,g0479,522,clean,0,ok,3616.522,true,true,true,true,,
fepysr__seed522__clean__g0480,fepysr,g0480,522,clean,0,ok,3615.265,true,true,true,true,,
fepysr__seed522__clean__g0481,fepysr,g0481,522,clean,0,ok,3618.748,true,true,true,true,,
fepysr__seed522__clean__g0482,fepysr,g0482,522,clean,0,ok,3635.890,true,true,true,true,,
fepysr__seed522__clean__g0483,fepysr,g0483,522,clean,0,ok,3657.103,true,true,true,true,,
fepysr__seed522__clean__g0484,fepysr,g0484,522,clean,0,ok,3616.832,true,true,true,true,,
fepysr__seed522__clean__g0485,fepysr,g0485,522,clean,0,ok,3617.867,true,true,true,true,,
fepysr__seed522__clean__g0486,fepysr,g0486,522,clean,0,ok,3616.558,true,true,true,true,,
fepysr__seed522__clean__g0487,fepysr,g0487,522,clean,0,ok,3618.442,true,true,true,true,,
fepysr__seed522__clean__g0488,fepysr,g0488,522,clean,0,ok,3616.839,true,true,true,true,,
fepysr__seed522__clean__g0489,fepysr,g0489,522,clean,0,ok,3618.593,true,true,true,true,,
fepysr__seed522__clean__g0490,fepysr,g0490,522,clean,0,ok,3617.972,true,true,true,true,,
fepysr__seed522__clean__g0491,fepysr,g0491,522,clean,0,ok,3615.975,true,true,true,true,,
fepysr__seed522__clean__g0492,fepysr,g0492,522,clean,0,ok,3618.027,true,true,true,true,,
fepysr__seed522__clean__g0493,fepysr,g0493,522,clean,0,ok,3617.042,true,true,true,true,,
fepysr__seed522__clean__g0494,fepysr,g0494,522,clean,0,ok,3616.849,true,true,true,true,,
fepysr__seed522__clean__g0495,fepysr,g0495,522,clean,0,ok,3707.040,true,true,true,true,,
fepysr__seed522__clean__g0496,fepysr,g0496,522,clean,0,ok,3716.262,true,true,true,true,,
fepysr__seed522__clean__g0497,fepysr,g0497,522,clean,0,ok,3668.540,true,true,true,true,,
fepysr__seed522__clean__g0498,fepysr,g0498,522,clean,0,ok,3617.424,true,true,true,true,,
fepysr__seed522__clean__g0499,fepysr,g0499,522,clean,0,ok,3616.114,true,true,true,true,,
fepysr__seed522__clean__g0500,fepysr,g0500,522,clean,0,ok,3616.876,true,true,true,true,,
fepysr__seed522__clean__g0501,fepysr,g0501,522,clean,0,ok,3614.730,true,true,true,true,,
fepysr__seed522__clean__g0502,fepysr,g0502,522,clean,0,ok,3617.885,true,true,true,true,,
fepysr__seed522__clean__g0503,fepysr,g0503,522,clean,0,ok,3618.940,true,true,true,true,,
fepysr__seed522__clean__g0504,fepysr,g0504,522,clean,0,ok,3617.627,true,true,true,true,,
fepysr__seed522__clean__g0505,fepysr,g0505,522,clean,0,ok,3615.986,true,true,true,true,,
fepysr__seed522__clean__g0506,fepysr,g0506,522,clean,0,ok,3619.175,true,true,true,true,,
fepysr__seed522__clean__g0507,fepysr,g0507,522,clean,0,ok,3692.634,true,true,true,true,,
fepysr__seed522__clean__g0508,fepysr,g0508,522,clean,0,ok,3648.367,true,true,true,true,,
fepysr__seed522__clean__g0509,fepysr,g0509,522,clean,0,ok,3619.642,true,true,true,true,,
fepysr__seed522__clean__g0510,fepysr,g0510,522,clean,0,ok,3621.761,true,true,true,true,,
fepysr__seed522__clean__g0511,fepysr,g0511,522,clean,0,ok,3617.730,true,true,true,true,,
fepysr__seed522__clean__g0512,fepysr,g0512,522,clean,0,ok,3614.136,true,true,true,true,,
fepysr__seed522__clean__g0513,fepysr,g0513,522,clean,0,ok,3736.971,true,true,true,true,,
fepysr__seed522__clean__g0514,fepysr,g0514,522,clean,0,ok,3616.000,true,true,true,true,,
fepysr__seed522__clean__g0515,fepysr,g0515,522,clean,0,ok,3615.817,true,true,true,true,,
fepysr__seed522__clean__g0516,fepysr,g0516,522,clean,0,ok,3616.771,true,true,true,true,,
fepysr__seed522__clean__g0517,fepysr,g0517,522,clean,0,ok,3618.200,true,true,true,true,,
fepysr__seed522__clean__g0518,fepysr,g0518,522,clean,0,ok,3617.427,true,true,true,true,,
fepysr__seed522__clean__g0519,fepysr,g0519,522,clean,0,ok,3616.580,true,true,true,true,,
fepysr__seed522__clean__g0520,fepysr,g0520,522,clean,0,ok,3617.420,true,true,true,true,,
fepysr__seed522__clean__g0521,fepysr,g0521,522,clean,0,ok,3617.586,true,true,true,true,,
fepysr__seed522__clean__g0522,fepysr,g0522,522,clean,0,ok,3619.407,true,true,true,true,,
fepysr__seed522__clean__g0523,fepysr,g0523,522,clean,0,ok,3615.352,true,true,true,true,,
fepysr__seed522__clean__g0524,fepysr,g0524,522,clean,0,ok,3735.726,true,true,true,true,,
fepysr__seed522__clean__g0525,fepysr,g0525,522,clean,0,ok,3617.447,true,true,true,true,,
fepysr__seed522__clean__g0526,fepysr,g0526,522,clean,0,ok,3617.238,true,true,true,true,,
fepysr__seed522__clean__g0527,fepysr,g0527,522,clean,0,ok,3614.770,true,true,true,true,,
fepysr__seed522__clean__g0528,fepysr,g0528,522,clean,0,ok,3662.585,true,true,true,true,,
fepysr__seed522__clean__g0529,fepysr,g0529,522,clean,0,ok,3616.193,true,true,true,true,,
fepysr__seed522__clean__g0530,fepysr,g0530,522,clean,0,ok,3617.480,true,true,true,true,,
fepysr__seed522__clean__g0531,fepysr,g0531,522,clean,0,ok,3615.738,true,true,true,true,,
fepysr__seed522__clean__g0532,fepysr,g0532,522,clean,0,ok,3615.999,true,true,true,true,,
fepysr__seed522__clean__g0533,fepysr,g0533,522,clean,0,ok,3618.056,true,true,true,true,,
fepysr__seed522__clean__g0534,fepysr,g0534,522,clean,0,ok,3619.442,true,true,true,true,,
fepysr__seed522__clean__g0535,fepysr,g0535,522,clean,0,ok,3616.713,true,true,true,true,,
fepysr__seed522__clean__g0536,fepysr,g0536,522,clean,0,ok,3617.753,true,true,true,true,,
fepysr__seed522__clean__g0537,fepysr,g0537,522,clean,0,ok,3616.696,true,true,true,true,,
fepysr__seed522__clean__g0538,fepysr,g0538,522,clean,0,ok,3618.496,true,true,true,true,,
fepysr__seed522__clean__g0539,fepysr,g0539,522,clean,0,ok,3691.307,true,true,true,true,,
fepysr__seed522__clean__g0540,fepysr,g0540,522,clean,0,ok,3623.881,true,true,true,true,,
fepysr__seed522__clean__g0541,fepysr,g0541,522,clean,0,ok,3616.215,true,true,true,true,,
fepysr__seed522__clean__g0542,fepysr,g0542,522,clean,0,ok,3617.455,true,true,true,true,,
fepysr__seed522__clean__g0543,fepysr,g0543,522,clean,0,ok,3617.780,true,true,true,true,,
fepysr__seed522__clean__g0544,fepysr,g0544,522,clean,0,ok,3617.439,true,true,true,true,,
fepysr__seed522__clean__g0545,fepysr,g0545,522,clean,0,ok,3615.207,true,true,true,true,,
fepysr__seed522__clean__g0546,fepysr,g0546,522,clean,0,ok,3617.223,true,true,true,true,,
fepysr__seed522__clean__g0547,fepysr,g0547,522,clean,0,ok,3617.365,true,true,true,true,,
fepysr__seed522__clean__g0548,fepysr,g0548,522,clean,0,ok,3617.030,true,true,true,true,,
fepysr__seed522__clean__g0549,fepysr,g0549,522,clean,0,ok,3615.886,true,true,true,true,,
fepysr__seed522__clean__g0550,fepysr,g0550,522,clean,0,ok,3617.728,true,true,true,true,,
fepysr__seed522__clean__g0551,fepysr,g0551,522,clean,0,ok,3617.261,true,true,true,true,,
fepysr__seed522__clean__g0552,fepysr,g0552,522,clean,0,ok,3617.863,true,true,true,true,,
fepysr__seed522__clean__g0553,fepysr,g0553,522,clean,0,ok,3616.648,true,true,true,true,,
fepysr__seed522__clean__g0554,fepysr,g0554,522,clean,0,ok,3616.311,true,true,true,true,,
fepysr__seed522__clean__g0555,fepysr,g0555,522,clean,0,ok,3621.418,true,true,true,true,,
fepysr__seed522__clean__g0556,fepysr,g0556,522,clean,0,ok,3618.074,true,true,true,true,,
fepysr__seed522__clean__g0557,fepysr,g0557,522,clean,0,ok,3617.310,true,true,true,true,,
fepysr__seed522__clean__g0558,fepysr,g0558,522,clean,0,ok,3618.673,true,true,true,true,,
fepysr__seed522__clean__g0559,fepysr,g0559,522,clean,0,ok,3616.601,true,true,true,true,,
fepysr__seed522__clean__g0560,fepysr,g0560,522,clean,0,ok,3616.957,true,true,true,true,,
fepysr__seed522__clean__g0561,fepysr,g0561,522,clean,0,ok,3615.234,true,true,true,true,,
fepysr__seed522__clean__g0562,fepysr,g0562,522,clean,0,ok,3616.352,true,true,true,true,,
fepysr__seed522__clean__g0563,fepysr,g0563,522,clean,0,ok,3619.611,true,true,true,true,,
fepysr__seed522__clean__g0564,fepysr,g0564,522,clean,0,ok,3617.037,true,true,true,true,,
fepysr__seed522__clean__g0565,fepysr,g0565,522,clean,0,ok,3615.940,true,true,true,true,,
fepysr__seed522__clean__g0566,fepysr,g0566,522,clean,0,ok,3665.264,true,true,true,true,,
fepysr__seed522__clean__g0567,fepysr,g0567,522,clean,0,ok,3614.856,true,true,true,true,,
fepysr__seed522__clean__g0568,fepysr,g0568,522,clean,0,ok,3613.437,true,true,true,true,,
fepysr__seed522__clean__g0569,fepysr,g0569,522,clean,0,ok,3615.384,true,true,true,true,,
fepysr__seed522__clean__g0570,fepysr,g0570,522,clean,0,ok,3639.094,true,true,true,true,,
fepysr__seed522__clean__g0571,fepysr,g0571,522,clean,0,ok,3639.488,true,true,true,true,,
fepysr__seed522__clean__g0572,fepysr,g0572,522,clean,0,ok,3620.160,true,true,true,true,,
fepysr__seed522__clean__g0573,fepysr,g0573,522,clean,0,ok,3615.416,true,true,true,true,,
fepysr__seed522__clean__g0574,fepysr,g0574,522,clean,0,ok,3615.232,true,true,true,true,,
fepysr__seed522__clean__g0575,fepysr,g0575,522,clean,0,ok,3617.015,true,true,true,true,,
fepysr__seed522__clean__g0576,fepysr,g0576,522,clean,0,ok,3616.481,true,true,true,true,,
fepysr__seed522__clean__g0577,fepysr,g0577,522,clean,0,ok,3616.079,true,true,true,true,,
fepysr__seed522__clean__g0578,fepysr,g0578,522,clean,0,ok,3617.142,true,true,true,true,,
fepysr__seed522__clean__g0579,fepysr,g0579,522,clean,0,ok,3635.210,true,true,true,true,,
fepysr__seed522__clean__g0580,fepysr,g0580,522,clean,0,ok,3651.092,true,true,true,true,,
fepysr__seed522__clean__g0581,fepysr,g0581,522,clean,0,ok,3615.124,true,true,true,true,,
fepysr__seed522__clean__g0582,fepysr,g0582,522,clean,0,ok,3617.695,true,true,true,true,,
fepysr__seed522__clean__g0583,fepysr,g0583,522,clean,0,ok,3618.078,true,true,true,true,,
fepysr__seed522__clean__g0584,fepysr,g0584,522,clean,0,ok,3617.682,true,true,true,true,,
fepysr__seed522__clean__g0585,fepysr,g0585,522,clean,0,ok,3614.694,true,true,true,true,,
fepysr__seed522__clean__g0586,fepysr,g0586,522,clean,0,ok,3617.764,true,true,true,true,,
fepysr__seed522__clean__g0587,fepysr,g0587,522,clean,0,ok,3614.899,true,true,true,true,,
fepysr__seed522__clean__g0588,fepysr,g0588,522,clean,0,ok,3617.528,true,true,true,true,,
fepysr__seed522__clean__g0589,fepysr,g0589,522,clean,0,ok,3617.685,true,true,true,true,,
fepysr__seed522__clean__g0590,fepysr,g0590,522,clean,0,ok,3616.501,true,true,true,true,,
fepysr__seed522__clean__g0591,fepysr,g0591,522,clean,0,ok,3645.606,true,true,true,true,,
fepysr__seed522__clean__g0592,fepysr,g0592,522,clean,0,ok,3637.487,true,true,true,true,,
fepysr__seed522__clean__g0593,fepysr,g0593,522,clean,0,ok,3570.604,true,true,true,true,,
fepysr__seed522__clean__g0594,fepysr,g0594,522,clean,0,ok,3572.464,true,true,true,true,,
fepysr__seed522__clean__g0595,fepysr,g0595,522,clean,0,ok,3605.295,true,true,true,true,,
fepysr__seed522__clean__g0596,fepysr,g0596,522,clean,0,ok,3606.321,true,true,true,true,,
fepysr__seed522__clean__g0597,fepysr,g0597,522,clean,0,ok,3606.751,true,true,true,true,,
fepysr__seed522__clean__g0598,fepysr,g0598,522,clean,0,ok,3616.882,true,true,true,true,,
fepysr__seed522__clean__g0599,fepysr,g0599,522,clean,0,ok,3628.196,true,true,true,true,,
fepysr__seed522__clean__g0600,fepysr,g0600,522,clean,0,ok,3565.722,true,true,true,true,,
fepysr__seed522__clean__g0601,fepysr,g0601,522,clean,0,ok,3611.241,true,true,true,true,,
fepysr__seed522__clean__g0602,fepysr,g0602,522,clean,0,ok,3584.846,true,true,true,true,,
fepysr__seed522__clean__g0603,fepysr,g0603,522,clean,0,ok,3600.740,true,true,true,true,,
fepysr__seed522__clean__g0604,fepysr,g0604,522,clean,0,ok,3616.400,true,true,true,true,,
fepysr__seed522__clean__g0605,fepysr,g0605,522,clean,0,ok,3555.169,true,true,true,true,,
fepysr__seed522__clean__g0606,fepysr,g0606,522,clean,0,ok,3549.421,true,true,true,true,,
fepysr__seed522__clean__g0607,fepysr,g0607,522,clean,0,ok,3620.397,true,true,true,true,,
fepysr__seed522__clean__g0608,fepysr,g0608,522,clean,0,ok,3623.375,true,true,true,true,,
fepysr__seed522__clean__g0609,fepysr,g0609,522,clean,0,ok,3566.033,true,true,true,true,,
fepysr__seed522__clean__g0610,fepysr,g0610,522,clean,0,ok,3614.797,true,true,true,true,,
fepysr__seed522__clean__g0611,fepysr,g0611,522,clean,0,ok,3596.645,true,true,true,true,,
fepysr__seed522__clean__g0612,fepysr,g0612,522,clean,0,ok,3577.720,true,true,true,true,,
fepysr__seed522__clean__g0613,fepysr,g0613,522,clean,0,ok,3607.856,true,true,true,true,,
fepysr__seed522__clean__g0614,fepysr,g0614,522,clean,0,ok,3594.323,true,true,true,true,,
fepysr__seed522__clean__g0615,fepysr,g0615,522,clean,0,ok,3546.599,true,true,true,true,,
fepysr__seed522__clean__g0616,fepysr,g0616,522,clean,0,ok,3611.369,true,true,true,true,,
fepysr__seed522__clean__g0617,fepysr,g0617,522,clean,0,ok,3611.173,true,true,true,true,,
fepysr__seed522__clean__g0618,fepysr,g0618,522,clean,0,ok,3605.958,true,true,true,true,,
fepysr__seed522__clean__g0619,fepysr,g0619,522,clean,0,ok,3554.623,true,true,true,true,,
fepysr__seed522__clean__g0620,fepysr,g0620,522,clean,0,ok,3566.167,true,true,true,true,,
fepysr__seed522__clean__g0621,fepysr,g0621,522,clean,0,ok,3609.164,true,true,true,true,,
fepysr__seed522__clean__g0622,fepysr,g0622,522,clean,0,ok,3615.173,true,true,true,true,,
fepysr__seed522__clean__g0623,fepysr,g0623,522,clean,0,ok,3550.175,true,true,true,true,,
fepysr__seed522__clean__g0624,fepysr,g0624,522,clean,0,ok,3536.252,true,true,true,true,,
fepysr__seed522__clean__g0625,fepysr,g0625,522,clean,0,ok,3605.321,true,true,true,true,,
fepysr__seed522__clean__g0626,fepysr,g0626,522,clean,0,ok,3603.871,true,true,true,true,,
fepysr__seed522__clean__g0627,fepysr,g0627,522,clean,0,ok,3595.043,true,true,true,true,,
fepysr__seed522__clean__g0628,fepysr,g0628,522,clean,0,ok,3611.441,true,true,true,true,,
fepysr__seed522__clean__g0629,fepysr,g0629,522,clean,0,ok,3543.669,true,true,true,true,,
fepysr__seed522__clean__g0630,fepysr,g0630,522,clean,0,ok,3604.064,true,true,true,true,,
fepysr__seed522__clean__g0631,fepysr,g0631,522,clean,0,ok,3569.837,true,true,true,true,,
fepysr__seed522__clean__g0632,fepysr,g0632,522,clean,0,ok,3578.838,true,true,true,true,,
fepysr__seed522__clean__g0633,fepysr,g0633,522,clean,0,ok,3577.028,true,true,true,true,,
fepysr__seed522__clean__g0634,fepysr,g0634,522,clean,0,ok,3553.419,true,true,true,true,,
fepysr__seed522__clean__g0635,fepysr,g0635,522,clean,0,ok,3592.922,true,true,true,true,,
fepysr__seed522__clean__g0636,fepysr,g0636,522,clean,0,ok,3604.505,true,true,true,true,,
fepysr__seed522__clean__g0637,fepysr,g0637,522,clean,0,ok,3605.003,true,true,true,true,,
fepysr__seed522__clean__g0638,fepysr,g0638,522,clean,0,ok,3604.073,true,true,true,true,,
fepysr__seed522__clean__g0639,fepysr,g0639,522,clean,0,ok,3561.843,true,true,true,true,,
fepysr__seed522__clean__g0640,fepysr,g0640,522,clean,0,ok,3559.415,true,true,true,true,,
fepysr__seed522__clean__g0641,fepysr,g0641,522,clean,0,ok,3603.753,true,true,true,true,,
fepysr__seed522__clean__g0642,fepysr,g0642,522,clean,0,ok,3604.825,true,true,true,true,,
fepysr__seed522__clean__g0643,fepysr,g0643,522,clean,0,ok,3610.225,true,true,true,true,,
fepysr__seed522__clean__g0644,fepysr,g0644,522,clean,0,ok,3602.942,true,true,true,true,,
fepysr__seed522__clean__g0645,fepysr,g0645,522,clean,0,ok,3611.847,true,true,true,true,,
fepysr__seed522__clean__g0646,fepysr,g0646,522,clean,0,ok,3610.983,true,true,true,true,,
fepysr__seed522__clean__g0647,fepysr,g0647,522,clean,0,ok,3605.362,true,true,true,true,,
fepysr__seed522__clean__g0648,fepysr,g0648,522,clean,0,ok,3605.169,true,true,true,true,,
fepysr__seed522__clean__g0649,fepysr,g0649,522,clean,0,ok,3581.519,true,true,true,true,,
fepysr__seed522__clean__g0650,fepysr,g0650,522,clean,0,ok,3619.347,true,true,true,true,,
fepysr__seed522__clean__g0651,fepysr,g0651,522,clean,0,ok,3605.272,true,true,true,true,,
fepysr__seed522__clean__g0652,fepysr,g0652,522,clean,0,ok,3605.207,true,true,true,true,,
fepysr__seed522__clean__g0653,fepysr,g0653,522,clean,0,ok,3613.078,true,true,true,true,,
fepysr__seed522__clean__g0654,fepysr,g0654,522,clean,0,ok,3610.556,true,true,true,true,,
fepysr__seed522__clean__g0655,fepysr,g0655,522,clean,0,ok,3609.706,true,true,true,true,,
fepysr__seed522__clean__g0656,fepysr,g0656,522,clean,0,ok,3605.464,true,true,true,true,,
fepysr__seed522__clean__g0657,fepysr,g0657,522,clean,0,ok,3609.704,true,true,true,true,,
fepysr__seed522__clean__g0658,fepysr,g0658,522,clean,0,ok,3609.639,true,true,true,true,,
fepysr__seed522__clean__g0659,fepysr,g0659,522,clean,0,ok,3609.454,true,true,true,true,,
fepysr__seed522__clean__g0660,fepysr,g0660,522,clean,0,ok,3610.423,true,true,true,true,,
fepysr__seed522__clean__g0661,fepysr,g0661,522,clean,0,ok,3609.405,true,true,true,true,,
fepysr__seed522__clean__g0662,fepysr,g0662,522,clean,0,ok,3605.343,true,true,true,true,,
fepysr__seed522__clean__g0663,fepysr,g0663,522,clean,0,ok,3603.055,true,true,true,true,,
fepysr__seed522__clean__g0664,fepysr,g0664,522,clean,0,ok,3606.083,true,true,true,true,,
jaxsr__seed520__clean__g0001,jaxsr,g0001,520,clean,0,ok,3617.226,true,true,true,true,,
jaxsr__seed520__clean__g0002,jaxsr,g0002,520,clean,0,ok,3617.660,true,true,true,true,,
jaxsr__seed520__clean__g0003,jaxsr,g0003,520,clean,0,ok,3616.866,true,true,true,true,,
jaxsr__seed520__clean__g0004,jaxsr,g0004,520,clean,0,ok,3617.128,true,true,true,true,,
jaxsr__seed520__clean__g0005,jaxsr,g0005,520,clean,0,ok,3616.964,true,true,true,true,,
jaxsr__seed520__clean__g0006,jaxsr,g0006,520,clean,0,ok,3688.679,true,true,true,true,,
jaxsr__seed520__clean__g0007,jaxsr,g0007,520,clean,0,ok,3614.521,true,true,true,true,,
jaxsr__seed520__clean__g0008,jaxsr,g0008,520,clean,0,ok,3614.990,true,true,true,true,,
jaxsr__seed520__clean__g0009,jaxsr,g0009,520,clean,0,ok,3615.648,true,true,true,true,,
jaxsr__seed520__clean__g0010,jaxsr,g0010,520,clean,0,ok,3614.732,true,true,true,true,,
jaxsr__seed520__clean__g0011,jaxsr,g0011,520,clean,0,ok,3610.941,true,true,true,true,,
jaxsr__seed520__clean__g0012,jaxsr,g0012,520,clean,0,ok,3616.698,true,true,true,true,,
jaxsr__seed520__clean__g0013,jaxsr,g0013,520,clean,0,ok,3614.065,true,true,true,true,,
jaxsr__seed520__clean__g0014,jaxsr,g0014,520,clean,0,ok,3617.575,true,true,true,true,,
jaxsr__seed520__clean__g0015,jaxsr,g0015,520,clean,0,ok,3619.852,true,true,true,true,,
jaxsr__seed520__clean__g0016,jaxsr,g0016,520,clean,0,ok,3614.237,true,true,true,true,,
jaxsr__seed520__clean__g0017,jaxsr,g0017,520,clean,0,ok,3618.300,true,true,true,true,,
jaxsr__seed520__clean__g0018,jaxsr,g0018,520,clean,0,ok,3616.680,true,true,true,true,,
jaxsr__seed520__clean__g0019,jaxsr,g0019,520,clean,0,ok,3620.111,true,true,true,true,,
jaxsr__seed520__clean__g0020,jaxsr,g0020,520,clean,0,ok,3616.231,true,true,true,true,,
jaxsr__seed520__clean__g0021,jaxsr,g0021,520,clean,0,ok,3616.818,true,true,true,true,,
jaxsr__seed520__clean__g0022,jaxsr,g0022,520,clean,0,ok,3615.246,true,true,true,true,,
jaxsr__seed520__clean__g0023,jaxsr,g0023,520,clean,0,ok,3615.304,true,true,true,true,,
jaxsr__seed520__clean__g0024,jaxsr,g0024,520,clean,0,ok,3617.809,true,true,true,true,,
jaxsr__seed520__clean__g0025,jaxsr,g0025,520,clean,0,ok,3617.067,true,true,true,true,,
jaxsr__seed520__clean__g0026,jaxsr,g0026,520,clean,0,ok,3615.962,true,true,true,true,,
jaxsr__seed520__clean__g0027,jaxsr,g0027,520,clean,0,ok,3608.378,true,true,true,true,,
jaxsr__seed520__clean__g0028,jaxsr,g0028,520,clean,0,ok,3607.201,true,true,true,true,,
jaxsr__seed520__clean__g0029,jaxsr,g0029,520,clean,0,ok,3615.767,true,true,true,true,,
jaxsr__seed520__clean__g0030,jaxsr,g0030,520,clean,0,ok,3616.226,true,true,true,true,,
jaxsr__seed520__clean__g0031,jaxsr,g0031,520,clean,0,ok,3615.061,true,true,true,true,,
jaxsr__seed520__clean__g0032,jaxsr,g0032,520,clean,0,ok,3615.512,true,true,true,true,,
jaxsr__seed520__clean__g0033,jaxsr,g0033,520,clean,0,ok,3618.863,true,true,true,true,,
jaxsr__seed520__clean__g0034,jaxsr,g0034,520,clean,0,ok,3615.974,true,true,true,true,,
jaxsr__seed520__clean__g0035,jaxsr,g0035,520,clean,0,ok,3616.846,true,true,true,true,,
jaxsr__seed520__clean__g0036,jaxsr,g0036,520,clean,0,ok,3614.892,true,true,true,true,,
jaxsr__seed520__clean__g0037,jaxsr,g0037,520,clean,0,ok,3604.699,true,true,true,true,,
jaxsr__seed520__clean__g0038,jaxsr,g0038,520,clean,0,ok,3631.133,true,true,true,true,,
jaxsr__seed520__clean__g0039,jaxsr,g0039,520,clean,0,ok,3615.679,true,true,true,true,,
jaxsr__seed520__clean__g0040,jaxsr,g0040,520,clean,0,ok,3607.183,true,true,true,true,,
jaxsr__seed520__clean__g0041,jaxsr,g0041,520,clean,0,ok,3614.748,true,true,true,true,,
jaxsr__seed520__clean__g0042,jaxsr,g0042,520,clean,0,ok,3616.343,true,true,true,true,,
jaxsr__seed520__clean__g0043,jaxsr,g0043,520,clean,0,ok,3622.085,true,true,true,true,,
jaxsr__seed520__clean__g0044,jaxsr,g0044,520,clean,0,ok,3617.085,true,true,true,true,,
jaxsr__seed520__clean__g0045,jaxsr,g0045,520,clean,0,ok,3620.702,true,true,true,true,,
jaxsr__seed520__clean__g0046,jaxsr,g0046,520,clean,0,ok,3616.637,true,true,true,true,,
jaxsr__seed520__clean__g0047,jaxsr,g0047,520,clean,0,ok,3610.952,true,true,true,true,,
jaxsr__seed520__clean__g0048,jaxsr,g0048,520,clean,0,ok,3620.750,true,true,true,true,,
jaxsr__seed520__clean__g0049,jaxsr,g0049,520,clean,0,ok,3620.906,true,true,true,true,,
jaxsr__seed520__clean__g0050,jaxsr,g0050,520,clean,0,ok,3620.439,true,true,true,true,,
jaxsr__seed520__clean__g0051,jaxsr,g0051,520,clean,0,ok,3617.531,true,true,true,true,,
jaxsr__seed520__clean__g0052,jaxsr,g0052,520,clean,0,ok,3620.571,true,true,true,true,,
jaxsr__seed520__clean__g0053,jaxsr,g0053,520,clean,0,ok,3619.548,true,true,true,true,,
jaxsr__seed520__clean__g0054,jaxsr,g0054,520,clean,0,ok,3624.887,true,true,true,true,,
jaxsr__seed520__clean__g0055,jaxsr,g0055,520,clean,0,ok,3619.093,true,true,true,true,,
jaxsr__seed520__clean__g0056,jaxsr,g0056,520,clean,0,ok,3624.126,true,true,true,true,,
jaxsr__seed520__clean__g0057,jaxsr,g0057,520,clean,0,ok,3623.933,true,true,true,true,,
jaxsr__seed520__clean__g0058,jaxsr,g0058,520,clean,0,ok,3619.016,true,true,true,true,,
jaxsr__seed520__clean__g0059,jaxsr,g0059,520,clean,0,ok,3621.863,true,true,true,true,,
jaxsr__seed520__clean__g0060,jaxsr,g0060,520,clean,0,ok,3622.868,true,true,true,true,,
jaxsr__seed520__clean__g0061,jaxsr,g0061,520,clean,0,ok,3624.977,true,true,true,true,,
jaxsr__seed520__clean__g0062,jaxsr,g0062,520,clean,0,ok,3625.193,true,true,true,true,,
jaxsr__seed520__clean__g0063,jaxsr,g0063,520,clean,0,ok,3627.244,true,true,true,true,,
jaxsr__seed520__clean__g0064,jaxsr,g0064,520,clean,0,ok,3626.148,true,true,true,true,,
jaxsr__seed520__clean__g0065,jaxsr,g0065,520,clean,0,ok,3623.353,true,true,true,true,,
jaxsr__seed520__clean__g0066,jaxsr,g0066,520,clean,0,ok,3626.107,true,true,true,true,,
jaxsr__seed520__clean__g0067,jaxsr,g0067,520,clean,0,ok,3624.293,true,true,true,true,,
jaxsr__seed520__clean__g0068,jaxsr,g0068,520,clean,0,ok,3625.817,true,true,true,true,,
jaxsr__seed520__clean__g0069,jaxsr,g0069,520,clean,0,ok,3627.231,true,true,true,true,,
jaxsr__seed520__clean__g0070,jaxsr,g0070,520,clean,0,ok,3622.520,true,true,true,true,,
jaxsr__seed520__clean__g0071,jaxsr,g0071,520,clean,0,ok,3626.907,true,true,true,true,,
jaxsr__seed520__clean__g0072,jaxsr,g0072,520,clean,0,ok,3639.812,true,true,true,true,,
jaxsr__seed520__clean__g0073,jaxsr,g0073,520,clean,0,ok,3629.464,true,true,true,true,,
jaxsr__seed520__clean__g0074,jaxsr,g0074,520,clean,0,ok,3628.955,true,true,true,true,,
jaxsr__seed520__clean__g0075,jaxsr,g0075,520,clean,0,ok,3622.783,true,true,true,true,,
jaxsr__seed520__clean__g0076,jaxsr,g0076,520,clean,0,ok,3621.871,true,true,true,true,,
jaxsr__seed520__clean__g0077,jaxsr,g0077,520,clean,0,ok,3624.176,true,true,true,true,,
jaxsr__seed520__clean__g0078,jaxsr,g0078,520,clean,0,ok,3627.225,true,true,true,true,,
jaxsr__seed520__clean__g0079,jaxsr,g0079,520,clean,0,ok,3624.017,true,true,true,true,,
jaxsr__seed520__clean__g0080,jaxsr,g0080,520,clean,0,ok,3623.806,true,true,true,true,,
jaxsr__seed520__clean__g0081,jaxsr,g0081,520,clean,0,ok,3620.595,true,true,true,true,,
jaxsr__seed520__clean__g0082,jaxsr,g0082,520,clean,0,ok,3621.865,true,true,true,true,,
jaxsr__seed520__clean__g0083,jaxsr,g0083,520,clean,0,ok,3627.399,true,true,true,true,,
jaxsr__seed520__clean__g0084,jaxsr,g0084,520,clean,0,ok,3628.092,true,true,true,true,,
jaxsr__seed520__clean__g0085,jaxsr,g0085,520,clean,0,ok,3623.807,true,true,true,true,,
jaxsr__seed520__clean__g0086,jaxsr,g0086,520,clean,0,ok,3622.577,true,true,true,true,,
jaxsr__seed520__clean__g0087,jaxsr,g0087,520,clean,0,ok,3624.318,true,true,true,true,,
jaxsr__seed520__clean__g0088,jaxsr,g0088,520,clean,0,ok,3631.591,true,true,true,true,,
jaxsr__seed520__clean__g0089,jaxsr,g0089,520,clean,0,ok,3622.006,true,true,true,true,,
jaxsr__seed520__clean__g0090,jaxsr,g0090,520,clean,0,ok,3619.212,true,true,true,true,,
jaxsr__seed520__clean__g0091,jaxsr,g0091,520,clean,0,ok,3622.093,true,true,true,true,,
jaxsr__seed520__clean__g0092,jaxsr,g0092,520,clean,0,ok,3621.674,true,true,true,true,,
jaxsr__seed520__clean__g0093,jaxsr,g0093,520,clean,0,ok,3622.789,true,true,true,true,,
jaxsr__seed520__clean__g0094,jaxsr,g0094,520,clean,0,ok,3621.937,true,true,true,true,,
jaxsr__seed520__clean__g0095,jaxsr,g0095,520,clean,0,ok,3618.480,true,true,true,true,,
jaxsr__seed520__clean__g0096,jaxsr,g0096,520,clean,0,ok,3622.455,true,true,true,true,,
jaxsr__seed520__clean__g0097,jaxsr,g0097,520,clean,0,ok,3620.839,true,true,true,true,,
jaxsr__seed520__clean__g0098,jaxsr,g0098,520,clean,0,ok,3620.673,true,true,true,true,,
jaxsr__seed520__clean__g0099,jaxsr,g0099,520,clean,0,ok,3620.136,true,true,true,true,,
jaxsr__seed520__clean__g0100,jaxsr,g0100,520,clean,0,ok,3627.215,true,true,true,true,,
jaxsr__seed520__clean__g0101,jaxsr,g0101,520,clean,0,ok,3629.352,true,true,true,true,,
jaxsr__seed520__clean__g0102,jaxsr,g0102,520,clean,0,ok,3627.639,true,true,true,true,,
jaxsr__seed520__clean__g0103,jaxsr,g0103,520,clean,0,ok,3624.607,true,true,true,true,,
jaxsr__seed520__clean__g0104,jaxsr,g0104,520,clean,0,ok,3619.505,true,true,true,true,,
jaxsr__seed520__clean__g0105,jaxsr,g0105,520,clean,0,ok,3620.732,true,true,true,true,,
jaxsr__seed520__clean__g0106,jaxsr,g0106,520,clean,0,ok,3617.216,true,true,true,true,,
jaxsr__seed520__clean__g0107,jaxsr,g0107,520,clean,0,ok,3618.527,true,true,true,true,,
jaxsr__seed520__clean__g0108,jaxsr,g0108,520,clean,0,ok,3619.526,true,true,true,true,,
jaxsr__seed520__clean__g0109,jaxsr,g0109,520,clean,0,ok,3622.721,true,true,true,true,,
jaxsr__seed520__clean__g0110,jaxsr,g0110,520,clean,0,ok,3620.872,true,true,true,true,,
jaxsr__seed520__clean__g0111,jaxsr,g0111,520,clean,0,ok,3621.905,true,true,true,true,,
jaxsr__seed520__clean__g0112,jaxsr,g0112,520,clean,0,ok,3624.326,true,true,true,true,,
jaxsr__seed520__clean__g0113,jaxsr,g0113,520,clean,0,ok,3626.312,true,true,true,true,,
jaxsr__seed520__clean__g0114,jaxsr,g0114,520,clean,0,ok,3610.472,true,true,true,true,,
jaxsr__seed520__clean__g0115,jaxsr,g0115,520,clean,0,ok,3627.041,true,true,true,true,,
jaxsr__seed520__clean__g0116,jaxsr,g0116,520,clean,0,ok,3617.929,true,true,true,true,,
jaxsr__seed520__clean__g0117,jaxsr,g0117,520,clean,0,ok,3620.867,true,true,true,true,,
jaxsr__seed520__clean__g0118,jaxsr,g0118,520,clean,0,ok,3621.610,true,true,true,true,,
jaxsr__seed520__clean__g0119,jaxsr,g0119,520,clean,0,ok,3617.503,true,true,true,true,,
jaxsr__seed520__clean__g0120,jaxsr,g0120,520,clean,0,ok,3617.947,true,true,true,true,,
jaxsr__seed520__clean__g0121,jaxsr,g0121,520,clean,0,ok,3619.225,true,true,true,true,,
jaxsr__seed520__clean__g0122,jaxsr,g0122,520,clean,0,ok,3606.313,true,true,true,true,,
jaxsr__seed520__clean__g0123,jaxsr,g0123,520,clean,0,ok,3608.184,true,true,true,true,,
jaxsr__seed520__clean__g0124,jaxsr,g0124,520,clean,0,ok,3619.916,true,true,true,true,,
jaxsr__seed520__clean__g0125,jaxsr,g0125,520,clean,0,ok,3621.068,true,true,true,true,,
jaxsr__seed520__clean__g0126,jaxsr,g0126,520,clean,0,ok,3618.304,true,true,true,true,,
jaxsr__seed520__clean__g0127,jaxsr,g0127,520,clean,0,ok,3621.690,true,true,true,true,,
jaxsr__seed520__clean__g0128,jaxsr,g0128,520,clean,0,ok,3617.020,true,true,true,true,,
jaxsr__seed520__clean__g0129,jaxsr,g0129,520,clean,0,ok,3615.088,true,true,true,true,,
jaxsr__seed520__clean__g0130,jaxsr,g0130,520,clean,0,ok,3624.757,true,true,true,true,,
jaxsr__seed520__clean__g0131,jaxsr,g0131,520,clean,0,ok,3621.567,true,true,true,true,,
jaxsr__seed520__clean__g0132,jaxsr,g0132,520,clean,0,ok,3620.595,true,true,true,true,,
jaxsr__seed520__clean__g0133,jaxsr,g0133,520,clean,0,ok,3620.532,true,true,true,true,,
jaxsr__seed520__clean__g0134,jaxsr,g0134,520,clean,0,ok,3623.676,true,true,true,true,,
jaxsr__seed520__clean__g0135,jaxsr,g0135,520,clean,0,ok,3622.218,true,true,true,true,,
jaxsr__seed520__clean__g0136,jaxsr,g0136,520,clean,0,ok,3621.751,true,true,true,true,,
jaxsr__seed520__clean__g0137,jaxsr,g0137,520,clean,0,ok,3623.529,true,true,true,true,,
jaxsr__seed520__clean__g0138,jaxsr,g0138,520,clean,0,ok,3624.243,true,true,true,true,,
jaxsr__seed520__clean__g0139,jaxsr,g0139,520,clean,0,ok,3624.500,true,true,true,true,,
jaxsr__seed520__clean__g0140,jaxsr,g0140,520,clean,0,ok,3623.534,true,true,true,true,,
jaxsr__seed520__clean__g0141,jaxsr,g0141,520,clean,0,ok,3623.622,true,true,true,true,,
jaxsr__seed520__clean__g0142,jaxsr,g0142,520,clean,0,ok,3608.689,true,true,true,true,,
jaxsr__seed520__clean__g0143,jaxsr,g0143,520,clean,0,ok,3620.328,true,true,true,true,,
jaxsr__seed520__clean__g0144,jaxsr,g0144,520,clean,0,ok,3620.049,true,true,true,true,,
jaxsr__seed520__clean__g0145,jaxsr,g0145,520,clean,0,ok,3624.004,true,true,true,true,,
jaxsr__seed520__clean__g0146,jaxsr,g0146,520,clean,0,ok,3622.522,true,true,true,true,,
jaxsr__seed520__clean__g0147,jaxsr,g0147,520,clean,0,ok,3621.024,true,true,true,true,,
jaxsr__seed520__clean__g0148,jaxsr,g0148,520,clean,0,ok,3619.242,true,true,true,true,,
jaxsr__seed520__clean__g0149,jaxsr,g0149,520,clean,0,ok,3626.792,true,true,true,true,,
jaxsr__seed520__clean__g0150,jaxsr,g0150,520,clean,0,ok,3617.596,true,true,true,true,,
jaxsr__seed520__clean__g0151,jaxsr,g0151,520,clean,0,ok,3617.756,true,true,true,true,,
jaxsr__seed520__clean__g0152,jaxsr,g0152,520,clean,0,ok,3619.238,true,true,true,true,,
jaxsr__seed520__clean__g0153,jaxsr,g0153,520,clean,0,ok,3613.851,true,true,true,true,,
jaxsr__seed520__clean__g0154,jaxsr,g0154,520,clean,0,ok,3619.089,true,true,true,true,,
jaxsr__seed520__clean__g0155,jaxsr,g0155,520,clean,0,ok,3617.157,true,true,true,true,,
jaxsr__seed520__clean__g0156,jaxsr,g0156,520,clean,0,ok,3618.063,true,true,true,true,,
jaxsr__seed520__clean__g0157,jaxsr,g0157,520,clean,0,ok,3618.520,true,true,true,true,,
jaxsr__seed520__clean__g0158,jaxsr,g0158,520,clean,0,ok,3624.751,true,true,true,true,,
jaxsr__seed520__clean__g0159,jaxsr,g0159,520,clean,0,ok,3629.642,true,true,true,true,,
jaxsr__seed520__clean__g0160,jaxsr,g0160,520,clean,0,ok,3617.359,true,true,true,true,,
jaxsr__seed520__clean__g0161,jaxsr,g0161,520,clean,0,ok,3618.761,true,true,true,true,,
jaxsr__seed520__clean__g0162,jaxsr,g0162,520,clean,0,ok,3616.928,true,true,true,true,,
jaxsr__seed520__clean__g0163,jaxsr,g0163,520,clean,0,ok,3613.811,true,true,true,true,,
jaxsr__seed520__clean__g0164,jaxsr,g0164,520,clean,0,ok,3616.156,true,true,true,true,,
jaxsr__seed520__clean__g0165,jaxsr,g0165,520,clean,0,ok,3620.424,true,true,true,true,,
jaxsr__seed520__clean__g0166,jaxsr,g0166,520,clean,0,ok,3618.303,true,true,true,true,,
jaxsr__seed520__clean__g0167,jaxsr,g0167,520,clean,0,ok,3618.945,true,true,true,true,,
jaxsr__seed520__clean__g0168,jaxsr,g0168,520,clean,0,ok,3619.452,true,true,true,true,,
jaxsr__seed520__clean__g0169,jaxsr,g0169,520,clean,0,ok,3618.770,true,true,true,true,,
jaxsr__seed520__clean__g0170,jaxsr,g0170,520,clean,0,ok,3619.464,true,true,true,true,,
jaxsr__seed520__clean__g0171,jaxsr,g0171,520,clean,0,ok,3616.529,true,true,true,true,,
jaxsr__seed520__clean__g0172,jaxsr,g0172,520,clean,0,ok,3613.395,true,true,true,true,,
jaxsr__seed520__clean__g0173,jaxsr,g0173,520,clean,0,ok,3613.107,true,true,true,true,,
jaxsr__seed520__clean__g0174,jaxsr,g0174,520,clean,0,ok,3613.422,true,true,true,true,,
jaxsr__seed520__clean__g0175,jaxsr,g0175,520,clean,0,ok,3609.233,true,true,true,true,,
jaxsr__seed520__clean__g0176,jaxsr,g0176,520,clean,0,ok,3610.871,true,true,true,true,,
jaxsr__seed520__clean__g0177,jaxsr,g0177,520,clean,0,ok,3608.628,true,true,true,true,,
jaxsr__seed520__clean__g0178,jaxsr,g0178,520,clean,0,ok,3613.820,true,true,true,true,,
jaxsr__seed520__clean__g0179,jaxsr,g0179,520,clean,0,ok,3613.918,true,true,true,true,,
jaxsr__seed520__clean__g0180,jaxsr,g0180,520,clean,0,ok,3614.362,true,true,true,true,,
jaxsr__seed520__clean__g0181,jaxsr,g0181,520,clean,0,ok,3615.057,true,true,true,true,,
jaxsr__seed520__clean__g0182,jaxsr,g0182,520,clean,0,ok,3614.801,true,true,true,true,,
jaxsr__seed520__clean__g0183,jaxsr,g0183,520,clean,0,ok,3615.869,true,true,true,true,,
jaxsr__seed520__clean__g0184,jaxsr,g0184,520,clean,0,ok,3616.044,true,true,true,true,,
jaxsr__seed520__clean__g0185,jaxsr,g0185,520,clean,0,ok,3616.279,true,true,true,true,,
jaxsr__seed520__clean__g0186,jaxsr,g0186,520,clean,0,ok,3616.878,true,true,true,true,,
jaxsr__seed520__clean__g0187,jaxsr,g0187,520,clean,0,ok,3616.647,true,true,true,true,,
jaxsr__seed520__clean__g0188,jaxsr,g0188,520,clean,0,ok,3615.710,true,true,true,true,,
jaxsr__seed520__clean__g0189,jaxsr,g0189,520,clean,0,ok,3615.184,true,true,true,true,,
jaxsr__seed520__clean__g0190,jaxsr,g0190,520,clean,0,ok,3615.961,true,true,true,true,,
jaxsr__seed520__clean__g0191,jaxsr,g0191,520,clean,0,ok,3615.715,true,true,true,true,,
jaxsr__seed520__clean__g0192,jaxsr,g0192,520,clean,0,ok,3614.780,true,true,true,true,,
jaxsr__seed520__clean__g0193,jaxsr,g0193,520,clean,0,ok,3614.668,true,true,true,true,,
jaxsr__seed520__clean__g0194,jaxsr,g0194,520,clean,0,ok,3616.536,true,true,true,true,,
jaxsr__seed520__clean__g0195,jaxsr,g0195,520,clean,0,ok,3617.099,true,true,true,true,,
jaxsr__seed520__clean__g0196,jaxsr,g0196,520,clean,0,ok,3616.725,true,true,true,true,,
jaxsr__seed520__clean__g0197,jaxsr,g0197,520,clean,0,ok,3616.019,true,true,true,true,,
jaxsr__seed520__clean__g0198,jaxsr,g0198,520,clean,0,ok,3618.403,true,true,true,true,,
jaxsr__seed520__clean__g0199,jaxsr,g0199,520,clean,0,ok,3618.593,true,true,true,true,,
jaxsr__seed520__clean__g0200,jaxsr,g0200,520,clean,0,ok,3617.249,true,true,true,true,,
jaxsr__seed520__clean__g0201,jaxsr,g0201,520,clean,0,ok,3606.636,true,true,true,true,,
jaxsr__seed520__clean__g0202,jaxsr,g0202,520,clean,0,ok,3616.202,true,true,true,true,,
jaxsr__seed520__clean__g0203,jaxsr,g0203,520,clean,0,ok,3618.673,true,true,true,true,,
jaxsr__seed520__clean__g0204,jaxsr,g0204,520,clean,0,ok,3616.280,true,true,true,true,,
jaxsr__seed520__clean__g0205,jaxsr,g0205,520,clean,0,ok,3616.337,true,true,true,true,,
jaxsr__seed520__clean__g0206,jaxsr,g0206,520,clean,0,ok,3617.457,true,true,true,true,,
jaxsr__seed520__clean__g0207,jaxsr,g0207,520,clean,0,ok,3616.931,true,true,true,true,,
jaxsr__seed520__clean__g0208,jaxsr,g0208,520,clean,0,ok,3616.090,true,true,true,true,,
jaxsr__seed520__clean__g0209,jaxsr,g0209,520,clean,0,ok,3616.047,true,true,true,true,,
jaxsr__seed520__clean__g0210,jaxsr,g0210,520,clean,0,ok,3615.883,true,true,true,true,,
jaxsr__seed520__clean__g0211,jaxsr,g0211,520,clean,0,ok,3616.476,true,true,true,true,,
jaxsr__seed520__clean__g0212,jaxsr,g0212,520,clean,0,ok,3615.763,true,true,true,true,,
jaxsr__seed520__clean__g0213,jaxsr,g0213,520,clean,0,ok,3615.592,true,true,true,true,,
jaxsr__seed520__clean__g0214,jaxsr,g0214,520,clean,0,ok,3616.368,true,true,true,true,,
jaxsr__seed520__clean__g0215,jaxsr,g0215,520,clean,0,ok,3615.954,true,true,true,true,,
jaxsr__seed520__clean__g0216,jaxsr,g0216,520,clean,0,ok,3616.943,true,true,true,true,,
jaxsr__seed520__clean__g0217,jaxsr,g0217,520,clean,0,ok,3615.470,true,true,true,true,,
jaxsr__seed520__clean__g0218,jaxsr,g0218,520,clean,0,ok,3615.479,true,true,true,true,,
jaxsr__seed520__clean__g0219,jaxsr,g0219,520,clean,0,ok,3615.055,true,true,true,true,,
jaxsr__seed520__clean__g0220,jaxsr,g0220,520,clean,0,ok,3615.714,true,true,true,true,,
jaxsr__seed520__clean__g0221,jaxsr,g0221,520,clean,0,ok,3616.961,true,true,true,true,,
jaxsr__seed520__clean__g0222,jaxsr,g0222,520,clean,0,ok,3607.500,true,true,true,true,,
jaxsr__seed520__clean__g0223,jaxsr,g0223,520,clean,0,ok,3608.144,true,true,true,true,,
jaxsr__seed520__clean__g0224,jaxsr,g0224,520,clean,0,ok,3615.001,true,true,true,true,,
jaxsr__seed520__clean__g0225,jaxsr,g0225,520,clean,0,ok,3615.344,true,true,true,true,,
jaxsr__seed520__clean__g0226,jaxsr,g0226,520,clean,0,ok,3614.863,true,true,true,true,,
jaxsr__seed520__clean__g0227,jaxsr,g0227,520,clean,0,ok,3615.264,true,true,true,true,,
jaxsr__seed520__clean__g0228,jaxsr,g0228,520,clean,0,ok,3615.190,true,true,true,true,,
jaxsr__seed520__clean__g0229,jaxsr,g0229,520,clean,0,ok,3616.375,true,true,true,true,,
jaxsr__seed520__clean__g0230,jaxsr,g0230,520,clean,0,ok,3616.911,true,true,true,true,,
jaxsr__seed520__clean__g0231,jaxsr,g0231,520,clean,0,ok,3614.796,true,true,true,true,,
jaxsr__seed520__clean__g0232,jaxsr,g0232,520,clean,0,ok,3615.734,true,true,true,true,,
jaxsr__seed520__clean__g0233,jaxsr,g0233,520,clean,0,ok,3607.260,true,true,true,true,,
jaxsr__seed520__clean__g0234,jaxsr,g0234,520,clean,0,ok,3615.877,true,true,true,true,,
jaxsr__seed520__clean__g0235,jaxsr,g0235,520,clean,0,ok,3615.131,true,true,true,true,,
jaxsr__seed520__clean__g0236,jaxsr,g0236,520,clean,0,ok,3614.205,true,true,true,true,,
jaxsr__seed520__clean__g0237,jaxsr,g0237,520,clean,0,ok,3606.206,true,true,true,true,,
jaxsr__seed520__clean__g0238,jaxsr,g0238,520,clean,0,ok,3616.596,true,true,true,true,,
jaxsr__seed520__clean__g0239,jaxsr,g0239,520,clean,0,ok,3615.900,true,true,true,true,,
jaxsr__seed520__clean__g0240,jaxsr,g0240,520,clean,0,ok,3617.019,true,true,true,true,,
jaxsr__seed520__clean__g0241,jaxsr,g0241,520,clean,0,ok,3616.060,true,true,true,true,,
jaxsr__seed520__clean__g0242,jaxsr,g0242,520,clean,0,ok,3658.508,true,true,true,true,,
jaxsr__seed520__clean__g0243,jaxsr,g0243,520,clean,0,ok,3615.310,true,true,true,true,,
jaxsr__seed520__clean__g0244,jaxsr,g0244,520,clean,0,ok,3614.380,true,true,true,true,,
jaxsr__seed520__clean__g0245,jaxsr,g0245,520,clean,0,ok,3616.329,true,true,true,true,,
jaxsr__seed520__clean__g0246,jaxsr,g0246,520,clean,0,ok,3617.489,true,true,true,true,,
jaxsr__seed520__clean__g0247,jaxsr,g0247,520,clean,0,ok,3620.144,true,true,true,true,,
jaxsr__seed520__clean__g0248,jaxsr,g0248,520,clean,0,ok,3617.202,true,true,true,true,,
jaxsr__seed520__clean__g0249,jaxsr,g0249,520,clean,0,ok,3618.673,true,true,true,true,,
jaxsr__seed520__clean__g0250,jaxsr,g0250,520,clean,0,ok,3617.006,true,true,true,true,,
jaxsr__seed520__clean__g0251,jaxsr,g0251,520,clean,0,ok,3619.930,true,true,true,true,,
jaxsr__seed520__clean__g0252,jaxsr,g0252,520,clean,0,ok,3618.034,true,true,true,true,,
jaxsr__seed520__clean__g0253,jaxsr,g0253,520,clean,0,ok,3621.159,true,true,true,true,,
jaxsr__seed520__clean__g0254,jaxsr,g0254,520,clean,0,ok,3616.368,true,true,true,true,,
jaxsr__seed520__clean__g0255,jaxsr,g0255,520,clean,0,ok,3618.903,true,true,true,true,,
jaxsr__seed520__clean__g0256,jaxsr,g0256,520,clean,0,ok,3614.433,true,true,true,true,,
jaxsr__seed520__clean__g0257,jaxsr,g0257,520,clean,0,ok,3616.798,true,true,true,true,,
jaxsr__seed520__clean__g0258,jaxsr,g0258,520,clean,0,ok,3617.592,true,true,true,true,,
jaxsr__seed520__clean__g0259,jaxsr,g0259,520,clean,0,ok,3616.128,true,true,true,true,,
jaxsr__seed520__clean__g0260,jaxsr,g0260,520,clean,0,ok,3631.107,true,true,true,true,,
jaxsr__seed520__clean__g0261,jaxsr,g0261,520,clean,0,ok,3618.879,true,true,true,true,,
jaxsr__seed520__clean__g0262,jaxsr,g0262,520,clean,0,ok,3617.796,true,true,true,true,,
jaxsr__seed520__clean__g0263,jaxsr,g0263,520,clean,0,ok,3616.232,true,true,true,true,,
jaxsr__seed520__clean__g0264,jaxsr,g0264,520,clean,0,ok,3618.072,true,true,true,true,,
jaxsr__seed520__clean__g0265,jaxsr,g0265,520,clean,0,ok,3618.044,true,true,true,true,,
jaxsr__seed520__clean__g0266,jaxsr,g0266,520,clean,0,ok,3617.888,true,true,true,true,,
jaxsr__seed520__clean__g0267,jaxsr,g0267,520,clean,0,ok,3615.114,true,true,true,true,,
jaxsr__seed520__clean__g0268,jaxsr,g0268,520,clean,0,ok,3614.087,true,true,true,true,,
jaxsr__seed520__clean__g0269,jaxsr,g0269,520,clean,0,ok,3619.221,true,true,true,true,,
jaxsr__seed520__clean__g0270,jaxsr,g0270,520,clean,0,ok,3617.385,true,true,true,true,,
jaxsr__seed520__clean__g0271,jaxsr,g0271,520,clean,0,ok,3618.818,true,true,true,true,,
jaxsr__seed520__clean__g0272,jaxsr,g0272,520,clean,0,ok,3619.109,true,true,true,true,,
jaxsr__seed520__clean__g0273,jaxsr,g0273,520,clean,0,ok,3616.560,true,true,true,true,,
jaxsr__seed520__clean__g0274,jaxsr,g0274,520,clean,0,ok,3616.749,true,true,true,true,,
jaxsr__seed520__clean__g0275,jaxsr,g0275,520,clean,0,ok,3618.441,true,true,true,true,,
jaxsr__seed520__clean__g0276,jaxsr,g0276,520,clean,0,ok,3610.280,true,true,true,true,,
jaxsr__seed520__clean__g0277,jaxsr,g0277,520,clean,0,ok,3619.176,true,true,true,true,,
jaxsr__seed520__clean__g0278,jaxsr,g0278,520,clean,0,ok,3618.779,true,true,true,true,,
jaxsr__seed520__clean__g0279,jaxsr,g0279,520,clean,0,ok,3619.464,true,true,true,true,,
jaxsr__seed520__clean__g0280,jaxsr,g0280,520,clean,0,ok,3618.720,true,true,true,true,,
jaxsr__seed520__clean__g0281,jaxsr,g0281,520,clean,0,ok,3617.016,true,true,true,true,,
jaxsr__seed520__clean__g0282,jaxsr,g0282,520,clean,0,ok,3615.803,true,true,true,true,,
jaxsr__seed520__clean__g0283,jaxsr,g0283,520,clean,0,ok,3618.707,true,true,true,true,,
jaxsr__seed520__clean__g0284,jaxsr,g0284,520,clean,0,ok,3616.471,true,true,true,true,,
jaxsr__seed520__clean__g0285,jaxsr,g0285,520,clean,0,ok,3612.905,true,true,true,true,,
jaxsr__seed520__clean__g0286,jaxsr,g0286,520,clean,0,ok,3615.525,true,true,true,true,,
jaxsr__seed520__clean__g0287,jaxsr,g0287,520,clean,0,ok,3617.741,true,true,true,true,,
jaxsr__seed520__clean__g0288,jaxsr,g0288,520,clean,0,ok,3619.056,true,true,true,true,,
jaxsr__seed520__clean__g0289,jaxsr,g0289,520,clean,0,ok,3614.842,true,true,true,true,,
jaxsr__seed520__clean__g0290,jaxsr,g0290,520,clean,0,ok,3614.118,true,true,true,true,,
jaxsr__seed520__clean__g0291,jaxsr,g0291,520,clean,0,ok,3616.114,true,true,true,true,,
jaxsr__seed520__clean__g0292,jaxsr,g0292,520,clean,0,ok,3614.817,true,true,true,true,,
jaxsr__seed520__clean__g0293,jaxsr,g0293,520,clean,0,ok,3618.496,true,true,true,true,,
jaxsr__seed520__clean__g0294,jaxsr,g0294,520,clean,0,ok,3618.511,true,true,true,true,,
jaxsr__seed520__clean__g0295,jaxsr,g0295,520,clean,0,ok,3618.075,true,true,true,true,,
jaxsr__seed520__clean__g0296,jaxsr,g0296,520,clean,0,ok,3617.068,true,true,true,true,,
jaxsr__seed520__clean__g0297,jaxsr,g0297,520,clean,0,ok,3616.798,true,true,true,true,,
jaxsr__seed520__clean__g0298,jaxsr,g0298,520,clean,0,ok,3614.499,true,true,true,true,,
jaxsr__seed520__clean__g0299,jaxsr,g0299,520,clean,0,ok,3620.449,true,true,true,true,,
jaxsr__seed520__clean__g0300,jaxsr,g0300,520,clean,0,ok,3606.619,true,true,true,true,,
jaxsr__seed520__clean__g0301,jaxsr,g0301,520,clean,0,ok,3614.544,true,true,true,true,,
jaxsr__seed520__clean__g0302,jaxsr,g0302,520,clean,0,ok,3617.090,true,true,true,true,,
jaxsr__seed520__clean__g0303,jaxsr,g0303,520,clean,0,ok,3617.027,true,true,true,true,,
jaxsr__seed520__clean__g0304,jaxsr,g0304,520,clean,0,ok,3616.433,true,true,true,true,,
jaxsr__seed520__clean__g0305,jaxsr,g0305,520,clean,0,ok,3616.040,true,true,true,true,,
jaxsr__seed520__clean__g0306,jaxsr,g0306,520,clean,0,ok,3617.339,true,true,true,true,,
jaxsr__seed520__clean__g0307,jaxsr,g0307,520,clean,0,ok,3617.432,true,true,true,true,,
jaxsr__seed520__clean__g0308,jaxsr,g0308,520,clean,0,ok,3615.911,true,true,true,true,,
jaxsr__seed520__clean__g0309,jaxsr,g0309,520,clean,0,ok,3613.545,true,true,true,true,,
jaxsr__seed520__clean__g0310,jaxsr,g0310,520,clean,0,ok,3614.139,true,true,true,true,,
jaxsr__seed520__clean__g0311,jaxsr,g0311,520,clean,0,ok,3613.543,true,true,true,true,,
jaxsr__seed520__clean__g0312,jaxsr,g0312,520,clean,0,ok,3616.718,true,true,true,true,,
jaxsr__seed520__clean__g0313,jaxsr,g0313,520,clean,0,ok,3615.919,true,true,true,true,,
jaxsr__seed520__clean__g0314,jaxsr,g0314,520,clean,0,ok,3617.302,true,true,true,true,,
jaxsr__seed520__clean__g0315,jaxsr,g0315,520,clean,0,ok,3612.973,true,true,true,true,,
jaxsr__seed520__clean__g0316,jaxsr,g0316,520,clean,0,ok,3616.219,true,true,true,true,,
jaxsr__seed520__clean__g0317,jaxsr,g0317,520,clean,0,ok,3615.431,true,true,true,true,,
jaxsr__seed520__clean__g0318,jaxsr,g0318,520,clean,0,ok,3617.345,true,true,true,true,,
jaxsr__seed520__clean__g0319,jaxsr,g0319,520,clean,0,ok,3616.493,true,true,true,true,,
jaxsr__seed520__clean__g0320,jaxsr,g0320,520,clean,0,ok,3610.824,true,true,true,true,,
jaxsr__seed520__clean__g0321,jaxsr,g0321,520,clean,0,ok,3615.382,true,true,true,true,,
jaxsr__seed520__clean__g0322,jaxsr,g0322,520,clean,0,ok,3615.509,true,true,true,true,,
jaxsr__seed520__clean__g0323,jaxsr,g0323,520,clean,0,ok,3616.037,true,true,true,true,,
jaxsr__seed520__clean__g0324,jaxsr,g0324,520,clean,0,ok,3618.310,true,true,true,true,,
jaxsr__seed520__clean__g0325,jaxsr,g0325,520,clean,0,ok,3614.056,true,true,true,true,,
jaxsr__seed520__clean__g0326,jaxsr,g0326,520,clean,0,ok,3614.687,true,true,true,true,,
jaxsr__seed520__clean__g0327,jaxsr,g0327,520,clean,0,ok,3619.285,true,true,true,true,,
jaxsr__seed520__clean__g0328,jaxsr,g0328,520,clean,0,ok,3615.756,true,true,true,true,,
jaxsr__seed520__clean__g0329,jaxsr,g0329,520,clean,0,ok,3615.724,true,true,true,true,,
jaxsr__seed520__clean__g0330,jaxsr,g0330,520,clean,0,ok,3661.267,true,true,true,true,,
jaxsr__seed520__clean__g0331,jaxsr,g0331,520,clean,0,ok,3615.340,true,true,true,true,,
jaxsr__seed520__clean__g0332,jaxsr,g0332,520,clean,0,ok,3618.470,true,true,true,true,,
jaxsr__seed520__clean__g0333,jaxsr,g0333,520,clean,0,ok,3615.281,true,true,true,true,,
jaxsr__seed520__clean__g0334,jaxsr,g0334,520,clean,0,ok,3637.320,true,true,true,true,,
jaxsr__seed520__clean__g0335,jaxsr,g0335,520,clean,0,ok,3608.224,true,true,true,true,,
jaxsr__seed520__clean__g0336,jaxsr,g0336,520,clean,0,ok,3617.234,true,true,true,true,,
jaxsr__seed520__clean__g0337,jaxsr,g0337,520,clean,0,ok,3795.947,true,true,true,true,,
jaxsr__seed520__clean__g0338,jaxsr,g0338,520,clean,0,ok,3614.195,true,true,true,true,,
jaxsr__seed520__clean__g0339,jaxsr,g0339,520,clean,0,ok,3616.724,true,true,true,true,,
jaxsr__seed520__clean__g0340,jaxsr,g0340,520,clean,0,ok,3615.116,true,true,true,true,,
jaxsr__seed520__clean__g0341,jaxsr,g0341,520,clean,0,ok,3617.599,true,true,true,true,,
jaxsr__seed520__clean__g0342,jaxsr,g0342,520,clean,0,ok,3615.408,true,true,true,true,,
jaxsr__seed520__clean__g0343,jaxsr,g0343,520,clean,0,ok,3616.565,true,true,true,true,,
jaxsr__seed520__clean__g0344,jaxsr,g0344,520,clean,0,ok,3615.159,true,true,true,true,,
jaxsr__seed520__clean__g0345,jaxsr,g0345,520,clean,0,ok,3615.034,true,true,true,true,,
jaxsr__seed520__clean__g0346,jaxsr,g0346,520,clean,0,ok,3617.630,true,true,true,true,,
jaxsr__seed520__clean__g0347,jaxsr,g0347,520,clean,0,ok,3613.902,true,true,true,true,,
jaxsr__seed520__clean__g0348,jaxsr,g0348,520,clean,0,ok,3607.957,true,true,true,true,,
jaxsr__seed520__clean__g0349,jaxsr,g0349,520,clean,0,ok,3616.371,true,true,true,true,,
jaxsr__seed520__clean__g0350,jaxsr,g0350,520,clean,0,ok,3617.684,true,true,true,true,,
jaxsr__seed520__clean__g0351,jaxsr,g0351,520,clean,0,ok,3616.225,true,true,true,true,,
jaxsr__seed520__clean__g0352,jaxsr,g0352,520,clean,0,ok,3614.901,true,true,true,true,,
jaxsr__seed520__clean__g0353,jaxsr,g0353,520,clean,0,ok,3619.859,true,true,true,true,,
jaxsr__seed520__clean__g0354,jaxsr,g0354,520,clean,0,ok,3618.999,true,true,true,true,,
jaxsr__seed520__clean__g0355,jaxsr,g0355,520,clean,0,ok,3617.795,true,true,true,true,,
jaxsr__seed520__clean__g0356,jaxsr,g0356,520,clean,0,ok,3604.700,true,true,true,true,,
jaxsr__seed520__clean__g0357,jaxsr,g0357,520,clean,0,ok,3614.264,true,true,true,true,,
jaxsr__seed520__clean__g0358,jaxsr,g0358,520,clean,0,ok,3616.153,true,true,true,true,,
jaxsr__seed520__clean__g0359,jaxsr,g0359,520,clean,0,ok,3620.980,true,true,true,true,,
jaxsr__seed520__clean__g0360,jaxsr,g0360,520,clean,0,ok,3615.683,true,true,true,true,,
jaxsr__seed520__clean__g0361,jaxsr,g0361,520,clean,0,ok,3618.442,true,true,true,true,,
jaxsr__seed520__clean__g0362,jaxsr,g0362,520,clean,0,ok,3618.386,true,true,true,true,,
jaxsr__seed520__clean__g0363,jaxsr,g0363,520,clean,0,ok,3616.808,true,true,true,true,,
jaxsr__seed520__clean__g0364,jaxsr,g0364,520,clean,0,ok,3615.274,true,true,true,true,,
jaxsr__seed520__clean__g0365,jaxsr,g0365,520,clean,0,ok,3612.156,true,true,true,true,,
jaxsr__seed520__clean__g0366,jaxsr,g0366,520,clean,0,ok,3617.342,true,true,true,true,,
jaxsr__seed520__clean__g0367,jaxsr,g0367,520,clean,0,ok,3619.344,true,true,true,true,,
jaxsr__seed520__clean__g0368,jaxsr,g0368,520,clean,0,ok,3607.908,true,true,true,true,,
jaxsr__seed520__clean__g0369,jaxsr,g0369,520,clean,0,ok,3617.381,true,true,true,true,,
jaxsr__seed520__clean__g0370,jaxsr,g0370,520,clean,0,ok,3617.556,true,true,true,true,,
jaxsr__seed520__clean__g0371,jaxsr,g0371,520,clean,0,ok,3618.644,true,true,true,true,,
jaxsr__seed520__clean__g0372,jaxsr,g0372,520,clean,0,ok,3615.565,true,true,true,true,,
jaxsr__seed520__clean__g0373,jaxsr,g0373,520,clean,0,ok,3615.350,true,true,true,true,,
jaxsr__seed520__clean__g0374,jaxsr,g0374,520,clean,0,ok,3617.816,true,true,true,true,,
jaxsr__seed520__clean__g0375,jaxsr,g0375,520,clean,0,ok,3619.634,true,true,true,true,,
jaxsr__seed520__clean__g0376,jaxsr,g0376,520,clean,0,ok,3619.547,true,true,true,true,,
jaxsr__seed520__clean__g0377,jaxsr,g0377,520,clean,0,ok,3617.560,true,true,true,true,,
jaxsr__seed520__clean__g0378,jaxsr,g0378,520,clean,0,ok,3624.030,true,true,true,true,,
jaxsr__seed520__clean__g0379,jaxsr,g0379,520,clean,0,ok,3615.399,true,true,true,true,,
jaxsr__seed520__clean__g0380,jaxsr,g0380,520,clean,0,ok,3618.395,true,true,true,true,,
jaxsr__seed520__clean__g0381,jaxsr,g0381,520,clean,0,ok,3614.737,true,true,true,true,,
jaxsr__seed520__clean__g0382,jaxsr,g0382,520,clean,0,ok,3615.985,true,true,true,true,,
jaxsr__seed520__clean__g0383,jaxsr,g0383,520,clean,0,ok,3615.175,true,true,true,true,,
jaxsr__seed520__clean__g0384,jaxsr,g0384,520,clean,0,ok,3617.356,true,true,true,true,,
jaxsr__seed520__clean__g0385,jaxsr,g0385,520,clean,0,ok,3615.387,true,true,true,true,,
jaxsr__seed520__clean__g0386,jaxsr,g0386,520,clean,0,ok,3618.409,true,true,true,true,,
jaxsr__seed520__clean__g0387,jaxsr,g0387,520,clean,0,ok,3614.818,true,true,true,true,,
jaxsr__seed520__clean__g0388,jaxsr,g0388,520,clean,0,ok,3616.770,true,true,true,true,,
jaxsr__seed520__clean__g0389,jaxsr,g0389,520,clean,0,ok,3616.996,true,true,true,true,,
jaxsr__seed520__clean__g0390,jaxsr,g0390,520,clean,0,ok,3614.818,true,true,true,true,,
jaxsr__seed520__clean__g0391,jaxsr,g0391,520,clean,0,ok,3616.363,true,true,true,true,,
jaxsr__seed520__clean__g0392,jaxsr,g0392,520,clean,0,ok,3616.106,true,true,true,true,,
jaxsr__seed520__clean__g0393,jaxsr,g0393,520,clean,0,ok,3617.914,true,true,true,true,,
jaxsr__seed520__clean__g0394,jaxsr,g0394,520,clean,0,ok,3613.319,true,true,true,true,,
jaxsr__seed520__clean__g0395,jaxsr,g0395,520,clean,0,ok,3616.477,true,true,true,true,,
jaxsr__seed520__clean__g0396,jaxsr,g0396,520,clean,0,ok,3616.461,true,true,true,true,,
jaxsr__seed520__clean__g0397,jaxsr,g0397,520,clean,0,ok,3609.084,true,true,true,true,,
jaxsr__seed520__clean__g0398,jaxsr,g0398,520,clean,0,ok,3604.912,true,true,true,true,,
jaxsr__seed520__clean__g0399,jaxsr,g0399,520,clean,0,ok,3618.325,true,true,true,true,,
jaxsr__seed520__clean__g0400,jaxsr,g0400,520,clean,0,ok,3615.154,true,true,true,true,,
jaxsr__seed520__clean__g0401,jaxsr,g0401,520,clean,0,ok,3617.836,true,true,true,true,,
jaxsr__seed520__clean__g0402,jaxsr,g0402,520,clean,0,ok,3607.033,true,true,true,true,,
jaxsr__seed520__clean__g0403,jaxsr,g0403,520,clean,0,ok,3605.757,true,true,true,true,,
jaxsr__seed520__clean__g0404,jaxsr,g0404,520,clean,0,ok,3618.868,true,true,true,true,,
jaxsr__seed520__clean__g0405,jaxsr,g0405,520,clean,0,ok,3616.940,true,true,true,true,,
jaxsr__seed520__clean__g0406,jaxsr,g0406,520,clean,0,ok,3617.967,true,true,true,true,,
jaxsr__seed520__clean__g0407,jaxsr,g0407,520,clean,0,ok,3619.602,true,true,true,true,,
jaxsr__seed520__clean__g0408,jaxsr,g0408,520,clean,0,ok,3616.312,true,true,true,true,,
jaxsr__seed520__clean__g0409,jaxsr,g0409,520,clean,0,ok,3616.870,true,true,true,true,,
jaxsr__seed520__clean__g0410,jaxsr,g0410,520,clean,0,ok,3615.519,true,true,true,true,,
jaxsr__seed520__clean__g0411,jaxsr,g0411,520,clean,0,ok,3609.420,true,true,true,true,,
jaxsr__seed520__clean__g0412,jaxsr,g0412,520,clean,0,ok,3616.442,true,true,true,true,,
jaxsr__seed520__clean__g0413,jaxsr,g0413,520,clean,0,ok,3616.088,true,true,true,true,,
jaxsr__seed520__clean__g0414,jaxsr,g0414,520,clean,0,ok,3617.400,true,true,true,true,,
jaxsr__seed520__clean__g0415,jaxsr,g0415,520,clean,0,ok,3610.169,true,true,true,true,,
jaxsr__seed520__clean__g0416,jaxsr,g0416,520,clean,0,ok,3618.467,true,true,true,true,,
jaxsr__seed520__clean__g0417,jaxsr,g0417,520,clean,0,ok,3618.213,true,true,true,true,,
jaxsr__seed520__clean__g0418,jaxsr,g0418,520,clean,0,ok,3618.223,true,true,true,true,,
jaxsr__seed520__clean__g0419,jaxsr,g0419,520,clean,0,ok,3616.714,true,true,true,true,,
jaxsr__seed520__clean__g0420,jaxsr,g0420,520,clean,0,ok,3618.468,true,true,true,true,,
jaxsr__seed520__clean__g0421,jaxsr,g0421,520,clean,0,ok,3618.367,true,true,true,true,,
jaxsr__seed520__clean__g0422,jaxsr,g0422,520,clean,0,ok,3614.294,true,true,true,true,,
jaxsr__seed520__clean__g0423,jaxsr,g0423,520,clean,0,ok,3616.988,true,true,true,true,,
jaxsr__seed520__clean__g0424,jaxsr,g0424,520,clean,0,ok,3619.215,true,true,true,true,,
jaxsr__seed520__clean__g0425,jaxsr,g0425,520,clean,0,ok,3618.336,true,true,true,true,,
jaxsr__seed520__clean__g0426,jaxsr,g0426,520,clean,0,ok,3616.333,true,true,true,true,,
jaxsr__seed520__clean__g0427,jaxsr,g0427,520,clean,0,ok,3615.269,true,true,true,true,,
jaxsr__seed520__clean__g0428,jaxsr,g0428,520,clean,0,ok,3607.191,true,true,true,true,,
jaxsr__seed520__clean__g0429,jaxsr,g0429,520,clean,0,ok,3616.904,true,true,true,true,,
jaxsr__seed520__clean__g0430,jaxsr,g0430,520,clean,0,ok,3616.362,true,true,true,true,,
jaxsr__seed520__clean__g0431,jaxsr,g0431,520,clean,0,ok,3617.533,true,true,true,true,,
jaxsr__seed520__clean__g0432,jaxsr,g0432,520,clean,0,ok,3618.228,true,true,true,true,,
jaxsr__seed520__clean__g0433,jaxsr,g0433,520,clean,0,ok,3617.048,true,true,true,true,,
jaxsr__seed520__clean__g0434,jaxsr,g0434,520,clean,0,ok,3614.793,true,true,true,true,,
jaxsr__seed520__clean__g0435,jaxsr,g0435,520,clean,0,ok,3617.294,true,true,true,true,,
jaxsr__seed520__clean__g0436,jaxsr,g0436,520,clean,0,ok,3611.577,true,true,true,true,,
jaxsr__seed520__clean__g0437,jaxsr,g0437,520,clean,0,ok,3619.371,true,true,true,true,,
jaxsr__seed520__clean__g0438,jaxsr,g0438,520,clean,0,ok,3620.535,true,true,true,true,,
jaxsr__seed520__clean__g0439,jaxsr,g0439,520,clean,0,ok,3618.007,true,true,true,true,,
jaxsr__seed520__clean__g0440,jaxsr,g0440,520,clean,0,ok,3618.841,true,true,true,true,,
jaxsr__seed520__clean__g0441,jaxsr,g0441,520,clean,0,ok,3621.624,true,true,true,true,,
jaxsr__seed520__clean__g0442,jaxsr,g0442,520,clean,0,ok,3617.398,true,true,true,true,,
jaxsr__seed520__clean__g0443,jaxsr,g0443,520,clean,0,ok,3617.889,true,true,true,true,,
jaxsr__seed520__clean__g0444,jaxsr,g0444,520,clean,0,ok,3619.098,true,true,true,true,,
jaxsr__seed520__clean__g0445,jaxsr,g0445,520,clean,0,ok,3617.097,true,true,true,true,,
jaxsr__seed520__clean__g0446,jaxsr,g0446,520,clean,0,ok,3618.143,true,true,true,true,,
jaxsr__seed520__clean__g0447,jaxsr,g0447,520,clean,0,ok,3619.729,true,true,true,true,,
jaxsr__seed520__clean__g0448,jaxsr,g0448,520,clean,0,ok,3608.245,true,true,true,true,,
jaxsr__seed520__clean__g0449,jaxsr,g0449,520,clean,0,ok,3618.886,true,true,true,true,,
jaxsr__seed520__clean__g0450,jaxsr,g0450,520,clean,0,ok,3614.825,true,true,true,true,,
jaxsr__seed520__clean__g0451,jaxsr,g0451,520,clean,0,ok,3618.888,true,true,true,true,,
jaxsr__seed520__clean__g0452,jaxsr,g0452,520,clean,0,ok,3618.307,true,true,true,true,,
jaxsr__seed520__clean__g0453,jaxsr,g0453,520,clean,0,ok,3616.093,true,true,true,true,,
jaxsr__seed520__clean__g0454,jaxsr,g0454,520,clean,0,ok,3606.163,true,true,true,true,,
jaxsr__seed520__clean__g0455,jaxsr,g0455,520,clean,0,ok,3616.654,true,true,true,true,,
jaxsr__seed520__clean__g0456,jaxsr,g0456,520,clean,0,ok,3617.363,true,true,true,true,,
jaxsr__seed520__clean__g0457,jaxsr,g0457,520,clean,0,ok,3616.649,true,true,true,true,,
jaxsr__seed520__clean__g0458,jaxsr,g0458,520,clean,0,ok,3620.286,true,true,true,true,,
jaxsr__seed520__clean__g0459,jaxsr,g0459,520,clean,0,ok,3620.858,true,true,true,true,,
jaxsr__seed520__clean__g0460,jaxsr,g0460,520,clean,0,ok,3616.301,true,true,true,true,,
jaxsr__seed520__clean__g0461,jaxsr,g0461,520,clean,0,ok,3620.716,true,true,true,true,,
jaxsr__seed520__clean__g0462,jaxsr,g0462,520,clean,0,ok,3617.399,true,true,true,true,,
jaxsr__seed520__clean__g0463,jaxsr,g0463,520,clean,0,ok,3617.913,true,true,true,true,,
jaxsr__seed520__clean__g0464,jaxsr,g0464,520,clean,0,ok,3619.068,true,true,true,true,,
jaxsr__seed520__clean__g0465,jaxsr,g0465,520,clean,0,ok,3620.062,true,true,true,true,,
jaxsr__seed520__clean__g0466,jaxsr,g0466,520,clean,0,ok,3616.325,true,true,true,true,,
jaxsr__seed520__clean__g0467,jaxsr,g0467,520,clean,0,ok,3615.475,true,true,true,true,,
jaxsr__seed520__clean__g0468,jaxsr,g0468,520,clean,0,ok,3615.241,true,true,true,true,,
jaxsr__seed520__clean__g0469,jaxsr,g0469,520,clean,0,ok,3620.377,true,true,true,true,,
jaxsr__seed520__clean__g0470,jaxsr,g0470,520,clean,0,ok,3616.264,true,true,true,true,,
jaxsr__seed520__clean__g0471,jaxsr,g0471,520,clean,0,ok,3615.728,true,true,true,true,,
jaxsr__seed520__clean__g0472,jaxsr,g0472,520,clean,0,ok,3617.994,true,true,true,true,,
jaxsr__seed520__clean__g0473,jaxsr,g0473,520,clean,0,ok,3623.882,true,true,true,true,,
jaxsr__seed520__clean__g0474,jaxsr,g0474,520,clean,0,ok,3621.602,true,true,true,true,,
jaxsr__seed520__clean__g0475,jaxsr,g0475,520,clean,0,ok,3620.399,true,true,true,true,,
jaxsr__seed520__clean__g0476,jaxsr,g0476,520,clean,0,ok,3624.020,true,true,true,true,,
jaxsr__seed520__clean__g0477,jaxsr,g0477,520,clean,0,ok,3623.997,true,true,true,true,,
jaxsr__seed520__clean__g0478,jaxsr,g0478,520,clean,0,ok,3632.889,true,true,true,true,,
jaxsr__seed520__clean__g0479,jaxsr,g0479,520,clean,0,ok,3628.333,true,true,true,true,,
jaxsr__seed520__clean__g0480,jaxsr,g0480,520,clean,0,ok,3623.979,true,true,true,true,,
jaxsr__seed520__clean__g0481,jaxsr,g0481,520,clean,0,ok,3624.583,true,true,true,true,,
jaxsr__seed520__clean__g0482,jaxsr,g0482,520,clean,0,ok,3623.883,true,true,true,true,,
jaxsr__seed520__clean__g0483,jaxsr,g0483,520,clean,0,ok,3634.689,true,true,true,true,,
jaxsr__seed520__clean__g0484,jaxsr,g0484,520,clean,0,ok,3623.166,true,true,true,true,,
jaxsr__seed520__clean__g0485,jaxsr,g0485,520,clean,0,ok,3622.294,true,true,true,true,,
jaxsr__seed520__clean__g0486,jaxsr,g0486,520,clean,0,ok,3623.285,true,true,true,true,,
jaxsr__seed520__clean__g0487,jaxsr,g0487,520,clean,0,ok,3627.618,true,true,true,true,,
jaxsr__seed520__clean__g0488,jaxsr,g0488,520,clean,0,ok,3622.405,true,true,true,true,,
jaxsr__seed520__clean__g0489,jaxsr,g0489,520,clean,0,ok,3623.664,true,true,true,true,,
jaxsr__seed520__clean__g0490,jaxsr,g0490,520,clean,0,ok,3621.587,true,true,true,true,,
jaxsr__seed520__clean__g0491,jaxsr,g0491,520,clean,0,ok,3629.997,true,true,true,true,,
jaxsr__seed520__clean__g0492,jaxsr,g0492,520,clean,0,ok,3628.893,true,true,true,true,,
jaxsr__seed520__clean__g0493,jaxsr,g0493,520,clean,0,ok,3624.526,true,true,true,true,,
jaxsr__seed520__clean__g0494,jaxsr,g0494,520,clean,0,ok,3627.443,true,true,true,true,,
jaxsr__seed520__clean__g0495,jaxsr,g0495,520,clean,0,ok,3621.556,true,true,true,true,,
jaxsr__seed520__clean__g0496,jaxsr,g0496,520,clean,0,ok,3633.355,true,true,true,true,,
jaxsr__seed520__clean__g0497,jaxsr,g0497,520,clean,0,ok,3632.576,true,true,true,true,,
jaxsr__seed520__clean__g0498,jaxsr,g0498,520,clean,0,ok,3623.886,true,true,true,true,,
jaxsr__seed520__clean__g0499,jaxsr,g0499,520,clean,0,ok,3624.332,true,true,true,true,,
jaxsr__seed520__clean__g0500,jaxsr,g0500,520,clean,0,ok,3622.314,true,true,true,true,,
jaxsr__seed520__clean__g0501,jaxsr,g0501,520,clean,0,ok,3623.293,true,true,true,true,,
jaxsr__seed520__clean__g0502,jaxsr,g0502,520,clean,0,ok,3630.442,true,true,true,true,,
jaxsr__seed520__clean__g0503,jaxsr,g0503,520,clean,0,ok,3624.895,true,true,true,true,,
jaxsr__seed520__clean__g0504,jaxsr,g0504,520,clean,0,ok,3626.130,true,true,true,true,,
jaxsr__seed520__clean__g0505,jaxsr,g0505,520,clean,0,ok,3621.869,true,true,true,true,,
jaxsr__seed520__clean__g0506,jaxsr,g0506,520,clean,0,ok,3629.262,true,true,true,true,,
jaxsr__seed520__clean__g0507,jaxsr,g0507,520,clean,0,ok,3625.731,true,true,true,true,,
jaxsr__seed520__clean__g0508,jaxsr,g0508,520,clean,0,ok,3625.016,true,true,true,true,,
jaxsr__seed520__clean__g0509,jaxsr,g0509,520,clean,0,ok,3625.158,true,true,true,true,,
jaxsr__seed520__clean__g0510,jaxsr,g0510,520,clean,0,ok,3632.477,true,true,true,true,,
jaxsr__seed520__clean__g0511,jaxsr,g0511,520,clean,0,ok,3623.293,true,true,true,true,,
jaxsr__seed520__clean__g0512,jaxsr,g0512,520,clean,0,ok,3628.171,true,true,true,true,,
jaxsr__seed520__clean__g0513,jaxsr,g0513,520,clean,0,ok,3627.461,true,true,true,true,,
jaxsr__seed520__clean__g0514,jaxsr,g0514,520,clean,0,ok,3623.090,true,true,true,true,,
jaxsr__seed520__clean__g0515,jaxsr,g0515,520,clean,0,ok,3623.779,true,true,true,true,,
jaxsr__seed520__clean__g0516,jaxsr,g0516,520,clean,0,ok,3624.109,true,true,true,true,,
jaxsr__seed520__clean__g0517,jaxsr,g0517,520,clean,0,ok,3628.511,true,true,true,true,,
jaxsr__seed520__clean__g0518,jaxsr,g0518,520,clean,0,ok,3626.282,true,true,true,true,,
jaxsr__seed520__clean__g0519,jaxsr,g0519,520,clean,0,ok,3621.674,true,true,true,true,,
jaxsr__seed520__clean__g0520,jaxsr,g0520,520,clean,0,ok,3624.756,true,true,true,true,,
jaxsr__seed520__clean__g0521,jaxsr,g0521,520,clean,0,ok,3620.847,true,true,true,true,,
jaxsr__seed520__clean__g0522,jaxsr,g0522,520,clean,0,ok,3623.559,true,true,true,true,,
jaxsr__seed520__clean__g0523,jaxsr,g0523,520,clean,0,ok,3621.801,true,true,true,true,,
jaxsr__seed520__clean__g0524,jaxsr,g0524,520,clean,0,ok,3624.678,true,true,true,true,,
jaxsr__seed520__clean__g0525,jaxsr,g0525,520,clean,0,ok,3627.969,true,true,true,true,,
jaxsr__seed520__clean__g0526,jaxsr,g0526,520,clean,0,ok,3626.378,true,true,true,true,,
jaxsr__seed520__clean__g0527,jaxsr,g0527,520,clean,0,ok,3619.527,true,true,true,true,,
jaxsr__seed520__clean__g0528,jaxsr,g0528,520,clean,0,ok,3623.480,true,true,true,true,,
jaxsr__seed520__clean__g0529,jaxsr,g0529,520,clean,0,ok,3619.428,true,true,true,true,,
jaxsr__seed520__clean__g0530,jaxsr,g0530,520,clean,0,ok,3607.968,true,true,true,true,,
jaxsr__seed520__clean__g0531,jaxsr,g0531,520,clean,0,ok,3623.747,true,true,true,true,,
jaxsr__seed520__clean__g0532,jaxsr,g0532,520,clean,0,ok,3625.194,true,true,true,true,,
jaxsr__seed520__clean__g0533,jaxsr,g0533,520,clean,0,ok,3624.646,true,true,true,true,,
jaxsr__seed520__clean__g0534,jaxsr,g0534,520,clean,0,ok,3624.492,true,true,true,true,,
jaxsr__seed520__clean__g0535,jaxsr,g0535,520,clean,0,ok,3622.100,true,true,true,true,,
jaxsr__seed520__clean__g0536,jaxsr,g0536,520,clean,0,ok,3621.981,true,true,true,true,,
jaxsr__seed520__clean__g0537,jaxsr,g0537,520,clean,0,ok,3622.438,true,true,true,true,,
jaxsr__seed520__clean__g0538,jaxsr,g0538,520,clean,0,ok,3611.071,true,true,true,true,,
jaxsr__seed520__clean__g0539,jaxsr,g0539,520,clean,0,ok,3608.740,true,true,true,true,,
jaxsr__seed520__clean__g0540,jaxsr,g0540,520,clean,0,ok,3619.141,true,true,true,true,,
jaxsr__seed520__clean__g0541,jaxsr,g0541,520,clean,0,ok,3620.125,true,true,true,true,,
jaxsr__seed520__clean__g0542,jaxsr,g0542,520,clean,0,ok,3621.804,true,true,true,true,,
jaxsr__seed520__clean__g0543,jaxsr,g0543,520,clean,0,ok,3623.744,true,true,true,true,,
jaxsr__seed520__clean__g0544,jaxsr,g0544,520,clean,0,ok,3624.335,true,true,true,true,,
jaxsr__seed520__clean__g0545,jaxsr,g0545,520,clean,0,ok,3621.411,true,true,true,true,,
jaxsr__seed520__clean__g0546,jaxsr,g0546,520,clean,0,ok,3622.613,true,true,true,true,,
jaxsr__seed520__clean__g0547,jaxsr,g0547,520,clean,0,ok,3626.863,true,true,true,true,,
jaxsr__seed520__clean__g0548,jaxsr,g0548,520,clean,0,ok,3619.969,true,true,true,true,,
jaxsr__seed520__clean__g0549,jaxsr,g0549,520,clean,0,ok,3621.854,true,true,true,true,,
jaxsr__seed520__clean__g0550,jaxsr,g0550,520,clean,0,ok,3621.842,true,true,true,true,,
jaxsr__seed520__clean__g0551,jaxsr,g0551,520,clean,0,ok,3635.127,true,true,true,true,,
jaxsr__seed520__clean__g0552,jaxsr,g0552,520,clean,0,ok,3620.987,true,true,true,true,,
jaxsr__seed520__clean__g0553,jaxsr,g0553,520,clean,0,ok,3621.620,true,true,true,true,,
jaxsr__seed520__clean__g0554,jaxsr,g0554,520,clean,0,ok,3622.181,true,true,true,true,,
jaxsr__seed520__clean__g0555,jaxsr,g0555,520,clean,0,ok,3621.208,true,true,true,true,,
jaxsr__seed520__clean__g0556,jaxsr,g0556,520,clean,0,ok,3620.206,true,true,true,true,,
jaxsr__seed520__clean__g0557,jaxsr,g0557,520,clean,0,ok,3622.595,true,true,true,true,,
jaxsr__seed520__clean__g0558,jaxsr,g0558,520,clean,0,ok,3622.217,true,true,true,true,,
jaxsr__seed520__clean__g0559,jaxsr,g0559,520,clean,0,ok,3621.590,true,true,true,true,,
jaxsr__seed520__clean__g0560,jaxsr,g0560,520,clean,0,ok,3621.872,true,true,true,true,,
jaxsr__seed520__clean__g0561,jaxsr,g0561,520,clean,0,ok,3620.702,true,true,true,true,,
jaxsr__seed520__clean__g0562,jaxsr,g0562,520,clean,0,ok,3620.531,true,true,true,true,,
jaxsr__seed520__clean__g0563,jaxsr,g0563,520,clean,0,ok,3624.345,true,true,true,true,,
jaxsr__seed520__clean__g0564,jaxsr,g0564,520,clean,0,ok,3623.661,true,true,true,true,,
jaxsr__seed520__clean__g0565,jaxsr,g0565,520,clean,0,ok,3621.017,true,true,true,true,,
jaxsr__seed520__clean__g0566,jaxsr,g0566,520,clean,0,ok,3621.198,true,true,true,true,,
jaxsr__seed520__clean__g0567,jaxsr,g0567,520,clean,0,ok,3619.103,true,true,true,true,,
jaxsr__seed520__clean__g0568,jaxsr,g0568,520,clean,0,ok,3616.348,true,true,true,true,,
jaxsr__seed520__clean__g0569,jaxsr,g0569,520,clean,0,ok,3617.986,true,true,true,true,,
jaxsr__seed520__clean__g0570,jaxsr,g0570,520,clean,0,ok,3621.205,true,true,true,true,,
jaxsr__seed520__clean__g0571,jaxsr,g0571,520,clean,0,ok,3624.184,true,true,true,true,,
jaxsr__seed520__clean__g0572,jaxsr,g0572,520,clean,0,ok,3621.989,true,true,true,true,,
jaxsr__seed520__clean__g0573,jaxsr,g0573,520,clean,0,ok,3620.442,true,true,true,true,,
jaxsr__seed520__clean__g0574,jaxsr,g0574,520,clean,0,ok,3619.676,true,true,true,true,,
jaxsr__seed520__clean__g0575,jaxsr,g0575,520,clean,0,ok,3621.924,true,true,true,true,,
jaxsr__seed520__clean__g0576,jaxsr,g0576,520,clean,0,ok,3612.165,true,true,true,true,,
jaxsr__seed520__clean__g0577,jaxsr,g0577,520,clean,0,ok,3619.413,true,true,true,true,,
jaxsr__seed520__clean__g0578,jaxsr,g0578,520,clean,0,ok,3619.448,true,true,true,true,,
jaxsr__seed520__clean__g0579,jaxsr,g0579,520,clean,0,ok,3620.087,true,true,true,true,,
jaxsr__seed520__clean__g0580,jaxsr,g0580,520,clean,0,ok,3620.392,true,true,true,true,,
jaxsr__seed520__clean__g0581,jaxsr,g0581,520,clean,0,ok,3620.079,true,true,true,true,,
jaxsr__seed520__clean__g0582,jaxsr,g0582,520,clean,0,ok,3621.663,true,true,true,true,,
jaxsr__seed520__clean__g0583,jaxsr,g0583,520,clean,0,ok,3619.808,true,true,true,true,,
jaxsr__seed520__clean__g0584,jaxsr,g0584,520,clean,0,ok,3618.600,true,true,true,true,,
jaxsr__seed520__clean__g0585,jaxsr,g0585,520,clean,0,ok,3620.344,true,true,true,true,,
jaxsr__seed520__clean__g0586,jaxsr,g0586,520,clean,0,ok,3621.867,true,true,true,true,,
jaxsr__seed520__clean__g0587,jaxsr,g0587,520,clean,0,ok,3619.067,true,true,true,true,,
jaxsr__seed520__clean__g0588,jaxsr,g0588,520,clean,0,ok,3621.732,true,true,true,true,,
jaxsr__seed520__clean__g0589,jaxsr,g0589,520,clean,0,ok,3620.944,true,true,true,true,,
jaxsr__seed520__clean__g0590,jaxsr,g0590,520,clean,0,ok,3619.243,true,true,true,true,,
jaxsr__seed520__clean__g0591,jaxsr,g0591,520,clean,0,ok,3620.295,true,true,true,true,,
jaxsr__seed520__clean__g0592,jaxsr,g0592,520,clean,0,ok,3616.607,true,true,true,true,,
jaxsr__seed520__clean__g0593,jaxsr,g0593,520,clean,0,ok,3615.782,true,true,true,true,,
jaxsr__seed520__clean__g0594,jaxsr,g0594,520,clean,0,ok,3615.993,true,true,true,true,,
jaxsr__seed520__clean__g0595,jaxsr,g0595,520,clean,0,ok,3616.159,true,true,true,true,,
jaxsr__seed520__clean__g0596,jaxsr,g0596,520,clean,0,ok,3610.331,true,true,true,true,,
jaxsr__seed520__clean__g0597,jaxsr,g0597,520,clean,0,ok,3619.709,true,true,true,true,,
jaxsr__seed520__clean__g0598,jaxsr,g0598,520,clean,0,ok,3614.868,true,true,true,true,,
jaxsr__seed520__clean__g0599,jaxsr,g0599,520,clean,0,ok,3616.320,true,true,true,true,,
jaxsr__seed520__clean__g0600,jaxsr,g0600,520,clean,0,ok,3616.420,true,true,true,true,,
jaxsr__seed520__clean__g0601,jaxsr,g0601,520,clean,0,ok,3612.499,true,true,true,true,,
jaxsr__seed520__clean__g0602,jaxsr,g0602,520,clean,0,ok,3610.756,true,true,true,true,,
jaxsr__seed520__clean__g0603,jaxsr,g0603,520,clean,0,ok,3605.533,true,true,true,true,,
jaxsr__seed520__clean__g0604,jaxsr,g0604,520,clean,0,ok,3608.232,true,true,true,true,,
jaxsr__seed520__clean__g0605,jaxsr,g0605,520,clean,0,ok,3614.469,true,true,true,true,,
jaxsr__seed520__clean__g0606,jaxsr,g0606,520,clean,0,ok,3614.955,true,true,true,true,,
jaxsr__seed520__clean__g0607,jaxsr,g0607,520,clean,0,ok,3614.344,true,true,true,true,,
jaxsr__seed520__clean__g0608,jaxsr,g0608,520,clean,0,ok,3615.404,true,true,true,true,,
jaxsr__seed520__clean__g0609,jaxsr,g0609,520,clean,0,ok,3616.182,true,true,true,true,,
jaxsr__seed520__clean__g0610,jaxsr,g0610,520,clean,0,ok,3614.495,true,true,true,true,,
jaxsr__seed520__clean__g0611,jaxsr,g0611,520,clean,0,ok,3615.107,true,true,true,true,,
jaxsr__seed520__clean__g0612,jaxsr,g0612,520,clean,0,ok,3613.545,true,true,true,true,,
jaxsr__seed520__clean__g0613,jaxsr,g0613,520,clean,0,ok,3613.392,true,true,true,true,,
jaxsr__seed520__clean__g0614,jaxsr,g0614,520,clean,0,ok,3616.846,true,true,true,true,,
jaxsr__seed520__clean__g0615,jaxsr,g0615,520,clean,0,ok,3615.230,true,true,true,true,,
jaxsr__seed520__clean__g0616,jaxsr,g0616,520,clean,0,ok,3615.518,true,true,true,true,,
jaxsr__seed520__clean__g0617,jaxsr,g0617,520,clean,0,ok,3615.225,true,true,true,true,,
jaxsr__seed520__clean__g0618,jaxsr,g0618,520,clean,0,ok,3613.570,true,true,true,true,,
jaxsr__seed520__clean__g0619,jaxsr,g0619,520,clean,0,ok,3615.963,true,true,true,true,,
jaxsr__seed520__clean__g0620,jaxsr,g0620,520,clean,0,ok,3617.768,true,true,true,true,,
jaxsr__seed520__clean__g0621,jaxsr,g0621,520,clean,0,ok,3618.459,true,true,true,true,,
jaxsr__seed520__clean__g0622,jaxsr,g0622,520,clean,0,ok,3618.375,true,true,true,true,,
jaxsr__seed520__clean__g0623,jaxsr,g0623,520,clean,0,ok,3617.188,true,true,true,true,,
jaxsr__seed520__clean__g0624,jaxsr,g0624,520,clean,0,ok,3618.228,true,true,true,true,,
jaxsr__seed520__clean__g0625,jaxsr,g0625,520,clean,0,ok,3613.299,true,true,true,true,,
jaxsr__seed520__clean__g0626,jaxsr,g0626,520,clean,0,ok,3615.196,true,true,true,true,,
jaxsr__seed520__clean__g0627,jaxsr,g0627,520,clean,0,ok,3612.673,true,true,true,true,,
jaxsr__seed520__clean__g0628,jaxsr,g0628,520,clean,0,ok,3616.085,true,true,true,true,,
jaxsr__seed520__clean__g0629,jaxsr,g0629,520,clean,0,ok,3614.151,true,true,true,true,,
jaxsr__seed520__clean__g0630,jaxsr,g0630,520,clean,0,ok,3614.052,true,true,true,true,,
jaxsr__seed520__clean__g0631,jaxsr,g0631,520,clean,0,ok,3615.162,true,true,true,true,,
jaxsr__seed520__clean__g0632,jaxsr,g0632,520,clean,0,ok,3615.202,true,true,true,true,,
jaxsr__seed520__clean__g0633,jaxsr,g0633,520,clean,0,ok,3613.905,true,true,true,true,,
jaxsr__seed520__clean__g0634,jaxsr,g0634,520,clean,0,ok,3616.646,true,true,true,true,,
jaxsr__seed520__clean__g0635,jaxsr,g0635,520,clean,0,ok,3602.969,true,true,true,true,,
jaxsr__seed520__clean__g0636,jaxsr,g0636,520,clean,0,ok,3602.645,true,true,true,true,,
jaxsr__seed520__clean__g0637,jaxsr,g0637,520,clean,0,ok,3614.323,true,true,true,true,,
jaxsr__seed520__clean__g0638,jaxsr,g0638,520,clean,0,ok,3614.052,true,true,true,true,,
jaxsr__seed520__clean__g0639,jaxsr,g0639,520,clean,0,ok,3614.979,true,true,true,true,,
jaxsr__seed520__clean__g0640,jaxsr,g0640,520,clean,0,ok,3626.846,true,true,true,true,,
jaxsr__seed520__clean__g0641,jaxsr,g0641,520,clean,0,ok,3613.900,true,true,true,true,,
jaxsr__seed520__clean__g0642,jaxsr,g0642,520,clean,0,ok,3615.106,true,true,true,true,,
jaxsr__seed520__clean__g0643,jaxsr,g0643,520,clean,0,ok,3613.120,true,true,true,true,,
jaxsr__seed520__clean__g0644,jaxsr,g0644,520,clean,0,ok,3615.322,true,true,true,true,,
jaxsr__seed520__clean__g0645,jaxsr,g0645,520,clean,0,ok,3615.549,true,true,true,true,,
jaxsr__seed520__clean__g0646,jaxsr,g0646,520,clean,0,ok,3661.204,true,true,true,true,,
jaxsr__seed520__clean__g0647,jaxsr,g0647,520,clean,0,ok,3602.870,true,true,true,true,,
jaxsr__seed520__clean__g0648,jaxsr,g0648,520,clean,0,ok,3603.008,true,true,true,true,,
jaxsr__seed520__clean__g0649,jaxsr,g0649,520,clean,0,ok,3614.511,true,true,true,true,,
jaxsr__seed520__clean__g0650,jaxsr,g0650,520,clean,0,ok,3614.682,true,true,true,true,,
jaxsr__seed520__clean__g0651,jaxsr,g0651,520,clean,0,ok,3615.701,true,true,true,true,,
jaxsr__seed520__clean__g0652,jaxsr,g0652,520,clean,0,ok,3616.270,true,true,true,true,,
jaxsr__seed520__clean__g0653,jaxsr,g0653,520,clean,0,ok,3601.765,true,true,true,true,,
jaxsr__seed520__clean__g0654,jaxsr,g0654,520,clean,0,ok,3617.909,true,true,true,true,,
jaxsr__seed520__clean__g0655,jaxsr,g0655,520,clean,0,ok,3614.741,true,true,true,true,,
jaxsr__seed520__clean__g0656,jaxsr,g0656,520,clean,0,ok,3612.583,true,true,true,true,,
jaxsr__seed520__clean__g0657,jaxsr,g0657,520,clean,0,ok,3615.046,true,true,true,true,,
jaxsr__seed520__clean__g0658,jaxsr,g0658,520,clean,0,ok,3614.025,true,true,true,true,,
jaxsr__seed520__clean__g0659,jaxsr,g0659,520,clean,0,ok,3602.217,true,true,true,true,,
jaxsr__seed520__clean__g0660,jaxsr,g0660,520,clean,0,ok,3617.250,true,true,true,true,,
jaxsr__seed520__clean__g0661,jaxsr,g0661,520,clean,0,ok,3603.630,true,true,true,true,,
jaxsr__seed520__clean__g0662,jaxsr,g0662,520,clean,0,ok,3617.174,true,true,true,true,,
jaxsr__seed520__clean__g0663,jaxsr,g0663,520,clean,0,ok,3616.416,true,true,true,true,,
jaxsr__seed520__clean__g0664,jaxsr,g0664,520,clean,0,ok,3615.233,true,true,true,true,,
jaxsr__seed521__clean__g0001,jaxsr,g0001,521,clean,0,ok,3616.486,true,true,true,true,,
jaxsr__seed521__clean__g0002,jaxsr,g0002,521,clean,0,ok,3616.362,true,true,true,true,,
jaxsr__seed521__clean__g0003,jaxsr,g0003,521,clean,0,ok,3616.326,true,true,true,true,,
jaxsr__seed521__clean__g0004,jaxsr,g0004,521,clean,0,ok,3618.885,true,true,true,true,,
jaxsr__seed521__clean__g0005,jaxsr,g0005,521,clean,0,ok,3615.728,true,true,true,true,,
jaxsr__seed521__clean__g0006,jaxsr,g0006,521,clean,0,ok,3617.030,true,true,true,true,,
jaxsr__seed521__clean__g0007,jaxsr,g0007,521,clean,0,ok,3615.304,true,true,true,true,,
jaxsr__seed521__clean__g0008,jaxsr,g0008,521,clean,0,ok,3616.274,true,true,true,true,,
jaxsr__seed521__clean__g0009,jaxsr,g0009,521,clean,0,ok,3616.477,true,true,true,true,,
jaxsr__seed521__clean__g0010,jaxsr,g0010,521,clean,0,ok,3614.735,true,true,true,true,,
jaxsr__seed521__clean__g0011,jaxsr,g0011,521,clean,0,ok,3615.250,true,true,true,true,,
jaxsr__seed521__clean__g0012,jaxsr,g0012,521,clean,0,ok,3616.017,true,true,true,true,,
jaxsr__seed521__clean__g0013,jaxsr,g0013,521,clean,0,ok,3612.717,true,true,true,true,,
jaxsr__seed521__clean__g0014,jaxsr,g0014,521,clean,0,ok,3605.127,true,true,true,true,,
jaxsr__seed521__clean__g0015,jaxsr,g0015,521,clean,0,ok,3618.163,true,true,true,true,,
jaxsr__seed521__clean__g0016,jaxsr,g0016,521,clean,0,ok,3615.746,true,true,true,true,,
jaxsr__seed521__clean__g0017,jaxsr,g0017,521,clean,0,ok,3616.177,true,true,true,true,,
jaxsr__seed521__clean__g0018,jaxsr,g0018,521,clean,0,ok,3616.591,true,true,true,true,,
jaxsr__seed521__clean__g0019,jaxsr,g0019,521,clean,0,ok,3617.377,true,true,true,true,,
jaxsr__seed521__clean__g0020,jaxsr,g0020,521,clean,0,ok,3604.244,true,true,true,true,,
jaxsr__seed521__clean__g0021,jaxsr,g0021,521,clean,0,ok,3616.479,true,true,true,true,,
jaxsr__seed521__clean__g0022,jaxsr,g0022,521,clean,0,ok,3618.276,true,true,true,true,,
jaxsr__seed521__clean__g0023,jaxsr,g0023,521,clean,0,ok,3605.989,true,true,true,true,,
jaxsr__seed521__clean__g0024,jaxsr,g0024,521,clean,0,ok,3616.481,true,true,true,true,,
jaxsr__seed521__clean__g0025,jaxsr,g0025,521,clean,0,ok,3616.585,true,true,true,true,,
jaxsr__seed521__clean__g0026,jaxsr,g0026,521,clean,0,ok,3617.362,true,true,true,true,,
jaxsr__seed521__clean__g0027,jaxsr,g0027,521,clean,0,ok,3621.538,true,true,true,true,,
jaxsr__seed521__clean__g0028,jaxsr,g0028,521,clean,0,ok,3607.732,true,true,true,true,,
jaxsr__seed521__clean__g0029,jaxsr,g0029,521,clean,0,ok,3617.724,true,true,true,true,,
jaxsr__seed521__clean__g0030,jaxsr,g0030,521,clean,0,ok,3617.962,true,true,true,true,,
jaxsr__seed521__clean__g0031,jaxsr,g0031,521,clean,0,ok,3618.259,true,true,true,true,,
jaxsr__seed521__clean__g0032,jaxsr,g0032,521,clean,0,ok,3608.414,true,true,true,true,,
jaxsr__seed521__clean__g0033,jaxsr,g0033,521,clean,0,ok,3606.014,true,true,true,true,,
jaxsr__seed521__clean__g0034,jaxsr,g0034,521,clean,0,ok,3618.396,true,true,true,true,,
jaxsr__seed521__clean__g0035,jaxsr,g0035,521,clean,0,ok,3615.998,true,true,true,true,,
jaxsr__seed521__clean__g0036,jaxsr,g0036,521,clean,0,ok,3617.300,true,true,true,true,,
jaxsr__seed521__clean__g0037,jaxsr,g0037,521,clean,0,ok,3617.180,true,true,true,true,,
jaxsr__seed521__clean__g0038,jaxsr,g0038,521,clean,0,ok,3617.785,true,true,true,true,,
jaxsr__seed521__clean__g0039,jaxsr,g0039,521,clean,0,ok,3602.510,true,true,true,true,,
jaxsr__seed521__clean__g0040,jaxsr,g0040,521,clean,0,ok,3609.974,true,true,true,true,,
jaxsr__seed521__clean__g0041,jaxsr,g0041,521,clean,0,ok,3621.656,true,true,true,true,,
jaxsr__seed521__clean__g0042,jaxsr,g0042,521,clean,0,ok,3616.567,true,true,true,true,,
jaxsr__seed521__clean__g0043,jaxsr,g0043,521,clean,0,ok,3619.067,true,true,true,true,,
jaxsr__seed521__clean__g0044,jaxsr,g0044,521,clean,0,ok,3615.857,true,true,true,true,,
jaxsr__seed521__clean__g0045,jaxsr,g0045,521,clean,0,ok,3611.873,true,true,true,true,,
jaxsr__seed521__clean__g0046,jaxsr,g0046,521,clean,0,ok,3618.790,true,true,true,true,,
jaxsr__seed521__clean__g0047,jaxsr,g0047,521,clean,0,ok,3618.082,true,true,true,true,,
jaxsr__seed521__clean__g0048,jaxsr,g0048,521,clean,0,ok,3618.332,true,true,true,true,,
jaxsr__seed521__clean__g0049,jaxsr,g0049,521,clean,0,ok,3656.403,true,true,true,true,,
jaxsr__seed521__clean__g0050,jaxsr,g0050,521,clean,0,ok,3616.197,true,true,true,true,,
jaxsr__seed521__clean__g0051,jaxsr,g0051,521,clean,0,ok,3623.590,true,true,true,true,,
jaxsr__seed521__clean__g0052,jaxsr,g0052,521,clean,0,ok,3617.672,true,true,true,true,,
jaxsr__seed521__clean__g0053,jaxsr,g0053,521,clean,0,ok,3618.074,true,true,true,true,,
jaxsr__seed521__clean__g0054,jaxsr,g0054,521,clean,0,ok,3619.295,true,true,true,true,,
jaxsr__seed521__clean__g0055,jaxsr,g0055,521,clean,0,ok,3616.371,true,true,true,true,,
jaxsr__seed521__clean__g0056,jaxsr,g0056,521,clean,0,ok,3608.693,true,true,true,true,,
jaxsr__seed521__clean__g0057,jaxsr,g0057,521,clean,0,ok,3620.613,true,true,true,true,,
jaxsr__seed521__clean__g0058,jaxsr,g0058,521,clean,0,ok,3619.348,true,true,true,true,,
jaxsr__seed521__clean__g0059,jaxsr,g0059,521,clean,0,ok,3622.030,true,true,true,true,,
jaxsr__seed521__clean__g0060,jaxsr,g0060,521,clean,0,ok,3621.208,true,true,true,true,,
jaxsr__seed521__clean__g0061,jaxsr,g0061,521,clean,0,ok,3622.554,true,true,true,true,,
jaxsr__seed521__clean__g0062,jaxsr,g0062,521,clean,0,ok,3628.451,true,true,true,true,,
jaxsr__seed521__clean__g0063,jaxsr,g0063,521,clean,0,ok,3628.027,true,true,true,true,,
jaxsr__seed521__clean__g0064,jaxsr,g0064,521,clean,0,ok,3625.681,true,true,true,true,,
jaxsr__seed521__clean__g0065,jaxsr,g0065,521,clean,0,ok,3624.033,true,true,true,true,,
jaxsr__seed521__clean__g0066,jaxsr,g0066,521,clean,0,ok,3629.799,true,true,true,true,,
jaxsr__seed521__clean__g0067,jaxsr,g0067,521,clean,0,ok,3628.544,true,true,true,true,,
jaxsr__seed521__clean__g0068,jaxsr,g0068,521,clean,0,ok,3626.222,true,true,true,true,,
jaxsr__seed521__clean__g0069,jaxsr,g0069,521,clean,0,ok,3627.497,true,true,true,true,,
jaxsr__seed521__clean__g0070,jaxsr,g0070,521,clean,0,ok,3625.509,true,true,true,true,,
jaxsr__seed521__clean__g0071,jaxsr,g0071,521,clean,0,ok,3627.393,true,true,true,true,,
jaxsr__seed521__clean__g0072,jaxsr,g0072,521,clean,0,ok,3626.330,true,true,true,true,,
jaxsr__seed521__clean__g0073,jaxsr,g0073,521,clean,0,ok,3628.197,true,true,true,true,,
jaxsr__seed521__clean__g0074,jaxsr,g0074,521,clean,0,ok,3610.097,true,true,true,true,,
jaxsr__seed521__clean__g0075,jaxsr,g0075,521,clean,0,ok,3626.631,true,true,true,true,,
jaxsr__seed521__clean__g0076,jaxsr,g0076,521,clean,0,ok,3609.742,true,true,true,true,,
jaxsr__seed521__clean__g0077,jaxsr,g0077,521,clean,0,ok,3627.791,true,true,true,true,,
jaxsr__seed521__clean__g0078,jaxsr,g0078,521,clean,0,ok,3623.627,true,true,true,true,,
jaxsr__seed521__clean__g0079,jaxsr,g0079,521,clean,0,ok,3622.593,true,true,true,true,,
jaxsr__seed521__clean__g0080,jaxsr,g0080,521,clean,0,ok,3626.832,true,true,true,true,,
jaxsr__seed521__clean__g0081,jaxsr,g0081,521,clean,0,ok,3628.349,true,true,true,true,,
jaxsr__seed521__clean__g0082,jaxsr,g0082,521,clean,0,ok,3626.316,true,true,true,true,,
jaxsr__seed521__clean__g0083,jaxsr,g0083,521,clean,0,ok,3623.363,true,true,true,true,,
jaxsr__seed521__clean__g0084,jaxsr,g0084,521,clean,0,ok,3626.109,true,true,true,true,,
jaxsr__seed521__clean__g0085,jaxsr,g0085,521,clean,0,ok,3624.151,true,true,true,true,,
jaxsr__seed521__clean__g0086,jaxsr,g0086,521,clean,0,ok,3624.343,true,true,true,true,,
jaxsr__seed521__clean__g0087,jaxsr,g0087,521,clean,0,ok,3624.504,true,true,true,true,,
jaxsr__seed521__clean__g0088,jaxsr,g0088,521,clean,0,ok,3626.258,true,true,true,true,,
jaxsr__seed521__clean__g0089,jaxsr,g0089,521,clean,0,ok,3628.373,true,true,true,true,,
jaxsr__seed521__clean__g0090,jaxsr,g0090,521,clean,0,ok,3626.179,true,true,true,true,,
jaxsr__seed521__clean__g0091,jaxsr,g0091,521,clean,0,ok,3627.890,true,true,true,true,,
jaxsr__seed521__clean__g0092,jaxsr,g0092,521,clean,0,ok,3622.511,true,true,true,true,,
jaxsr__seed521__clean__g0093,jaxsr,g0093,521,clean,0,ok,3627.021,true,true,true,true,,
jaxsr__seed521__clean__g0094,jaxsr,g0094,521,clean,0,ok,3624.489,true,true,true,true,,
jaxsr__seed521__clean__g0095,jaxsr,g0095,521,clean,0,ok,3622.134,true,true,true,true,,
jaxsr__seed521__clean__g0096,jaxsr,g0096,521,clean,0,ok,3622.423,true,true,true,true,,
jaxsr__seed521__clean__g0097,jaxsr,g0097,521,clean,0,ok,3620.399,true,true,true,true,,
jaxsr__seed521__clean__g0098,jaxsr,g0098,521,clean,0,ok,3625.126,true,true,true,true,,
jaxsr__seed521__clean__g0099,jaxsr,g0099,521,clean,0,ok,3608.752,true,true,true,true,,
jaxsr__seed521__clean__g0100,jaxsr,g0100,521,clean,0,ok,3611.798,true,true,true,true,,
jaxsr__seed521__clean__g0101,jaxsr,g0101,521,clean,0,ok,3624.441,true,true,true,true,,
jaxsr__seed521__clean__g0102,jaxsr,g0102,521,clean,0,ok,3624.626,true,true,true,true,,
jaxsr__seed521__clean__g0103,jaxsr,g0103,521,clean,0,ok,3624.589,true,true,true,true,,
jaxsr__seed521__clean__g0104,jaxsr,g0104,521,clean,0,ok,3623.652,true,true,true,true,,
jaxsr__seed521__clean__g0105,jaxsr,g0105,521,clean,0,ok,3622.089,true,true,true,true,,
jaxsr__seed521__clean__g0106,jaxsr,g0106,521,clean,0,ok,3621.096,true,true,true,true,,
jaxsr__seed521__clean__g0107,jaxsr,g0107,521,clean,0,ok,3611.790,true,true,true,true,,
jaxsr__seed521__clean__g0108,jaxsr,g0108,521,clean,0,ok,3615.707,true,true,true,true,,
jaxsr__seed521__clean__g0109,jaxsr,g0109,521,clean,0,ok,3625.175,true,true,true,true,,
jaxsr__seed521__clean__g0110,jaxsr,g0110,521,clean,0,ok,3629.481,true,true,true,true,,
jaxsr__seed521__clean__g0111,jaxsr,g0111,521,clean,0,ok,3626.905,true,true,true,true,,
jaxsr__seed521__clean__g0112,jaxsr,g0112,521,clean,0,ok,3604.484,true,true,true,true,,
jaxsr__seed521__clean__g0113,jaxsr,g0113,521,clean,0,ok,3606.687,true,true,true,true,,
jaxsr__seed521__clean__g0114,jaxsr,g0114,521,clean,0,ok,3620.560,true,true,true,true,,
jaxsr__seed521__clean__g0115,jaxsr,g0115,521,clean,0,ok,3620.172,true,true,true,true,,
jaxsr__seed521__clean__g0116,jaxsr,g0116,521,clean,0,ok,3624.060,true,true,true,true,,
jaxsr__seed521__clean__g0117,jaxsr,g0117,521,clean,0,ok,3623.855,true,true,true,true,,
jaxsr__seed521__clean__g0118,jaxsr,g0118,521,clean,0,ok,3623.638,true,true,true,true,,
jaxsr__seed521__clean__g0119,jaxsr,g0119,521,clean,0,ok,3628.600,true,true,true,true,,
jaxsr__seed521__clean__g0120,jaxsr,g0120,521,clean,0,ok,3629.256,true,true,true,true,,
jaxsr__seed521__clean__g0121,jaxsr,g0121,521,clean,0,ok,3619.676,true,true,true,true,,
jaxsr__seed521__clean__g0122,jaxsr,g0122,521,clean,0,ok,3622.061,true,true,true,true,,
jaxsr__seed521__clean__g0123,jaxsr,g0123,521,clean,0,ok,3620.767,true,true,true,true,,
jaxsr__seed521__clean__g0124,jaxsr,g0124,521,clean,0,ok,3623.920,true,true,true,true,,
jaxsr__seed521__clean__g0125,jaxsr,g0125,521,clean,0,ok,3621.366,true,true,true,true,,
jaxsr__seed521__clean__g0126,jaxsr,g0126,521,clean,0,ok,3626.081,true,true,true,true,,
jaxsr__seed521__clean__g0127,jaxsr,g0127,521,clean,0,ok,3625.114,true,true,true,true,,
jaxsr__seed521__clean__g0128,jaxsr,g0128,521,clean,0,ok,3626.141,true,true,true,true,,
jaxsr__seed521__clean__g0129,jaxsr,g0129,521,clean,0,ok,3625.634,true,true,true,true,,
jaxsr__seed521__clean__g0130,jaxsr,g0130,521,clean,0,ok,3646.156,true,true,true,true,,
jaxsr__seed521__clean__g0131,jaxsr,g0131,521,clean,0,ok,3623.926,true,true,true,true,,
jaxsr__seed521__clean__g0132,jaxsr,g0132,521,clean,0,ok,3622.563,true,true,true,true,,
jaxsr__seed521__clean__g0133,jaxsr,g0133,521,clean,0,ok,3621.101,true,true,true,true,,
jaxsr__seed521__clean__g0134,jaxsr,g0134,521,clean,0,ok,3620.981,true,true,true,true,,
jaxsr__seed521__clean__g0135,jaxsr,g0135,521,clean,0,ok,3617.229,true,true,true,true,,
jaxsr__seed521__clean__g0136,jaxsr,g0136,521,clean,0,ok,3623.703,true,true,true,true,,
jaxsr__seed521__clean__g0137,jaxsr,g0137,521,clean,0,ok,3630.046,true,true,true,true,,
jaxsr__seed521__clean__g0138,jaxsr,g0138,521,clean,0,ok,3627.925,true,true,true,true,,
jaxsr__seed521__clean__g0139,jaxsr,g0139,521,clean,0,ok,3625.971,true,true,true,true,,
jaxsr__seed521__clean__g0140,jaxsr,g0140,521,clean,0,ok,3623.787,true,true,true,true,,
jaxsr__seed521__clean__g0141,jaxsr,g0141,521,clean,0,ok,3623.828,true,true,true,true,,
jaxsr__seed521__clean__g0142,jaxsr,g0142,521,clean,0,ok,3621.884,true,true,true,true,,
jaxsr__seed521__clean__g0143,jaxsr,g0143,521,clean,0,ok,3623.284,true,true,true,true,,
jaxsr__seed521__clean__g0144,jaxsr,g0144,521,clean,0,ok,3622.604,true,true,true,true,,
jaxsr__seed521__clean__g0145,jaxsr,g0145,521,clean,0,ok,3621.215,true,true,true,true,,
jaxsr__seed521__clean__g0146,jaxsr,g0146,521,clean,0,ok,3623.921,true,true,true,true,,
jaxsr__seed521__clean__g0147,jaxsr,g0147,521,clean,0,ok,3623.453,true,true,true,true,,
jaxsr__seed521__clean__g0148,jaxsr,g0148,521,clean,0,ok,3623.665,true,true,true,true,,
jaxsr__seed521__clean__g0149,jaxsr,g0149,521,clean,0,ok,3624.269,true,true,true,true,,
jaxsr__seed521__clean__g0150,jaxsr,g0150,521,clean,0,ok,3620.385,true,true,true,true,,
jaxsr__seed521__clean__g0151,jaxsr,g0151,521,clean,0,ok,3620.951,true,true,true,true,,
jaxsr__seed521__clean__g0152,jaxsr,g0152,521,clean,0,ok,3620.065,true,true,true,true,,
jaxsr__seed521__clean__g0153,jaxsr,g0153,521,clean,0,ok,3620.400,true,true,true,true,,
jaxsr__seed521__clean__g0154,jaxsr,g0154,521,clean,0,ok,3620.994,true,true,true,true,,
jaxsr__seed521__clean__g0155,jaxsr,g0155,521,clean,0,ok,3621.096,true,true,true,true,,
jaxsr__seed521__clean__g0156,jaxsr,g0156,521,clean,0,ok,3619.662,true,true,true,true,,
jaxsr__seed521__clean__g0157,jaxsr,g0157,521,clean,0,ok,3621.740,true,true,true,true,,
jaxsr__seed521__clean__g0158,jaxsr,g0158,521,clean,0,ok,3622.939,true,true,true,true,,
jaxsr__seed521__clean__g0159,jaxsr,g0159,521,clean,0,ok,3619.531,true,true,true,true,,
jaxsr__seed521__clean__g0160,jaxsr,g0160,521,clean,0,ok,3620.204,true,true,true,true,,
jaxsr__seed521__clean__g0161,jaxsr,g0161,521,clean,0,ok,3619.869,true,true,true,true,,
jaxsr__seed521__clean__g0162,jaxsr,g0162,521,clean,0,ok,3619.504,true,true,true,true,,
jaxsr__seed521__clean__g0163,jaxsr,g0163,521,clean,0,ok,3619.880,true,true,true,true,,
jaxsr__seed521__clean__g0164,jaxsr,g0164,521,clean,0,ok,3618.421,true,true,true,true,,
jaxsr__seed521__clean__g0165,jaxsr,g0165,521,clean,0,ok,3623.987,true,true,true,true,,
jaxsr__seed521__clean__g0166,jaxsr,g0166,521,clean,0,ok,3621.426,true,true,true,true,,
jaxsr__seed521__clean__g0167,jaxsr,g0167,521,clean,0,ok,3621.130,true,true,true,true,,
jaxsr__seed521__clean__g0168,jaxsr,g0168,521,clean,0,ok,3621.208,true,true,true,true,,
jaxsr__seed521__clean__g0169,jaxsr,g0169,521,clean,0,ok,3622.171,true,true,true,true,,
jaxsr__seed521__clean__g0170,jaxsr,g0170,521,clean,0,ok,3619.929,true,true,true,true,,
jaxsr__seed521__clean__g0171,jaxsr,g0171,521,clean,0,ok,3619.179,true,true,true,true,,
jaxsr__seed521__clean__g0172,jaxsr,g0172,521,clean,0,ok,3614.827,true,true,true,true,,
jaxsr__seed521__clean__g0173,jaxsr,g0173,521,clean,0,ok,3615.481,true,true,true,true,,
jaxsr__seed521__clean__g0174,jaxsr,g0174,521,clean,0,ok,3615.448,true,true,true,true,,
jaxsr__seed521__clean__g0175,jaxsr,g0175,521,clean,0,ok,3617.072,true,true,true,true,,
jaxsr__seed521__clean__g0176,jaxsr,g0176,521,clean,0,ok,3617.626,true,true,true,true,,
jaxsr__seed521__clean__g0177,jaxsr,g0177,521,clean,0,ok,3615.438,true,true,true,true,,
jaxsr__seed521__clean__g0178,jaxsr,g0178,521,clean,0,ok,3616.557,true,true,true,true,,
jaxsr__seed521__clean__g0179,jaxsr,g0179,521,clean,0,ok,3616.247,true,true,true,true,,
jaxsr__seed521__clean__g0180,jaxsr,g0180,521,clean,0,ok,3616.417,true,true,true,true,,
jaxsr__seed521__clean__g0181,jaxsr,g0181,521,clean,0,ok,3617.263,true,true,true,true,,
jaxsr__seed521__clean__g0182,jaxsr,g0182,521,clean,0,ok,3616.156,true,true,true,true,,
jaxsr__seed521__clean__g0183,jaxsr,g0183,521,clean,0,ok,3616.379,true,true,true,true,,
jaxsr__seed521__clean__g0184,jaxsr,g0184,521,clean,0,ok,3616.843,true,true,true,true,,
jaxsr__seed521__clean__g0185,jaxsr,g0185,521,clean,0,ok,3619.549,true,true,true,true,,
jaxsr__seed521__clean__g0186,jaxsr,g0186,521,clean,0,ok,3617.173,true,true,true,true,,
jaxsr__seed521__clean__g0187,jaxsr,g0187,521,clean,0,ok,3617.116,true,true,true,true,,
jaxsr__seed521__clean__g0188,jaxsr,g0188,521,clean,0,ok,3615.091,true,true,true,true,,
jaxsr__seed521__clean__g0189,jaxsr,g0189,521,clean,0,ok,3615.260,true,true,true,true,,
jaxsr__seed521__clean__g0190,jaxsr,g0190,521,clean,0,ok,3617.778,true,true,true,true,,
jaxsr__seed521__clean__g0191,jaxsr,g0191,521,clean,0,ok,3617.540,true,true,true,true,,
jaxsr__seed521__clean__g0192,jaxsr,g0192,521,clean,0,ok,3617.857,true,true,true,true,,
jaxsr__seed521__clean__g0193,jaxsr,g0193,521,clean,0,ok,3617.025,true,true,true,true,,
jaxsr__seed521__clean__g0194,jaxsr,g0194,521,clean,0,ok,3615.713,true,true,true,true,,
jaxsr__seed521__clean__g0195,jaxsr,g0195,521,clean,0,ok,3618.100,true,true,true,true,,
jaxsr__seed521__clean__g0196,jaxsr,g0196,521,clean,0,ok,3646.612,true,true,true,true,,
jaxsr__seed521__clean__g0197,jaxsr,g0197,521,clean,0,ok,3615.541,true,true,true,true,,
jaxsr__seed521__clean__g0198,jaxsr,g0198,521,clean,0,ok,3615.962,true,true,true,true,,
jaxsr__seed521__clean__g0199,jaxsr,g0199,521,clean,0,ok,3616.001,true,true,true,true,,
jaxsr__seed521__clean__g0200,jaxsr,g0200,521,clean,0,ok,3607.126,true,true,true,true,,
jaxsr__seed521__clean__g0201,jaxsr,g0201,521,clean,0,ok,3604.388,true,true,true,true,,
jaxsr__seed521__clean__g0202,jaxsr,g0202,521,clean,0,ok,3618.874,true,true,true,true,,
jaxsr__seed521__clean__g0203,jaxsr,g0203,521,clean,0,ok,3616.246,true,true,true,true,,
jaxsr__seed521__clean__g0204,jaxsr,g0204,521,clean,0,ok,3606.473,true,true,true,true,,
jaxsr__seed521__clean__g0205,jaxsr,g0205,521,clean,0,ok,3616.757,true,true,true,true,,
jaxsr__seed521__clean__g0206,jaxsr,g0206,521,clean,0,ok,3617.357,true,true,true,true,,
jaxsr__seed521__clean__g0207,jaxsr,g0207,521,clean,0,ok,3616.350,true,true,true,true,,
jaxsr__seed521__clean__g0208,jaxsr,g0208,521,clean,0,ok,3616.133,true,true,true,true,,
jaxsr__seed521__clean__g0209,jaxsr,g0209,521,clean,0,ok,3607.188,true,true,true,true,,
jaxsr__seed521__clean__g0210,jaxsr,g0210,521,clean,0,ok,3617.553,true,true,true,true,,
jaxsr__seed521__clean__g0211,jaxsr,g0211,521,clean,0,ok,3615.805,true,true,true,true,,
jaxsr__seed521__clean__g0212,jaxsr,g0212,521,clean,0,ok,3617.442,true,true,true,true,,
jaxsr__seed521__clean__g0213,jaxsr,g0213,521,clean,0,ok,3610.194,true,true,true,true,,
jaxsr__seed521__clean__g0214,jaxsr,g0214,521,clean,0,ok,3617.612,true,true,true,true,,
jaxsr__seed521__clean__g0215,jaxsr,g0215,521,clean,0,ok,3615.560,true,true,true,true,,
jaxsr__seed521__clean__g0216,jaxsr,g0216,521,clean,0,ok,3618.193,true,true,true,true,,
jaxsr__seed521__clean__g0217,jaxsr,g0217,521,clean,0,ok,3617.846,true,true,true,true,,
jaxsr__seed521__clean__g0218,jaxsr,g0218,521,clean,0,ok,3618.308,true,true,true,true,,
jaxsr__seed521__clean__g0219,jaxsr,g0219,521,clean,0,ok,3618.173,true,true,true,true,,
jaxsr__seed521__clean__g0220,jaxsr,g0220,521,clean,0,ok,3620.240,true,true,true,true,,
jaxsr__seed521__clean__g0221,jaxsr,g0221,521,clean,0,ok,3618.810,true,true,true,true,,
jaxsr__seed521__clean__g0222,jaxsr,g0222,521,clean,0,ok,3615.533,true,true,true,true,,
jaxsr__seed521__clean__g0223,jaxsr,g0223,521,clean,0,ok,3618.007,true,true,true,true,,
jaxsr__seed521__clean__g0224,jaxsr,g0224,521,clean,0,ok,3617.079,true,true,true,true,,
jaxsr__seed521__clean__g0225,jaxsr,g0225,521,clean,0,ok,3618.259,true,true,true,true,,
jaxsr__seed521__clean__g0226,jaxsr,g0226,521,clean,0,ok,3617.898,true,true,true,true,,
jaxsr__seed521__clean__g0227,jaxsr,g0227,521,clean,0,ok,3606.895,true,true,true,true,,
jaxsr__seed521__clean__g0228,jaxsr,g0228,521,clean,0,ok,3617.702,true,true,true,true,,
jaxsr__seed521__clean__g0229,jaxsr,g0229,521,clean,0,ok,3617.993,true,true,true,true,,
jaxsr__seed521__clean__g0230,jaxsr,g0230,521,clean,0,ok,3615.714,true,true,true,true,,
jaxsr__seed521__clean__g0231,jaxsr,g0231,521,clean,0,ok,3610.597,true,true,true,true,,
jaxsr__seed521__clean__g0232,jaxsr,g0232,521,clean,0,ok,3617.466,true,true,true,true,,
jaxsr__seed521__clean__g0233,jaxsr,g0233,521,clean,0,ok,3618.426,true,true,true,true,,
jaxsr__seed521__clean__g0234,jaxsr,g0234,521,clean,0,ok,3618.974,true,true,true,true,,
jaxsr__seed521__clean__g0235,jaxsr,g0235,521,clean,0,ok,3617.290,true,true,true,true,,
jaxsr__seed521__clean__g0236,jaxsr,g0236,521,clean,0,ok,3611.898,true,true,true,true,,
jaxsr__seed521__clean__g0237,jaxsr,g0237,521,clean,0,ok,3617.628,true,true,true,true,,
jaxsr__seed521__clean__g0238,jaxsr,g0238,521,clean,0,ok,3608.954,true,true,true,true,,
jaxsr__seed521__clean__g0239,jaxsr,g0239,521,clean,0,ok,3618.184,true,true,true,true,,
jaxsr__seed521__clean__g0240,jaxsr,g0240,521,clean,0,ok,3618.591,true,true,true,true,,
jaxsr__seed521__clean__g0241,jaxsr,g0241,521,clean,0,ok,3618.894,true,true,true,true,,
jaxsr__seed521__clean__g0242,jaxsr,g0242,521,clean,0,ok,3617.366,true,true,true,true,,
jaxsr__seed521__clean__g0243,jaxsr,g0243,521,clean,0,ok,3618.087,true,true,true,true,,
jaxsr__seed521__clean__g0244,jaxsr,g0244,521,clean,0,ok,3610.347,true,true,true,true,,
jaxsr__seed521__clean__g0245,jaxsr,g0245,521,clean,0,ok,3616.393,true,true,true,true,,
jaxsr__seed521__clean__g0246,jaxsr,g0246,521,clean,0,ok,3616.869,true,true,true,true,,
jaxsr__seed521__clean__g0247,jaxsr,g0247,521,clean,0,ok,3618.130,true,true,true,true,,
jaxsr__seed521__clean__g0248,jaxsr,g0248,521,clean,0,ok,3619.317,true,true,true,true,,
jaxsr__seed521__clean__g0249,jaxsr,g0249,521,clean,0,ok,3616.830,true,true,true,true,,
jaxsr__seed521__clean__g0250,jaxsr,g0250,521,clean,0,ok,3617.620,true,true,true,true,,
jaxsr__seed521__clean__g0251,jaxsr,g0251,521,clean,0,ok,3617.149,true,true,true,true,,
jaxsr__seed521__clean__g0252,jaxsr,g0252,521,clean,0,ok,3617.887,true,true,true,true,,
jaxsr__seed521__clean__g0253,jaxsr,g0253,521,clean,0,ok,3617.096,true,true,true,true,,
jaxsr__seed521__clean__g0254,jaxsr,g0254,521,clean,0,ok,3617.306,true,true,true,true,,
jaxsr__seed521__clean__g0255,jaxsr,g0255,521,clean,0,ok,3617.390,true,true,true,true,,
jaxsr__seed521__clean__g0256,jaxsr,g0256,521,clean,0,ok,3613.841,true,true,true,true,,
jaxsr__seed521__clean__g0257,jaxsr,g0257,521,clean,0,ok,3616.205,true,true,true,true,,
jaxsr__seed521__clean__g0258,jaxsr,g0258,521,clean,0,ok,3617.316,true,true,true,true,,
jaxsr__seed521__clean__g0259,jaxsr,g0259,521,clean,0,ok,3615.132,true,true,true,true,,
jaxsr__seed521__clean__g0260,jaxsr,g0260,521,clean,0,ok,3615.272,true,true,true,true,,
jaxsr__seed521__clean__g0261,jaxsr,g0261,521,clean,0,ok,3616.625,true,true,true,true,,
jaxsr__seed521__clean__g0262,jaxsr,g0262,521,clean,0,ok,3616.801,true,true,true,true,,
jaxsr__seed521__clean__g0263,jaxsr,g0263,521,clean,0,ok,3616.548,true,true,true,true,,
jaxsr__seed521__clean__g0264,jaxsr,g0264,521,clean,0,ok,3617.584,true,true,true,true,,
jaxsr__seed521__clean__g0265,jaxsr,g0265,521,clean,0,ok,3608.347,true,true,true,true,,
jaxsr__seed521__clean__g0266,jaxsr,g0266,521,clean,0,ok,3614.626,true,true,true,true,,
jaxsr__seed521__clean__g0267,jaxsr,g0267,521,clean,0,ok,3615.350,true,true,true,true,,
jaxsr__seed521__clean__g0268,jaxsr,g0268,521,clean,0,ok,3613.955,true,true,true,true,,
jaxsr__seed521__clean__g0269,jaxsr,g0269,521,clean,0,ok,3616.862,true,true,true,true,,
jaxsr__seed521__clean__g0270,jaxsr,g0270,521,clean,0,ok,3616.785,true,true,true,true,,
jaxsr__seed521__clean__g0271,jaxsr,g0271,521,clean,0,ok,3618.263,true,true,true,true,,
jaxsr__seed521__clean__g0272,jaxsr,g0272,521,clean,0,ok,3616.685,true,true,true,true,,
jaxsr__seed521__clean__g0273,jaxsr,g0273,521,clean,0,ok,3617.757,true,true,true,true,,
jaxsr__seed521__clean__g0274,jaxsr,g0274,521,clean,0,ok,3614.504,true,true,true,true,,
jaxsr__seed521__clean__g0275,jaxsr,g0275,521,clean,0,ok,3605.373,true,true,true,true,,
jaxsr__seed521__clean__g0276,jaxsr,g0276,521,clean,0,ok,3618.478,true,true,true,true,,
jaxsr__seed521__clean__g0277,jaxsr,g0277,521,clean,0,ok,3618.928,true,true,true,true,,
jaxsr__seed521__clean__g0278,jaxsr,g0278,521,clean,0,ok,3618.426,true,true,true,true,,
jaxsr__seed521__clean__g0279,jaxsr,g0279,521,clean,0,ok,3618.039,true,true,true,true,,
jaxsr__seed521__clean__g0280,jaxsr,g0280,521,clean,0,ok,3613.492,true,true,true,true,,
jaxsr__seed521__clean__g0281,jaxsr,g0281,521,clean,0,ok,3616.453,true,true,true,true,,
jaxsr__seed521__clean__g0282,jaxsr,g0282,521,clean,0,ok,3617.878,true,true,true,true,,
jaxsr__seed521__clean__g0283,jaxsr,g0283,521,clean,0,ok,3618.547,true,true,true,true,,
jaxsr__seed521__clean__g0284,jaxsr,g0284,521,clean,0,ok,3617.860,true,true,true,true,,
jaxsr__seed521__clean__g0285,jaxsr,g0285,521,clean,0,ok,3617.725,true,true,true,true,,
jaxsr__seed521__clean__g0286,jaxsr,g0286,521,clean,0,ok,3616.531,true,true,true,true,,
jaxsr__seed521__clean__g0287,jaxsr,g0287,521,clean,0,ok,3616.197,true,true,true,true,,
jaxsr__seed521__clean__g0288,jaxsr,g0288,521,clean,0,ok,3618.015,true,true,true,true,,
jaxsr__seed521__clean__g0289,jaxsr,g0289,521,clean,0,ok,3616.445,true,true,true,true,,
jaxsr__seed521__clean__g0290,jaxsr,g0290,521,clean,0,ok,3613.804,true,true,true,true,,
jaxsr__seed521__clean__g0291,jaxsr,g0291,521,clean,0,ok,3615.118,true,true,true,true,,
jaxsr__seed521__clean__g0292,jaxsr,g0292,521,clean,0,ok,3617.076,true,true,true,true,,
jaxsr__seed521__clean__g0293,jaxsr,g0293,521,clean,0,ok,3617.280,true,true,true,true,,
jaxsr__seed521__clean__g0294,jaxsr,g0294,521,clean,0,ok,3607.543,true,true,true,true,,
jaxsr__seed521__clean__g0295,jaxsr,g0295,521,clean,0,ok,3618.061,true,true,true,true,,
jaxsr__seed521__clean__g0296,jaxsr,g0296,521,clean,0,ok,3617.556,true,true,true,true,,
jaxsr__seed521__clean__g0297,jaxsr,g0297,521,clean,0,ok,3610.794,true,true,true,true,,
jaxsr__seed521__clean__g0298,jaxsr,g0298,521,clean,0,ok,3615.280,true,true,true,true,,
jaxsr__seed521__clean__g0299,jaxsr,g0299,521,clean,0,ok,3617.022,true,true,true,true,,
jaxsr__seed521__clean__g0300,jaxsr,g0300,521,clean,0,ok,3619.082,true,true,true,true,,
jaxsr__seed521__clean__g0301,jaxsr,g0301,521,clean,0,ok,3625.107,true,true,true,true,,
jaxsr__seed521__clean__g0302,jaxsr,g0302,521,clean,0,ok,3617.595,true,true,true,true,,
jaxsr__seed521__clean__g0303,jaxsr,g0303,521,clean,0,ok,3616.273,true,true,true,true,,
jaxsr__seed521__clean__g0304,jaxsr,g0304,521,clean,0,ok,3616.490,true,true,true,true,,
jaxsr__seed521__clean__g0305,jaxsr,g0305,521,clean,0,ok,3618.136,true,true,true,true,,
jaxsr__seed521__clean__g0306,jaxsr,g0306,521,clean,0,ok,3615.748,true,true,true,true,,
jaxsr__seed521__clean__g0307,jaxsr,g0307,521,clean,0,ok,3617.274,true,true,true,true,,
jaxsr__seed521__clean__g0308,jaxsr,g0308,521,clean,0,ok,3617.678,true,true,true,true,,
jaxsr__seed521__clean__g0309,jaxsr,g0309,521,clean,0,ok,3605.978,true,true,true,true,,
jaxsr__seed521__clean__g0310,jaxsr,g0310,521,clean,0,ok,3614.590,true,true,true,true,,
jaxsr__seed521__clean__g0311,jaxsr,g0311,521,clean,0,ok,3615.617,true,true,true,true,,
jaxsr__seed521__clean__g0312,jaxsr,g0312,521,clean,0,ok,3610.059,true,true,true,true,,
jaxsr__seed521__clean__g0313,jaxsr,g0313,521,clean,0,ok,3613.776,true,true,true,true,,
jaxsr__seed521__clean__g0314,jaxsr,g0314,521,clean,0,ok,3618.236,true,true,true,true,,
jaxsr__seed521__clean__g0315,jaxsr,g0315,521,clean,0,ok,3617.119,true,true,true,true,,
jaxsr__seed521__clean__g0316,jaxsr,g0316,521,clean,0,ok,3617.575,true,true,true,true,,
jaxsr__seed521__clean__g0317,jaxsr,g0317,521,clean,0,ok,3615.460,true,true,true,true,,
jaxsr__seed521__clean__g0318,jaxsr,g0318,521,clean,0,ok,3617.778,true,true,true,true,,
jaxsr__seed521__clean__g0319,jaxsr,g0319,521,clean,0,ok,3617.975,true,true,true,true,,
jaxsr__seed521__clean__g0320,jaxsr,g0320,521,clean,0,ok,3619.793,true,true,true,true,,
jaxsr__seed521__clean__g0321,jaxsr,g0321,521,clean,0,ok,3614.808,true,true,true,true,,
jaxsr__seed521__clean__g0322,jaxsr,g0322,521,clean,0,ok,3618.371,true,true,true,true,,
jaxsr__seed521__clean__g0323,jaxsr,g0323,521,clean,0,ok,3617.840,true,true,true,true,,
jaxsr__seed521__clean__g0324,jaxsr,g0324,521,clean,0,ok,3617.879,true,true,true,true,,
jaxsr__seed521__clean__g0325,jaxsr,g0325,521,clean,0,ok,3614.752,true,true,true,true,,
jaxsr__seed521__clean__g0326,jaxsr,g0326,521,clean,0,ok,3614.607,true,true,true,true,,
jaxsr__seed521__clean__g0327,jaxsr,g0327,521,clean,0,ok,3617.415,true,true,true,true,,
jaxsr__seed521__clean__g0328,jaxsr,g0328,521,clean,0,ok,3620.140,true,true,true,true,,
jaxsr__seed521__clean__g0329,jaxsr,g0329,521,clean,0,ok,3614.935,true,true,true,true,,
jaxsr__seed521__clean__g0330,jaxsr,g0330,521,clean,0,ok,3616.162,true,true,true,true,,
jaxsr__seed521__clean__g0331,jaxsr,g0331,521,clean,0,ok,3616.291,true,true,true,true,,
jaxsr__seed521__clean__g0332,jaxsr,g0332,521,clean,0,ok,3619.017,true,true,true,true,,
jaxsr__seed521__clean__g0333,jaxsr,g0333,521,clean,0,ok,3615.299,true,true,true,true,,
jaxsr__seed521__clean__g0334,jaxsr,g0334,521,clean,0,ok,3618.288,true,true,true,true,,
jaxsr__seed521__clean__g0335,jaxsr,g0335,521,clean,0,ok,3617.398,true,true,true,true,,
jaxsr__seed521__clean__g0336,jaxsr,g0336,521,clean,0,ok,3612.567,true,true,true,true,,
jaxsr__seed521__clean__g0337,jaxsr,g0337,521,clean,0,ok,3615.510,true,true,true,true,,
jaxsr__seed521__clean__g0338,jaxsr,g0338,521,clean,0,ok,3615.186,true,true,true,true,,
jaxsr__seed521__clean__g0339,jaxsr,g0339,521,clean,0,ok,3616.355,true,true,true,true,,
jaxsr__seed521__clean__g0340,jaxsr,g0340,521,clean,0,ok,3615.144,true,true,true,true,,
jaxsr__seed521__clean__g0341,jaxsr,g0341,521,clean,0,ok,3618.000,true,true,true,true,,
jaxsr__seed521__clean__g0342,jaxsr,g0342,521,clean,0,ok,3616.583,true,true,true,true,,
jaxsr__seed521__clean__g0343,jaxsr,g0343,521,clean,0,ok,3614.171,true,true,true,true,,
jaxsr__seed521__clean__g0344,jaxsr,g0344,521,clean,0,ok,3615.121,true,true,true,true,,
jaxsr__seed521__clean__g0345,jaxsr,g0345,521,clean,0,ok,3663.546,true,true,true,true,,
jaxsr__seed521__clean__g0346,jaxsr,g0346,521,clean,0,ok,3616.309,true,true,true,true,,
jaxsr__seed521__clean__g0347,jaxsr,g0347,521,clean,0,ok,3616.092,true,true,true,true,,
jaxsr__seed521__clean__g0348,jaxsr,g0348,521,clean,0,ok,3614.538,true,true,true,true,,
jaxsr__seed521__clean__g0349,jaxsr,g0349,521,clean,0,ok,3619.159,true,true,true,true,,
jaxsr__seed521__clean__g0350,jaxsr,g0350,521,clean,0,ok,3619.292,true,true,true,true,,
jaxsr__seed521__clean__g0351,jaxsr,g0351,521,clean,0,ok,3616.015,true,true,true,true,,
jaxsr__seed521__clean__g0352,jaxsr,g0352,521,clean,0,ok,3617.166,true,true,true,true,,
jaxsr__seed521__clean__g0353,jaxsr,g0353,521,clean,0,ok,3617.903,true,true,true,true,,
jaxsr__seed521__clean__g0354,jaxsr,g0354,521,clean,0,ok,3616.771,true,true,true,true,,
jaxsr__seed521__clean__g0355,jaxsr,g0355,521,clean,0,ok,3606.326,true,true,true,true,,
jaxsr__seed521__clean__g0356,jaxsr,g0356,521,clean,0,ok,3616.406,true,true,true,true,,
jaxsr__seed521__clean__g0357,jaxsr,g0357,521,clean,0,ok,3614.805,true,true,true,true,,
jaxsr__seed521__clean__g0358,jaxsr,g0358,521,clean,0,ok,3614.372,true,true,true,true,,
jaxsr__seed521__clean__g0359,jaxsr,g0359,521,clean,0,ok,3619.924,true,true,true,true,,
jaxsr__seed521__clean__g0360,jaxsr,g0360,521,clean,0,ok,3614.635,true,true,true,true,,
jaxsr__seed521__clean__g0361,jaxsr,g0361,521,clean,0,ok,3616.379,true,true,true,true,,
jaxsr__seed521__clean__g0362,jaxsr,g0362,521,clean,0,ok,3619.248,true,true,true,true,,
jaxsr__seed521__clean__g0363,jaxsr,g0363,521,clean,0,ok,3617.248,true,true,true,true,,
jaxsr__seed521__clean__g0364,jaxsr,g0364,521,clean,0,ok,3615.073,true,true,true,true,,
jaxsr__seed521__clean__g0365,jaxsr,g0365,521,clean,0,ok,3614.702,true,true,true,true,,
jaxsr__seed521__clean__g0366,jaxsr,g0366,521,clean,0,ok,3617.622,true,true,true,true,,
jaxsr__seed521__clean__g0367,jaxsr,g0367,521,clean,0,ok,3618.249,true,true,true,true,,
jaxsr__seed521__clean__g0368,jaxsr,g0368,521,clean,0,ok,3615.556,true,true,true,true,,
jaxsr__seed521__clean__g0369,jaxsr,g0369,521,clean,0,ok,3609.835,true,true,true,true,,
jaxsr__seed521__clean__g0370,jaxsr,g0370,521,clean,0,ok,3618.531,true,true,true,true,,
jaxsr__seed521__clean__g0371,jaxsr,g0371,521,clean,0,ok,3617.818,true,true,true,true,,
jaxsr__seed521__clean__g0372,jaxsr,g0372,521,clean,0,ok,3614.989,true,true,true,true,,
jaxsr__seed521__clean__g0373,jaxsr,g0373,521,clean,0,ok,3616.391,true,true,true,true,,
jaxsr__seed521__clean__g0374,jaxsr,g0374,521,clean,0,ok,3619.410,true,true,true,true,,
jaxsr__seed521__clean__g0375,jaxsr,g0375,521,clean,0,ok,3619.451,true,true,true,true,,
jaxsr__seed521__clean__g0376,jaxsr,g0376,521,clean,0,ok,3618.016,true,true,true,true,,
jaxsr__seed521__clean__g0377,jaxsr,g0377,521,clean,0,ok,3617.277,true,true,true,true,,
jaxsr__seed521__clean__g0378,jaxsr,g0378,521,clean,0,ok,3619.418,true,true,true,true,,
jaxsr__seed521__clean__g0379,jaxsr,g0379,521,clean,0,ok,3615.039,true,true,true,true,,
jaxsr__seed521__clean__g0380,jaxsr,g0380,521,clean,0,ok,3618.654,true,true,true,true,,
jaxsr__seed521__clean__g0381,jaxsr,g0381,521,clean,0,ok,3618.168,true,true,true,true,,
jaxsr__seed521__clean__g0382,jaxsr,g0382,521,clean,0,ok,3618.575,true,true,true,true,,
jaxsr__seed521__clean__g0383,jaxsr,g0383,521,clean,0,ok,3614.835,true,true,true,true,,
jaxsr__seed521__clean__g0384,jaxsr,g0384,521,clean,0,ok,3618.832,true,true,true,true,,
jaxsr__seed521__clean__g0385,jaxsr,g0385,521,clean,0,ok,3617.022,true,true,true,true,,
jaxsr__seed521__clean__g0386,jaxsr,g0386,521,clean,0,ok,3617.854,true,true,true,true,,
jaxsr__seed521__clean__g0387,jaxsr,g0387,521,clean,0,ok,3617.040,true,true,true,true,,
jaxsr__seed521__clean__g0388,jaxsr,g0388,521,clean,0,ok,3616.106,true,true,true,true,,
jaxsr__seed521__clean__g0389,jaxsr,g0389,521,clean,0,ok,3613.666,true,true,true,true,,
jaxsr__seed521__clean__g0390,jaxsr,g0390,521,clean,0,ok,3616.255,true,true,true,true,,
jaxsr__seed521__clean__g0391,jaxsr,g0391,521,clean,0,ok,3619.651,true,true,true,true,,
jaxsr__seed521__clean__g0392,jaxsr,g0392,521,clean,0,ok,3617.950,true,true,true,true,,
jaxsr__seed521__clean__g0393,jaxsr,g0393,521,clean,0,ok,3617.978,true,true,true,true,,
jaxsr__seed521__clean__g0394,jaxsr,g0394,521,clean,0,ok,3614.135,true,true,true,true,,
jaxsr__seed521__clean__g0395,jaxsr,g0395,521,clean,0,ok,3616.299,true,true,true,true,,
jaxsr__seed521__clean__g0396,jaxsr,g0396,521,clean,0,ok,3618.335,true,true,true,true,,
jaxsr__seed521__clean__g0397,jaxsr,g0397,521,clean,0,ok,3617.737,true,true,true,true,,
jaxsr__seed521__clean__g0398,jaxsr,g0398,521,clean,0,ok,3614.506,true,true,true,true,,
jaxsr__seed521__clean__g0399,jaxsr,g0399,521,clean,0,ok,3617.447,true,true,true,true,,
jaxsr__seed521__clean__g0400,jaxsr,g0400,521,clean,0,ok,3618.900,true,true,true,true,,
jaxsr__seed521__clean__g0401,jaxsr,g0401,521,clean,0,ok,3617.126,true,true,true,true,,
jaxsr__seed521__clean__g0402,jaxsr,g0402,521,clean,0,ok,3619.090,true,true,true,true,,
jaxsr__seed521__clean__g0403,jaxsr,g0403,521,clean,0,ok,3617.898,true,true,true,true,,
jaxsr__seed521__clean__g0404,jaxsr,g0404,521,clean,0,ok,3617.292,true,true,true,true,,
jaxsr__seed521__clean__g0405,jaxsr,g0405,521,clean,0,ok,3616.580,true,true,true,true,,
jaxsr__seed521__clean__g0406,jaxsr,g0406,521,clean,0,ok,3620.653,true,true,true,true,,
jaxsr__seed521__clean__g0407,jaxsr,g0407,521,clean,0,ok,3619.408,true,true,true,true,,
jaxsr__seed521__clean__g0408,jaxsr,g0408,521,clean,0,ok,3614.847,true,true,true,true,,
jaxsr__seed521__clean__g0409,jaxsr,g0409,521,clean,0,ok,3616.765,true,true,true,true,,
jaxsr__seed521__clean__g0410,jaxsr,g0410,521,clean,0,ok,3616.193,true,true,true,true,,
jaxsr__seed521__clean__g0411,jaxsr,g0411,521,clean,0,ok,3618.175,true,true,true,true,,
jaxsr__seed521__clean__g0412,jaxsr,g0412,521,clean,0,ok,3617.541,true,true,true,true,,
jaxsr__seed521__clean__g0413,jaxsr,g0413,521,clean,0,ok,3616.640,true,true,true,true,,
jaxsr__seed521__clean__g0414,jaxsr,g0414,521,clean,0,ok,3618.648,true,true,true,true,,
jaxsr__seed521__clean__g0415,jaxsr,g0415,521,clean,0,ok,3614.554,true,true,true,true,,
jaxsr__seed521__clean__g0416,jaxsr,g0416,521,clean,0,ok,3617.269,true,true,true,true,,
jaxsr__seed521__clean__g0417,jaxsr,g0417,521,clean,0,ok,3617.493,true,true,true,true,,
jaxsr__seed521__clean__g0418,jaxsr,g0418,521,clean,0,ok,3624.012,true,true,true,true,,
jaxsr__seed521__clean__g0419,jaxsr,g0419,521,clean,0,ok,3622.225,true,true,true,true,,
jaxsr__seed521__clean__g0420,jaxsr,g0420,521,clean,0,ok,3616.991,true,true,true,true,,
jaxsr__seed521__clean__g0421,jaxsr,g0421,521,clean,0,ok,3616.930,true,true,true,true,,
jaxsr__seed521__clean__g0422,jaxsr,g0422,521,clean,0,ok,3617.506,true,true,true,true,,
jaxsr__seed521__clean__g0423,jaxsr,g0423,521,clean,0,ok,3617.716,true,true,true,true,,
jaxsr__seed521__clean__g0424,jaxsr,g0424,521,clean,0,ok,3617.282,true,true,true,true,,
jaxsr__seed521__clean__g0425,jaxsr,g0425,521,clean,0,ok,3620.653,true,true,true,true,,
jaxsr__seed521__clean__g0426,jaxsr,g0426,521,clean,0,ok,3616.442,true,true,true,true,,
jaxsr__seed521__clean__g0427,jaxsr,g0427,521,clean,0,ok,3615.324,true,true,true,true,,
jaxsr__seed521__clean__g0428,jaxsr,g0428,521,clean,0,ok,3615.674,true,true,true,true,,
jaxsr__seed521__clean__g0429,jaxsr,g0429,521,clean,0,ok,3629.078,true,true,true,true,,
jaxsr__seed521__clean__g0430,jaxsr,g0430,521,clean,0,ok,3616.012,true,true,true,true,,
jaxsr__seed521__clean__g0431,jaxsr,g0431,521,clean,0,ok,3616.824,true,true,true,true,,
jaxsr__seed521__clean__g0432,jaxsr,g0432,521,clean,0,ok,3615.877,true,true,true,true,,
jaxsr__seed521__clean__g0433,jaxsr,g0433,521,clean,0,ok,3619.314,true,true,true,true,,
jaxsr__seed521__clean__g0434,jaxsr,g0434,521,clean,0,ok,3616.141,true,true,true,true,,
jaxsr__seed521__clean__g0435,jaxsr,g0435,521,clean,0,ok,3618.693,true,true,true,true,,
jaxsr__seed521__clean__g0436,jaxsr,g0436,521,clean,0,ok,3617.240,true,true,true,true,,
jaxsr__seed521__clean__g0437,jaxsr,g0437,521,clean,0,ok,3618.446,true,true,true,true,,
jaxsr__seed521__clean__g0438,jaxsr,g0438,521,clean,0,ok,3613.359,true,true,true,true,,
jaxsr__seed521__clean__g0439,jaxsr,g0439,521,clean,0,ok,3618.060,true,true,true,true,,
jaxsr__seed521__clean__g0440,jaxsr,g0440,521,clean,0,ok,3619.209,true,true,true,true,,
jaxsr__seed521__clean__g0441,jaxsr,g0441,521,clean,0,ok,3618.187,true,true,true,true,,
jaxsr__seed521__clean__g0442,jaxsr,g0442,521,clean,0,ok,3619.244,true,true,true,true,,
jaxsr__seed521__clean__g0443,jaxsr,g0443,521,clean,0,ok,3617.040,true,true,true,true,,
jaxsr__seed521__clean__g0444,jaxsr,g0444,521,clean,0,ok,3621.036,true,true,true,true,,
jaxsr__seed521__clean__g0445,jaxsr,g0445,521,clean,0,ok,3619.321,true,true,true,true,,
jaxsr__seed521__clean__g0446,jaxsr,g0446,521,clean,0,ok,3620.730,true,true,true,true,,
jaxsr__seed521__clean__g0447,jaxsr,g0447,521,clean,0,ok,3610.375,true,true,true,true,,
jaxsr__seed521__clean__g0448,jaxsr,g0448,521,clean,0,ok,3615.782,true,true,true,true,,
jaxsr__seed521__clean__g0449,jaxsr,g0449,521,clean,0,ok,3619.121,true,true,true,true,,
jaxsr__seed521__clean__g0450,jaxsr,g0450,521,clean,0,ok,3616.775,true,true,true,true,,
jaxsr__seed521__clean__g0451,jaxsr,g0451,521,clean,0,ok,3621.539,true,true,true,true,,
jaxsr__seed521__clean__g0452,jaxsr,g0452,521,clean,0,ok,3616.862,true,true,true,true,,
jaxsr__seed521__clean__g0453,jaxsr,g0453,521,clean,0,ok,3618.417,true,true,true,true,,
jaxsr__seed521__clean__g0454,jaxsr,g0454,521,clean,0,ok,3618.920,true,true,true,true,,
jaxsr__seed521__clean__g0455,jaxsr,g0455,521,clean,0,ok,3615.772,true,true,true,true,,
jaxsr__seed521__clean__g0456,jaxsr,g0456,521,clean,0,ok,3626.915,true,true,true,true,,
jaxsr__seed521__clean__g0457,jaxsr,g0457,521,clean,0,ok,3618.976,true,true,true,true,,
jaxsr__seed521__clean__g0458,jaxsr,g0458,521,clean,0,ok,3620.317,true,true,true,true,,
jaxsr__seed521__clean__g0459,jaxsr,g0459,521,clean,0,ok,3619.925,true,true,true,true,,
jaxsr__seed521__clean__g0460,jaxsr,g0460,521,clean,0,ok,3621.723,true,true,true,true,,
jaxsr__seed521__clean__g0461,jaxsr,g0461,521,clean,0,ok,3621.600,true,true,true,true,,
jaxsr__seed521__clean__g0462,jaxsr,g0462,521,clean,0,ok,3617.652,true,true,true,true,,
jaxsr__seed521__clean__g0463,jaxsr,g0463,521,clean,0,ok,3621.510,true,true,true,true,,
jaxsr__seed521__clean__g0464,jaxsr,g0464,521,clean,0,ok,3624.126,true,true,true,true,,
jaxsr__seed521__clean__g0465,jaxsr,g0465,521,clean,0,ok,3621.246,true,true,true,true,,
jaxsr__seed521__clean__g0466,jaxsr,g0466,521,clean,0,ok,3617.492,true,true,true,true,,
jaxsr__seed521__clean__g0467,jaxsr,g0467,521,clean,0,ok,3617.071,true,true,true,true,,
jaxsr__seed521__clean__g0468,jaxsr,g0468,521,clean,0,ok,3607.612,true,true,true,true,,
jaxsr__seed521__clean__g0469,jaxsr,g0469,521,clean,0,ok,3621.738,true,true,true,true,,
jaxsr__seed521__clean__g0470,jaxsr,g0470,521,clean,0,ok,3618.203,true,true,true,true,,
jaxsr__seed521__clean__g0471,jaxsr,g0471,521,clean,0,ok,3617.879,true,true,true,true,,
jaxsr__seed521__clean__g0472,jaxsr,g0472,521,clean,0,ok,3618.204,true,true,true,true,,
jaxsr__seed521__clean__g0473,jaxsr,g0473,521,clean,0,ok,3622.831,true,true,true,true,,
jaxsr__seed521__clean__g0474,jaxsr,g0474,521,clean,0,ok,3625.676,true,true,true,true,,
jaxsr__seed521__clean__g0475,jaxsr,g0475,521,clean,0,ok,3624.267,true,true,true,true,,
jaxsr__seed521__clean__g0476,jaxsr,g0476,521,clean,0,ok,3625.486,true,true,true,true,,
jaxsr__seed521__clean__g0477,jaxsr,g0477,521,clean,0,ok,3623.077,true,true,true,true,,
jaxsr__seed521__clean__g0478,jaxsr,g0478,521,clean,0,ok,3624.075,true,true,true,true,,
jaxsr__seed521__clean__g0479,jaxsr,g0479,521,clean,0,ok,3627.178,true,true,true,true,,
jaxsr__seed521__clean__g0480,jaxsr,g0480,521,clean,0,ok,3628.123,true,true,true,true,,
jaxsr__seed521__clean__g0481,jaxsr,g0481,521,clean,0,ok,3627.545,true,true,true,true,,
jaxsr__seed521__clean__g0482,jaxsr,g0482,521,clean,0,ok,3628.915,true,true,true,true,,
jaxsr__seed521__clean__g0483,jaxsr,g0483,521,clean,0,ok,3629.027,true,true,true,true,,
jaxsr__seed521__clean__g0484,jaxsr,g0484,521,clean,0,ok,3622.524,true,true,true,true,,
jaxsr__seed521__clean__g0485,jaxsr,g0485,521,clean,0,ok,3620.455,true,true,true,true,,
jaxsr__seed521__clean__g0486,jaxsr,g0486,521,clean,0,ok,3630.742,true,true,true,true,,
jaxsr__seed521__clean__g0487,jaxsr,g0487,521,clean,0,ok,3629.102,true,true,true,true,,
jaxsr__seed521__clean__g0488,jaxsr,g0488,521,clean,0,ok,3627.604,true,true,true,true,,
jaxsr__seed521__clean__g0489,jaxsr,g0489,521,clean,0,ok,3626.376,true,true,true,true,,
jaxsr__seed521__clean__g0490,jaxsr,g0490,521,clean,0,ok,3622.041,true,true,true,true,,
jaxsr__seed521__clean__g0491,jaxsr,g0491,521,clean,0,ok,3621.595,true,true,true,true,,
jaxsr__seed521__clean__g0492,jaxsr,g0492,521,clean,0,ok,3623.807,true,true,true,true,,
jaxsr__seed521__clean__g0493,jaxsr,g0493,521,clean,0,ok,3625.819,true,true,true,true,,
jaxsr__seed521__clean__g0494,jaxsr,g0494,521,clean,0,ok,3623.090,true,true,true,true,,
jaxsr__seed521__clean__g0495,jaxsr,g0495,521,clean,0,ok,3623.444,true,true,true,true,,
jaxsr__seed521__clean__g0496,jaxsr,g0496,521,clean,0,ok,3626.711,true,true,true,true,,
jaxsr__seed521__clean__g0497,jaxsr,g0497,521,clean,0,ok,3626.072,true,true,true,true,,
jaxsr__seed521__clean__g0498,jaxsr,g0498,521,clean,0,ok,3628.216,true,true,true,true,,
jaxsr__seed521__clean__g0499,jaxsr,g0499,521,clean,0,ok,3623.918,true,true,true,true,,
jaxsr__seed521__clean__g0500,jaxsr,g0500,521,clean,0,ok,3631.525,true,true,true,true,,
jaxsr__seed521__clean__g0501,jaxsr,g0501,521,clean,0,ok,3623.008,true,true,true,true,,
jaxsr__seed521__clean__g0502,jaxsr,g0502,521,clean,0,ok,3626.286,true,true,true,true,,
jaxsr__seed521__clean__g0503,jaxsr,g0503,521,clean,0,ok,3638.411,true,true,true,true,,
jaxsr__seed521__clean__g0504,jaxsr,g0504,521,clean,0,ok,3629.551,true,true,true,true,,
jaxsr__seed521__clean__g0505,jaxsr,g0505,521,clean,0,ok,3622.389,true,true,true,true,,
jaxsr__seed521__clean__g0506,jaxsr,g0506,521,clean,0,ok,3625.519,true,true,true,true,,
jaxsr__seed521__clean__g0507,jaxsr,g0507,521,clean,0,ok,3624.414,true,true,true,true,,
jaxsr__seed521__clean__g0508,jaxsr,g0508,521,clean,0,ok,3626.056,true,true,true,true,,
jaxsr__seed521__clean__g0509,jaxsr,g0509,521,clean,0,ok,3625.157,true,true,true,true,,
jaxsr__seed521__clean__g0510,jaxsr,g0510,521,clean,0,ok,3624.337,true,true,true,true,,
jaxsr__seed521__clean__g0511,jaxsr,g0511,521,clean,0,ok,3622.670,true,true,true,true,,
jaxsr__seed521__clean__g0512,jaxsr,g0512,521,clean,0,ok,3627.220,true,true,true,true,,
jaxsr__seed521__clean__g0513,jaxsr,g0513,521,clean,0,ok,3626.235,true,true,true,true,,
jaxsr__seed521__clean__g0514,jaxsr,g0514,521,clean,0,ok,3621.902,true,true,true,true,,
jaxsr__seed521__clean__g0515,jaxsr,g0515,521,clean,0,ok,3623.892,true,true,true,true,,
jaxsr__seed521__clean__g0516,jaxsr,g0516,521,clean,0,ok,3625.217,true,true,true,true,,
jaxsr__seed521__clean__g0517,jaxsr,g0517,521,clean,0,ok,3641.441,true,true,true,true,,
jaxsr__seed521__clean__g0518,jaxsr,g0518,521,clean,0,ok,3625.089,true,true,true,true,,
jaxsr__seed521__clean__g0519,jaxsr,g0519,521,clean,0,ok,3623.460,true,true,true,true,,
jaxsr__seed521__clean__g0520,jaxsr,g0520,521,clean,0,ok,3609.766,true,true,true,true,,
jaxsr__seed521__clean__g0521,jaxsr,g0521,521,clean,0,ok,3611.159,true,true,true,true,,
jaxsr__seed521__clean__g0522,jaxsr,g0522,521,clean,0,ok,3623.466,true,true,true,true,,
jaxsr__seed521__clean__g0523,jaxsr,g0523,521,clean,0,ok,3620.708,true,true,true,true,,
jaxsr__seed521__clean__g0524,jaxsr,g0524,521,clean,0,ok,3624.550,true,true,true,true,,
jaxsr__seed521__clean__g0525,jaxsr,g0525,521,clean,0,ok,3628.050,true,true,true,true,,
jaxsr__seed521__clean__g0526,jaxsr,g0526,521,clean,0,ok,3623.494,true,true,true,true,,
jaxsr__seed521__clean__g0527,jaxsr,g0527,521,clean,0,ok,3624.184,true,true,true,true,,
jaxsr__seed521__clean__g0528,jaxsr,g0528,521,clean,0,ok,3621.795,true,true,true,true,,
jaxsr__seed521__clean__g0529,jaxsr,g0529,521,clean,0,ok,3621.006,true,true,true,true,,
jaxsr__seed521__clean__g0530,jaxsr,g0530,521,clean,0,ok,3611.335,true,true,true,true,,
jaxsr__seed521__clean__g0531,jaxsr,g0531,521,clean,0,ok,3618.254,true,true,true,true,,
jaxsr__seed521__clean__g0532,jaxsr,g0532,521,clean,0,ok,3621.997,true,true,true,true,,
jaxsr__seed521__clean__g0533,jaxsr,g0533,521,clean,0,ok,3626.779,true,true,true,true,,
jaxsr__seed521__clean__g0534,jaxsr,g0534,521,clean,0,ok,3624.587,true,true,true,true,,
jaxsr__seed521__clean__g0535,jaxsr,g0535,521,clean,0,ok,3621.785,true,true,true,true,,
jaxsr__seed521__clean__g0536,jaxsr,g0536,521,clean,0,ok,3623.004,true,true,true,true,,
jaxsr__seed521__clean__g0537,jaxsr,g0537,521,clean,0,ok,3621.197,true,true,true,true,,
jaxsr__seed521__clean__g0538,jaxsr,g0538,521,clean,0,ok,3622.606,true,true,true,true,,
jaxsr__seed521__clean__g0539,jaxsr,g0539,521,clean,0,ok,3622.495,true,true,true,true,,
jaxsr__seed521__clean__g0540,jaxsr,g0540,521,clean,0,ok,3623.859,true,true,true,true,,
jaxsr__seed521__clean__g0541,jaxsr,g0541,521,clean,0,ok,3621.048,true,true,true,true,,
jaxsr__seed521__clean__g0542,jaxsr,g0542,521,clean,0,ok,3625.365,true,true,true,true,,
jaxsr__seed521__clean__g0543,jaxsr,g0543,521,clean,0,ok,3623.858,true,true,true,true,,
jaxsr__seed521__clean__g0544,jaxsr,g0544,521,clean,0,ok,3621.586,true,true,true,true,,
jaxsr__seed521__clean__g0545,jaxsr,g0545,521,clean,0,ok,3621.463,true,true,true,true,,
jaxsr__seed521__clean__g0546,jaxsr,g0546,521,clean,0,ok,3621.546,true,true,true,true,,
jaxsr__seed521__clean__g0547,jaxsr,g0547,521,clean,0,ok,3624.196,true,true,true,true,,
jaxsr__seed521__clean__g0548,jaxsr,g0548,521,clean,0,ok,3619.421,true,true,true,true,,
jaxsr__seed521__clean__g0549,jaxsr,g0549,521,clean,0,ok,3619.900,true,true,true,true,,
jaxsr__seed521__clean__g0550,jaxsr,g0550,521,clean,0,ok,3620.840,true,true,true,true,,
jaxsr__seed521__clean__g0551,jaxsr,g0551,521,clean,0,ok,3621.366,true,true,true,true,,
jaxsr__seed521__clean__g0552,jaxsr,g0552,521,clean,0,ok,3622.099,true,true,true,true,,
jaxsr__seed521__clean__g0553,jaxsr,g0553,521,clean,0,ok,3626.585,true,true,true,true,,
jaxsr__seed521__clean__g0554,jaxsr,g0554,521,clean,0,ok,3621.493,true,true,true,true,,
jaxsr__seed521__clean__g0555,jaxsr,g0555,521,clean,0,ok,3619.989,true,true,true,true,,
jaxsr__seed521__clean__g0556,jaxsr,g0556,521,clean,0,ok,3620.825,true,true,true,true,,
jaxsr__seed521__clean__g0557,jaxsr,g0557,521,clean,0,ok,3621.075,true,true,true,true,,
jaxsr__seed521__clean__g0558,jaxsr,g0558,521,clean,0,ok,3625.515,true,true,true,true,,
jaxsr__seed521__clean__g0559,jaxsr,g0559,521,clean,0,ok,3622.822,true,true,true,true,,
jaxsr__seed521__clean__g0560,jaxsr,g0560,521,clean,0,ok,3621.413,true,true,true,true,,
jaxsr__seed521__clean__g0561,jaxsr,g0561,521,clean,0,ok,3619.048,true,true,true,true,,
jaxsr__seed521__clean__g0562,jaxsr,g0562,521,clean,0,ok,3619.482,true,true,true,true,,
jaxsr__seed521__clean__g0563,jaxsr,g0563,521,clean,0,ok,3622.736,true,true,true,true,,
jaxsr__seed521__clean__g0564,jaxsr,g0564,521,clean,0,ok,3620.825,true,true,true,true,,
jaxsr__seed521__clean__g0565,jaxsr,g0565,521,clean,0,ok,3619.826,true,true,true,true,,
jaxsr__seed521__clean__g0566,jaxsr,g0566,521,clean,0,ok,3620.789,true,true,true,true,,
jaxsr__seed521__clean__g0567,jaxsr,g0567,521,clean,0,ok,3614.140,true,true,true,true,,
jaxsr__seed521__clean__g0568,jaxsr,g0568,521,clean,0,ok,3607.955,true,true,true,true,,
jaxsr__seed521__clean__g0569,jaxsr,g0569,521,clean,0,ok,3620.799,true,true,true,true,,
jaxsr__seed521__clean__g0570,jaxsr,g0570,521,clean,0,ok,3622.818,true,true,true,true,,
jaxsr__seed521__clean__g0571,jaxsr,g0571,521,clean,0,ok,3623.510,true,true,true,true,,
jaxsr__seed521__clean__g0572,jaxsr,g0572,521,clean,0,ok,3623.710,true,true,true,true,,
jaxsr__seed521__clean__g0573,jaxsr,g0573,521,clean,0,ok,3619.673,true,true,true,true,,
jaxsr__seed521__clean__g0574,jaxsr,g0574,521,clean,0,ok,3619.569,true,true,true,true,,
jaxsr__seed521__clean__g0575,jaxsr,g0575,521,clean,0,ok,3623.889,true,true,true,true,,
jaxsr__seed521__clean__g0576,jaxsr,g0576,521,clean,0,ok,3620.381,true,true,true,true,,
jaxsr__seed521__clean__g0577,jaxsr,g0577,521,clean,0,ok,3621.198,true,true,true,true,,
jaxsr__seed521__clean__g0578,jaxsr,g0578,521,clean,0,ok,3620.633,true,true,true,true,,
jaxsr__seed521__clean__g0579,jaxsr,g0579,521,clean,0,ok,3621.345,true,true,true,true,,
jaxsr__seed521__clean__g0580,jaxsr,g0580,521,clean,0,ok,3621.234,true,true,true,true,,
jaxsr__seed521__clean__g0581,jaxsr,g0581,521,clean,0,ok,3620.997,true,true,true,true,,
jaxsr__seed521__clean__g0582,jaxsr,g0582,521,clean,0,ok,3622.445,true,true,true,true,,
jaxsr__seed521__clean__g0583,jaxsr,g0583,521,clean,0,ok,3612.538,true,true,true,true,,
jaxsr__seed521__clean__g0584,jaxsr,g0584,521,clean,0,ok,3618.910,true,true,true,true,,
jaxsr__seed521__clean__g0585,jaxsr,g0585,521,clean,0,ok,3618.589,true,true,true,true,,
jaxsr__seed521__clean__g0586,jaxsr,g0586,521,clean,0,ok,3621.275,true,true,true,true,,
jaxsr__seed521__clean__g0587,jaxsr,g0587,521,clean,0,ok,3619.359,true,true,true,true,,
jaxsr__seed521__clean__g0588,jaxsr,g0588,521,clean,0,ok,3622.299,true,true,true,true,,
jaxsr__seed521__clean__g0589,jaxsr,g0589,521,clean,0,ok,3620.170,true,true,true,true,,
jaxsr__seed521__clean__g0590,jaxsr,g0590,521,clean,0,ok,3619.937,true,true,true,true,,
jaxsr__seed521__clean__g0591,jaxsr,g0591,521,clean,0,ok,3620.422,true,true,true,true,,
jaxsr__seed521__clean__g0592,jaxsr,g0592,521,clean,0,ok,3615.806,true,true,true,true,,
jaxsr__seed521__clean__g0593,jaxsr,g0593,521,clean,0,ok,3615.867,true,true,true,true,,
jaxsr__seed521__clean__g0594,jaxsr,g0594,521,clean,0,ok,3616.447,true,true,true,true,,
jaxsr__seed521__clean__g0595,jaxsr,g0595,521,clean,0,ok,3615.360,true,true,true,true,,
jaxsr__seed521__clean__g0596,jaxsr,g0596,521,clean,0,ok,3613.779,true,true,true,true,,
jaxsr__seed521__clean__g0597,jaxsr,g0597,521,clean,0,ok,3616.514,true,true,true,true,,
jaxsr__seed521__clean__g0598,jaxsr,g0598,521,clean,0,ok,3614.614,true,true,true,true,,
jaxsr__seed521__clean__g0599,jaxsr,g0599,521,clean,0,ok,3614.980,true,true,true,true,,
jaxsr__seed521__clean__g0600,jaxsr,g0600,521,clean,0,ok,3624.456,true,true,true,true,,
jaxsr__seed521__clean__g0601,jaxsr,g0601,521,clean,0,ok,3616.300,true,true,true,true,,
jaxsr__seed521__clean__g0602,jaxsr,g0602,521,clean,0,ok,3616.059,true,true,true,true,,
jaxsr__seed521__clean__g0603,jaxsr,g0603,521,clean,0,ok,3616.425,true,true,true,true,,
jaxsr__seed521__clean__g0604,jaxsr,g0604,521,clean,0,ok,3614.921,true,true,true,true,,
jaxsr__seed521__clean__g0605,jaxsr,g0605,521,clean,0,ok,3608.605,true,true,true,true,,
jaxsr__seed521__clean__g0606,jaxsr,g0606,521,clean,0,ok,3621.619,true,true,true,true,,
jaxsr__seed521__clean__g0607,jaxsr,g0607,521,clean,0,ok,3614.856,true,true,true,true,,
jaxsr__seed521__clean__g0608,jaxsr,g0608,521,clean,0,ok,3614.157,true,true,true,true,,
jaxsr__seed521__clean__g0609,jaxsr,g0609,521,clean,0,ok,3606.169,true,true,true,true,,
jaxsr__seed521__clean__g0610,jaxsr,g0610,521,clean,0,ok,3614.393,true,true,true,true,,
jaxsr__seed521__clean__g0611,jaxsr,g0611,521,clean,0,ok,3614.946,true,true,true,true,,
jaxsr__seed521__clean__g0612,jaxsr,g0612,521,clean,0,ok,3613.395,true,true,true,true,,
jaxsr__seed521__clean__g0613,jaxsr,g0613,521,clean,0,ok,3613.388,true,true,true,true,,
jaxsr__seed521__clean__g0614,jaxsr,g0614,521,clean,0,ok,3616.631,true,true,true,true,,
jaxsr__seed521__clean__g0615,jaxsr,g0615,521,clean,0,ok,3615.711,true,true,true,true,,
jaxsr__seed521__clean__g0616,jaxsr,g0616,521,clean,0,ok,3606.168,true,true,true,true,,
jaxsr__seed521__clean__g0617,jaxsr,g0617,521,clean,0,ok,3614.601,true,true,true,true,,
jaxsr__seed521__clean__g0618,jaxsr,g0618,521,clean,0,ok,3613.788,true,true,true,true,,
jaxsr__seed521__clean__g0619,jaxsr,g0619,521,clean,0,ok,3616.320,true,true,true,true,,
jaxsr__seed521__clean__g0620,jaxsr,g0620,521,clean,0,ok,3620.590,true,true,true,true,,
jaxsr__seed521__clean__g0621,jaxsr,g0621,521,clean,0,ok,3618.339,true,true,true,true,,
jaxsr__seed521__clean__g0622,jaxsr,g0622,521,clean,0,ok,3618.951,true,true,true,true,,
jaxsr__seed521__clean__g0623,jaxsr,g0623,521,clean,0,ok,3617.985,true,true,true,true,,
jaxsr__seed521__clean__g0624,jaxsr,g0624,521,clean,0,ok,3618.769,true,true,true,true,,
jaxsr__seed521__clean__g0625,jaxsr,g0625,521,clean,0,ok,3613.686,true,true,true,true,,
jaxsr__seed521__clean__g0626,jaxsr,g0626,521,clean,0,ok,3613.483,true,true,true,true,,
jaxsr__seed521__clean__g0627,jaxsr,g0627,521,clean,0,ok,3612.796,true,true,true,true,,
jaxsr__seed521__clean__g0628,jaxsr,g0628,521,clean,0,ok,3614.858,true,true,true,true,,
jaxsr__seed521__clean__g0629,jaxsr,g0629,521,clean,0,ok,3622.355,true,true,true,true,,
jaxsr__seed521__clean__g0630,jaxsr,g0630,521,clean,0,ok,3615.542,true,true,true,true,,
jaxsr__seed521__clean__g0631,jaxsr,g0631,521,clean,0,ok,3614.316,true,true,true,true,,
jaxsr__seed521__clean__g0632,jaxsr,g0632,521,clean,0,ok,3614.999,true,true,true,true,,
jaxsr__seed521__clean__g0633,jaxsr,g0633,521,clean,0,ok,3613.552,true,true,true,true,,
jaxsr__seed521__clean__g0634,jaxsr,g0634,521,clean,0,ok,3602.737,true,true,true,true,,
jaxsr__seed521__clean__g0635,jaxsr,g0635,521,clean,0,ok,3616.059,true,true,true,true,,
jaxsr__seed521__clean__g0636,jaxsr,g0636,521,clean,0,ok,3615.502,true,true,true,true,,
jaxsr__seed521__clean__g0637,jaxsr,g0637,521,clean,0,ok,3614.249,true,true,true,true,,
jaxsr__seed521__clean__g0638,jaxsr,g0638,521,clean,0,ok,3615.510,true,true,true,true,,
jaxsr__seed521__clean__g0639,jaxsr,g0639,521,clean,0,ok,3633.933,true,true,true,true,,
jaxsr__seed521__clean__g0640,jaxsr,g0640,521,clean,0,ok,3615.316,true,true,true,true,,
jaxsr__seed521__clean__g0641,jaxsr,g0641,521,clean,0,ok,3613.836,true,true,true,true,,
jaxsr__seed521__clean__g0642,jaxsr,g0642,521,clean,0,ok,3615.610,true,true,true,true,,
jaxsr__seed521__clean__g0643,jaxsr,g0643,521,clean,0,ok,3644.187,true,true,true,true,,
jaxsr__seed521__clean__g0644,jaxsr,g0644,521,clean,0,ok,3614.777,true,true,true,true,,
jaxsr__seed521__clean__g0645,jaxsr,g0645,521,clean,0,ok,3614.429,true,true,true,true,,
jaxsr__seed521__clean__g0646,jaxsr,g0646,521,clean,0,ok,3616.310,true,true,true,true,,
jaxsr__seed521__clean__g0647,jaxsr,g0647,521,clean,0,ok,3616.198,true,true,true,true,,
jaxsr__seed521__clean__g0648,jaxsr,g0648,521,clean,0,ok,3616.237,true,true,true,true,,
jaxsr__seed521__clean__g0649,jaxsr,g0649,521,clean,0,ok,3615.631,true,true,true,true,,
jaxsr__seed521__clean__g0650,jaxsr,g0650,521,clean,0,ok,3614.398,true,true,true,true,,
jaxsr__seed521__clean__g0651,jaxsr,g0651,521,clean,0,ok,3647.363,true,true,true,true,,
jaxsr__seed521__clean__g0652,jaxsr,g0652,521,clean,0,ok,3615.155,true,true,true,true,,
jaxsr__seed521__clean__g0653,jaxsr,g0653,521,clean,0,ok,3615.779,true,true,true,true,,
jaxsr__seed521__clean__g0654,jaxsr,g0654,521,clean,0,ok,3615.294,true,true,true,true,,
jaxsr__seed521__clean__g0655,jaxsr,g0655,521,clean,0,ok,3614.504,true,true,true,true,,
jaxsr__seed521__clean__g0656,jaxsr,g0656,521,clean,0,ok,3612.811,true,true,true,true,,
jaxsr__seed521__clean__g0657,jaxsr,g0657,521,clean,0,ok,3615.885,true,true,true,true,,
jaxsr__seed521__clean__g0658,jaxsr,g0658,521,clean,0,ok,3610.696,true,true,true,true,,
jaxsr__seed521__clean__g0659,jaxsr,g0659,521,clean,0,ok,3616.847,true,true,true,true,,
jaxsr__seed521__clean__g0660,jaxsr,g0660,521,clean,0,ok,3617.083,true,true,true,true,,
jaxsr__seed521__clean__g0661,jaxsr,g0661,521,clean,0,ok,3602.975,true,true,true,true,,
jaxsr__seed521__clean__g0662,jaxsr,g0662,521,clean,0,ok,3615.425,true,true,true,true,,
jaxsr__seed521__clean__g0663,jaxsr,g0663,521,clean,0,ok,3616.316,true,true,true,true,,
jaxsr__seed521__clean__g0664,jaxsr,g0664,521,clean,0,ok,3615.267,true,true,true,true,,
jaxsr__seed522__clean__g0001,jaxsr,g0001,522,clean,0,ok,3618.688,true,true,true,true,,
jaxsr__seed522__clean__g0002,jaxsr,g0002,522,clean,0,ok,3615.854,true,true,true,true,,
jaxsr__seed522__clean__g0003,jaxsr,g0003,522,clean,0,ok,3618.125,true,true,true,true,,
jaxsr__seed522__clean__g0004,jaxsr,g0004,522,clean,0,ok,3616.814,true,true,true,true,,
jaxsr__seed522__clean__g0005,jaxsr,g0005,522,clean,0,ok,3617.053,true,true,true,true,,
jaxsr__seed522__clean__g0006,jaxsr,g0006,522,clean,0,ok,3616.379,true,true,true,true,,
jaxsr__seed522__clean__g0007,jaxsr,g0007,522,clean,0,ok,3617.633,true,true,true,true,,
jaxsr__seed522__clean__g0008,jaxsr,g0008,522,clean,0,ok,3637.019,true,true,true,true,,
jaxsr__seed522__clean__g0009,jaxsr,g0009,522,clean,0,ok,3605.550,true,true,true,true,,
jaxsr__seed522__clean__g0010,jaxsr,g0010,522,clean,0,ok,3616.270,true,true,true,true,,
jaxsr__seed522__clean__g0011,jaxsr,g0011,522,clean,0,ok,3612.815,true,true,true,true,,
jaxsr__seed522__clean__g0012,jaxsr,g0012,522,clean,0,ok,3618.210,true,true,true,true,,
jaxsr__seed522__clean__g0013,jaxsr,g0013,522,clean,0,ok,3614.425,true,true,true,true,,
jaxsr__seed522__clean__g0014,jaxsr,g0014,522,clean,0,ok,3615.354,true,true,true,true,,
jaxsr__seed522__clean__g0015,jaxsr,g0015,522,clean,0,ok,3618.616,true,true,true,true,,
jaxsr__seed522__clean__g0016,jaxsr,g0016,522,clean,0,ok,3618.692,true,true,true,true,,
jaxsr__seed522__clean__g0017,jaxsr,g0017,522,clean,0,ok,3618.319,true,true,true,true,,
jaxsr__seed522__clean__g0018,jaxsr,g0018,522,clean,0,ok,3616.469,true,true,true,true,,
jaxsr__seed522__clean__g0019,jaxsr,g0019,522,clean,0,ok,3618.978,true,true,true,true,,
jaxsr__seed522__clean__g0020,jaxsr,g0020,522,clean,0,ok,3616.917,true,true,true,true,,
jaxsr__seed522__clean__g0021,jaxsr,g0021,522,clean,0,ok,3610.608,true,true,true,true,,
jaxsr__seed522__clean__g0022,jaxsr,g0022,522,clean,0,ok,3617.718,true,true,true,true,,
jaxsr__seed522__clean__g0023,jaxsr,g0023,522,clean,0,ok,3616.143,true,true,true,true,,
jaxsr__seed522__clean__g0024,jaxsr,g0024,522,clean,0,ok,3610.963,true,true,true,true,,
jaxsr__seed522__clean__g0025,jaxsr,g0025,522,clean,0,ok,3618.097,true,true,true,true,,
jaxsr__seed522__clean__g0026,jaxsr,g0026,522,clean,0,ok,3616.670,true,true,true,true,,
jaxsr__seed522__clean__g0027,jaxsr,g0027,522,clean,0,ok,3612.496,true,true,true,true,,
jaxsr__seed522__clean__g0028,jaxsr,g0028,522,clean,0,ok,3612.407,true,true,true,true,,
jaxsr__seed522__clean__g0029,jaxsr,g0029,522,clean,0,ok,3618.917,true,true,true,true,,
jaxsr__seed522__clean__g0030,jaxsr,g0030,522,clean,0,ok,3617.175,true,true,true,true,,
jaxsr__seed522__clean__g0031,jaxsr,g0031,522,clean,0,ok,3617.916,true,true,true,true,,
jaxsr__seed522__clean__g0032,jaxsr,g0032,522,clean,0,ok,3612.846,true,true,true,true,,
jaxsr__seed522__clean__g0033,jaxsr,g0033,522,clean,0,ok,3617.171,true,true,true,true,,
jaxsr__seed522__clean__g0034,jaxsr,g0034,522,clean,0,ok,3617.602,true,true,true,true,,
jaxsr__seed522__clean__g0035,jaxsr,g0035,522,clean,0,ok,3615.258,true,true,true,true,,
jaxsr__seed522__clean__g0036,jaxsr,g0036,522,clean,0,ok,3617.361,true,true,true,true,,
jaxsr__seed522__clean__g0037,jaxsr,g0037,522,clean,0,ok,3614.869,true,true,true,true,,
jaxsr__seed522__clean__g0038,jaxsr,g0038,522,clean,0,ok,3615.067,true,true,true,true,,
jaxsr__seed522__clean__g0039,jaxsr,g0039,522,clean,0,ok,3617.846,true,true,true,true,,
jaxsr__seed522__clean__g0040,jaxsr,g0040,522,clean,0,ok,3618.546,true,true,true,true,,
jaxsr__seed522__clean__g0041,jaxsr,g0041,522,clean,0,ok,3608.863,true,true,true,true,,
jaxsr__seed522__clean__g0042,jaxsr,g0042,522,clean,0,ok,3616.031,true,true,true,true,,
jaxsr__seed522__clean__g0043,jaxsr,g0043,522,clean,0,ok,3620.270,true,true,true,true,,
jaxsr__seed522__clean__g0044,jaxsr,g0044,522,clean,0,ok,3618.683,true,true,true,true,,
jaxsr__seed522__clean__g0045,jaxsr,g0045,522,clean,0,ok,3617.270,true,true,true,true,,
jaxsr__seed522__clean__g0046,jaxsr,g0046,522,clean,0,ok,3619.964,true,true,true,true,,
jaxsr__seed522__clean__g0047,jaxsr,g0047,522,clean,0,ok,3617.498,true,true,true,true,,
jaxsr__seed522__clean__g0048,jaxsr,g0048,522,clean,0,ok,3619.843,true,true,true,true,,
jaxsr__seed522__clean__g0049,jaxsr,g0049,522,clean,0,ok,3613.873,true,true,true,true,,
jaxsr__seed522__clean__g0050,jaxsr,g0050,522,clean,0,ok,3621.180,true,true,true,true,,
jaxsr__seed522__clean__g0051,jaxsr,g0051,522,clean,0,ok,3619.109,true,true,true,true,,
jaxsr__seed522__clean__g0052,jaxsr,g0052,522,clean,0,ok,3621.801,true,true,true,true,,
jaxsr__seed522__clean__g0053,jaxsr,g0053,522,clean,0,ok,3612.602,true,true,true,true,,
jaxsr__seed522__clean__g0054,jaxsr,g0054,522,clean,0,ok,3612.221,true,true,true,true,,
jaxsr__seed522__clean__g0055,jaxsr,g0055,522,clean,0,ok,3619.511,true,true,true,true,,
jaxsr__seed522__clean__g0056,jaxsr,g0056,522,clean,0,ok,3625.892,true,true,true,true,,
jaxsr__seed522__clean__g0057,jaxsr,g0057,522,clean,0,ok,3623.215,true,true,true,true,,
jaxsr__seed522__clean__g0058,jaxsr,g0058,522,clean,0,ok,3619.358,true,true,true,true,,
jaxsr__seed522__clean__g0059,jaxsr,g0059,522,clean,0,ok,3621.441,true,true,true,true,,
jaxsr__seed522__clean__g0060,jaxsr,g0060,522,clean,0,ok,3608.781,true,true,true,true,,
jaxsr__seed522__clean__g0061,jaxsr,g0061,522,clean,0,ok,3626.117,true,true,true,true,,
jaxsr__seed522__clean__g0062,jaxsr,g0062,522,clean,0,ok,3627.781,true,true,true,true,,
jaxsr__seed522__clean__g0063,jaxsr,g0063,522,clean,0,ok,3628.145,true,true,true,true,,
jaxsr__seed522__clean__g0064,jaxsr,g0064,522,clean,0,ok,3615.205,true,true,true,true,,
jaxsr__seed522__clean__g0065,jaxsr,g0065,522,clean,0,ok,3626.724,true,true,true,true,,
jaxsr__seed522__clean__g0066,jaxsr,g0066,522,clean,0,ok,3629.503,true,true,true,true,,
jaxsr__seed522__clean__g0067,jaxsr,g0067,522,clean,0,ok,3629.156,true,true,true,true,,
jaxsr__seed522__clean__g0068,jaxsr,g0068,522,clean,0,ok,3625.925,true,true,true,true,,
jaxsr__seed522__clean__g0069,jaxsr,g0069,522,clean,0,ok,3645.290,true,true,true,true,,
jaxsr__seed522__clean__g0070,jaxsr,g0070,522,clean,0,ok,3623.700,true,true,true,true,,
jaxsr__seed522__clean__g0071,jaxsr,g0071,522,clean,0,ok,3627.658,true,true,true,true,,
jaxsr__seed522__clean__g0072,jaxsr,g0072,522,clean,0,ok,3609.950,true,true,true,true,,
jaxsr__seed522__clean__g0073,jaxsr,g0073,522,clean,0,ok,3625.416,true,true,true,true,,
jaxsr__seed522__clean__g0074,jaxsr,g0074,522,clean,0,ok,3625.408,true,true,true,true,,
jaxsr__seed522__clean__g0075,jaxsr,g0075,522,clean,0,ok,3625.773,true,true,true,true,,
jaxsr__seed522__clean__g0076,jaxsr,g0076,522,clean,0,ok,3625.749,true,true,true,true,,
jaxsr__seed522__clean__g0077,jaxsr,g0077,522,clean,0,ok,3626.588,true,true,true,true,,
jaxsr__seed522__clean__g0078,jaxsr,g0078,522,clean,0,ok,3624.312,true,true,true,true,,
jaxsr__seed522__clean__g0079,jaxsr,g0079,522,clean,0,ok,3624.698,true,true,true,true,,
jaxsr__seed522__clean__g0080,jaxsr,g0080,522,clean,0,ok,3607.022,true,true,true,true,,
jaxsr__seed522__clean__g0081,jaxsr,g0081,522,clean,0,ok,3626.633,true,true,true,true,,
jaxsr__seed522__clean__g0082,jaxsr,g0082,522,clean,0,ok,3624.908,true,true,true,true,,
jaxsr__seed522__clean__g0083,jaxsr,g0083,522,clean,0,ok,3626.362,true,true,true,true,,
jaxsr__seed522__clean__g0084,jaxsr,g0084,522,clean,0,ok,3627.758,true,true,true,true,,
jaxsr__seed522__clean__g0085,jaxsr,g0085,522,clean,0,ok,3640.352,true,true,true,true,,
jaxsr__seed522__clean__g0086,jaxsr,g0086,522,clean,0,ok,3624.127,true,true,true,true,,
jaxsr__seed522__clean__g0087,jaxsr,g0087,522,clean,0,ok,3622.908,true,true,true,true,,
jaxsr__seed522__clean__g0088,jaxsr,g0088,522,clean,0,ok,3623.043,true,true,true,true,,
jaxsr__seed522__clean__g0089,jaxsr,g0089,522,clean,0,ok,3624.291,true,true,true,true,,
jaxsr__seed522__clean__g0090,jaxsr,g0090,522,clean,0,ok,3622.129,true,true,true,true,,
jaxsr__seed522__clean__g0091,jaxsr,g0091,522,clean,0,ok,3626.224,true,true,true,true,,
jaxsr__seed522__clean__g0092,jaxsr,g0092,522,clean,0,ok,3624.615,true,true,true,true,,
jaxsr__seed522__clean__g0093,jaxsr,g0093,522,clean,0,ok,3625.082,true,true,true,true,,
jaxsr__seed522__clean__g0094,jaxsr,g0094,522,clean,0,ok,3626.914,true,true,true,true,,
jaxsr__seed522__clean__g0095,jaxsr,g0095,522,clean,0,ok,3635.698,true,true,true,true,,
jaxsr__seed522__clean__g0096,jaxsr,g0096,522,clean,0,ok,3667.884,true,true,true,true,,
jaxsr__seed522__clean__g0097,jaxsr,g0097,522,clean,0,ok,3621.354,true,true,true,true,,
jaxsr__seed522__clean__g0098,jaxsr,g0098,522,clean,0,ok,3621.520,true,true,true,true,,
jaxsr__seed522__clean__g0099,jaxsr,g0099,522,clean,0,ok,3626.690,true,true,true,true,,
jaxsr__seed522__clean__g0100,jaxsr,g0100,522,clean,0,ok,3628.884,true,true,true,true,,
jaxsr__seed522__clean__g0101,jaxsr,g0101,522,clean,0,ok,3631.139,true,true,true,true,,
jaxsr__seed522__clean__g0102,jaxsr,g0102,522,clean,0,ok,3626.382,true,true,true,true,,
jaxsr__seed522__clean__g0103,jaxsr,g0103,522,clean,0,ok,3623.939,true,true,true,true,,
jaxsr__seed522__clean__g0104,jaxsr,g0104,522,clean,0,ok,3622.025,true,true,true,true,,
jaxsr__seed522__clean__g0105,jaxsr,g0105,522,clean,0,ok,3623.806,true,true,true,true,,
jaxsr__seed522__clean__g0106,jaxsr,g0106,522,clean,0,ok,3622.952,true,true,true,true,,
jaxsr__seed522__clean__g0107,jaxsr,g0107,522,clean,0,ok,3623.555,true,true,true,true,,
jaxsr__seed522__clean__g0108,jaxsr,g0108,522,clean,0,ok,3643.276,true,true,true,true,,
jaxsr__seed522__clean__g0109,jaxsr,g0109,522,clean,0,ok,3623.205,true,true,true,true,,
jaxsr__seed522__clean__g0110,jaxsr,g0110,522,clean,0,ok,3624.737,true,true,true,true,,
jaxsr__seed522__clean__g0111,jaxsr,g0111,522,clean,0,ok,3622.475,true,true,true,true,,
jaxsr__seed522__clean__g0112,jaxsr,g0112,522,clean,0,ok,3622.037,true,true,true,true,,
jaxsr__seed522__clean__g0113,jaxsr,g0113,522,clean,0,ok,3619.900,true,true,true,true,,
jaxsr__seed522__clean__g0114,jaxsr,g0114,522,clean,0,ok,3619.902,true,true,true,true,,
jaxsr__seed522__clean__g0115,jaxsr,g0115,522,clean,0,ok,3620.629,true,true,true,true,,
jaxsr__seed522__clean__g0116,jaxsr,g0116,522,clean,0,ok,3626.339,true,true,true,true,,
jaxsr__seed522__clean__g0117,jaxsr,g0117,522,clean,0,ok,3623.709,true,true,true,true,,
jaxsr__seed522__clean__g0118,jaxsr,g0118,522,clean,0,ok,3622.973,true,true,true,true,,
jaxsr__seed522__clean__g0119,jaxsr,g0119,522,clean,0,ok,3622.570,true,true,true,true,,
jaxsr__seed522__clean__g0120,jaxsr,g0120,522,clean,0,ok,3610.371,true,true,true,true,,
jaxsr__seed522__clean__g0121,jaxsr,g0121,522,clean,0,ok,3628.180,true,true,true,true,,
jaxsr__seed522__clean__g0122,jaxsr,g0122,522,clean,0,ok,3622.107,true,true,true,true,,
jaxsr__seed522__clean__g0123,jaxsr,g0123,522,clean,0,ok,3621.898,true,true,true,true,,
jaxsr__seed522__clean__g0124,jaxsr,g0124,522,clean,0,ok,3620.003,true,true,true,true,,
jaxsr__seed522__clean__g0125,jaxsr,g0125,522,clean,0,ok,3625.090,true,true,true,true,,
jaxsr__seed522__clean__g0126,jaxsr,g0126,522,clean,0,ok,3624.203,true,true,true,true,,
jaxsr__seed522__clean__g0127,jaxsr,g0127,522,clean,0,ok,3625.840,true,true,true,true,,
jaxsr__seed522__clean__g0128,jaxsr,g0128,522,clean,0,ok,3625.582,true,true,true,true,,
jaxsr__seed522__clean__g0129,jaxsr,g0129,522,clean,0,ok,3622.509,true,true,true,true,,
jaxsr__seed522__clean__g0130,jaxsr,g0130,522,clean,0,ok,3620.449,true,true,true,true,,
jaxsr__seed522__clean__g0131,jaxsr,g0131,522,clean,0,ok,3625.444,true,true,true,true,,
jaxsr__seed522__clean__g0132,jaxsr,g0132,522,clean,0,ok,3621.085,true,true,true,true,,
jaxsr__seed522__clean__g0133,jaxsr,g0133,522,clean,0,ok,3620.759,true,true,true,true,,
jaxsr__seed522__clean__g0134,jaxsr,g0134,522,clean,0,ok,3621.638,true,true,true,true,,
jaxsr__seed522__clean__g0135,jaxsr,g0135,522,clean,0,ok,3627.639,true,true,true,true,,
jaxsr__seed522__clean__g0136,jaxsr,g0136,522,clean,0,ok,3623.671,true,true,true,true,,
jaxsr__seed522__clean__g0137,jaxsr,g0137,522,clean,0,ok,3646.365,true,true,true,true,,
jaxsr__seed522__clean__g0138,jaxsr,g0138,522,clean,0,ok,3612.838,true,true,true,true,,
jaxsr__seed522__clean__g0139,jaxsr,g0139,522,clean,0,ok,3626.858,true,true,true,true,,
jaxsr__seed522__clean__g0140,jaxsr,g0140,522,clean,0,ok,3623.576,true,true,true,true,,
jaxsr__seed522__clean__g0141,jaxsr,g0141,522,clean,0,ok,3624.235,true,true,true,true,,
jaxsr__seed522__clean__g0142,jaxsr,g0142,522,clean,0,ok,3621.252,true,true,true,true,,
jaxsr__seed522__clean__g0143,jaxsr,g0143,522,clean,0,ok,3620.720,true,true,true,true,,
jaxsr__seed522__clean__g0144,jaxsr,g0144,522,clean,0,ok,3621.678,true,true,true,true,,
jaxsr__seed522__clean__g0145,jaxsr,g0145,522,clean,0,ok,3623.310,true,true,true,true,,
jaxsr__seed522__clean__g0146,jaxsr,g0146,522,clean,0,ok,3625.881,true,true,true,true,,
jaxsr__seed522__clean__g0147,jaxsr,g0147,522,clean,0,ok,3623.582,true,true,true,true,,
jaxsr__seed522__clean__g0148,jaxsr,g0148,522,clean,0,ok,3638.116,true,true,true,true,,
jaxsr__seed522__clean__g0149,jaxsr,g0149,522,clean,0,ok,3619.167,true,true,true,true,,
jaxsr__seed522__clean__g0150,jaxsr,g0150,522,clean,0,ok,3620.985,true,true,true,true,,
jaxsr__seed522__clean__g0151,jaxsr,g0151,522,clean,0,ok,3622.682,true,true,true,true,,
jaxsr__seed522__clean__g0152,jaxsr,g0152,522,clean,0,ok,3620.201,true,true,true,true,,
jaxsr__seed522__clean__g0153,jaxsr,g0153,522,clean,0,ok,3620.780,true,true,true,true,,
jaxsr__seed522__clean__g0154,jaxsr,g0154,522,clean,0,ok,3620.855,true,true,true,true,,
jaxsr__seed522__clean__g0155,jaxsr,g0155,522,clean,0,ok,3619.304,true,true,true,true,,
jaxsr__seed522__clean__g0156,jaxsr,g0156,522,clean,0,ok,3620.056,true,true,true,true,,
jaxsr__seed522__clean__g0157,jaxsr,g0157,522,clean,0,ok,3620.070,true,true,true,true,,
jaxsr__seed522__clean__g0158,jaxsr,g0158,522,clean,0,ok,3620.600,true,true,true,true,,
jaxsr__seed522__clean__g0159,jaxsr,g0159,522,clean,0,ok,3620.105,true,true,true,true,,
jaxsr__seed522__clean__g0160,jaxsr,g0160,522,clean,0,ok,3620.884,true,true,true,true,,
jaxsr__seed522__clean__g0161,jaxsr,g0161,522,clean,0,ok,3619.545,true,true,true,true,,
jaxsr__seed522__clean__g0162,jaxsr,g0162,522,clean,0,ok,3620.879,true,true,true,true,,
jaxsr__seed522__clean__g0163,jaxsr,g0163,522,clean,0,ok,3637.165,true,true,true,true,,
jaxsr__seed522__clean__g0164,jaxsr,g0164,522,clean,0,ok,3635.671,true,true,true,true,,
jaxsr__seed522__clean__g0165,jaxsr,g0165,522,clean,0,ok,3620.639,true,true,true,true,,
jaxsr__seed522__clean__g0166,jaxsr,g0166,522,clean,0,ok,3622.166,true,true,true,true,,
jaxsr__seed522__clean__g0167,jaxsr,g0167,522,clean,0,ok,3621.750,true,true,true,true,,
jaxsr__seed522__clean__g0168,jaxsr,g0168,522,clean,0,ok,3621.430,true,true,true,true,,
jaxsr__seed522__clean__g0169,jaxsr,g0169,522,clean,0,ok,3622.875,true,true,true,true,,
jaxsr__seed522__clean__g0170,jaxsr,g0170,522,clean,0,ok,3620.713,true,true,true,true,,
jaxsr__seed522__clean__g0171,jaxsr,g0171,522,clean,0,ok,3620.608,true,true,true,true,,
jaxsr__seed522__clean__g0172,jaxsr,g0172,522,clean,0,ok,3615.873,true,true,true,true,,
jaxsr__seed522__clean__g0173,jaxsr,g0173,522,clean,0,ok,3615.585,true,true,true,true,,
jaxsr__seed522__clean__g0174,jaxsr,g0174,522,clean,0,ok,3616.289,true,true,true,true,,
jaxsr__seed522__clean__g0175,jaxsr,g0175,522,clean,0,ok,3607.803,true,true,true,true,,
jaxsr__seed522__clean__g0176,jaxsr,g0176,522,clean,0,ok,3616.289,true,true,true,true,,
jaxsr__seed522__clean__g0177,jaxsr,g0177,522,clean,0,ok,3617.003,true,true,true,true,,
jaxsr__seed522__clean__g0178,jaxsr,g0178,522,clean,0,ok,3605.760,true,true,true,true,,
jaxsr__seed522__clean__g0179,jaxsr,g0179,522,clean,0,ok,3611.138,true,true,true,true,,
jaxsr__seed522__clean__g0180,jaxsr,g0180,522,clean,0,ok,3616.337,true,true,true,true,,
jaxsr__seed522__clean__g0181,jaxsr,g0181,522,clean,0,ok,3615.495,true,true,true,true,,
jaxsr__seed522__clean__g0182,jaxsr,g0182,522,clean,0,ok,3618.590,true,true,true,true,,
jaxsr__seed522__clean__g0183,jaxsr,g0183,522,clean,0,ok,3611.130,true,true,true,true,,
jaxsr__seed522__clean__g0184,jaxsr,g0184,522,clean,0,ok,3620.210,true,true,true,true,,
jaxsr__seed522__clean__g0185,jaxsr,g0185,522,clean,0,ok,3615.995,true,true,true,true,,
jaxsr__seed522__clean__g0186,jaxsr,g0186,522,clean,0,ok,3616.478,true,true,true,true,,
jaxsr__seed522__clean__g0187,jaxsr,g0187,522,clean,0,ok,3614.383,true,true,true,true,,
jaxsr__seed522__clean__g0188,jaxsr,g0188,522,clean,0,ok,3614.102,true,true,true,true,,
jaxsr__seed522__clean__g0189,jaxsr,g0189,522,clean,0,ok,3615.096,true,true,true,true,,
jaxsr__seed522__clean__g0190,jaxsr,g0190,522,clean,0,ok,3615.441,true,true,true,true,,
jaxsr__seed522__clean__g0191,jaxsr,g0191,522,clean,0,ok,3617.116,true,true,true,true,,
jaxsr__seed522__clean__g0192,jaxsr,g0192,522,clean,0,ok,3618.851,true,true,true,true,,
jaxsr__seed522__clean__g0193,jaxsr,g0193,522,clean,0,ok,3616.133,true,true,true,true,,
jaxsr__seed522__clean__g0194,jaxsr,g0194,522,clean,0,ok,3624.090,true,true,true,true,,
jaxsr__seed522__clean__g0195,jaxsr,g0195,522,clean,0,ok,3614.717,true,true,true,true,,
jaxsr__seed522__clean__g0196,jaxsr,g0196,522,clean,0,ok,3616.520,true,true,true,true,,
jaxsr__seed522__clean__g0197,jaxsr,g0197,522,clean,0,ok,3616.600,true,true,true,true,,
jaxsr__seed522__clean__g0198,jaxsr,g0198,522,clean,0,ok,3616.443,true,true,true,true,,
jaxsr__seed522__clean__g0199,jaxsr,g0199,522,clean,0,ok,3617.272,true,true,true,true,,
jaxsr__seed522__clean__g0200,jaxsr,g0200,522,clean,0,ok,3612.667,true,true,true,true,,
jaxsr__seed522__clean__g0201,jaxsr,g0201,522,clean,0,ok,3617.201,true,true,true,true,,
jaxsr__seed522__clean__g0202,jaxsr,g0202,522,clean,0,ok,3616.570,true,true,true,true,,
jaxsr__seed522__clean__g0203,jaxsr,g0203,522,clean,0,ok,3618.152,true,true,true,true,,
jaxsr__seed522__clean__g0204,jaxsr,g0204,522,clean,0,ok,3617.247,true,true,true,true,,
jaxsr__seed522__clean__g0205,jaxsr,g0205,522,clean,0,ok,3617.665,true,true,true,true,,
jaxsr__seed522__clean__g0206,jaxsr,g0206,522,clean,0,ok,3618.988,true,true,true,true,,
jaxsr__seed522__clean__g0207,jaxsr,g0207,522,clean,0,ok,3616.179,true,true,true,true,,
jaxsr__seed522__clean__g0208,jaxsr,g0208,522,clean,0,ok,3616.398,true,true,true,true,,
jaxsr__seed522__clean__g0209,jaxsr,g0209,522,clean,0,ok,3617.679,true,true,true,true,,
jaxsr__seed522__clean__g0210,jaxsr,g0210,522,clean,0,ok,3616.942,true,true,true,true,,
jaxsr__seed522__clean__g0211,jaxsr,g0211,522,clean,0,ok,3605.440,true,true,true,true,,
jaxsr__seed522__clean__g0212,jaxsr,g0212,522,clean,0,ok,3617.620,true,true,true,true,,
jaxsr__seed522__clean__g0213,jaxsr,g0213,522,clean,0,ok,3617.571,true,true,true,true,,
jaxsr__seed522__clean__g0214,jaxsr,g0214,522,clean,0,ok,3616.807,true,true,true,true,,
jaxsr__seed522__clean__g0215,jaxsr,g0215,522,clean,0,ok,3615.669,true,true,true,true,,
jaxsr__seed522__clean__g0216,jaxsr,g0216,522,clean,0,ok,3619.054,true,true,true,true,,
jaxsr__seed522__clean__g0217,jaxsr,g0217,522,clean,0,ok,3616.104,true,true,true,true,,
jaxsr__seed522__clean__g0218,jaxsr,g0218,522,clean,0,ok,3616.960,true,true,true,true,,
jaxsr__seed522__clean__g0219,jaxsr,g0219,522,clean,0,ok,3615.718,true,true,true,true,,
jaxsr__seed522__clean__g0220,jaxsr,g0220,522,clean,0,ok,3617.142,true,true,true,true,,
jaxsr__seed522__clean__g0221,jaxsr,g0221,522,clean,0,ok,3618.653,true,true,true,true,,
jaxsr__seed522__clean__g0222,jaxsr,g0222,522,clean,0,ok,3616.172,true,true,true,true,,
jaxsr__seed522__clean__g0223,jaxsr,g0223,522,clean,0,ok,3617.173,true,true,true,true,,
jaxsr__seed522__clean__g0224,jaxsr,g0224,522,clean,0,ok,3617.608,true,true,true,true,,
jaxsr__seed522__clean__g0225,jaxsr,g0225,522,clean,0,ok,3617.030,true,true,true,true,,
jaxsr__seed522__clean__g0226,jaxsr,g0226,522,clean,0,ok,3617.874,true,true,true,true,,
jaxsr__seed522__clean__g0227,jaxsr,g0227,522,clean,0,ok,3618.103,true,true,true,true,,
jaxsr__seed522__clean__g0228,jaxsr,g0228,522,clean,0,ok,3616.339,true,true,true,true,,
jaxsr__seed522__clean__g0229,jaxsr,g0229,522,clean,0,ok,3618.350,true,true,true,true,,
jaxsr__seed522__clean__g0230,jaxsr,g0230,522,clean,0,ok,3605.005,true,true,true,true,,
jaxsr__seed522__clean__g0231,jaxsr,g0231,522,clean,0,ok,3617.522,true,true,true,true,,
jaxsr__seed522__clean__g0232,jaxsr,g0232,522,clean,0,ok,3617.335,true,true,true,true,,
jaxsr__seed522__clean__g0233,jaxsr,g0233,522,clean,0,ok,3618.033,true,true,true,true,,
jaxsr__seed522__clean__g0234,jaxsr,g0234,522,clean,0,ok,3617.067,true,true,true,true,,
jaxsr__seed522__clean__g0235,jaxsr,g0235,522,clean,0,ok,3616.433,true,true,true,true,,
jaxsr__seed522__clean__g0236,jaxsr,g0236,522,clean,0,ok,3616.789,true,true,true,true,,
jaxsr__seed522__clean__g0237,jaxsr,g0237,522,clean,0,ok,3618.103,true,true,true,true,,
jaxsr__seed522__clean__g0238,jaxsr,g0238,522,clean,0,ok,3615.751,true,true,true,true,,
jaxsr__seed522__clean__g0239,jaxsr,g0239,522,clean,0,ok,3615.479,true,true,true,true,,
jaxsr__seed522__clean__g0240,jaxsr,g0240,522,clean,0,ok,3616.884,true,true,true,true,,
jaxsr__seed522__clean__g0241,jaxsr,g0241,522,clean,0,ok,3617.577,true,true,true,true,,
jaxsr__seed522__clean__g0242,jaxsr,g0242,522,clean,0,ok,3614.625,true,true,true,true,,
jaxsr__seed522__clean__g0243,jaxsr,g0243,522,clean,0,ok,3614.846,true,true,true,true,,
jaxsr__seed522__clean__g0244,jaxsr,g0244,522,clean,0,ok,3616.203,true,true,true,true,,
jaxsr__seed522__clean__g0245,jaxsr,g0245,522,clean,0,ok,3619.039,true,true,true,true,,
jaxsr__seed522__clean__g0246,jaxsr,g0246,522,clean,0,ok,3616.889,true,true,true,true,,
jaxsr__seed522__clean__g0247,jaxsr,g0247,522,clean,0,ok,3615.917,true,true,true,true,,
jaxsr__seed522__clean__g0248,jaxsr,g0248,522,clean,0,ok,3618.314,true,true,true,true,,
jaxsr__seed522__clean__g0249,jaxsr,g0249,522,clean,0,ok,3617.440,true,true,true,true,,
jaxsr__seed522__clean__g0250,jaxsr,g0250,522,clean,0,ok,3619.308,true,true,true,true,,
jaxsr__seed522__clean__g0251,jaxsr,g0251,522,clean,0,ok,3620.272,true,true,true,true,,
jaxsr__seed522__clean__g0252,jaxsr,g0252,522,clean,0,ok,3616.832,true,true,true,true,,
jaxsr__seed522__clean__g0253,jaxsr,g0253,522,clean,0,ok,3618.360,true,true,true,true,,
jaxsr__seed522__clean__g0254,jaxsr,g0254,522,clean,0,ok,3616.337,true,true,true,true,,
jaxsr__seed522__clean__g0255,jaxsr,g0255,522,clean,0,ok,3618.432,true,true,true,true,,
jaxsr__seed522__clean__g0256,jaxsr,g0256,522,clean,0,ok,3614.143,true,true,true,true,,
jaxsr__seed522__clean__g0257,jaxsr,g0257,522,clean,0,ok,3613.845,true,true,true,true,,
jaxsr__seed522__clean__g0258,jaxsr,g0258,522,clean,0,ok,3617.497,true,true,true,true,,
jaxsr__seed522__clean__g0259,jaxsr,g0259,522,clean,0,ok,3615.745,true,true,true,true,,
jaxsr__seed522__clean__g0260,jaxsr,g0260,522,clean,0,ok,3614.195,true,true,true,true,,
jaxsr__seed522__clean__g0261,jaxsr,g0261,522,clean,0,ok,3617.498,true,true,true,true,,
jaxsr__seed522__clean__g0262,jaxsr,g0262,522,clean,0,ok,3612.667,true,true,true,true,,
jaxsr__seed522__clean__g0263,jaxsr,g0263,522,clean,0,ok,3609.312,true,true,true,true,,
jaxsr__seed522__clean__g0264,jaxsr,g0264,522,clean,0,ok,3617.526,true,true,true,true,,
jaxsr__seed522__clean__g0265,jaxsr,g0265,522,clean,0,ok,3619.168,true,true,true,true,,
jaxsr__seed522__clean__g0266,jaxsr,g0266,522,clean,0,ok,3606.249,true,true,true,true,,
jaxsr__seed522__clean__g0267,jaxsr,g0267,522,clean,0,ok,3613.135,true,true,true,true,,
jaxsr__seed522__clean__g0268,jaxsr,g0268,522,clean,0,ok,3614.996,true,true,true,true,,
jaxsr__seed522__clean__g0269,jaxsr,g0269,522,clean,0,ok,3618.112,true,true,true,true,,
jaxsr__seed522__clean__g0270,jaxsr,g0270,522,clean,0,ok,3617.144,true,true,true,true,,
jaxsr__seed522__clean__g0271,jaxsr,g0271,522,clean,0,ok,3617.074,true,true,true,true,,
jaxsr__seed522__clean__g0272,jaxsr,g0272,522,clean,0,ok,3615.857,true,true,true,true,,
jaxsr__seed522__clean__g0273,jaxsr,g0273,522,clean,0,ok,3618.145,true,true,true,true,,
jaxsr__seed522__clean__g0274,jaxsr,g0274,522,clean,0,ok,3618.531,true,true,true,true,,
jaxsr__seed522__clean__g0275,jaxsr,g0275,522,clean,0,ok,3617.284,true,true,true,true,,
jaxsr__seed522__clean__g0276,jaxsr,g0276,522,clean,0,ok,3603.396,true,true,true,true,,
jaxsr__seed522__clean__g0277,jaxsr,g0277,522,clean,0,ok,3617.360,true,true,true,true,,
jaxsr__seed522__clean__g0278,jaxsr,g0278,522,clean,0,ok,3617.747,true,true,true,true,,
jaxsr__seed522__clean__g0279,jaxsr,g0279,522,clean,0,ok,3618.635,true,true,true,true,,
jaxsr__seed522__clean__g0280,jaxsr,g0280,522,clean,0,ok,3613.546,true,true,true,true,,
jaxsr__seed522__clean__g0281,jaxsr,g0281,522,clean,0,ok,3617.339,true,true,true,true,,
jaxsr__seed522__clean__g0282,jaxsr,g0282,522,clean,0,ok,3619.941,true,true,true,true,,
jaxsr__seed522__clean__g0283,jaxsr,g0283,522,clean,0,ok,3617.472,true,true,true,true,,
jaxsr__seed522__clean__g0284,jaxsr,g0284,522,clean,0,ok,3616.765,true,true,true,true,,
jaxsr__seed522__clean__g0285,jaxsr,g0285,522,clean,0,ok,3617.268,true,true,true,true,,
jaxsr__seed522__clean__g0286,jaxsr,g0286,522,clean,0,ok,3615.990,true,true,true,true,,
jaxsr__seed522__clean__g0287,jaxsr,g0287,522,clean,0,ok,3618.395,true,true,true,true,,
jaxsr__seed522__clean__g0288,jaxsr,g0288,522,clean,0,ok,3617.951,true,true,true,true,,
jaxsr__seed522__clean__g0289,jaxsr,g0289,522,clean,0,ok,3617.268,true,true,true,true,,
jaxsr__seed522__clean__g0290,jaxsr,g0290,522,clean,0,ok,3617.116,true,true,true,true,,
jaxsr__seed522__clean__g0291,jaxsr,g0291,522,clean,0,ok,3617.121,true,true,true,true,,
jaxsr__seed522__clean__g0292,jaxsr,g0292,522,clean,0,ok,3616.461,true,true,true,true,,
jaxsr__seed522__clean__g0293,jaxsr,g0293,522,clean,0,ok,3616.147,true,true,true,true,,
jaxsr__seed522__clean__g0294,jaxsr,g0294,522,clean,0,ok,3618.008,true,true,true,true,,
jaxsr__seed522__clean__g0295,jaxsr,g0295,522,clean,0,ok,3618.546,true,true,true,true,,
jaxsr__seed522__clean__g0296,jaxsr,g0296,522,clean,0,ok,3611.684,true,true,true,true,,
jaxsr__seed522__clean__g0297,jaxsr,g0297,522,clean,0,ok,3617.005,true,true,true,true,,
jaxsr__seed522__clean__g0298,jaxsr,g0298,522,clean,0,ok,3614.621,true,true,true,true,,
jaxsr__seed522__clean__g0299,jaxsr,g0299,522,clean,0,ok,3618.797,true,true,true,true,,
jaxsr__seed522__clean__g0300,jaxsr,g0300,522,clean,0,ok,3614.340,true,true,true,true,,
jaxsr__seed522__clean__g0301,jaxsr,g0301,522,clean,0,ok,3615.755,true,true,true,true,,
jaxsr__seed522__clean__g0302,jaxsr,g0302,522,clean,0,ok,3617.686,true,true,true,true,,
jaxsr__seed522__clean__g0303,jaxsr,g0303,522,clean,0,ok,3617.034,true,true,true,true,,
jaxsr__seed522__clean__g0304,jaxsr,g0304,522,clean,0,ok,3617.078,true,true,true,true,,
jaxsr__seed522__clean__g0305,jaxsr,g0305,522,clean,0,ok,3616.351,true,true,true,true,,
jaxsr__seed522__clean__g0306,jaxsr,g0306,522,clean,0,ok,3616.397,true,true,true,true,,
jaxsr__seed522__clean__g0307,jaxsr,g0307,522,clean,0,ok,3607.516,true,true,true,true,,
jaxsr__seed522__clean__g0308,jaxsr,g0308,522,clean,0,ok,3617.432,true,true,true,true,,
jaxsr__seed522__clean__g0309,jaxsr,g0309,522,clean,0,ok,3615.488,true,true,true,true,,
jaxsr__seed522__clean__g0310,jaxsr,g0310,522,clean,0,ok,3614.828,true,true,true,true,,
jaxsr__seed522__clean__g0311,jaxsr,g0311,522,clean,0,ok,3614.488,true,true,true,true,,
jaxsr__seed522__clean__g0312,jaxsr,g0312,522,clean,0,ok,3617.244,true,true,true,true,,
jaxsr__seed522__clean__g0313,jaxsr,g0313,522,clean,0,ok,3617.489,true,true,true,true,,
jaxsr__seed522__clean__g0314,jaxsr,g0314,522,clean,0,ok,3615.708,true,true,true,true,,
jaxsr__seed522__clean__g0315,jaxsr,g0315,522,clean,0,ok,3617.411,true,true,true,true,,
jaxsr__seed522__clean__g0316,jaxsr,g0316,522,clean,0,ok,3615.223,true,true,true,true,,
jaxsr__seed522__clean__g0317,jaxsr,g0317,522,clean,0,ok,3635.227,true,true,true,true,,
jaxsr__seed522__clean__g0318,jaxsr,g0318,522,clean,0,ok,3617.766,true,true,true,true,,
jaxsr__seed522__clean__g0319,jaxsr,g0319,522,clean,0,ok,3616.146,true,true,true,true,,
jaxsr__seed522__clean__g0320,jaxsr,g0320,522,clean,0,ok,3617.016,true,true,true,true,,
jaxsr__seed522__clean__g0321,jaxsr,g0321,522,clean,0,ok,3615.871,true,true,true,true,,
jaxsr__seed522__clean__g0322,jaxsr,g0322,522,clean,0,ok,3616.104,true,true,true,true,,
jaxsr__seed522__clean__g0323,jaxsr,g0323,522,clean,0,ok,3610.919,true,true,true,true,,
jaxsr__seed522__clean__g0324,jaxsr,g0324,522,clean,0,ok,3618.323,true,true,true,true,,
jaxsr__seed522__clean__g0325,jaxsr,g0325,522,clean,0,ok,3615.342,true,true,true,true,,
jaxsr__seed522__clean__g0326,jaxsr,g0326,522,clean,0,ok,3614.234,true,true,true,true,,
jaxsr__seed522__clean__g0327,jaxsr,g0327,522,clean,0,ok,3611.285,true,true,true,true,,
jaxsr__seed522__clean__g0328,jaxsr,g0328,522,clean,0,ok,3603.685,true,true,true,true,,
jaxsr__seed522__clean__g0329,jaxsr,g0329,522,clean,0,ok,3616.684,true,true,true,true,,
jaxsr__seed522__clean__g0330,jaxsr,g0330,522,clean,0,ok,3616.259,true,true,true,true,,
jaxsr__seed522__clean__g0331,jaxsr,g0331,522,clean,0,ok,3617.818,true,true,true,true,,
jaxsr__seed522__clean__g0332,jaxsr,g0332,522,clean,0,ok,3616.316,true,true,true,true,,
jaxsr__seed522__clean__g0333,jaxsr,g0333,522,clean,0,ok,3614.797,true,true,true,true,,
jaxsr__seed522__clean__g0334,jaxsr,g0334,522,clean,0,ok,3617.704,true,true,true,true,,
jaxsr__seed522__clean__g0335,jaxsr,g0335,522,clean,0,ok,3616.362,true,true,true,true,,
jaxsr__seed522__clean__g0336,jaxsr,g0336,522,clean,0,ok,3617.189,true,true,true,true,,
jaxsr__seed522__clean__g0337,jaxsr,g0337,522,clean,0,ok,3615.066,true,true,true,true,,
jaxsr__seed522__clean__g0338,jaxsr,g0338,522,clean,0,ok,3616.451,true,true,true,true,,
jaxsr__seed522__clean__g0339,jaxsr,g0339,522,clean,0,ok,3607.469,true,true,true,true,,
jaxsr__seed522__clean__g0340,jaxsr,g0340,522,clean,0,ok,3614.106,true,true,true,true,,
jaxsr__seed522__clean__g0341,jaxsr,g0341,522,clean,0,ok,3618.465,true,true,true,true,,
jaxsr__seed522__clean__g0342,jaxsr,g0342,522,clean,0,ok,3635.325,true,true,true,true,,
jaxsr__seed522__clean__g0343,jaxsr,g0343,522,clean,0,ok,3615.427,true,true,true,true,,
jaxsr__seed522__clean__g0344,jaxsr,g0344,522,clean,0,ok,3613.856,true,true,true,true,,
jaxsr__seed522__clean__g0345,jaxsr,g0345,522,clean,0,ok,3613.832,true,true,true,true,,
jaxsr__seed522__clean__g0346,jaxsr,g0346,522,clean,0,ok,3617.400,true,true,true,true,,
jaxsr__seed522__clean__g0347,jaxsr,g0347,522,clean,0,ok,3614.357,true,true,true,true,,
jaxsr__seed522__clean__g0348,jaxsr,g0348,522,clean,0,ok,3604.614,true,true,true,true,,
jaxsr__seed522__clean__g0349,jaxsr,g0349,522,clean,0,ok,3809.110,true,true,true,true,,
jaxsr__seed522__clean__g0350,jaxsr,g0350,522,clean,0,ok,3620.531,true,true,true,true,,
jaxsr__seed522__clean__g0351,jaxsr,g0351,522,clean,0,ok,3614.852,true,true,true,true,,
jaxsr__seed522__clean__g0352,jaxsr,g0352,522,clean,0,ok,3619.063,true,true,true,true,,
jaxsr__seed522__clean__g0353,jaxsr,g0353,522,clean,0,ok,3618.172,true,true,true,true,,
jaxsr__seed522__clean__g0354,jaxsr,g0354,522,clean,0,ok,3617.953,true,true,true,true,,
jaxsr__seed522__clean__g0355,jaxsr,g0355,522,clean,0,ok,3616.877,true,true,true,true,,
jaxsr__seed522__clean__g0356,jaxsr,g0356,522,clean,0,ok,3613.641,true,true,true,true,,
jaxsr__seed522__clean__g0357,jaxsr,g0357,522,clean,0,ok,3615.395,true,true,true,true,,
jaxsr__seed522__clean__g0358,jaxsr,g0358,522,clean,0,ok,3616.453,true,true,true,true,,
jaxsr__seed522__clean__g0359,jaxsr,g0359,522,clean,0,ok,3618.461,true,true,true,true,,
jaxsr__seed522__clean__g0360,jaxsr,g0360,522,clean,0,ok,3615.537,true,true,true,true,,
jaxsr__seed522__clean__g0361,jaxsr,g0361,522,clean,0,ok,3625.791,true,true,true,true,,
jaxsr__seed522__clean__g0362,jaxsr,g0362,522,clean,0,ok,3620.030,true,true,true,true,,
jaxsr__seed522__clean__g0363,jaxsr,g0363,522,clean,0,ok,3616.637,true,true,true,true,,
jaxsr__seed522__clean__g0364,jaxsr,g0364,522,clean,0,ok,3616.937,true,true,true,true,,
jaxsr__seed522__clean__g0365,jaxsr,g0365,522,clean,0,ok,3620.224,true,true,true,true,,
jaxsr__seed522__clean__g0366,jaxsr,g0366,522,clean,0,ok,3616.105,true,true,true,true,,
jaxsr__seed522__clean__g0367,jaxsr,g0367,522,clean,0,ok,3617.649,true,true,true,true,,
jaxsr__seed522__clean__g0368,jaxsr,g0368,522,clean,0,ok,3617.326,true,true,true,true,,
jaxsr__seed522__clean__g0369,jaxsr,g0369,522,clean,0,ok,3616.679,true,true,true,true,,
jaxsr__seed522__clean__g0370,jaxsr,g0370,522,clean,0,ok,3606.181,true,true,true,true,,
jaxsr__seed522__clean__g0371,jaxsr,g0371,522,clean,0,ok,3619.352,true,true,true,true,,
jaxsr__seed522__clean__g0372,jaxsr,g0372,522,clean,0,ok,3615.893,true,true,true,true,,
jaxsr__seed522__clean__g0373,jaxsr,g0373,522,clean,0,ok,3614.791,true,true,true,true,,
jaxsr__seed522__clean__g0374,jaxsr,g0374,522,clean,0,ok,3615.370,true,true,true,true,,
jaxsr__seed522__clean__g0375,jaxsr,g0375,522,clean,0,ok,3618.777,true,true,true,true,,
jaxsr__seed522__clean__g0376,jaxsr,g0376,522,clean,0,ok,3616.926,true,true,true,true,,
jaxsr__seed522__clean__g0377,jaxsr,g0377,522,clean,0,ok,3615.446,true,true,true,true,,
jaxsr__seed522__clean__g0378,jaxsr,g0378,522,clean,0,ok,3617.710,true,true,true,true,,
jaxsr__seed522__clean__g0379,jaxsr,g0379,522,clean,0,ok,3615.752,true,true,true,true,,
jaxsr__seed522__clean__g0380,jaxsr,g0380,522,clean,0,ok,3608.658,true,true,true,true,,
jaxsr__seed522__clean__g0381,jaxsr,g0381,522,clean,0,ok,3617.099,true,true,true,true,,
jaxsr__seed522__clean__g0382,jaxsr,g0382,522,clean,0,ok,3615.670,true,true,true,true,,
jaxsr__seed522__clean__g0383,jaxsr,g0383,522,clean,0,ok,3613.359,true,true,true,true,,
jaxsr__seed522__clean__g0384,jaxsr,g0384,522,clean,0,ok,3616.011,true,true,true,true,,
jaxsr__seed522__clean__g0385,jaxsr,g0385,522,clean,0,ok,3615.602,true,true,true,true,,
jaxsr__seed522__clean__g0386,jaxsr,g0386,522,clean,0,ok,3619.151,true,true,true,true,,
jaxsr__seed522__clean__g0387,jaxsr,g0387,522,clean,0,ok,3617.331,true,true,true,true,,
jaxsr__seed522__clean__g0388,jaxsr,g0388,522,clean,0,ok,3615.506,true,true,true,true,,
jaxsr__seed522__clean__g0389,jaxsr,g0389,522,clean,0,ok,3614.877,true,true,true,true,,
jaxsr__seed522__clean__g0390,jaxsr,g0390,522,clean,0,ok,3615.606,true,true,true,true,,
jaxsr__seed522__clean__g0391,jaxsr,g0391,522,clean,0,ok,3617.356,true,true,true,true,,
jaxsr__seed522__clean__g0392,jaxsr,g0392,522,clean,0,ok,3614.782,true,true,true,true,,
jaxsr__seed522__clean__g0393,jaxsr,g0393,522,clean,0,ok,3617.014,true,true,true,true,,
jaxsr__seed522__clean__g0394,jaxsr,g0394,522,clean,0,ok,3615.389,true,true,true,true,,
jaxsr__seed522__clean__g0395,jaxsr,g0395,522,clean,0,ok,3617.790,true,true,true,true,,
jaxsr__seed522__clean__g0396,jaxsr,g0396,522,clean,0,ok,3617.804,true,true,true,true,,
jaxsr__seed522__clean__g0397,jaxsr,g0397,522,clean,0,ok,3618.394,true,true,true,true,,
jaxsr__seed522__clean__g0398,jaxsr,g0398,522,clean,0,ok,3615.937,true,true,true,true,,
jaxsr__seed522__clean__g0399,jaxsr,g0399,522,clean,0,ok,3618.346,true,true,true,true,,
jaxsr__seed522__clean__g0400,jaxsr,g0400,522,clean,0,ok,3618.086,true,true,true,true,,
jaxsr__seed522__clean__g0401,jaxsr,g0401,522,clean,0,ok,3622.891,true,true,true,true,,
jaxsr__seed522__clean__g0402,jaxsr,g0402,522,clean,0,ok,3617.827,true,true,true,true,,
jaxsr__seed522__clean__g0403,jaxsr,g0403,522,clean,0,ok,3618.088,true,true,true,true,,
jaxsr__seed522__clean__g0404,jaxsr,g0404,522,clean,0,ok,3617.711,true,true,true,true,,
jaxsr__seed522__clean__g0405,jaxsr,g0405,522,clean,0,ok,3615.170,true,true,true,true,,
jaxsr__seed522__clean__g0406,jaxsr,g0406,522,clean,0,ok,3616.814,true,true,true,true,,
jaxsr__seed522__clean__g0407,jaxsr,g0407,522,clean,0,ok,3612.837,true,true,true,true,,
jaxsr__seed522__clean__g0408,jaxsr,g0408,522,clean,0,ok,3613.524,true,true,true,true,,
jaxsr__seed522__clean__g0409,jaxsr,g0409,522,clean,0,ok,3616.156,true,true,true,true,,
jaxsr__seed522__clean__g0410,jaxsr,g0410,522,clean,0,ok,3615.220,true,true,true,true,,
jaxsr__seed522__clean__g0411,jaxsr,g0411,522,clean,0,ok,3616.631,true,true,true,true,,
jaxsr__seed522__clean__g0412,jaxsr,g0412,522,clean,0,ok,3615.368,true,true,true,true,,
jaxsr__seed522__clean__g0413,jaxsr,g0413,522,clean,0,ok,3617.511,true,true,true,true,,
jaxsr__seed522__clean__g0414,jaxsr,g0414,522,clean,0,ok,3619.010,true,true,true,true,,
jaxsr__seed522__clean__g0415,jaxsr,g0415,522,clean,0,ok,3615.314,true,true,true,true,,
jaxsr__seed522__clean__g0416,jaxsr,g0416,522,clean,0,ok,3617.619,true,true,true,true,,
jaxsr__seed522__clean__g0417,jaxsr,g0417,522,clean,0,ok,3615.658,true,true,true,true,,
jaxsr__seed522__clean__g0418,jaxsr,g0418,522,clean,0,ok,3619.772,true,true,true,true,,
jaxsr__seed522__clean__g0419,jaxsr,g0419,522,clean,0,ok,3616.949,true,true,true,true,,
jaxsr__seed522__clean__g0420,jaxsr,g0420,522,clean,0,ok,3620.965,true,true,true,true,,
jaxsr__seed522__clean__g0421,jaxsr,g0421,522,clean,0,ok,3619.378,true,true,true,true,,
jaxsr__seed522__clean__g0422,jaxsr,g0422,522,clean,0,ok,3617.357,true,true,true,true,,
jaxsr__seed522__clean__g0423,jaxsr,g0423,522,clean,0,ok,3621.022,true,true,true,true,,
jaxsr__seed522__clean__g0424,jaxsr,g0424,522,clean,0,ok,3614.910,true,true,true,true,,
jaxsr__seed522__clean__g0425,jaxsr,g0425,522,clean,0,ok,3618.115,true,true,true,true,,
jaxsr__seed522__clean__g0426,jaxsr,g0426,522,clean,0,ok,3616.788,true,true,true,true,,
jaxsr__seed522__clean__g0427,jaxsr,g0427,522,clean,0,ok,3615.063,true,true,true,true,,
jaxsr__seed522__clean__g0428,jaxsr,g0428,522,clean,0,ok,3614.225,true,true,true,true,,
jaxsr__seed522__clean__g0429,jaxsr,g0429,522,clean,0,ok,3604.253,true,true,true,true,,
jaxsr__seed522__clean__g0430,jaxsr,g0430,522,clean,0,ok,3614.582,true,true,true,true,,
jaxsr__seed522__clean__g0431,jaxsr,g0431,522,clean,0,ok,3620.236,true,true,true,true,,
jaxsr__seed522__clean__g0432,jaxsr,g0432,522,clean,0,ok,3617.783,true,true,true,true,,
jaxsr__seed522__clean__g0433,jaxsr,g0433,522,clean,0,ok,3619.447,true,true,true,true,,
jaxsr__seed522__clean__g0434,jaxsr,g0434,522,clean,0,ok,3614.619,true,true,true,true,,
jaxsr__seed522__clean__g0435,jaxsr,g0435,522,clean,0,ok,3659.253,true,true,true,true,,
jaxsr__seed522__clean__g0436,jaxsr,g0436,522,clean,0,ok,3618.626,true,true,true,true,,
jaxsr__seed522__clean__g0437,jaxsr,g0437,522,clean,0,ok,3620.440,true,true,true,true,,
jaxsr__seed522__clean__g0438,jaxsr,g0438,522,clean,0,ok,3619.301,true,true,true,true,,
jaxsr__seed522__clean__g0439,jaxsr,g0439,522,clean,0,ok,3620.424,true,true,true,true,,
jaxsr__seed522__clean__g0440,jaxsr,g0440,522,clean,0,ok,3617.492,true,true,true,true,,
jaxsr__seed522__clean__g0441,jaxsr,g0441,522,clean,0,ok,3620.463,true,true,true,true,,
jaxsr__seed522__clean__g0442,jaxsr,g0442,522,clean,0,ok,3620.619,true,true,true,true,,
jaxsr__seed522__clean__g0443,jaxsr,g0443,522,clean,0,ok,3618.547,true,true,true,true,,
jaxsr__seed522__clean__g0444,jaxsr,g0444,522,clean,0,ok,3613.119,true,true,true,true,,
jaxsr__seed522__clean__g0445,jaxsr,g0445,522,clean,0,ok,3616.503,true,true,true,true,,
jaxsr__seed522__clean__g0446,jaxsr,g0446,522,clean,0,ok,3616.587,true,true,true,true,,
jaxsr__seed522__clean__g0447,jaxsr,g0447,522,clean,0,ok,3619.531,true,true,true,true,,
jaxsr__seed522__clean__g0448,jaxsr,g0448,522,clean,0,ok,3615.438,true,true,true,true,,
jaxsr__seed522__clean__g0449,jaxsr,g0449,522,clean,0,ok,3605.835,true,true,true,true,,
jaxsr__seed522__clean__g0450,jaxsr,g0450,522,clean,0,ok,3616.761,true,true,true,true,,
jaxsr__seed522__clean__g0451,jaxsr,g0451,522,clean,0,ok,3618.868,true,true,true,true,,
jaxsr__seed522__clean__g0452,jaxsr,g0452,522,clean,0,ok,3618.949,true,true,true,true,,
jaxsr__seed522__clean__g0453,jaxsr,g0453,522,clean,0,ok,3617.000,true,true,true,true,,
jaxsr__seed522__clean__g0454,jaxsr,g0454,522,clean,0,ok,3621.488,true,true,true,true,,
jaxsr__seed522__clean__g0455,jaxsr,g0455,522,clean,0,ok,3616.831,true,true,true,true,,
jaxsr__seed522__clean__g0456,jaxsr,g0456,522,clean,0,ok,3618.336,true,true,true,true,,
jaxsr__seed522__clean__g0457,jaxsr,g0457,522,clean,0,ok,3622.689,true,true,true,true,,
jaxsr__seed522__clean__g0458,jaxsr,g0458,522,clean,0,ok,3619.437,true,true,true,true,,
jaxsr__seed522__clean__g0459,jaxsr,g0459,522,clean,0,ok,3606.189,true,true,true,true,,
jaxsr__seed522__clean__g0460,jaxsr,g0460,522,clean,0,ok,3619.109,true,true,true,true,,
jaxsr__seed522__clean__g0461,jaxsr,g0461,522,clean,0,ok,3621.218,true,true,true,true,,
jaxsr__seed522__clean__g0462,jaxsr,g0462,522,clean,0,ok,3616.551,true,true,true,true,,
jaxsr__seed522__clean__g0463,jaxsr,g0463,522,clean,0,ok,3619.127,true,true,true,true,,
jaxsr__seed522__clean__g0464,jaxsr,g0464,522,clean,0,ok,3622.305,true,true,true,true,,
jaxsr__seed522__clean__g0465,jaxsr,g0465,522,clean,0,ok,3620.950,true,true,true,true,,
jaxsr__seed522__clean__g0466,jaxsr,g0466,522,clean,0,ok,3618.577,true,true,true,true,,
jaxsr__seed522__clean__g0467,jaxsr,g0467,522,clean,0,ok,3625.702,true,true,true,true,,
jaxsr__seed522__clean__g0468,jaxsr,g0468,522,clean,0,ok,3621.050,true,true,true,true,,
jaxsr__seed522__clean__g0469,jaxsr,g0469,522,clean,0,ok,3619.320,true,true,true,true,,
jaxsr__seed522__clean__g0470,jaxsr,g0470,522,clean,0,ok,3649.784,true,true,true,true,,
jaxsr__seed522__clean__g0471,jaxsr,g0471,522,clean,0,ok,3619.137,true,true,true,true,,
jaxsr__seed522__clean__g0472,jaxsr,g0472,522,clean,0,ok,3617.408,true,true,true,true,,
jaxsr__seed522__clean__g0473,jaxsr,g0473,522,clean,0,ok,3623.306,true,true,true,true,,
jaxsr__seed522__clean__g0474,jaxsr,g0474,522,clean,0,ok,3622.414,true,true,true,true,,
jaxsr__seed522__clean__g0475,jaxsr,g0475,522,clean,0,ok,3624.566,true,true,true,true,,
jaxsr__seed522__clean__g0476,jaxsr,g0476,522,clean,0,ok,3634.535,true,true,true,true,,
jaxsr__seed522__clean__g0477,jaxsr,g0477,522,clean,0,ok,3621.420,true,true,true,true,,
jaxsr__seed522__clean__g0478,jaxsr,g0478,522,clean,0,ok,3611.346,true,true,true,true,,
jaxsr__seed522__clean__g0479,jaxsr,g0479,522,clean,0,ok,3622.552,true,true,true,true,,
jaxsr__seed522__clean__g0480,jaxsr,g0480,522,clean,0,ok,3622.456,true,true,true,true,,
jaxsr__seed522__clean__g0481,jaxsr,g0481,522,clean,0,ok,3625.315,true,true,true,true,,
jaxsr__seed522__clean__g0482,jaxsr,g0482,522,clean,0,ok,3622.831,true,true,true,true,,
jaxsr__seed522__clean__g0483,jaxsr,g0483,522,clean,0,ok,3626.390,true,true,true,true,,
jaxsr__seed522__clean__g0484,jaxsr,g0484,522,clean,0,ok,3623.250,true,true,true,true,,
jaxsr__seed522__clean__g0485,jaxsr,g0485,522,clean,0,ok,3623.164,true,true,true,true,,
jaxsr__seed522__clean__g0486,jaxsr,g0486,522,clean,0,ok,3624.926,true,true,true,true,,
jaxsr__seed522__clean__g0487,jaxsr,g0487,522,clean,0,ok,3624.616,true,true,true,true,,
jaxsr__seed522__clean__g0488,jaxsr,g0488,522,clean,0,ok,3620.018,true,true,true,true,,
jaxsr__seed522__clean__g0489,jaxsr,g0489,522,clean,0,ok,3623.857,true,true,true,true,,
jaxsr__seed522__clean__g0490,jaxsr,g0490,522,clean,0,ok,3623.631,true,true,true,true,,
jaxsr__seed522__clean__g0491,jaxsr,g0491,522,clean,0,ok,3622.304,true,true,true,true,,
jaxsr__seed522__clean__g0492,jaxsr,g0492,522,clean,0,ok,3624.552,true,true,true,true,,
jaxsr__seed522__clean__g0493,jaxsr,g0493,522,clean,0,ok,3623.722,true,true,true,true,,
jaxsr__seed522__clean__g0494,jaxsr,g0494,522,clean,0,ok,3621.380,true,true,true,true,,
jaxsr__seed522__clean__g0495,jaxsr,g0495,522,clean,0,ok,3622.932,true,true,true,true,,
jaxsr__seed522__clean__g0496,jaxsr,g0496,522,clean,0,ok,3619.340,true,true,true,true,,
jaxsr__seed522__clean__g0497,jaxsr,g0497,522,clean,0,ok,3620.525,true,true,true,true,,
jaxsr__seed522__clean__g0498,jaxsr,g0498,522,clean,0,ok,3623.822,true,true,true,true,,
jaxsr__seed522__clean__g0499,jaxsr,g0499,522,clean,0,ok,3622.907,true,true,true,true,,
jaxsr__seed522__clean__g0500,jaxsr,g0500,522,clean,0,ok,3625.258,true,true,true,true,,
jaxsr__seed522__clean__g0501,jaxsr,g0501,522,clean,0,ok,3625.523,true,true,true,true,,
jaxsr__seed522__clean__g0502,jaxsr,g0502,522,clean,0,ok,3623.105,true,true,true,true,,
jaxsr__seed522__clean__g0503,jaxsr,g0503,522,clean,0,ok,3624.536,true,true,true,true,,
jaxsr__seed522__clean__g0504,jaxsr,g0504,522,clean,0,ok,3623.593,true,true,true,true,,
jaxsr__seed522__clean__g0505,jaxsr,g0505,522,clean,0,ok,3626.222,true,true,true,true,,
jaxsr__seed522__clean__g0506,jaxsr,g0506,522,clean,0,ok,3625.451,true,true,true,true,,
jaxsr__seed522__clean__g0507,jaxsr,g0507,522,clean,0,ok,3621.129,true,true,true,true,,
jaxsr__seed522__clean__g0508,jaxsr,g0508,522,clean,0,ok,3642.071,true,true,true,true,,
jaxsr__seed522__clean__g0509,jaxsr,g0509,522,clean,0,ok,3625.420,true,true,true,true,,
jaxsr__seed522__clean__g0510,jaxsr,g0510,522,clean,0,ok,3627.192,true,true,true,true,,
jaxsr__seed522__clean__g0511,jaxsr,g0511,522,clean,0,ok,3625.413,true,true,true,true,,
jaxsr__seed522__clean__g0512,jaxsr,g0512,522,clean,0,ok,3620.759,true,true,true,true,,
jaxsr__seed522__clean__g0513,jaxsr,g0513,522,clean,0,ok,3607.775,true,true,true,true,,
jaxsr__seed522__clean__g0514,jaxsr,g0514,522,clean,0,ok,3622.876,true,true,true,true,,
jaxsr__seed522__clean__g0515,jaxsr,g0515,522,clean,0,ok,3624.194,true,true,true,true,,
jaxsr__seed522__clean__g0516,jaxsr,g0516,522,clean,0,ok,3625.500,true,true,true,true,,
jaxsr__seed522__clean__g0517,jaxsr,g0517,522,clean,0,ok,3626.672,true,true,true,true,,
jaxsr__seed522__clean__g0518,jaxsr,g0518,522,clean,0,ok,3624.225,true,true,true,true,,
jaxsr__seed522__clean__g0519,jaxsr,g0519,522,clean,0,ok,3621.798,true,true,true,true,,
jaxsr__seed522__clean__g0520,jaxsr,g0520,522,clean,0,ok,3621.042,true,true,true,true,,
jaxsr__seed522__clean__g0521,jaxsr,g0521,522,clean,0,ok,3626.831,true,true,true,true,,
jaxsr__seed522__clean__g0522,jaxsr,g0522,522,clean,0,ok,3628.036,true,true,true,true,,
jaxsr__seed522__clean__g0523,jaxsr,g0523,522,clean,0,ok,3624.230,true,true,true,true,,
jaxsr__seed522__clean__g0524,jaxsr,g0524,522,clean,0,ok,3612.340,true,true,true,true,,
jaxsr__seed522__clean__g0525,jaxsr,g0525,522,clean,0,ok,3620.443,true,true,true,true,,
jaxsr__seed522__clean__g0526,jaxsr,g0526,522,clean,0,ok,3625.191,true,true,true,true,,
jaxsr__seed522__clean__g0527,jaxsr,g0527,522,clean,0,ok,3622.810,true,true,true,true,,
jaxsr__seed522__clean__g0528,jaxsr,g0528,522,clean,0,ok,3624.494,true,true,true,true,,
jaxsr__seed522__clean__g0529,jaxsr,g0529,522,clean,0,ok,3620.757,true,true,true,true,,
jaxsr__seed522__clean__g0530,jaxsr,g0530,522,clean,0,ok,3624.644,true,true,true,true,,
jaxsr__seed522__clean__g0531,jaxsr,g0531,522,clean,0,ok,3621.407,true,true,true,true,,
jaxsr__seed522__clean__g0532,jaxsr,g0532,522,clean,0,ok,3623.255,true,true,true,true,,
jaxsr__seed522__clean__g0533,jaxsr,g0533,522,clean,0,ok,3625.533,true,true,true,true,,
jaxsr__seed522__clean__g0534,jaxsr,g0534,522,clean,0,ok,3622.294,true,true,true,true,,
jaxsr__seed522__clean__g0535,jaxsr,g0535,522,clean,0,ok,3621.538,true,true,true,true,,
jaxsr__seed522__clean__g0536,jaxsr,g0536,522,clean,0,ok,3624.719,true,true,true,true,,
jaxsr__seed522__clean__g0537,jaxsr,g0537,522,clean,0,ok,3625.266,true,true,true,true,,
jaxsr__seed522__clean__g0538,jaxsr,g0538,522,clean,0,ok,3623.559,true,true,true,true,,
jaxsr__seed522__clean__g0539,jaxsr,g0539,522,clean,0,ok,3613.348,true,true,true,true,,
jaxsr__seed522__clean__g0540,jaxsr,g0540,522,clean,0,ok,3629.970,true,true,true,true,,
jaxsr__seed522__clean__g0541,jaxsr,g0541,522,clean,0,ok,3621.570,true,true,true,true,,
jaxsr__seed522__clean__g0542,jaxsr,g0542,522,clean,0,ok,3622.768,true,true,true,true,,
jaxsr__seed522__clean__g0543,jaxsr,g0543,522,clean,0,ok,3621.404,true,true,true,true,,
jaxsr__seed522__clean__g0544,jaxsr,g0544,522,clean,0,ok,3623.599,true,true,true,true,,
jaxsr__seed522__clean__g0545,jaxsr,g0545,522,clean,0,ok,3621.217,true,true,true,true,,
jaxsr__seed522__clean__g0546,jaxsr,g0546,522,clean,0,ok,3622.118,true,true,true,true,,
jaxsr__seed522__clean__g0547,jaxsr,g0547,522,clean,0,ok,3605.288,true,true,true,true,,
jaxsr__seed522__clean__g0548,jaxsr,g0548,522,clean,0,ok,3619.711,true,true,true,true,,
jaxsr__seed522__clean__g0549,jaxsr,g0549,522,clean,0,ok,3619.788,true,true,true,true,,
jaxsr__seed522__clean__g0550,jaxsr,g0550,522,clean,0,ok,3624.054,true,true,true,true,,
jaxsr__seed522__clean__g0551,jaxsr,g0551,522,clean,0,ok,3621.542,true,true,true,true,,
jaxsr__seed522__clean__g0552,jaxsr,g0552,522,clean,0,ok,3620.253,true,true,true,true,,
jaxsr__seed522__clean__g0553,jaxsr,g0553,522,clean,0,ok,3621.941,true,true,true,true,,
jaxsr__seed522__clean__g0554,jaxsr,g0554,522,clean,0,ok,3620.893,true,true,true,true,,
jaxsr__seed522__clean__g0555,jaxsr,g0555,522,clean,0,ok,3725.724,true,true,true,true,,
jaxsr__seed522__clean__g0556,jaxsr,g0556,522,clean,0,ok,3620.317,true,true,true,true,,
jaxsr__seed522__clean__g0557,jaxsr,g0557,522,clean,0,ok,3621.467,true,true,true,true,,
jaxsr__seed522__clean__g0558,jaxsr,g0558,522,clean,0,ok,3622.667,true,true,true,true,,
jaxsr__seed522__clean__g0559,jaxsr,g0559,522,clean,0,ok,3620.395,true,true,true,true,,
jaxsr__seed522__clean__g0560,jaxsr,g0560,522,clean,0,ok,3621.670,true,true,true,true,,
jaxsr__seed522__clean__g0561,jaxsr,g0561,522,clean,0,ok,3621.645,true,true,true,true,,
jaxsr__seed522__clean__g0562,jaxsr,g0562,522,clean,0,ok,3622.247,true,true,true,true,,
jaxsr__seed522__clean__g0563,jaxsr,g0563,522,clean,0,ok,3626.042,true,true,true,true,,
jaxsr__seed522__clean__g0564,jaxsr,g0564,522,clean,0,ok,3620.247,true,true,true,true,,
jaxsr__seed522__clean__g0565,jaxsr,g0565,522,clean,0,ok,3620.576,true,true,true,true,,
jaxsr__seed522__clean__g0566,jaxsr,g0566,522,clean,0,ok,3617.623,true,true,true,true,,
jaxsr__seed522__clean__g0567,jaxsr,g0567,522,clean,0,ok,3618.684,true,true,true,true,,
jaxsr__seed522__clean__g0568,jaxsr,g0568,522,clean,0,ok,3617.680,true,true,true,true,,
jaxsr__seed522__clean__g0569,jaxsr,g0569,522,clean,0,ok,3620.064,true,true,true,true,,
jaxsr__seed522__clean__g0570,jaxsr,g0570,522,clean,0,ok,3615.660,true,true,true,true,,
jaxsr__seed522__clean__g0571,jaxsr,g0571,522,clean,0,ok,3621.112,true,true,true,true,,
jaxsr__seed522__clean__g0572,jaxsr,g0572,522,clean,0,ok,3626.790,true,true,true,true,,
jaxsr__seed522__clean__g0573,jaxsr,g0573,522,clean,0,ok,3619.965,true,true,true,true,,
jaxsr__seed522__clean__g0574,jaxsr,g0574,522,clean,0,ok,3619.566,true,true,true,true,,
jaxsr__seed522__clean__g0575,jaxsr,g0575,522,clean,0,ok,3621.067,true,true,true,true,,
jaxsr__seed522__clean__g0576,jaxsr,g0576,522,clean,0,ok,3621.001,true,true,true,true,,
jaxsr__seed522__clean__g0577,jaxsr,g0577,522,clean,0,ok,3620.872,true,true,true,true,,
jaxsr__seed522__clean__g0578,jaxsr,g0578,522,clean,0,ok,3619.162,true,true,true,true,,
jaxsr__seed522__clean__g0579,jaxsr,g0579,522,clean,0,ok,3625.867,true,true,true,true,,
jaxsr__seed522__clean__g0580,jaxsr,g0580,522,clean,0,ok,3620.372,true,true,true,true,,
jaxsr__seed522__clean__g0581,jaxsr,g0581,522,clean,0,ok,3619.413,true,true,true,true,,
jaxsr__seed522__clean__g0582,jaxsr,g0582,522,clean,0,ok,3621.723,true,true,true,true,,
jaxsr__seed522__clean__g0583,jaxsr,g0583,522,clean,0,ok,3621.637,true,true,true,true,,
jaxsr__seed522__clean__g0584,jaxsr,g0584,522,clean,0,ok,3620.948,true,true,true,true,,
jaxsr__seed522__clean__g0585,jaxsr,g0585,522,clean,0,ok,3618.868,true,true,true,true,,
jaxsr__seed522__clean__g0586,jaxsr,g0586,522,clean,0,ok,3620.099,true,true,true,true,,
jaxsr__seed522__clean__g0587,jaxsr,g0587,522,clean,0,ok,3619.102,true,true,true,true,,
jaxsr__seed522__clean__g0588,jaxsr,g0588,522,clean,0,ok,3621.825,true,true,true,true,,
jaxsr__seed522__clean__g0589,jaxsr,g0589,522,clean,0,ok,3620.878,true,true,true,true,,
jaxsr__seed522__clean__g0590,jaxsr,g0590,522,clean,0,ok,3620.422,true,true,true,true,,
jaxsr__seed522__clean__g0591,jaxsr,g0591,522,clean,0,ok,3628.484,true,true,true,true,,
jaxsr__seed522__clean__g0592,jaxsr,g0592,522,clean,0,ok,3616.192,true,true,true,true,,
jaxsr__seed522__clean__g0593,jaxsr,g0593,522,clean,0,ok,3616.085,true,true,true,true,,
jaxsr__seed522__clean__g0594,jaxsr,g0594,522,clean,0,ok,3614.243,true,true,true,true,,
jaxsr__seed522__clean__g0595,jaxsr,g0595,522,clean,0,ok,3616.083,true,true,true,true,,
jaxsr__seed522__clean__g0596,jaxsr,g0596,522,clean,0,ok,3613.871,true,true,true,true,,
jaxsr__seed522__clean__g0597,jaxsr,g0597,522,clean,0,ok,3615.494,true,true,true,true,,
jaxsr__seed522__clean__g0598,jaxsr,g0598,522,clean,0,ok,3608.946,true,true,true,true,,
jaxsr__seed522__clean__g0599,jaxsr,g0599,522,clean,0,ok,3606.152,true,true,true,true,,
jaxsr__seed522__clean__g0600,jaxsr,g0600,522,clean,0,ok,3616.109,true,true,true,true,,
jaxsr__seed522__clean__g0601,jaxsr,g0601,522,clean,0,ok,3615.785,true,true,true,true,,
jaxsr__seed522__clean__g0602,jaxsr,g0602,522,clean,0,ok,3615.731,true,true,true,true,,
jaxsr__seed522__clean__g0603,jaxsr,g0603,522,clean,0,ok,3608.474,true,true,true,true,,
jaxsr__seed522__clean__g0604,jaxsr,g0604,522,clean,0,ok,3604.810,true,true,true,true,,
jaxsr__seed522__clean__g0605,jaxsr,g0605,522,clean,0,ok,3615.161,true,true,true,true,,
jaxsr__seed522__clean__g0606,jaxsr,g0606,522,clean,0,ok,3613.948,true,true,true,true,,
jaxsr__seed522__clean__g0607,jaxsr,g0607,522,clean,0,ok,3610.918,true,true,true,true,,
jaxsr__seed522__clean__g0608,jaxsr,g0608,522,clean,0,ok,3609.508,true,true,true,true,,
jaxsr__seed522__clean__g0609,jaxsr,g0609,522,clean,0,ok,3615.053,true,true,true,true,,
jaxsr__seed522__clean__g0610,jaxsr,g0610,522,clean,0,ok,3605.052,true,true,true,true,,
jaxsr__seed522__clean__g0611,jaxsr,g0611,522,clean,0,ok,3614.531,true,true,true,true,,
jaxsr__seed522__clean__g0612,jaxsr,g0612,522,clean,0,ok,3613.300,true,true,true,true,,
jaxsr__seed522__clean__g0613,jaxsr,g0613,522,clean,0,ok,3613.748,true,true,true,true,,
jaxsr__seed522__clean__g0614,jaxsr,g0614,522,clean,0,ok,3616.208,true,true,true,true,,
jaxsr__seed522__clean__g0615,jaxsr,g0615,522,clean,0,ok,3615.327,true,true,true,true,,
jaxsr__seed522__clean__g0616,jaxsr,g0616,522,clean,0,ok,3614.196,true,true,true,true,,
jaxsr__seed522__clean__g0617,jaxsr,g0617,522,clean,0,ok,3614.109,true,true,true,true,,
jaxsr__seed522__clean__g0618,jaxsr,g0618,522,clean,0,ok,3614.116,true,true,true,true,,
jaxsr__seed522__clean__g0619,jaxsr,g0619,522,clean,0,ok,3616.477,true,true,true,true,,
jaxsr__seed522__clean__g0620,jaxsr,g0620,522,clean,0,ok,3618.629,true,true,true,true,,
jaxsr__seed522__clean__g0621,jaxsr,g0621,522,clean,0,ok,3618.640,true,true,true,true,,
jaxsr__seed522__clean__g0622,jaxsr,g0622,522,clean,0,ok,3618.435,true,true,true,true,,
jaxsr__seed522__clean__g0623,jaxsr,g0623,522,clean,0,ok,3618.819,true,true,true,true,,
jaxsr__seed522__clean__g0624,jaxsr,g0624,522,clean,0,ok,3619.476,true,true,true,true,,
jaxsr__seed522__clean__g0625,jaxsr,g0625,522,clean,0,ok,3614.518,true,true,true,true,,
jaxsr__seed522__clean__g0626,jaxsr,g0626,522,clean,0,ok,3612.794,true,true,true,true,,
jaxsr__seed522__clean__g0627,jaxsr,g0627,522,clean,0,ok,3613.719,true,true,true,true,,
jaxsr__seed522__clean__g0628,jaxsr,g0628,522,clean,0,ok,3614.994,true,true,true,true,,
jaxsr__seed522__clean__g0629,jaxsr,g0629,522,clean,0,ok,3613.748,true,true,true,true,,
jaxsr__seed522__clean__g0630,jaxsr,g0630,522,clean,0,ok,3615.414,true,true,true,true,,
jaxsr__seed522__clean__g0631,jaxsr,g0631,522,clean,0,ok,3614.380,true,true,true,true,,
jaxsr__seed522__clean__g0632,jaxsr,g0632,522,clean,0,ok,3613.349,true,true,true,true,,
jaxsr__seed522__clean__g0633,jaxsr,g0633,522,clean,0,ok,3615.067,true,true,true,true,,
jaxsr__seed522__clean__g0634,jaxsr,g0634,522,clean,0,ok,3615.217,true,true,true,true,,
jaxsr__seed522__clean__g0635,jaxsr,g0635,522,clean,0,ok,3615.205,true,true,true,true,,
jaxsr__seed522__clean__g0636,jaxsr,g0636,522,clean,0,ok,3613.445,true,true,true,true,,
jaxsr__seed522__clean__g0637,jaxsr,g0637,522,clean,0,ok,3615.203,true,true,true,true,,
jaxsr__seed522__clean__g0638,jaxsr,g0638,522,clean,0,ok,3613.291,true,true,true,true,,
jaxsr__seed522__clean__g0639,jaxsr,g0639,522,clean,0,ok,3640.389,true,true,true,true,,
jaxsr__seed522__clean__g0640,jaxsr,g0640,522,clean,0,ok,3613.113,true,true,true,true,,
jaxsr__seed522__clean__g0641,jaxsr,g0641,522,clean,0,ok,3613.541,true,true,true,true,,
jaxsr__seed522__clean__g0642,jaxsr,g0642,522,clean,0,ok,3614.214,true,true,true,true,,
jaxsr__seed522__clean__g0643,jaxsr,g0643,522,clean,0,ok,3613.936,true,true,true,true,,
jaxsr__seed522__clean__g0644,jaxsr,g0644,522,clean,0,ok,3611.354,true,true,true,true,,
jaxsr__seed522__clean__g0645,jaxsr,g0645,522,clean,0,ok,3613.075,true,true,true,true,,
jaxsr__seed522__clean__g0646,jaxsr,g0646,522,clean,0,ok,3615.316,true,true,true,true,,
jaxsr__seed522__clean__g0647,jaxsr,g0647,522,clean,0,ok,3614.187,true,true,true,true,,
jaxsr__seed522__clean__g0648,jaxsr,g0648,522,clean,0,ok,3613.786,true,true,true,true,,
jaxsr__seed522__clean__g0649,jaxsr,g0649,522,clean,0,ok,3629.079,true,true,true,true,,
jaxsr__seed522__clean__g0650,jaxsr,g0650,522,clean,0,ok,3614.729,true,true,true,true,,
jaxsr__seed522__clean__g0651,jaxsr,g0651,522,clean,0,ok,3623.948,true,true,true,true,,
jaxsr__seed522__clean__g0652,jaxsr,g0652,522,clean,0,ok,3611.068,true,true,true,true,,
jaxsr__seed522__clean__g0653,jaxsr,g0653,522,clean,0,ok,3612.729,true,true,true,true,,
jaxsr__seed522__clean__g0654,jaxsr,g0654,522,clean,0,ok,3613.981,true,true,true,true,,
jaxsr__seed522__clean__g0655,jaxsr,g0655,522,clean,0,ok,3626.300,true,true,true,true,,
jaxsr__seed522__clean__g0656,jaxsr,g0656,522,clean,0,ok,3611.521,true,true,true,true,,
jaxsr__seed522__clean__g0657,jaxsr,g0657,522,clean,0,ok,3611.358,true,true,true,true,,
jaxsr__seed522__clean__g0658,jaxsr,g0658,522,clean,0,ok,3610.810,true,true,true,true,,
jaxsr__seed522__clean__g0659,jaxsr,g0659,522,clean,0,ok,3612.576,true,true,true,true,,
jaxsr__seed522__clean__g0660,jaxsr,g0660,522,clean,0,ok,3613.153,true,true,true,true,,
jaxsr__seed522__clean__g0661,jaxsr,g0661,522,clean,0,ok,3611.030,true,true,true,true,,
jaxsr__seed522__clean__g0662,jaxsr,g0662,522,clean,0,ok,3613.261,true,true,true,true,,
jaxsr__seed522__clean__g0663,jaxsr,g0663,522,clean,0,ok,3611.570,true,true,true,true,,
jaxsr__seed522__clean__g0664,jaxsr,g0664,522,clean,0,ok,3610.614,true,true,true,true,,
symbolfit__seed520__clean__g0001,symbolfit,g0001,520,clean,0,ok,3604.786,true,true,true,true,,
symbolfit__seed520__clean__g0002,symbolfit,g0002,520,clean,0,ok,3604.806,true,true,true,true,,
symbolfit__seed520__clean__g0003,symbolfit,g0003,520,clean,0,ok,3604.833,true,true,true,true,,
symbolfit__seed520__clean__g0004,symbolfit,g0004,520,clean,0,ok,3604.982,true,true,true,true,,
symbolfit__seed520__clean__g0005,symbolfit,g0005,520,clean,0,ok,3605.136,true,true,true,true,,
symbolfit__seed520__clean__g0006,symbolfit,g0006,520,clean,0,ok,3614.530,true,true,true,true,,
symbolfit__seed520__clean__g0007,symbolfit,g0007,520,clean,0,ok,3604.824,true,true,true,true,,
symbolfit__seed520__clean__g0008,symbolfit,g0008,520,clean,0,ok,3604.911,true,true,true,true,,
symbolfit__seed520__clean__g0009,symbolfit,g0009,520,clean,0,ok,3604.945,true,true,true,true,,
symbolfit__seed520__clean__g0010,symbolfit,g0010,520,clean,0,ok,3604.940,true,true,true,true,,
symbolfit__seed520__clean__g0011,symbolfit,g0011,520,clean,0,ok,3605.176,true,true,true,true,,
symbolfit__seed520__clean__g0012,symbolfit,g0012,520,clean,0,ok,3605.348,true,true,true,true,,
symbolfit__seed520__clean__g0013,symbolfit,g0013,520,clean,0,ok,3605.048,true,true,true,true,,
symbolfit__seed520__clean__g0014,symbolfit,g0014,520,clean,0,ok,3605.175,true,true,true,true,,
symbolfit__seed520__clean__g0015,symbolfit,g0015,520,clean,0,ok,3605.290,true,true,true,true,,
symbolfit__seed520__clean__g0016,symbolfit,g0016,520,clean,0,ok,3631.851,true,true,true,true,,
symbolfit__seed520__clean__g0017,symbolfit,g0017,520,clean,0,ok,3605.159,true,true,true,true,,
symbolfit__seed520__clean__g0018,symbolfit,g0018,520,clean,0,ok,3605.201,true,true,true,true,,
symbolfit__seed520__clean__g0019,symbolfit,g0019,520,clean,0,ok,3622.112,true,true,true,true,,
symbolfit__seed520__clean__g0020,symbolfit,g0020,520,clean,0,ok,3605.112,true,true,true,true,,
symbolfit__seed520__clean__g0021,symbolfit,g0021,520,clean,0,ok,3605.067,true,true,true,true,,
symbolfit__seed520__clean__g0022,symbolfit,g0022,520,clean,0,ok,3605.282,true,true,true,true,,
symbolfit__seed520__clean__g0023,symbolfit,g0023,520,clean,0,ok,3604.907,true,true,true,true,,
symbolfit__seed520__clean__g0024,symbolfit,g0024,520,clean,0,ok,3617.533,true,true,true,true,,
symbolfit__seed520__clean__g0025,symbolfit,g0025,520,clean,0,ok,3605.088,true,true,true,true,,
symbolfit__seed520__clean__g0026,symbolfit,g0026,520,clean,0,ok,3605.185,true,true,true,true,,
symbolfit__seed520__clean__g0027,symbolfit,g0027,520,clean,0,ok,3610.476,true,true,true,true,,
symbolfit__seed520__clean__g0028,symbolfit,g0028,520,clean,0,ok,3614.713,true,true,true,true,,
symbolfit__seed520__clean__g0029,symbolfit,g0029,520,clean,0,ok,3605.053,true,true,true,true,,
symbolfit__seed520__clean__g0030,symbolfit,g0030,520,clean,0,ok,3604.938,true,true,true,true,,
symbolfit__seed520__clean__g0031,symbolfit,g0031,520,clean,0,ok,3604.922,true,true,true,true,,
symbolfit__seed520__clean__g0032,symbolfit,g0032,520,clean,0,ok,3605.337,true,true,true,true,,
symbolfit__seed520__clean__g0033,symbolfit,g0033,520,clean,0,ok,3605.034,true,true,true,true,,
symbolfit__seed520__clean__g0034,symbolfit,g0034,520,clean,0,ok,3604.887,true,true,true,true,,
symbolfit__seed520__clean__g0035,symbolfit,g0035,520,clean,0,ok,3604.955,true,true,true,true,,
symbolfit__seed520__clean__g0036,symbolfit,g0036,520,clean,0,ok,3604.941,true,true,true,true,,
symbolfit__seed520__clean__g0037,symbolfit,g0037,520,clean,0,ok,3604.763,true,true,true,true,,
symbolfit__seed520__clean__g0038,symbolfit,g0038,520,clean,0,ok,3606.752,true,true,true,true,,
symbolfit__seed520__clean__g0039,symbolfit,g0039,520,clean,0,ok,3618.771,true,true,true,true,,
symbolfit__seed520__clean__g0040,symbolfit,g0040,520,clean,0,ok,3605.941,true,true,true,true,,
symbolfit__seed520__clean__g0041,symbolfit,g0041,520,clean,0,ok,3604.888,true,true,true,true,,
symbolfit__seed520__clean__g0042,symbolfit,g0042,520,clean,0,ok,3604.895,true,true,true,true,,
symbolfit__seed520__clean__g0043,symbolfit,g0043,520,clean,0,ok,3605.313,true,true,true,true,,
symbolfit__seed520__clean__g0044,symbolfit,g0044,520,clean,0,ok,3605.061,true,true,true,true,,
symbolfit__seed520__clean__g0045,symbolfit,g0045,520,clean,0,ok,3619.009,true,true,true,true,,
symbolfit__seed520__clean__g0046,symbolfit,g0046,520,clean,0,ok,3605.166,true,true,true,true,,
symbolfit__seed520__clean__g0047,symbolfit,g0047,520,clean,0,ok,3605.466,true,true,true,true,,
symbolfit__seed520__clean__g0048,symbolfit,g0048,520,clean,0,ok,3605.146,true,true,true,true,,
symbolfit__seed520__clean__g0049,symbolfit,g0049,520,clean,0,ok,3605.293,true,true,true,true,,
symbolfit__seed520__clean__g0050,symbolfit,g0050,520,clean,0,ok,3605.644,true,true,true,true,,
symbolfit__seed520__clean__g0051,symbolfit,g0051,520,clean,0,ok,3605.113,true,true,true,true,,
symbolfit__seed520__clean__g0052,symbolfit,g0052,520,clean,0,ok,3605.236,true,true,true,true,,
symbolfit__seed520__clean__g0053,symbolfit,g0053,520,clean,0,ok,3605.285,true,true,true,true,,
symbolfit__seed520__clean__g0054,symbolfit,g0054,520,clean,0,ok,3605.205,true,true,true,true,,
symbolfit__seed520__clean__g0055,symbolfit,g0055,520,clean,0,ok,3605.151,true,true,true,true,,
symbolfit__seed520__clean__g0056,symbolfit,g0056,520,clean,0,ok,3605.123,true,true,true,true,,
symbolfit__seed520__clean__g0057,symbolfit,g0057,520,clean,0,ok,3605.395,true,true,true,true,,
symbolfit__seed520__clean__g0058,symbolfit,g0058,520,clean,0,ok,3620.574,true,true,true,true,,
symbolfit__seed520__clean__g0059,symbolfit,g0059,520,clean,0,ok,3605.288,true,true,true,true,,
symbolfit__seed520__clean__g0060,symbolfit,g0060,520,clean,0,ok,3605.152,true,true,true,true,,
symbolfit__seed520__clean__g0061,symbolfit,g0061,520,clean,0,ok,3606.294,true,true,true,true,,
symbolfit__seed520__clean__g0062,symbolfit,g0062,520,clean,0,ok,3608.294,true,true,true,true,,
symbolfit__seed520__clean__g0063,symbolfit,g0063,520,clean,0,ok,3608.420,true,true,true,true,,
symbolfit__seed520__clean__g0064,symbolfit,g0064,520,clean,0,ok,3608.254,true,true,true,true,,
symbolfit__seed520__clean__g0065,symbolfit,g0065,520,clean,0,ok,3608.991,true,true,true,true,,
symbolfit__seed520__clean__g0066,symbolfit,g0066,520,clean,0,ok,3608.833,true,true,true,true,,
symbolfit__seed520__clean__g0067,symbolfit,g0067,520,clean,0,ok,3608.422,true,true,true,true,,
symbolfit__seed520__clean__g0068,symbolfit,g0068,520,clean,0,ok,3607.796,true,true,true,true,,
symbolfit__seed520__clean__g0069,symbolfit,g0069,520,clean,0,ok,3607.227,true,true,true,true,,
symbolfit__seed520__clean__g0070,symbolfit,g0070,520,clean,0,ok,3608.304,true,true,true,true,,
symbolfit__seed520__clean__g0071,symbolfit,g0071,520,clean,0,ok,3607.525,true,true,true,true,,
symbolfit__seed520__clean__g0072,symbolfit,g0072,520,clean,0,ok,3638.256,true,true,true,true,,
symbolfit__seed520__clean__g0073,symbolfit,g0073,520,clean,0,ok,3634.891,true,true,true,true,,
symbolfit__seed520__clean__g0074,symbolfit,g0074,520,clean,0,ok,3607.499,true,true,true,true,,
symbolfit__seed520__clean__g0075,symbolfit,g0075,520,clean,0,ok,3607.522,true,true,true,true,,
symbolfit__seed520__clean__g0076,symbolfit,g0076,520,clean,0,ok,3607.801,true,true,true,true,,
symbolfit__seed520__clean__g0077,symbolfit,g0077,520,clean,0,ok,3607.570,true,true,true,true,,
symbolfit__seed520__clean__g0078,symbolfit,g0078,520,clean,0,ok,3625.452,true,true,true,true,,
symbolfit__seed520__clean__g0079,symbolfit,g0079,520,clean,0,ok,3607.145,true,true,true,true,,
symbolfit__seed520__clean__g0080,symbolfit,g0080,520,clean,0,ok,3607.515,true,true,true,true,,
symbolfit__seed520__clean__g0081,symbolfit,g0081,520,clean,0,ok,3608.574,true,true,true,true,,
symbolfit__seed520__clean__g0082,symbolfit,g0082,520,clean,0,ok,3608.314,true,true,true,true,,
symbolfit__seed520__clean__g0083,symbolfit,g0083,520,clean,0,ok,3609.067,true,true,true,true,,
symbolfit__seed520__clean__g0084,symbolfit,g0084,520,clean,0,ok,3608.831,true,true,true,true,,
symbolfit__seed520__clean__g0085,symbolfit,g0085,520,clean,0,ok,3607.936,true,true,true,true,,
symbolfit__seed520__clean__g0086,symbolfit,g0086,520,clean,0,ok,3607.895,true,true,true,true,,
symbolfit__seed520__clean__g0087,symbolfit,g0087,520,clean,0,ok,3607.405,true,true,true,true,,
symbolfit__seed520__clean__g0088,symbolfit,g0088,520,clean,0,ok,3609.755,true,true,true,true,,
symbolfit__seed520__clean__g0089,symbolfit,g0089,520,clean,0,ok,3626.141,true,true,true,true,,
symbolfit__seed520__clean__g0090,symbolfit,g0090,520,clean,0,ok,3605.614,true,true,true,true,,
symbolfit__seed520__clean__g0091,symbolfit,g0091,520,clean,0,ok,3608.363,true,true,true,true,,
symbolfit__seed520__clean__g0092,symbolfit,g0092,520,clean,0,ok,3607.683,true,true,true,true,,
symbolfit__seed520__clean__g0093,symbolfit,g0093,520,clean,0,ok,3607.764,true,true,true,true,,
symbolfit__seed520__clean__g0094,symbolfit,g0094,520,clean,0,ok,3607.936,true,true,true,true,,
symbolfit__seed520__clean__g0095,symbolfit,g0095,520,clean,0,ok,3607.924,true,true,true,true,,
symbolfit__seed520__clean__g0096,symbolfit,g0096,520,clean,0,ok,3606.471,true,true,true,true,,
symbolfit__seed520__clean__g0097,symbolfit,g0097,520,clean,0,ok,3607.702,true,true,true,true,,
symbolfit__seed520__clean__g0098,symbolfit,g0098,520,clean,0,ok,3607.859,true,true,true,true,,
symbolfit__seed520__clean__g0099,symbolfit,g0099,520,clean,0,ok,3608.251,true,true,true,true,,
symbolfit__seed520__clean__g0100,symbolfit,g0100,520,clean,0,ok,3609.139,true,true,true,true,,
symbolfit__seed520__clean__g0101,symbolfit,g0101,520,clean,0,ok,3609.490,true,true,true,true,,
symbolfit__seed520__clean__g0102,symbolfit,g0102,520,clean,0,ok,3609.511,true,true,true,true,,
symbolfit__seed520__clean__g0103,symbolfit,g0103,520,clean,0,ok,3607.452,true,true,true,true,,
symbolfit__seed520__clean__g0104,symbolfit,g0104,520,clean,0,ok,3607.226,true,true,true,true,,
symbolfit__seed520__clean__g0105,symbolfit,g0105,520,clean,0,ok,3607.339,true,true,true,true,,
symbolfit__seed520__clean__g0106,symbolfit,g0106,520,clean,0,ok,3607.527,true,true,true,true,,
symbolfit__seed520__clean__g0107,symbolfit,g0107,520,clean,0,ok,3606.965,true,true,true,true,,
symbolfit__seed520__clean__g0108,symbolfit,g0108,520,clean,0,ok,3608.331,true,true,true,true,,
symbolfit__seed520__clean__g0109,symbolfit,g0109,520,clean,0,ok,3608.419,true,true,true,true,,
symbolfit__seed520__clean__g0110,symbolfit,g0110,520,clean,0,ok,3608.158,true,true,true,true,,
symbolfit__seed520__clean__g0111,symbolfit,g0111,520,clean,0,ok,3607.421,true,true,true,true,,
symbolfit__seed520__clean__g0112,symbolfit,g0112,520,clean,0,ok,3606.742,true,true,true,true,,
symbolfit__seed520__clean__g0113,symbolfit,g0113,520,clean,0,ok,3607.086,true,true,true,true,,
symbolfit__seed520__clean__g0114,symbolfit,g0114,520,clean,0,ok,3617.329,true,true,true,true,,
symbolfit__seed520__clean__g0115,symbolfit,g0115,520,clean,0,ok,3614.242,true,true,true,true,,
symbolfit__seed520__clean__g0116,symbolfit,g0116,520,clean,0,ok,3607.676,true,true,true,true,,
symbolfit__seed520__clean__g0117,symbolfit,g0117,520,clean,0,ok,3607.985,true,true,true,true,,
symbolfit__seed520__clean__g0118,symbolfit,g0118,520,clean,0,ok,3607.935,true,true,true,true,,
symbolfit__seed520__clean__g0119,symbolfit,g0119,520,clean,0,ok,3606.599,true,true,true,true,,
symbolfit__seed520__clean__g0120,symbolfit,g0120,520,clean,0,ok,3607.139,true,true,true,true,,
symbolfit__seed520__clean__g0121,symbolfit,g0121,520,clean,0,ok,3605.795,true,true,true,true,,
symbolfit__seed520__clean__g0122,symbolfit,g0122,520,clean,0,ok,3628.141,true,true,true,true,,
symbolfit__seed520__clean__g0123,symbolfit,g0123,520,clean,0,ok,3606.677,true,true,true,true,,
symbolfit__seed520__clean__g0124,symbolfit,g0124,520,clean,0,ok,3606.708,true,true,true,true,,
symbolfit__seed520__clean__g0125,symbolfit,g0125,520,clean,0,ok,3606.923,true,true,true,true,,
symbolfit__seed520__clean__g0126,symbolfit,g0126,520,clean,0,ok,3607.570,true,true,true,true,,
symbolfit__seed520__clean__g0127,symbolfit,g0127,520,clean,0,ok,3608.667,true,true,true,true,,
symbolfit__seed520__clean__g0128,symbolfit,g0128,520,clean,0,ok,3631.089,true,true,true,true,,
symbolfit__seed520__clean__g0129,symbolfit,g0129,520,clean,0,ok,3611.965,true,true,true,true,,
symbolfit__seed520__clean__g0130,symbolfit,g0130,520,clean,0,ok,3607.158,true,true,true,true,,
symbolfit__seed520__clean__g0131,symbolfit,g0131,520,clean,0,ok,3608.172,true,true,true,true,,
symbolfit__seed520__clean__g0132,symbolfit,g0132,520,clean,0,ok,3606.755,true,true,true,true,,
symbolfit__seed520__clean__g0133,symbolfit,g0133,520,clean,0,ok,3607.601,true,true,true,true,,
symbolfit__seed520__clean__g0134,symbolfit,g0134,520,clean,0,ok,3607.045,true,true,true,true,,
symbolfit__seed520__clean__g0135,symbolfit,g0135,520,clean,0,ok,3606.562,true,true,true,true,,
symbolfit__seed520__clean__g0136,symbolfit,g0136,520,clean,0,ok,3609.195,true,true,true,true,,
symbolfit__seed520__clean__g0137,symbolfit,g0137,520,clean,0,ok,3608.912,true,true,true,true,,
symbolfit__seed520__clean__g0138,symbolfit,g0138,520,clean,0,ok,3609.462,true,true,true,true,,
symbolfit__seed520__clean__g0139,symbolfit,g0139,520,clean,0,ok,3609.640,true,true,true,true,,
symbolfit__seed520__clean__g0140,symbolfit,g0140,520,clean,0,ok,3609.088,true,true,true,true,,
symbolfit__seed520__clean__g0141,symbolfit,g0141,520,clean,0,ok,3609.323,true,true,true,true,,
symbolfit__seed520__clean__g0142,symbolfit,g0142,520,clean,0,ok,3610.166,true,true,true,true,,
symbolfit__seed520__clean__g0143,symbolfit,g0143,520,clean,0,ok,3607.234,true,true,true,true,,
symbolfit__seed520__clean__g0144,symbolfit,g0144,520,clean,0,ok,3607.389,true,true,true,true,,
symbolfit__seed520__clean__g0145,symbolfit,g0145,520,clean,0,ok,3608.883,true,true,true,true,,
symbolfit__seed520__clean__g0146,symbolfit,g0146,520,clean,0,ok,3608.394,true,true,true,true,,
symbolfit__seed520__clean__g0147,symbolfit,g0147,520,clean,0,ok,3608.112,true,true,true,true,,
symbolfit__seed520__clean__g0148,symbolfit,g0148,520,clean,0,ok,3608.252,true,true,true,true,,
symbolfit__seed520__clean__g0149,symbolfit,g0149,520,clean,0,ok,3608.182,true,true,true,true,,
symbolfit__seed520__clean__g0150,symbolfit,g0150,520,clean,0,ok,3608.117,true,true,true,true,,
symbolfit__seed520__clean__g0151,symbolfit,g0151,520,clean,0,ok,3606.977,true,true,true,true,,
symbolfit__seed520__clean__g0152,symbolfit,g0152,520,clean,0,ok,3607.173,true,true,true,true,,
symbolfit__seed520__clean__g0153,symbolfit,g0153,520,clean,0,ok,3609.270,true,true,true,true,,
symbolfit__seed520__clean__g0154,symbolfit,g0154,520,clean,0,ok,3607.064,true,true,true,true,,
symbolfit__seed520__clean__g0155,symbolfit,g0155,520,clean,0,ok,3606.702,true,true,true,true,,
symbolfit__seed520__clean__g0156,symbolfit,g0156,520,clean,0,ok,3606.856,true,true,true,true,,
symbolfit__seed520__clean__g0157,symbolfit,g0157,520,clean,0,ok,3607.657,true,true,true,true,,
symbolfit__seed520__clean__g0158,symbolfit,g0158,520,clean,0,ok,3623.091,true,true,true,true,,
symbolfit__seed520__clean__g0159,symbolfit,g0159,520,clean,0,ok,3607.133,true,true,true,true,,
symbolfit__seed520__clean__g0160,symbolfit,g0160,520,clean,0,ok,3607.139,true,true,true,true,,
symbolfit__seed520__clean__g0161,symbolfit,g0161,520,clean,0,ok,3607.843,true,true,true,true,,
symbolfit__seed520__clean__g0162,symbolfit,g0162,520,clean,0,ok,3606.803,true,true,true,true,,
symbolfit__seed520__clean__g0163,symbolfit,g0163,520,clean,0,ok,3606.827,true,true,true,true,,
symbolfit__seed520__clean__g0164,symbolfit,g0164,520,clean,0,ok,3606.641,true,true,true,true,,
symbolfit__seed520__clean__g0165,symbolfit,g0165,520,clean,0,ok,3607.250,true,true,true,true,,
symbolfit__seed520__clean__g0166,symbolfit,g0166,520,clean,0,ok,3607.174,true,true,true,true,,
symbolfit__seed520__clean__g0167,symbolfit,g0167,520,clean,0,ok,3606.989,true,true,true,true,,
symbolfit__seed520__clean__g0168,symbolfit,g0168,520,clean,0,ok,3607.030,true,true,true,true,,
symbolfit__seed520__clean__g0169,symbolfit,g0169,520,clean,0,ok,3607.010,true,true,true,true,,
symbolfit__seed520__clean__g0170,symbolfit,g0170,520,clean,0,ok,3607.918,true,true,true,true,,
symbolfit__seed520__clean__g0171,symbolfit,g0171,520,clean,0,ok,3607.822,true,true,true,true,,
symbolfit__seed520__clean__g0172,symbolfit,g0172,520,clean,0,ok,3604.768,true,true,true,true,,
symbolfit__seed520__clean__g0173,symbolfit,g0173,520,clean,0,ok,3604.848,true,true,true,true,,
symbolfit__seed520__clean__g0174,symbolfit,g0174,520,clean,0,ok,3613.027,true,true,true,true,,
symbolfit__seed520__clean__g0175,symbolfit,g0175,520,clean,0,ok,3612.625,true,true,true,true,,
symbolfit__seed520__clean__g0176,symbolfit,g0176,520,clean,0,ok,3613.363,true,true,true,true,,
symbolfit__seed520__clean__g0177,symbolfit,g0177,520,clean,0,ok,3611.990,true,true,true,true,,
symbolfit__seed520__clean__g0178,symbolfit,g0178,520,clean,0,ok,3604.948,true,true,true,true,,
symbolfit__seed520__clean__g0179,symbolfit,g0179,520,clean,0,ok,3604.957,true,true,true,true,,
symbolfit__seed520__clean__g0180,symbolfit,g0180,520,clean,0,ok,3604.856,true,true,true,true,,
symbolfit__seed520__clean__g0181,symbolfit,g0181,520,clean,0,ok,3604.881,true,true,true,true,,
symbolfit__seed520__clean__g0182,symbolfit,g0182,520,clean,0,ok,3604.907,true,true,true,true,,
symbolfit__seed520__clean__g0183,symbolfit,g0183,520,clean,0,ok,3605.200,true,true,true,true,,
symbolfit__seed520__clean__g0184,symbolfit,g0184,520,clean,0,ok,3604.864,true,true,true,true,,
symbolfit__seed520__clean__g0185,symbolfit,g0185,520,clean,0,ok,3604.861,true,true,true,true,,
symbolfit__seed520__clean__g0186,symbolfit,g0186,520,clean,0,ok,3604.746,true,true,true,true,,
symbolfit__seed520__clean__g0187,symbolfit,g0187,520,clean,0,ok,3604.894,true,true,true,true,,
symbolfit__seed520__clean__g0188,symbolfit,g0188,520,clean,0,ok,3605.088,true,true,true,true,,
symbolfit__seed520__clean__g0189,symbolfit,g0189,520,clean,0,ok,3605.036,true,true,true,true,,
symbolfit__seed520__clean__g0190,symbolfit,g0190,520,clean,0,ok,3604.837,true,true,true,true,,
symbolfit__seed520__clean__g0191,symbolfit,g0191,520,clean,0,ok,3604.797,true,true,true,true,,
symbolfit__seed520__clean__g0192,symbolfit,g0192,520,clean,0,ok,3604.933,true,true,true,true,,
symbolfit__seed520__clean__g0193,symbolfit,g0193,520,clean,0,ok,3604.725,true,true,true,true,,
symbolfit__seed520__clean__g0194,symbolfit,g0194,520,clean,0,ok,3604.954,true,true,true,true,,
symbolfit__seed520__clean__g0195,symbolfit,g0195,520,clean,0,ok,3604.870,true,true,true,true,,
symbolfit__seed520__clean__g0196,symbolfit,g0196,520,clean,0,ok,3604.910,true,true,true,true,,
symbolfit__seed520__clean__g0197,symbolfit,g0197,520,clean,0,ok,3604.882,true,true,true,true,,
symbolfit__seed520__clean__g0198,symbolfit,g0198,520,clean,0,ok,3604.895,true,true,true,true,,
symbolfit__seed520__clean__g0199,symbolfit,g0199,520,clean,0,ok,3604.893,true,true,true,true,,
symbolfit__seed520__clean__g0200,symbolfit,g0200,520,clean,0,ok,3604.862,true,true,true,true,,
symbolfit__seed520__clean__g0201,symbolfit,g0201,520,clean,0,ok,3620.377,true,true,true,true,,
symbolfit__seed520__clean__g0202,symbolfit,g0202,520,clean,0,ok,3629.280,true,true,true,true,,
symbolfit__seed520__clean__g0203,symbolfit,g0203,520,clean,0,ok,3605.110,true,true,true,true,,
symbolfit__seed520__clean__g0204,symbolfit,g0204,520,clean,0,ok,3606.605,true,true,true,true,,
symbolfit__seed520__clean__g0205,symbolfit,g0205,520,clean,0,ok,3604.961,true,true,true,true,,
symbolfit__seed520__clean__g0206,symbolfit,g0206,520,clean,0,ok,3605.069,true,true,true,true,,
symbolfit__seed520__clean__g0207,symbolfit,g0207,520,clean,0,ok,3605.027,true,true,true,true,,
symbolfit__seed520__clean__g0208,symbolfit,g0208,520,clean,0,ok,3604.905,true,true,true,true,,
symbolfit__seed520__clean__g0209,symbolfit,g0209,520,clean,0,ok,3604.859,true,true,true,true,,
symbolfit__seed520__clean__g0210,symbolfit,g0210,520,clean,0,ok,3604.887,true,true,true,true,,
symbolfit__seed520__clean__g0211,symbolfit,g0211,520,clean,0,ok,3604.824,true,true,true,true,,
symbolfit__seed520__clean__g0212,symbolfit,g0212,520,clean,0,ok,3604.799,true,true,true,true,,
symbolfit__seed520__clean__g0213,symbolfit,g0213,520,clean,0,ok,3605.092,true,true,true,true,,
symbolfit__seed520__clean__g0214,symbolfit,g0214,520,clean,0,ok,3605.029,true,true,true,true,,
symbolfit__seed520__clean__g0215,symbolfit,g0215,520,clean,0,ok,3604.965,true,true,true,true,,
symbolfit__seed520__clean__g0216,symbolfit,g0216,520,clean,0,ok,3619.883,true,true,true,true,,
symbolfit__seed520__clean__g0217,symbolfit,g0217,520,clean,0,ok,3605.620,true,true,true,true,,
symbolfit__seed520__clean__g0218,symbolfit,g0218,520,clean,0,ok,3604.857,true,true,true,true,,
symbolfit__seed520__clean__g0219,symbolfit,g0219,520,clean,0,ok,3605.077,true,true,true,true,,
symbolfit__seed520__clean__g0220,symbolfit,g0220,520,clean,0,ok,3604.923,true,true,true,true,,
symbolfit__seed520__clean__g0221,symbolfit,g0221,520,clean,0,ok,3604.943,true,true,true,true,,
symbolfit__seed520__clean__g0222,symbolfit,g0222,520,clean,0,ok,3612.994,true,true,true,true,,
symbolfit__seed520__clean__g0223,symbolfit,g0223,520,clean,0,ok,3604.923,true,true,true,true,,
symbolfit__seed520__clean__g0224,symbolfit,g0224,520,clean,0,ok,3604.927,true,true,true,true,,
symbolfit__seed520__clean__g0225,symbolfit,g0225,520,clean,0,ok,3604.900,true,true,true,true,,
symbolfit__seed520__clean__g0226,symbolfit,g0226,520,clean,0,ok,3604.863,true,true,true,true,,
symbolfit__seed520__clean__g0227,symbolfit,g0227,520,clean,0,ok,3604.933,true,true,true,true,,
symbolfit__seed520__clean__g0228,symbolfit,g0228,520,clean,0,ok,3609.442,true,true,true,true,,
symbolfit__seed520__clean__g0229,symbolfit,g0229,520,clean,0,ok,3604.907,true,true,true,true,,
symbolfit__seed520__clean__g0230,symbolfit,g0230,520,clean,0,ok,3604.885,true,true,true,true,,
symbolfit__seed520__clean__g0231,symbolfit,g0231,520,clean,0,ok,3605.174,true,true,true,true,,
symbolfit__seed520__clean__g0232,symbolfit,g0232,520,clean,0,ok,3606.631,true,true,true,true,,
symbolfit__seed520__clean__g0233,symbolfit,g0233,520,clean,0,ok,3605.193,true,true,true,true,,
symbolfit__seed520__clean__g0234,symbolfit,g0234,520,clean,0,ok,3605.004,true,true,true,true,,
symbolfit__seed520__clean__g0235,symbolfit,g0235,520,clean,0,ok,3604.970,true,true,true,true,,
symbolfit__seed520__clean__g0236,symbolfit,g0236,520,clean,0,ok,3604.903,true,true,true,true,,
symbolfit__seed520__clean__g0237,symbolfit,g0237,520,clean,0,ok,3604.962,true,true,true,true,,
symbolfit__seed520__clean__g0238,symbolfit,g0238,520,clean,0,ok,3605.200,true,true,true,true,,
symbolfit__seed520__clean__g0239,symbolfit,g0239,520,clean,0,ok,3608.642,true,true,true,true,,
symbolfit__seed520__clean__g0240,symbolfit,g0240,520,clean,0,ok,3605.011,true,true,true,true,,
symbolfit__seed520__clean__g0241,symbolfit,g0241,520,clean,0,ok,3605.024,true,true,true,true,,
symbolfit__seed520__clean__g0242,symbolfit,g0242,520,clean,0,ok,3608.127,true,true,true,true,,
symbolfit__seed520__clean__g0243,symbolfit,g0243,520,clean,0,ok,3605.066,true,true,true,true,,
symbolfit__seed520__clean__g0244,symbolfit,g0244,520,clean,0,ok,3605.049,true,true,true,true,,
symbolfit__seed520__clean__g0245,symbolfit,g0245,520,clean,0,ok,3605.162,true,true,true,true,,
symbolfit__seed520__clean__g0246,symbolfit,g0246,520,clean,0,ok,3605.307,true,true,true,true,,
symbolfit__seed520__clean__g0247,symbolfit,g0247,520,clean,0,ok,3605.172,true,true,true,true,,
symbolfit__seed520__clean__g0248,symbolfit,g0248,520,clean,0,ok,3605.125,true,true,true,true,,
symbolfit__seed520__clean__g0249,symbolfit,g0249,520,clean,0,ok,3616.497,true,true,true,true,,
symbolfit__seed520__clean__g0250,symbolfit,g0250,520,clean,0,ok,3605.204,true,true,true,true,,
symbolfit__seed520__clean__g0251,symbolfit,g0251,520,clean,0,ok,3605.109,true,true,true,true,,
symbolfit__seed520__clean__g0252,symbolfit,g0252,520,clean,0,ok,3605.232,true,true,true,true,,
symbolfit__seed520__clean__g0253,symbolfit,g0253,520,clean,0,ok,3615.616,true,true,true,true,,
symbolfit__seed520__clean__g0254,symbolfit,g0254,520,clean,0,ok,3605.041,true,true,true,true,,
symbolfit__seed520__clean__g0255,symbolfit,g0255,520,clean,0,ok,3612.108,true,true,true,true,,
symbolfit__seed520__clean__g0256,symbolfit,g0256,520,clean,0,ok,3605.331,true,true,true,true,,
symbolfit__seed520__clean__g0257,symbolfit,g0257,520,clean,0,ok,3605.375,true,true,true,true,,
symbolfit__seed520__clean__g0258,symbolfit,g0258,520,clean,0,ok,3605.342,true,true,true,true,,
symbolfit__seed520__clean__g0259,symbolfit,g0259,520,clean,0,ok,3605.127,true,true,true,true,,
symbolfit__seed520__clean__g0260,symbolfit,g0260,520,clean,0,ok,3630.570,true,true,true,true,,
symbolfit__seed520__clean__g0261,symbolfit,g0261,520,clean,0,ok,3620.681,true,true,true,true,,
symbolfit__seed520__clean__g0262,symbolfit,g0262,520,clean,0,ok,3605.263,true,true,true,true,,
symbolfit__seed520__clean__g0263,symbolfit,g0263,520,clean,0,ok,3605.376,true,true,true,true,,
symbolfit__seed520__clean__g0264,symbolfit,g0264,520,clean,0,ok,3605.195,true,true,true,true,,
symbolfit__seed520__clean__g0265,symbolfit,g0265,520,clean,0,ok,3605.279,true,true,true,true,,
symbolfit__seed520__clean__g0266,symbolfit,g0266,520,clean,0,ok,3605.081,true,true,true,true,,
symbolfit__seed520__clean__g0267,symbolfit,g0267,520,clean,0,ok,3605.088,true,true,true,true,,
symbolfit__seed520__clean__g0268,symbolfit,g0268,520,clean,0,ok,3605.073,true,true,true,true,,
symbolfit__seed520__clean__g0269,symbolfit,g0269,520,clean,0,ok,3605.179,true,true,true,true,,
symbolfit__seed520__clean__g0270,symbolfit,g0270,520,clean,0,ok,3605.276,true,true,true,true,,
symbolfit__seed520__clean__g0271,symbolfit,g0271,520,clean,0,ok,3605.100,true,true,true,true,,
symbolfit__seed520__clean__g0272,symbolfit,g0272,520,clean,0,ok,3605.154,true,true,true,true,,
symbolfit__seed520__clean__g0273,symbolfit,g0273,520,clean,0,ok,3605.230,true,true,true,true,,
symbolfit__seed520__clean__g0274,symbolfit,g0274,520,clean,0,ok,3605.402,true,true,true,true,,
symbolfit__seed520__clean__g0275,symbolfit,g0275,520,clean,0,ok,3631.254,true,true,true,true,,
symbolfit__seed520__clean__g0276,symbolfit,g0276,520,clean,0,ok,3605.141,true,true,true,true,,
symbolfit__seed520__clean__g0277,symbolfit,g0277,520,clean,0,ok,3605.470,true,true,true,true,,
symbolfit__seed520__clean__g0278,symbolfit,g0278,520,clean,0,ok,3605.192,true,true,true,true,,
symbolfit__seed520__clean__g0279,symbolfit,g0279,520,clean,0,ok,3605.256,true,true,true,true,,
symbolfit__seed520__clean__g0280,symbolfit,g0280,520,clean,0,ok,3605.230,true,true,true,true,,
symbolfit__seed520__clean__g0281,symbolfit,g0281,520,clean,0,ok,3605.223,true,true,true,true,,
symbolfit__seed520__clean__g0282,symbolfit,g0282,520,clean,0,ok,3605.476,true,true,true,true,,
symbolfit__seed520__clean__g0283,symbolfit,g0283,520,clean,0,ok,3617.421,true,true,true,true,,
symbolfit__seed520__clean__g0284,symbolfit,g0284,520,clean,0,ok,3615.652,true,true,true,true,,
symbolfit__seed520__clean__g0285,symbolfit,g0285,520,clean,0,ok,3605.298,true,true,true,true,,
symbolfit__seed520__clean__g0286,symbolfit,g0286,520,clean,0,ok,3605.390,true,true,true,true,,
symbolfit__seed520__clean__g0287,symbolfit,g0287,520,clean,0,ok,3605.531,true,true,true,true,,
symbolfit__seed520__clean__g0288,symbolfit,g0288,520,clean,0,ok,3605.442,true,true,true,true,,
symbolfit__seed520__clean__g0289,symbolfit,g0289,520,clean,0,ok,3605.124,true,true,true,true,,
symbolfit__seed520__clean__g0290,symbolfit,g0290,520,clean,0,ok,3605.395,true,true,true,true,,
symbolfit__seed520__clean__g0291,symbolfit,g0291,520,clean,0,ok,3605.202,true,true,true,true,,
symbolfit__seed520__clean__g0292,symbolfit,g0292,520,clean,0,ok,3622.474,true,true,true,true,,
symbolfit__seed520__clean__g0293,symbolfit,g0293,520,clean,0,ok,3618.225,true,true,true,true,,
symbolfit__seed520__clean__g0294,symbolfit,g0294,520,clean,0,ok,3605.127,true,true,true,true,,
symbolfit__seed520__clean__g0295,symbolfit,g0295,520,clean,0,ok,3605.253,true,true,true,true,,
symbolfit__seed520__clean__g0296,symbolfit,g0296,520,clean,0,ok,3605.126,true,true,true,true,,
symbolfit__seed520__clean__g0297,symbolfit,g0297,520,clean,0,ok,3605.280,true,true,true,true,,
symbolfit__seed520__clean__g0298,symbolfit,g0298,520,clean,0,ok,3624.573,true,true,true,true,,
symbolfit__seed520__clean__g0299,symbolfit,g0299,520,clean,0,ok,3613.482,true,true,true,true,,
symbolfit__seed520__clean__g0300,symbolfit,g0300,520,clean,0,ok,3605.253,true,true,true,true,,
symbolfit__seed520__clean__g0301,symbolfit,g0301,520,clean,0,ok,3605.144,true,true,true,true,,
symbolfit__seed520__clean__g0302,symbolfit,g0302,520,clean,0,ok,3605.139,true,true,true,true,,
symbolfit__seed520__clean__g0303,symbolfit,g0303,520,clean,0,ok,3605.257,true,true,true,true,,
symbolfit__seed520__clean__g0304,symbolfit,g0304,520,clean,0,ok,3605.249,true,true,true,true,,
symbolfit__seed520__clean__g0305,symbolfit,g0305,520,clean,0,ok,3605.363,true,true,true,true,,
symbolfit__seed520__clean__g0306,symbolfit,g0306,520,clean,0,ok,3605.143,true,true,true,true,,
symbolfit__seed520__clean__g0307,symbolfit,g0307,520,clean,0,ok,3605.502,true,true,true,true,,
symbolfit__seed520__clean__g0308,symbolfit,g0308,520,clean,0,ok,3605.147,true,true,true,true,,
symbolfit__seed520__clean__g0309,symbolfit,g0309,520,clean,0,ok,3605.146,true,true,true,true,,
symbolfit__seed520__clean__g0310,symbolfit,g0310,520,clean,0,ok,3605.739,true,true,true,true,,
symbolfit__seed520__clean__g0311,symbolfit,g0311,520,clean,0,ok,3605.129,true,true,true,true,,
symbolfit__seed520__clean__g0312,symbolfit,g0312,520,clean,0,ok,3605.088,true,true,true,true,,
symbolfit__seed520__clean__g0313,symbolfit,g0313,520,clean,0,ok,3605.285,true,true,true,true,,
symbolfit__seed520__clean__g0314,symbolfit,g0314,520,clean,0,ok,3605.256,true,true,true,true,,
symbolfit__seed520__clean__g0315,symbolfit,g0315,520,clean,0,ok,3602.706,true,true,true,true,,
symbolfit__seed520__clean__g0316,symbolfit,g0316,520,clean,0,ok,3605.321,true,true,true,true,,
symbolfit__seed520__clean__g0317,symbolfit,g0317,520,clean,0,ok,3605.379,true,true,true,true,,
symbolfit__seed520__clean__g0318,symbolfit,g0318,520,clean,0,ok,3605.196,true,true,true,true,,
symbolfit__seed520__clean__g0319,symbolfit,g0319,520,clean,0,ok,3605.138,true,true,true,true,,
symbolfit__seed520__clean__g0320,symbolfit,g0320,520,clean,0,ok,3605.265,true,true,true,true,,
symbolfit__seed520__clean__g0321,symbolfit,g0321,520,clean,0,ok,3614.752,true,true,true,true,,
symbolfit__seed520__clean__g0322,symbolfit,g0322,520,clean,0,ok,3605.265,true,true,true,true,,
symbolfit__seed520__clean__g0323,symbolfit,g0323,520,clean,0,ok,3605.117,true,true,true,true,,
symbolfit__seed520__clean__g0324,symbolfit,g0324,520,clean,0,ok,3605.145,true,true,true,true,,
symbolfit__seed520__clean__g0325,symbolfit,g0325,520,clean,0,ok,3605.289,true,true,true,true,,
symbolfit__seed520__clean__g0326,symbolfit,g0326,520,clean,0,ok,3618.753,true,true,true,true,,
symbolfit__seed520__clean__g0327,symbolfit,g0327,520,clean,0,ok,3605.307,true,true,true,true,,
symbolfit__seed520__clean__g0328,symbolfit,g0328,520,clean,0,ok,3605.265,true,true,true,true,,
symbolfit__seed520__clean__g0329,symbolfit,g0329,520,clean,0,ok,3605.124,true,true,true,true,,
symbolfit__seed520__clean__g0330,symbolfit,g0330,520,clean,0,ok,3605.057,true,true,true,true,,
symbolfit__seed520__clean__g0331,symbolfit,g0331,520,clean,0,ok,3605.206,true,true,true,true,,
symbolfit__seed520__clean__g0332,symbolfit,g0332,520,clean,0,ok,3605.591,true,true,true,true,,
symbolfit__seed520__clean__g0333,symbolfit,g0333,520,clean,0,ok,3610.082,true,true,true,true,,
symbolfit__seed520__clean__g0334,symbolfit,g0334,520,clean,0,ok,3605.241,true,true,true,true,,
symbolfit__seed520__clean__g0335,symbolfit,g0335,520,clean,0,ok,3605.527,true,true,true,true,,
symbolfit__seed520__clean__g0336,symbolfit,g0336,520,clean,0,ok,3610.167,true,true,true,true,,
symbolfit__seed520__clean__g0337,symbolfit,g0337,520,clean,0,ok,3605.344,true,true,true,true,,
symbolfit__seed520__clean__g0338,symbolfit,g0338,520,clean,0,ok,3605.169,true,true,true,true,,
symbolfit__seed520__clean__g0339,symbolfit,g0339,520,clean,0,ok,3605.044,true,true,true,true,,
symbolfit__seed520__clean__g0340,symbolfit,g0340,520,clean,0,ok,3609.411,true,true,true,true,,
symbolfit__seed520__clean__g0341,symbolfit,g0341,520,clean,0,ok,3605.381,true,true,true,true,,
symbolfit__seed520__clean__g0342,symbolfit,g0342,520,clean,0,ok,3625.881,true,true,true,true,,
symbolfit__seed520__clean__g0343,symbolfit,g0343,520,clean,0,ok,3605.578,true,true,true,true,,
symbolfit__seed520__clean__g0344,symbolfit,g0344,520,clean,0,ok,3605.314,true,true,true,true,,
symbolfit__seed520__clean__g0345,symbolfit,g0345,520,clean,0,ok,3605.370,true,true,true,true,,
symbolfit__seed520__clean__g0346,symbolfit,g0346,520,clean,0,ok,3605.208,true,true,true,true,,
symbolfit__seed520__clean__g0347,symbolfit,g0347,520,clean,0,ok,3608.455,true,true,true,true,,
symbolfit__seed520__clean__g0348,symbolfit,g0348,520,clean,0,ok,3605.335,true,true,true,true,,
symbolfit__seed520__clean__g0349,symbolfit,g0349,520,clean,0,ok,3605.333,true,true,true,true,,
symbolfit__seed520__clean__g0350,symbolfit,g0350,520,clean,0,ok,3605.461,true,true,true,true,,
symbolfit__seed520__clean__g0351,symbolfit,g0351,520,clean,0,ok,3605.177,true,true,true,true,,
symbolfit__seed520__clean__g0352,symbolfit,g0352,520,clean,0,ok,3605.586,true,true,true,true,,
symbolfit__seed520__clean__g0353,symbolfit,g0353,520,clean,0,ok,3605.666,true,true,true,true,,
symbolfit__seed520__clean__g0354,symbolfit,g0354,520,clean,0,ok,3605.398,true,true,true,true,,
symbolfit__seed520__clean__g0355,symbolfit,g0355,520,clean,0,ok,3619.832,true,true,true,true,,
symbolfit__seed520__clean__g0356,symbolfit,g0356,520,clean,0,ok,3605.392,true,true,true,true,,
symbolfit__seed520__clean__g0357,symbolfit,g0357,520,clean,0,ok,3605.544,true,true,true,true,,
symbolfit__seed520__clean__g0358,symbolfit,g0358,520,clean,0,ok,3605.589,true,true,true,true,,
symbolfit__seed520__clean__g0359,symbolfit,g0359,520,clean,0,ok,3605.397,true,true,true,true,,
symbolfit__seed520__clean__g0360,symbolfit,g0360,520,clean,0,ok,3605.370,true,true,true,true,,
symbolfit__seed520__clean__g0361,symbolfit,g0361,520,clean,0,ok,3605.411,true,true,true,true,,
symbolfit__seed520__clean__g0362,symbolfit,g0362,520,clean,0,ok,3605.672,true,true,true,true,,
symbolfit__seed520__clean__g0363,symbolfit,g0363,520,clean,0,ok,3605.495,true,true,true,true,,
symbolfit__seed520__clean__g0364,symbolfit,g0364,520,clean,0,ok,3605.361,true,true,true,true,,
symbolfit__seed520__clean__g0365,symbolfit,g0365,520,clean,0,ok,3605.482,true,true,true,true,,
symbolfit__seed520__clean__g0366,symbolfit,g0366,520,clean,0,ok,3615.878,true,true,true,true,,
symbolfit__seed520__clean__g0367,symbolfit,g0367,520,clean,0,ok,3621.326,true,true,true,true,,
symbolfit__seed520__clean__g0368,symbolfit,g0368,520,clean,0,ok,3605.441,true,true,true,true,,
symbolfit__seed520__clean__g0369,symbolfit,g0369,520,clean,0,ok,3605.401,true,true,true,true,,
symbolfit__seed520__clean__g0370,symbolfit,g0370,520,clean,0,ok,3605.481,true,true,true,true,,
symbolfit__seed520__clean__g0371,symbolfit,g0371,520,clean,0,ok,3605.254,true,true,true,true,,
symbolfit__seed520__clean__g0372,symbolfit,g0372,520,clean,0,ok,3605.420,true,true,true,true,,
symbolfit__seed520__clean__g0373,symbolfit,g0373,520,clean,0,ok,3605.272,true,true,true,true,,
symbolfit__seed520__clean__g0374,symbolfit,g0374,520,clean,0,ok,3605.386,true,true,true,true,,
symbolfit__seed520__clean__g0375,symbolfit,g0375,520,clean,0,ok,3605.282,true,true,true,true,,
symbolfit__seed520__clean__g0376,symbolfit,g0376,520,clean,0,ok,3605.349,true,true,true,true,,
symbolfit__seed520__clean__g0377,symbolfit,g0377,520,clean,0,ok,3605.325,true,true,true,true,,
symbolfit__seed520__clean__g0378,symbolfit,g0378,520,clean,0,ok,3605.636,true,true,true,true,,
symbolfit__seed520__clean__g0379,symbolfit,g0379,520,clean,0,ok,3605.259,true,true,true,true,,
symbolfit__seed520__clean__g0380,symbolfit,g0380,520,clean,0,ok,3616.017,true,true,true,true,,
symbolfit__seed520__clean__g0381,symbolfit,g0381,520,clean,0,ok,3605.329,true,true,true,true,,
symbolfit__seed520__clean__g0382,symbolfit,g0382,520,clean,0,ok,3605.194,true,true,true,true,,
symbolfit__seed520__clean__g0383,symbolfit,g0383,520,clean,0,ok,3605.198,true,true,true,true,,
symbolfit__seed520__clean__g0384,symbolfit,g0384,520,clean,0,ok,3605.093,true,true,true,true,,
symbolfit__seed520__clean__g0385,symbolfit,g0385,520,clean,0,ok,3605.490,true,true,true,true,,
symbolfit__seed520__clean__g0386,symbolfit,g0386,520,clean,0,ok,3605.327,true,true,true,true,,
symbolfit__seed520__clean__g0387,symbolfit,g0387,520,clean,0,ok,3614.624,true,true,true,true,,
symbolfit__seed520__clean__g0388,symbolfit,g0388,520,clean,0,ok,3618.541,true,true,true,true,,
symbolfit__seed520__clean__g0389,symbolfit,g0389,520,clean,0,ok,3605.298,true,true,true,true,,
symbolfit__seed520__clean__g0390,symbolfit,g0390,520,clean,0,ok,3605.260,true,true,true,true,,
symbolfit__seed520__clean__g0391,symbolfit,g0391,520,clean,0,ok,3605.230,true,true,true,true,,
symbolfit__seed520__clean__g0392,symbolfit,g0392,520,clean,0,ok,3605.175,true,true,true,true,,
symbolfit__seed520__clean__g0393,symbolfit,g0393,520,clean,0,ok,3605.265,true,true,true,true,,
symbolfit__seed520__clean__g0394,symbolfit,g0394,520,clean,0,ok,3605.151,true,true,true,true,,
symbolfit__seed520__clean__g0395,symbolfit,g0395,520,clean,0,ok,3605.135,true,true,true,true,,
symbolfit__seed520__clean__g0396,symbolfit,g0396,520,clean,0,ok,3610.913,true,true,true,true,,
symbolfit__seed520__clean__g0397,symbolfit,g0397,520,clean,0,ok,3612.489,true,true,true,true,,
symbolfit__seed520__clean__g0398,symbolfit,g0398,520,clean,0,ok,3605.150,true,true,true,true,,
symbolfit__seed520__clean__g0399,symbolfit,g0399,520,clean,0,ok,3605.192,true,true,true,true,,
symbolfit__seed520__clean__g0400,symbolfit,g0400,520,clean,0,ok,3605.139,true,true,true,true,,
symbolfit__seed520__clean__g0401,symbolfit,g0401,520,clean,0,ok,3609.339,true,true,true,true,,
symbolfit__seed520__clean__g0402,symbolfit,g0402,520,clean,0,ok,3609.310,true,true,true,true,,
symbolfit__seed520__clean__g0403,symbolfit,g0403,520,clean,0,ok,3605.153,true,true,true,true,,
symbolfit__seed520__clean__g0404,symbolfit,g0404,520,clean,0,ok,3605.269,true,true,true,true,,
symbolfit__seed520__clean__g0405,symbolfit,g0405,520,clean,0,ok,3609.152,true,true,true,true,,
symbolfit__seed520__clean__g0406,symbolfit,g0406,520,clean,0,ok,3605.227,true,true,true,true,,
symbolfit__seed520__clean__g0407,symbolfit,g0407,520,clean,0,ok,3605.219,true,true,true,true,,
symbolfit__seed520__clean__g0408,symbolfit,g0408,520,clean,0,ok,3605.194,true,true,true,true,,
symbolfit__seed520__clean__g0409,symbolfit,g0409,520,clean,0,ok,3605.414,true,true,true,true,,
symbolfit__seed520__clean__g0410,symbolfit,g0410,520,clean,0,ok,3615.218,true,true,true,true,,
symbolfit__seed520__clean__g0411,symbolfit,g0411,520,clean,0,ok,3605.257,true,true,true,true,,
symbolfit__seed520__clean__g0412,symbolfit,g0412,520,clean,0,ok,3605.333,true,true,true,true,,
symbolfit__seed520__clean__g0413,symbolfit,g0413,520,clean,0,ok,3605.394,true,true,true,true,,
symbolfit__seed520__clean__g0414,symbolfit,g0414,520,clean,0,ok,3612.239,true,true,true,true,,
symbolfit__seed520__clean__g0415,symbolfit,g0415,520,clean,0,ok,3611.598,true,true,true,true,,
symbolfit__seed520__clean__g0416,symbolfit,g0416,520,clean,0,ok,3605.198,true,true,true,true,,
symbolfit__seed520__clean__g0417,symbolfit,g0417,520,clean,0,ok,3358.965,true,true,true,true,,
symbolfit__seed520__clean__g0418,symbolfit,g0418,520,clean,0,ok,3605.154,true,true,true,true,,
symbolfit__seed520__clean__g0419,symbolfit,g0419,520,clean,0,ok,3605.329,true,true,true,true,,
symbolfit__seed520__clean__g0420,symbolfit,g0420,520,clean,0,ok,3605.204,true,true,true,true,,
symbolfit__seed520__clean__g0421,symbolfit,g0421,520,clean,0,ok,3605.248,true,true,true,true,,
symbolfit__seed520__clean__g0422,symbolfit,g0422,520,clean,0,ok,3605.434,true,true,true,true,,
symbolfit__seed520__clean__g0423,symbolfit,g0423,520,clean,0,ok,3605.264,true,true,true,true,,
symbolfit__seed520__clean__g0424,symbolfit,g0424,520,clean,0,ok,3605.305,true,true,true,true,,
symbolfit__seed520__clean__g0425,symbolfit,g0425,520,clean,0,ok,3605.246,true,true,true,true,,
symbolfit__seed520__clean__g0426,symbolfit,g0426,520,clean,0,ok,3602.434,true,true,true,true,,
symbolfit__seed520__clean__g0427,symbolfit,g0427,520,clean,0,ok,3605.408,true,true,true,true,,
symbolfit__seed520__clean__g0428,symbolfit,g0428,520,clean,0,ok,3629.129,true,true,true,true,,
symbolfit__seed520__clean__g0429,symbolfit,g0429,520,clean,0,ok,3605.185,true,true,true,true,,
symbolfit__seed520__clean__g0430,symbolfit,g0430,520,clean,0,ok,3605.270,true,true,true,true,,
symbolfit__seed520__clean__g0431,symbolfit,g0431,520,clean,0,ok,3620.249,true,true,true,true,,
symbolfit__seed520__clean__g0432,symbolfit,g0432,520,clean,0,ok,3605.274,true,true,true,true,,
symbolfit__seed520__clean__g0433,symbolfit,g0433,520,clean,0,ok,3605.529,true,true,true,true,,
symbolfit__seed520__clean__g0434,symbolfit,g0434,520,clean,0,ok,3605.347,true,true,true,true,,
symbolfit__seed520__clean__g0435,symbolfit,g0435,520,clean,0,ok,3605.333,true,true,true,true,,
symbolfit__seed520__clean__g0436,symbolfit,g0436,520,clean,0,ok,3605.350,true,true,true,true,,
symbolfit__seed520__clean__g0437,symbolfit,g0437,520,clean,0,ok,3605.514,true,true,true,true,,
symbolfit__seed520__clean__g0438,symbolfit,g0438,520,clean,0,ok,3605.374,true,true,true,true,,
symbolfit__seed520__clean__g0439,symbolfit,g0439,520,clean,0,ok,3605.525,true,true,true,true,,
symbolfit__seed520__clean__g0440,symbolfit,g0440,520,clean,0,ok,3629.252,true,true,true,true,,
symbolfit__seed520__clean__g0441,symbolfit,g0441,520,clean,0,ok,3605.510,true,true,true,true,,
symbolfit__seed520__clean__g0442,symbolfit,g0442,520,clean,0,ok,3605.252,true,true,true,true,,
symbolfit__seed520__clean__g0443,symbolfit,g0443,520,clean,0,ok,3605.586,true,true,true,true,,
symbolfit__seed520__clean__g0444,symbolfit,g0444,520,clean,0,ok,3605.439,true,true,true,true,,
symbolfit__seed520__clean__g0445,symbolfit,g0445,520,clean,0,ok,3605.573,true,true,true,true,,
symbolfit__seed520__clean__g0446,symbolfit,g0446,520,clean,0,ok,3605.500,true,true,true,true,,
symbolfit__seed520__clean__g0447,symbolfit,g0447,520,clean,0,ok,3612.114,true,true,true,true,,
symbolfit__seed520__clean__g0448,symbolfit,g0448,520,clean,0,ok,3605.467,true,true,true,true,,
symbolfit__seed520__clean__g0449,symbolfit,g0449,520,clean,0,ok,3605.409,true,true,true,true,,
symbolfit__seed520__clean__g0450,symbolfit,g0450,520,clean,0,ok,3605.537,true,true,true,true,,
symbolfit__seed520__clean__g0451,symbolfit,g0451,520,clean,0,ok,3605.577,true,true,true,true,,
symbolfit__seed520__clean__g0452,symbolfit,g0452,520,clean,0,ok,3605.497,true,true,true,true,,
symbolfit__seed520__clean__g0453,symbolfit,g0453,520,clean,0,ok,3626.943,true,true,true,true,,
symbolfit__seed520__clean__g0454,symbolfit,g0454,520,clean,0,ok,3605.423,true,true,true,true,,
symbolfit__seed520__clean__g0455,symbolfit,g0455,520,clean,0,ok,3605.377,true,true,true,true,,
symbolfit__seed520__clean__g0456,symbolfit,g0456,520,clean,0,ok,3605.716,true,true,true,true,,
symbolfit__seed520__clean__g0457,symbolfit,g0457,520,clean,0,ok,3605.665,true,true,true,true,,
symbolfit__seed520__clean__g0458,symbolfit,g0458,520,clean,0,ok,3605.630,true,true,true,true,,
symbolfit__seed520__clean__g0459,symbolfit,g0459,520,clean,0,ok,3605.382,true,true,true,true,,
symbolfit__seed520__clean__g0460,symbolfit,g0460,520,clean,0,ok,3605.619,true,true,true,true,,
symbolfit__seed520__clean__g0461,symbolfit,g0461,520,clean,0,ok,3605.490,true,true,true,true,,
symbolfit__seed520__clean__g0462,symbolfit,g0462,520,clean,0,ok,3605.482,true,true,true,true,,
symbolfit__seed520__clean__g0463,symbolfit,g0463,520,clean,0,ok,3605.445,true,true,true,true,,
symbolfit__seed520__clean__g0464,symbolfit,g0464,520,clean,0,ok,3605.395,true,true,true,true,,
symbolfit__seed520__clean__g0465,symbolfit,g0465,520,clean,0,ok,3605.687,true,true,true,true,,
symbolfit__seed520__clean__g0466,symbolfit,g0466,520,clean,0,ok,3605.320,true,true,true,true,,
symbolfit__seed520__clean__g0467,symbolfit,g0467,520,clean,0,ok,3605.600,true,true,true,true,,
symbolfit__seed520__clean__g0468,symbolfit,g0468,520,clean,0,ok,3605.185,true,true,true,true,,
symbolfit__seed520__clean__g0469,symbolfit,g0469,520,clean,0,ok,3605.567,true,true,true,true,,
symbolfit__seed520__clean__g0470,symbolfit,g0470,520,clean,0,ok,3609.877,true,true,true,true,,
symbolfit__seed520__clean__g0471,symbolfit,g0471,520,clean,0,ok,3605.476,true,true,true,true,,
symbolfit__seed520__clean__g0472,symbolfit,g0472,520,clean,0,ok,3605.501,true,true,true,true,,
symbolfit__seed520__clean__g0473,symbolfit,g0473,520,clean,0,ok,3634.533,true,true,true,true,,
symbolfit__seed520__clean__g0474,symbolfit,g0474,520,clean,0,ok,3611.481,true,true,true,true,,
symbolfit__seed520__clean__g0475,symbolfit,g0475,520,clean,0,ok,3606.962,true,true,true,true,,
symbolfit__seed520__clean__g0476,symbolfit,g0476,520,clean,0,ok,3611.926,true,true,true,true,,
symbolfit__seed520__clean__g0477,symbolfit,g0477,520,clean,0,ok,3607.744,true,true,true,true,,
symbolfit__seed520__clean__g0478,symbolfit,g0478,520,clean,0,ok,3608.266,true,true,true,true,,
symbolfit__seed520__clean__g0479,symbolfit,g0479,520,clean,0,ok,3607.184,true,true,true,true,,
symbolfit__seed520__clean__g0480,symbolfit,g0480,520,clean,0,ok,3607.009,true,true,true,true,,
symbolfit__seed520__clean__g0481,symbolfit,g0481,520,clean,0,ok,3630.975,true,true,true,true,,
symbolfit__seed520__clean__g0482,symbolfit,g0482,520,clean,0,ok,3637.922,true,true,true,true,,
symbolfit__seed520__clean__g0483,symbolfit,g0483,520,clean,0,ok,3607.755,true,true,true,true,,
symbolfit__seed520__clean__g0484,symbolfit,g0484,520,clean,0,ok,3607.347,true,true,true,true,,
symbolfit__seed520__clean__g0485,symbolfit,g0485,520,clean,0,ok,3606.658,true,true,true,true,,
symbolfit__seed520__clean__g0486,symbolfit,g0486,520,clean,0,ok,3607.068,true,true,true,true,,
symbolfit__seed520__clean__g0487,symbolfit,g0487,520,clean,0,ok,3608.376,true,true,true,true,,
symbolfit__seed520__clean__g0488,symbolfit,g0488,520,clean,0,ok,3607.098,true,true,true,true,,
symbolfit__seed520__clean__g0489,symbolfit,g0489,520,clean,0,ok,3608.391,true,true,true,true,,
symbolfit__seed520__clean__g0490,symbolfit,g0490,520,clean,0,ok,3637.083,true,true,true,true,,
symbolfit__seed520__clean__g0491,symbolfit,g0491,520,clean,0,ok,3627.042,true,true,true,true,,
symbolfit__seed520__clean__g0492,symbolfit,g0492,520,clean,0,ok,3607.872,true,true,true,true,,
symbolfit__seed520__clean__g0493,symbolfit,g0493,520,clean,0,ok,3607.725,true,true,true,true,,
symbolfit__seed520__clean__g0494,symbolfit,g0494,520,clean,0,ok,3606.900,true,true,true,true,,
symbolfit__seed520__clean__g0495,symbolfit,g0495,520,clean,0,ok,3612.427,true,true,true,true,,
symbolfit__seed520__clean__g0496,symbolfit,g0496,520,clean,0,ok,3621.905,true,true,true,true,,
symbolfit__seed520__clean__g0497,symbolfit,g0497,520,clean,0,ok,3607.290,true,true,true,true,,
symbolfit__seed520__clean__g0498,symbolfit,g0498,520,clean,0,ok,3608.471,true,true,true,true,,
symbolfit__seed520__clean__g0499,symbolfit,g0499,520,clean,0,ok,3607.269,true,true,true,true,,
symbolfit__seed520__clean__g0500,symbolfit,g0500,520,clean,0,ok,3607.294,true,true,true,true,,
symbolfit__seed520__clean__g0501,symbolfit,g0501,520,clean,0,ok,3606.950,true,true,true,true,,
symbolfit__seed520__clean__g0502,symbolfit,g0502,520,clean,0,ok,3607.786,true,true,true,true,,
symbolfit__seed520__clean__g0503,symbolfit,g0503,520,clean,0,ok,3607.450,true,true,true,true,,
symbolfit__seed520__clean__g0504,symbolfit,g0504,520,clean,0,ok,3607.039,true,true,true,true,,
symbolfit__seed520__clean__g0505,symbolfit,g0505,520,clean,0,ok,3641.292,true,true,true,true,,
symbolfit__seed520__clean__g0506,symbolfit,g0506,520,clean,0,ok,3608.934,true,true,true,true,,
symbolfit__seed520__clean__g0507,symbolfit,g0507,520,clean,0,ok,3607.037,true,true,true,true,,
symbolfit__seed520__clean__g0508,symbolfit,g0508,520,clean,0,ok,3608.005,true,true,true,true,,
symbolfit__seed520__clean__g0509,symbolfit,g0509,520,clean,0,ok,3607.611,true,true,true,true,,
symbolfit__seed520__clean__g0510,symbolfit,g0510,520,clean,0,ok,3610.470,true,true,true,true,,
symbolfit__seed520__clean__g0511,symbolfit,g0511,520,clean,0,ok,3607.049,true,true,true,true,,
symbolfit__seed520__clean__g0512,symbolfit,g0512,520,clean,0,ok,3606.958,true,true,true,true,,
symbolfit__seed520__clean__g0513,symbolfit,g0513,520,clean,0,ok,3607.928,true,true,true,true,,
symbolfit__seed520__clean__g0514,symbolfit,g0514,520,clean,0,ok,3606.733,true,true,true,true,,
symbolfit__seed520__clean__g0515,symbolfit,g0515,520,clean,0,ok,3607.117,true,true,true,true,,
symbolfit__seed520__clean__g0516,symbolfit,g0516,520,clean,0,ok,3610.724,true,true,true,true,,
symbolfit__seed520__clean__g0517,symbolfit,g0517,520,clean,0,ok,3608.634,true,true,true,true,,
symbolfit__seed520__clean__g0518,symbolfit,g0518,520,clean,0,ok,3608.021,true,true,true,true,,
symbolfit__seed520__clean__g0519,symbolfit,g0519,520,clean,0,ok,3607.371,true,true,true,true,,
symbolfit__seed520__clean__g0520,symbolfit,g0520,520,clean,0,ok,3607.800,true,true,true,true,,
symbolfit__seed520__clean__g0521,symbolfit,g0521,520,clean,0,ok,3607.604,true,true,true,true,,
symbolfit__seed520__clean__g0522,symbolfit,g0522,520,clean,0,ok,3607.884,true,true,true,true,,
symbolfit__seed520__clean__g0523,symbolfit,g0523,520,clean,0,ok,3606.937,true,true,true,true,,
symbolfit__seed520__clean__g0524,symbolfit,g0524,520,clean,0,ok,3607.945,true,true,true,true,,
symbolfit__seed520__clean__g0525,symbolfit,g0525,520,clean,0,ok,3608.423,true,true,true,true,,
symbolfit__seed520__clean__g0526,symbolfit,g0526,520,clean,0,ok,3607.620,true,true,true,true,,
symbolfit__seed520__clean__g0527,symbolfit,g0527,520,clean,0,ok,3606.513,true,true,true,true,,
symbolfit__seed520__clean__g0528,symbolfit,g0528,520,clean,0,ok,3612.709,true,true,true,true,,
symbolfit__seed520__clean__g0529,symbolfit,g0529,520,clean,0,ok,3612.808,true,true,true,true,,
symbolfit__seed520__clean__g0530,symbolfit,g0530,520,clean,0,ok,3607.139,true,true,true,true,,
symbolfit__seed520__clean__g0531,symbolfit,g0531,520,clean,0,ok,3607.336,true,true,true,true,,
symbolfit__seed520__clean__g0532,symbolfit,g0532,520,clean,0,ok,3606.919,true,true,true,true,,
symbolfit__seed520__clean__g0533,symbolfit,g0533,520,clean,0,ok,3608.369,true,true,true,true,,
symbolfit__seed520__clean__g0534,symbolfit,g0534,520,clean,0,ok,3608.047,true,true,true,true,,
symbolfit__seed520__clean__g0535,symbolfit,g0535,520,clean,0,ok,3607.751,true,true,true,true,,
symbolfit__seed520__clean__g0536,symbolfit,g0536,520,clean,0,ok,3607.604,true,true,true,true,,
symbolfit__seed520__clean__g0537,symbolfit,g0537,520,clean,0,ok,3613.888,true,true,true,true,,
symbolfit__seed520__clean__g0538,symbolfit,g0538,520,clean,0,ok,3631.354,true,true,true,true,,
symbolfit__seed520__clean__g0539,symbolfit,g0539,520,clean,0,ok,3607.010,true,true,true,true,,
symbolfit__seed520__clean__g0540,symbolfit,g0540,520,clean,0,ok,3606.713,true,true,true,true,,
symbolfit__seed520__clean__g0541,symbolfit,g0541,520,clean,0,ok,3607.329,true,true,true,true,,
symbolfit__seed520__clean__g0542,symbolfit,g0542,520,clean,0,ok,3607.470,true,true,true,true,,
symbolfit__seed520__clean__g0543,symbolfit,g0543,520,clean,0,ok,3607.672,true,true,true,true,,
symbolfit__seed520__clean__g0544,symbolfit,g0544,520,clean,0,ok,3606.756,true,true,true,true,,
symbolfit__seed520__clean__g0545,symbolfit,g0545,520,clean,0,ok,3607.072,true,true,true,true,,
symbolfit__seed520__clean__g0546,symbolfit,g0546,520,clean,0,ok,3607.758,true,true,true,true,,
symbolfit__seed520__clean__g0547,symbolfit,g0547,520,clean,0,ok,3608.853,true,true,true,true,,
symbolfit__seed520__clean__g0548,symbolfit,g0548,520,clean,0,ok,3607.594,true,true,true,true,,
symbolfit__seed520__clean__g0549,symbolfit,g0549,520,clean,0,ok,3607.445,true,true,true,true,,
symbolfit__seed520__clean__g0550,symbolfit,g0550,520,clean,0,ok,3618.795,true,true,true,true,,
symbolfit__seed520__clean__g0551,symbolfit,g0551,520,clean,0,ok,3607.317,true,true,true,true,,
symbolfit__seed520__clean__g0552,symbolfit,g0552,520,clean,0,ok,3608.005,true,true,true,true,,
symbolfit__seed520__clean__g0553,symbolfit,g0553,520,clean,0,ok,3607.731,true,true,true,true,,
symbolfit__seed520__clean__g0554,symbolfit,g0554,520,clean,0,ok,3607.134,true,true,true,true,,
symbolfit__seed520__clean__g0555,symbolfit,g0555,520,clean,0,ok,3606.941,true,true,true,true,,
symbolfit__seed520__clean__g0556,symbolfit,g0556,520,clean,0,ok,3607.387,true,true,true,true,,
symbolfit__seed520__clean__g0557,symbolfit,g0557,520,clean,0,ok,3608.074,true,true,true,true,,
symbolfit__seed520__clean__g0558,symbolfit,g0558,520,clean,0,ok,3608.769,true,true,true,true,,
symbolfit__seed520__clean__g0559,symbolfit,g0559,520,clean,0,ok,3607.809,true,true,true,true,,
symbolfit__seed520__clean__g0560,symbolfit,g0560,520,clean,0,ok,3607.914,true,true,true,true,,
symbolfit__seed520__clean__g0561,symbolfit,g0561,520,clean,0,ok,3606.951,true,true,true,true,,
symbolfit__seed520__clean__g0562,symbolfit,g0562,520,clean,0,ok,3631.457,true,true,true,true,,
symbolfit__seed520__clean__g0563,symbolfit,g0563,520,clean,0,ok,3607.997,true,true,true,true,,
symbolfit__seed520__clean__g0564,symbolfit,g0564,520,clean,0,ok,3607.089,true,true,true,true,,
symbolfit__seed520__clean__g0565,symbolfit,g0565,520,clean,0,ok,3607.749,true,true,true,true,,
symbolfit__seed520__clean__g0566,symbolfit,g0566,520,clean,0,ok,3607.176,true,true,true,true,,
symbolfit__seed520__clean__g0567,symbolfit,g0567,520,clean,0,ok,3606.844,true,true,true,true,,
symbolfit__seed520__clean__g0568,symbolfit,g0568,520,clean,0,ok,3605.963,true,true,true,true,,
symbolfit__seed520__clean__g0569,symbolfit,g0569,520,clean,0,ok,3606.833,true,true,true,true,,
symbolfit__seed520__clean__g0570,symbolfit,g0570,520,clean,0,ok,3607.984,true,true,true,true,,
symbolfit__seed520__clean__g0571,symbolfit,g0571,520,clean,0,ok,3609.166,true,true,true,true,,
symbolfit__seed520__clean__g0572,symbolfit,g0572,520,clean,0,ok,3609.132,true,true,true,true,,
symbolfit__seed520__clean__g0573,symbolfit,g0573,520,clean,0,ok,3607.368,true,true,true,true,,
symbolfit__seed520__clean__g0574,symbolfit,g0574,520,clean,0,ok,3625.217,true,true,true,true,,
symbolfit__seed520__clean__g0575,symbolfit,g0575,520,clean,0,ok,3608.424,true,true,true,true,,
symbolfit__seed520__clean__g0576,symbolfit,g0576,520,clean,0,ok,3607.775,true,true,true,true,,
symbolfit__seed520__clean__g0577,symbolfit,g0577,520,clean,0,ok,3607.545,true,true,true,true,,
symbolfit__seed520__clean__g0578,symbolfit,g0578,520,clean,0,ok,3607.780,true,true,true,true,,
symbolfit__seed520__clean__g0579,symbolfit,g0579,520,clean,0,ok,3608.551,true,true,true,true,,
symbolfit__seed520__clean__g0580,symbolfit,g0580,520,clean,0,ok,3607.741,true,true,true,true,,
symbolfit__seed520__clean__g0581,symbolfit,g0581,520,clean,0,ok,3607.704,true,true,true,true,,
symbolfit__seed520__clean__g0582,symbolfit,g0582,520,clean,0,ok,3606.831,true,true,true,true,,
symbolfit__seed520__clean__g0583,symbolfit,g0583,520,clean,0,ok,3611.562,true,true,true,true,,
symbolfit__seed520__clean__g0584,symbolfit,g0584,520,clean,0,ok,3608.508,true,true,true,true,,
symbolfit__seed520__clean__g0585,symbolfit,g0585,520,clean,0,ok,3607.586,true,true,true,true,,
symbolfit__seed520__clean__g0586,symbolfit,g0586,520,clean,0,ok,3608.823,true,true,true,true,,
symbolfit__seed520__clean__g0587,symbolfit,g0587,520,clean,0,ok,3607.165,true,true,true,true,,
symbolfit__seed520__clean__g0588,symbolfit,g0588,520,clean,0,ok,3608.086,true,true,true,true,,
symbolfit__seed520__clean__g0589,symbolfit,g0589,520,clean,0,ok,3608.266,true,true,true,true,,
symbolfit__seed520__clean__g0590,symbolfit,g0590,520,clean,0,ok,3608.284,true,true,true,true,,
symbolfit__seed520__clean__g0591,symbolfit,g0591,520,clean,0,ok,3608.380,true,true,true,true,,
symbolfit__seed520__clean__g0592,symbolfit,g0592,520,clean,0,ok,3606.132,true,true,true,true,,
symbolfit__seed520__clean__g0593,symbolfit,g0593,520,clean,0,ok,3605.338,true,true,true,true,,
symbolfit__seed520__clean__g0594,symbolfit,g0594,520,clean,0,ok,3605.427,true,true,true,true,,
symbolfit__seed520__clean__g0595,symbolfit,g0595,520,clean,0,ok,3615.806,true,true,true,true,,
symbolfit__seed520__clean__g0596,symbolfit,g0596,520,clean,0,ok,3604.855,true,true,true,true,,
symbolfit__seed520__clean__g0597,symbolfit,g0597,520,clean,0,ok,3604.860,true,true,true,true,,
symbolfit__seed520__clean__g0598,symbolfit,g0598,520,clean,0,ok,3605.162,true,true,true,true,,
symbolfit__seed520__clean__g0599,symbolfit,g0599,520,clean,0,ok,3605.226,true,true,true,true,,
symbolfit__seed520__clean__g0600,symbolfit,g0600,520,clean,0,ok,3616.218,true,true,true,true,,
symbolfit__seed520__clean__g0601,symbolfit,g0601,520,clean,0,ok,3618.505,true,true,true,true,,
symbolfit__seed520__clean__g0602,symbolfit,g0602,520,clean,0,ok,3616.117,true,true,true,true,,
symbolfit__seed520__clean__g0603,symbolfit,g0603,520,clean,0,ok,3605.103,true,true,true,true,,
symbolfit__seed520__clean__g0604,symbolfit,g0604,520,clean,0,ok,3605.046,true,true,true,true,,
symbolfit__seed520__clean__g0605,symbolfit,g0605,520,clean,0,ok,3604.849,true,true,true,true,,
symbolfit__seed520__clean__g0606,symbolfit,g0606,520,clean,0,ok,3607.620,true,true,true,true,,
symbolfit__seed520__clean__g0607,symbolfit,g0607,520,clean,0,ok,3604.837,true,true,true,true,,
symbolfit__seed520__clean__g0608,symbolfit,g0608,520,clean,0,ok,3605.810,true,true,true,true,,
symbolfit__seed520__clean__g0609,symbolfit,g0609,520,clean,0,ok,3605.111,true,true,true,true,,
symbolfit__seed520__clean__g0610,symbolfit,g0610,520,clean,0,ok,3604.794,true,true,true,true,,
symbolfit__seed520__clean__g0611,symbolfit,g0611,520,clean,0,ok,3604.855,true,true,true,true,,
symbolfit__seed520__clean__g0612,symbolfit,g0612,520,clean,0,ok,3605.021,true,true,true,true,,
symbolfit__seed520__clean__g0613,symbolfit,g0613,520,clean,0,ok,3604.955,true,true,true,true,,
symbolfit__seed520__clean__g0614,symbolfit,g0614,520,clean,0,ok,3604.913,true,true,true,true,,
symbolfit__seed520__clean__g0615,symbolfit,g0615,520,clean,0,ok,3602.178,true,true,true,true,,
symbolfit__seed520__clean__g0616,symbolfit,g0616,520,clean,0,ok,3604.849,true,true,true,true,,
symbolfit__seed520__clean__g0617,symbolfit,g0617,520,clean,0,ok,3604.892,true,true,true,true,,
symbolfit__seed520__clean__g0618,symbolfit,g0618,520,clean,0,ok,3604.757,true,true,true,true,,
symbolfit__seed520__clean__g0619,symbolfit,g0619,520,clean,0,ok,3604.878,true,true,true,true,,
symbolfit__seed520__clean__g0620,symbolfit,g0620,520,clean,0,ok,3604.809,true,true,true,true,,
symbolfit__seed520__clean__g0621,symbolfit,g0621,520,clean,0,ok,3604.911,true,true,true,true,,
symbolfit__seed520__clean__g0622,symbolfit,g0622,520,clean,0,ok,3604.773,true,true,true,true,,
symbolfit__seed520__clean__g0623,symbolfit,g0623,520,clean,0,ok,3604.756,true,true,true,true,,
symbolfit__seed520__clean__g0624,symbolfit,g0624,520,clean,0,ok,3606.515,true,true,true,true,,
symbolfit__seed520__clean__g0625,symbolfit,g0625,520,clean,0,ok,3604.762,true,true,true,true,,
symbolfit__seed520__clean__g0626,symbolfit,g0626,520,clean,0,ok,3604.884,true,true,true,true,,
symbolfit__seed520__clean__g0627,symbolfit,g0627,520,clean,0,ok,3604.846,true,true,true,true,,
symbolfit__seed520__clean__g0628,symbolfit,g0628,520,clean,0,ok,3604.699,true,true,true,true,,
symbolfit__seed520__clean__g0629,symbolfit,g0629,520,clean,0,ok,3604.778,true,true,true,true,,
symbolfit__seed520__clean__g0630,symbolfit,g0630,520,clean,0,ok,3604.784,true,true,true,true,,
symbolfit__seed520__clean__g0631,symbolfit,g0631,520,clean,0,ok,3604.774,true,true,true,true,,
symbolfit__seed520__clean__g0632,symbolfit,g0632,520,clean,0,ok,3604.866,true,true,true,true,,
symbolfit__seed520__clean__g0633,symbolfit,g0633,520,clean,0,ok,3604.889,true,true,true,true,,
symbolfit__seed520__clean__g0634,symbolfit,g0634,520,clean,0,ok,3603.769,true,true,true,true,,
symbolfit__seed520__clean__g0635,symbolfit,g0635,520,clean,0,ok,3604.883,true,true,true,true,,
symbolfit__seed520__clean__g0636,symbolfit,g0636,520,clean,0,ok,3604.847,true,true,true,true,,
symbolfit__seed520__clean__g0637,symbolfit,g0637,520,clean,0,ok,3604.815,true,true,true,true,,
symbolfit__seed520__clean__g0638,symbolfit,g0638,520,clean,0,ok,3604.775,true,true,true,true,,
symbolfit__seed520__clean__g0639,symbolfit,g0639,520,clean,0,ok,3606.676,true,true,true,true,,
symbolfit__seed520__clean__g0640,symbolfit,g0640,520,clean,0,ok,3605.068,true,true,true,true,,
symbolfit__seed520__clean__g0641,symbolfit,g0641,520,clean,0,ok,3604.961,true,true,true,true,,
symbolfit__seed520__clean__g0642,symbolfit,g0642,520,clean,0,ok,3604.742,true,true,true,true,,
symbolfit__seed520__clean__g0643,symbolfit,g0643,520,clean,0,ok,3604.962,true,true,true,true,,
symbolfit__seed520__clean__g0644,symbolfit,g0644,520,clean,0,ok,3604.779,true,true,true,true,,
symbolfit__seed520__clean__g0645,symbolfit,g0645,520,clean,0,ok,3608.393,true,true,true,true,,
symbolfit__seed520__clean__g0646,symbolfit,g0646,520,clean,0,ok,3604.781,true,true,true,true,,
symbolfit__seed520__clean__g0647,symbolfit,g0647,520,clean,0,ok,3605.209,true,true,true,true,,
symbolfit__seed520__clean__g0648,symbolfit,g0648,520,clean,0,ok,3604.789,true,true,true,true,,
symbolfit__seed520__clean__g0649,symbolfit,g0649,520,clean,0,ok,3604.801,true,true,true,true,,
symbolfit__seed520__clean__g0650,symbolfit,g0650,520,clean,0,ok,3604.853,true,true,true,true,,
symbolfit__seed520__clean__g0651,symbolfit,g0651,520,clean,0,ok,3604.881,true,true,true,true,,
symbolfit__seed520__clean__g0652,symbolfit,g0652,520,clean,0,ok,3604.910,true,true,true,true,,
symbolfit__seed520__clean__g0653,symbolfit,g0653,520,clean,0,ok,3604.855,true,true,true,true,,
symbolfit__seed520__clean__g0654,symbolfit,g0654,520,clean,0,ok,3604.739,true,true,true,true,,
symbolfit__seed520__clean__g0655,symbolfit,g0655,520,clean,0,ok,3604.765,true,true,true,true,,
symbolfit__seed520__clean__g0656,symbolfit,g0656,520,clean,0,ok,3604.769,true,true,true,true,,
symbolfit__seed520__clean__g0657,symbolfit,g0657,520,clean,0,ok,3605.017,true,true,true,true,,
symbolfit__seed520__clean__g0658,symbolfit,g0658,520,clean,0,ok,3604.770,true,true,true,true,,
symbolfit__seed520__clean__g0659,symbolfit,g0659,520,clean,0,ok,3604.933,true,true,true,true,,
symbolfit__seed520__clean__g0660,symbolfit,g0660,520,clean,0,ok,3604.845,true,true,true,true,,
symbolfit__seed520__clean__g0661,symbolfit,g0661,520,clean,0,ok,3604.821,true,true,true,true,,
symbolfit__seed520__clean__g0662,symbolfit,g0662,520,clean,0,ok,3604.808,true,true,true,true,,
symbolfit__seed520__clean__g0663,symbolfit,g0663,520,clean,0,ok,3604.802,true,true,true,true,,
symbolfit__seed520__clean__g0664,symbolfit,g0664,520,clean,0,ok,3605.018,true,true,true,true,,
symbolfit__seed521__clean__g0001,symbolfit,g0001,521,clean,0,ok,3604.969,true,true,true,true,,
symbolfit__seed521__clean__g0002,symbolfit,g0002,521,clean,0,ok,3604.953,true,true,true,true,,
symbolfit__seed521__clean__g0003,symbolfit,g0003,521,clean,0,ok,3605.011,true,true,true,true,,
symbolfit__seed521__clean__g0004,symbolfit,g0004,521,clean,0,ok,3605.144,true,true,true,true,,
symbolfit__seed521__clean__g0005,symbolfit,g0005,521,clean,0,ok,3604.882,true,true,true,true,,
symbolfit__seed521__clean__g0006,symbolfit,g0006,521,clean,0,ok,3604.936,true,true,true,true,,
symbolfit__seed521__clean__g0007,symbolfit,g0007,521,clean,0,ok,3605.052,true,true,true,true,,
symbolfit__seed521__clean__g0008,symbolfit,g0008,521,clean,0,ok,3604.985,true,true,true,true,,
symbolfit__seed521__clean__g0009,symbolfit,g0009,521,clean,0,ok,3604.990,true,true,true,true,,
symbolfit__seed521__clean__g0010,symbolfit,g0010,521,clean,0,ok,3604.943,true,true,true,true,,
symbolfit__seed521__clean__g0011,symbolfit,g0011,521,clean,0,ok,3606.948,true,true,true,true,,
symbolfit__seed521__clean__g0012,symbolfit,g0012,521,clean,0,ok,3604.979,true,true,true,true,,
symbolfit__seed521__clean__g0013,symbolfit,g0013,521,clean,0,ok,3604.958,true,true,true,true,,
symbolfit__seed521__clean__g0014,symbolfit,g0014,521,clean,0,ok,3605.064,true,true,true,true,,
symbolfit__seed521__clean__g0015,symbolfit,g0015,521,clean,0,ok,3605.072,true,true,true,true,,
symbolfit__seed521__clean__g0016,symbolfit,g0016,521,clean,0,ok,3604.957,true,true,true,true,,
symbolfit__seed521__clean__g0017,symbolfit,g0017,521,clean,0,ok,3606.201,true,true,true,true,,
symbolfit__seed521__clean__g0018,symbolfit,g0018,521,clean,0,ok,3604.968,true,true,true,true,,
symbolfit__seed521__clean__g0019,symbolfit,g0019,521,clean,0,ok,3604.871,true,true,true,true,,
symbolfit__seed521__clean__g0020,symbolfit,g0020,521,clean,0,ok,3606.183,true,true,true,true,,
symbolfit__seed521__clean__g0021,symbolfit,g0021,521,clean,0,ok,3605.047,true,true,true,true,,
symbolfit__seed521__clean__g0022,symbolfit,g0022,521,clean,0,ok,3609.786,true,true,true,true,,
symbolfit__seed521__clean__g0023,symbolfit,g0023,521,clean,0,ok,3604.926,true,true,true,true,,
symbolfit__seed521__clean__g0024,symbolfit,g0024,521,clean,0,ok,3610.309,true,true,true,true,,
symbolfit__seed521__clean__g0025,symbolfit,g0025,521,clean,0,ok,3605.123,true,true,true,true,,
symbolfit__seed521__clean__g0026,symbolfit,g0026,521,clean,0,ok,3610.621,true,true,true,true,,
symbolfit__seed521__clean__g0027,symbolfit,g0027,521,clean,0,ok,3606.685,true,true,true,true,,
symbolfit__seed521__clean__g0028,symbolfit,g0028,521,clean,0,ok,3604.946,true,true,true,true,,
symbolfit__seed521__clean__g0029,symbolfit,g0029,521,clean,0,ok,3605.030,true,true,true,true,,
symbolfit__seed521__clean__g0030,symbolfit,g0030,521,clean,0,ok,3604.876,true,true,true,true,,
symbolfit__seed521__clean__g0031,symbolfit,g0031,521,clean,0,ok,3604.882,true,true,true,true,,
symbolfit__seed521__clean__g0032,symbolfit,g0032,521,clean,0,ok,3611.030,true,true,true,true,,
symbolfit__seed521__clean__g0033,symbolfit,g0033,521,clean,0,ok,3605.159,true,true,true,true,,
symbolfit__seed521__clean__g0034,symbolfit,g0034,521,clean,0,ok,3604.943,true,true,true,true,,
symbolfit__seed521__clean__g0035,symbolfit,g0035,521,clean,0,ok,3605.255,true,true,true,true,,
symbolfit__seed521__clean__g0036,symbolfit,g0036,521,clean,0,ok,3604.896,true,true,true,true,,
symbolfit__seed521__clean__g0037,symbolfit,g0037,521,clean,0,ok,3605.061,true,true,true,true,,
symbolfit__seed521__clean__g0038,symbolfit,g0038,521,clean,0,ok,3604.968,true,true,true,true,,
symbolfit__seed521__clean__g0039,symbolfit,g0039,521,clean,0,ok,3615.119,true,true,true,true,,
symbolfit__seed521__clean__g0040,symbolfit,g0040,521,clean,0,ok,3605.129,true,true,true,true,,
symbolfit__seed521__clean__g0041,symbolfit,g0041,521,clean,0,ok,3604.860,true,true,true,true,,
symbolfit__seed521__clean__g0042,symbolfit,g0042,521,clean,0,ok,3605.448,true,true,true,true,,
symbolfit__seed521__clean__g0043,symbolfit,g0043,521,clean,0,ok,3604.919,true,true,true,true,,
symbolfit__seed521__clean__g0044,symbolfit,g0044,521,clean,0,ok,3605.226,true,true,true,true,,
symbolfit__seed521__clean__g0045,symbolfit,g0045,521,clean,0,ok,3605.135,true,true,true,true,,
symbolfit__seed521__clean__g0046,symbolfit,g0046,521,clean,0,ok,3605.028,true,true,true,true,,
symbolfit__seed521__clean__g0047,symbolfit,g0047,521,clean,0,ok,3605.092,true,true,true,true,,
symbolfit__seed521__clean__g0048,symbolfit,g0048,521,clean,0,ok,3604.997,true,true,true,true,,
symbolfit__seed521__clean__g0049,symbolfit,g0049,521,clean,0,ok,3617.040,true,true,true,true,,
symbolfit__seed521__clean__g0050,symbolfit,g0050,521,clean,0,ok,3605.046,true,true,true,true,,
symbolfit__seed521__clean__g0051,symbolfit,g0051,521,clean,0,ok,3605.200,true,true,true,true,,
symbolfit__seed521__clean__g0052,symbolfit,g0052,521,clean,0,ok,3604.954,true,true,true,true,,
symbolfit__seed521__clean__g0053,symbolfit,g0053,521,clean,0,ok,3605.116,true,true,true,true,,
symbolfit__seed521__clean__g0054,symbolfit,g0054,521,clean,0,ok,3605.232,true,true,true,true,,
symbolfit__seed521__clean__g0055,symbolfit,g0055,521,clean,0,ok,3609.843,true,true,true,true,,
symbolfit__seed521__clean__g0056,symbolfit,g0056,521,clean,0,ok,3605.183,true,true,true,true,,
symbolfit__seed521__clean__g0057,symbolfit,g0057,521,clean,0,ok,3605.174,true,true,true,true,,
symbolfit__seed521__clean__g0058,symbolfit,g0058,521,clean,0,ok,3605.185,true,true,true,true,,
symbolfit__seed521__clean__g0059,symbolfit,g0059,521,clean,0,ok,3605.515,true,true,true,true,,
symbolfit__seed521__clean__g0060,symbolfit,g0060,521,clean,0,ok,3604.980,true,true,true,true,,
symbolfit__seed521__clean__g0061,symbolfit,g0061,521,clean,0,ok,3606.554,true,true,true,true,,
symbolfit__seed521__clean__g0062,symbolfit,g0062,521,clean,0,ok,3609.141,true,true,true,true,,
symbolfit__seed521__clean__g0063,symbolfit,g0063,521,clean,0,ok,3609.027,true,true,true,true,,
symbolfit__seed521__clean__g0064,symbolfit,g0064,521,clean,0,ok,3609.140,true,true,true,true,,
symbolfit__seed521__clean__g0065,symbolfit,g0065,521,clean,0,ok,3609.421,true,true,true,true,,
symbolfit__seed521__clean__g0066,symbolfit,g0066,521,clean,0,ok,3608.678,true,true,true,true,,
symbolfit__seed521__clean__g0067,symbolfit,g0067,521,clean,0,ok,3609.026,true,true,true,true,,
symbolfit__seed521__clean__g0068,symbolfit,g0068,521,clean,0,ok,3607.911,true,true,true,true,,
symbolfit__seed521__clean__g0069,symbolfit,g0069,521,clean,0,ok,3607.674,true,true,true,true,,
symbolfit__seed521__clean__g0070,symbolfit,g0070,521,clean,0,ok,3613.521,true,true,true,true,,
symbolfit__seed521__clean__g0071,symbolfit,g0071,521,clean,0,ok,3607.153,true,true,true,true,,
symbolfit__seed521__clean__g0072,symbolfit,g0072,521,clean,0,ok,3607.786,true,true,true,true,,
symbolfit__seed521__clean__g0073,symbolfit,g0073,521,clean,0,ok,3614.498,true,true,true,true,,
symbolfit__seed521__clean__g0074,symbolfit,g0074,521,clean,0,ok,3607.537,true,true,true,true,,
symbolfit__seed521__clean__g0075,symbolfit,g0075,521,clean,0,ok,3608.959,true,true,true,true,,
symbolfit__seed521__clean__g0076,symbolfit,g0076,521,clean,0,ok,3607.980,true,true,true,true,,
symbolfit__seed521__clean__g0077,symbolfit,g0077,521,clean,0,ok,3607.483,true,true,true,true,,
symbolfit__seed521__clean__g0078,symbolfit,g0078,521,clean,0,ok,3607.076,true,true,true,true,,
symbolfit__seed521__clean__g0079,symbolfit,g0079,521,clean,0,ok,3609.635,true,true,true,true,,
symbolfit__seed521__clean__g0080,symbolfit,g0080,521,clean,0,ok,3607.556,true,true,true,true,,
symbolfit__seed521__clean__g0081,symbolfit,g0081,521,clean,0,ok,3609.340,true,true,true,true,,
symbolfit__seed521__clean__g0082,symbolfit,g0082,521,clean,0,ok,3608.585,true,true,true,true,,
symbolfit__seed521__clean__g0083,symbolfit,g0083,521,clean,0,ok,3608.680,true,true,true,true,,
symbolfit__seed521__clean__g0084,symbolfit,g0084,521,clean,0,ok,3609.086,true,true,true,true,,
symbolfit__seed521__clean__g0085,symbolfit,g0085,521,clean,0,ok,3607.560,true,true,true,true,,
symbolfit__seed521__clean__g0086,symbolfit,g0086,521,clean,0,ok,3611.257,true,true,true,true,,
symbolfit__seed521__clean__g0087,symbolfit,g0087,521,clean,0,ok,3607.534,true,true,true,true,,
symbolfit__seed521__clean__g0088,symbolfit,g0088,521,clean,0,ok,3607.562,true,true,true,true,,
symbolfit__seed521__clean__g0089,symbolfit,g0089,521,clean,0,ok,3617.916,true,true,true,true,,
symbolfit__seed521__clean__g0090,symbolfit,g0090,521,clean,0,ok,3605.734,true,true,true,true,,
symbolfit__seed521__clean__g0091,symbolfit,g0091,521,clean,0,ok,3608.800,true,true,true,true,,
symbolfit__seed521__clean__g0092,symbolfit,g0092,521,clean,0,ok,3609.021,true,true,true,true,,
symbolfit__seed521__clean__g0093,symbolfit,g0093,521,clean,0,ok,3607.840,true,true,true,true,,
symbolfit__seed521__clean__g0094,symbolfit,g0094,521,clean,0,ok,3608.405,true,true,true,true,,
symbolfit__seed521__clean__g0095,symbolfit,g0095,521,clean,0,ok,3639.240,true,true,true,true,,
symbolfit__seed521__clean__g0096,symbolfit,g0096,521,clean,0,ok,3606.614,true,true,true,true,,
symbolfit__seed521__clean__g0097,symbolfit,g0097,521,clean,0,ok,3608.055,true,true,true,true,,
symbolfit__seed521__clean__g0098,symbolfit,g0098,521,clean,0,ok,3612.823,true,true,true,true,,
symbolfit__seed521__clean__g0099,symbolfit,g0099,521,clean,0,ok,3616.398,true,true,true,true,,
symbolfit__seed521__clean__g0100,symbolfit,g0100,521,clean,0,ok,3608.925,true,true,true,true,,
symbolfit__seed521__clean__g0101,symbolfit,g0101,521,clean,0,ok,3609.022,true,true,true,true,,
symbolfit__seed521__clean__g0102,symbolfit,g0102,521,clean,0,ok,3609.118,true,true,true,true,,
symbolfit__seed521__clean__g0103,symbolfit,g0103,521,clean,0,ok,3608.525,true,true,true,true,,
symbolfit__seed521__clean__g0104,symbolfit,g0104,521,clean,0,ok,3608.218,true,true,true,true,,
symbolfit__seed521__clean__g0105,symbolfit,g0105,521,clean,0,ok,3607.647,true,true,true,true,,
symbolfit__seed521__clean__g0106,symbolfit,g0106,521,clean,0,ok,3613.102,true,true,true,true,,
symbolfit__seed521__clean__g0107,symbolfit,g0107,521,clean,0,ok,3607.321,true,true,true,true,,
symbolfit__seed521__clean__g0108,symbolfit,g0108,521,clean,0,ok,3608.357,true,true,true,true,,
symbolfit__seed521__clean__g0109,symbolfit,g0109,521,clean,0,ok,3608.074,true,true,true,true,,
symbolfit__seed521__clean__g0110,symbolfit,g0110,521,clean,0,ok,3608.808,true,true,true,true,,
symbolfit__seed521__clean__g0111,symbolfit,g0111,521,clean,0,ok,3625.210,true,true,true,true,,
symbolfit__seed521__clean__g0112,symbolfit,g0112,521,clean,0,ok,3606.336,true,true,true,true,,
symbolfit__seed521__clean__g0113,symbolfit,g0113,521,clean,0,ok,3607.338,true,true,true,true,,
symbolfit__seed521__clean__g0114,symbolfit,g0114,521,clean,0,ok,3607.597,true,true,true,true,,
symbolfit__seed521__clean__g0115,symbolfit,g0115,521,clean,0,ok,3607.903,true,true,true,true,,
symbolfit__seed521__clean__g0116,symbolfit,g0116,521,clean,0,ok,3607.581,true,true,true,true,,
symbolfit__seed521__clean__g0117,symbolfit,g0117,521,clean,0,ok,3609.200,true,true,true,true,,
symbolfit__seed521__clean__g0118,symbolfit,g0118,521,clean,0,ok,3636.471,true,true,true,true,,
symbolfit__seed521__clean__g0119,symbolfit,g0119,521,clean,0,ok,3635.371,true,true,true,true,,
symbolfit__seed521__clean__g0120,symbolfit,g0120,521,clean,0,ok,3607.556,true,true,true,true,,
symbolfit__seed521__clean__g0121,symbolfit,g0121,521,clean,0,ok,3606.300,true,true,true,true,,
symbolfit__seed521__clean__g0122,symbolfit,g0122,521,clean,0,ok,3607.485,true,true,true,true,,
symbolfit__seed521__clean__g0123,symbolfit,g0123,521,clean,0,ok,3606.839,true,true,true,true,,
symbolfit__seed521__clean__g0124,symbolfit,g0124,521,clean,0,ok,3606.657,true,true,true,true,,
symbolfit__seed521__clean__g0125,symbolfit,g0125,521,clean,0,ok,3607.662,true,true,true,true,,
symbolfit__seed521__clean__g0126,symbolfit,g0126,521,clean,0,ok,3608.692,true,true,true,true,,
symbolfit__seed521__clean__g0127,symbolfit,g0127,521,clean,0,ok,3608.406,true,true,true,true,,
symbolfit__seed521__clean__g0128,symbolfit,g0128,521,clean,0,ok,3620.389,true,true,true,true,,
symbolfit__seed521__clean__g0129,symbolfit,g0129,521,clean,0,ok,3615.207,true,true,true,true,,
symbolfit__seed521__clean__g0130,symbolfit,g0130,521,clean,0,ok,3607.742,true,true,true,true,,
symbolfit__seed521__clean__g0131,symbolfit,g0131,521,clean,0,ok,3608.404,true,true,true,true,,
symbolfit__seed521__clean__g0132,symbolfit,g0132,521,clean,0,ok,3607.269,true,true,true,true,,
symbolfit__seed521__clean__g0133,symbolfit,g0133,521,clean,0,ok,3607.119,true,true,true,true,,
symbolfit__seed521__clean__g0134,symbolfit,g0134,521,clean,0,ok,3635.348,true,true,true,true,,
symbolfit__seed521__clean__g0135,symbolfit,g0135,521,clean,0,ok,3606.008,true,true,true,true,,
symbolfit__seed521__clean__g0136,symbolfit,g0136,521,clean,0,ok,3610.119,true,true,true,true,,
symbolfit__seed521__clean__g0137,symbolfit,g0137,521,clean,0,ok,3610.066,true,true,true,true,,
symbolfit__seed521__clean__g0138,symbolfit,g0138,521,clean,0,ok,3609.681,true,true,true,true,,
symbolfit__seed521__clean__g0139,symbolfit,g0139,521,clean,0,ok,3609.248,true,true,true,true,,
symbolfit__seed521__clean__g0140,symbolfit,g0140,521,clean,0,ok,3609.883,true,true,true,true,,
symbolfit__seed521__clean__g0141,symbolfit,g0141,521,clean,0,ok,3609.700,true,true,true,true,,
symbolfit__seed521__clean__g0142,symbolfit,g0142,521,clean,0,ok,3607.653,true,true,true,true,,
symbolfit__seed521__clean__g0143,symbolfit,g0143,521,clean,0,ok,3607.693,true,true,true,true,,
symbolfit__seed521__clean__g0144,symbolfit,g0144,521,clean,0,ok,3607.463,true,true,true,true,,
symbolfit__seed521__clean__g0145,symbolfit,g0145,521,clean,0,ok,3616.105,true,true,true,true,,
symbolfit__seed521__clean__g0146,symbolfit,g0146,521,clean,0,ok,3608.613,true,true,true,true,,
symbolfit__seed521__clean__g0147,symbolfit,g0147,521,clean,0,ok,3609.375,true,true,true,true,,
symbolfit__seed521__clean__g0148,symbolfit,g0148,521,clean,0,ok,3609.125,true,true,true,true,,
symbolfit__seed521__clean__g0149,symbolfit,g0149,521,clean,0,ok,3608.651,true,true,true,true,,
symbolfit__seed521__clean__g0150,symbolfit,g0150,521,clean,0,ok,3607.625,true,true,true,true,,
symbolfit__seed521__clean__g0151,symbolfit,g0151,521,clean,0,ok,3606.714,true,true,true,true,,
symbolfit__seed521__clean__g0152,symbolfit,g0152,521,clean,0,ok,3606.993,true,true,true,true,,
symbolfit__seed521__clean__g0153,symbolfit,g0153,521,clean,0,ok,3607.366,true,true,true,true,,
symbolfit__seed521__clean__g0154,symbolfit,g0154,521,clean,0,ok,3607.195,true,true,true,true,,
symbolfit__seed521__clean__g0155,symbolfit,g0155,521,clean,0,ok,3607.031,true,true,true,true,,
symbolfit__seed521__clean__g0156,symbolfit,g0156,521,clean,0,ok,3635.033,true,true,true,true,,
symbolfit__seed521__clean__g0157,symbolfit,g0157,521,clean,0,ok,3607.979,true,true,true,true,,
symbolfit__seed521__clean__g0158,symbolfit,g0158,521,clean,0,ok,3608.181,true,true,true,true,,
symbolfit__seed521__clean__g0159,symbolfit,g0159,521,clean,0,ok,3607.683,true,true,true,true,,
symbolfit__seed521__clean__g0160,symbolfit,g0160,521,clean,0,ok,3607.027,true,true,true,true,,
symbolfit__seed521__clean__g0161,symbolfit,g0161,521,clean,0,ok,3607.639,true,true,true,true,,
symbolfit__seed521__clean__g0162,symbolfit,g0162,521,clean,0,ok,3607.503,true,true,true,true,,
symbolfit__seed521__clean__g0163,symbolfit,g0163,521,clean,0,ok,3639.720,true,true,true,true,,
symbolfit__seed521__clean__g0164,symbolfit,g0164,521,clean,0,ok,3608.164,true,true,true,true,,
symbolfit__seed521__clean__g0165,symbolfit,g0165,521,clean,0,ok,3608.652,true,true,true,true,,
symbolfit__seed521__clean__g0166,symbolfit,g0166,521,clean,0,ok,3608.085,true,true,true,true,,
symbolfit__seed521__clean__g0167,symbolfit,g0167,521,clean,0,ok,3608.002,true,true,true,true,,
symbolfit__seed521__clean__g0168,symbolfit,g0168,521,clean,0,ok,3608.055,true,true,true,true,,
symbolfit__seed521__clean__g0169,symbolfit,g0169,521,clean,0,ok,3616.990,true,true,true,true,,
symbolfit__seed521__clean__g0170,symbolfit,g0170,521,clean,0,ok,3615.914,true,true,true,true,,
symbolfit__seed521__clean__g0171,symbolfit,g0171,521,clean,0,ok,3608.379,true,true,true,true,,
symbolfit__seed521__clean__g0172,symbolfit,g0172,521,clean,0,ok,3605.022,true,true,true,true,,
symbolfit__seed521__clean__g0173,symbolfit,g0173,521,clean,0,ok,3605.105,true,true,true,true,,
symbolfit__seed521__clean__g0174,symbolfit,g0174,521,clean,0,ok,3605.471,true,true,true,true,,
symbolfit__seed521__clean__g0175,symbolfit,g0175,521,clean,0,ok,3605.005,true,true,true,true,,
symbolfit__seed521__clean__g0176,symbolfit,g0176,521,clean,0,ok,3605.182,true,true,true,true,,
symbolfit__seed521__clean__g0177,symbolfit,g0177,521,clean,0,ok,3605.252,true,true,true,true,,
symbolfit__seed521__clean__g0178,symbolfit,g0178,521,clean,0,ok,3605.177,true,true,true,true,,
symbolfit__seed521__clean__g0179,symbolfit,g0179,521,clean,0,ok,3615.900,true,true,true,true,,
symbolfit__seed521__clean__g0180,symbolfit,g0180,521,clean,0,ok,3605.197,true,true,true,true,,
symbolfit__seed521__clean__g0181,symbolfit,g0181,521,clean,0,ok,3605.390,true,true,true,true,,
symbolfit__seed521__clean__g0182,symbolfit,g0182,521,clean,0,ok,3605.283,true,true,true,true,,
symbolfit__seed521__clean__g0183,symbolfit,g0183,521,clean,0,ok,3605.150,true,true,true,true,,
symbolfit__seed521__clean__g0184,symbolfit,g0184,521,clean,0,ok,3605.196,true,true,true,true,,
symbolfit__seed521__clean__g0185,symbolfit,g0185,521,clean,0,ok,3605.092,true,true,true,true,,
symbolfit__seed521__clean__g0186,symbolfit,g0186,521,clean,0,ok,3604.966,true,true,true,true,,
symbolfit__seed521__clean__g0187,symbolfit,g0187,521,clean,0,ok,3605.291,true,true,true,true,,
symbolfit__seed521__clean__g0188,symbolfit,g0188,521,clean,0,ok,3619.808,true,true,true,true,,
symbolfit__seed521__clean__g0189,symbolfit,g0189,521,clean,0,ok,3622.771,true,true,true,true,,
symbolfit__seed521__clean__g0190,symbolfit,g0190,521,clean,0,ok,3605.159,true,true,true,true,,
symbolfit__seed521__clean__g0191,symbolfit,g0191,521,clean,0,ok,3605.271,true,true,true,true,,
symbolfit__seed521__clean__g0192,symbolfit,g0192,521,clean,0,ok,3605.023,true,true,true,true,,
symbolfit__seed521__clean__g0193,symbolfit,g0193,521,clean,0,ok,3605.041,true,true,true,true,,
symbolfit__seed521__clean__g0194,symbolfit,g0194,521,clean,0,ok,3613.092,true,true,true,true,,
symbolfit__seed521__clean__g0195,symbolfit,g0195,521,clean,0,ok,3611.159,true,true,true,true,,
symbolfit__seed521__clean__g0196,symbolfit,g0196,521,clean,0,ok,3604.999,true,true,true,true,,
symbolfit__seed521__clean__g0197,symbolfit,g0197,521,clean,0,ok,3605.221,true,true,true,true,,
symbolfit__seed521__clean__g0198,symbolfit,g0198,521,clean,0,ok,3605.128,true,true,true,true,,
symbolfit__seed521__clean__g0199,symbolfit,g0199,521,clean,0,ok,3607.491,true,true,true,true,,
symbolfit__seed521__clean__g0200,symbolfit,g0200,521,clean,0,ok,3605.124,true,true,true,true,,
symbolfit__seed521__clean__g0201,symbolfit,g0201,521,clean,0,ok,3605.214,true,true,true,true,,
symbolfit__seed521__clean__g0202,symbolfit,g0202,521,clean,0,ok,3605.209,true,true,true,true,,
symbolfit__seed521__clean__g0203,symbolfit,g0203,521,clean,0,ok,3609.924,true,true,true,true,,
symbolfit__seed521__clean__g0204,symbolfit,g0204,521,clean,0,ok,3605.078,true,true,true,true,,
symbolfit__seed521__clean__g0205,symbolfit,g0205,521,clean,0,ok,3605.088,true,true,true,true,,
symbolfit__seed521__clean__g0206,symbolfit,g0206,521,clean,0,ok,3605.082,true,true,true,true,,
symbolfit__seed521__clean__g0207,symbolfit,g0207,521,clean,0,ok,3605.300,true,true,true,true,,
symbolfit__seed521__clean__g0208,symbolfit,g0208,521,clean,0,ok,3615.243,true,true,true,true,,
symbolfit__seed521__clean__g0209,symbolfit,g0209,521,clean,0,ok,3605.137,true,true,true,true,,
symbolfit__seed521__clean__g0210,symbolfit,g0210,521,clean,0,ok,3605.406,true,true,true,true,,
symbolfit__seed521__clean__g0211,symbolfit,g0211,521,clean,0,ok,3605.095,true,true,true,true,,
symbolfit__seed521__clean__g0212,symbolfit,g0212,521,clean,0,ok,3614.419,true,true,true,true,,
symbolfit__seed521__clean__g0213,symbolfit,g0213,521,clean,0,ok,3605.085,true,true,true,true,,
symbolfit__seed521__clean__g0214,symbolfit,g0214,521,clean,0,ok,3605.336,true,true,true,true,,
symbolfit__seed521__clean__g0215,symbolfit,g0215,521,clean,0,ok,3605.112,true,true,true,true,,
symbolfit__seed521__clean__g0216,symbolfit,g0216,521,clean,0,ok,3604.999,true,true,true,true,,
symbolfit__seed521__clean__g0217,symbolfit,g0217,521,clean,0,ok,3605.039,true,true,true,true,,
symbolfit__seed521__clean__g0218,symbolfit,g0218,521,clean,0,ok,3617.154,true,true,true,true,,
symbolfit__seed521__clean__g0219,symbolfit,g0219,521,clean,0,ok,3613.156,true,true,true,true,,
symbolfit__seed521__clean__g0220,symbolfit,g0220,521,clean,0,ok,3605.047,true,true,true,true,,
symbolfit__seed521__clean__g0221,symbolfit,g0221,521,clean,0,ok,3605.050,true,true,true,true,,
symbolfit__seed521__clean__g0222,symbolfit,g0222,521,clean,0,ok,3605.315,true,true,true,true,,
symbolfit__seed521__clean__g0223,symbolfit,g0223,521,clean,0,ok,3605.056,true,true,true,true,,
symbolfit__seed521__clean__g0224,symbolfit,g0224,521,clean,0,ok,3612.633,true,true,true,true,,
symbolfit__seed521__clean__g0225,symbolfit,g0225,521,clean,0,ok,3604.976,true,true,true,true,,
symbolfit__seed521__clean__g0226,symbolfit,g0226,521,clean,0,ok,3604.875,true,true,true,true,,
symbolfit__seed521__clean__g0227,symbolfit,g0227,521,clean,0,ok,3604.984,true,true,true,true,,
symbolfit__seed521__clean__g0228,symbolfit,g0228,521,clean,0,ok,3604.994,true,true,true,true,,
symbolfit__seed521__clean__g0229,symbolfit,g0229,521,clean,0,ok,3604.915,true,true,true,true,,
symbolfit__seed521__clean__g0230,symbolfit,g0230,521,clean,0,ok,3605.011,true,true,true,true,,
symbolfit__seed521__clean__g0231,symbolfit,g0231,521,clean,0,ok,3605.022,true,true,true,true,,
symbolfit__seed521__clean__g0232,symbolfit,g0232,521,clean,0,ok,3604.958,true,true,true,true,,
symbolfit__seed521__clean__g0233,symbolfit,g0233,521,clean,0,ok,3605.035,true,true,true,true,,
symbolfit__seed521__clean__g0234,symbolfit,g0234,521,clean,0,ok,3605.070,true,true,true,true,,
symbolfit__seed521__clean__g0235,symbolfit,g0235,521,clean,0,ok,3615.045,true,true,true,true,,
symbolfit__seed521__clean__g0236,symbolfit,g0236,521,clean,0,ok,3605.215,true,true,true,true,,
symbolfit__seed521__clean__g0237,symbolfit,g0237,521,clean,0,ok,3618.042,true,true,true,true,,
symbolfit__seed521__clean__g0238,symbolfit,g0238,521,clean,0,ok,3605.030,true,true,true,true,,
symbolfit__seed521__clean__g0239,symbolfit,g0239,521,clean,0,ok,3605.133,true,true,true,true,,
symbolfit__seed521__clean__g0240,symbolfit,g0240,521,clean,0,ok,3605.107,true,true,true,true,,
symbolfit__seed521__clean__g0241,symbolfit,g0241,521,clean,0,ok,3605.101,true,true,true,true,,
symbolfit__seed521__clean__g0242,symbolfit,g0242,521,clean,0,ok,3605.110,true,true,true,true,,
symbolfit__seed521__clean__g0243,symbolfit,g0243,521,clean,0,ok,3613.420,true,true,true,true,,
symbolfit__seed521__clean__g0244,symbolfit,g0244,521,clean,0,ok,3605.034,true,true,true,true,,
symbolfit__seed521__clean__g0245,symbolfit,g0245,521,clean,0,ok,3605.124,true,true,true,true,,
symbolfit__seed521__clean__g0246,symbolfit,g0246,521,clean,0,ok,3614.238,true,true,true,true,,
symbolfit__seed521__clean__g0247,symbolfit,g0247,521,clean,0,ok,3605.400,true,true,true,true,,
symbolfit__seed521__clean__g0248,symbolfit,g0248,521,clean,0,ok,3605.059,true,true,true,true,,
symbolfit__seed521__clean__g0249,symbolfit,g0249,521,clean,0,ok,3605.068,true,true,true,true,,
symbolfit__seed521__clean__g0250,symbolfit,g0250,521,clean,0,ok,3605.316,true,true,true,true,,
symbolfit__seed521__clean__g0251,symbolfit,g0251,521,clean,0,ok,3605.110,true,true,true,true,,
symbolfit__seed521__clean__g0252,symbolfit,g0252,521,clean,0,ok,3604.958,true,true,true,true,,
symbolfit__seed521__clean__g0253,symbolfit,g0253,521,clean,0,ok,3605.330,true,true,true,true,,
symbolfit__seed521__clean__g0254,symbolfit,g0254,521,clean,0,ok,3605.138,true,true,true,true,,
symbolfit__seed521__clean__g0255,symbolfit,g0255,521,clean,0,ok,3605.013,true,true,true,true,,
symbolfit__seed521__clean__g0256,symbolfit,g0256,521,clean,0,ok,3605.261,true,true,true,true,,
symbolfit__seed521__clean__g0257,symbolfit,g0257,521,clean,0,ok,3605.595,true,true,true,true,,
symbolfit__seed521__clean__g0258,symbolfit,g0258,521,clean,0,ok,3605.325,true,true,true,true,,
symbolfit__seed521__clean__g0259,symbolfit,g0259,521,clean,0,ok,3604.911,true,true,true,true,,
symbolfit__seed521__clean__g0260,symbolfit,g0260,521,clean,0,ok,3605.032,true,true,true,true,,
symbolfit__seed521__clean__g0261,symbolfit,g0261,521,clean,0,ok,3605.062,true,true,true,true,,
symbolfit__seed521__clean__g0262,symbolfit,g0262,521,clean,0,ok,3605.370,true,true,true,true,,
symbolfit__seed521__clean__g0263,symbolfit,g0263,521,clean,0,ok,3605.158,true,true,true,true,,
symbolfit__seed521__clean__g0264,symbolfit,g0264,521,clean,0,ok,3605.057,true,true,true,true,,
symbolfit__seed521__clean__g0265,symbolfit,g0265,521,clean,0,ok,3606.525,true,true,true,true,,
symbolfit__seed521__clean__g0266,symbolfit,g0266,521,clean,0,ok,3605.087,true,true,true,true,,
symbolfit__seed521__clean__g0267,symbolfit,g0267,521,clean,0,ok,3605.086,true,true,true,true,,
symbolfit__seed521__clean__g0268,symbolfit,g0268,521,clean,0,ok,3614.144,true,true,true,true,,
symbolfit__seed521__clean__g0269,symbolfit,g0269,521,clean,0,ok,3605.356,true,true,true,true,,
symbolfit__seed521__clean__g0270,symbolfit,g0270,521,clean,0,ok,3605.130,true,true,true,true,,
symbolfit__seed521__clean__g0271,symbolfit,g0271,521,clean,0,ok,3605.412,true,true,true,true,,
symbolfit__seed521__clean__g0272,symbolfit,g0272,521,clean,0,ok,3617.133,true,true,true,true,,
symbolfit__seed521__clean__g0273,symbolfit,g0273,521,clean,0,ok,3605.391,true,true,true,true,,
symbolfit__seed521__clean__g0274,symbolfit,g0274,521,clean,0,ok,3605.218,true,true,true,true,,
symbolfit__seed521__clean__g0275,symbolfit,g0275,521,clean,0,ok,3605.555,true,true,true,true,,
symbolfit__seed521__clean__g0276,symbolfit,g0276,521,clean,0,ok,3605.159,true,true,true,true,,
symbolfit__seed521__clean__g0277,symbolfit,g0277,521,clean,0,ok,3605.605,true,true,true,true,,
symbolfit__seed521__clean__g0278,symbolfit,g0278,521,clean,0,ok,3608.603,true,true,true,true,,
symbolfit__seed521__clean__g0279,symbolfit,g0279,521,clean,0,ok,3619.405,true,true,true,true,,
symbolfit__seed521__clean__g0280,symbolfit,g0280,521,clean,0,ok,3605.304,true,true,true,true,,
symbolfit__seed521__clean__g0281,symbolfit,g0281,521,clean,0,ok,3605.439,true,true,true,true,,
symbolfit__seed521__clean__g0282,symbolfit,g0282,521,clean,0,ok,3605.346,true,true,true,true,,
symbolfit__seed521__clean__g0283,symbolfit,g0283,521,clean,0,ok,3614.226,true,true,true,true,,
symbolfit__seed521__clean__g0284,symbolfit,g0284,521,clean,0,ok,3605.351,true,true,true,true,,
symbolfit__seed521__clean__g0285,symbolfit,g0285,521,clean,0,ok,3605.467,true,true,true,true,,
symbolfit__seed521__clean__g0286,symbolfit,g0286,521,clean,0,ok,3605.273,true,true,true,true,,
symbolfit__seed521__clean__g0287,symbolfit,g0287,521,clean,0,ok,3606.903,true,true,true,true,,
symbolfit__seed521__clean__g0288,symbolfit,g0288,521,clean,0,ok,3619.211,true,true,true,true,,
symbolfit__seed521__clean__g0289,symbolfit,g0289,521,clean,0,ok,3605.300,true,true,true,true,,
symbolfit__seed521__clean__g0290,symbolfit,g0290,521,clean,0,ok,3605.162,true,true,true,true,,
symbolfit__seed521__clean__g0291,symbolfit,g0291,521,clean,0,ok,3605.391,true,true,true,true,,
symbolfit__seed521__clean__g0292,symbolfit,g0292,521,clean,0,ok,3605.261,true,true,true,true,,
symbolfit__seed521__clean__g0293,symbolfit,g0293,521,clean,0,ok,3612.004,true,true,true,true,,
symbolfit__seed521__clean__g0294,symbolfit,g0294,521,clean,0,ok,3605.177,true,true,true,true,,
symbolfit__seed521__clean__g0295,symbolfit,g0295,521,clean,0,ok,3605.522,true,true,true,true,,
symbolfit__seed521__clean__g0296,symbolfit,g0296,521,clean,0,ok,3605.196,true,true,true,true,,
symbolfit__seed521__clean__g0297,symbolfit,g0297,521,clean,0,ok,3605.338,true,true,true,true,,
symbolfit__seed521__clean__g0298,symbolfit,g0298,521,clean,0,ok,3605.300,true,true,true,true,,
symbolfit__seed521__clean__g0299,symbolfit,g0299,521,clean,0,ok,3605.524,true,true,true,true,,
symbolfit__seed521__clean__g0300,symbolfit,g0300,521,clean,0,ok,3605.341,true,true,true,true,,
symbolfit__seed521__clean__g0301,symbolfit,g0301,521,clean,0,ok,3605.531,true,true,true,true,,
symbolfit__seed521__clean__g0302,symbolfit,g0302,521,clean,0,ok,3605.067,true,true,true,true,,
symbolfit__seed521__clean__g0303,symbolfit,g0303,521,clean,0,ok,3605.430,true,true,true,true,,
symbolfit__seed521__clean__g0304,symbolfit,g0304,521,clean,0,ok,3605.326,true,true,true,true,,
symbolfit__seed521__clean__g0305,symbolfit,g0305,521,clean,0,ok,3605.397,true,true,true,true,,
symbolfit__seed521__clean__g0306,symbolfit,g0306,521,clean,0,ok,3605.523,true,true,true,true,,
symbolfit__seed521__clean__g0307,symbolfit,g0307,521,clean,0,ok,3605.505,true,true,true,true,,
symbolfit__seed521__clean__g0308,symbolfit,g0308,521,clean,0,ok,3605.460,true,true,true,true,,
symbolfit__seed521__clean__g0309,symbolfit,g0309,521,clean,0,ok,3605.351,true,true,true,true,,
symbolfit__seed521__clean__g0310,symbolfit,g0310,521,clean,0,ok,3605.275,true,true,true,true,,
symbolfit__seed521__clean__g0311,symbolfit,g0311,521,clean,0,ok,3622.434,true,true,true,true,,
symbolfit__seed521__clean__g0312,symbolfit,g0312,521,clean,0,ok,3620.501,true,true,true,true,,
symbolfit__seed521__clean__g0313,symbolfit,g0313,521,clean,0,ok,3605.525,true,true,true,true,,
symbolfit__seed521__clean__g0314,symbolfit,g0314,521,clean,0,ok,3605.459,true,true,true,true,,
symbolfit__seed521__clean__g0315,symbolfit,g0315,521,clean,0,ok,3618.729,true,true,true,true,,
symbolfit__seed521__clean__g0316,symbolfit,g0316,521,clean,0,ok,3605.404,true,true,true,true,,
symbolfit__seed521__clean__g0317,symbolfit,g0317,521,clean,0,ok,3605.413,true,true,true,true,,
symbolfit__seed521__clean__g0318,symbolfit,g0318,521,clean,0,ok,3605.257,true,true,true,true,,
symbolfit__seed521__clean__g0319,symbolfit,g0319,521,clean,0,ok,3611.883,true,true,true,true,,
symbolfit__seed521__clean__g0320,symbolfit,g0320,521,clean,0,ok,3605.328,true,true,true,true,,
symbolfit__seed521__clean__g0321,symbolfit,g0321,521,clean,0,ok,3605.226,true,true,true,true,,
symbolfit__seed521__clean__g0322,symbolfit,g0322,521,clean,0,ok,3605.344,true,true,true,true,,
symbolfit__seed521__clean__g0323,symbolfit,g0323,521,clean,0,ok,3605.169,true,true,true,true,,
symbolfit__seed521__clean__g0324,symbolfit,g0324,521,clean,0,ok,3605.127,true,true,true,true,,
symbolfit__seed521__clean__g0325,symbolfit,g0325,521,clean,0,ok,3605.376,true,true,true,true,,
symbolfit__seed521__clean__g0326,symbolfit,g0326,521,clean,0,ok,3623.813,true,true,true,true,,
symbolfit__seed521__clean__g0327,symbolfit,g0327,521,clean,0,ok,3605.320,true,true,true,true,,
symbolfit__seed521__clean__g0328,symbolfit,g0328,521,clean,0,ok,3612.182,true,true,true,true,,
symbolfit__seed521__clean__g0329,symbolfit,g0329,521,clean,0,ok,3605.281,true,true,true,true,,
symbolfit__seed521__clean__g0330,symbolfit,g0330,521,clean,0,ok,3605.264,true,true,true,true,,
symbolfit__seed521__clean__g0331,symbolfit,g0331,521,clean,0,ok,3605.430,true,true,true,true,,
symbolfit__seed521__clean__g0332,symbolfit,g0332,521,clean,0,ok,3605.597,true,true,true,true,,
symbolfit__seed521__clean__g0333,symbolfit,g0333,521,clean,0,ok,3605.354,true,true,true,true,,
symbolfit__seed521__clean__g0334,symbolfit,g0334,521,clean,0,ok,3605.511,true,true,true,true,,
symbolfit__seed521__clean__g0335,symbolfit,g0335,521,clean,0,ok,3624.967,true,true,true,true,,
symbolfit__seed521__clean__g0336,symbolfit,g0336,521,clean,0,ok,3605.202,true,true,true,true,,
symbolfit__seed521__clean__g0337,symbolfit,g0337,521,clean,0,ok,3605.208,true,true,true,true,,
symbolfit__seed521__clean__g0338,symbolfit,g0338,521,clean,0,ok,3605.225,true,true,true,true,,
symbolfit__seed521__clean__g0339,symbolfit,g0339,521,clean,0,ok,3625.398,true,true,true,true,,
symbolfit__seed521__clean__g0340,symbolfit,g0340,521,clean,0,ok,3605.305,true,true,true,true,,
symbolfit__seed521__clean__g0341,symbolfit,g0341,521,clean,0,ok,3605.389,true,true,true,true,,
symbolfit__seed521__clean__g0342,symbolfit,g0342,521,clean,0,ok,3605.642,true,true,true,true,,
symbolfit__seed521__clean__g0343,symbolfit,g0343,521,clean,0,ok,3605.665,true,true,true,true,,
symbolfit__seed521__clean__g0344,symbolfit,g0344,521,clean,0,ok,3605.226,true,true,true,true,,
symbolfit__seed521__clean__g0345,symbolfit,g0345,521,clean,0,ok,3605.503,true,true,true,true,,
symbolfit__seed521__clean__g0346,symbolfit,g0346,521,clean,0,ok,3605.363,true,true,true,true,,
symbolfit__seed521__clean__g0347,symbolfit,g0347,521,clean,0,ok,3605.185,true,true,true,true,,
symbolfit__seed521__clean__g0348,symbolfit,g0348,521,clean,0,ok,3605.236,true,true,true,true,,
symbolfit__seed521__clean__g0349,symbolfit,g0349,521,clean,0,ok,3605.328,true,true,true,true,,
symbolfit__seed521__clean__g0350,symbolfit,g0350,521,clean,0,ok,3605.501,true,true,true,true,,
symbolfit__seed521__clean__g0351,symbolfit,g0351,521,clean,0,ok,3606.176,true,true,true,true,,
symbolfit__seed521__clean__g0352,symbolfit,g0352,521,clean,0,ok,3605.613,true,true,true,true,,
symbolfit__seed521__clean__g0353,symbolfit,g0353,521,clean,0,ok,3605.437,true,true,true,true,,
symbolfit__seed521__clean__g0354,symbolfit,g0354,521,clean,0,ok,3618.325,true,true,true,true,,
symbolfit__seed521__clean__g0355,symbolfit,g0355,521,clean,0,ok,3605.488,true,true,true,true,,
symbolfit__seed521__clean__g0356,symbolfit,g0356,521,clean,0,ok,3605.314,true,true,true,true,,
symbolfit__seed521__clean__g0357,symbolfit,g0357,521,clean,0,ok,3605.433,true,true,true,true,,
symbolfit__seed521__clean__g0358,symbolfit,g0358,521,clean,0,ok,3605.746,true,true,true,true,,
symbolfit__seed521__clean__g0359,symbolfit,g0359,521,clean,0,ok,3605.686,true,true,true,true,,
symbolfit__seed521__clean__g0360,symbolfit,g0360,521,clean,0,ok,3605.426,true,true,true,true,,
symbolfit__seed521__clean__g0361,symbolfit,g0361,521,clean,0,ok,3611.432,true,true,true,true,,
symbolfit__seed521__clean__g0362,symbolfit,g0362,521,clean,0,ok,3605.395,true,true,true,true,,
symbolfit__seed521__clean__g0363,symbolfit,g0363,521,clean,0,ok,3605.696,true,true,true,true,,
symbolfit__seed521__clean__g0364,symbolfit,g0364,521,clean,0,ok,3616.287,true,true,true,true,,
symbolfit__seed521__clean__g0365,symbolfit,g0365,521,clean,0,ok,3605.219,true,true,true,true,,
symbolfit__seed521__clean__g0366,symbolfit,g0366,521,clean,0,ok,3605.487,true,true,true,true,,
symbolfit__seed521__clean__g0367,symbolfit,g0367,521,clean,0,ok,3609.777,true,true,true,true,,
symbolfit__seed521__clean__g0368,symbolfit,g0368,521,clean,0,ok,3605.823,true,true,true,true,,
symbolfit__seed521__clean__g0369,symbolfit,g0369,521,clean,0,ok,3605.328,true,true,true,true,,
symbolfit__seed521__clean__g0370,symbolfit,g0370,521,clean,0,ok,3605.402,true,true,true,true,,
symbolfit__seed521__clean__g0371,symbolfit,g0371,521,clean,0,ok,3605.207,true,true,true,true,,
symbolfit__seed521__clean__g0372,symbolfit,g0372,521,clean,0,ok,3605.230,true,true,true,true,,
symbolfit__seed521__clean__g0373,symbolfit,g0373,521,clean,0,ok,3605.368,true,true,true,true,,
symbolfit__seed521__clean__g0374,symbolfit,g0374,521,clean,0,ok,3605.796,true,true,true,true,,
symbolfit__seed521__clean__g0375,symbolfit,g0375,521,clean,0,ok,3605.508,true,true,true,true,,
symbolfit__seed521__clean__g0376,symbolfit,g0376,521,clean,0,ok,3605.270,true,true,true,true,,
symbolfit__seed521__clean__g0377,symbolfit,g0377,521,clean,0,ok,3621.881,true,true,true,true,,
symbolfit__seed521__clean__g0378,symbolfit,g0378,521,clean,0,ok,3605.713,true,true,true,true,,
symbolfit__seed521__clean__g0379,symbolfit,g0379,521,clean,0,ok,3605.358,true,true,true,true,,
symbolfit__seed521__clean__g0380,symbolfit,g0380,521,clean,0,ok,3605.449,true,true,true,true,,
symbolfit__seed521__clean__g0381,symbolfit,g0381,521,clean,0,ok,3614.073,true,true,true,true,,
symbolfit__seed521__clean__g0382,symbolfit,g0382,521,clean,0,ok,3605.194,true,true,true,true,,
symbolfit__seed521__clean__g0383,symbolfit,g0383,521,clean,0,ok,3605.449,true,true,true,true,,
symbolfit__seed521__clean__g0384,symbolfit,g0384,521,clean,0,ok,3605.307,true,true,true,true,,
symbolfit__seed521__clean__g0385,symbolfit,g0385,521,clean,0,ok,3605.240,true,true,true,true,,
symbolfit__seed521__clean__g0386,symbolfit,g0386,521,clean,0,ok,3617.928,true,true,true,true,,
symbolfit__seed521__clean__g0387,symbolfit,g0387,521,clean,0,ok,3605.842,true,true,true,true,,
symbolfit__seed521__clean__g0388,symbolfit,g0388,521,clean,0,ok,3605.430,true,true,true,true,,
symbolfit__seed521__clean__g0389,symbolfit,g0389,521,clean,0,ok,3605.364,true,true,true,true,,
symbolfit__seed521__clean__g0390,symbolfit,g0390,521,clean,0,ok,3605.377,true,true,true,true,,
symbolfit__seed521__clean__g0391,symbolfit,g0391,521,clean,0,ok,3612.733,true,true,true,true,,
symbolfit__seed521__clean__g0392,symbolfit,g0392,521,clean,0,ok,3605.388,true,true,true,true,,
symbolfit__seed521__clean__g0393,symbolfit,g0393,521,clean,0,ok,3605.435,true,true,true,true,,
symbolfit__seed521__clean__g0394,symbolfit,g0394,521,clean,0,ok,3605.292,true,true,true,true,,
symbolfit__seed521__clean__g0395,symbolfit,g0395,521,clean,0,ok,3605.073,true,true,true,true,,
symbolfit__seed521__clean__g0396,symbolfit,g0396,521,clean,0,ok,3605.511,true,true,true,true,,
symbolfit__seed521__clean__g0397,symbolfit,g0397,521,clean,0,ok,3605.477,true,true,true,true,,
symbolfit__seed521__clean__g0398,symbolfit,g0398,521,clean,0,ok,3605.476,true,true,true,true,,
symbolfit__seed521__clean__g0399,symbolfit,g0399,521,clean,0,ok,3621.807,true,true,true,true,,
symbolfit__seed521__clean__g0400,symbolfit,g0400,521,clean,0,ok,3605.283,true,true,true,true,,
symbolfit__seed521__clean__g0401,symbolfit,g0401,521,clean,0,ok,3605.281,true,true,true,true,,
symbolfit__seed521__clean__g0402,symbolfit,g0402,521,clean,0,ok,3605.130,true,true,true,true,,
symbolfit__seed521__clean__g0403,symbolfit,g0403,521,clean,0,ok,3605.510,true,true,true,true,,
symbolfit__seed521__clean__g0404,symbolfit,g0404,521,clean,0,ok,3605.763,true,true,true,true,,
symbolfit__seed521__clean__g0405,symbolfit,g0405,521,clean,0,ok,3604.985,true,true,true,true,,
symbolfit__seed521__clean__g0406,symbolfit,g0406,521,clean,0,ok,3605.149,true,true,true,true,,
symbolfit__seed521__clean__g0407,symbolfit,g0407,521,clean,0,ok,3627.045,true,true,true,true,,
symbolfit__seed521__clean__g0408,symbolfit,g0408,521,clean,0,ok,3605.187,true,true,true,true,,
symbolfit__seed521__clean__g0409,symbolfit,g0409,521,clean,0,ok,3605.346,true,true,true,true,,
symbolfit__seed521__clean__g0410,symbolfit,g0410,521,clean,0,ok,3605.151,true,true,true,true,,
symbolfit__seed521__clean__g0411,symbolfit,g0411,521,clean,0,ok,3619.995,true,true,true,true,,
symbolfit__seed521__clean__g0412,symbolfit,g0412,521,clean,0,ok,3610.321,true,true,true,true,,
symbolfit__seed521__clean__g0413,symbolfit,g0413,521,clean,0,ok,3605.298,true,true,true,true,,
symbolfit__seed521__clean__g0414,symbolfit,g0414,521,clean,0,ok,3605.172,true,true,true,true,,
symbolfit__seed521__clean__g0415,symbolfit,g0415,521,clean,0,ok,3605.194,true,true,true,true,,
symbolfit__seed521__clean__g0416,symbolfit,g0416,521,clean,0,ok,3605.301,true,true,true,true,,
symbolfit__seed521__clean__g0417,symbolfit,g0417,521,clean,0,ok,3620.814,true,true,true,true,,
symbolfit__seed521__clean__g0418,symbolfit,g0418,521,clean,0,ok,3627.783,true,true,true,true,,
symbolfit__seed521__clean__g0419,symbolfit,g0419,521,clean,0,ok,3605.147,true,true,true,true,,
symbolfit__seed521__clean__g0420,symbolfit,g0420,521,clean,0,ok,3605.190,true,true,true,true,,
symbolfit__seed521__clean__g0421,symbolfit,g0421,521,clean,0,ok,3605.391,true,true,true,true,,
symbolfit__seed521__clean__g0422,symbolfit,g0422,521,clean,0,ok,3605.394,true,true,true,true,,
symbolfit__seed521__clean__g0423,symbolfit,g0423,521,clean,0,ok,3605.410,true,true,true,true,,
symbolfit__seed521__clean__g0424,symbolfit,g0424,521,clean,0,ok,3610.749,true,true,true,true,,
symbolfit__seed521__clean__g0425,symbolfit,g0425,521,clean,0,ok,3605.204,true,true,true,true,,
symbolfit__seed521__clean__g0426,symbolfit,g0426,521,clean,0,ok,3605.101,true,true,true,true,,
symbolfit__seed521__clean__g0427,symbolfit,g0427,521,clean,0,ok,3605.291,true,true,true,true,,
symbolfit__seed521__clean__g0428,symbolfit,g0428,521,clean,0,ok,3615.231,true,true,true,true,,
symbolfit__seed521__clean__g0429,symbolfit,g0429,521,clean,0,ok,3605.273,true,true,true,true,,
symbolfit__seed521__clean__g0430,symbolfit,g0430,521,clean,0,ok,3605.333,true,true,true,true,,
symbolfit__seed521__clean__g0431,symbolfit,g0431,521,clean,0,ok,3616.990,true,true,true,true,,
symbolfit__seed521__clean__g0432,symbolfit,g0432,521,clean,0,ok,3605.135,true,true,true,true,,
symbolfit__seed521__clean__g0433,symbolfit,g0433,521,clean,0,ok,3605.425,true,true,true,true,,
symbolfit__seed521__clean__g0434,symbolfit,g0434,521,clean,0,ok,3605.141,true,true,true,true,,
symbolfit__seed521__clean__g0435,symbolfit,g0435,521,clean,0,ok,3605.390,true,true,true,true,,
symbolfit__seed521__clean__g0436,symbolfit,g0436,521,clean,0,ok,3605.552,true,true,true,true,,
symbolfit__seed521__clean__g0437,symbolfit,g0437,521,clean,0,ok,3618.215,true,true,true,true,,
symbolfit__seed521__clean__g0438,symbolfit,g0438,521,clean,0,ok,3605.522,true,true,true,true,,
symbolfit__seed521__clean__g0439,symbolfit,g0439,521,clean,0,ok,3605.604,true,true,true,true,,
symbolfit__seed521__clean__g0440,symbolfit,g0440,521,clean,0,ok,3619.727,true,true,true,true,,
symbolfit__seed521__clean__g0441,symbolfit,g0441,521,clean,0,ok,3605.352,true,true,true,true,,
symbolfit__seed521__clean__g0442,symbolfit,g0442,521,clean,0,ok,3605.106,true,true,true,true,,
symbolfit__seed521__clean__g0443,symbolfit,g0443,521,clean,0,ok,3605.680,true,true,true,true,,
symbolfit__seed521__clean__g0444,symbolfit,g0444,521,clean,0,ok,3605.455,true,true,true,true,,
symbolfit__seed521__clean__g0445,symbolfit,g0445,521,clean,0,ok,3605.409,true,true,true,true,,
symbolfit__seed521__clean__g0446,symbolfit,g0446,521,clean,0,ok,3605.044,true,true,true,true,,
symbolfit__seed521__clean__g0447,symbolfit,g0447,521,clean,0,ok,3605.299,true,true,true,true,,
symbolfit__seed521__clean__g0448,symbolfit,g0448,521,clean,0,ok,3605.508,true,true,true,true,,
symbolfit__seed521__clean__g0449,symbolfit,g0449,521,clean,0,ok,3605.650,true,true,true,true,,
symbolfit__seed521__clean__g0450,symbolfit,g0450,521,clean,0,ok,3605.399,true,true,true,true,,
symbolfit__seed521__clean__g0451,symbolfit,g0451,521,clean,0,ok,3605.357,true,true,true,true,,
symbolfit__seed521__clean__g0452,symbolfit,g0452,521,clean,0,ok,3605.496,true,true,true,true,,
symbolfit__seed521__clean__g0453,symbolfit,g0453,521,clean,0,ok,3605.262,true,true,true,true,,
symbolfit__seed521__clean__g0454,symbolfit,g0454,521,clean,0,ok,3605.361,true,true,true,true,,
symbolfit__seed521__clean__g0455,symbolfit,g0455,521,clean,0,ok,3615.250,true,true,true,true,,
symbolfit__seed521__clean__g0456,symbolfit,g0456,521,clean,0,ok,3621.539,true,true,true,true,,
symbolfit__seed521__clean__g0457,symbolfit,g0457,521,clean,0,ok,3605.438,true,true,true,true,,
symbolfit__seed521__clean__g0458,symbolfit,g0458,521,clean,0,ok,3605.489,true,true,true,true,,
symbolfit__seed521__clean__g0459,symbolfit,g0459,521,clean,0,ok,3605.669,true,true,true,true,,
symbolfit__seed521__clean__g0460,symbolfit,g0460,521,clean,0,ok,3605.223,true,true,true,true,,
symbolfit__seed521__clean__g0461,symbolfit,g0461,521,clean,0,ok,3605.412,true,true,true,true,,
symbolfit__seed521__clean__g0462,symbolfit,g0462,521,clean,0,ok,3605.701,true,true,true,true,,
symbolfit__seed521__clean__g0463,symbolfit,g0463,521,clean,0,ok,3625.641,true,true,true,true,,
symbolfit__seed521__clean__g0464,symbolfit,g0464,521,clean,0,ok,3605.474,true,true,true,true,,
symbolfit__seed521__clean__g0465,symbolfit,g0465,521,clean,0,ok,3605.286,true,true,true,true,,
symbolfit__seed521__clean__g0466,symbolfit,g0466,521,clean,0,ok,3605.445,true,true,true,true,,
symbolfit__seed521__clean__g0467,symbolfit,g0467,521,clean,0,ok,3605.486,true,true,true,true,,
symbolfit__seed521__clean__g0468,symbolfit,g0468,521,clean,0,ok,3605.440,true,true,true,true,,
symbolfit__seed521__clean__g0469,symbolfit,g0469,521,clean,0,ok,3605.704,true,true,true,true,,
symbolfit__seed521__clean__g0470,symbolfit,g0470,521,clean,0,ok,3605.446,true,true,true,true,,
symbolfit__seed521__clean__g0471,symbolfit,g0471,521,clean,0,ok,3605.216,true,true,true,true,,
symbolfit__seed521__clean__g0472,symbolfit,g0472,521,clean,0,ok,3605.301,true,true,true,true,,
symbolfit__seed521__clean__g0473,symbolfit,g0473,521,clean,0,ok,3646.966,true,true,true,true,,
symbolfit__seed521__clean__g0474,symbolfit,g0474,521,clean,0,ok,3607.164,true,true,true,true,,
symbolfit__seed521__clean__g0475,symbolfit,g0475,521,clean,0,ok,3607.450,true,true,true,true,,
symbolfit__seed521__clean__g0476,symbolfit,g0476,521,clean,0,ok,3607.635,true,true,true,true,,
symbolfit__seed521__clean__g0477,symbolfit,g0477,521,clean,0,ok,3607.747,true,true,true,true,,
symbolfit__seed521__clean__g0478,symbolfit,g0478,521,clean,0,ok,3608.017,true,true,true,true,,
symbolfit__seed521__clean__g0479,symbolfit,g0479,521,clean,0,ok,3606.967,true,true,true,true,,
symbolfit__seed521__clean__g0480,symbolfit,g0480,521,clean,0,ok,3607.361,true,true,true,true,,
symbolfit__seed521__clean__g0481,symbolfit,g0481,521,clean,0,ok,3609.383,true,true,true,true,,
symbolfit__seed521__clean__g0482,symbolfit,g0482,521,clean,0,ok,3637.731,true,true,true,true,,
symbolfit__seed521__clean__g0483,symbolfit,g0483,521,clean,0,ok,3607.119,true,true,true,true,,
symbolfit__seed521__clean__g0484,symbolfit,g0484,521,clean,0,ok,3607.538,true,true,true,true,,
symbolfit__seed521__clean__g0485,symbolfit,g0485,521,clean,0,ok,3633.143,true,true,true,true,,
symbolfit__seed521__clean__g0486,symbolfit,g0486,521,clean,0,ok,3633.006,true,true,true,true,,
symbolfit__seed521__clean__g0487,symbolfit,g0487,521,clean,0,ok,3608.397,true,true,true,true,,
symbolfit__seed521__clean__g0488,symbolfit,g0488,521,clean,0,ok,3607.293,true,true,true,true,,
symbolfit__seed521__clean__g0489,symbolfit,g0489,521,clean,0,ok,3607.593,true,true,true,true,,
symbolfit__seed521__clean__g0490,symbolfit,g0490,521,clean,0,ok,3607.200,true,true,true,true,,
symbolfit__seed521__clean__g0491,symbolfit,g0491,521,clean,0,ok,3606.566,true,true,true,true,,
symbolfit__seed521__clean__g0492,symbolfit,g0492,521,clean,0,ok,3607.617,true,true,true,true,,
symbolfit__seed521__clean__g0493,symbolfit,g0493,521,clean,0,ok,3607.010,true,true,true,true,,
symbolfit__seed521__clean__g0494,symbolfit,g0494,521,clean,0,ok,3607.228,true,true,true,true,,
symbolfit__seed521__clean__g0495,symbolfit,g0495,521,clean,0,ok,3621.283,true,true,true,true,,
symbolfit__seed521__clean__g0496,symbolfit,g0496,521,clean,0,ok,3634.625,true,true,true,true,,
symbolfit__seed521__clean__g0497,symbolfit,g0497,521,clean,0,ok,3607.085,true,true,true,true,,
symbolfit__seed521__clean__g0498,symbolfit,g0498,521,clean,0,ok,3608.778,true,true,true,true,,
symbolfit__seed521__clean__g0499,symbolfit,g0499,521,clean,0,ok,3607.414,true,true,true,true,,
symbolfit__seed521__clean__g0500,symbolfit,g0500,521,clean,0,ok,3606.990,true,true,true,true,,
symbolfit__seed521__clean__g0501,symbolfit,g0501,521,clean,0,ok,3606.381,true,true,true,true,,
symbolfit__seed521__clean__g0502,symbolfit,g0502,521,clean,0,ok,3641.955,true,true,true,true,,
symbolfit__seed521__clean__g0503,symbolfit,g0503,521,clean,0,ok,3638.012,true,true,true,true,,
symbolfit__seed521__clean__g0504,symbolfit,g0504,521,clean,0,ok,3607.399,true,true,true,true,,
symbolfit__seed521__clean__g0505,symbolfit,g0505,521,clean,0,ok,3607.338,true,true,true,true,,
symbolfit__seed521__clean__g0506,symbolfit,g0506,521,clean,0,ok,3609.247,true,true,true,true,,
symbolfit__seed521__clean__g0507,symbolfit,g0507,521,clean,0,ok,3607.089,true,true,true,true,,
symbolfit__seed521__clean__g0508,symbolfit,g0508,521,clean,0,ok,3607.994,true,true,true,true,,
symbolfit__seed521__clean__g0509,symbolfit,g0509,521,clean,0,ok,3607.390,true,true,true,true,,
symbolfit__seed521__clean__g0510,symbolfit,g0510,521,clean,0,ok,3609.443,true,true,true,true,,
symbolfit__seed521__clean__g0511,symbolfit,g0511,521,clean,0,ok,3607.600,true,true,true,true,,
symbolfit__seed521__clean__g0512,symbolfit,g0512,521,clean,0,ok,3606.636,true,true,true,true,,
symbolfit__seed521__clean__g0513,symbolfit,g0513,521,clean,0,ok,3607.449,true,true,true,true,,
symbolfit__seed521__clean__g0514,symbolfit,g0514,521,clean,0,ok,3606.799,true,true,true,true,,
symbolfit__seed521__clean__g0515,symbolfit,g0515,521,clean,0,ok,3607.044,true,true,true,true,,
symbolfit__seed521__clean__g0516,symbolfit,g0516,521,clean,0,ok,3637.064,true,true,true,true,,
symbolfit__seed521__clean__g0517,symbolfit,g0517,521,clean,0,ok,3608.843,true,true,true,true,,
symbolfit__seed521__clean__g0518,symbolfit,g0518,521,clean,0,ok,3607.999,true,true,true,true,,
symbolfit__seed521__clean__g0519,symbolfit,g0519,521,clean,0,ok,3643.769,true,true,true,true,,
symbolfit__seed521__clean__g0520,symbolfit,g0520,521,clean,0,ok,3607.430,true,true,true,true,,
symbolfit__seed521__clean__g0521,symbolfit,g0521,521,clean,0,ok,3607.009,true,true,true,true,,
symbolfit__seed521__clean__g0522,symbolfit,g0522,521,clean,0,ok,3607.899,true,true,true,true,,
symbolfit__seed521__clean__g0523,symbolfit,g0523,521,clean,0,ok,3606.848,true,true,true,true,,
symbolfit__seed521__clean__g0524,symbolfit,g0524,521,clean,0,ok,3608.184,true,true,true,true,,
symbolfit__seed521__clean__g0525,symbolfit,g0525,521,clean,0,ok,3608.171,true,true,true,true,,
symbolfit__seed521__clean__g0526,symbolfit,g0526,521,clean,0,ok,3607.620,true,true,true,true,,
symbolfit__seed521__clean__g0527,symbolfit,g0527,521,clean,0,ok,3606.624,true,true,true,true,,
symbolfit__seed521__clean__g0528,symbolfit,g0528,521,clean,0,ok,3607.766,true,true,true,true,,
symbolfit__seed521__clean__g0529,symbolfit,g0529,521,clean,0,ok,3613.132,true,true,true,true,,
symbolfit__seed521__clean__g0530,symbolfit,g0530,521,clean,0,ok,3606.843,true,true,true,true,,
symbolfit__seed521__clean__g0531,symbolfit,g0531,521,clean,0,ok,3607.199,true,true,true,true,,
symbolfit__seed521__clean__g0532,symbolfit,g0532,521,clean,0,ok,3606.992,true,true,true,true,,
symbolfit__seed521__clean__g0533,symbolfit,g0533,521,clean,0,ok,3608.510,true,true,true,true,,
symbolfit__seed521__clean__g0534,symbolfit,g0534,521,clean,0,ok,3607.659,true,true,true,true,,
symbolfit__seed521__clean__g0535,symbolfit,g0535,521,clean,0,ok,3607.697,true,true,true,true,,
symbolfit__seed521__clean__g0536,symbolfit,g0536,521,clean,0,ok,3607.444,true,true,true,true,,
symbolfit__seed521__clean__g0537,symbolfit,g0537,521,clean,0,ok,3607.565,true,true,true,true,,
symbolfit__seed521__clean__g0538,symbolfit,g0538,521,clean,0,ok,3641.053,true,true,true,true,,
symbolfit__seed521__clean__g0539,symbolfit,g0539,521,clean,0,ok,3615.850,true,true,true,true,,
symbolfit__seed521__clean__g0540,symbolfit,g0540,521,clean,0,ok,3607.061,true,true,true,true,,
symbolfit__seed521__clean__g0541,symbolfit,g0541,521,clean,0,ok,3607.432,true,true,true,true,,
symbolfit__seed521__clean__g0542,symbolfit,g0542,521,clean,0,ok,3607.586,true,true,true,true,,
symbolfit__seed521__clean__g0543,symbolfit,g0543,521,clean,0,ok,3608.054,true,true,true,true,,
symbolfit__seed521__clean__g0544,symbolfit,g0544,521,clean,0,ok,3606.992,true,true,true,true,,
symbolfit__seed521__clean__g0545,symbolfit,g0545,521,clean,0,ok,3606.932,true,true,true,true,,
symbolfit__seed521__clean__g0546,symbolfit,g0546,521,clean,0,ok,3607.817,true,true,true,true,,
symbolfit__seed521__clean__g0547,symbolfit,g0547,521,clean,0,ok,3608.692,true,true,true,true,,
symbolfit__seed521__clean__g0548,symbolfit,g0548,521,clean,0,ok,3607.445,true,true,true,true,,
symbolfit__seed521__clean__g0549,symbolfit,g0549,521,clean,0,ok,3607.389,true,true,true,true,,
symbolfit__seed521__clean__g0550,symbolfit,g0550,521,clean,0,ok,3607.240,true,true,true,true,,
symbolfit__seed521__clean__g0551,symbolfit,g0551,521,clean,0,ok,3606.886,true,true,true,true,,
symbolfit__seed521__clean__g0552,symbolfit,g0552,521,clean,0,ok,3607.749,true,true,true,true,,
symbolfit__seed521__clean__g0553,symbolfit,g0553,521,clean,0,ok,3607.649,true,true,true,true,,
symbolfit__seed521__clean__g0554,symbolfit,g0554,521,clean,0,ok,3607.598,true,true,true,true,,
symbolfit__seed521__clean__g0555,symbolfit,g0555,521,clean,0,ok,3606.859,true,true,true,true,,
symbolfit__seed521__clean__g0556,symbolfit,g0556,521,clean,0,ok,3607.567,true,true,true,true,,
symbolfit__seed521__clean__g0557,symbolfit,g0557,521,clean,0,ok,3608.421,true,true,true,true,,
symbolfit__seed521__clean__g0558,symbolfit,g0558,521,clean,0,ok,3609.256,true,true,true,true,,
symbolfit__seed521__clean__g0559,symbolfit,g0559,521,clean,0,ok,3607.835,true,true,true,true,,
symbolfit__seed521__clean__g0560,symbolfit,g0560,521,clean,0,ok,3607.752,true,true,true,true,,
symbolfit__seed521__clean__g0561,symbolfit,g0561,521,clean,0,ok,3606.829,true,true,true,true,,
symbolfit__seed521__clean__g0562,symbolfit,g0562,521,clean,0,ok,3607.412,true,true,true,true,,
symbolfit__seed521__clean__g0563,symbolfit,g0563,521,clean,0,ok,3608.706,true,true,true,true,,
symbolfit__seed521__clean__g0564,symbolfit,g0564,521,clean,0,ok,3607.206,true,true,true,true,,
symbolfit__seed521__clean__g0565,symbolfit,g0565,521,clean,0,ok,3607.278,true,true,true,true,,
symbolfit__seed521__clean__g0566,symbolfit,g0566,521,clean,0,ok,3631.980,true,true,true,true,,
symbolfit__seed521__clean__g0567,symbolfit,g0567,521,clean,0,ok,3614.022,true,true,true,true,,
symbolfit__seed521__clean__g0568,symbolfit,g0568,521,clean,0,ok,3606.107,true,true,true,true,,
symbolfit__seed521__clean__g0569,symbolfit,g0569,521,clean,0,ok,3607.005,true,true,true,true,,
symbolfit__seed521__clean__g0570,symbolfit,g0570,521,clean,0,ok,3608.440,true,true,true,true,,
symbolfit__seed521__clean__g0571,symbolfit,g0571,521,clean,0,ok,3609.150,true,true,true,true,,
symbolfit__seed521__clean__g0572,symbolfit,g0572,521,clean,0,ok,3610.029,true,true,true,true,,
symbolfit__seed521__clean__g0573,symbolfit,g0573,521,clean,0,ok,3607.382,true,true,true,true,,
symbolfit__seed521__clean__g0574,symbolfit,g0574,521,clean,0,ok,3607.362,true,true,true,true,,
symbolfit__seed521__clean__g0575,symbolfit,g0575,521,clean,0,ok,3608.460,true,true,true,true,,
symbolfit__seed521__clean__g0576,symbolfit,g0576,521,clean,0,ok,3607.892,true,true,true,true,,
symbolfit__seed521__clean__g0577,symbolfit,g0577,521,clean,0,ok,3607.483,true,true,true,true,,
symbolfit__seed521__clean__g0578,symbolfit,g0578,521,clean,0,ok,3607.710,true,true,true,true,,
symbolfit__seed521__clean__g0579,symbolfit,g0579,521,clean,0,ok,3608.534,true,true,true,true,,
symbolfit__seed521__clean__g0580,symbolfit,g0580,521,clean,0,ok,3627.320,true,true,true,true,,
symbolfit__seed521__clean__g0581,symbolfit,g0581,521,clean,0,ok,3607.908,true,true,true,true,,
symbolfit__seed521__clean__g0582,symbolfit,g0582,521,clean,0,ok,3623.213,true,true,true,true,,
symbolfit__seed521__clean__g0583,symbolfit,g0583,521,clean,0,ok,3608.889,true,true,true,true,,
symbolfit__seed521__clean__g0584,symbolfit,g0584,521,clean,0,ok,3605.436,true,true,true,true,,
symbolfit__seed521__clean__g0585,symbolfit,g0585,521,clean,0,ok,3607.361,true,true,true,true,,
symbolfit__seed521__clean__g0586,symbolfit,g0586,521,clean,0,ok,3608.399,true,true,true,true,,
symbolfit__seed521__clean__g0587,symbolfit,g0587,521,clean,0,ok,3607.033,true,true,true,true,,
symbolfit__seed521__clean__g0588,symbolfit,g0588,521,clean,0,ok,3608.033,true,true,true,true,,
symbolfit__seed521__clean__g0589,symbolfit,g0589,521,clean,0,ok,3608.177,true,true,true,true,,
symbolfit__seed521__clean__g0590,symbolfit,g0590,521,clean,0,ok,3607.831,true,true,true,true,,
symbolfit__seed521__clean__g0591,symbolfit,g0591,521,clean,0,ok,3607.304,true,true,true,true,,
symbolfit__seed521__clean__g0592,symbolfit,g0592,521,clean,0,ok,3612.917,true,true,true,true,,
symbolfit__seed521__clean__g0593,symbolfit,g0593,521,clean,0,ok,3615.847,true,true,true,true,,
symbolfit__seed521__clean__g0594,symbolfit,g0594,521,clean,0,ok,3605.009,true,true,true,true,,
symbolfit__seed521__clean__g0595,symbolfit,g0595,521,clean,0,ok,3605.145,true,true,true,true,,
symbolfit__seed521__clean__g0596,symbolfit,g0596,521,clean,0,ok,3605.012,true,true,true,true,,
symbolfit__seed521__clean__g0597,symbolfit,g0597,521,clean,0,ok,3605.137,true,true,true,true,,
symbolfit__seed521__clean__g0598,symbolfit,g0598,521,clean,0,ok,3621.062,true,true,true,true,,
symbolfit__seed521__clean__g0599,symbolfit,g0599,521,clean,0,ok,3616.663,true,true,true,true,,
symbolfit__seed521__clean__g0600,symbolfit,g0600,521,clean,0,ok,3605.155,true,true,true,true,,
symbolfit__seed521__clean__g0601,symbolfit,g0601,521,clean,0,ok,3604.989,true,true,true,true,,
symbolfit__seed521__clean__g0602,symbolfit,g0602,521,clean,0,ok,3605.089,true,true,true,true,,
symbolfit__seed521__clean__g0603,symbolfit,g0603,521,clean,0,ok,3604.955,true,true,true,true,,
symbolfit__seed521__clean__g0604,symbolfit,g0604,521,clean,0,ok,3608.772,true,true,true,true,,
symbolfit__seed521__clean__g0605,symbolfit,g0605,521,clean,0,ok,3604.928,true,true,true,true,,
symbolfit__seed521__clean__g0606,symbolfit,g0606,521,clean,0,ok,3604.908,true,true,true,true,,
symbolfit__seed521__clean__g0607,symbolfit,g0607,521,clean,0,ok,3604.976,true,true,true,true,,
symbolfit__seed521__clean__g0608,symbolfit,g0608,521,clean,0,ok,3605.535,true,true,true,true,,
symbolfit__seed521__clean__g0609,symbolfit,g0609,521,clean,0,ok,3604.972,true,true,true,true,,
symbolfit__seed521__clean__g0610,symbolfit,g0610,521,clean,0,ok,3604.827,true,true,true,true,,
symbolfit__seed521__clean__g0611,symbolfit,g0611,521,clean,0,ok,3605.084,true,true,true,true,,
symbolfit__seed521__clean__g0612,symbolfit,g0612,521,clean,0,ok,3604.871,true,true,true,true,,
symbolfit__seed521__clean__g0613,symbolfit,g0613,521,clean,0,ok,3605.025,true,true,true,true,,
symbolfit__seed521__clean__g0614,symbolfit,g0614,521,clean,0,ok,3605.123,true,true,true,true,,
symbolfit__seed521__clean__g0615,symbolfit,g0615,521,clean,0,ok,3607.580,true,true,true,true,,
symbolfit__seed521__clean__g0616,symbolfit,g0616,521,clean,0,ok,3605.049,true,true,true,true,,
symbolfit__seed521__clean__g0617,symbolfit,g0617,521,clean,0,ok,3604.844,true,true,true,true,,
symbolfit__seed521__clean__g0618,symbolfit,g0618,521,clean,0,ok,3604.827,true,true,true,true,,
symbolfit__seed521__clean__g0619,symbolfit,g0619,521,clean,0,ok,3605.010,true,true,true,true,,
symbolfit__seed521__clean__g0620,symbolfit,g0620,521,clean,0,ok,3604.907,true,true,true,true,,
symbolfit__seed521__clean__g0621,symbolfit,g0621,521,clean,0,ok,3604.815,true,true,true,true,,
symbolfit__seed521__clean__g0622,symbolfit,g0622,521,clean,0,ok,3605.058,true,true,true,true,,
symbolfit__seed521__clean__g0623,symbolfit,g0623,521,clean,0,ok,3604.830,true,true,true,true,,
symbolfit__seed521__clean__g0624,symbolfit,g0624,521,clean,0,ok,3604.870,true,true,true,true,,
symbolfit__seed521__clean__g0625,symbolfit,g0625,521,clean,0,ok,3604.847,true,true,true,true,,
symbolfit__seed521__clean__g0626,symbolfit,g0626,521,clean,0,ok,3604.877,true,true,true,true,,
symbolfit__seed521__clean__g0627,symbolfit,g0627,521,clean,0,ok,3604.775,true,true,true,true,,
symbolfit__seed521__clean__g0628,symbolfit,g0628,521,clean,0,ok,3604.710,true,true,true,true,,
symbolfit__seed521__clean__g0629,symbolfit,g0629,521,clean,0,ok,3604.800,true,true,true,true,,
symbolfit__seed521__clean__g0630,symbolfit,g0630,521,clean,0,ok,3604.829,true,true,true,true,,
symbolfit__seed521__clean__g0631,symbolfit,g0631,521,clean,0,ok,3604.795,true,true,true,true,,
symbolfit__seed521__clean__g0632,symbolfit,g0632,521,clean,0,ok,3604.750,true,true,true,true,,
symbolfit__seed521__clean__g0633,symbolfit,g0633,521,clean,0,ok,3607.451,true,true,true,true,,
symbolfit__seed521__clean__g0634,symbolfit,g0634,521,clean,0,ok,3604.760,true,true,true,true,,
symbolfit__seed521__clean__g0635,symbolfit,g0635,521,clean,0,ok,3604.759,true,true,true,true,,
symbolfit__seed521__clean__g0636,symbolfit,g0636,521,clean,0,ok,3604.798,true,true,true,true,,
symbolfit__seed521__clean__g0637,symbolfit,g0637,521,clean,0,ok,3604.823,true,true,true,true,,
symbolfit__seed521__clean__g0638,symbolfit,g0638,521,clean,0,ok,3604.799,true,true,true,true,,
symbolfit__seed521__clean__g0639,symbolfit,g0639,521,clean,0,ok,3604.786,true,true,true,true,,
symbolfit__seed521__clean__g0640,symbolfit,g0640,521,clean,0,ok,3606.233,true,true,true,true,,
symbolfit__seed521__clean__g0641,symbolfit,g0641,521,clean,0,ok,3604.786,true,true,true,true,,
symbolfit__seed521__clean__g0642,symbolfit,g0642,521,clean,0,ok,3604.750,true,true,true,true,,
symbolfit__seed521__clean__g0643,symbolfit,g0643,521,clean,0,ok,3604.755,true,true,true,true,,
symbolfit__seed521__clean__g0644,symbolfit,g0644,521,clean,0,ok,3604.857,true,true,true,true,,
symbolfit__seed521__clean__g0645,symbolfit,g0645,521,clean,0,ok,3604.778,true,true,true,true,,
symbolfit__seed521__clean__g0646,symbolfit,g0646,521,clean,0,ok,3602.384,true,true,true,true,,
symbolfit__seed521__clean__g0647,symbolfit,g0647,521,clean,0,ok,3604.820,true,true,true,true,,
symbolfit__seed521__clean__g0648,symbolfit,g0648,521,clean,0,ok,3604.832,true,true,true,true,,
symbolfit__seed521__clean__g0649,symbolfit,g0649,521,clean,0,ok,3604.782,true,true,true,true,,
symbolfit__seed521__clean__g0650,symbolfit,g0650,521,clean,0,ok,3604.896,true,true,true,true,,
symbolfit__seed521__clean__g0651,symbolfit,g0651,521,clean,0,ok,3604.798,true,true,true,true,,
symbolfit__seed521__clean__g0652,symbolfit,g0652,521,clean,0,ok,3604.835,true,true,true,true,,
symbolfit__seed521__clean__g0653,symbolfit,g0653,521,clean,0,ok,3604.878,true,true,true,true,,
symbolfit__seed521__clean__g0654,symbolfit,g0654,521,clean,0,ok,3604.772,true,true,true,true,,
symbolfit__seed521__clean__g0655,symbolfit,g0655,521,clean,0,ok,3604.762,true,true,true,true,,
symbolfit__seed521__clean__g0656,symbolfit,g0656,521,clean,0,ok,3604.818,true,true,true,true,,
symbolfit__seed521__clean__g0657,symbolfit,g0657,521,clean,0,ok,3605.298,true,true,true,true,,
symbolfit__seed521__clean__g0658,symbolfit,g0658,521,clean,0,ok,3604.818,true,true,true,true,,
symbolfit__seed521__clean__g0659,symbolfit,g0659,521,clean,0,ok,3604.841,true,true,true,true,,
symbolfit__seed521__clean__g0660,symbolfit,g0660,521,clean,0,ok,3604.809,true,true,true,true,,
symbolfit__seed521__clean__g0661,symbolfit,g0661,521,clean,0,ok,3604.736,true,true,true,true,,
symbolfit__seed521__clean__g0662,symbolfit,g0662,521,clean,0,ok,3604.799,true,true,true,true,,
symbolfit__seed521__clean__g0663,symbolfit,g0663,521,clean,0,ok,3604.978,true,true,true,true,,
symbolfit__seed521__clean__g0664,symbolfit,g0664,521,clean,0,ok,3604.856,true,true,true,true,,
symbolfit__seed522__clean__g0001,symbolfit,g0001,522,clean,0,ok,3604.898,true,true,true,true,,
symbolfit__seed522__clean__g0002,symbolfit,g0002,522,clean,0,ok,3605.284,true,true,true,true,,
symbolfit__seed522__clean__g0003,symbolfit,g0003,522,clean,0,ok,3604.889,true,true,true,true,,
symbolfit__seed522__clean__g0004,symbolfit,g0004,522,clean,0,ok,3604.925,true,true,true,true,,
symbolfit__seed522__clean__g0005,symbolfit,g0005,522,clean,0,ok,3604.936,true,true,true,true,,
symbolfit__seed522__clean__g0006,symbolfit,g0006,522,clean,0,ok,3604.949,true,true,true,true,,
symbolfit__seed522__clean__g0007,symbolfit,g0007,522,clean,0,ok,3606.371,true,true,true,true,,
symbolfit__seed522__clean__g0008,symbolfit,g0008,522,clean,0,ok,3605.054,true,true,true,true,,
symbolfit__seed522__clean__g0009,symbolfit,g0009,522,clean,0,ok,3604.921,true,true,true,true,,
symbolfit__seed522__clean__g0010,symbolfit,g0010,522,clean,0,ok,3604.981,true,true,true,true,,
symbolfit__seed522__clean__g0011,symbolfit,g0011,522,clean,0,ok,3604.893,true,true,true,true,,
symbolfit__seed522__clean__g0012,symbolfit,g0012,522,clean,0,ok,3605.161,true,true,true,true,,
symbolfit__seed522__clean__g0013,symbolfit,g0013,522,clean,0,ok,3619.686,true,true,true,true,,
symbolfit__seed522__clean__g0014,symbolfit,g0014,522,clean,0,ok,3605.103,true,true,true,true,,
symbolfit__seed522__clean__g0015,symbolfit,g0015,522,clean,0,ok,3627.442,true,true,true,true,,
symbolfit__seed522__clean__g0016,symbolfit,g0016,522,clean,0,ok,3604.929,true,true,true,true,,
symbolfit__seed522__clean__g0017,symbolfit,g0017,522,clean,0,ok,3610.816,true,true,true,true,,
symbolfit__seed522__clean__g0018,symbolfit,g0018,522,clean,0,ok,3605.041,true,true,true,true,,
symbolfit__seed522__clean__g0019,symbolfit,g0019,522,clean,0,ok,3604.881,true,true,true,true,,
symbolfit__seed522__clean__g0020,symbolfit,g0020,522,clean,0,ok,3604.892,true,true,true,true,,
symbolfit__seed522__clean__g0021,symbolfit,g0021,522,clean,0,ok,3605.022,true,true,true,true,,
symbolfit__seed522__clean__g0022,symbolfit,g0022,522,clean,0,ok,3604.890,true,true,true,true,,
symbolfit__seed522__clean__g0023,symbolfit,g0023,522,clean,0,ok,3619.195,true,true,true,true,,
symbolfit__seed522__clean__g0024,symbolfit,g0024,522,clean,0,ok,3605.174,true,true,true,true,,
symbolfit__seed522__clean__g0025,symbolfit,g0025,522,clean,0,ok,3604.942,true,true,true,true,,
symbolfit__seed522__clean__g0026,symbolfit,g0026,522,clean,0,ok,3617.898,true,true,true,true,,
symbolfit__seed522__clean__g0027,symbolfit,g0027,522,clean,0,ok,3604.968,true,true,true,true,,
symbolfit__seed522__clean__g0028,symbolfit,g0028,522,clean,0,ok,3604.953,true,true,true,true,,
symbolfit__seed522__clean__g0029,symbolfit,g0029,522,clean,0,ok,3605.121,true,true,true,true,,
symbolfit__seed522__clean__g0030,symbolfit,g0030,522,clean,0,ok,3605.045,true,true,true,true,,
symbolfit__seed522__clean__g0031,symbolfit,g0031,522,clean,0,ok,3605.326,true,true,true,true,,
symbolfit__seed522__clean__g0032,symbolfit,g0032,522,clean,0,ok,3604.888,true,true,true,true,,
symbolfit__seed522__clean__g0033,symbolfit,g0033,522,clean,0,ok,3613.219,true,true,true,true,,
symbolfit__seed522__clean__g0034,symbolfit,g0034,522,clean,0,ok,3604.850,true,true,true,true,,
symbolfit__seed522__clean__g0035,symbolfit,g0035,522,clean,0,ok,3605.056,true,true,true,true,,
symbolfit__seed522__clean__g0036,symbolfit,g0036,522,clean,0,ok,3604.871,true,true,true,true,,
symbolfit__seed522__clean__g0037,symbolfit,g0037,522,clean,0,ok,3604.995,true,true,true,true,,
symbolfit__seed522__clean__g0038,symbolfit,g0038,522,clean,0,ok,3604.923,true,true,true,true,,
symbolfit__seed522__clean__g0039,symbolfit,g0039,522,clean,0,ok,3604.882,true,true,true,true,,
symbolfit__seed522__clean__g0040,symbolfit,g0040,522,clean,0,ok,3626.550,true,true,true,true,,
symbolfit__seed522__clean__g0041,symbolfit,g0041,522,clean,0,ok,3605.208,true,true,true,true,,
symbolfit__seed522__clean__g0042,symbolfit,g0042,522,clean,0,ok,3605.302,true,true,true,true,,
symbolfit__seed522__clean__g0043,symbolfit,g0043,522,clean,0,ok,3623.778,true,true,true,true,,
symbolfit__seed522__clean__g0044,symbolfit,g0044,522,clean,0,ok,3605.097,true,true,true,true,,
symbolfit__seed522__clean__g0045,symbolfit,g0045,522,clean,0,ok,3605.015,true,true,true,true,,
symbolfit__seed522__clean__g0046,symbolfit,g0046,522,clean,0,ok,3604.974,true,true,true,true,,
symbolfit__seed522__clean__g0047,symbolfit,g0047,522,clean,0,ok,3604.874,true,true,true,true,,
symbolfit__seed522__clean__g0048,symbolfit,g0048,522,clean,0,ok,3617.701,true,true,true,true,,
symbolfit__seed522__clean__g0049,symbolfit,g0049,522,clean,0,ok,3605.091,true,true,true,true,,
symbolfit__seed522__clean__g0050,symbolfit,g0050,522,clean,0,ok,3605.183,true,true,true,true,,
symbolfit__seed522__clean__g0051,symbolfit,g0051,522,clean,0,ok,3605.303,true,true,true,true,,
symbolfit__seed522__clean__g0052,symbolfit,g0052,522,clean,0,ok,3605.029,true,true,true,true,,
symbolfit__seed522__clean__g0053,symbolfit,g0053,522,clean,0,ok,3623.233,true,true,true,true,,
symbolfit__seed522__clean__g0054,symbolfit,g0054,522,clean,0,ok,3604.784,true,true,true,true,,
symbolfit__seed522__clean__g0055,symbolfit,g0055,522,clean,0,ok,3605.675,true,true,true,true,,
symbolfit__seed522__clean__g0056,symbolfit,g0056,522,clean,0,ok,3605.184,true,true,true,true,,
symbolfit__seed522__clean__g0057,symbolfit,g0057,522,clean,0,ok,3605.362,true,true,true,true,,
symbolfit__seed522__clean__g0058,symbolfit,g0058,522,clean,0,ok,3605.270,true,true,true,true,,
symbolfit__seed522__clean__g0059,symbolfit,g0059,522,clean,0,ok,3611.966,true,true,true,true,,
symbolfit__seed522__clean__g0060,symbolfit,g0060,522,clean,0,ok,3605.009,true,true,true,true,,
symbolfit__seed522__clean__g0061,symbolfit,g0061,522,clean,0,ok,3606.443,true,true,true,true,,
symbolfit__seed522__clean__g0062,symbolfit,g0062,522,clean,0,ok,3609.207,true,true,true,true,,
symbolfit__seed522__clean__g0063,symbolfit,g0063,522,clean,0,ok,3644.468,true,true,true,true,,
symbolfit__seed522__clean__g0064,symbolfit,g0064,522,clean,0,ok,3609.270,true,true,true,true,,
symbolfit__seed522__clean__g0065,symbolfit,g0065,522,clean,0,ok,3608.664,true,true,true,true,,
symbolfit__seed522__clean__g0066,symbolfit,g0066,522,clean,0,ok,3608.713,true,true,true,true,,
symbolfit__seed522__clean__g0067,symbolfit,g0067,522,clean,0,ok,3608.816,true,true,true,true,,
symbolfit__seed522__clean__g0068,symbolfit,g0068,522,clean,0,ok,3621.338,true,true,true,true,,
symbolfit__seed522__clean__g0069,symbolfit,g0069,522,clean,0,ok,3607.313,true,true,true,true,,
symbolfit__seed522__clean__g0070,symbolfit,g0070,522,clean,0,ok,3608.315,true,true,true,true,,
symbolfit__seed522__clean__g0071,symbolfit,g0071,522,clean,0,ok,3607.371,true,true,true,true,,
symbolfit__seed522__clean__g0072,symbolfit,g0072,522,clean,0,ok,3608.096,true,true,true,true,,
symbolfit__seed522__clean__g0073,symbolfit,g0073,522,clean,0,ok,3607.929,true,true,true,true,,
symbolfit__seed522__clean__g0074,symbolfit,g0074,522,clean,0,ok,3607.427,true,true,true,true,,
symbolfit__seed522__clean__g0075,symbolfit,g0075,522,clean,0,ok,3607.776,true,true,true,true,,
symbolfit__seed522__clean__g0076,symbolfit,g0076,522,clean,0,ok,3607.986,true,true,true,true,,
symbolfit__seed522__clean__g0077,symbolfit,g0077,522,clean,0,ok,3607.996,true,true,true,true,,
symbolfit__seed522__clean__g0078,symbolfit,g0078,522,clean,0,ok,3607.040,true,true,true,true,,
symbolfit__seed522__clean__g0079,symbolfit,g0079,522,clean,0,ok,3614.481,true,true,true,true,,
symbolfit__seed522__clean__g0080,symbolfit,g0080,522,clean,0,ok,3607.583,true,true,true,true,,
symbolfit__seed522__clean__g0081,symbolfit,g0081,522,clean,0,ok,3608.505,true,true,true,true,,
symbolfit__seed522__clean__g0082,symbolfit,g0082,522,clean,0,ok,3608.807,true,true,true,true,,
symbolfit__seed522__clean__g0083,symbolfit,g0083,522,clean,0,ok,3608.607,true,true,true,true,,
symbolfit__seed522__clean__g0084,symbolfit,g0084,522,clean,0,ok,3608.708,true,true,true,true,,
symbolfit__seed522__clean__g0085,symbolfit,g0085,522,clean,0,ok,3608.147,true,true,true,true,,
symbolfit__seed522__clean__g0086,symbolfit,g0086,522,clean,0,ok,3607.691,true,true,true,true,,
symbolfit__seed522__clean__g0087,symbolfit,g0087,522,clean,0,ok,3607.579,true,true,true,true,,
symbolfit__seed522__clean__g0088,symbolfit,g0088,522,clean,0,ok,3607.594,true,true,true,true,,
symbolfit__seed522__clean__g0089,symbolfit,g0089,522,clean,0,ok,3607.791,true,true,true,true,,
symbolfit__seed522__clean__g0090,symbolfit,g0090,522,clean,0,ok,3636.088,true,true,true,true,,
symbolfit__seed522__clean__g0091,symbolfit,g0091,522,clean,0,ok,3609.475,true,true,true,true,,
symbolfit__seed522__clean__g0092,symbolfit,g0092,522,clean,0,ok,3608.105,true,true,true,true,,
symbolfit__seed522__clean__g0093,symbolfit,g0093,522,clean,0,ok,3607.941,true,true,true,true,,
symbolfit__seed522__clean__g0094,symbolfit,g0094,522,clean,0,ok,3638.758,true,true,true,true,,
symbolfit__seed522__clean__g0095,symbolfit,g0095,522,clean,0,ok,3608.553,true,true,true,true,,
symbolfit__seed522__clean__g0096,symbolfit,g0096,522,clean,0,ok,3606.750,true,true,true,true,,
symbolfit__seed522__clean__g0097,symbolfit,g0097,522,clean,0,ok,3608.071,true,true,true,true,,
symbolfit__seed522__clean__g0098,symbolfit,g0098,522,clean,0,ok,3608.246,true,true,true,true,,
symbolfit__seed522__clean__g0099,symbolfit,g0099,522,clean,0,ok,3634.256,true,true,true,true,,
symbolfit__seed522__clean__g0100,symbolfit,g0100,522,clean,0,ok,3608.970,true,true,true,true,,
symbolfit__seed522__clean__g0101,symbolfit,g0101,522,clean,0,ok,3608.813,true,true,true,true,,
symbolfit__seed522__clean__g0102,symbolfit,g0102,522,clean,0,ok,3609.118,true,true,true,true,,
symbolfit__seed522__clean__g0103,symbolfit,g0103,522,clean,0,ok,3608.489,true,true,true,true,,
symbolfit__seed522__clean__g0104,symbolfit,g0104,522,clean,0,ok,3607.990,true,true,true,true,,
symbolfit__seed522__clean__g0105,symbolfit,g0105,522,clean,0,ok,3607.999,true,true,true,true,,
symbolfit__seed522__clean__g0106,symbolfit,g0106,522,clean,0,ok,3617.549,true,true,true,true,,
symbolfit__seed522__clean__g0107,symbolfit,g0107,522,clean,0,ok,3633.647,true,true,true,true,,
symbolfit__seed522__clean__g0108,symbolfit,g0108,522,clean,0,ok,3608.215,true,true,true,true,,
symbolfit__seed522__clean__g0109,symbolfit,g0109,522,clean,0,ok,3608.121,true,true,true,true,,
symbolfit__seed522__clean__g0110,symbolfit,g0110,522,clean,0,ok,3608.145,true,true,true,true,,
symbolfit__seed522__clean__g0111,symbolfit,g0111,522,clean,0,ok,3607.715,true,true,true,true,,
symbolfit__seed522__clean__g0112,symbolfit,g0112,522,clean,0,ok,3606.260,true,true,true,true,,
symbolfit__seed522__clean__g0113,symbolfit,g0113,522,clean,0,ok,3607.641,true,true,true,true,,
symbolfit__seed522__clean__g0114,symbolfit,g0114,522,clean,0,ok,3607.359,true,true,true,true,,
symbolfit__seed522__clean__g0115,symbolfit,g0115,522,clean,0,ok,3607.226,true,true,true,true,,
symbolfit__seed522__clean__g0116,symbolfit,g0116,522,clean,0,ok,3607.520,true,true,true,true,,
symbolfit__seed522__clean__g0117,symbolfit,g0117,522,clean,0,ok,3608.863,true,true,true,true,,
symbolfit__seed522__clean__g0118,symbolfit,g0118,522,clean,0,ok,3608.257,true,true,true,true,,
symbolfit__seed522__clean__g0119,symbolfit,g0119,522,clean,0,ok,3614.491,true,true,true,true,,
symbolfit__seed522__clean__g0120,symbolfit,g0120,522,clean,0,ok,3628.239,true,true,true,true,,
symbolfit__seed522__clean__g0121,symbolfit,g0121,522,clean,0,ok,3606.172,true,true,true,true,,
symbolfit__seed522__clean__g0122,symbolfit,g0122,522,clean,0,ok,3607.126,true,true,true,true,,
symbolfit__seed522__clean__g0123,symbolfit,g0123,522,clean,0,ok,3607.016,true,true,true,true,,
symbolfit__seed522__clean__g0124,symbolfit,g0124,522,clean,0,ok,3607.099,true,true,true,true,,
symbolfit__seed522__clean__g0125,symbolfit,g0125,522,clean,0,ok,3607.653,true,true,true,true,,
symbolfit__seed522__clean__g0126,symbolfit,g0126,522,clean,0,ok,3608.250,true,true,true,true,,
symbolfit__seed522__clean__g0127,symbolfit,g0127,522,clean,0,ok,3608.395,true,true,true,true,,
symbolfit__seed522__clean__g0128,symbolfit,g0128,522,clean,0,ok,3608.108,true,true,true,true,,
symbolfit__seed522__clean__g0129,symbolfit,g0129,522,clean,0,ok,3608.336,true,true,true,true,,
symbolfit__seed522__clean__g0130,symbolfit,g0130,522,clean,0,ok,3607.556,true,true,true,true,,
symbolfit__seed522__clean__g0131,symbolfit,g0131,522,clean,0,ok,3608.355,true,true,true,true,,
symbolfit__seed522__clean__g0132,symbolfit,g0132,522,clean,0,ok,3607.720,true,true,true,true,,
symbolfit__seed522__clean__g0133,symbolfit,g0133,522,clean,0,ok,3607.391,true,true,true,true,,
symbolfit__seed522__clean__g0134,symbolfit,g0134,522,clean,0,ok,3607.121,true,true,true,true,,
symbolfit__seed522__clean__g0135,symbolfit,g0135,522,clean,0,ok,3606.190,true,true,true,true,,
symbolfit__seed522__clean__g0136,symbolfit,g0136,522,clean,0,ok,3648.801,true,true,true,true,,
symbolfit__seed522__clean__g0137,symbolfit,g0137,522,clean,0,ok,3617.965,true,true,true,true,,
symbolfit__seed522__clean__g0138,symbolfit,g0138,522,clean,0,ok,3609.460,true,true,true,true,,
symbolfit__seed522__clean__g0139,symbolfit,g0139,522,clean,0,ok,3609.856,true,true,true,true,,
symbolfit__seed522__clean__g0140,symbolfit,g0140,522,clean,0,ok,3609.716,true,true,true,true,,
symbolfit__seed522__clean__g0141,symbolfit,g0141,522,clean,0,ok,3609.504,true,true,true,true,,
symbolfit__seed522__clean__g0142,symbolfit,g0142,522,clean,0,ok,3607.499,true,true,true,true,,
symbolfit__seed522__clean__g0143,symbolfit,g0143,522,clean,0,ok,3607.500,true,true,true,true,,
symbolfit__seed522__clean__g0144,symbolfit,g0144,522,clean,0,ok,3607.543,true,true,true,true,,
symbolfit__seed522__clean__g0145,symbolfit,g0145,522,clean,0,ok,3608.288,true,true,true,true,,
symbolfit__seed522__clean__g0146,symbolfit,g0146,522,clean,0,ok,3608.297,true,true,true,true,,
symbolfit__seed522__clean__g0147,symbolfit,g0147,522,clean,0,ok,3644.222,true,true,true,true,,
symbolfit__seed522__clean__g0148,symbolfit,g0148,522,clean,0,ok,3636.718,true,true,true,true,,
symbolfit__seed522__clean__g0149,symbolfit,g0149,522,clean,0,ok,3609.068,true,true,true,true,,
symbolfit__seed522__clean__g0150,symbolfit,g0150,522,clean,0,ok,3607.769,true,true,true,true,,
symbolfit__seed522__clean__g0151,symbolfit,g0151,522,clean,0,ok,3606.925,true,true,true,true,,
symbolfit__seed522__clean__g0152,symbolfit,g0152,522,clean,0,ok,3606.974,true,true,true,true,,
symbolfit__seed522__clean__g0153,symbolfit,g0153,522,clean,0,ok,3607.023,true,true,true,true,,
symbolfit__seed522__clean__g0154,symbolfit,g0154,522,clean,0,ok,3606.824,true,true,true,true,,
symbolfit__seed522__clean__g0155,symbolfit,g0155,522,clean,0,ok,3607.211,true,true,true,true,,
symbolfit__seed522__clean__g0156,symbolfit,g0156,522,clean,0,ok,3607.950,true,true,true,true,,
symbolfit__seed522__clean__g0157,symbolfit,g0157,522,clean,0,ok,3607.769,true,true,true,true,,
symbolfit__seed522__clean__g0158,symbolfit,g0158,522,clean,0,ok,3607.630,true,true,true,true,,
symbolfit__seed522__clean__g0159,symbolfit,g0159,522,clean,0,ok,3607.724,true,true,true,true,,
symbolfit__seed522__clean__g0160,symbolfit,g0160,522,clean,0,ok,3607.595,true,true,true,true,,
symbolfit__seed522__clean__g0161,symbolfit,g0161,522,clean,0,ok,3607.748,true,true,true,true,,
symbolfit__seed522__clean__g0162,symbolfit,g0162,522,clean,0,ok,3643.887,true,true,true,true,,
symbolfit__seed522__clean__g0163,symbolfit,g0163,522,clean,0,ok,3607.347,true,true,true,true,,
symbolfit__seed522__clean__g0164,symbolfit,g0164,522,clean,0,ok,3607.169,true,true,true,true,,
symbolfit__seed522__clean__g0165,symbolfit,g0165,522,clean,0,ok,3608.219,true,true,true,true,,
symbolfit__seed522__clean__g0166,symbolfit,g0166,522,clean,0,ok,3608.541,true,true,true,true,,
symbolfit__seed522__clean__g0167,symbolfit,g0167,522,clean,0,ok,3608.241,true,true,true,true,,
symbolfit__seed522__clean__g0168,symbolfit,g0168,522,clean,0,ok,3607.696,true,true,true,true,,
symbolfit__seed522__clean__g0169,symbolfit,g0169,522,clean,0,ok,3607.638,true,true,true,true,,
symbolfit__seed522__clean__g0170,symbolfit,g0170,522,clean,0,ok,3608.542,true,true,true,true,,
symbolfit__seed522__clean__g0171,symbolfit,g0171,522,clean,0,ok,3609.014,true,true,true,true,,
symbolfit__seed522__clean__g0172,symbolfit,g0172,522,clean,0,ok,3605.405,true,true,true,true,,
symbolfit__seed522__clean__g0173,symbolfit,g0173,522,clean,0,ok,3605.116,true,true,true,true,,
symbolfit__seed522__clean__g0174,symbolfit,g0174,522,clean,0,ok,3617.780,true,true,true,true,,
symbolfit__seed522__clean__g0175,symbolfit,g0175,522,clean,0,ok,3605.181,true,true,true,true,,
symbolfit__seed522__clean__g0176,symbolfit,g0176,522,clean,0,ok,3605.204,true,true,true,true,,
symbolfit__seed522__clean__g0177,symbolfit,g0177,522,clean,0,ok,3615.046,true,true,true,true,,
symbolfit__seed522__clean__g0178,symbolfit,g0178,522,clean,0,ok,3615.251,true,true,true,true,,
symbolfit__seed522__clean__g0179,symbolfit,g0179,522,clean,0,ok,3604.962,true,true,true,true,,
symbolfit__seed522__clean__g0180,symbolfit,g0180,522,clean,0,ok,3604.984,true,true,true,true,,
symbolfit__seed522__clean__g0181,symbolfit,g0181,522,clean,0,ok,3605.100,true,true,true,true,,
symbolfit__seed522__clean__g0182,symbolfit,g0182,522,clean,0,ok,3618.542,true,true,true,true,,
symbolfit__seed522__clean__g0183,symbolfit,g0183,522,clean,0,ok,3619.182,true,true,true,true,,
symbolfit__seed522__clean__g0184,symbolfit,g0184,522,clean,0,ok,3605.170,true,true,true,true,,
symbolfit__seed522__clean__g0185,symbolfit,g0185,522,clean,0,ok,3605.008,true,true,true,true,,
symbolfit__seed522__clean__g0186,symbolfit,g0186,522,clean,0,ok,3621.431,true,true,true,true,,
symbolfit__seed522__clean__g0187,symbolfit,g0187,522,clean,0,ok,3605.012,true,true,true,true,,
symbolfit__seed522__clean__g0188,symbolfit,g0188,522,clean,0,ok,3605.071,true,true,true,true,,
symbolfit__seed522__clean__g0189,symbolfit,g0189,522,clean,0,ok,3605.038,true,true,true,true,,
symbolfit__seed522__clean__g0190,symbolfit,g0190,522,clean,0,ok,3604.983,true,true,true,true,,
symbolfit__seed522__clean__g0191,symbolfit,g0191,522,clean,0,ok,3605.208,true,true,true,true,,
symbolfit__seed522__clean__g0192,symbolfit,g0192,522,clean,0,ok,3605.266,true,true,true,true,,
symbolfit__seed522__clean__g0193,symbolfit,g0193,522,clean,0,ok,3612.154,true,true,true,true,,
symbolfit__seed522__clean__g0194,symbolfit,g0194,522,clean,0,ok,3624.066,true,true,true,true,,
symbolfit__seed522__clean__g0195,symbolfit,g0195,522,clean,0,ok,3605.010,true,true,true,true,,
symbolfit__seed522__clean__g0196,symbolfit,g0196,522,clean,0,ok,3605.175,true,true,true,true,,
symbolfit__seed522__clean__g0197,symbolfit,g0197,522,clean,0,ok,3605.172,true,true,true,true,,
symbolfit__seed522__clean__g0198,symbolfit,g0198,522,clean,0,ok,3605.241,true,true,true,true,,
symbolfit__seed522__clean__g0199,symbolfit,g0199,522,clean,0,ok,3604.990,true,true,true,true,,
symbolfit__seed522__clean__g0200,symbolfit,g0200,522,clean,0,ok,3604.838,true,true,true,true,,
symbolfit__seed522__clean__g0201,symbolfit,g0201,522,clean,0,ok,3620.045,true,true,true,true,,
symbolfit__seed522__clean__g0202,symbolfit,g0202,522,clean,0,ok,3604.927,true,true,true,true,,
symbolfit__seed522__clean__g0203,symbolfit,g0203,522,clean,0,ok,3605.002,true,true,true,true,,
symbolfit__seed522__clean__g0204,symbolfit,g0204,522,clean,0,ok,3605.314,true,true,true,true,,
symbolfit__seed522__clean__g0205,symbolfit,g0205,522,clean,0,ok,3605.189,true,true,true,true,,
symbolfit__seed522__clean__g0206,symbolfit,g0206,522,clean,0,ok,3604.935,true,true,true,true,,
symbolfit__seed522__clean__g0207,symbolfit,g0207,522,clean,0,ok,3605.067,true,true,true,true,,
symbolfit__seed522__clean__g0208,symbolfit,g0208,522,clean,0,ok,3604.928,true,true,true,true,,
symbolfit__seed522__clean__g0209,symbolfit,g0209,522,clean,0,ok,3605.116,true,true,true,true,,
symbolfit__seed522__clean__g0210,symbolfit,g0210,522,clean,0,ok,3605.195,true,true,true,true,,
symbolfit__seed522__clean__g0211,symbolfit,g0211,522,clean,0,ok,3604.957,true,true,true,true,,
symbolfit__seed522__clean__g0212,symbolfit,g0212,522,clean,0,ok,3617.948,true,true,true,true,,
symbolfit__seed522__clean__g0213,symbolfit,g0213,522,clean,0,ok,3605.092,true,true,true,true,,
symbolfit__seed522__clean__g0214,symbolfit,g0214,522,clean,0,ok,3605.068,true,true,true,true,,
symbolfit__seed522__clean__g0215,symbolfit,g0215,522,clean,0,ok,3622.870,true,true,true,true,,
symbolfit__seed522__clean__g0216,symbolfit,g0216,522,clean,0,ok,3605.073,true,true,true,true,,
symbolfit__seed522__clean__g0217,symbolfit,g0217,522,clean,0,ok,3605.050,true,true,true,true,,
symbolfit__seed522__clean__g0218,symbolfit,g0218,522,clean,0,ok,3605.042,true,true,true,true,,
symbolfit__seed522__clean__g0219,symbolfit,g0219,522,clean,0,ok,3605.084,true,true,true,true,,
symbolfit__seed522__clean__g0220,symbolfit,g0220,522,clean,0,ok,3604.963,true,true,true,true,,
symbolfit__seed522__clean__g0221,symbolfit,g0221,522,clean,0,ok,3605.028,true,true,true,true,,
symbolfit__seed522__clean__g0222,symbolfit,g0222,522,clean,0,ok,3602.345,true,true,true,true,,
symbolfit__seed522__clean__g0223,symbolfit,g0223,522,clean,0,ok,3617.955,true,true,true,true,,
symbolfit__seed522__clean__g0224,symbolfit,g0224,522,clean,0,ok,3605.020,true,true,true,true,,
symbolfit__seed522__clean__g0225,symbolfit,g0225,522,clean,0,ok,3604.980,true,true,true,true,,
symbolfit__seed522__clean__g0226,symbolfit,g0226,522,clean,0,ok,3605.345,true,true,true,true,,
symbolfit__seed522__clean__g0227,symbolfit,g0227,522,clean,0,ok,3605.065,true,true,true,true,,
symbolfit__seed522__clean__g0228,symbolfit,g0228,522,clean,0,ok,3605.277,true,true,true,true,,
symbolfit__seed522__clean__g0229,symbolfit,g0229,522,clean,0,ok,3605.077,true,true,true,true,,
symbolfit__seed522__clean__g0230,symbolfit,g0230,522,clean,0,ok,3605.046,true,true,true,true,,
symbolfit__seed522__clean__g0231,symbolfit,g0231,522,clean,0,ok,3605.075,true,true,true,true,,
symbolfit__seed522__clean__g0232,symbolfit,g0232,522,clean,0,ok,3604.998,true,true,true,true,,
symbolfit__seed522__clean__g0233,symbolfit,g0233,522,clean,0,ok,3604.918,true,true,true,true,,
symbolfit__seed522__clean__g0234,symbolfit,g0234,522,clean,0,ok,3619.803,true,true,true,true,,
symbolfit__seed522__clean__g0235,symbolfit,g0235,522,clean,0,ok,3604.844,true,true,true,true,,
symbolfit__seed522__clean__g0236,symbolfit,g0236,522,clean,0,ok,3604.967,true,true,true,true,,
symbolfit__seed522__clean__g0237,symbolfit,g0237,522,clean,0,ok,3602.348,true,true,true,true,,
symbolfit__seed522__clean__g0238,symbolfit,g0238,522,clean,0,ok,3605.085,true,true,true,true,,
symbolfit__seed522__clean__g0239,symbolfit,g0239,522,clean,0,ok,3605.062,true,true,true,true,,
symbolfit__seed522__clean__g0240,symbolfit,g0240,522,clean,0,ok,3604.929,true,true,true,true,,
symbolfit__seed522__clean__g0241,symbolfit,g0241,522,clean,0,ok,3604.994,true,true,true,true,,
symbolfit__seed522__clean__g0242,symbolfit,g0242,522,clean,0,ok,3605.213,true,true,true,true,,
symbolfit__seed522__clean__g0243,symbolfit,g0243,522,clean,0,ok,3605.130,true,true,true,true,,
symbolfit__seed522__clean__g0244,symbolfit,g0244,522,clean,0,ok,3605.120,true,true,true,true,,
symbolfit__seed522__clean__g0245,symbolfit,g0245,522,clean,0,ok,3619.549,true,true,true,true,,
symbolfit__seed522__clean__g0246,symbolfit,g0246,522,clean,0,ok,3621.953,true,true,true,true,,
symbolfit__seed522__clean__g0247,symbolfit,g0247,522,clean,0,ok,3614.684,true,true,true,true,,
symbolfit__seed522__clean__g0248,symbolfit,g0248,522,clean,0,ok,3605.191,true,true,true,true,,
symbolfit__seed522__clean__g0249,symbolfit,g0249,522,clean,0,ok,3625.687,true,true,true,true,,
symbolfit__seed522__clean__g0250,symbolfit,g0250,522,clean,0,ok,3618.162,true,true,true,true,,
symbolfit__seed522__clean__g0251,symbolfit,g0251,522,clean,0,ok,3605.029,true,true,true,true,,
symbolfit__seed522__clean__g0252,symbolfit,g0252,522,clean,0,ok,3605.051,true,true,true,true,,
symbolfit__seed522__clean__g0253,symbolfit,g0253,522,clean,0,ok,3605.150,true,true,true,true,,
symbolfit__seed522__clean__g0254,symbolfit,g0254,522,clean,0,ok,3605.295,true,true,true,true,,
symbolfit__seed522__clean__g0255,symbolfit,g0255,522,clean,0,ok,3616.176,true,true,true,true,,
symbolfit__seed522__clean__g0256,symbolfit,g0256,522,clean,0,ok,3605.173,true,true,true,true,,
symbolfit__seed522__clean__g0257,symbolfit,g0257,522,clean,0,ok,3605.215,true,true,true,true,,
symbolfit__seed522__clean__g0258,symbolfit,g0258,522,clean,0,ok,3619.733,true,true,true,true,,
symbolfit__seed522__clean__g0259,symbolfit,g0259,522,clean,0,ok,3605.117,true,true,true,true,,
symbolfit__seed522__clean__g0260,symbolfit,g0260,522,clean,0,ok,3605.377,true,true,true,true,,
symbolfit__seed522__clean__g0261,symbolfit,g0261,522,clean,0,ok,3612.770,true,true,true,true,,
symbolfit__seed522__clean__g0262,symbolfit,g0262,522,clean,0,ok,3613.702,true,true,true,true,,
symbolfit__seed522__clean__g0263,symbolfit,g0263,522,clean,0,ok,3605.323,true,true,true,true,,
symbolfit__seed522__clean__g0264,symbolfit,g0264,522,clean,0,ok,3605.186,true,true,true,true,,
symbolfit__seed522__clean__g0265,symbolfit,g0265,522,clean,0,ok,3605.256,true,true,true,true,,
symbolfit__seed522__clean__g0266,symbolfit,g0266,522,clean,0,ok,3605.168,true,true,true,true,,
symbolfit__seed522__clean__g0267,symbolfit,g0267,522,clean,0,ok,3605.155,true,true,true,true,,
symbolfit__seed522__clean__g0268,symbolfit,g0268,522,clean,0,ok,3605.197,true,true,true,true,,
symbolfit__seed522__clean__g0269,symbolfit,g0269,522,clean,0,ok,3605.108,true,true,true,true,,
symbolfit__seed522__clean__g0270,symbolfit,g0270,522,clean,0,ok,3605.047,true,true,true,true,,
symbolfit__seed522__clean__g0271,symbolfit,g0271,522,clean,0,ok,3605.356,true,true,true,true,,
symbolfit__seed522__clean__g0272,symbolfit,g0272,522,clean,0,ok,3624.044,true,true,true,true,,
symbolfit__seed522__clean__g0273,symbolfit,g0273,522,clean,0,ok,3605.250,true,true,true,true,,
symbolfit__seed522__clean__g0274,symbolfit,g0274,522,clean,0,ok,3605.269,true,true,true,true,,
symbolfit__seed522__clean__g0275,symbolfit,g0275,522,clean,0,ok,3605.488,true,true,true,true,,
symbolfit__seed522__clean__g0276,symbolfit,g0276,522,clean,0,ok,3605.405,true,true,true,true,,
symbolfit__seed522__clean__g0277,symbolfit,g0277,522,clean,0,ok,3605.309,true,true,true,true,,
symbolfit__seed522__clean__g0278,symbolfit,g0278,522,clean,0,ok,3605.184,true,true,true,true,,
symbolfit__seed522__clean__g0279,symbolfit,g0279,522,clean,0,ok,3605.209,true,true,true,true,,
symbolfit__seed522__clean__g0280,symbolfit,g0280,522,clean,0,ok,3605.372,true,true,true,true,,
symbolfit__seed522__clean__g0281,symbolfit,g0281,522,clean,0,ok,3607.747,true,true,true,true,,
symbolfit__seed522__clean__g0282,symbolfit,g0282,522,clean,0,ok,3605.513,true,true,true,true,,
symbolfit__seed522__clean__g0283,symbolfit,g0283,522,clean,0,ok,3605.218,true,true,true,true,,
symbolfit__seed522__clean__g0284,symbolfit,g0284,522,clean,0,ok,3605.266,true,true,true,true,,
symbolfit__seed522__clean__g0285,symbolfit,g0285,522,clean,0,ok,3605.208,true,true,true,true,,
symbolfit__seed522__clean__g0286,symbolfit,g0286,522,clean,0,ok,3621.241,true,true,true,true,,
symbolfit__seed522__clean__g0287,symbolfit,g0287,522,clean,0,ok,3605.550,true,true,true,true,,
symbolfit__seed522__clean__g0288,symbolfit,g0288,522,clean,0,ok,3605.523,true,true,true,true,,
symbolfit__seed522__clean__g0289,symbolfit,g0289,522,clean,0,ok,3605.186,true,true,true,true,,
symbolfit__seed522__clean__g0290,symbolfit,g0290,522,clean,0,ok,3605.264,true,true,true,true,,
symbolfit__seed522__clean__g0291,symbolfit,g0291,522,clean,0,ok,3605.439,true,true,true,true,,
symbolfit__seed522__clean__g0292,symbolfit,g0292,522,clean,0,ok,3605.719,true,true,true,true,,
symbolfit__seed522__clean__g0293,symbolfit,g0293,522,clean,0,ok,3611.799,true,true,true,true,,
symbolfit__seed522__clean__g0294,symbolfit,g0294,522,clean,0,ok,3605.240,true,true,true,true,,
symbolfit__seed522__clean__g0295,symbolfit,g0295,522,clean,0,ok,3605.439,true,true,true,true,,
symbolfit__seed522__clean__g0296,symbolfit,g0296,522,clean,0,ok,3605.216,true,true,true,true,,
symbolfit__seed522__clean__g0297,symbolfit,g0297,522,clean,0,ok,3605.294,true,true,true,true,,
symbolfit__seed522__clean__g0298,symbolfit,g0298,522,clean,0,ok,3605.298,true,true,true,true,,
symbolfit__seed522__clean__g0299,symbolfit,g0299,522,clean,0,ok,3605.396,true,true,true,true,,
symbolfit__seed522__clean__g0300,symbolfit,g0300,522,clean,0,ok,3605.426,true,true,true,true,,
symbolfit__seed522__clean__g0301,symbolfit,g0301,522,clean,0,ok,3605.345,true,true,true,true,,
symbolfit__seed522__clean__g0302,symbolfit,g0302,522,clean,0,ok,3605.393,true,true,true,true,,
symbolfit__seed522__clean__g0303,symbolfit,g0303,522,clean,0,ok,3605.323,true,true,true,true,,
symbolfit__seed522__clean__g0304,symbolfit,g0304,522,clean,0,ok,3605.197,true,true,true,true,,
symbolfit__seed522__clean__g0305,symbolfit,g0305,522,clean,0,ok,3605.233,true,true,true,true,,
symbolfit__seed522__clean__g0306,symbolfit,g0306,522,clean,0,ok,3608.986,true,true,true,true,,
symbolfit__seed522__clean__g0307,symbolfit,g0307,522,clean,0,ok,3605.431,true,true,true,true,,
symbolfit__seed522__clean__g0308,symbolfit,g0308,522,clean,0,ok,3605.344,true,true,true,true,,
symbolfit__seed522__clean__g0309,symbolfit,g0309,522,clean,0,ok,3605.181,true,true,true,true,,
symbolfit__seed522__clean__g0310,symbolfit,g0310,522,clean,0,ok,3605.536,true,true,true,true,,
symbolfit__seed522__clean__g0311,symbolfit,g0311,522,clean,0,ok,3605.077,true,true,true,true,,
symbolfit__seed522__clean__g0312,symbolfit,g0312,522,clean,0,ok,3605.177,true,true,true,true,,
symbolfit__seed522__clean__g0313,symbolfit,g0313,522,clean,0,ok,3605.535,true,true,true,true,,
symbolfit__seed522__clean__g0314,symbolfit,g0314,522,clean,0,ok,3605.283,true,true,true,true,,
symbolfit__seed522__clean__g0315,symbolfit,g0315,522,clean,0,ok,3605.515,true,true,true,true,,
symbolfit__seed522__clean__g0316,symbolfit,g0316,522,clean,0,ok,3605.189,true,true,true,true,,
symbolfit__seed522__clean__g0317,symbolfit,g0317,522,clean,0,ok,3605.374,true,true,true,true,,
symbolfit__seed522__clean__g0318,symbolfit,g0318,522,clean,0,ok,3617.741,true,true,true,true,,
symbolfit__seed522__clean__g0319,symbolfit,g0319,522,clean,0,ok,3605.325,true,true,true,true,,
symbolfit__seed522__clean__g0320,symbolfit,g0320,522,clean,0,ok,3605.143,true,true,true,true,,
symbolfit__seed522__clean__g0321,symbolfit,g0321,522,clean,0,ok,3605.353,true,true,true,true,,
symbolfit__seed522__clean__g0322,symbolfit,g0322,522,clean,0,ok,3621.078,true,true,true,true,,
symbolfit__seed522__clean__g0323,symbolfit,g0323,522,clean,0,ok,3605.322,true,true,true,true,,
symbolfit__seed522__clean__g0324,symbolfit,g0324,522,clean,0,ok,3605.133,true,true,true,true,,
symbolfit__seed522__clean__g0325,symbolfit,g0325,522,clean,0,ok,3605.435,true,true,true,true,,
symbolfit__seed522__clean__g0326,symbolfit,g0326,522,clean,0,ok,3622.836,true,true,true,true,,
symbolfit__seed522__clean__g0327,symbolfit,g0327,522,clean,0,ok,3624.274,true,true,true,true,,
symbolfit__seed522__clean__g0328,symbolfit,g0328,522,clean,0,ok,3605.215,true,true,true,true,,
symbolfit__seed522__clean__g0329,symbolfit,g0329,522,clean,0,ok,3605.153,true,true,true,true,,
symbolfit__seed522__clean__g0330,symbolfit,g0330,522,clean,0,ok,3605.109,true,true,true,true,,
symbolfit__seed522__clean__g0331,symbolfit,g0331,522,clean,0,ok,3605.168,true,true,true,true,,
symbolfit__seed522__clean__g0332,symbolfit,g0332,522,clean,0,ok,3625.813,true,true,true,true,,
symbolfit__seed522__clean__g0333,symbolfit,g0333,522,clean,0,ok,3605.266,true,true,true,true,,
symbolfit__seed522__clean__g0334,symbolfit,g0334,522,clean,0,ok,3605.357,true,true,true,true,,
symbolfit__seed522__clean__g0335,symbolfit,g0335,522,clean,0,ok,3605.262,true,true,true,true,,
symbolfit__seed522__clean__g0336,symbolfit,g0336,522,clean,0,ok,3605.151,true,true,true,true,,
symbolfit__seed522__clean__g0337,symbolfit,g0337,522,clean,0,ok,3606.414,true,true,true,true,,
symbolfit__seed522__clean__g0338,symbolfit,g0338,522,clean,0,ok,3605.231,true,true,true,true,,
symbolfit__seed522__clean__g0339,symbolfit,g0339,522,clean,0,ok,3605.248,true,true,true,true,,
symbolfit__seed522__clean__g0340,symbolfit,g0340,522,clean,0,ok,3605.396,true,true,true,true,,
symbolfit__seed522__clean__g0341,symbolfit,g0341,522,clean,0,ok,3618.613,true,true,true,true,,
symbolfit__seed522__clean__g0342,symbolfit,g0342,522,clean,0,ok,3605.452,true,true,true,true,,
symbolfit__seed522__clean__g0343,symbolfit,g0343,522,clean,0,ok,3605.269,true,true,true,true,,
symbolfit__seed522__clean__g0344,symbolfit,g0344,522,clean,0,ok,3605.400,true,true,true,true,,
symbolfit__seed522__clean__g0345,symbolfit,g0345,522,clean,0,ok,3605.463,true,true,true,true,,
symbolfit__seed522__clean__g0346,symbolfit,g0346,522,clean,0,ok,3605.124,true,true,true,true,,
symbolfit__seed522__clean__g0347,symbolfit,g0347,522,clean,0,ok,3623.360,true,true,true,true,,
symbolfit__seed522__clean__g0348,symbolfit,g0348,522,clean,0,ok,3621.351,true,true,true,true,,
symbolfit__seed522__clean__g0349,symbolfit,g0349,522,clean,0,ok,3605.397,true,true,true,true,,
symbolfit__seed522__clean__g0350,symbolfit,g0350,522,clean,0,ok,3605.276,true,true,true,true,,
symbolfit__seed522__clean__g0351,symbolfit,g0351,522,clean,0,ok,3605.415,true,true,true,true,,
symbolfit__seed522__clean__g0352,symbolfit,g0352,522,clean,0,ok,3605.502,true,true,true,true,,
symbolfit__seed522__clean__g0353,symbolfit,g0353,522,clean,0,ok,3623.052,true,true,true,true,,
symbolfit__seed522__clean__g0354,symbolfit,g0354,522,clean,0,ok,3605.489,true,true,true,true,,
symbolfit__seed522__clean__g0355,symbolfit,g0355,522,clean,0,ok,3605.457,true,true,true,true,,
symbolfit__seed522__clean__g0356,symbolfit,g0356,522,clean,0,ok,3605.563,true,true,true,true,,
symbolfit__seed522__clean__g0357,symbolfit,g0357,522,clean,0,ok,3605.481,true,true,true,true,,
symbolfit__seed522__clean__g0358,symbolfit,g0358,522,clean,0,ok,3605.435,true,true,true,true,,
symbolfit__seed522__clean__g0359,symbolfit,g0359,522,clean,0,ok,3605.161,true,true,true,true,,
symbolfit__seed522__clean__g0360,symbolfit,g0360,522,clean,0,ok,3607.332,true,true,true,true,,
symbolfit__seed522__clean__g0361,symbolfit,g0361,522,clean,0,ok,3605.368,true,true,true,true,,
symbolfit__seed522__clean__g0362,symbolfit,g0362,522,clean,0,ok,3605.378,true,true,true,true,,
symbolfit__seed522__clean__g0363,symbolfit,g0363,522,clean,0,ok,3605.284,true,true,true,true,,
symbolfit__seed522__clean__g0364,symbolfit,g0364,522,clean,0,ok,3605.271,true,true,true,true,,
symbolfit__seed522__clean__g0365,symbolfit,g0365,522,clean,0,ok,3605.319,true,true,true,true,,
symbolfit__seed522__clean__g0366,symbolfit,g0366,522,clean,0,ok,3605.392,true,true,true,true,,
symbolfit__seed522__clean__g0367,symbolfit,g0367,522,clean,0,ok,3605.498,true,true,true,true,,
symbolfit__seed522__clean__g0368,symbolfit,g0368,522,clean,0,ok,3605.122,true,true,true,true,,
symbolfit__seed522__clean__g0369,symbolfit,g0369,522,clean,0,ok,3605.370,true,true,true,true,,
symbolfit__seed522__clean__g0370,symbolfit,g0370,522,clean,0,ok,3605.491,true,true,true,true,,
symbolfit__seed522__clean__g0371,symbolfit,g0371,522,clean,0,ok,3605.292,true,true,true,true,,
symbolfit__seed522__clean__g0372,symbolfit,g0372,522,clean,0,ok,3605.576,true,true,true,true,,
symbolfit__seed522__clean__g0373,symbolfit,g0373,522,clean,0,ok,3605.411,true,true,true,true,,
symbolfit__seed522__clean__g0374,symbolfit,g0374,522,clean,0,ok,3605.336,true,true,true,true,,
symbolfit__seed522__clean__g0375,symbolfit,g0375,522,clean,0,ok,3605.558,true,true,true,true,,
symbolfit__seed522__clean__g0376,symbolfit,g0376,522,clean,0,ok,3619.635,true,true,true,true,,
symbolfit__seed522__clean__g0377,symbolfit,g0377,522,clean,0,ok,3605.381,true,true,true,true,,
symbolfit__seed522__clean__g0378,symbolfit,g0378,522,clean,0,ok,3605.775,true,true,true,true,,
symbolfit__seed522__clean__g0379,symbolfit,g0379,522,clean,0,ok,3605.224,true,true,true,true,,
symbolfit__seed522__clean__g0380,symbolfit,g0380,522,clean,0,ok,3605.428,true,true,true,true,,
symbolfit__seed522__clean__g0381,symbolfit,g0381,522,clean,0,ok,3605.133,true,true,true,true,,
symbolfit__seed522__clean__g0382,symbolfit,g0382,522,clean,0,ok,3605.218,true,true,true,true,,
symbolfit__seed522__clean__g0383,symbolfit,g0383,522,clean,0,ok,3605.094,true,true,true,true,,
symbolfit__seed522__clean__g0384,symbolfit,g0384,522,clean,0,ok,3605.218,true,true,true,true,,
symbolfit__seed522__clean__g0385,symbolfit,g0385,522,clean,0,ok,3617.128,true,true,true,true,,
symbolfit__seed522__clean__g0386,symbolfit,g0386,522,clean,0,ok,3605.366,true,true,true,true,,
symbolfit__seed522__clean__g0387,symbolfit,g0387,522,clean,0,ok,3605.555,true,true,true,true,,
symbolfit__seed522__clean__g0388,symbolfit,g0388,522,clean,0,ok,3605.471,true,true,true,true,,
symbolfit__seed522__clean__g0389,symbolfit,g0389,522,clean,0,ok,3605.431,true,true,true,true,,
symbolfit__seed522__clean__g0390,symbolfit,g0390,522,clean,0,ok,3610.568,true,true,true,true,,
symbolfit__seed522__clean__g0391,symbolfit,g0391,522,clean,0,ok,3605.451,true,true,true,true,,
symbolfit__seed522__clean__g0392,symbolfit,g0392,522,clean,0,ok,3605.372,true,true,true,true,,
symbolfit__seed522__clean__g0393,symbolfit,g0393,522,clean,0,ok,3605.281,true,true,true,true,,
symbolfit__seed522__clean__g0394,symbolfit,g0394,522,clean,0,ok,3624.807,true,true,true,true,,
symbolfit__seed522__clean__g0395,symbolfit,g0395,522,clean,0,ok,3605.160,true,true,true,true,,
symbolfit__seed522__clean__g0396,symbolfit,g0396,522,clean,0,ok,3605.324,true,true,true,true,,
symbolfit__seed522__clean__g0397,symbolfit,g0397,522,clean,0,ok,3605.431,true,true,true,true,,
symbolfit__seed522__clean__g0398,symbolfit,g0398,522,clean,0,ok,3605.250,true,true,true,true,,
symbolfit__seed522__clean__g0399,symbolfit,g0399,522,clean,0,ok,3627.399,true,true,true,true,,
symbolfit__seed522__clean__g0400,symbolfit,g0400,522,clean,0,ok,3626.495,true,true,true,true,,
symbolfit__seed522__clean__g0401,symbolfit,g0401,522,clean,0,ok,3605.021,true,true,true,true,,
symbolfit__seed522__clean__g0402,symbolfit,g0402,522,clean,0,ok,3605.293,true,true,true,true,,
symbolfit__seed522__clean__g0403,symbolfit,g0403,522,clean,0,ok,3605.196,true,true,true,true,,
symbolfit__seed522__clean__g0404,symbolfit,g0404,522,clean,0,ok,3605.381,true,true,true,true,,
symbolfit__seed522__clean__g0405,symbolfit,g0405,522,clean,0,ok,3612.931,true,true,true,true,,
symbolfit__seed522__clean__g0406,symbolfit,g0406,522,clean,0,ok,3623.876,true,true,true,true,,
symbolfit__seed522__clean__g0407,symbolfit,g0407,522,clean,0,ok,3605.161,true,true,true,true,,
symbolfit__seed522__clean__g0408,symbolfit,g0408,522,clean,0,ok,3605.051,true,true,true,true,,
symbolfit__seed522__clean__g0409,symbolfit,g0409,522,clean,0,ok,3605.358,true,true,true,true,,
symbolfit__seed522__clean__g0410,symbolfit,g0410,522,clean,0,ok,3605.116,true,true,true,true,,
symbolfit__seed522__clean__g0411,symbolfit,g0411,522,clean,0,ok,3605.233,true,true,true,true,,
symbolfit__seed522__clean__g0412,symbolfit,g0412,522,clean,0,ok,3618.998,true,true,true,true,,
symbolfit__seed522__clean__g0413,symbolfit,g0413,522,clean,0,ok,3605.135,true,true,true,true,,
symbolfit__seed522__clean__g0414,symbolfit,g0414,522,clean,0,ok,3605.176,true,true,true,true,,
symbolfit__seed522__clean__g0415,symbolfit,g0415,522,clean,0,ok,3605.396,true,true,true,true,,
symbolfit__seed522__clean__g0416,symbolfit,g0416,522,clean,0,ok,3605.196,true,true,true,true,,
symbolfit__seed522__clean__g0417,symbolfit,g0417,522,clean,0,ok,3605.567,true,true,true,true,,
symbolfit__seed522__clean__g0418,symbolfit,g0418,522,clean,0,ok,3605.224,true,true,true,true,,
symbolfit__seed522__clean__g0419,symbolfit,g0419,522,clean,0,ok,3605.417,true,true,true,true,,
symbolfit__seed522__clean__g0420,symbolfit,g0420,522,clean,0,ok,3605.394,true,true,true,true,,
symbolfit__seed522__clean__g0421,symbolfit,g0421,522,clean,0,ok,3605.264,true,true,true,true,,
symbolfit__seed522__clean__g0422,symbolfit,g0422,522,clean,0,ok,3621.654,true,true,true,true,,
symbolfit__seed522__clean__g0423,symbolfit,g0423,522,clean,0,ok,3605.318,true,true,true,true,,
symbolfit__seed522__clean__g0424,symbolfit,g0424,522,clean,0,ok,3605.198,true,true,true,true,,
symbolfit__seed522__clean__g0425,symbolfit,g0425,522,clean,0,ok,3619.272,true,true,true,true,,
symbolfit__seed522__clean__g0426,symbolfit,g0426,522,clean,0,ok,3605.448,true,true,true,true,,
symbolfit__seed522__clean__g0427,symbolfit,g0427,522,clean,0,ok,3605.301,true,true,true,true,,
symbolfit__seed522__clean__g0428,symbolfit,g0428,522,clean,0,ok,3611.846,true,true,true,true,,
symbolfit__seed522__clean__g0429,symbolfit,g0429,522,clean,0,ok,3615.426,true,true,true,true,,
symbolfit__seed522__clean__g0430,symbolfit,g0430,522,clean,0,ok,3605.204,true,true,true,true,,
symbolfit__seed522__clean__g0431,symbolfit,g0431,522,clean,0,ok,3605.271,true,true,true,true,,
symbolfit__seed522__clean__g0432,symbolfit,g0432,522,clean,0,ok,3605.133,true,true,true,true,,
symbolfit__seed522__clean__g0433,symbolfit,g0433,522,clean,0,ok,3605.404,true,true,true,true,,
symbolfit__seed522__clean__g0434,symbolfit,g0434,522,clean,0,ok,3605.501,true,true,true,true,,
symbolfit__seed522__clean__g0435,symbolfit,g0435,522,clean,0,ok,3605.215,true,true,true,true,,
symbolfit__seed522__clean__g0436,symbolfit,g0436,522,clean,0,ok,3605.782,true,true,true,true,,
symbolfit__seed522__clean__g0437,symbolfit,g0437,522,clean,0,ok,3605.631,true,true,true,true,,
symbolfit__seed522__clean__g0438,symbolfit,g0438,522,clean,0,ok,3605.214,true,true,true,true,,
symbolfit__seed522__clean__g0439,symbolfit,g0439,522,clean,0,ok,3605.585,true,true,true,true,,
symbolfit__seed522__clean__g0440,symbolfit,g0440,522,clean,0,ok,3605.455,true,true,true,true,,
symbolfit__seed522__clean__g0441,symbolfit,g0441,522,clean,0,ok,3605.436,true,true,true,true,,
symbolfit__seed522__clean__g0442,symbolfit,g0442,522,clean,0,ok,3605.091,true,true,true,true,,
symbolfit__seed522__clean__g0443,symbolfit,g0443,522,clean,0,ok,3609.283,true,true,true,true,,
symbolfit__seed522__clean__g0444,symbolfit,g0444,522,clean,0,ok,3605.459,true,true,true,true,,
symbolfit__seed522__clean__g0445,symbolfit,g0445,522,clean,0,ok,3605.282,true,true,true,true,,
symbolfit__seed522__clean__g0446,symbolfit,g0446,522,clean,0,ok,3605.519,true,true,true,true,,
symbolfit__seed522__clean__g0447,symbolfit,g0447,522,clean,0,ok,3605.241,true,true,true,true,,
symbolfit__seed522__clean__g0448,symbolfit,g0448,522,clean,0,ok,3611.181,true,true,true,true,,
symbolfit__seed522__clean__g0449,symbolfit,g0449,522,clean,0,ok,3605.704,true,true,true,true,,
symbolfit__seed522__clean__g0450,symbolfit,g0450,522,clean,0,ok,3605.226,true,true,true,true,,
symbolfit__seed522__clean__g0451,symbolfit,g0451,522,clean,0,ok,3605.319,true,true,true,true,,
symbolfit__seed522__clean__g0452,symbolfit,g0452,522,clean,0,ok,3605.654,true,true,true,true,,
symbolfit__seed522__clean__g0453,symbolfit,g0453,522,clean,0,ok,3605.441,true,true,true,true,,
symbolfit__seed522__clean__g0454,symbolfit,g0454,522,clean,0,ok,3605.254,true,true,true,true,,
symbolfit__seed522__clean__g0455,symbolfit,g0455,522,clean,0,ok,3610.671,true,true,true,true,,
symbolfit__seed522__clean__g0456,symbolfit,g0456,522,clean,0,ok,3606.074,true,true,true,true,,
symbolfit__seed522__clean__g0457,symbolfit,g0457,522,clean,0,ok,3605.327,true,true,true,true,,
symbolfit__seed522__clean__g0458,symbolfit,g0458,522,clean,0,ok,3625.393,true,true,true,true,,
symbolfit__seed522__clean__g0459,symbolfit,g0459,522,clean,0,ok,3605.445,true,true,true,true,,
symbolfit__seed522__clean__g0460,symbolfit,g0460,522,clean,0,ok,3630.803,true,true,true,true,,
symbolfit__seed522__clean__g0461,symbolfit,g0461,522,clean,0,ok,3605.299,true,true,true,true,,
symbolfit__seed522__clean__g0462,symbolfit,g0462,522,clean,0,ok,3606.002,true,true,true,true,,
symbolfit__seed522__clean__g0463,symbolfit,g0463,522,clean,0,ok,3605.499,true,true,true,true,,
symbolfit__seed522__clean__g0464,symbolfit,g0464,522,clean,0,ok,3605.455,true,true,true,true,,
symbolfit__seed522__clean__g0465,symbolfit,g0465,522,clean,0,ok,3605.235,true,true,true,true,,
symbolfit__seed522__clean__g0466,symbolfit,g0466,522,clean,0,ok,3612.187,true,true,true,true,,
symbolfit__seed522__clean__g0467,symbolfit,g0467,522,clean,0,ok,3605.282,true,true,true,true,,
symbolfit__seed522__clean__g0468,symbolfit,g0468,522,clean,0,ok,3605.507,true,true,true,true,,
symbolfit__seed522__clean__g0469,symbolfit,g0469,522,clean,0,ok,3605.460,true,true,true,true,,
symbolfit__seed522__clean__g0470,symbolfit,g0470,522,clean,0,ok,3605.510,true,true,true,true,,
symbolfit__seed522__clean__g0471,symbolfit,g0471,522,clean,0,ok,3605.225,true,true,true,true,,
symbolfit__seed522__clean__g0472,symbolfit,g0472,522,clean,0,ok,3605.779,true,true,true,true,,
symbolfit__seed522__clean__g0473,symbolfit,g0473,522,clean,0,ok,3607.987,true,true,true,true,,
symbolfit__seed522__clean__g0474,symbolfit,g0474,522,clean,0,ok,3606.836,true,true,true,true,,
symbolfit__seed522__clean__g0475,symbolfit,g0475,522,clean,0,ok,3632.709,true,true,true,true,,
symbolfit__seed522__clean__g0476,symbolfit,g0476,522,clean,0,ok,3607.594,true,true,true,true,,
symbolfit__seed522__clean__g0477,symbolfit,g0477,522,clean,0,ok,3622.098,true,true,true,true,,
symbolfit__seed522__clean__g0478,symbolfit,g0478,522,clean,0,ok,3607.472,true,true,true,true,,
symbolfit__seed522__clean__g0479,symbolfit,g0479,522,clean,0,ok,3606.987,true,true,true,true,,
symbolfit__seed522__clean__g0480,symbolfit,g0480,522,clean,0,ok,3623.913,true,true,true,true,,
symbolfit__seed522__clean__g0481,symbolfit,g0481,522,clean,0,ok,3638.247,true,true,true,true,,
symbolfit__seed522__clean__g0482,symbolfit,g0482,522,clean,0,ok,3607.457,true,true,true,true,,
symbolfit__seed522__clean__g0483,symbolfit,g0483,522,clean,0,ok,3607.418,true,true,true,true,,
symbolfit__seed522__clean__g0484,symbolfit,g0484,522,clean,0,ok,3607.585,true,true,true,true,,
symbolfit__seed522__clean__g0485,symbolfit,g0485,522,clean,0,ok,3607.287,true,true,true,true,,
symbolfit__seed522__clean__g0486,symbolfit,g0486,522,clean,0,ok,3607.109,true,true,true,true,,
symbolfit__seed522__clean__g0487,symbolfit,g0487,522,clean,0,ok,3627.918,true,true,true,true,,
symbolfit__seed522__clean__g0488,symbolfit,g0488,522,clean,0,ok,3606.860,true,true,true,true,,
symbolfit__seed522__clean__g0489,symbolfit,g0489,522,clean,0,ok,3607.495,true,true,true,true,,
symbolfit__seed522__clean__g0490,symbolfit,g0490,522,clean,0,ok,3607.618,true,true,true,true,,
symbolfit__seed522__clean__g0491,symbolfit,g0491,522,clean,0,ok,3606.534,true,true,true,true,,
symbolfit__seed522__clean__g0492,symbolfit,g0492,522,clean,0,ok,3607.548,true,true,true,true,,
symbolfit__seed522__clean__g0493,symbolfit,g0493,522,clean,0,ok,3620.860,true,true,true,true,,
symbolfit__seed522__clean__g0494,symbolfit,g0494,522,clean,0,ok,3607.126,true,true,true,true,,
symbolfit__seed522__clean__g0495,symbolfit,g0495,522,clean,0,ok,3614.795,true,true,true,true,,
symbolfit__seed522__clean__g0496,symbolfit,g0496,522,clean,0,ok,3606.739,true,true,true,true,,
symbolfit__seed522__clean__g0497,symbolfit,g0497,522,clean,0,ok,3606.697,true,true,true,true,,
symbolfit__seed522__clean__g0498,symbolfit,g0498,522,clean,0,ok,3608.175,true,true,true,true,,
symbolfit__seed522__clean__g0499,symbolfit,g0499,522,clean,0,ok,3607.137,true,true,true,true,,
symbolfit__seed522__clean__g0500,symbolfit,g0500,522,clean,0,ok,3607.473,true,true,true,true,,
symbolfit__seed522__clean__g0501,symbolfit,g0501,522,clean,0,ok,3606.905,true,true,true,true,,
symbolfit__seed522__clean__g0502,symbolfit,g0502,522,clean,0,ok,3607.996,true,true,true,true,,
symbolfit__seed522__clean__g0503,symbolfit,g0503,522,clean,0,ok,3607.560,true,true,true,true,,
symbolfit__seed522__clean__g0504,symbolfit,g0504,522,clean,0,ok,3606.967,true,true,true,true,,
symbolfit__seed522__clean__g0505,symbolfit,g0505,522,clean,0,ok,3614.855,true,true,true,true,,
symbolfit__seed522__clean__g0506,symbolfit,g0506,522,clean,0,ok,3646.240,true,true,true,true,,
symbolfit__seed522__clean__g0507,symbolfit,g0507,522,clean,0,ok,3611.948,true,true,true,true,,
symbolfit__seed522__clean__g0508,symbolfit,g0508,522,clean,0,ok,3608.276,true,true,true,true,,
symbolfit__seed522__clean__g0509,symbolfit,g0509,522,clean,0,ok,3608.002,true,true,true,true,,
symbolfit__seed522__clean__g0510,symbolfit,g0510,522,clean,0,ok,3609.972,true,true,true,true,,
symbolfit__seed522__clean__g0511,symbolfit,g0511,522,clean,0,ok,3637.365,true,true,true,true,,
symbolfit__seed522__clean__g0512,symbolfit,g0512,522,clean,0,ok,3623.660,true,true,true,true,,
symbolfit__seed522__clean__g0513,symbolfit,g0513,522,clean,0,ok,3607.693,true,true,true,true,,
symbolfit__seed522__clean__g0514,symbolfit,g0514,522,clean,0,ok,3606.704,true,true,true,true,,
symbolfit__seed522__clean__g0515,symbolfit,g0515,522,clean,0,ok,3607.099,true,true,true,true,,
symbolfit__seed522__clean__g0516,symbolfit,g0516,522,clean,0,ok,3607.383,true,true,true,true,,
symbolfit__seed522__clean__g0517,symbolfit,g0517,522,clean,0,ok,3608.008,true,true,true,true,,
symbolfit__seed522__clean__g0518,symbolfit,g0518,522,clean,0,ok,3608.018,true,true,true,true,,
symbolfit__seed522__clean__g0519,symbolfit,g0519,522,clean,0,ok,3607.184,true,true,true,true,,
symbolfit__seed522__clean__g0520,symbolfit,g0520,522,clean,0,ok,3607.661,true,true,true,true,,
symbolfit__seed522__clean__g0521,symbolfit,g0521,522,clean,0,ok,3607.068,true,true,true,true,,
symbolfit__seed522__clean__g0522,symbolfit,g0522,522,clean,0,ok,3608.177,true,true,true,true,,
symbolfit__seed522__clean__g0523,symbolfit,g0523,522,clean,0,ok,3606.417,true,true,true,true,,
symbolfit__seed522__clean__g0524,symbolfit,g0524,522,clean,0,ok,3607.624,true,true,true,true,,
symbolfit__seed522__clean__g0525,symbolfit,g0525,522,clean,0,ok,3608.011,true,true,true,true,,
symbolfit__seed522__clean__g0526,symbolfit,g0526,522,clean,0,ok,3628.898,true,true,true,true,,
symbolfit__seed522__clean__g0527,symbolfit,g0527,522,clean,0,ok,3606.762,true,true,true,true,,
symbolfit__seed522__clean__g0528,symbolfit,g0528,522,clean,0,ok,3608.265,true,true,true,true,,
symbolfit__seed522__clean__g0529,symbolfit,g0529,522,clean,0,ok,3607.588,true,true,true,true,,
symbolfit__seed522__clean__g0530,symbolfit,g0530,522,clean,0,ok,3606.823,true,true,true,true,,
symbolfit__seed522__clean__g0531,symbolfit,g0531,522,clean,0,ok,3607.307,true,true,true,true,,
symbolfit__seed522__clean__g0532,symbolfit,g0532,522,clean,0,ok,3606.916,true,true,true,true,,
symbolfit__seed522__clean__g0533,symbolfit,g0533,522,clean,0,ok,3608.573,true,true,true,true,,
symbolfit__seed522__clean__g0534,symbolfit,g0534,522,clean,0,ok,3608.242,true,true,true,true,,
symbolfit__seed522__clean__g0535,symbolfit,g0535,522,clean,0,ok,3607.537,true,true,true,true,,
symbolfit__seed522__clean__g0536,symbolfit,g0536,522,clean,0,ok,3607.850,true,true,true,true,,
symbolfit__seed522__clean__g0537,symbolfit,g0537,522,clean,0,ok,3626.733,true,true,true,true,,
symbolfit__seed522__clean__g0538,symbolfit,g0538,522,clean,0,ok,3621.131,true,true,true,true,,
symbolfit__seed522__clean__g0539,symbolfit,g0539,522,clean,0,ok,3642.976,true,true,true,true,,
symbolfit__seed522__clean__g0540,symbolfit,g0540,522,clean,0,ok,3606.669,true,true,true,true,,
symbolfit__seed522__clean__g0541,symbolfit,g0541,522,clean,0,ok,3607.106,true,true,true,true,,
symbolfit__seed522__clean__g0542,symbolfit,g0542,522,clean,0,ok,3607.610,true,true,true,true,,
symbolfit__seed522__clean__g0543,symbolfit,g0543,522,clean,0,ok,3608.206,true,true,true,true,,
symbolfit__seed522__clean__g0544,symbolfit,g0544,522,clean,0,ok,3607.192,true,true,true,true,,
symbolfit__seed522__clean__g0545,symbolfit,g0545,522,clean,0,ok,3607.014,true,true,true,true,,
symbolfit__seed522__clean__g0546,symbolfit,g0546,522,clean,0,ok,3607.683,true,true,true,true,,
symbolfit__seed522__clean__g0547,symbolfit,g0547,522,clean,0,ok,3608.586,true,true,true,true,,
symbolfit__seed522__clean__g0548,symbolfit,g0548,522,clean,0,ok,3607.293,true,true,true,true,,
symbolfit__seed522__clean__g0549,symbolfit,g0549,522,clean,0,ok,3607.863,true,true,true,true,,
symbolfit__seed522__clean__g0550,symbolfit,g0550,522,clean,0,ok,3607.625,true,true,true,true,,
symbolfit__seed522__clean__g0551,symbolfit,g0551,522,clean,0,ok,3606.691,true,true,true,true,,
symbolfit__seed522__clean__g0552,symbolfit,g0552,522,clean,0,ok,3608.106,true,true,true,true,,
symbolfit__seed522__clean__g0553,symbolfit,g0553,522,clean,0,ok,3607.489,true,true,true,true,,
symbolfit__seed522__clean__g0554,symbolfit,g0554,522,clean,0,ok,3607.998,true,true,true,true,,
symbolfit__seed522__clean__g0555,symbolfit,g0555,522,clean,0,ok,3606.815,true,true,true,true,,
symbolfit__seed522__clean__g0556,symbolfit,g0556,522,clean,0,ok,3607.600,true,true,true,true,,
symbolfit__seed522__clean__g0557,symbolfit,g0557,522,clean,0,ok,3607.843,true,true,true,true,,
symbolfit__seed522__clean__g0558,symbolfit,g0558,522,clean,0,ok,3608.657,true,true,true,true,,
symbolfit__seed522__clean__g0559,symbolfit,g0559,522,clean,0,ok,3607.726,true,true,true,true,,
symbolfit__seed522__clean__g0560,symbolfit,g0560,522,clean,0,ok,3608.055,true,true,true,true,,
symbolfit__seed522__clean__g0561,symbolfit,g0561,522,clean,0,ok,3606.962,true,true,true,true,,
symbolfit__seed522__clean__g0562,symbolfit,g0562,522,clean,0,ok,3607.400,true,true,true,true,,
symbolfit__seed522__clean__g0563,symbolfit,g0563,522,clean,0,ok,3607.988,true,true,true,true,,
symbolfit__seed522__clean__g0564,symbolfit,g0564,522,clean,0,ok,3606.933,true,true,true,true,,
symbolfit__seed522__clean__g0565,symbolfit,g0565,522,clean,0,ok,3607.243,true,true,true,true,,
symbolfit__seed522__clean__g0566,symbolfit,g0566,522,clean,0,ok,3607.073,true,true,true,true,,
symbolfit__seed522__clean__g0567,symbolfit,g0567,522,clean,0,ok,3606.982,true,true,true,true,,
symbolfit__seed522__clean__g0568,symbolfit,g0568,522,clean,0,ok,3606.144,true,true,true,true,,
symbolfit__seed522__clean__g0569,symbolfit,g0569,522,clean,0,ok,3615.982,true,true,true,true,,
symbolfit__seed522__clean__g0570,symbolfit,g0570,522,clean,0,ok,3607.908,true,true,true,true,,
symbolfit__seed522__clean__g0571,symbolfit,g0571,522,clean,0,ok,3610.194,true,true,true,true,,
symbolfit__seed522__clean__g0572,symbolfit,g0572,522,clean,0,ok,3609.132,true,true,true,true,,
symbolfit__seed522__clean__g0573,symbolfit,g0573,522,clean,0,ok,3607.394,true,true,true,true,,
symbolfit__seed522__clean__g0574,symbolfit,g0574,522,clean,0,ok,3607.243,true,true,true,true,,
symbolfit__seed522__clean__g0575,symbolfit,g0575,522,clean,0,ok,3608.217,true,true,true,true,,
symbolfit__seed522__clean__g0576,symbolfit,g0576,522,clean,0,ok,3607.545,true,true,true,true,,
symbolfit__seed522__clean__g0577,symbolfit,g0577,522,clean,0,ok,3629.341,true,true,true,true,,
symbolfit__seed522__clean__g0578,symbolfit,g0578,522,clean,0,ok,3632.249,true,true,true,true,,
symbolfit__seed522__clean__g0579,symbolfit,g0579,522,clean,0,ok,3608.576,true,true,true,true,,
symbolfit__seed522__clean__g0580,symbolfit,g0580,522,clean,0,ok,3608.012,true,true,true,true,,
symbolfit__seed522__clean__g0581,symbolfit,g0581,522,clean,0,ok,3607.429,true,true,true,true,,
symbolfit__seed522__clean__g0582,symbolfit,g0582,522,clean,0,ok,3608.441,true,true,true,true,,
symbolfit__seed522__clean__g0583,symbolfit,g0583,522,clean,0,ok,3608.698,true,true,true,true,,
symbolfit__seed522__clean__g0584,symbolfit,g0584,522,clean,0,ok,3608.168,true,true,true,true,,
symbolfit__seed522__clean__g0585,symbolfit,g0585,522,clean,0,ok,3607.142,true,true,true,true,,
symbolfit__seed522__clean__g0586,symbolfit,g0586,522,clean,0,ok,3608.604,true,true,true,true,,
symbolfit__seed522__clean__g0587,symbolfit,g0587,522,clean,0,ok,3607.299,true,true,true,true,,
symbolfit__seed522__clean__g0588,symbolfit,g0588,522,clean,0,ok,3608.161,true,true,true,true,,
symbolfit__seed522__clean__g0589,symbolfit,g0589,522,clean,0,ok,3631.667,true,true,true,true,,
symbolfit__seed522__clean__g0590,symbolfit,g0590,522,clean,0,ok,3632.220,true,true,true,true,,
symbolfit__seed522__clean__g0591,symbolfit,g0591,522,clean,0,ok,3607.721,true,true,true,true,,
symbolfit__seed522__clean__g0592,symbolfit,g0592,522,clean,0,ok,3605.029,true,true,true,true,,
symbolfit__seed522__clean__g0593,symbolfit,g0593,522,clean,0,ok,3604.982,true,true,true,true,,
symbolfit__seed522__clean__g0594,symbolfit,g0594,522,clean,0,ok,3604.992,true,true,true,true,,
symbolfit__seed522__clean__g0595,symbolfit,g0595,522,clean,0,ok,3605.008,true,true,true,true,,
symbolfit__seed522__clean__g0596,symbolfit,g0596,522,clean,0,ok,3605.066,true,true,true,true,,
symbolfit__seed522__clean__g0597,symbolfit,g0597,522,clean,0,ok,3610.067,true,true,true,true,,
symbolfit__seed522__clean__g0598,symbolfit,g0598,522,clean,0,ok,3605.080,true,true,true,true,,
symbolfit__seed522__clean__g0599,symbolfit,g0599,522,clean,0,ok,3605.122,true,true,true,true,,
symbolfit__seed522__clean__g0600,symbolfit,g0600,522,clean,0,ok,3605.383,true,true,true,true,,
symbolfit__seed522__clean__g0601,symbolfit,g0601,522,clean,0,ok,3604.838,true,true,true,true,,
symbolfit__seed522__clean__g0602,symbolfit,g0602,522,clean,0,ok,3609.571,true,true,true,true,,
symbolfit__seed522__clean__g0603,symbolfit,g0603,522,clean,0,ok,3617.568,true,true,true,true,,
symbolfit__seed522__clean__g0604,symbolfit,g0604,522,clean,0,ok,3605.014,true,true,true,true,,
symbolfit__seed522__clean__g0605,symbolfit,g0605,522,clean,0,ok,3605.018,true,true,true,true,,
symbolfit__seed522__clean__g0606,symbolfit,g0606,522,clean,0,ok,3610.232,true,true,true,true,,
symbolfit__seed522__clean__g0607,symbolfit,g0607,522,clean,0,ok,3605.080,true,true,true,true,,
symbolfit__seed522__clean__g0608,symbolfit,g0608,522,clean,0,ok,3605.000,true,true,true,true,,
symbolfit__seed522__clean__g0609,symbolfit,g0609,522,clean,0,ok,3604.978,true,true,true,true,,
symbolfit__seed522__clean__g0610,symbolfit,g0610,522,clean,0,ok,3604.900,true,true,true,true,,
symbolfit__seed522__clean__g0611,symbolfit,g0611,522,clean,0,ok,3607.035,true,true,true,true,,
symbolfit__seed522__clean__g0612,symbolfit,g0612,522,clean,0,ok,3606.136,true,true,true,true,,
symbolfit__seed522__clean__g0613,symbolfit,g0613,522,clean,0,ok,3604.859,true,true,true,true,,
symbolfit__seed522__clean__g0614,symbolfit,g0614,522,clean,0,ok,3604.784,true,true,true,true,,
symbolfit__seed522__clean__g0615,symbolfit,g0615,522,clean,0,ok,3604.874,true,true,true,true,,
symbolfit__seed522__clean__g0616,symbolfit,g0616,522,clean,0,ok,3605.105,true,true,true,true,,
symbolfit__seed522__clean__g0617,symbolfit,g0617,522,clean,0,ok,3604.968,true,true,true,true,,
symbolfit__seed522__clean__g0618,symbolfit,g0618,522,clean,0,ok,3604.823,true,true,true,true,,
symbolfit__seed522__clean__g0619,symbolfit,g0619,522,clean,0,ok,3604.929,true,true,true,true,,
symbolfit__seed522__clean__g0620,symbolfit,g0620,522,clean,0,ok,3604.936,true,true,true,true,,
symbolfit__seed522__clean__g0621,symbolfit,g0621,522,clean,0,ok,3604.790,true,true,true,true,,
symbolfit__seed522__clean__g0622,symbolfit,g0622,522,clean,0,ok,3604.801,true,true,true,true,,
symbolfit__seed522__clean__g0623,symbolfit,g0623,522,clean,0,ok,3604.863,true,true,true,true,,
symbolfit__seed522__clean__g0624,symbolfit,g0624,522,clean,0,ok,3604.957,true,true,true,true,,
symbolfit__seed522__clean__g0625,symbolfit,g0625,522,clean,0,ok,3604.834,true,true,true,true,,
symbolfit__seed522__clean__g0626,symbolfit,g0626,522,clean,0,ok,3604.895,true,true,true,true,,
symbolfit__seed522__clean__g0627,symbolfit,g0627,522,clean,0,ok,3604.767,true,true,true,true,,
symbolfit__seed522__clean__g0628,symbolfit,g0628,522,clean,0,ok,3604.736,true,true,true,true,,
symbolfit__seed522__clean__g0629,symbolfit,g0629,522,clean,0,ok,3604.810,true,true,true,true,,
symbolfit__seed522__clean__g0630,symbolfit,g0630,522,clean,0,ok,3604.836,true,true,true,true,,
symbolfit__seed522__clean__g0631,symbolfit,g0631,522,clean,0,ok,3604.737,true,true,true,true,,
symbolfit__seed522__clean__g0632,symbolfit,g0632,522,clean,0,ok,3604.933,true,true,true,true,,
symbolfit__seed522__clean__g0633,symbolfit,g0633,522,clean,0,ok,3604.708,true,true,true,true,,
symbolfit__seed522__clean__g0634,symbolfit,g0634,522,clean,0,ok,3604.910,true,true,true,true,,
symbolfit__seed522__clean__g0635,symbolfit,g0635,522,clean,0,ok,3604.904,true,true,true,true,,
symbolfit__seed522__clean__g0636,symbolfit,g0636,522,clean,0,ok,3604.735,true,true,true,true,,
symbolfit__seed522__clean__g0637,symbolfit,g0637,522,clean,0,ok,3604.744,true,true,true,true,,
symbolfit__seed522__clean__g0638,symbolfit,g0638,522,clean,0,ok,3606.255,true,true,true,true,,
symbolfit__seed522__clean__g0639,symbolfit,g0639,522,clean,0,ok,3604.638,true,true,true,true,,
symbolfit__seed522__clean__g0640,symbolfit,g0640,522,clean,0,ok,3604.657,true,true,true,true,,
symbolfit__seed522__clean__g0641,symbolfit,g0641,522,clean,0,ok,3606.576,true,true,true,true,,
symbolfit__seed522__clean__g0642,symbolfit,g0642,522,clean,0,ok,3604.831,true,true,true,true,,
symbolfit__seed522__clean__g0643,symbolfit,g0643,522,clean,0,ok,3605.885,true,true,true,true,,
symbolfit__seed522__clean__g0644,symbolfit,g0644,522,clean,0,ok,3604.742,true,true,true,true,,
symbolfit__seed522__clean__g0645,symbolfit,g0645,522,clean,0,ok,3604.574,true,true,true,true,,
symbolfit__seed522__clean__g0646,symbolfit,g0646,522,clean,0,ok,3604.846,true,true,true,true,,
symbolfit__seed522__clean__g0647,symbolfit,g0647,522,clean,0,ok,3604.895,true,true,true,true,,
symbolfit__seed522__clean__g0648,symbolfit,g0648,522,clean,0,ok,3605.768,true,true,true,true,,
symbolfit__seed522__clean__g0649,symbolfit,g0649,522,clean,0,ok,3604.547,true,true,true,true,,
symbolfit__seed522__clean__g0650,symbolfit,g0650,522,clean,0,ok,3606.127,true,true,true,true,,
symbolfit__seed522__clean__g0651,symbolfit,g0651,522,clean,0,ok,3606.089,true,true,true,true,,
symbolfit__seed522__clean__g0652,symbolfit,g0652,522,clean,0,ok,3604.568,true,true,true,true,,
symbolfit__seed522__clean__g0653,symbolfit,g0653,522,clean,0,ok,3605.372,true,true,true,true,,
symbolfit__seed522__clean__g0654,symbolfit,g0654,522,clean,0,ok,3605.338,true,true,true,true,,
symbolfit__seed522__clean__g0655,symbolfit,g0655,522,clean,0,ok,3604.679,true,true,true,true,,
symbolfit__seed522__clean__g0656,symbolfit,g0656,522,clean,0,ok,3604.649,true,true,true,true,,
symbolfit__seed522__clean__g0657,symbolfit,g0657,522,clean,0,ok,3604.579,true,true,true,true,,
symbolfit__seed522__clean__g0658,symbolfit,g0658,522,clean,0,ok,3604.739,true,true,true,true,,
symbolfit__seed522__clean__g0659,symbolfit,g0659,522,clean,0,ok,3604.570,true,true,true,true,,
symbolfit__seed522__clean__g0660,symbolfit,g0660,522,clean,0,ok,3604.565,true,true,true,true,,
symbolfit__seed522__clean__g0661,symbolfit,g0661,522,clean,0,ok,3604.601,true,true,true,true,,
symbolfit__seed522__clean__g0662,symbolfit,g0662,522,clean,0,ok,3604.687,true,true,true,true,,
symbolfit__seed522__clean__g0663,symbolfit,g0663,522,clean,0,ok,3604.601,true,true,true,true,,
symbolfit__seed522__clean__g0664,symbolfit,g0664,522,clean,0,ok,3604.597,true,true,true,true,,
