algorithm,gid,dataset,seed,noise_tag,noise_sigma,host,batch,task_id,snapshot_path,snapshot_sha256,checkpoint_index,elapsed_seconds,status,valid_output,metric_complete,id_test_nmse,ood_test_nmse,seconds,equation,expression_canonical,artifact_valid,ast_node_count,tree_depth
fepysr,g0001,Keijzer-11,520,clean,0.0,iaaccn23,formal3h_13alg_ssr50_seed520-522_noise0-001-005_20260622-014658,fepysr_s520_clean_g0001,/home/zhangziwen/workplace/scientific-intelligent-modelling/experiments/formal3h_13alg_ssr50_seed520-522_noise0-001-005_20260622-014658/fepysr/seed520/tasks/fepysr_s520_clean_g0001/iaaccn23/fepysr/g0001_Keijzer-11/progress/minute_0060.json,c91f9c26d57e7e725bad3a30394c4aa36dc0e13aa2297cca3090ff314f0a748f,60,3600.097,ok,True,True,0.04737683016273875,0.021592110113734988,3600.096,0.98022162142793*X0*X1 - 0.6835651*sin(1.5915092*X0*X1),0.98022162142793*x0*x1 - 0.6835651*sin(1.5915092*x0*x1),True,12,5
fepysr,g0002,Keijzer-2,520,clean,0.0,iaaccn27,formal3h_13alg_ssr50_seed520-522_noise0-001-005_20260622-014658_fepysr_rerun,fepysr_s520_clean_g0002,/home/zhangziwen/workplace/scientific-intelligent-modelling/experiments/formal3h_13alg_ssr50_seed520-522_noise0-001-005_20260622-014658_fepysr_rerun/fepysr/seed520/tasks/fepysr_s520_clean_g0002/iaaccn27/fepysr/g0002_Keijzer-2/progress/minute_0060.json,943856f0c63784750c08340c6eb76b50df1886be15b956993d9f083857669728,60,3600.024,ok,True,True,0.06501384341508278,1.467053303191608,3600.024,sin(3.3522966*cos(sin(X0^2)) + 0.788824320299658)*sin(cos(0.7550215*X0^2 - 1.6766533)),sin(3.3522966*cos(sin(x0**2)) + 0.788824320299658)*sin(cos(0.7550215*x0**2 - 1.6766533)),True,20,8
fepysr,g0003,Korns-2,520,clean,0.0,iaaccn27,formal3h_13alg_ssr50_seed520-522_noise0-001-005_20260622-014658_fepysr_rerun,fepysr_s520_clean_g0003,/home/zhangziwen/workplace/scientific-intelligent-modelling/experiments/formal3h_13alg_ssr50_seed520-522_noise0-001-005_20260622-014658_fepysr_rerun/fepysr/seed520/tasks/fepysr_s520_clean_g0003/iaaccn27/fepysr/g0003_Korns-2/progress/minute_0060.json,5e0413f77af46e77a2c9d99147003954fbdd797f1e91c627d302cbc183a2d16e,60,3600.025,ok,True,True,3.094176508375713e-10,1.3595689447178928e-10,3600.025,4.7333336*X1/X4 + 4.7333336*X3/X4 + 0.23000449 + 0.0103136646483447/(X1*X3*X4^3),4.7333336*x1/x4 + 4.7333336*x3/x4 + 0.23000449 + 0.0103136646483447/(x1*x3*x4**3),True,25,4
fepysr,g0004,Korns-4,520,clean,0.0,iaaccn27,formal3h_13alg_ssr50_seed520-522_noise0-001-005_20260622-014658_fepysr_rerun,fepysr_s520_clean_g0004,/home/zhangziwen/workplace/scientific-intelligent-modelling/experiments/formal3h_13alg_ssr50_seed520-522_noise0-001-005_20260622-014658_fepysr_rerun/fepysr/seed520/tasks/fepysr_s520_clean_g0004/iaaccn27/fepysr/g0004_Korns-4/progress/minute_0060.json,ff40333d470c444c24175e54e5a8e965adf0ebe58ed68721b3fb456f22abd89a,60,3600.019,ok,True,True,3.6091494616522826e-17,3.833864859070563e-17,3600.019,0.12999998*sin(X2) - 2.3,0.12999998*sin(x2) - 2.3,True,6,4
fepysr,g0005,BPG3,520,clean,0.0,iaaccn28,formal3h_13alg_ssr50_seed520-522_noise0-001-005_20260622-014658,fepysr_s520_clean_g0005,/home/zhangziwen/workplace/scientific-intelligent-modelling/experiments/formal3h_13alg_ssr50_seed520-522_noise0-001-005_20260622-014658/fepysr/seed520/tasks/fepysr_s520_clean_g0005/iaaccn28/fepysr/g0005_BPG3/progress/minute_0060.json,a47f69be32454b453ad22586003662e20743a20856280516ba9a6ef610389384,60,3600.038,ok,True,True,6.833482540617798e-08,1.6961445956402689e-06,3600.038,-0.8439815*X1 + sin(0.2647621*X1^2),-0.8439815*x1 + sin(0.2647621*x1**2),True,10,5
fepysr,g0006,BPG5,520,clean,0.0,iaaccn29,formal3h_13alg_ssr50_seed520-522_noise0-001-005_20260622-014658,fepysr_s520_clean_g0006,/home/zhangziwen/workplace/scientific-intelligent-modelling/experiments/formal3h_13alg_ssr50_seed520-522_noise0-001-005_20260622-014658/fepysr/seed520/tasks/fepysr_s520_clean_g0006/iaaccn29/fepysr/g0006_BPG5/progress/minute_0060.json,80b487d19400417f89e75e363d34deda43e8ed272ee465e4ef20b8a0a5fcb925,60,3600.019,ok,True,True,2.790212577680254e-05,1.0,3600.019,2.9579425*X1^2*exp(-1.041676*X0),2.9579425*x1**2*exp(-1.041676*x0),True,9,4
fepysr,g0007,BPG9,520,clean,0.0,iaaccn27,formal3h_13alg_ssr50_seed520-522_noise0-001-005_20260622-014658_fepysr_rerun,fepysr_s520_clean_g0007,/home/zhangziwen/workplace/scientific-intelligent-modelling/experiments/formal3h_13alg_ssr50_seed520-522_noise0-001-005_20260622-014658_fepysr_rerun/fepysr/seed520/tasks/fepysr_s520_clean_g0007/iaaccn27/fepysr/g0007_BPG9/progress/minute_0060.json,f9facaa04e484c9332d4d5234c5dc1680e6b8400745951be9411ee81856a31e8,60,3600.02,ok,True,True,0.06993758285223266,0.27018518585888696,3600.02,2.7099214*sin(0.329036527989476*X1 - 0.4300012),2.7099214*sin(0.329036527989476*x1 - 0.4300012),True,8,5
fepysr,g0008,CRK0,520,clean,0.0,iaaccn28,formal3h_13alg_ssr50_seed520-522_noise0-001-005_20260622-014658,fepysr_s520_clean_g0008,/home/zhangziwen/workplace/scientific-intelligent-modelling/experiments/formal3h_13alg_ssr50_seed520-522_noise0-001-005_20260622-014658/fepysr/seed520/tasks/fepysr_s520_clean_g0008/iaaccn28/fepysr/g0008_CRK0/progress/minute_0060.json,cc929aff649c8fdde676b8ae0705814f23ff0339a63fb4536fb96aa28829f238,60,3600.032,ok,True,True,6.985352605675265e-08,2.0432115782917716e-07,3600.032,(0.46272716*sin(cos(X1^2))*cos(cos(X1^2 + 0.009238199)) - 0.0872885)*sin(cos(sin(X1^2))),(0.46272716*sin(cos(x1**2))*cos(cos(x1**2 + 0.009238199)) - 0.0872885)*sin(cos(sin(x1**2))),True,23,8
fepysr,g0009,CRK10,520,clean,0.0,iaaccn23,formal3h_13alg_ssr50_seed520-522_noise0-001-005_20260622-014658,fepysr_s520_clean_g0009,/home/zhangziwen/workplace/scientific-intelligent-modelling/experiments/formal3h_13alg_ssr50_seed520-522_noise0-001-005_20260622-014658/fepysr/seed520/tasks/fepysr_s520_clean_g0009/iaaccn23/fepysr/g0009_CRK10/progress/minute_0060.json,f87ccba54ae4eafca763bffe53bd344dd6d95cc238e03ce1f77392ebb56c88fe,60,3600.051,ok,True,True,8.401148692586841e-07,0.00018038683107301823,3600.051,(1.3439049*X1^2 + 1.83690619888776)*(-0.0296869667186843*sin(X1)^2 + 0.0970896000000001*cos(X1) + 0.0397614797186843)/(0.0296869667186843*cos(X1) + 1.0970896),(1.3439049*x1**2 + 1.83690619888776)*(-0.0296869667186843*sin(x1)**2 + 0.0970896000000001*cos(x1) + 0.0397614797186843)/(0.0296869667186843*cos(x1) + 1.0970896),True,28,6
fepysr,g0010,CRK11,520,clean,0.0,iaaccn27,formal3h_13alg_ssr50_seed520-522_noise0-001-005_20260622-014658_fepysr_rerun,fepysr_s520_clean_g0010,/home/zhangziwen/workplace/scientific-intelligent-modelling/experiments/formal3h_13alg_ssr50_seed520-522_noise0-001-005_20260622-014658_fepysr_rerun/fepysr/seed520/tasks/fepysr_s520_clean_g0010/iaaccn27/fepysr/g0010_CRK11/progress/minute_0060.json,fac945009025b31f148e6b21248058a51877b12b469525a8f39e4f312e85aa15,60,3600.022,ok,True,True,7.832569453861523e-06,0.00035535328765529773,3600.022,-sin(sin(0.172373863607017*X1^4 + 0.54132483242526*X1^2 - 0.318894610941099)),-sin(sin(0.172373863607017*x1**4 + 0.54132483242526*x1**2 - 0.318894610941099)),True,16,7
fepysr,g0011,CRK33,520,clean,0.0,iaaccn28,formal3h_13alg_ssr50_seed520-522_noise0-001-005_20260622-014658,fepysr_s520_clean_g0011,/home/zhangziwen/workplace/scientific-intelligent-modelling/experiments/formal3h_13alg_ssr50_seed520-522_noise0-001-005_20260622-014658/fepysr/seed520/tasks/fepysr_s520_clean_g0011/iaaccn28/fepysr/g0011_CRK33/progress/minute_0060.json,e33210c41b1b5bf78d6aa2faa975970b6ec298ba3716a3cce72eb9440f54bc49,60,3600.031,ok,True,True,0.00013718932072628986,0.21020867783469116,3600.031,-0.0514812794749584*exp(X1) + 0.589688061 - 0.05147189*exp(X1)/X1^2,-0.0514812794749584*exp(x1) + 0.589688061 - 0.05147189*exp(x1)/x1**2,True,13,4
fepysr,g0012,CRK34,520,clean,0.0,iaaccn29,formal3h_13alg_ssr50_seed520-522_noise0-001-005_20260622-014658,fepysr_s520_clean_g0012,/home/zhangziwen/workplace/scientific-intelligent-modelling/experiments/formal3h_13alg_ssr50_seed520-522_noise0-001-005_20260622-014658/fepysr/seed520/tasks/fepysr_s520_clean_g0012/iaaccn29/fepysr/g0012_CRK34/progress/minute_0060.json,01c9336d870248172598f306151bd18408be3873459ed4b6fd6dd4e647fa3422,60,3600.024,ok,True,True,2.2850197084834835e-06,0.0027434125153867547,3600.024,sin(exp(-0.33629924*sin(X1)))*cos(X1 - 1.0052222) - 0.12886085,sin(exp(-0.33629924*sin(x1)))*cos(x1 - 1.0052222) - 0.12886085,True,13,7
fepysr,g0013,I.11.19_4_0,520,clean,0.0,iaaccn23,formal3h_13alg_ssr50_seed520-522_noise0-001-005_20260622-014658,fepysr_s520_clean_g0013,/home/zhangziwen/workplace/scientific-intelligent-modelling/experiments/formal3h_13alg_ssr50_seed520-522_noise0-001-005_20260622-014658/fepysr/seed520/tasks/fepysr_s520_clean_g0013/iaaccn23/fepysr/g0013_I.11.19_4_0/progress/minute_0060.json,d15038c3530925a6cffaccb07d2e21bc7f06af0e0636bbacd05209d3ca630e7a,60,3600.03,ok,True,True,0.023527946903129263,0.07825924449181772,3600.03,-X0/X2 + X4 - X5,-x0/x2 + x4 - x5,True,11,4
fepysr,g0014,II.11.27_1_0,520,clean,0.0,iaaccn27,formal3h_13alg_ssr50_seed520-522_noise0-001-005_20260622-014658_fepysr_rerun,fepysr_s520_clean_g0014,/home/zhangziwen/workplace/scientific-intelligent-modelling/experiments/formal3h_13alg_ssr50_seed520-522_noise0-001-005_20260622-014658_fepysr_rerun/fepysr/seed520/tasks/fepysr_s520_clean_g0014/iaaccn27/fepysr/g0014_II.11.27_1_0/progress/minute_0060.json,ae87d042caa1b8dd76d8b6971a6513db08acea937838acabcd50d09791e86f0c,60,3600.014,ok,True,True,0.9981834550791929,1.0002296299305031,3600.014,8.6627955018968716,8.6627955018968716,True,1,1
fepysr,g0015,II.34.2_1_0,520,clean,0.0,iaaccn27,formal3h_13alg_ssr50_seed520-522_noise0-001-005_20260622-014658_fepysr_rerun,fepysr_s520_clean_g0015,/home/zhangziwen/workplace/scientific-intelligent-modelling/experiments/formal3h_13alg_ssr50_seed520-522_noise0-001-005_20260622-014658_fepysr_rerun/fepysr/seed520/tasks/fepysr_s520_clean_g0015/iaaccn27/fepysr/g0015_II.34.2_1_0/progress/minute_0060.json,2b16f4103d9d83a7def366e8b79e538c0d87eb79912effd318aa45646365f1d1,60,3600.012,ok,True,True,0.5034592352975703,0.8660426743015214,3600.012,9.6310406505818165,9.6310406505818165,True,1,1
fepysr,g0016,II.6.15b_3_0,520,clean,0.0,iaaccn23,formal3h_13alg_ssr50_seed520-522_noise0-001-005_20260622-014658,fepysr_s520_clean_g0016,/home/zhangziwen/workplace/scientific-intelligent-modelling/experiments/formal3h_13alg_ssr50_seed520-522_noise0-001-005_20260622-014658/fepysr/seed520/tasks/fepysr_s520_clean_g0016/iaaccn23/fepysr/g0016_II.6.15b_3_0/progress/minute_0060.json,e7fff3907c9721ba72ad47de94ca8ac3bf93c9ec8ffcce05bc9954249483ee65,60,3600.036,ok,True,True,0.1947406459369542,0.3359132783622429,3600.036,1.62892598505337*X0 + 1.7438775*cos(sin(13.3514122135835*X0)),1.62892598505337*x0 + 1.7438775*cos(sin(13.3514122135835*x0)),True,11,6
fepysr,g0017,III.21.20_3_0,520,clean,0.0,iaaccn28,formal3h_13alg_ssr50_seed520-522_noise0-001-005_20260622-014658,fepysr_s520_clean_g0017,/home/zhangziwen/workplace/scientific-intelligent-modelling/experiments/formal3h_13alg_ssr50_seed520-522_noise0-001-005_20260622-014658/fepysr/seed520/tasks/fepysr_s520_clean_g0017/iaaccn28/fepysr/g0017_III.21.20_3_0/progress/minute_0060.json,4acbc63500f9408ab47e3072754273649670f340e2e2839d1462e6bc9cd35a04,60,3600.031,ok,True,True,0.1262042708348911,1.0979870827614135,3600.031,13.984321*X3*(0.63796003856596*X1 - sin(X2))*exp(X0) + 1.0048642,13.984321*x3*(0.63796003856596*x1 - sin(x2))*exp(x0) + 1.0048642,True,15,6
fepysr,g0018,MatSci21,520,clean,0.0,iaaccn29,formal3h_13alg_ssr50_seed520-522_noise0-001-005_20260622-014658,fepysr_s520_clean_g0018,/home/zhangziwen/workplace/scientific-intelligent-modelling/experiments/formal3h_13alg_ssr50_seed520-522_noise0-001-005_20260622-014658/fepysr/seed520/tasks/fepysr_s520_clean_g0018/iaaccn29/fepysr/g0018_MatSci21/progress/minute_0060.json,c8acf97da15fdd3ac267b7ae228b23d6d6732785f0c9ebbc29a1a94a8eec5dea,60,3600.027,ok,True,True,2.7049916770761594e-06,3.265053729495019e-07,3600.027,2*X0*(X0^2*(1050.60168*X0 + 10.0442534) - 68.93093) + 2.3277032,2*x0*(x0**2*(1050.60168*x0 + 10.0442534) - 68.93093) + 2.3277032,True,16,7
fepysr,g0019,PO19,520,clean,0.0,iaaccn27,formal3h_13alg_ssr50_seed520-522_noise0-001-005_20260622-014658,fepysr_s520_clean_g0019,/home/zhangziwen/workplace/scientific-intelligent-modelling/experiments/formal3h_13alg_ssr50_seed520-522_noise0-001-005_20260622-014658/fepysr/seed520/tasks/fepysr_s520_clean_g0019/iaaccn27/fepysr/g0019_PO19/progress/minute_0060.json,d4b3c6f631ed77a02cdd9c7420b54f6e0792b4913438778b40b35439f908ede7,60,3600.028,ok,True,True,0.0005120594327108165,0.016479468645028184,3600.028,-0.33162376*X0 - 0.6013083*X2 - 1.0*sin(sin(sin(2.1253169*X0))),-0.33162376*x0 - 0.6013083*x2 - 1.0*sin(sin(sin(2.1253169*x0))),True,15,7
fepysr,g0020,PO41,520,clean,0.0,iaaccn23,formal3h_13alg_ssr50_seed520-522_noise0-001-005_20260622-014658,fepysr_s520_clean_g0020,/home/zhangziwen/workplace/scientific-intelligent-modelling/experiments/formal3h_13alg_ssr50_seed520-522_noise0-001-005_20260622-014658/fepysr/seed520/tasks/fepysr_s520_clean_g0020/iaaccn23/fepysr/g0020_PO41/progress/minute_0060.json,c132fc52393544bc169dda086d3cef3f398035157295efb9465a0315c181b9e5,60,3600.023,ok,True,True,0.002044985152477686,0.01608672629614054,3600.023,sin(exp(-sin(X0*sin(X0)))*log(exp(-X0 - 0.5092789*X2))),sin(exp(-sin(x0*sin(x0)))*log(exp(-x0 - 0.5092789*x2))),True,19,8
fepysr,g0021,Nguyen-12,520,clean,0.0,iaaccn23,formal3h_13alg_ssr50_seed520-522_noise0-001-005_20260622-014658_fepysr_rerun,fepysr_s520_clean_g0021,/home/zhangziwen/workplace/scientific-intelligent-modelling/experiments/formal3h_13alg_ssr50_seed520-522_noise0-001-005_20260622-014658_fepysr_rerun/fepysr/seed520/tasks/fepysr_s520_clean_g0021/iaaccn23/fepysr/g0021_Nguyen-12/progress/minute_0060.json,7d777d7af600859daecd57874401f9594218100c515740f3c361fe69caa6445d,60,3600.056,ok,True,True,0.0011433465399567741,0.04651707037518485,3600.055,-sin(sin(sin(X1 + sin(sin(cos(X1))) - 0.66505426))) + 0.0348587603617561*exp(-sin(4.6509743*X0 - 1.99122069686414)),-sin(sin(sin(x1 + sin(sin(cos(x1))) - 0.66505426))) + 0.0348587603617561*exp(-sin(4.6509743*x0 - 1.99122069686414)),True,24,10
fepysr,g0022,Nguyen-6,520,clean,0.0,iaaccn27,formal3h_13alg_ssr50_seed520-522_noise0-001-005_20260622-014658,fepysr_s520_clean_g0022,/home/zhangziwen/workplace/scientific-intelligent-modelling/experiments/formal3h_13alg_ssr50_seed520-522_noise0-001-005_20260622-014658/fepysr/seed520/tasks/fepysr_s520_clean_g0022/iaaccn27/fepysr/g0022_Nguyen-6/progress/minute_0060.json,ef2d862712aef77a63a16d9329c0d9bc7afdfc7a64f238a86b44a0586c2502eb,60,3600.026,ok,True,True,1.2300930501264842e-31,1.7616981585682486e-32,3600.026,sin(X0) + sin(X0*(X0 + 1)),sin(x0) + sin(x0*(x0 + 1)),True,9,5
fepysr,g0023,Nguyen-9,520,clean,0.0,iaaccn27,formal3h_13alg_ssr50_seed520-522_noise0-001-005_20260622-014658_fepysr_rerun,fepysr_s520_clean_g0023,/home/zhangziwen/workplace/scientific-intelligent-modelling/experiments/formal3h_13alg_ssr50_seed520-522_noise0-001-005_20260622-014658_fepysr_rerun/fepysr/seed520/tasks/fepysr_s520_clean_g0023/iaaccn27/fepysr/g0023_Nguyen-9/progress/minute_0060.json,ca07d0a65ed167f0c2d3ff1def7ad0aea2e07602252aa671c12dcc5bf02f009e,60,3600.016,ok,True,True,2.1773833746559294e-31,7.81328683255247e-33,3600.016,sin(X0) + sin(X1^2),sin(x0) + sin(x1**2),True,7,4
fepysr,g0024,feynman_II_15_4,520,clean,0.0,iaaccn23,formal3h_13alg_ssr50_seed520-522_noise0-001-005_20260622-014658,fepysr_s520_clean_g0024,/home/zhangziwen/workplace/scientific-intelligent-modelling/experiments/formal3h_13alg_ssr50_seed520-522_noise0-001-005_20260622-014658/fepysr/seed520/tasks/fepysr_s520_clean_g0024/iaaccn23/fepysr/g0024_feynman_II_15_4/progress/minute_0060.json,d3feb7fb0b4e7d3ad5b09110bfb8954ec527999e8cb2093aede31e63522a8004,60,3600.03,ok,True,True,6.216208633898948e-11,1.5860088021888938e-10,3600.03,X0*(-0.999978105385131*X1 - 6.75934148857394e-5)*cos(X2),x0*(-0.999978105385131*x1 - 6.75934148857394e-5)*cos(x2),True,9,4
fepysr,g0025,feynman_I_12_11,520,clean,0.0,iaaccn28,formal3h_13alg_ssr50_seed520-522_noise0-001-005_20260622-014658,fepysr_s520_clean_g0025,/home/zhangziwen/workplace/scientific-intelligent-modelling/experiments/formal3h_13alg_ssr50_seed520-522_noise0-001-005_20260622-014658/fepysr/seed520/tasks/fepysr_s520_clean_g0025/iaaccn28/fepysr/g0025_feynman_I_12_11/progress/minute_0060.json,f72384fab7b868aa8823be298be0bd6f1cc39da1eeeff3cb3e078dbc276ed0d0,60,3600.035,ok,True,True,1.3515208670700864e-31,1.4716479784063392e-32,3600.035,X0*(X1 + X2*X3*sin(X4)),x0*(x1 + x2*x3*sin(x4)),True,9,5
fepysr,g0026,feynman_I_27_6,520,clean,0.0,iaaccn23,formal3h_13alg_ssr50_seed520-522_noise0-001-005_20260622-014658,fepysr_s520_clean_g0026,/home/zhangziwen/workplace/scientific-intelligent-modelling/experiments/formal3h_13alg_ssr50_seed520-522_noise0-001-005_20260622-014658/fepysr/seed520/tasks/fepysr_s520_clean_g0026/iaaccn23/fepysr/g0026_feynman_I_27_6/progress/minute_0060.json,3e5712c51efce2d140c749625a567a892d200b6d7bb6f53e8045ae7e69ad27b3,60,3600.014,ok,True,True,0.17444933493700132,0.47284595216072134,3600.014,0.76887835384868475,0.76887835384868475,True,1,1
fepysr,g0027,feynman_test_15,520,clean,0.0,iaaccn28,formal3h_13alg_ssr50_seed520-522_noise0-001-005_20260622-014658,fepysr_s520_clean_g0027,/home/zhangziwen/workplace/scientific-intelligent-modelling/experiments/formal3h_13alg_ssr50_seed520-522_noise0-001-005_20260622-014658/fepysr/seed520/tasks/fepysr_s520_clean_g0027/iaaccn28/fepysr/g0027_feynman_test_15/progress/minute_0060.json,e5607efc7bff734103ea81a97a8505d68b63cc115ca00a1dcad15f4c65a54484,60,3600.025,ok,True,True,0.015845324147893778,0.09584006557955049,3600.025,X2 - cos(X3),x2 - cos(x3),True,6,4
fepysr,g0028,strogatz_barmag1,520,clean,0.0,iaaccn23,formal3h_13alg_ssr50_seed520-522_noise0-001-005_20260622-014658,fepysr_s520_clean_g0028,/home/zhangziwen/workplace/scientific-intelligent-modelling/experiments/formal3h_13alg_ssr50_seed520-522_noise0-001-005_20260622-014658/fepysr/seed520/tasks/fepysr_s520_clean_g0028/iaaccn23/fepysr/g0028_strogatz_barmag1/progress/minute_0060.json,888fb534cefa97e31d92ea6cd1b53c4c0275cb0756b7913ba162f3d749ce8b8f,60,3600.02,ok,True,True,0.03816694857051113,0.08546293508741287,3600.02,exp(sin(sin(sin(X0 - X1))))*cos(X0 + 1.8858609),exp(sin(sin(sin(x0 - x1))))*cos(x0 + 1.8858609),True,14,8
fepysr,g0029,strogatz_barmag2,520,clean,0.0,iaaccn27,formal3h_13alg_ssr50_seed520-522_noise0-001-005_20260622-014658,fepysr_s520_clean_g0029,/home/zhangziwen/workplace/scientific-intelligent-modelling/experiments/formal3h_13alg_ssr50_seed520-522_noise0-001-005_20260622-014658/fepysr/seed520/tasks/fepysr_s520_clean_g0029/iaaccn27/fepysr/g0029_strogatz_barmag2/progress/minute_0060.json,1261b695c022bbb662f1b30ba32ff51f84fbed40e8ad9592f2ddc3a31b508b92,60,3600.031,ok,True,True,0.06441647691377358,0.25043628478632457,3600.031,-(cos(((X0 - 1.0768054)*exp(X0) + 1.0905375)*exp(-X0)) - 0.49434987)*sin(cos(X1 + 1.1496707)),(0.49434987 - cos(((x0 - 1.0768054)*exp(x0) + 1.0905375)*exp(-x0)))*sin(cos(x1 + 1.1496707)),True,24,9
fepysr,g0030,strogatz_predprey2,520,clean,0.0,iaaccn29,formal3h_13alg_ssr50_seed520-522_noise0-001-005_20260622-014658,fepysr_s520_clean_g0030,/home/zhangziwen/workplace/scientific-intelligent-modelling/experiments/formal3h_13alg_ssr50_seed520-522_noise0-001-005_20260622-014658/fepysr/seed520/tasks/fepysr_s520_clean_g0030/iaaccn29/fepysr/g0030_strogatz_predprey2/progress/minute_0060.json,edab9695fe32808533bf058691a533bb1ed8aa9c5298df1fc3d6b0c3944bb252,60,3600.043,ok,True,True,0.009499715361874408,92.61504178652875,3600.042,-exp(X0 - X1) + 0.39805126*log(exp(X0 - X1)) + 2.89707783 - 11.6881*exp(-X1) + 0.5331495*exp(-X0)*log(exp(X0 - X1)),-exp(x0 - x1) + 0.39805126*log(exp(x0 - x1)) + 2.89707783 - 11.6881*exp(-x1) + 0.5331495*exp(-x0)*log(exp(x0 - x1)),True,38,7
fepysr,g0031,strogatz_shearflow1,520,clean,0.0,iaaccn29,formal3h_13alg_ssr50_seed520-522_noise0-001-005_20260622-014658,fepysr_s520_clean_g0031,/home/zhangziwen/workplace/scientific-intelligent-modelling/experiments/formal3h_13alg_ssr50_seed520-522_noise0-001-005_20260622-014658/fepysr/seed520/tasks/fepysr_s520_clean_g0031/iaaccn29/fepysr/g0031_strogatz_shearflow1/progress/minute_0060.json,a695c8a14822d8b9b633de7f670b49b04081e52367fa3c7b197218f2f36bcf8a,60,3600.021,ok,True,True,0.0010972214307159972,0.23208434984504503,3600.021,-(0.097096496*X1^2 + 0.42048672)*(X1^2 - 2.3615735)*cos(1.02522039085851*X0)/X1,(-0.097096496*x1**2 - 0.42048672)*(x1**2 - 2.3615735)*cos(1.02522039085851*x0)/x1,True,20,5
fepysr,g0032,strogatz_vdp1,520,clean,0.0,iaaccn27,formal3h_13alg_ssr50_seed520-522_noise0-001-005_20260622-014658_fepysr_rerun,fepysr_s520_clean_g0032,/home/zhangziwen/workplace/scientific-intelligent-modelling/experiments/formal3h_13alg_ssr50_seed520-522_noise0-001-005_20260622-014658_fepysr_rerun/fepysr/seed520/tasks/fepysr_s520_clean_g0032/iaaccn27/fepysr/g0032_strogatz_vdp1/progress/minute_0060.json,d4c11307c061b6e48623150965621cc32e425ebfb72405e0c2f2f33c2c11c3d8,60,3600.022,ok,True,True,0.019216833490181058,0.02715448243469407,3600.022,-10.209222*X0 + 10.209222*X1 + 10.209222*sin(1.40336991217009*X0),-10.209222*x0 + 10.209222*x1 + 10.209222*sin(1.40336991217009*x0),True,13,5
fepysr,g0033,first_principles_hubble,520,clean,0.0,iaaccn24,formal3h_13alg_ssr50_seed520-522_noise0-001-005_20260622-014658_fepysr_rerun,fepysr_s520_clean_g0033,/home/zhangziwen/workplace/scientific-intelligent-modelling/experiments/formal3h_13alg_ssr50_seed520-522_noise0-001-005_20260622-014658_fepysr_rerun/fepysr/seed520/tasks/fepysr_s520_clean_g0033/iaaccn24/fepysr/g0033_first_principles_hubble/progress/minute_0060.json,7dc273d5c159df326b85858bcba773e1d7a532c613c8eb6678b816545424aa95,60,3600.028,ok,True,True,0.21144781543824384,0.1069956552256069,3600.028,833.317258151755*sin(X0) + 138.388609516853*cos(13.6143554120058*sin(X0)) - 200.6025,833.317258151755*sin(x0) + 138.388609516853*cos(13.6143554120058*sin(x0)) - 200.6025,True,13,6
fepysr,g0034,first_principles_leavitt,520,clean,0.0,iaaccn23,formal3h_13alg_ssr50_seed520-522_noise0-001-005_20260622-014658,fepysr_s520_clean_g0034,/home/zhangziwen/workplace/scientific-intelligent-modelling/experiments/formal3h_13alg_ssr50_seed520-522_noise0-001-005_20260622-014658/fepysr/seed520/tasks/fepysr_s520_clean_g0034/iaaccn23/fepysr/g0034_first_principles_leavitt/progress/minute_0060.json,0fc3b39715e202a1431a32da2a551e1eb7913226561f358e0bed997df2eeb386,60,3600.026,ok,True,True,0.00025519186425326925,8.871173305764079e-05,3600.026,((X0^2 - sin(cos(X0)))*(X0^2 + 4.9054832*sin(cos(X0)) + 1.1684964*cos(X0) + 9.555814) - 0.00085239887)/(X0^2 - sin(cos(X0))),((x0**2 - sin(cos(x0)))*(x0**2 + 4.9054832*sin(cos(x0)) + 1.1684964*cos(x0) + 9.555814) - 0.00085239887)/(x0**2 - sin(cos(x0))),True,38,8
fepysr,g0035,feynman-ii.4.23,520,clean,0.0,iaaccn27,formal3h_13alg_ssr50_seed520-522_noise0-001-005_20260622-014658,fepysr_s520_clean_g0035,/home/zhangziwen/workplace/scientific-intelligent-modelling/experiments/formal3h_13alg_ssr50_seed520-522_noise0-001-005_20260622-014658/fepysr/seed520/tasks/fepysr_s520_clean_g0035/iaaccn27/fepysr/g0035_feynman-ii.4.23/progress/minute_0060.json,0fdd8d18afa272d7f68890c51e877a229583867c7dc50e2532ae9daca8b3b094,60,3600.017,ok,True,True,5.970203836019871e-16,5.970205876810335e-16,3600.017,8987742657.59472*X0/X1,8987742657.59472*x0/x1,True,6,3
fepysr,g0036,feynman-iii.7.38,520,clean,0.0,iaaccn24,formal3h_13alg_ssr50_seed520-522_noise0-001-005_20260622-014658_fepysr_rerun,fepysr_s520_clean_g0036,/home/zhangziwen/workplace/scientific-intelligent-modelling/experiments/formal3h_13alg_ssr50_seed520-522_noise0-001-005_20260622-014658_fepysr_rerun/fepysr/seed520/tasks/fepysr_s520_clean_g0036/iaaccn24/fepysr/g0036_feynman-iii.7.38/progress/minute_0060.json,74a6f0b91c54e330bbbde6e26780285f24a19c0cf6e94b9f91438c17c6d6f5e2,60,3600.01,ok,True,True,1.0000108421933012,1.0000009853519016,3600.01,4.0307982830533195e+20,4.0307982830533195e+20,True,1,1
fepysr,g0037,feynman-i.18.16,520,clean,0.0,iaaccn24,formal3h_13alg_ssr50_seed520-522_noise0-001-005_20260622-014658_fepysr_rerun,fepysr_s520_clean_g0037,/home/zhangziwen/workplace/scientific-intelligent-modelling/experiments/formal3h_13alg_ssr50_seed520-522_noise0-001-005_20260622-014658_fepysr_rerun/fepysr/seed520/tasks/fepysr_s520_clean_g0037/iaaccn24/fepysr/g0037_feynman-i.18.16/progress/minute_0060.json,685cfbd6c8b1f4a6dfdbaacf9ab3b09a4a001f20a1e20a65608947c04b6269c4,60,3600.016,ok,True,True,5.55956888312689e-15,5.856049705817814e-31,3600.016,X0*X1*X3*sin(X4),x0*x1*x3*sin(x4),True,6,3
fepysr,g0038,feynman-ii.27.18,520,clean,0.0,iaaccn28,formal3h_13alg_ssr50_seed520-522_noise0-001-005_20260622-014658,fepysr_s520_clean_g0038,/home/zhangziwen/workplace/scientific-intelligent-modelling/experiments/formal3h_13alg_ssr50_seed520-522_noise0-001-005_20260622-014658/fepysr/seed520/tasks/fepysr_s520_clean_g0038/iaaccn28/fepysr/g0038_feynman-ii.27.18/progress/minute_0060.json,f7ce894601d375389578247a35d47be4cf183ea81ed0788ab7751a2b41822efa,60,3600.01,ok,True,True,0.7669010789218731,0.8376959849750033,3600.01,9.7842100349772914e-11,9.7842100349772914e-11,True,1,1
fepysr,g0039,feynman-ii.34.11,520,clean,0.0,iaaccn27,formal3h_13alg_ssr50_seed520-522_noise0-001-005_20260622-014658,fepysr_s520_clean_g0039,/home/zhangziwen/workplace/scientific-intelligent-modelling/experiments/formal3h_13alg_ssr50_seed520-522_noise0-001-005_20260622-014658/fepysr/seed520/tasks/fepysr_s520_clean_g0039/iaaccn27/fepysr/g0039_feynman-ii.34.11/progress/minute_0060.json,d0e076409612d9e3c71d5afbb2bcb3cdcbf8de3f5b57498d07086f82af4a9de9,60,3600.016,ok,True,True,0.9976107310966282,0.9997375238633311,3600.016,-2.846201*X3/X5,-2.846201*x3/x5,True,6,3
fepysr,g0040,feynman-i.29.16,520,clean,0.0,iaaccn29,formal3h_13alg_ssr50_seed520-522_noise0-001-005_20260622-014658,fepysr_s520_clean_g0040,/home/zhangziwen/workplace/scientific-intelligent-modelling/experiments/formal3h_13alg_ssr50_seed520-522_noise0-001-005_20260622-014658/fepysr/seed520/tasks/fepysr_s520_clean_g0040/iaaccn29/fepysr/g0040_feynman-i.29.16/progress/minute_0060.json,3466b25ac0eddcc206fc776a70a846ee9508fda0a57c827ed48400061b20c3ff,60,3600.026,ok,True,True,0.09855478262352209,0.03626701647281776,3600.026,0.803117*X0 + 0.803117*X1,0.803117*x0 + 0.803117*x1,True,7,3
fepysr,g0041,feynman-bonus.20,520,clean,0.0,iaaccn24,formal3h_13alg_ssr50_seed520-522_noise0-001-005_20260622-014658_fepysr_rerun,fepysr_s520_clean_g0041,/home/zhangziwen/workplace/scientific-intelligent-modelling/experiments/formal3h_13alg_ssr50_seed520-522_noise0-001-005_20260622-014658_fepysr_rerun/fepysr/seed520/tasks/fepysr_s520_clean_g0041/iaaccn24/fepysr/g0041_feynman-bonus.20/progress/minute_0060.json,d5ce1ac9855f69b4aaad8003ab5d896d5e18ae0bcd57dacaf6446cff444accc9,60,3600.012,ok,True,True,0.9801923127135589,0.996759848939013,3600.012,1.3512979958072433e-25,1.3512979958072433e-25,True,1,1
fepysr,g0042,feynman-i.15.3t,520,clean,0.0,iaaccn28,formal3h_13alg_ssr50_seed520-522_noise0-001-005_20260622-014658,fepysr_s520_clean_g0042,/home/zhangziwen/workplace/scientific-intelligent-modelling/experiments/formal3h_13alg_ssr50_seed520-522_noise0-001-005_20260622-014658/fepysr/seed520/tasks/fepysr_s520_clean_g0042/iaaccn28/fepysr/g0042_feynman-i.15.3t/progress/minute_0060.json,aacbe7faf599901077829fbb8cb577aae6a038be984a5e0527d21e943099099d,60,3600.017,ok,True,True,1.8774081603527763e-08,4.934747817717641e-05,3600.016,X1*cos(sin(0.14847068/X0)),x1*cos(sin(0.14847068/x0)),True,9,6
fepysr,g0043,feynman-i.39.22,520,clean,0.0,iaaccn27,formal3h_13alg_ssr50_seed520-522_noise0-001-005_20260622-014658,fepysr_s520_clean_g0043,/home/zhangziwen/workplace/scientific-intelligent-modelling/experiments/formal3h_13alg_ssr50_seed520-522_noise0-001-005_20260622-014658/fepysr/seed520/tasks/fepysr_s520_clean_g0043/iaaccn27/fepysr/g0043_feynman-i.39.22/progress/minute_0060.json,be779f2187b9a22d3baa05103421099499c54c301e704d47f6a72f1cfb4ee6ba,60,3600.017,ok,True,True,0.6218829006055537,0.6102938953781879,3600.017,34.190495*X3/X4,34.190495*x3/x4,True,6,3
fepysr,g0044,feynman-iii.10.19,520,clean,0.0,iaaccn24,formal3h_13alg_ssr50_seed520-522_noise0-001-005_20260622-014658_fepysr_rerun,fepysr_s520_clean_g0044,/home/zhangziwen/workplace/scientific-intelligent-modelling/experiments/formal3h_13alg_ssr50_seed520-522_noise0-001-005_20260622-014658_fepysr_rerun/fepysr/seed520/tasks/fepysr_s520_clean_g0044/iaaccn24/fepysr/g0044_feynman-iii.10.19/progress/minute_0060.json,2f84a08b207ba452e98e96e543971c3074b7225e7a39c39ffbc2b82f9622d599,60,3600.01,ok,True,True,1.0005852848903363,0.9999999415376997,3600.01,1.3762404986841756e-27,1.3762404986841756e-27,True,1,1
fepysr,g0045,feynman-i.13.12,520,clean,0.0,iaaccn28,formal3h_13alg_ssr50_seed520-522_noise0-001-005_20260622-014658,fepysr_s520_clean_g0045,/home/zhangziwen/workplace/scientific-intelligent-modelling/experiments/formal3h_13alg_ssr50_seed520-522_noise0-001-005_20260622-014658/fepysr/seed520/tasks/fepysr_s520_clean_g0045/iaaccn28/fepysr/g0045_feynman-i.13.12/progress/minute_0060.json,637788dee5153647051c167be210d1a8d067fecf5782a65948fe56ef35a62a2f,60,3600.014,ok,True,True,0.9996126559004963,1.0000091037336296,3600.014,-3.1791819884369918e-12,-3.1791819884369918e-12,True,1,1
fepysr,g0046,feynman-i.32.5,520,clean,0.0,iaaccn24,formal3h_13alg_ssr50_seed520-522_noise0-001-005_20260622-014658_fepysr_rerun,fepysr_s520_clean_g0046,/home/zhangziwen/workplace/scientific-intelligent-modelling/experiments/formal3h_13alg_ssr50_seed520-522_noise0-001-005_20260622-014658_fepysr_rerun/fepysr/seed520/tasks/fepysr_s520_clean_g0046/iaaccn24/fepysr/g0046_feynman-i.32.5/progress/minute_0060.json,3bef9f7cb8799c499401057c6569452e7d066970eb60ce83d3e28ac9ca71278c,60,3600.015,ok,True,True,0.754526525741494,0.837405374509612,3600.014,0.002470604*X0^2,0.002470604*x0**2,True,5,3
fepysr,g0047,feynman-i.43.31,520,clean,0.0,iaaccn29,formal3h_13alg_ssr50_seed520-522_noise0-001-005_20260622-014658,fepysr_s520_clean_g0047,/home/zhangziwen/workplace/scientific-intelligent-modelling/experiments/formal3h_13alg_ssr50_seed520-522_noise0-001-005_20260622-014658/fepysr/seed520/tasks/fepysr_s520_clean_g0047/iaaccn29/fepysr/g0047_feynman-i.43.31/progress/minute_0060.json,283dfeba8cd981c36c791b0d6272c6ec7dd72706223f2f1838097d02efe058c8,60,3600.01,ok,True,True,0.8116648284001047,0.9308640602942596,3600.01,6.2810067687873367e-07,6.2810067687873367e-7,True,1,1
fepysr,g0048,feynman-i.11.19,520,clean,0.0,iaaccn28,formal3h_13alg_ssr50_seed520-522_noise0-001-005_20260622-014658,fepysr_s520_clean_g0048,/home/zhangziwen/workplace/scientific-intelligent-modelling/experiments/formal3h_13alg_ssr50_seed520-522_noise0-001-005_20260622-014658/fepysr/seed520/tasks/fepysr_s520_clean_g0048/iaaccn28/fepysr/g0048_feynman-i.11.19/progress/minute_0060.json,0af422867c89ce7ac5c1479ba15ac198113be0cc7cad3ac0fc65aad379940e53,60,3600.017,ok,True,True,0.3244003082231269,0.3290941923426226,3600.017,X0*X1 + X2*X3,x0*x1 + x2*x3,True,7,3
fepysr,g0049,feynman-ii.34.2a,520,clean,0.0,iaaccn24,formal3h_13alg_ssr50_seed520-522_noise0-001-005_20260622-014658_fepysr_rerun,fepysr_s520_clean_g0049,/home/zhangziwen/workplace/scientific-intelligent-modelling/experiments/formal3h_13alg_ssr50_seed520-522_noise0-001-005_20260622-014658_fepysr_rerun/fepysr/seed520/tasks/fepysr_s520_clean_g0049/iaaccn24/fepysr/g0049_feynman-ii.34.2a/progress/minute_0060.json,3c37a42274bdb42328bc6583b91de4b2b0d8b5377f0afda5beb7f2896897b294,60,3600.012,ok,True,True,0.9994141598323263,0.9999952971694341,3600.011,-63133.877744346617,-63133.877744346617,True,1,1
fepysr,g0050,Vladislavleva-4,520,clean,0.0,iaaccn27,formal3h_13alg_ssr50_seed520-522_noise0-001-005_20260622-014658,fepysr_s520_clean_g0050,/home/zhangziwen/workplace/scientific-intelligent-modelling/experiments/formal3h_13alg_ssr50_seed520-522_noise0-001-005_20260622-014658/fepysr/seed520/tasks/fepysr_s520_clean_g0050/iaaccn27/fepysr/g0050_Vladislavleva-4/progress/minute_0060.json,b6c338feca29a2fca2995cab722029ba65e5d3da203e51da5ad550e772b89289,60,3600.032,ok,True,True,0.0510378689346448,0.051775703637501565,3600.032,-0.11635509*cos(X0) - 0.11635509*cos(X1) - 0.11635509*cos(X3) - 0.11635509*cos(X4) + 0.49523193,-0.11635509*cos(x0) - 0.11635509*cos(x1) - 0.11635509*cos(x3) - 0.11635509*cos(x4) + 0.49523193,True,18,4
fepysr,g0001,Keijzer-11,520,noise001,0.01,iaaccn28,formal3h_13alg_ssr50_seed520-522_noise0-001-005_20260622-014658,fepysr_s520_noise001_g0001,/home/zhangziwen/workplace/scientific-intelligent-modelling/experiments/formal3h_13alg_ssr50_seed520-522_noise0-001-005_20260622-014658/fepysr/seed520/tasks/fepysr_s520_noise001_g0001/iaaccn28/fepysr/g0001_Keijzer-11/progress/minute_0060.json,23f64c796581fa6c897779f35b60ea1c2b9c2b100f14c97fc6d457bc2c4b6995,60,3600.047,ok,True,True,2.6085116261113064e-05,1.2682557906173748e-05,3600.047,X0*X1 + 1.02031019266415*cos(-1.0032258*X0*X1 + X0 + X1 + 0.5766368),x0*x1 + 1.02031019266415*cos(-1.0032258*x0*x1 + x0 + x1 + 0.5766368),True,15,6
fepysr,g0002,Keijzer-2,520,noise001,0.01,iaaccn28,formal3h_13alg_ssr50_seed520-522_noise0-001-005_20260622-014658,fepysr_s520_noise001_g0002,/home/zhangziwen/workplace/scientific-intelligent-modelling/experiments/formal3h_13alg_ssr50_seed520-522_noise0-001-005_20260622-014658/fepysr/seed520/tasks/fepysr_s520_noise001_g0002/iaaccn28/fepysr/g0002_Keijzer-2/progress/minute_0060.json,406263697e9618e5e9bdd651f0c4fb2e3e5b78da9b9ad898b99807c935a428f6,60,3600.027,ok,True,True,0.04794883372440086,0.0059157728775337546,3600.027,sin(sin(X0^2*(cos(X0) + 2.7615397)))*sin(sin(0.61731875*cos(X0) - 0.629246150764375)),sin(sin(x0**2*(cos(x0) + 2.7615397)))*sin(sin(0.61731875*cos(x0) - 0.629246150764375)),True,19,7
fepysr,g0003,Korns-2,520,noise001,0.01,iaaccn24,formal3h_13alg_ssr50_seed520-522_noise0-001-005_20260622-014658_fepysr_rerun,fepysr_s520_noise001_g0003,/home/zhangziwen/workplace/scientific-intelligent-modelling/experiments/formal3h_13alg_ssr50_seed520-522_noise0-001-005_20260622-014658_fepysr_rerun/fepysr/seed520/tasks/fepysr_s520_noise001_g0003/iaaccn24/fepysr/g0003_Korns-2/progress/minute_0060.json,8e874989799decfb0072101db106db6b73bf377016d526c5962ce3ef54be3c2b,60,3600.02,ok,True,True,1.3632870370849516e-07,1.310338133349232e-07,3600.02,(4.731634*X1 + 4.731634*X3 + 0.23447555*X4)/X4,(4.731634*x1 + 4.731634*x3 + 0.23447555*x4)/x4,True,14,4
fepysr,g0004,Korns-4,520,noise001,0.01,iaaccn29,formal3h_13alg_ssr50_seed520-522_noise0-001-005_20260622-014658,fepysr_s520_noise001_g0004,/home/zhangziwen/workplace/scientific-intelligent-modelling/experiments/formal3h_13alg_ssr50_seed520-522_noise0-001-005_20260622-014658/fepysr/seed520/tasks/fepysr_s520_noise001_g0004/iaaccn29/fepysr/g0004_Korns-4/progress/minute_0060.json,9718feb50a6283954faf48bc536327cfdb466430fd0a0ef9cfe6084ccac1890b,60,3600.03,ok,True,True,6.2087976357233966e-09,6.072730348837007e-09,3600.03,0.130010017271831*sin(X2 + 0.0013697514) - 2.3001227,0.130010017271831*sin(x2 + 0.0013697514) - 2.3001227,True,8,5
fepysr,g0005,BPG3,520,noise001,0.01,iaaccn23,formal3h_13alg_ssr50_seed520-522_noise0-001-005_20260622-014658,fepysr_s520_noise001_g0005,/home/zhangziwen/workplace/scientific-intelligent-modelling/experiments/formal3h_13alg_ssr50_seed520-522_noise0-001-005_20260622-014658/fepysr/seed520/tasks/fepysr_s520_noise001_g0005/iaaccn23/fepysr/g0005_BPG3/progress/minute_0060.json,f7f53ecb28eaab24d23a353305562c5f14a7d3e265eb2afd21b701fec0d83794,60,3600.02,ok,True,True,5.435315687787585e-07,7.861690797025083e-06,3600.02,X1*(0.26143315*X1 - 0.8427126),x1*(0.26143315*x1 - 0.8427126),True,7,4
fepysr,g0006,BPG5,520,noise001,0.01,iaaccn24,formal3h_13alg_ssr50_seed520-522_noise0-001-005_20260622-014658_fepysr_rerun,fepysr_s520_noise001_g0006,/home/zhangziwen/workplace/scientific-intelligent-modelling/experiments/formal3h_13alg_ssr50_seed520-522_noise0-001-005_20260622-014658_fepysr_rerun/fepysr/seed520/tasks/fepysr_s520_noise001_g0006/iaaccn24/fepysr/g0006_BPG5/progress/minute_0060.json,cc9b56be06edf84b1084d33c8f034a1c997a4efb75088500e2db0feb7d538687,60,3600.026,ok,True,True,0.005241692927852303,1.0,3600.026,0.920800111945773*X1^2*exp(-X0 + sin(0.31677198*X0)),0.920800111945773*x1**2*exp(-x0 + sin(0.31677198*x0)),True,14,6
fepysr,g0007,BPG9,520,noise001,0.01,iaaccn24,formal3h_13alg_ssr50_seed520-522_noise0-001-005_20260622-014658_fepysr_rerun,fepysr_s520_noise001_g0007,/home/zhangziwen/workplace/scientific-intelligent-modelling/experiments/formal3h_13alg_ssr50_seed520-522_noise0-001-005_20260622-014658_fepysr_rerun/fepysr/seed520/tasks/fepysr_s520_noise001_g0007/iaaccn24/fepysr/g0007_BPG9/progress/minute_0060.json,e6302aaa19e8e6d301af8e2db83bd21046ecd5d5d8abdf4374c5bd4279214d71,60,3600.028,ok,True,True,0.0001806106404527132,0.016874208371738662,3600.027,0.5863786*X1*sin(0.953349*sin(0.289467102642719*X1)),0.5863786*x1*sin(0.953349*sin(0.289467102642719*x1)),True,10,6
fepysr,g0008,CRK0,520,noise001,0.01,iaaccn28,formal3h_13alg_ssr50_seed520-522_noise0-001-005_20260622-014658,fepysr_s520_noise001_g0008,/home/zhangziwen/workplace/scientific-intelligent-modelling/experiments/formal3h_13alg_ssr50_seed520-522_noise0-001-005_20260622-014658/fepysr/seed520/tasks/fepysr_s520_noise001_g0008/iaaccn28/fepysr/g0008_CRK0/progress/minute_0060.json,457a306f18c564708cda1a723ed21521ba9bf595402d0788ff9ca4ffe71ba133,60,3600.036,ok,True,True,5.8158792624270526e-08,1.4175906888562531e-05,3600.035,0.26530316*cos(X1^2) - 0.07051161/X1^2,0.26530316*cos(x1**2) - 0.07051161/x1**2,True,12,5
fepysr,g0009,CRK10,520,noise001,0.01,iaaccn29,formal3h_13alg_ssr50_seed520-522_noise0-001-005_20260622-014658,fepysr_s520_noise001_g0009,/home/zhangziwen/workplace/scientific-intelligent-modelling/experiments/formal3h_13alg_ssr50_seed520-522_noise0-001-005_20260622-014658/fepysr/seed520/tasks/fepysr_s520_noise001_g0009/iaaccn29/fepysr/g0009_CRK10/progress/minute_0060.json,7a5a1f43eabaa2b26ba0824c0f0aba3a8c6ab3644048f163b2d6798321177624,60,3600.021,ok,True,True,4.410695732320987e-06,0.0057244618477944095,3600.02,sin(sin(0.24327372*cos(0.5576478*X1^2))),sin(sin(0.24327372*cos(0.5576478*x1**2))),True,10,7
fepysr,g0010,CRK11,520,noise001,0.01,iaaccn29,formal3h_13alg_ssr50_seed520-522_noise0-001-005_20260622-014658,fepysr_s520_noise001_g0010,/home/zhangziwen/workplace/scientific-intelligent-modelling/experiments/formal3h_13alg_ssr50_seed520-522_noise0-001-005_20260622-014658/fepysr/seed520/tasks/fepysr_s520_noise001_g0010/iaaccn29/fepysr/g0010_CRK11/progress/minute_0060.json,08ecba56f7c12894d29ed05d4d3e05cbfffb57c550fe43e71481156784e16b15,60,3600.047,ok,True,True,1.479969054103823e-05,0.0009461195638034066,3600.047,-X1^2 + 0.33311537*X1 + 0.32943082 - 0.04237157/X1,-x1**2 + 0.33311537*x1 + 0.32943082 - 0.04237157/x1,True,15,4
fepysr,g0011,CRK33,520,noise001,0.01,iaaccn29,formal3h_13alg_ssr50_seed520-522_noise0-001-005_20260622-014658,fepysr_s520_noise001_g0011,/home/zhangziwen/workplace/scientific-intelligent-modelling/experiments/formal3h_13alg_ssr50_seed520-522_noise0-001-005_20260622-014658/fepysr/seed520/tasks/fepysr_s520_noise001_g0011/iaaccn29/fepysr/g0011_CRK33/progress/minute_0060.json,4d56ff775754d4d453f6511588d72fee2f0cb4321838280fe4379dd02e4cac48,60,3600.04,ok,True,True,0.00010182476412538263,0.4048422278817748,3600.04,-sin((0.08128333*exp(X1) - 0.7784902)*(0.6451239*exp(1.15601352300339*exp(X1)) - 1.91324267856513)*exp(-1.15601352300339*exp(X1))),-sin((0.08128333*exp(x1) - 0.7784902)*(0.6451239*exp(1.15601352300339*exp(x1)) - 1.91324267856513)*exp(-1.15601352300339*exp(x1))),True,24,9
fepysr,g0012,CRK34,520,noise001,0.01,iaaccn23,formal3h_13alg_ssr50_seed520-522_noise0-001-005_20260622-014658,fepysr_s520_noise001_g0012,/home/zhangziwen/workplace/scientific-intelligent-modelling/experiments/formal3h_13alg_ssr50_seed520-522_noise0-001-005_20260622-014658/fepysr/seed520/tasks/fepysr_s520_noise001_g0012/iaaccn23/fepysr/g0012_CRK34/progress/minute_0060.json,6f5b70a493de614ea1c2126e014348a979d6b7d58c61887df17a51438b878911,60,3600.018,ok,True,True,4.336393749312625e-05,1.0000000000000826,3600.018,sin(sin(0.624660003975375*X1*exp(-0.670397158695946*X0))),sin(sin(0.624660003975375*x1*exp(-0.670397158695946*x0))),True,9,6
fepysr,g0013,I.11.19_4_0,520,noise001,0.01,iaaccn28,formal3h_13alg_ssr50_seed520-522_noise0-001-005_20260622-014658,fepysr_s520_noise001_g0013,/home/zhangziwen/workplace/scientific-intelligent-modelling/experiments/formal3h_13alg_ssr50_seed520-522_noise0-001-005_20260622-014658/fepysr/seed520/tasks/fepysr_s520_noise001_g0013/iaaccn28/fepysr/g0013_I.11.19_4_0/progress/minute_0060.json,8e70028cdba94aa2fda9d4645027e8011d4d7d09c172d649a72ac716d1eefbeb,60,3600.013,ok,True,True,0.3455215952861507,0.6811595179967465,3600.013,-13.414066341793719,-13.414066341793719,True,1,1
fepysr,g0014,II.11.27_1_0,520,noise001,0.01,iaaccn23,formal3h_13alg_ssr50_seed520-522_noise0-001-005_20260622-014658,fepysr_s520_noise001_g0014,/home/zhangziwen/workplace/scientific-intelligent-modelling/experiments/formal3h_13alg_ssr50_seed520-522_noise0-001-005_20260622-014658/fepysr/seed520/tasks/fepysr_s520_noise001_g0014/iaaccn23/fepysr/g0014_II.11.27_1_0/progress/minute_0060.json,db3aea5675e4c2c88d55b5cd55ebf0e9d968cef2afd9b11e627cebb8c5b3aa45,60,3600.016,ok,True,True,0.9981834578015628,1.0002297381806105,3600.016,8.6665536938516823,8.6665536938516823,True,1,1
fepysr,g0015,II.34.2_1_0,520,noise001,0.01,iaaccn26,formal3h_13alg_ssr50_seed520-522_noise0-001-005_20260622-014658_fepysr_rerun,fepysr_s520_noise001_g0015,/home/zhangziwen/workplace/scientific-intelligent-modelling/experiments/formal3h_13alg_ssr50_seed520-522_noise0-001-005_20260622-014658_fepysr_rerun/fepysr/seed520/tasks/fepysr_s520_noise001_g0015/iaaccn26/fepysr/g0015_II.34.2_1_0/progress/minute_0060.json,8f7165d59d3161c87c7d5c89b69f451673dc9a5dacbf2212833dc2128127f8a1,60,3600.011,ok,True,True,0.5034591344321933,0.8660442804814283,3600.011,9.6308906535587351,9.6308906535587351,True,1,1
fepysr,g0016,II.6.15b_3_0,520,noise001,0.01,iaaccn27,formal3h_13alg_ssr50_seed520-522_noise0-001-005_20260622-014658,fepysr_s520_noise001_g0016,/home/zhangziwen/workplace/scientific-intelligent-modelling/experiments/formal3h_13alg_ssr50_seed520-522_noise0-001-005_20260622-014658/fepysr/seed520/tasks/fepysr_s520_noise001_g0016/iaaccn27/fepysr/g0016_II.6.15b_3_0/progress/minute_0060.json,1707456bc1aecdd9f644938a2fdc9da7b8d0377480ac87ad3182fc9c7baaa303,60,3600.026,ok,True,True,0.06251412830842225,0.137171384702192,3600.026,0.4684159/(X0^2)^0.16732502 - 0.219240150858128,0.4684159/(x0**2)**0.16732502 - 0.219240150858128,True,9,5
fepysr,g0017,III.21.20_3_0,520,noise001,0.01,iaaccn27,formal3h_13alg_ssr50_seed520-522_noise0-001-005_20260622-014658,fepysr_s520_noise001_g0017,/home/zhangziwen/workplace/scientific-intelligent-modelling/experiments/formal3h_13alg_ssr50_seed520-522_noise0-001-005_20260622-014658/fepysr/seed520/tasks/fepysr_s520_noise001_g0017/iaaccn27/fepysr/g0017_III.21.20_3_0/progress/minute_0060.json,10c453c2baeb63ac0d3f05adb2e43278337413ccb6fccb4d4e9adf4c6d7e5a5e,60,3600.029,ok,True,True,0.05203958675739674,68068.86241431143,3600.029,-4.16298052087296*(2*X0 - 0.2026322)*(X3 + cos(X1 + 1.45689))*log(X2)/X0^2,(0.843553901501634 - 8.32596104174592*x0)*(x3 + cos(x1 + 1.45689))*log(x2)/x0**2,True,17,5
fepysr,g0018,MatSci21,520,noise001,0.01,iaaccn28,formal3h_13alg_ssr50_seed520-522_noise0-001-005_20260622-014658,fepysr_s520_noise001_g0018,/home/zhangziwen/workplace/scientific-intelligent-modelling/experiments/formal3h_13alg_ssr50_seed520-522_noise0-001-005_20260622-014658/fepysr/seed520/tasks/fepysr_s520_noise001_g0018/iaaccn28/fepysr/g0018_MatSci21/progress/minute_0060.json,750fb283d224c644f01ab5ac8c405afcd678e552b088b5c0d6b63dc898d3c45f,60,3600.024,ok,True,True,1.985862792158249e-05,0.00015537542344663168,3600.024,-X0*(1384.0676*X0 - 1384.0676*exp(X0) + 1510.89306)*exp(X0) + 2.0381172,-x0*(1384.0676*x0 - 1384.0676*exp(x0) + 1510.89306)*exp(x0) + 2.0381172,True,16,6
fepysr,g0019,PO19,520,noise001,0.01,iaaccn26,formal3h_13alg_ssr50_seed520-522_noise0-001-005_20260622-014658_fepysr_rerun,fepysr_s520_noise001_g0019,/home/zhangziwen/workplace/scientific-intelligent-modelling/experiments/formal3h_13alg_ssr50_seed520-522_noise0-001-005_20260622-014658_fepysr_rerun/fepysr/seed520/tasks/fepysr_s520_noise001_g0019/iaaccn26/fepysr/g0019_PO19/progress/minute_0060.json,cd0ec390597a905c87f327bf9ac602946228269b9e45dada425ad70b045faf2c,60,3600.026,ok,True,True,0.011374960472908174,0.07004035696766384,3600.026,-sin(2.09975318451193*X0) - sin(0.60623044*X2),-sin(2.09975318451193*x0) - sin(0.60623044*x2),True,13,5
fepysr,g0020,PO41,520,noise001,0.01,iaaccn27,formal3h_13alg_ssr50_seed520-522_noise0-001-005_20260622-014658,fepysr_s520_noise001_g0020,/home/zhangziwen/workplace/scientific-intelligent-modelling/experiments/formal3h_13alg_ssr50_seed520-522_noise0-001-005_20260622-014658/fepysr/seed520/tasks/fepysr_s520_noise001_g0020/iaaccn27/fepysr/g0020_PO41/progress/minute_0060.json,abc7676237c09a5d1803c3d4ff73416bd3cd1c6bb4d4109038c6f935de251841,60,3600.022,ok,True,True,0.0011954823537116644,0.017721527781387567,3600.022,-(0.5033261*X2 + sin(sin(X0)))*cos(X0 + 0.09666727*cos(X0 - exp(X2)) - 0.19030918),(-0.5033261*x2 - sin(sin(x0)))*cos(x0 + 0.09666727*cos(x0 - exp(x2)) - 0.19030918),True,23,9
fepysr,g0021,Nguyen-12,520,noise001,0.01,iaaccn26,formal3h_13alg_ssr50_seed520-522_noise0-001-005_20260622-014658_fepysr_rerun,fepysr_s520_noise001_g0021,/home/zhangziwen/workplace/scientific-intelligent-modelling/experiments/formal3h_13alg_ssr50_seed520-522_noise0-001-005_20260622-014658_fepysr_rerun/fepysr/seed520/tasks/fepysr_s520_noise001_g0021/iaaccn26/fepysr/g0021_Nguyen-12/progress/minute_0060.json,29a117ccce21e9589d9bca9c0833d29bf53453cbd74b076dbe197b02171b7e39,60,3600.024,ok,True,True,0.00308336714343286,0.018629933901655953,3600.024,-sin((sin(1.13971525399683*X1 + 0.418972206151604) - 0.26905012)*sin(X0^2 + 0.9811363) - 0.085408635),-sin((sin(1.13971525399683*x1 + 0.418972206151604) - 0.26905012)*sin(x0**2 + 0.9811363) - 0.085408635),True,20,9
fepysr,g0022,Nguyen-6,520,noise001,0.01,iaaccn29,formal3h_13alg_ssr50_seed520-522_noise0-001-005_20260622-014658,fepysr_s520_noise001_g0022,/home/zhangziwen/workplace/scientific-intelligent-modelling/experiments/formal3h_13alg_ssr50_seed520-522_noise0-001-005_20260622-014658/fepysr/seed520/tasks/fepysr_s520_noise001_g0022/iaaccn29/fepysr/g0022_Nguyen-6/progress/minute_0060.json,d13a94c3a1f29a14695726589a86687e9339a23c8f12e651fc0dcc3b3582ed45,60,3600.022,ok,True,True,5.6327103652978774e-06,0.05305929188659745,3600.022,-2.0892696*sin(cos(1.1675615*X0 + 1.1325302182663)) + cos(cos(cos(1.8081341*X0^4))),-2.0892696*sin(cos(1.1675615*x0 + 1.1325302182663)) + cos(cos(cos(1.8081341*x0**4))),True,18,7
fepysr,g0023,Nguyen-9,520,noise001,0.01,iaaccn26,formal3h_13alg_ssr50_seed520-522_noise0-001-005_20260622-014658_fepysr_rerun,fepysr_s520_noise001_g0023,/home/zhangziwen/workplace/scientific-intelligent-modelling/experiments/formal3h_13alg_ssr50_seed520-522_noise0-001-005_20260622-014658_fepysr_rerun/fepysr/seed520/tasks/fepysr_s520_noise001_g0023/iaaccn26/fepysr/g0023_Nguyen-9/progress/minute_0060.json,a62e147a3dfe2e540f27162266cbc8a718b424dad8970efc8de7fe62337488df,60,3600.013,ok,True,True,2.1773833746559294e-31,7.81328683255247e-33,3600.013,sin(X0) + sin(X1^2),sin(x0) + sin(x1**2),True,7,4
fepysr,g0024,feynman_II_15_4,520,noise001,0.01,iaaccn27,formal3h_13alg_ssr50_seed520-522_noise0-001-005_20260622-014658,fepysr_s520_noise001_g0024,/home/zhangziwen/workplace/scientific-intelligent-modelling/experiments/formal3h_13alg_ssr50_seed520-522_noise0-001-005_20260622-014658/fepysr/seed520/tasks/fepysr_s520_noise001_g0024/iaaccn27/fepysr/g0024_feynman_II_15_4/progress/minute_0060.json,ce1800bd9489e2e7204600f2ca111442ff3bdc2b9925dc4651e6161a234607f6,60,3600.024,ok,True,True,6.70775253373636e-10,6.70775253373355e-10,3600.024,-0.999974100670793*X0*X1*cos(X2),-0.999974100670793*x0*x1*cos(x2),True,6,3
fepysr,g0025,feynman_I_12_11,520,noise001,0.01,iaaccn26,formal3h_13alg_ssr50_seed520-522_noise0-001-005_20260622-014658_fepysr_rerun,fepysr_s520_noise001_g0025,/home/zhangziwen/workplace/scientific-intelligent-modelling/experiments/formal3h_13alg_ssr50_seed520-522_noise0-001-005_20260622-014658_fepysr_rerun/fepysr/seed520/tasks/fepysr_s520_noise001_g0025/iaaccn26/fepysr/g0025_feynman_I_12_11/progress/minute_0060.json,baebeb16511f2553143c7faaff9ae12a62a135c97fd91cac7f8eec671dd07c12,60,3600.037,ok,True,True,0.16130376909198896,0.435705943467585,3600.037,X0*(X2 + 6.0065436)*(sin(X4) + 0.33264175),x0*(x2 + 6.0065436)*(sin(x4) + 0.33264175),True,9,4
fepysr,g0026,feynman_I_27_6,520,noise001,0.01,iaaccn26,formal3h_13alg_ssr50_seed520-522_noise0-001-005_20260622-014658_fepysr_rerun,fepysr_s520_noise001_g0026,/home/zhangziwen/workplace/scientific-intelligent-modelling/experiments/formal3h_13alg_ssr50_seed520-522_noise0-001-005_20260622-014658_fepysr_rerun/fepysr/seed520/tasks/fepysr_s520_noise001_g0026/iaaccn26/fepysr/g0026_feynman_I_27_6/progress/minute_0060.json,f6da535f3150d3178bee7367f969deceb16991b4f9058eeaf33d362697209ee0,60,3600.013,ok,True,True,0.17444930740605444,0.4728463430848702,3600.013,0.76887061276171975,0.76887061276171975,True,1,1
fepysr,g0027,feynman_test_15,520,noise001,0.01,iaaccn28,formal3h_13alg_ssr50_seed520-522_noise0-001-005_20260622-014658,fepysr_s520_noise001_g0027,/home/zhangziwen/workplace/scientific-intelligent-modelling/experiments/formal3h_13alg_ssr50_seed520-522_noise0-001-005_20260622-014658/fepysr/seed520/tasks/fepysr_s520_noise001_g0027/iaaccn28/fepysr/g0027_feynman_test_15/progress/minute_0060.json,fd0a82dde3e057d6c479c86b9745f05c086e8cf6454029b94d8b7ff74e900f99,60,3600.046,ok,True,True,0.08140695900846782,0.9118260230588422,3600.046,X2 + log(exp(1.5086237459188*(-X1 + X2 + 2.1053655)*cos(X3)/(X0 - X1))),x2 + log(exp((-1.5086237459188*x1 + 1.5086237459188*x2 + 3.17620438713821)*cos(x3)/(x0 - x1))),True,22,8
fepysr,g0028,strogatz_barmag1,520,noise001,0.01,iaaccn26,formal3h_13alg_ssr50_seed520-522_noise0-001-005_20260622-014658_fepysr_rerun,fepysr_s520_noise001_g0028,/home/zhangziwen/workplace/scientific-intelligent-modelling/experiments/formal3h_13alg_ssr50_seed520-522_noise0-001-005_20260622-014658_fepysr_rerun/fepysr/seed520/tasks/fepysr_s520_noise001_g0028/iaaccn26/fepysr/g0028_strogatz_barmag1/progress/minute_0060.json,0431b83b8a315a33278c9d60a4049c3854073e28f0fbcfe02c4f64bd648c0ccb,60,3600.023,ok,True,True,0.0720359088870675,0.44543074766482993,3600.023,-sin(0.576568298925755*cos(2*X0 - X1 - cos(X0 - X1) + 1.4881526) - 0.548244819432935),-sin(0.576568298925755*cos(2*x0 - x1 - cos(x0 - x1) + 1.4881526) - 0.548244819432935),True,24,11
fepysr,g0029,strogatz_barmag2,520,noise001,0.01,iaaccn26,formal3h_13alg_ssr50_seed520-522_noise0-001-005_20260622-014658_fepysr_rerun,fepysr_s520_noise001_g0029,/home/zhangziwen/workplace/scientific-intelligent-modelling/experiments/formal3h_13alg_ssr50_seed520-522_noise0-001-005_20260622-014658_fepysr_rerun/fepysr/seed520/tasks/fepysr_s520_noise001_g0029/iaaccn26/fepysr/g0029_strogatz_barmag2/progress/minute_0060.json,8473b35718fa65d828bab9492b664e4e96797369179d2783be45165d6431f8f9,60,3600.022,ok,True,True,0.09557523229646926,0.5653711336924401,3600.022,-6.085736*X1*sin(X1 - 0.34772256)/(X0 + X1*(X0 - 0.66804177)),-6.085736*x1*sin(x1 - 0.34772256)/(x0 + x1*(x0 - 0.66804177)),True,16,6
fepysr,g0030,strogatz_predprey2,520,noise001,0.01,iaaccn26,formal3h_13alg_ssr50_seed520-522_noise0-001-005_20260622-014658_fepysr_rerun,fepysr_s520_noise001_g0030,/home/zhangziwen/workplace/scientific-intelligent-modelling/experiments/formal3h_13alg_ssr50_seed520-522_noise0-001-005_20260622-014658_fepysr_rerun/fepysr/seed520/tasks/fepysr_s520_noise001_g0030/iaaccn26/fepysr/g0030_strogatz_predprey2/progress/minute_0060.json,0148d029ab25110903157b363cc218271e8d94b28e8ed7623e3d85299666d411,60,3600.024,ok,True,True,0.04243048164063947,0.6033784827502942,3600.024,X0 - 0.53293115*X1 + exp((-1.1245441*X0^2 - 2.2468574)/(X0^2*X1)) + 0.9370163,x0 - 0.53293115*x1 + exp((-1.1245441*x0**2 - 2.2468574)/(x0**2*x1)) + 0.9370163,True,21,7
fepysr,g0031,strogatz_shearflow1,520,noise001,0.01,iaaccn29,formal3h_13alg_ssr50_seed520-522_noise0-001-005_20260622-014658,fepysr_s520_noise001_g0031,/home/zhangziwen/workplace/scientific-intelligent-modelling/experiments/formal3h_13alg_ssr50_seed520-522_noise0-001-005_20260622-014658/fepysr/seed520/tasks/fepysr_s520_noise001_g0031/iaaccn29/fepysr/g0031_strogatz_shearflow1/progress/minute_0060.json,aeb8457ee810bfd71cbae314eee086fe45e77928c310115403622c7fdcbd84c4,60,3600.019,ok,True,True,5.424480028125203e-07,2.3719862798185097e-06,3600.019,0.9993782*cos(X0)/tan(X1) - 0.002292947*cos(X1),0.9993782*cos(x0)/tan(x1) - 0.002292947*cos(x1),True,13,5
fepysr,g0032,strogatz_vdp1,520,noise001,0.01,iaaccn27,formal3h_13alg_ssr50_seed520-522_noise0-001-005_20260622-014658,fepysr_s520_noise001_g0032,/home/zhangziwen/workplace/scientific-intelligent-modelling/experiments/formal3h_13alg_ssr50_seed520-522_noise0-001-005_20260622-014658/fepysr/seed520/tasks/fepysr_s520_noise001_g0032/iaaccn27/fepysr/g0032_strogatz_vdp1/progress/minute_0060.json,cdfab6896f94af951b2442c61a7d858b05475ac922bbf990625566c267d6d1fb,60,3600.024,ok,True,True,0.036608311612623026,0.8390454704782794,3600.024,(X0 + 6.379138*X1)*(cos(X0) + cos(2*X0 - 2*X1)),(x0 + 6.379138*x1)*(cos(x0) + cos(2*x0 - 2*x1)),True,17,6
fepysr,g0033,first_principles_hubble,520,noise001,0.01,iaaccn26,formal3h_13alg_ssr50_seed520-522_noise0-001-005_20260622-014658_fepysr_rerun,fepysr_s520_noise001_g0033,/home/zhangziwen/workplace/scientific-intelligent-modelling/experiments/formal3h_13alg_ssr50_seed520-522_noise0-001-005_20260622-014658_fepysr_rerun/fepysr/seed520/tasks/fepysr_s520_noise001_g0033/iaaccn26/fepysr/g0033_first_principles_hubble/progress/minute_0060.json,d2cab09b28bd52372b7579579aea62107cb9a44cb1553cd14b5326dcfd9b9836,60,3600.019,ok,True,True,0.03916511770787855,0.11070413799465215,3600.019,exp(X0) + 897.3865 - 1111.6476*exp(-X0),exp(x0) + 897.3865 - 1111.6476*exp(-x0),True,10,5
fepysr,g0034,first_principles_leavitt,520,noise001,0.01,iaaccn29,formal3h_13alg_ssr50_seed520-522_noise0-001-005_20260622-014658_fepysr_rerun,fepysr_s520_noise001_g0034,/home/zhangziwen/workplace/scientific-intelligent-modelling/experiments/formal3h_13alg_ssr50_seed520-522_noise0-001-005_20260622-014658_fepysr_rerun/fepysr/seed520/tasks/fepysr_s520_noise001_g0034/iaaccn29/fepysr/g0034_first_principles_leavitt/progress/minute_0060.json,39dcc9e566f9a352a6c033d281b4f518c6183889f231ca2a02fc6a031041b61d,60,3600.021,ok,True,True,0.00048086470807457446,5.718122292308303e-05,3600.021,X0^2 + 0.08858623*(sin(61.56821*X0) + 56.976383)*sin(cos(X0)) + cos(X0) + 9.54934,x0**2 + (0.08858623*sin(61.56821*x0) + 5.04732296900609)*sin(cos(x0)) + cos(x0) + 9.54934,True,19,7
fepysr,g0035,feynman-ii.4.23,520,noise001,0.01,iaaccn29,formal3h_13alg_ssr50_seed520-522_noise0-001-005_20260622-014658,fepysr_s520_noise001_g0035,/home/zhangziwen/workplace/scientific-intelligent-modelling/experiments/formal3h_13alg_ssr50_seed520-522_noise0-001-005_20260622-014658/fepysr/seed520/tasks/fepysr_s520_noise001_g0035/iaaccn29/fepysr/g0035_feynman-ii.4.23/progress/minute_0060.json,e34db64bd29e0d636cb7f6f2e9aaab87c48eef799a38896df8ecbcedb050487f,60,3600.024,ok,True,True,1.0165298327496805e-08,1.0165298326661247e-08,3600.024,8986836265.89645*log(exp(X0))/X1,8986836265.89645*log(exp(x0))/x1,True,8,4
fepysr,g0036,feynman-iii.7.38,520,noise001,0.01,iaaccn29,formal3h_13alg_ssr50_seed520-522_noise0-001-005_20260622-014658_fepysr_rerun,fepysr_s520_noise001_g0036,/home/zhangziwen/workplace/scientific-intelligent-modelling/experiments/formal3h_13alg_ssr50_seed520-522_noise0-001-005_20260622-014658_fepysr_rerun/fepysr/seed520/tasks/fepysr_s520_noise001_g0036/iaaccn29/fepysr/g0036_feynman-iii.7.38/progress/minute_0060.json,3f5b9d0d222959ea7f23aca4201b35b91a9c5cb5c5af8ee79afd293e6cfc190f,60,3600.012,ok,True,True,1.0000102761930685,1.0000009482753411,3600.011,3.8793479633549145e+20,3.8793479633549145e+20,True,1,1
fepysr,g0037,feynman-i.18.16,520,noise001,0.01,iaaccn29,formal3h_13alg_ssr50_seed520-522_noise0-001-005_20260622-014658_fepysr_rerun,fepysr_s520_noise001_g0037,/home/zhangziwen/workplace/scientific-intelligent-modelling/experiments/formal3h_13alg_ssr50_seed520-522_noise0-001-005_20260622-014658_fepysr_rerun/fepysr/seed520/tasks/fepysr_s520_noise001_g0037/iaaccn29/fepysr/g0037_feynman-i.18.16/progress/minute_0060.json,146183370108369dad6056edecf93cbc28b9c319c55add968625da8eae5339b6,60,3600.02,ok,True,True,4.183153028299125e-08,3.6364020927876896e-08,3600.02,(1.0001892*X0*X1*X3 + 0.0021815223)*sin(X4),(1.0001892*x0*x1*x3 + 0.0021815223)*sin(x4),True,10,4
fepysr,g0038,feynman-ii.27.18,520,noise001,0.01,iaaccn29,formal3h_13alg_ssr50_seed520-522_noise0-001-005_20260622-014658,fepysr_s520_noise001_g0038,/home/zhangziwen/workplace/scientific-intelligent-modelling/experiments/formal3h_13alg_ssr50_seed520-522_noise0-001-005_20260622-014658/fepysr/seed520/tasks/fepysr_s520_noise001_g0038/iaaccn29/fepysr/g0038_feynman-ii.27.18/progress/minute_0060.json,8e6c7d55bc87a7f698ca2715a4d4deca2e084f5ca04a897425863b1a2fe0b42d,60,3600.012,ok,True,True,0.7668988525024173,0.8376873942766384,3600.011,9.7847524710291845e-11,9.7847524710291845e-11,True,1,1
fepysr,g0039,feynman-ii.34.11,520,noise001,0.01,iaaccn29,formal3h_13alg_ssr50_seed520-522_noise0-001-005_20260622-014658_fepysr_rerun,fepysr_s520_noise001_g0039,/home/zhangziwen/workplace/scientific-intelligent-modelling/experiments/formal3h_13alg_ssr50_seed520-522_noise0-001-005_20260622-014658_fepysr_rerun/fepysr/seed520/tasks/fepysr_s520_noise001_g0039/iaaccn29/fepysr/g0039_feynman-ii.34.11/progress/minute_0060.json,4db902cc5128d774b84d93ebb019e7873c6b88040f6bee22f9f2046fb0637f8c,60,3600.022,ok,True,True,0.9990676694447346,0.9999077387735387,3600.022,-1.0*X3/sin(X5) - 1.2590915,-1.0*x3/sin(x5) - 1.2590915,True,9,5
fepysr,g0040,feynman-i.29.16,520,noise001,0.01,iaaccn29,formal3h_13alg_ssr50_seed520-522_noise0-001-005_20260622-014658,fepysr_s520_noise001_g0040,/home/zhangziwen/workplace/scientific-intelligent-modelling/experiments/formal3h_13alg_ssr50_seed520-522_noise0-001-005_20260622-014658/fepysr/seed520/tasks/fepysr_s520_noise001_g0040/iaaccn29/fepysr/g0040_feynman-i.29.16/progress/minute_0060.json,681189cbe18e1749e771f4604d9cd7ebe211c54230dce0169ef9acaf0c602a6a,60,3600.019,ok,True,True,0.06319715945603557,0.21009239652612627,3600.019,log(exp(X0) + exp(X1)),log(exp(x0) + exp(x1)),True,6,4
fepysr,g0041,feynman-bonus.20,520,noise001,0.01,iaaccn29,formal3h_13alg_ssr50_seed520-522_noise0-001-005_20260622-014658,fepysr_s520_noise001_g0041,/home/zhangziwen/workplace/scientific-intelligent-modelling/experiments/formal3h_13alg_ssr50_seed520-522_noise0-001-005_20260622-014658/fepysr/seed520/tasks/fepysr_s520_noise001_g0041/iaaccn29/fepysr/g0041_feynman-bonus.20/progress/minute_0060.json,0bac28da4268258a3dc6f28e043567acd1e6995f77437b5cd43aca40bec7af47,60,3600.013,ok,True,True,0.9801932709049105,0.9967601219968724,3600.013,1.3510971343377598e-25,1.3510971343377598e-25,True,1,1
fepysr,g0042,feynman-i.15.3t,520,noise001,0.01,iaaccn29,formal3h_13alg_ssr50_seed520-522_noise0-001-005_20260622-014658_fepysr_rerun,fepysr_s520_noise001_g0042,/home/zhangziwen/workplace/scientific-intelligent-modelling/experiments/formal3h_13alg_ssr50_seed520-522_noise0-001-005_20260622-014658_fepysr_rerun/fepysr/seed520/tasks/fepysr_s520_noise001_g0042/iaaccn29/fepysr/g0042_feynman-i.15.3t/progress/minute_0060.json,8cf256cb3e3a5bfb4cc7911d17d749ddc82e6c536ef31b5c5361fd2b0ed6bd96,60,3600.01,ok,True,True,1.8774081603527763e-08,4.934747817717641e-05,3600.01,X1,x1,True,1,1
fepysr,g0043,feynman-i.39.22,520,noise001,0.01,iaaccn29,formal3h_13alg_ssr50_seed520-522_noise0-001-005_20260622-014658,fepysr_s520_noise001_g0043,/home/zhangziwen/workplace/scientific-intelligent-modelling/experiments/formal3h_13alg_ssr50_seed520-522_noise0-001-005_20260622-014658/fepysr/seed520/tasks/fepysr_s520_noise001_g0043/iaaccn29/fepysr/g0043_feynman-i.39.22/progress/minute_0060.json,6c5ab3062ebd2bc433cba4f8dfdcf2c5efea8bc391ea2d4172b44b53fdffcfc4,60,3600.016,ok,True,True,0.6218871051651188,0.6102799508183799,3600.016,34.19189*X3/X4,34.19189*x3/x4,True,6,3
fepysr,g0044,feynman-iii.10.19,520,noise001,0.01,iaaccn23,formal3h_13alg_ssr50_seed520-522_noise0-001-005_20260622-014658,fepysr_s520_noise001_g0044,/home/zhangziwen/workplace/scientific-intelligent-modelling/experiments/formal3h_13alg_ssr50_seed520-522_noise0-001-005_20260622-014658/fepysr/seed520/tasks/fepysr_s520_noise001_g0044/iaaccn23/fepysr/g0044_feynman-iii.10.19/progress/minute_0060.json,177a9433e16f838e4fd619af82a77a982cf49d77f63950d1e58a5c3d9d3d9c4e,60,3600.014,ok,True,True,0.3633208245530974,0.6939152959151175,3600.014,0.032736678*X2,0.032736678*x2,True,3,2
fepysr,g0045,feynman-i.13.12,520,noise001,0.01,iaaccn27,formal3h_13alg_ssr50_seed520-522_noise0-001-005_20260622-014658,fepysr_s520_noise001_g0045,/home/zhangziwen/workplace/scientific-intelligent-modelling/experiments/formal3h_13alg_ssr50_seed520-522_noise0-001-005_20260622-014658/fepysr/seed520/tasks/fepysr_s520_noise001_g0045/iaaccn27/fepysr/g0045_feynman-i.13.12/progress/minute_0060.json,d6de77dbea1120f12d831dd77efb32893f8a35a22fd09cc50e851f4633e2201a,60,3600.011,ok,True,True,0.99961409616668,1.0000090079974575,3600.011,-3.161061729859689e-12,-3.161061729859689e-12,True,1,1
fepysr,g0046,feynman-i.32.5,520,noise001,0.01,iaaccn29,formal3h_13alg_ssr50_seed520-522_noise0-001-005_20260622-014658_fepysr_rerun,fepysr_s520_noise001_g0046,/home/zhangziwen/workplace/scientific-intelligent-modelling/experiments/formal3h_13alg_ssr50_seed520-522_noise0-001-005_20260622-014658_fepysr_rerun/fepysr/seed520/tasks/fepysr_s520_noise001_g0046/iaaccn29/fepysr/g0046_feynman-i.32.5/progress/minute_0060.json,f082ca26f069d30b5d25d9252b07248f5ea040e11e0b191042fcb2ae25a4fbed,60,3600.009,ok,True,True,0.9501896213082975,0.9859384379492858,3600.009,2.6596471473377149e-06,2.6596471473377149e-6,True,1,1
fepysr,g0047,feynman-i.43.31,520,noise001,0.01,iaaccn28,formal3h_13alg_ssr50_seed520-522_noise0-001-005_20260622-014658,fepysr_s520_noise001_g0047,/home/zhangziwen/workplace/scientific-intelligent-modelling/experiments/formal3h_13alg_ssr50_seed520-522_noise0-001-005_20260622-014658/fepysr/seed520/tasks/fepysr_s520_noise001_g0047/iaaccn28/fepysr/g0047_feynman-i.43.31/progress/minute_0060.json,97b3f8a2ae7187b9a69d9f2bfabc421b2a8fe3d9c8d5f66ff6267da3c0baac55,60,3600.012,ok,True,True,0.8116795347388026,0.9308999925902274,3600.012,6.2776815596288677e-07,6.2776815596288677e-7,True,1,1
fepysr,g0048,feynman-i.11.19,520,noise001,0.01,iaaccn29,formal3h_13alg_ssr50_seed520-522_noise0-001-005_20260622-014658,fepysr_s520_noise001_g0048,/home/zhangziwen/workplace/scientific-intelligent-modelling/experiments/formal3h_13alg_ssr50_seed520-522_noise0-001-005_20260622-014658/fepysr/seed520/tasks/fepysr_s520_noise001_g0048/iaaccn29/fepysr/g0048_feynman-i.11.19/progress/minute_0060.json,03b4f6d27d8c3fc06fbcf2431661134bba756dd4c1cafaf24a223e2cbc20ce42,60,3600.023,ok,True,True,0.3246050931689702,0.3287930259042443,3600.023,1.0164532674646*X1*(X0 - 0.017020464) + 0.9838052*X2*(X3 - 0.028177638),1.0164532674646*x1*(x0 - 0.017020464) + 0.9838052*x2*(x3 - 0.028177638),True,13,4
fepysr,g0049,feynman-ii.34.2a,520,noise001,0.01,iaaccn29,formal3h_13alg_ssr50_seed520-522_noise0-001-005_20260622-014658_fepysr_rerun,fepysr_s520_noise001_g0049,/home/zhangziwen/workplace/scientific-intelligent-modelling/experiments/formal3h_13alg_ssr50_seed520-522_noise0-001-005_20260622-014658_fepysr_rerun/fepysr/seed520/tasks/fepysr_s520_noise001_g0049/iaaccn29/fepysr/g0049_feynman-ii.34.2a/progress/minute_0060.json,641e3193773cd9337c770f0ba81f16f7bd38e71f6dbe19cd4c7efb9eb6e0d857,60,3600.023,ok,True,True,1.0001416158928778,1.0003054111698457,3600.023,(-X3 - 0.31010434)*sin(X0)/(-X2 + (log(X1^2) + 53.6199)*sin(X0)),(-x3 - 0.31010434)*sin(x0)/(-x2 + (log(x1**2) + 53.6199)*sin(x0)),True,23,8
fepysr,g0050,Vladislavleva-4,520,noise001,0.01,iaaccn27,formal3h_13alg_ssr50_seed520-522_noise0-001-005_20260622-014658,fepysr_s520_noise001_g0050,/home/zhangziwen/workplace/scientific-intelligent-modelling/experiments/formal3h_13alg_ssr50_seed520-522_noise0-001-005_20260622-014658/fepysr/seed520/tasks/fepysr_s520_noise001_g0050/iaaccn27/fepysr/g0050_Vladislavleva-4/progress/minute_0060.json,b22e583842a8ca110b21c8e39daeb1662d15d9214297b14833f66ab826e1809c,60,3600.022,ok,True,True,0.08461192546641066,0.09716492720517653,3600.022,-0.1173862*cos(X3) + cos(0.14774324*cos(X4) + 1.006094),-0.1173862*cos(x3) + cos(0.14774324*cos(x4) + 1.006094),True,12,6
fepysr,g0001,Keijzer-11,520,noise005,0.05,iaaccn29,formal3h_13alg_ssr50_seed520-522_noise0-001-005_20260622-014658,fepysr_s520_noise005_g0001,/home/zhangziwen/workplace/scientific-intelligent-modelling/experiments/formal3h_13alg_ssr50_seed520-522_noise0-001-005_20260622-014658/fepysr/seed520/tasks/fepysr_s520_noise005_g0001/iaaccn29/fepysr/g0001_Keijzer-11/progress/minute_0060.json,ca48b88b318491736db413da34ad1f2b8c6f0b27690ef2fb8c16b3dbf5c5cffa,60,3600.051,ok,True,True,0.054939037764561806,0.03093360817278294,3600.051,X0*X1 - sin(1.62379707083246*X0*X1 - exp(X0 - X1^2)) - 0.15100592,x0*x1 - sin(1.62379707083246*x0*x1 - exp(x0 - x1**2)) - 0.15100592,True,23,10
fepysr,g0002,Keijzer-2,520,noise005,0.05,iaaccn27,formal3h_13alg_ssr50_seed520-522_noise0-001-005_20260622-014658,fepysr_s520_noise005_g0002,/home/zhangziwen/workplace/scientific-intelligent-modelling/experiments/formal3h_13alg_ssr50_seed520-522_noise0-001-005_20260622-014658/fepysr/seed520/tasks/fepysr_s520_noise005_g0002/iaaccn27/fepysr/g0002_Keijzer-2/progress/minute_0060.json,034218115e841ac90e94e31548abbf4161ebbc948ae42a6fd179d74223965273,60,3600.025,ok,True,True,0.021064019508389934,2.7139596842755096,3600.025,(sin(0.7340766*X0^2) - 0.14737773)*sin((X0^2 - 0.8624156)*(sin(cos(X0)) + 2.4813404)*cos(X0) - 0.18212122),(sin(0.7340766*x0**2) - 0.14737773)*sin((x0**2 - 0.8624156)*(sin(cos(x0)) + 2.4813404)*cos(x0) - 0.18212122),True,25,8
fepysr,g0003,Korns-2,520,noise005,0.05,iaaccn29,formal3h_13alg_ssr50_seed520-522_noise0-001-005_20260622-014658_fepysr_rerun,fepysr_s520_noise005_g0003,/home/zhangziwen/workplace/scientific-intelligent-modelling/experiments/formal3h_13alg_ssr50_seed520-522_noise0-001-005_20260622-014658_fepysr_rerun/fepysr/seed520/tasks/fepysr_s520_noise005_g0003/iaaccn29/fepysr/g0003_Korns-2/progress/minute_0060.json,ebe13acc870badfcf1dc45e158ad6f22bd3e456c3235a146f6b47f2e66c4e4b8,60,3600.026,ok,True,True,0.000903191535656468,0.00052923923172976,3600.026,(4.68135350032881*X1 + 4.839249*X3 + 2.26749240008463)/X4,(4.68135350032881*x1 + 4.839249*x3 + 2.26749240008463)/x4,True,12,4
fepysr,g0004,Korns-4,520,noise005,0.05,iaaccn29,formal3h_13alg_ssr50_seed520-522_noise0-001-005_20260622-014658_fepysr_rerun,fepysr_s520_noise005_g0004,/home/zhangziwen/workplace/scientific-intelligent-modelling/experiments/formal3h_13alg_ssr50_seed520-522_noise0-001-005_20260622-014658_fepysr_rerun/fepysr/seed520/tasks/fepysr_s520_noise005_g0004/iaaccn29/fepysr/g0004_Korns-4/progress/minute_0060.json,a36c1c0a991086f2ef688e00ed615cc17ae25f584a613dda52589cc63b7f87b3,60,3600.015,ok,True,True,4.819139175784432e-08,4.7689023629281775e-08,3600.015,0.1301098*cos(X2 - 1.5729207) - 2.3004684,0.1301098*cos(x2 - 1.5729207) - 2.3004684,True,8,5
fepysr,g0005,BPG3,520,noise005,0.05,iaaccn29,formal3h_13alg_ssr50_seed520-522_noise0-001-005_20260622-014658_fepysr_rerun,fepysr_s520_noise005_g0005,/home/zhangziwen/workplace/scientific-intelligent-modelling/experiments/formal3h_13alg_ssr50_seed520-522_noise0-001-005_20260622-014658_fepysr_rerun/fepysr/seed520/tasks/fepysr_s520_noise005_g0005/iaaccn29/fepysr/g0005_BPG3/progress/minute_0060.json,9fb0a5030dce452d34bc43d0ff2e90d5672be31d95ac979852f6b2f9b2f5c0e1,60,3600.019,ok,True,True,1.762217078131064e-06,2.8545516482105323e-06,3600.019,X1*(0.26333252*X1 - 0.8436543),x1*(0.26333252*x1 - 0.8436543),True,7,4
fepysr,g0006,BPG5,520,noise005,0.05,iaaccn29,formal3h_13alg_ssr50_seed520-522_noise0-001-005_20260622-014658,fepysr_s520_noise005_g0006,/home/zhangziwen/workplace/scientific-intelligent-modelling/experiments/formal3h_13alg_ssr50_seed520-522_noise0-001-005_20260622-014658/fepysr/seed520/tasks/fepysr_s520_noise005_g0006/iaaccn29/fepysr/g0006_BPG5/progress/minute_0060.json,17a531d7bc7e680a7faa1ab727bf38d0f4ef15b8a081fe68622111c6d026837d,60,3600.016,ok,True,True,1.6333507511011752e-06,0.02151387484479399,3600.016,-0.0109534101728751*X1^2 + 1.0427669*X1 - 0.0250159487335268,-0.0109534101728751*x1**2 + 1.0427669*x1 - 0.0250159487335268,True,10,4
fepysr,g0007,BPG9,520,noise005,0.05,iaaccn28,formal3h_13alg_ssr50_seed520-522_noise0-001-005_20260622-014658_fepysr_rerun,fepysr_s520_noise005_g0007,/home/zhangziwen/workplace/scientific-intelligent-modelling/experiments/formal3h_13alg_ssr50_seed520-522_noise0-001-005_20260622-014658_fepysr_rerun/fepysr/seed520/tasks/fepysr_s520_noise005_g0007/iaaccn28/fepysr/g0007_BPG9/progress/minute_0060.json,3aa80551bd3f896ba57e1509cf234927bdd8cce048cb3db760f26b50b59c8f75,60,3600.019,ok,True,True,0.012025474561539753,0.17060628538188688,3600.019,-2.06512861080638*exp(-cos(0.29202536*X0 - 0.064760834))*cos(0.30915773*X1 + 1.3574663),-2.06512861080638*exp(-cos(0.29202536*x0 - 0.064760834))*cos(0.30915773*x1 + 1.3574663),True,17,7
fepysr,g0008,CRK0,520,noise005,0.05,iaaccn28,formal3h_13alg_ssr50_seed520-522_noise0-001-005_20260622-014658_fepysr_rerun,fepysr_s520_noise005_g0008,/home/zhangziwen/workplace/scientific-intelligent-modelling/experiments/formal3h_13alg_ssr50_seed520-522_noise0-001-005_20260622-014658_fepysr_rerun/fepysr/seed520/tasks/fepysr_s520_noise005_g0008/iaaccn28/fepysr/g0008_CRK0/progress/minute_0060.json,64ae531abdb5b27f5e98456361a201f15c7b16fdddcae6d2e3077becade72d6b,60,3600.012,ok,True,True,3.416912876671053e-05,4.881133245652279e-05,3600.012,X1*(0.48091602*cos(X1) - 0.18618988),x1*(0.48091602*cos(x1) - 0.18618988),True,8,5
fepysr,g0009,CRK10,520,noise005,0.05,iaaccn27,formal3h_13alg_ssr50_seed520-522_noise0-001-005_20260622-014658,fepysr_s520_noise005_g0009,/home/zhangziwen/workplace/scientific-intelligent-modelling/experiments/formal3h_13alg_ssr50_seed520-522_noise0-001-005_20260622-014658/fepysr/seed520/tasks/fepysr_s520_noise005_g0009/iaaccn27/fepysr/g0009_CRK10/progress/minute_0060.json,4069ed7d0e04c227339557e974b407c7cdb2cdedd4cf21a294256c0630e31276,60,3600.02,ok,True,True,5.2810113145592665e-05,0.016483806214831573,3600.02,0.26292488 - 0.05561388*X1^3,0.26292488 - 0.05561388*x1**3,True,7,4
fepysr,g0010,CRK11,520,noise005,0.05,iaaccn22,formal3h_13alg_ssr50_seed520-522_noise0-001-005_20260622-014658,fepysr_s520_noise005_g0010,/home/zhangziwen/workplace/scientific-intelligent-modelling/experiments/formal3h_13alg_ssr50_seed520-522_noise0-001-005_20260622-014658/fepysr/seed520/tasks/fepysr_s520_noise005_g0010/iaaccn22/fepysr/g0010_CRK11/progress/minute_0060.json,1ce53614e068e6a44996c5d601c3cc128494bdebc2e428f5d87200ab38ec6db6,60,3600.017,ok,True,True,0.00010693059954160616,0.0013103971415237355,3600.017,(0.35023114 - 0.49179357*X1)*exp(X1),(0.35023114 - 0.49179357*x1)*exp(x1),True,8,4
fepysr,g0011,CRK33,520,noise005,0.05,iaaccn23,formal3h_13alg_ssr50_seed520-522_noise0-001-005_20260622-014658,fepysr_s520_noise005_g0011,/home/zhangziwen/workplace/scientific-intelligent-modelling/experiments/formal3h_13alg_ssr50_seed520-522_noise0-001-005_20260622-014658/fepysr/seed520/tasks/fepysr_s520_noise005_g0011/iaaccn23/fepysr/g0011_CRK33/progress/minute_0060.json,844f157d8d68819f1f7e8bf24bc72423a11392afc0e0ccc235b4a29a8bf1b8e7,60,3600.021,ok,True,True,0.00011141574778945197,0.9999999162249776,3600.021,0.39385563*X1*sin(sin(1.0262609*exp(-0.44513524*X0))),0.39385563*x1*sin(sin(1.0262609*exp(-0.44513524*x0))),True,11,7
fepysr,g0012,CRK34,520,noise005,0.05,iaaccn25,formal3h_13alg_ssr50_seed520-522_noise0-001-005_20260622-014658,fepysr_s520_noise005_g0012,/home/zhangziwen/workplace/scientific-intelligent-modelling/experiments/formal3h_13alg_ssr50_seed520-522_noise0-001-005_20260622-014658/fepysr/seed520/tasks/fepysr_s520_noise005_g0012/iaaccn25/fepysr/g0012_CRK34/progress/minute_0060.json,141648acd5bbb18e6e3f2a252e04a01928a457f84c9eebcfdfdcb4936da323b3,60,3600.205,ok,True,True,0.003226772974284798,3.706791405568972,3600.204,-sin((0.41878518*cos(X1) + 0.306880503210732)*(cos(X1) - 1.4897649)),-sin((0.41878518*cos(x1) + 0.306880503210732)*(cos(x1) - 1.4897649)),True,14,7
fepysr,g0013,I.11.19_4_0,520,noise005,0.05,iaaccn24,formal3h_13alg_ssr50_seed520-522_noise0-001-005_20260622-014658,fepysr_s520_noise005_g0013,/home/zhangziwen/workplace/scientific-intelligent-modelling/experiments/formal3h_13alg_ssr50_seed520-522_noise0-001-005_20260622-014658/fepysr/seed520/tasks/fepysr_s520_noise005_g0013/iaaccn24/fepysr/g0013_I.11.19_4_0/progress/minute_0060.json,a6042cf2658c4a90d629a885a2d927d1619d701e839abf5a8eafbc616bc65e04,60,3600.043,ok,True,True,0.01428275284017422,0.06735076623216038,3600.043,-X0/X2 + 1.1973989*X4 - X5 + log(X1) + sin(X3) - 1.6761097,-x0/x2 + 1.1973989*x4 - x5 + log(x1) + sin(x3) - 1.6761097,True,18,4
fepysr,g0014,II.11.27_1_0,520,noise005,0.05,iaaccn23,formal3h_13alg_ssr50_seed520-522_noise0-001-005_20260622-014658,fepysr_s520_noise005_g0014,/home/zhangziwen/workplace/scientific-intelligent-modelling/experiments/formal3h_13alg_ssr50_seed520-522_noise0-001-005_20260622-014658/fepysr/seed520/tasks/fepysr_s520_noise005_g0014/iaaccn23/fepysr/g0014_II.11.27_1_0/progress/minute_0060.json,4c5f0e66ead02a00f21b984b0c456eaf6d142274a34bc6b26d52a58e09f4dd8e,60,3600.031,ok,True,True,0.007949041922172126,0.09133470901319478,3600.031,0.5*X0*(1.0665764 - 0.06316567*X0)/(X1*X2),0.5*x0*(1.0665764 - 0.06316567*x0)/(x1*x2),True,14,4
fepysr,g0015,II.34.2_1_0,520,noise005,0.05,iaaccn26,formal3h_13alg_ssr50_seed520-522_noise0-001-005_20260622-014658,fepysr_s520_noise005_g0015,/home/zhangziwen/workplace/scientific-intelligent-modelling/experiments/formal3h_13alg_ssr50_seed520-522_noise0-001-005_20260622-014658/fepysr/seed520/tasks/fepysr_s520_noise005_g0015/iaaccn26/fepysr/g0015_II.34.2_1_0/progress/minute_0060.json,10a54e9d13980389e0954a1dab4efb8059dfc65d7f1cfea0fcf8a38347cb640a,60,3600.038,ok,True,True,0.10607461779706097,0.31405743270534975,3600.038,X0/X1 + X1 - 3.7034636*X2 + 5.7918587,x0/x1 + x1 - 3.7034636*x2 + 5.7918587,True,11,4
fepysr,g0016,II.6.15b_3_0,520,noise005,0.05,iaaccn24,formal3h_13alg_ssr50_seed520-522_noise0-001-005_20260622-014658,fepysr_s520_noise005_g0016,/home/zhangziwen/workplace/scientific-intelligent-modelling/experiments/formal3h_13alg_ssr50_seed520-522_noise0-001-005_20260622-014658/fepysr/seed520/tasks/fepysr_s520_noise005_g0016/iaaccn24/fepysr/g0016_II.6.15b_3_0/progress/minute_0060.json,c5f5071b5675a6a11cb56a5129e63d9b50d0fe108fbac43003a26a1fb27f8dc2,60,3600.035,ok,True,True,0.05582296097464385,0.1307356120850414,3600.035,0.412807397337252/(X0^2)^0.16712502,0.412807397337252/(x0**2)**0.16712502,True,7,4
fepysr,g0017,III.21.20_3_0,520,noise005,0.05,iaaccn26,formal3h_13alg_ssr50_seed520-522_noise0-001-005_20260622-014658,fepysr_s520_noise005_g0017,/home/zhangziwen/workplace/scientific-intelligent-modelling/experiments/formal3h_13alg_ssr50_seed520-522_noise0-001-005_20260622-014658/fepysr/seed520/tasks/fepysr_s520_noise005_g0017/iaaccn26/fepysr/g0017_III.21.20_3_0/progress/minute_0060.json,ca19c4ba9fcf64409ce708259ec9445b738143f1f770e4ef4c9b384ff219256c,60,3600.04,ok,True,True,0.2489834678349518,1.090017598288506,3600.04,(9.22951969579503*X2*X3 + 0.33254933)*exp(X0),(9.22951969579503*x2*x3 + 0.33254933)*exp(x0),True,9,4
fepysr,g0018,MatSci21,520,noise005,0.05,iaaccn24,formal3h_13alg_ssr50_seed520-522_noise0-001-005_20260622-014658,fepysr_s520_noise005_g0018,/home/zhangziwen/workplace/scientific-intelligent-modelling/experiments/formal3h_13alg_ssr50_seed520-522_noise0-001-005_20260622-014658/fepysr/seed520/tasks/fepysr_s520_noise005_g0018/iaaccn24/fepysr/g0018_MatSci21/progress/minute_0060.json,b870fae60023f80519f1fe614b526689db912ee26a75f6df744f1b57d465883f,60,3600.019,ok,True,True,0.00012016784605770189,0.0006756580071678802,3600.018,(142.69664*exp(X0) - 243.63237)*exp(3*X0) + 104.34221,(142.69664*exp(x0) - 243.63237)*exp(3*x0) + 104.34221,True,13,6
fepysr,g0019,PO19,520,noise005,0.05,iaaccn26,formal3h_13alg_ssr50_seed520-522_noise0-001-005_20260622-014658,fepysr_s520_noise005_g0019,/home/zhangziwen/workplace/scientific-intelligent-modelling/experiments/formal3h_13alg_ssr50_seed520-522_noise0-001-005_20260622-014658/fepysr/seed520/tasks/fepysr_s520_noise005_g0019/iaaccn26/fepysr/g0019_PO19/progress/minute_0060.json,d6d6b4741457fa8108591ccc0cd961133cdfb82ee384609a5db1492b996806b7,60,3600.029,ok,True,True,0.002528400165467205,0.013290758953826937,3600.029,-0.6268252*X2 - sin(1.52169480280357*sin(1.64979111829672*X0)),-0.6268252*x2 - sin(1.52169480280357*sin(1.64979111829672*x0)),True,13,7
fepysr,g0020,PO41,520,noise005,0.05,iaaccn27,formal3h_13alg_ssr50_seed520-522_noise0-001-005_20260622-014658,fepysr_s520_noise005_g0020,/home/zhangziwen/workplace/scientific-intelligent-modelling/experiments/formal3h_13alg_ssr50_seed520-522_noise0-001-005_20260622-014658/fepysr/seed520/tasks/fepysr_s520_noise005_g0020/iaaccn27/fepysr/g0020_PO41/progress/minute_0060.json,73631cd741d81b78001294d3d514a1ad8d2880b555491fcab0f441d130e5fc03,60,3600.032,ok,True,True,0.004718717850785221,0.0345129643787414,3600.032,-0.92095588306566*X0*cos(X0) - 0.47914308*sin(X2),-0.92095588306566*x0*cos(x0) - 0.47914308*sin(x2),True,10,4
fepysr,g0021,Nguyen-12,520,noise005,0.05,iaaccn29,formal3h_13alg_ssr50_seed520-522_noise0-001-005_20260622-014658,fepysr_s520_noise005_g0021,/home/zhangziwen/workplace/scientific-intelligent-modelling/experiments/formal3h_13alg_ssr50_seed520-522_noise0-001-005_20260622-014658/fepysr/seed520/tasks/fepysr_s520_noise005_g0021/iaaccn29/fepysr/g0021_Nguyen-12/progress/minute_0060.json,af43b5dce6eb06d09d3613c7e3b4262b865d6a521044e2b7f080f2e75e09cf8e,60,3600.023,ok,True,True,0.0014659913784087612,0.035592292050808744,3600.022,-0.07395524*X0*exp(cos(1.59336911158694*X0^2)) - 0.75965905*sin(sin(sin(X1))),-0.07395524*x0*exp(cos(1.59336911158694*x0**2)) - 0.75965905*sin(sin(sin(x1))),True,17,7
fepysr,g0022,Nguyen-6,520,noise005,0.05,iaaccn29,formal3h_13alg_ssr50_seed520-522_noise0-001-005_20260622-014658,fepysr_s520_noise005_g0022,/home/zhangziwen/workplace/scientific-intelligent-modelling/experiments/formal3h_13alg_ssr50_seed520-522_noise0-001-005_20260622-014658/fepysr/seed520/tasks/fepysr_s520_noise005_g0022/iaaccn29/fepysr/g0022_Nguyen-6/progress/minute_0060.json,855f11de8e47436d3d341b6cfd27e9483655654c277f499abf5f020adcf855f1,60,3600.032,ok,True,True,0.0033052086859524208,0.07988658068688982,3600.032,((X0 + 0.46813893)*(exp(1.9387289*X0*cos(X0)) + cos(X0) - 1.9856074) + 0.001613206)/(X0 + 0.46813893),((x0 + 0.46813893)*(exp(1.9387289*x0*cos(x0)) + cos(x0) - 1.9856074) + 0.001613206)/(x0 + 0.46813893),True,22,8
fepysr,g0023,Nguyen-9,520,noise005,0.05,iaaccn24,formal3h_13alg_ssr50_seed520-522_noise0-001-005_20260622-014658,fepysr_s520_noise005_g0023,/home/zhangziwen/workplace/scientific-intelligent-modelling/experiments/formal3h_13alg_ssr50_seed520-522_noise0-001-005_20260622-014658/fepysr/seed520/tasks/fepysr_s520_noise005_g0023/iaaccn24/fepysr/g0023_Nguyen-9/progress/minute_0060.json,6e02eaa68f2a18cf5018437fdd5faca8c0964b4cae3696edebbbfabec49617fd,60,3600.042,ok,True,True,4.27882774736016,0.004013718115134119,3600.042,sin(2.004138*sin(X0 + X1) - 0.8320591)/cos(cos((X0 + 2*X1)/sin(sin(X0 + X1) + 0.32324037))),sin(2.004138*sin(x0 + x1) - 0.8320591)/cos(cos((x0 + 2*x1)/sin(sin(x0 + x1) + 0.32324037))),True,29,11
fepysr,g0024,feynman_II_15_4,520,noise005,0.05,iaaccn25,formal3h_13alg_ssr50_seed520-522_noise0-001-005_20260622-014658,fepysr_s520_noise005_g0024,/home/zhangziwen/workplace/scientific-intelligent-modelling/experiments/formal3h_13alg_ssr50_seed520-522_noise0-001-005_20260622-014658/fepysr/seed520/tasks/fepysr_s520_noise005_g0024/iaaccn25/fepysr/g0024_feynman_II_15_4/progress/minute_0060.json,7be21cbcbe7c61bfd645a8f2427405ac348772bacf7efaa51300621df1698701,60,3600.226,ok,True,True,0.6343698160391559,2.0996656450177715,3600.224,4.0268116713590629,4.0268116713590629,True,1,1
fepysr,g0025,feynman_I_12_11,520,noise005,0.05,iaaccn29,formal3h_13alg_ssr50_seed520-522_noise0-001-005_20260622-014658,fepysr_s520_noise005_g0025,/home/zhangziwen/workplace/scientific-intelligent-modelling/experiments/formal3h_13alg_ssr50_seed520-522_noise0-001-005_20260622-014658/fepysr/seed520/tasks/fepysr_s520_noise005_g0025/iaaccn29/fepysr/g0025_feynman_I_12_11/progress/minute_0060.json,0a890733d6d02bcd3d0e4c639b349fc699287f4f945891e3fd69335d5f8ba9ec,60,3600.028,ok,True,True,0.2368131839806856,0.7055227645425789,3600.028,X0*(21.001085818372 - 5.798003*X4),x0*(21.001085818372 - 5.798003*x4),True,7,4
fepysr,g0026,feynman_I_27_6,520,noise005,0.05,iaaccn25,formal3h_13alg_ssr50_seed520-522_noise0-001-005_20260622-014658,fepysr_s520_noise005_g0026,/home/zhangziwen/workplace/scientific-intelligent-modelling/experiments/formal3h_13alg_ssr50_seed520-522_noise0-001-005_20260622-014658/fepysr/seed520/tasks/fepysr_s520_noise005_g0026/iaaccn25/fepysr/g0026_feynman_I_27_6/progress/minute_0060.json,9d95e5e07e14525265423a09ecce64eeff0d1c297175de04c0d3e1ae4948258f,60,3600.242,ok,True,True,0.1744492459738427,0.47284722449360933,3600.241,0.76885316627806011,0.76885316627806011,True,1,1
fepysr,g0027,feynman_test_15,520,noise005,0.05,iaaccn28,formal3h_13alg_ssr50_seed520-522_noise0-001-005_20260622-014658,fepysr_s520_noise005_g0027,/home/zhangziwen/workplace/scientific-intelligent-modelling/experiments/formal3h_13alg_ssr50_seed520-522_noise0-001-005_20260622-014658/fepysr/seed520/tasks/fepysr_s520_noise005_g0027/iaaccn28/fepysr/g0027_feynman_test_15/progress/minute_0060.json,bb0d9f9aff0547e9d3a3354691c376083f8daa0e086e64cfb0144b7face91572,60,3600.028,ok,True,True,0.007541951460779454,0.08675192451254796,3600.028,X2 + 0.5713054*sin(X3 - 1.5677255),x2 + 0.5713054*sin(x3 - 1.5677255),True,8,5
fepysr,g0028,strogatz_barmag1,520,noise005,0.05,iaaccn23,formal3h_13alg_ssr50_seed520-522_noise0-001-005_20260622-014658,fepysr_s520_noise005_g0028,/home/zhangziwen/workplace/scientific-intelligent-modelling/experiments/formal3h_13alg_ssr50_seed520-522_noise0-001-005_20260622-014658/fepysr/seed520/tasks/fepysr_s520_noise005_g0028/iaaccn23/fepysr/g0028_strogatz_barmag1/progress/minute_0060.json,e433eac004347ebcca025835d874769d87ff6282f029552c61824457e954a6fb,60,3600.038,ok,True,True,0.014243957873609372,1.4023200369187847,3600.038,cos(log(X0 + sin(X0) - 0.80077136))/sin(exp(-1.0571299*sin(0.698293350103546*X1 - 0.39357206))),cos(log(x0 + sin(x0) - 0.80077136))/sin(exp(-1.0571299*sin(0.698293350103546*x1 - 0.39357206))),True,20,9
fepysr,g0029,strogatz_barmag2,520,noise005,0.05,iaaccn29,formal3h_13alg_ssr50_seed520-522_noise0-001-005_20260622-014658,fepysr_s520_noise005_g0029,/home/zhangziwen/workplace/scientific-intelligent-modelling/experiments/formal3h_13alg_ssr50_seed520-522_noise0-001-005_20260622-014658/fepysr/seed520/tasks/fepysr_s520_noise005_g0029/iaaccn29/fepysr/g0029_strogatz_barmag2/progress/minute_0060.json,da4ac899a1c2623c7493afa9dfae95c045a87929936cf15dce9733d98bdd3b12,60,3600.023,ok,True,True,0.027099422382793975,0.11562760396396217,3600.023,(sin(X0) - 0.13859972)*sin(X1 + 0.523848216236581*sin(X0 - 0.42630255)),(sin(x0) - 0.13859972)*sin(x1 + 0.523848216236581*sin(x0 - 0.42630255)),True,14,7
fepysr,g0030,strogatz_predprey2,520,noise005,0.05,iaaccn27,formal3h_13alg_ssr50_seed520-522_noise0-001-005_20260622-014658,fepysr_s520_noise005_g0030,/home/zhangziwen/workplace/scientific-intelligent-modelling/experiments/formal3h_13alg_ssr50_seed520-522_noise0-001-005_20260622-014658/fepysr/seed520/tasks/fepysr_s520_noise005_g0030/iaaccn27/fepysr/g0030_strogatz_predprey2/progress/minute_0060.json,6c3a39f8dd6af3ba2b69c72654fbe00347419cbbe967aa6ab89a02e3aba0caef,60,3600.03,ok,True,True,0.009578547101466882,0.017655598593270812,3600.03,(-(0.019688712*exp(X0) + 0.050380435)*(-X0 + X1^2 + 46.256783) + 3.1569362*exp(X0))*exp(-X0),((-0.019688712*exp(x0) - 0.050380435)*(-x0 + x1**2 + 46.256783) + 3.1569362*exp(x0))*exp(-x0),True,25,7
fepysr,g0031,strogatz_shearflow1,520,noise005,0.05,iaaccn22,formal3h_13alg_ssr50_seed520-522_noise0-001-005_20260622-014658,fepysr_s520_noise005_g0031,/home/zhangziwen/workplace/scientific-intelligent-modelling/experiments/formal3h_13alg_ssr50_seed520-522_noise0-001-005_20260622-014658/fepysr/seed520/tasks/fepysr_s520_noise005_g0031/iaaccn22/fepysr/g0031_strogatz_shearflow1/progress/minute_0060.json,048555ad832ac4cdd2eb714a817f0e72525ef21ef13bea8b51940216401cd8a6,60,3600.03,ok,True,True,0.049012672421323705,5.419692705858954,3600.03,(0.08053858*X1^2 - 0.47516876*exp(X1))*(-0.37503338*X1^2*exp(X1) + X1*exp(X1) + 0.4742975)*exp(-2*X1)/X1^2,(0.08053858*x1**2 - 0.47516876*exp(x1))*(-0.37503338*x1**2*exp(x1) + x1*exp(x1) + 0.4742975)*exp(-2*x1)/x1**2,True,31,5
fepysr,g0032,strogatz_vdp1,520,noise005,0.05,iaaccn24,formal3h_13alg_ssr50_seed520-522_noise0-001-005_20260622-014658,fepysr_s520_noise005_g0032,/home/zhangziwen/workplace/scientific-intelligent-modelling/experiments/formal3h_13alg_ssr50_seed520-522_noise0-001-005_20260622-014658/fepysr/seed520/tasks/fepysr_s520_noise005_g0032/iaaccn24/fepysr/g0032_strogatz_vdp1/progress/minute_0060.json,b4b92bcd02b6c78867d2006b9543d06a4574b6235f1d955beca98ac5386f4756,60,3600.024,ok,True,True,0.0194553727041604,0.024437252224502617,3600.024,-10.609592*X0 + 10.609592*X1 + 10.609592*sin(1.3886633*X0),-10.609592*x0 + 10.609592*x1 + 10.609592*sin(1.3886633*x0),True,13,5
fepysr,g0033,first_principles_hubble,520,noise005,0.05,iaaccn22,formal3h_13alg_ssr50_seed520-522_noise0-001-005_20260622-014658,fepysr_s520_noise005_g0033,/home/zhangziwen/workplace/scientific-intelligent-modelling/experiments/formal3h_13alg_ssr50_seed520-522_noise0-001-005_20260622-014658/fepysr/seed520/tasks/fepysr_s520_noise005_g0033/iaaccn22/fepysr/g0033_first_principles_hubble/progress/minute_0060.json,59d53bfd0e999a3b51a548955be52a88f182bbda814e511b9432cef2e8398146,60,3600.025,ok,True,True,0.2562244341056218,0.3570964923123556,3600.025,(-(sin(X0) + 169.14491)*cos(sin(X0))*cos(1710.6206*sin(X0)) + 360.36227*sin(X0))/cos(sin(X0)),((-sin(x0) - 169.14491)*cos(sin(x0))*cos(1710.6206*sin(x0)) + 360.36227*sin(x0))/cos(sin(x0)),True,26,7
fepysr,g0034,first_principles_leavitt,520,noise005,0.05,iaaccn27,formal3h_13alg_ssr50_seed520-522_noise0-001-005_20260622-014658,fepysr_s520_noise005_g0034,/home/zhangziwen/workplace/scientific-intelligent-modelling/experiments/formal3h_13alg_ssr50_seed520-522_noise0-001-005_20260622-014658/fepysr/seed520/tasks/fepysr_s520_noise005_g0034/iaaccn27/fepysr/g0034_first_principles_leavitt/progress/minute_0060.json,830d7d923e9bd11f209f11c78fa3d4fb3ee4b8d98fe4e9ecd60ab9e75af38cc6,60,3600.019,ok,True,True,0.0003424111247071493,0.0010349094928661568,3600.019,3.2661936*sin(cos(X0)) + 12.049663,3.2661936*sin(cos(x0)) + 12.049663,True,7,5
fepysr,g0035,feynman-ii.4.23,520,noise005,0.05,iaaccn29,formal3h_13alg_ssr50_seed520-522_noise0-001-005_20260622-014658,fepysr_s520_noise005_g0035,/home/zhangziwen/workplace/scientific-intelligent-modelling/experiments/formal3h_13alg_ssr50_seed520-522_noise0-001-005_20260622-014658/fepysr/seed520/tasks/fepysr_s520_noise005_g0035/iaaccn29/fepysr/g0035_feynman-ii.4.23/progress/minute_0060.json,c637b61d5f8ab1f3d36205b7e8176900486f5147476ed153fae1c84f35d74205,60,3600.014,ok,True,True,5.4771948282163164e-08,5.477194828020328e-08,3600.014,8985639000*X0/X1,8985639000*x0/x1,True,6,3
fepysr,g0036,feynman-iii.7.38,520,noise005,0.05,iaaccn26,formal3h_13alg_ssr50_seed520-522_noise0-001-005_20260622-014658,fepysr_s520_noise005_g0036,/home/zhangziwen/workplace/scientific-intelligent-modelling/experiments/formal3h_13alg_ssr50_seed520-522_noise0-001-005_20260622-014658/fepysr/seed520/tasks/fepysr_s520_noise005_g0036/iaaccn26/fepysr/g0036_feynman-iii.7.38/progress/minute_0060.json,95e3d8bfa717c123d095f459cc850f2f6d83a40ccc54a3bcfd22ba72714c8056,60,3600.014,ok,True,True,1.000011712288535,1.0000010408410305,3600.014,4.2574282898255367e+20,4.2574282898255367e+20,True,1,1
fepysr,g0037,feynman-i.18.16,520,noise005,0.05,iaaccn27,formal3h_13alg_ssr50_seed520-522_noise0-001-005_20260622-014658,fepysr_s520_noise005_g0037,/home/zhangziwen/workplace/scientific-intelligent-modelling/experiments/formal3h_13alg_ssr50_seed520-522_noise0-001-005_20260622-014658/fepysr/seed520/tasks/fepysr_s520_noise005_g0037/iaaccn27/fepysr/g0037_feynman-i.18.16/progress/minute_0060.json,e8eacf54f25f8050e63aaeeac9c15f2ef321f2341572fa0137e77ed17acede67,60,3600.02,ok,True,True,2.42513904847229e-07,2.0695776158495375e-06,3600.02,-0.999658216855657*X0*X1*X3*cos(X4 - 10.995321),-0.999658216855657*x0*x1*x3*cos(x4 - 10.995321),True,9,4
fepysr,g0038,feynman-ii.27.18,520,noise005,0.05,iaaccn28,formal3h_13alg_ssr50_seed520-522_noise0-001-005_20260622-014658,fepysr_s520_noise005_g0038,/home/zhangziwen/workplace/scientific-intelligent-modelling/experiments/formal3h_13alg_ssr50_seed520-522_noise0-001-005_20260622-014658/fepysr/seed520/tasks/fepysr_s520_noise005_g0038/iaaccn28/fepysr/g0038_feynman-ii.27.18/progress/minute_0060.json,b82b7fbc314f8f60ac8bfcc564c023c3499c416682ec94c263af2ce28c4ce65d,60,3600.011,ok,True,True,0.7669457477916712,0.8378673939730498,3600.011,9.7733874807807741e-11,9.7733874807807741e-11,True,1,1
fepysr,g0039,feynman-ii.34.11,520,noise005,0.05,iaaccn25,formal3h_13alg_ssr50_seed520-522_noise0-001-005_20260622-014658,fepysr_s520_noise005_g0039,/home/zhangziwen/workplace/scientific-intelligent-modelling/experiments/formal3h_13alg_ssr50_seed520-522_noise0-001-005_20260622-014658/fepysr/seed520/tasks/fepysr_s520_noise005_g0039/iaaccn25/fepysr/g0039_feynman-ii.34.11/progress/minute_0060.json,fadaf01b4f1d94b5c1e12691a4fac7f8f3a653e71bf350e0db4fab65501b962b,60,3600.14,ok,True,True,0.9978196874475637,0.9997646070896075,3600.139,-2.55233738285087*X3/X5 - 0.5570086,-2.55233738285087*x3/x5 - 0.5570086,True,8,4
fepysr,g0040,feynman-i.29.16,520,noise005,0.05,iaaccn29,formal3h_13alg_ssr50_seed520-522_noise0-001-005_20260622-014658,fepysr_s520_noise005_g0040,/home/zhangziwen/workplace/scientific-intelligent-modelling/experiments/formal3h_13alg_ssr50_seed520-522_noise0-001-005_20260622-014658/fepysr/seed520/tasks/fepysr_s520_noise005_g0040/iaaccn29/fepysr/g0040_feynman-i.29.16/progress/minute_0060.json,c86674a0e8f959da66f1ac739dae070b7b2f89e58620b1eeec6c141cf77ff11e,60,3600.021,ok,True,True,0.09856239256453485,0.036216522915221656,3600.021,0.8032487*X0 + 0.8032487*X1,0.8032487*x0 + 0.8032487*x1,True,7,3
fepysr,g0041,feynman-bonus.20,520,noise005,0.05,iaaccn28,formal3h_13alg_ssr50_seed520-522_noise0-001-005_20260622-014658,fepysr_s520_noise005_g0041,/home/zhangziwen/workplace/scientific-intelligent-modelling/experiments/formal3h_13alg_ssr50_seed520-522_noise0-001-005_20260622-014658/fepysr/seed520/tasks/fepysr_s520_noise005_g0041/iaaccn28/fepysr/g0041_feynman-bonus.20/progress/minute_0060.json,35a6f67a168200d28c5f9905af89e1ed25c0456177fff52675c118bf4f4a13bc,60,3600.011,ok,True,True,0.9802396207113854,0.996773207186961,3600.011,1.3415245547407288e-25,1.3415245547407288e-25,True,1,1
fepysr,g0042,feynman-i.15.3t,520,noise005,0.05,iaaccn22,formal3h_13alg_ssr50_seed520-522_noise0-001-005_20260622-014658,fepysr_s520_noise005_g0042,/home/zhangziwen/workplace/scientific-intelligent-modelling/experiments/formal3h_13alg_ssr50_seed520-522_noise0-001-005_20260622-014658/fepysr/seed520/tasks/fepysr_s520_noise005_g0042/iaaccn22/fepysr/g0042_feynman-i.15.3t/progress/minute_0060.json,2899b93f6cceea670e3e6d6a25297f32b8d68a56f273d459005ea0bfeaf5871e,60,3600.019,ok,True,True,6.978799464255811e-07,3.5950949276332385e-05,3600.019,sin(X1*(9.056946*X1 + 1.00027625085022)),sin(x1*(9.056946*x1 + 1.00027625085022)),True,8,5
fepysr,g0043,feynman-i.39.22,520,noise005,0.05,iaaccn25,formal3h_13alg_ssr50_seed520-522_noise0-001-005_20260622-014658,fepysr_s520_noise005_g0043,/home/zhangziwen/workplace/scientific-intelligent-modelling/experiments/formal3h_13alg_ssr50_seed520-522_noise0-001-005_20260622-014658/fepysr/seed520/tasks/fepysr_s520_noise005_g0043/iaaccn25/fepysr/g0043_feynman-i.39.22/progress/minute_0060.json,5feb95c0d9864bf87ce6913f3106cae2510e43d3d4a6bf1f4ee9328e1534bf52,60,3600.343,ok,True,True,0.930050415724605,0.9732605784400604,3600.341,142125070.28490466,142125070.28490466,True,1,1
fepysr,g0044,feynman-iii.10.19,520,noise005,0.05,iaaccn22,formal3h_13alg_ssr50_seed520-522_noise0-001-005_20260622-014658,fepysr_s520_noise005_g0044,/home/zhangziwen/workplace/scientific-intelligent-modelling/experiments/formal3h_13alg_ssr50_seed520-522_noise0-001-005_20260622-014658/fepysr/seed520/tasks/fepysr_s520_noise005_g0044/iaaccn22/fepysr/g0044_feynman-iii.10.19/progress/minute_0060.json,d7f55b3c75f69f1d94976d6c18b3c82e31aa9f260da8c511ab43360e1384d5c6,60,3600.013,ok,True,True,0.9999415753610974,0.9998853821470786,3600.013,X1*X2,x1*x2,True,3,2
fepysr,g0045,feynman-i.13.12,520,noise005,0.05,iaaccn27,formal3h_13alg_ssr50_seed520-522_noise0-001-005_20260622-014658,fepysr_s520_noise005_g0045,/home/zhangziwen/workplace/scientific-intelligent-modelling/experiments/formal3h_13alg_ssr50_seed520-522_noise0-001-005_20260622-014658/fepysr/seed520/tasks/fepysr_s520_noise005_g0045/iaaccn27/fepysr/g0045_feynman-i.13.12/progress/minute_0060.json,af343aa4e287fca4c46bc1e2652aa7a089cc753d559d2151856e6edcca588510,60,3600.01,ok,True,True,0.9996086007595621,1.0000093792467433,3600.01,-3.2308074407448322e-12,-3.2308074407448322e-12,True,1,1
fepysr,g0046,feynman-i.32.5,520,noise005,0.05,iaaccn25,formal3h_13alg_ssr50_seed520-522_noise0-001-005_20260622-014658,fepysr_s520_noise005_g0046,/home/zhangziwen/workplace/scientific-intelligent-modelling/experiments/formal3h_13alg_ssr50_seed520-522_noise0-001-005_20260622-014658/fepysr/seed520/tasks/fepysr_s520_noise005_g0046/iaaccn25/fepysr/g0046_feynman-i.32.5/progress/minute_0060.json,60b76098e9c108b6e61e7cad3345a7c80ff87221332363271690112d10a99602,60,3600.237,ok,True,True,0.8322912059998765,0.8560497192178428,3600.233,sin((sin(X0) - sin(sin(X0)))*sin(X0)),sin((sin(x0) - sin(sin(x0)))*sin(x0)),True,12,7
fepysr,g0047,feynman-i.43.31,520,noise005,0.05,iaaccn24,formal3h_13alg_ssr50_seed520-522_noise0-001-005_20260622-014658,fepysr_s520_noise005_g0047,/home/zhangziwen/workplace/scientific-intelligent-modelling/experiments/formal3h_13alg_ssr50_seed520-522_noise0-001-005_20260622-014658/fepysr/seed520/tasks/fepysr_s520_noise005_g0047/iaaccn24/fepysr/g0047_feynman-i.43.31/progress/minute_0060.json,d968179de83f5fdb3f01ec05ca5678f4ce64b299bf73e58b494ad6dd4b1c0ccb,60,3600.013,ok,True,True,0.8116626383697951,0.930858690513089,3600.013,6.2815036991220666e-07,6.2815036991220666e-7,True,1,1
fepysr,g0048,feynman-i.11.19,520,noise005,0.05,iaaccn24,formal3h_13alg_ssr50_seed520-522_noise0-001-005_20260622-014658,fepysr_s520_noise005_g0048,/home/zhangziwen/workplace/scientific-intelligent-modelling/experiments/formal3h_13alg_ssr50_seed520-522_noise0-001-005_20260622-014658/fepysr/seed520/tasks/fepysr_s520_noise005_g0048/iaaccn24/fepysr/g0048_feynman-i.11.19/progress/minute_0060.json,62d1d2214ee8b197b5c78b3d46b02870359e96f8301fef552d707cebb6933733,60,3600.019,ok,True,True,0.32443904540304297,0.328757782859852,3600.019,1.01597347016925*X0*X1 + X2*X3 + 0.06020202,1.01597347016925*x0*x1 + x2*x3 + 0.06020202,True,9,3
fepysr,g0049,feynman-ii.34.2a,520,noise005,0.05,iaaccn22,formal3h_13alg_ssr50_seed520-522_noise0-001-005_20260622-014658,fepysr_s520_noise005_g0049,/home/zhangziwen/workplace/scientific-intelligent-modelling/experiments/formal3h_13alg_ssr50_seed520-522_noise0-001-005_20260622-014658/fepysr/seed520/tasks/fepysr_s520_noise005_g0049/iaaccn22/fepysr/g0049_feynman-ii.34.2a/progress/minute_0060.json,54a8389bb8eb0767ce103bd3d32198eca522395e9f89d89842f4064b4aa90bd6,60,3600.02,ok,True,True,0.9995761078053685,0.9999985142548572,3600.02,-23087.695 - 9.12305*X2/X0,-23087.695 - 9.12305*x2/x0,True,8,4
fepysr,g0050,Vladislavleva-4,520,noise005,0.05,iaaccn28,formal3h_13alg_ssr50_seed520-522_noise0-001-005_20260622-014658,fepysr_s520_noise005_g0050,/home/zhangziwen/workplace/scientific-intelligent-modelling/experiments/formal3h_13alg_ssr50_seed520-522_noise0-001-005_20260622-014658/fepysr/seed520/tasks/fepysr_s520_noise005_g0050/iaaccn28/fepysr/g0050_Vladislavleva-4/progress/minute_0060.json,a07b14b1aa15ab6b52ad17c1876e36cc79224076197330060fac3675e5de22e5,60,3600.027,ok,True,True,0.07710901563144422,0.11009323567400679,3600.027,sin(cos(cos((0.28904432*cos(X2) - 0.28620178)*(cos(X3) + cos(X4) - 1.0967981)))),sin(cos(cos((0.28904432*cos(x2) - 0.28620178)*(cos(x3) + cos(x4) - 1.0967981)))),True,16,8
fepysr,g0001,Keijzer-11,521,clean,0.0,iaaccn24,formal3h_13alg_ssr50_seed520-522_noise0-001-005_20260622-014658,fepysr_s521_clean_g0001,/home/zhangziwen/workplace/scientific-intelligent-modelling/experiments/formal3h_13alg_ssr50_seed520-522_noise0-001-005_20260622-014658/fepysr/seed521/tasks/fepysr_s521_clean_g0001/iaaccn24/fepysr/g0001_Keijzer-11/progress/minute_0060.json,0a74da50b6445c94dd3b44648fa868bece27424445c07e2ed3a9eecb1e2de88a,60,3600.051,ok,True,True,0.12009927724383478,0.05518950928232943,3600.051,1.186431*X0*(X1 - 0.15973985) - sin(X0*X1) + 0.1950369175176,1.186431*x0*(x1 - 0.15973985) - sin(x0*x1) + 0.1950369175176,True,14,5
fepysr,g0002,Keijzer-2,521,clean,0.0,iaaccn27,formal3h_13alg_ssr50_seed520-522_noise0-001-005_20260622-014658,fepysr_s521_clean_g0002,/home/zhangziwen/workplace/scientific-intelligent-modelling/experiments/formal3h_13alg_ssr50_seed520-522_noise0-001-005_20260622-014658/fepysr/seed521/tasks/fepysr_s521_clean_g0002/iaaccn27/fepysr/g0002_Keijzer-2/progress/minute_0060.json,7025add1eb59aaf096ded51e07f3a8650729e09df6767606d8b6225802c882c2,60,3600.026,ok,True,True,0.022686570736832768,1.01569335547516,3600.026,(2.83814673559201*cos(cos(X0^2) + 0.07258312) - 2.38413748436891)*sin(cos(cos(1.35300192*X0^2) + 0.60784465)),(2.83814673559201*cos(cos(x0**2) + 0.07258312) - 2.38413748436891)*sin(cos(cos(1.35300192*x0**2) + 0.60784465)),True,22,8
fepysr,g0003,Korns-2,521,clean,0.0,iaaccn25,formal3h_13alg_ssr50_seed520-522_noise0-001-005_20260622-014658,fepysr_s521_clean_g0003,/home/zhangziwen/workplace/scientific-intelligent-modelling/experiments/formal3h_13alg_ssr50_seed520-522_noise0-001-005_20260622-014658/fepysr/seed521/tasks/fepysr_s521_clean_g0003/iaaccn25/fepysr/g0003_Korns-2/progress/minute_0060.json,6b797dfb017f31a4cbc8b5b27de5948c41042a56fe825ee602f0cc12ed121a64,60,3600.103,ok,True,True,0.47980897566794645,1.1311963880806324,3600.102,6.60107139889198*X1/X4 + 0.19413671,6.60107139889198*x1/x4 + 0.19413671,True,8,4
fepysr,g0004,Korns-4,521,clean,0.0,iaaccn29,formal3h_13alg_ssr50_seed520-522_noise0-001-005_20260622-014658,fepysr_s521_clean_g0004,/home/zhangziwen/workplace/scientific-intelligent-modelling/experiments/formal3h_13alg_ssr50_seed520-522_noise0-001-005_20260622-014658/fepysr/seed521/tasks/fepysr_s521_clean_g0004/iaaccn29/fepysr/g0004_Korns-4/progress/minute_0060.json,a5b3b675b45263e723ba7e5cdb612c8cc70d3edafd29c54d3a5e1cfd70766036,60,3600.023,ok,True,True,9.098375614947369e-18,8.18555315386925e-18,3600.023,0.129999994811687*sin(X2) - 7.79999969023615e-9*cos(X2) - 2.3,0.129999994811687*sin(x2) - 7.79999969023615e-9*cos(x2) - 2.3,True,10,4
fepysr,g0005,BPG3,521,clean,0.0,iaaccn28,formal3h_13alg_ssr50_seed520-522_noise0-001-005_20260622-014658,fepysr_s521_clean_g0005,/home/zhangziwen/workplace/scientific-intelligent-modelling/experiments/formal3h_13alg_ssr50_seed520-522_noise0-001-005_20260622-014658/fepysr/seed521/tasks/fepysr_s521_clean_g0005/iaaccn28/fepysr/g0005_BPG3/progress/minute_0060.json,52d7e8255c6cedb6874bc70444fab03e4a8b0387e130e9f908f2eb812bb8531a,60,3600.021,ok,True,True,6.403909071207033e-08,2.2903250212594093e-06,3600.021,-0.84380317*X1 + sin(0.2645018*X1^2),-0.84380317*x1 + sin(0.2645018*x1**2),True,10,5
fepysr,g0006,BPG5,521,clean,0.0,iaaccn22,formal3h_13alg_ssr50_seed520-522_noise0-001-005_20260622-014658,fepysr_s521_clean_g0006,/home/zhangziwen/workplace/scientific-intelligent-modelling/experiments/formal3h_13alg_ssr50_seed520-522_noise0-001-005_20260622-014658/fepysr/seed521/tasks/fepysr_s521_clean_g0006/iaaccn22/fepysr/g0006_BPG5/progress/minute_0060.json,f538385525bd0c0d1fb7a37dfcdf3b2f63ca457ac05cbbaed01c99b51ffca1ad,60,3600.026,ok,True,True,0.0001801064796498458,1.0,3600.026,-X1^2/(0.46240345*X0^2 - 1.2465872*X0 - 0.46240345*exp(X0) + 1.0413613),-x1**2/(0.46240345*x0**2 - 1.2465872*x0 - 0.46240345*exp(x0) + 1.0413613),True,21,6
fepysr,g0007,BPG9,521,clean,0.0,iaaccn28,formal3h_13alg_ssr50_seed520-522_noise0-001-005_20260622-014658,fepysr_s521_clean_g0007,/home/zhangziwen/workplace/scientific-intelligent-modelling/experiments/formal3h_13alg_ssr50_seed520-522_noise0-001-005_20260622-014658/fepysr/seed521/tasks/fepysr_s521_clean_g0007/iaaccn28/fepysr/g0007_BPG9/progress/minute_0060.json,7338c2608c66602ec2d5c3f210938233653d528fd4c15175cf8770dd90514535,60,3600.017,ok,True,True,0.001973224364607388,0.22978408996261648,3600.017,0.502907130101622*X1*sin(0.289405386824015*X1),0.502907130101622*x1*sin(0.289405386824015*x1),True,7,4
fepysr,g0008,CRK0,521,clean,0.0,iaaccn27,formal3h_13alg_ssr50_seed520-522_noise0-001-005_20260622-014658,fepysr_s521_clean_g0008,/home/zhangziwen/workplace/scientific-intelligent-modelling/experiments/formal3h_13alg_ssr50_seed520-522_noise0-001-005_20260622-014658/fepysr/seed521/tasks/fepysr_s521_clean_g0008/iaaccn27/fepysr/g0008_CRK0/progress/minute_0060.json,e808e27e6fc8970afe5c0d0f23a9dc3bc0e5b3cf89c5c9959e26cc5b5fe821fe,60,3600.025,ok,True,True,3.328840502787325e-08,8.135362139023827e-07,3600.025,0.26533157*cos(X1^2) - 0.07051784/X1^2,0.26533157*cos(x1**2) - 0.07051784/x1**2,True,12,5
fepysr,g0009,CRK10,521,clean,0.0,iaaccn23,formal3h_13alg_ssr50_seed520-522_noise0-001-005_20260622-014658,fepysr_s521_clean_g0009,/home/zhangziwen/workplace/scientific-intelligent-modelling/experiments/formal3h_13alg_ssr50_seed520-522_noise0-001-005_20260622-014658/fepysr/seed521/tasks/fepysr_s521_clean_g0009/iaaccn23/fepysr/g0009_CRK10/progress/minute_0060.json,8085943c03a7613a3e73968f529686fce633a95d9f545d00b853c2fb66f7ca1b,60,3600.023,ok,True,True,4.07908139897751e-07,0.0008253277041902066,3600.023,-sin(0.205649298009472*X1^2 - 0.191532107371877*X1 - 0.316184639981519 + 0.0979769471077537/X1),-sin(0.205649298009472*x1**2 - 0.191532107371877*x1 - 0.316184639981519 + 0.0979769471077537/x1),True,18,6
fepysr,g0010,CRK11,521,clean,0.0,iaaccn23,formal3h_13alg_ssr50_seed520-522_noise0-001-005_20260622-014658,fepysr_s521_clean_g0010,/home/zhangziwen/workplace/scientific-intelligent-modelling/experiments/formal3h_13alg_ssr50_seed520-522_noise0-001-005_20260622-014658/fepysr/seed521/tasks/fepysr_s521_clean_g0010/iaaccn23/fepysr/g0010_CRK11/progress/minute_0060.json,c261913a5fe2407967877a3d014b80a3389ac0f8797c1b207b20792d2cd4e0c2,60,3600.026,ok,True,True,1.314894243952647e-06,0.00046767817251432673,3600.026,-log(exp(0.7345437*X1) + cos(0.47150636*X1))*sin(0.5209588*exp(X1) - 1.0619308),-log(exp(0.7345437*x1) + cos(0.47150636*x1))*sin(0.5209588*exp(x1) - 1.0619308),True,19,6
fepysr,g0011,CRK33,521,clean,0.0,iaaccn22,formal3h_13alg_ssr50_seed520-522_noise0-001-005_20260622-014658,fepysr_s521_clean_g0011,/home/zhangziwen/workplace/scientific-intelligent-modelling/experiments/formal3h_13alg_ssr50_seed520-522_noise0-001-005_20260622-014658/fepysr/seed521/tasks/fepysr_s521_clean_g0011/iaaccn22/fepysr/g0011_CRK33/progress/minute_0060.json,b6265efcbe0c29a01216937f4b8ef586032f552c404fa7fba98dbc76bc9e4089,60,3600.033,ok,True,True,5.2062008849377134e-05,0.14695803658040368,3600.033,-sin(sin(1.72530739197945*(0.06916172*X1^2 - 0.353123876621432)*(exp(X1) - 0.9897264)*exp(-X1))),-sin(sin((0.119325226758013*x1**2 - 0.609247234619396)*(exp(x1) - 0.9897264)*exp(-x1))),True,20,8
fepysr,g0012,CRK34,521,clean,0.0,iaaccn25,formal3h_13alg_ssr50_seed520-522_noise0-001-005_20260622-014658,fepysr_s521_clean_g0012,/home/zhangziwen/workplace/scientific-intelligent-modelling/experiments/formal3h_13alg_ssr50_seed520-522_noise0-001-005_20260622-014658/fepysr/seed521/tasks/fepysr_s521_clean_g0012/iaaccn25/fepysr/g0012_CRK34/progress/minute_0060.json,4a9bf721a8e76b0b634d35da42e3a63a94572f80c44660893379de1492e5e007,60,3600.129,ok,True,True,0.009558727118132727,1.0,3600.128,0.122285067735214*exp(-X0 + X1^2)/(X1*(X1 - sin(sin(X0) + 0.414456003171648/X1))),0.122285067735214*exp(-x0 + x1**2)/(x1*(x1 - sin(sin(x0) + 0.414456003171648/x1))),True,28,9
fepysr,g0013,I.11.19_4_0,521,clean,0.0,iaaccn24,formal3h_13alg_ssr50_seed520-522_noise0-001-005_20260622-014658,fepysr_s521_clean_g0013,/home/zhangziwen/workplace/scientific-intelligent-modelling/experiments/formal3h_13alg_ssr50_seed520-522_noise0-001-005_20260622-014658/fepysr/seed521/tasks/fepysr_s521_clean_g0013/iaaccn24/fepysr/g0013_I.11.19_4_0/progress/minute_0060.json,80b93a907b2f6e54418278da20b16b82e828e144258c43f9f8745a3d040ac1d6,60,3600.03,ok,True,True,0.034186683513693916,0.09130165284060002,3600.03,-0.24645177*X0*log(X0)/X2 + X4 - 4.112869,-0.24645177*x0*log(x0)/x2 + x4 - 4.112869,True,11,4
fepysr,g0014,II.11.27_1_0,521,clean,0.0,iaaccn23,formal3h_13alg_ssr50_seed520-522_noise0-001-005_20260622-014658,fepysr_s521_clean_g0014,/home/zhangziwen/workplace/scientific-intelligent-modelling/experiments/formal3h_13alg_ssr50_seed520-522_noise0-001-005_20260622-014658/fepysr/seed521/tasks/fepysr_s521_clean_g0014/iaaccn23/fepysr/g0014_II.11.27_1_0/progress/minute_0060.json,d0e7188f4e928f8f3bf1b431d5ccbfb4dfe0fceaa07387393c92c2faa0dd4868,60,3600.027,ok,True,True,0.010408432564985453,0.1775804636972823,3600.027,(X0 + 0.09592983)/(X2*sin(sin(2.2773804*X1))),(x0 + 0.09592983)/(x2*sin(sin(2.2773804*x1))),True,14,6
fepysr,g0015,II.34.2_1_0,521,clean,0.0,iaaccn23,formal3h_13alg_ssr50_seed520-522_noise0-001-005_20260622-014658,fepysr_s521_clean_g0015,/home/zhangziwen/workplace/scientific-intelligent-modelling/experiments/formal3h_13alg_ssr50_seed520-522_noise0-001-005_20260622-014658/fepysr/seed521/tasks/fepysr_s521_clean_g0015/iaaccn23/fepysr/g0015_II.34.2_1_0/progress/minute_0060.json,55074fc96603106f6c40dfd9fa2d2021518a9b0854344c31369bc8eb108f7d22,60,3600.025,ok,True,True,2.561539371151211e-15,1.2796532212497775e-32,3600.024,2*X0/(X1*X2),2*x0/(x1*x2),True,9,3
fepysr,g0016,II.6.15b_3_0,521,clean,0.0,iaaccn23,formal3h_13alg_ssr50_seed520-522_noise0-001-005_20260622-014658,fepysr_s521_clean_g0016,/home/zhangziwen/workplace/scientific-intelligent-modelling/experiments/formal3h_13alg_ssr50_seed520-522_noise0-001-005_20260622-014658/fepysr/seed521/tasks/fepysr_s521_clean_g0016/iaaccn23/fepysr/g0016_II.6.15b_3_0/progress/minute_0060.json,f6f545af4436fc2ead24a0fdaef63dd9bf777bdf3a8ce922c39f11181bed09fa,60,3600.046,ok,True,True,0.21091147868940677,0.3875648144293641,3600.046,1.40926636433483*exp(-X0/cos(X3)),1.40926636433483*exp(-x0/cos(x3)),True,10,6
fepysr,g0017,III.21.20_3_0,521,clean,0.0,iaaccn22,formal3h_13alg_ssr50_seed520-522_noise0-001-005_20260622-014658,fepysr_s521_clean_g0017,/home/zhangziwen/workplace/scientific-intelligent-modelling/experiments/formal3h_13alg_ssr50_seed520-522_noise0-001-005_20260622-014658/fepysr/seed521/tasks/fepysr_s521_clean_g0017/iaaccn22/fepysr/g0017_III.21.20_3_0/progress/minute_0060.json,4c75326c2ffd9002c0cb69c6db64bb2c89acd65d8088e085c31abfdcc1ab90b3,60,3600.028,ok,True,True,0.35405911079254276,0.7199721326203794,3600.028,-26.921408/X0,-26.921408/x0,True,5,3
fepysr,g0018,MatSci21,521,clean,0.0,iaaccn25,formal3h_13alg_ssr50_seed520-522_noise0-001-005_20260622-014658,fepysr_s521_clean_g0018,/home/zhangziwen/workplace/scientific-intelligent-modelling/experiments/formal3h_13alg_ssr50_seed520-522_noise0-001-005_20260622-014658/fepysr/seed521/tasks/fepysr_s521_clean_g0018/iaaccn25/fepysr/g0018_MatSci21/progress/minute_0060.json,aed9fedfa37063dfacf187de3147700bb3eb357b97e6d9899cecb503ebbfd04b,60,3600.216,ok,True,True,0.0012815562491720381,7.781923167191322e-05,3600.214,(3*X0 - 1.1692185)*(10.3790505045117*exp(2*exp(X0)) - 80.96563),(3*x0 - 1.1692185)*(10.3790505045117*exp(2*exp(x0)) - 80.96563),True,15,7
fepysr,g0019,PO19,521,clean,0.0,iaaccn22,formal3h_13alg_ssr50_seed520-522_noise0-001-005_20260622-014658,fepysr_s521_clean_g0019,/home/zhangziwen/workplace/scientific-intelligent-modelling/experiments/formal3h_13alg_ssr50_seed520-522_noise0-001-005_20260622-014658/fepysr/seed521/tasks/fepysr_s521_clean_g0019/iaaccn22/fepysr/g0019_PO19/progress/minute_0060.json,8158e2c09d2881bd1eeb6cb013bf84c2a46dae4942803e8f583978fc1b63b41a,60,3600.024,ok,True,True,0.001477455773489921,0.02492095189245618,3600.024,-0.59899223*X2 - sin(1.52458569764813*sin(1.55949334556392*X0)),-0.59899223*x2 - sin(1.52458569764813*sin(1.55949334556392*x0)),True,13,7
fepysr,g0020,PO41,521,clean,0.0,iaaccn23,formal3h_13alg_ssr50_seed520-522_noise0-001-005_20260622-014658,fepysr_s521_clean_g0020,/home/zhangziwen/workplace/scientific-intelligent-modelling/experiments/formal3h_13alg_ssr50_seed520-522_noise0-001-005_20260622-014658/fepysr/seed521/tasks/fepysr_s521_clean_g0020/iaaccn23/fepysr/g0020_PO41/progress/minute_0060.json,7359849e34f0bdf489a93326957d9d7928dfaff2034607ff128a788eaf39ddaf,60,3600.019,ok,True,True,0.0028235505698714675,0.01589419143201891,3600.019,-sin(sin(sin(X0*cos(X0) + 0.5003885*log(exp(X2))))),-sin(sin(sin(x0*cos(x0) + 0.5003885*log(exp(x2))))),True,15,9
fepysr,g0021,Nguyen-12,521,clean,0.0,iaaccn22,formal3h_13alg_ssr50_seed520-522_noise0-001-005_20260622-014658,fepysr_s521_clean_g0021,/home/zhangziwen/workplace/scientific-intelligent-modelling/experiments/formal3h_13alg_ssr50_seed520-522_noise0-001-005_20260622-014658/fepysr/seed521/tasks/fepysr_s521_clean_g0021/iaaccn22/fepysr/g0021_Nguyen-12/progress/minute_0060.json,f0a7fc459d02153cea94c110e527abf6c0fa9081b6d4d3002a55c5a38fdedbc2,60,3600.027,ok,True,True,0.000671450921536447,0.027345748022429926,3600.027,cos(-X0*(cos(0.51811725*sin(exp(X0))) - 1.0397531) + sin(X1 + 0.46550852) + 1.1129572),cos(-x0*(cos(0.51811725*sin(exp(x0))) - 1.0397531) + sin(x1 + 0.46550852) + 1.1129572),True,18,9
fepysr,g0022,Nguyen-6,521,clean,0.0,iaaccn28,formal3h_13alg_ssr50_seed520-522_noise0-001-005_20260622-014658,fepysr_s521_clean_g0022,/home/zhangziwen/workplace/scientific-intelligent-modelling/experiments/formal3h_13alg_ssr50_seed520-522_noise0-001-005_20260622-014658/fepysr/seed521/tasks/fepysr_s521_clean_g0022/iaaccn28/fepysr/g0022_Nguyen-6/progress/minute_0060.json,ab4227d505d1fdb3cb734927ee6745faf0db9381f0073ed2c97f62839fc24a26,60,3600.017,ok,True,True,1.2300930501264842e-31,1.7616981585682486e-32,3600.016,sin(X0) + sin(X0*(X0 + 1)),sin(x0) + sin(x0*(x0 + 1)),True,9,5
fepysr,g0023,Nguyen-9,521,clean,0.0,iaaccn26,formal3h_13alg_ssr50_seed520-522_noise0-001-005_20260622-014658,fepysr_s521_clean_g0023,/home/zhangziwen/workplace/scientific-intelligent-modelling/experiments/formal3h_13alg_ssr50_seed520-522_noise0-001-005_20260622-014658/fepysr/seed521/tasks/fepysr_s521_clean_g0023/iaaccn26/fepysr/g0023_Nguyen-9/progress/minute_0060.json,c7fbfc4b2a1ae0b506c1114983efcadb27726cfa06310bd69ba4dd4b0f89798b,60,3600.015,ok,True,True,2.1773833746559294e-31,7.81328683255247e-33,3600.015,sin(X0) + sin(X1^2),sin(x0) + sin(x1**2),True,7,4
fepysr,g0024,feynman_II_15_4,521,clean,0.0,iaaccn27,formal3h_13alg_ssr50_seed520-522_noise0-001-005_20260622-014658,fepysr_s521_clean_g0024,/home/zhangziwen/workplace/scientific-intelligent-modelling/experiments/formal3h_13alg_ssr50_seed520-522_noise0-001-005_20260622-014658/fepysr/seed521/tasks/fepysr_s521_clean_g0024/iaaccn27/fepysr/g0024_feynman_II_15_4/progress/minute_0060.json,5c8bead1842f2f7931c55d6143841639fe0961ccfe4baf06ed44fdd46e4639d1,60,3600.021,ok,True,True,2.5014480601663078e-31,5.908606957084231e-32,3600.021,-X0*X1*cos(X2),-x0*x1*cos(x2),True,6,3
fepysr,g0025,feynman_I_12_11,521,clean,0.0,iaaccn22,formal3h_13alg_ssr50_seed520-522_noise0-001-005_20260622-014658,fepysr_s521_clean_g0025,/home/zhangziwen/workplace/scientific-intelligent-modelling/experiments/formal3h_13alg_ssr50_seed520-522_noise0-001-005_20260622-014658/fepysr/seed521/tasks/fepysr_s521_clean_g0025/iaaccn22/fepysr/g0025_feynman_I_12_11/progress/minute_0060.json,77b68484953c965739506db5552bbf79da768720f1ac18974fba9cbfe2cd378a,60,3600.079,ok,True,True,0.1369093996735106,0.35950489229121824,3600.078,X2*(sin(X4) + 0.30730045)*(X0 + X1 + X3),x2*(sin(x4) + 0.30730045)*(x0 + x1 + x3),True,10,4
fepysr,g0026,feynman_I_27_6,521,clean,0.0,iaaccn27,formal3h_13alg_ssr50_seed520-522_noise0-001-005_20260622-014658,fepysr_s521_clean_g0026,/home/zhangziwen/workplace/scientific-intelligent-modelling/experiments/formal3h_13alg_ssr50_seed520-522_noise0-001-005_20260622-014658/fepysr/seed521/tasks/fepysr_s521_clean_g0026/iaaccn27/fepysr/g0026_feynman_I_27_6/progress/minute_0060.json,9e6c9e3778d4e423e56a11f0e79fa3ed71d47ed5872e3c4abfe86330e629c325,60,3600.015,ok,True,True,0.17444933493700132,0.47284595216072134,3600.015,0.76887835384868475,0.76887835384868475,True,1,1
fepysr,g0027,feynman_test_15,521,clean,0.0,iaaccn23,formal3h_13alg_ssr50_seed520-522_noise0-001-005_20260622-014658,fepysr_s521_clean_g0027,/home/zhangziwen/workplace/scientific-intelligent-modelling/experiments/formal3h_13alg_ssr50_seed520-522_noise0-001-005_20260622-014658/fepysr/seed521/tasks/fepysr_s521_clean_g0027/iaaccn23/fepysr/g0027_feynman_test_15/progress/minute_0060.json,390fe0766afbb8a6508cd01711ad6939d0609d24821e81225c398d87dc200ac7,60,3600.016,ok,True,True,0.14751881431675562,0.42888854622362094,3600.016,3.0243335258946908,3.0243335258946908,True,1,1
fepysr,g0028,strogatz_barmag1,521,clean,0.0,iaaccn24,formal3h_13alg_ssr50_seed520-522_noise0-001-005_20260622-014658,fepysr_s521_clean_g0028,/home/zhangziwen/workplace/scientific-intelligent-modelling/experiments/formal3h_13alg_ssr50_seed520-522_noise0-001-005_20260622-014658/fepysr/seed521/tasks/fepysr_s521_clean_g0028/iaaccn24/fepysr/g0028_strogatz_barmag1/progress/minute_0060.json,7050bd629739e6fc05967041eb9370805bdcf05b13ca33cd11e9e055d6cd7914,60,3600.028,ok,True,True,0.027586444364457993,65.05664337328446,3600.028,((X0 - X1^2 + X1)*sin(X0) - log(X1))*sin(sin(X0 + 0.35476843))/(X0 - X1^2 + X1),((x0 - x1**2 + x1)*sin(x0) - log(x1))*sin(sin(x0 + 0.35476843))/(x0 - x1**2 + x1),True,32,7
fepysr,g0029,strogatz_barmag2,521,clean,0.0,iaaccn22,formal3h_13alg_ssr50_seed520-522_noise0-001-005_20260622-014658,fepysr_s521_clean_g0029,/home/zhangziwen/workplace/scientific-intelligent-modelling/experiments/formal3h_13alg_ssr50_seed520-522_noise0-001-005_20260622-014658/fepysr/seed521/tasks/fepysr_s521_clean_g0029/iaaccn22/fepysr/g0029_strogatz_barmag2/progress/minute_0060.json,ad75a3722951e185e554942217a45c730c0246f0af8a3854f1c1334254cc9ba5,60,3600.021,ok,True,True,3.782665186851153e-29,3.7653857652442104e-31,3600.021,-sin(X1) - 0.5*sin(X0 - X1),-sin(x1) - 0.5*sin(x0 - x1),True,13,6
fepysr,g0030,strogatz_predprey2,521,clean,0.0,iaaccn25,formal3h_13alg_ssr50_seed520-522_noise0-001-005_20260622-014658,fepysr_s521_clean_g0030,/home/zhangziwen/workplace/scientific-intelligent-modelling/experiments/formal3h_13alg_ssr50_seed520-522_noise0-001-005_20260622-014658/fepysr/seed521/tasks/fepysr_s521_clean_g0030/iaaccn25/fepysr/g0030_strogatz_predprey2/progress/minute_0060.json,f2e16d8edafad5ccee7e49b2af99474863b16e5a01101d4415209fd8fb2f0658,60,3600.079,ok,True,True,0.0750242307006801,158.69777684534085,3600.078,log(-0.14060219 + (exp(X0) + exp(X0)/(X1 - 1.5887496))/X1),log(-0.14060219 + (exp(x0) + exp(x0)/(x1 - 1.5887496))/x1),True,18,8
fepysr,g0031,strogatz_shearflow1,521,clean,0.0,iaaccn25,formal3h_13alg_ssr50_seed520-522_noise0-001-005_20260622-014658,fepysr_s521_clean_g0031,/home/zhangziwen/workplace/scientific-intelligent-modelling/experiments/formal3h_13alg_ssr50_seed520-522_noise0-001-005_20260622-014658/fepysr/seed521/tasks/fepysr_s521_clean_g0031/iaaccn25/fepysr/g0031_strogatz_shearflow1/progress/minute_0060.json,35a3639e92acd83df6661a3c9ae59a3950c2599cb6974aef6d71c0bc0e1b84e1,60,3600.023,ok,True,True,0.03660482425218378,1.6584584958521873,3600.023,(0.09278839*X1^4*cos(exp(X1)) - 0.1711266)/X1^2,(0.09278839*x1**4*cos(exp(x1)) - 0.1711266)/x1**2,True,14,6
fepysr,g0032,strogatz_vdp1,521,clean,0.0,iaaccn28,formal3h_13alg_ssr50_seed520-522_noise0-001-005_20260622-014658,fepysr_s521_clean_g0032,/home/zhangziwen/workplace/scientific-intelligent-modelling/experiments/formal3h_13alg_ssr50_seed520-522_noise0-001-005_20260622-014658/fepysr/seed521/tasks/fepysr_s521_clean_g0032/iaaccn28/fepysr/g0032_strogatz_vdp1/progress/minute_0060.json,9fc44fe6c0f115d95ce4b0e729af265c50bb0234d3d8a9de16f48ec3e686191c,60,3600.037,ok,True,True,0.05787993302358164,0.24184039968486973,3600.037,-10.170835*X0*X1 - 10.170835*X0 + 10.170835*X1 + 10.170835*(X1 + 1.1778246)*sin(X0),-10.170835*x0*x1 - 10.170835*x0 + 10.170835*x1 + (10.170835*x1 + 11.979459665541)*sin(x0),True,19,5
fepysr,g0033,first_principles_hubble,521,clean,0.0,iaaccn29,formal3h_13alg_ssr50_seed520-522_noise0-001-005_20260622-014658,fepysr_s521_clean_g0033,/home/zhangziwen/workplace/scientific-intelligent-modelling/experiments/formal3h_13alg_ssr50_seed520-522_noise0-001-005_20260622-014658/fepysr/seed521/tasks/fepysr_s521_clean_g0033/iaaccn29/fepysr/g0033_first_principles_hubble/progress/minute_0060.json,40c6d711176f7530e94efc0a1b01eb51406d215aabfa54ccd16285809cac7c11,60,3600.024,ok,True,True,0.027139073754782483,0.205836374513945,3600.024,772.02386*sin(X0) - 97.64723 - 33.72964/cos(1.6593738*X0^2),772.02386*sin(x0) - 97.64723 - 33.72964/cos(1.6593738*x0**2),True,16,7
fepysr,g0034,first_principles_leavitt,521,clean,0.0,iaaccn22,formal3h_13alg_ssr50_seed520-522_noise0-001-005_20260622-014658,fepysr_s521_clean_g0034,/home/zhangziwen/workplace/scientific-intelligent-modelling/experiments/formal3h_13alg_ssr50_seed520-522_noise0-001-005_20260622-014658/fepysr/seed521/tasks/fepysr_s521_clean_g0034/iaaccn22/fepysr/g0034_first_principles_leavitt/progress/minute_0060.json,47aad49cffab9b3293cc28f4476eca9d68bbcd1d8cddd4e15b1e4b7fb36b4614,60,3600.026,ok,True,True,0.0002459129092670652,0.0005234921451454815,3600.026,2.8072217*cos(X0) + 12.133224 + 0.001979276/sin(0.29650316*sqrt(2)*cos(X0 + pi/4)),2.8072217*cos(x0) + 12.133224 + 0.001979276/sin(0.29650316*sqrt(2)*cos(x0 + pi/4)),True,22,9
fepysr,g0035,feynman-ii.4.23,521,clean,0.0,iaaccn22,formal3h_13alg_ssr50_seed520-522_noise0-001-005_20260622-014658,fepysr_s521_clean_g0035,/home/zhangziwen/workplace/scientific-intelligent-modelling/experiments/formal3h_13alg_ssr50_seed520-522_noise0-001-005_20260622-014658/fepysr/seed521/tasks/fepysr_s521_clean_g0035/iaaccn22/fepysr/g0035_feynman-ii.4.23/progress/minute_0060.json,4f86aee06707abc47dd993a1d52577ce0008671b599542db32b3d1fb860f0c56,60,3600.014,ok,True,True,2.3747812835922987e-15,2.3747808788573355e-15,3600.014,8987742000*X0/X1,8987742000*x0/x1,True,6,3
fepysr,g0036,feynman-iii.7.38,521,clean,0.0,iaaccn24,formal3h_13alg_ssr50_seed520-522_noise0-001-005_20260622-014658,fepysr_s521_clean_g0036,/home/zhangziwen/workplace/scientific-intelligent-modelling/experiments/formal3h_13alg_ssr50_seed520-522_noise0-001-005_20260622-014658/fepysr/seed521/tasks/fepysr_s521_clean_g0036/iaaccn24/fepysr/g0036_feynman-iii.7.38/progress/minute_0060.json,fe33b419fd8b79a3e42f5ac5f8bf1178bb9dcb17bca2638c59e5c44f7c055ea8,60,3600.01,ok,True,True,1.0000108421933012,1.0000009853519016,3600.01,4.0307982830533195e+20,4.0307982830533195e+20,True,1,1
fepysr,g0037,feynman-i.18.16,521,clean,0.0,iaaccn26,formal3h_13alg_ssr50_seed520-522_noise0-001-005_20260622-014658,fepysr_s521_clean_g0037,/home/zhangziwen/workplace/scientific-intelligent-modelling/experiments/formal3h_13alg_ssr50_seed520-522_noise0-001-005_20260622-014658/fepysr/seed521/tasks/fepysr_s521_clean_g0037/iaaccn26/fepysr/g0037_feynman-i.18.16/progress/minute_0060.json,2284d9dee3187aeabb61e52451c37e785b9a07664bb1b198393fd4a72488dc5a,60,3600.018,ok,True,True,5.55956888312689e-15,5.856049705817814e-31,3600.018,X0*X1*X3*sin(X4),x0*x1*x3*sin(x4),True,6,3
fepysr,g0038,feynman-ii.27.18,521,clean,0.0,iaaccn24,formal3h_13alg_ssr50_seed520-522_noise0-001-005_20260622-014658,fepysr_s521_clean_g0038,/home/zhangziwen/workplace/scientific-intelligent-modelling/experiments/formal3h_13alg_ssr50_seed520-522_noise0-001-005_20260622-014658/fepysr/seed521/tasks/fepysr_s521_clean_g0038/iaaccn24/fepysr/g0038_feynman-ii.27.18/progress/minute_0060.json,e671b90ebcb7843ab052421638ace7f0fa2998c17cd8d9f3a150fcb9ec98dc9a,60,3600.01,ok,True,True,0.7669010789218731,0.8376959849750033,3600.01,9.7842100349772914e-11,9.7842100349772914e-11,True,1,1
fepysr,g0039,feynman-ii.34.11,521,clean,0.0,iaaccn22,formal3h_13alg_ssr50_seed520-522_noise0-001-005_20260622-014658,fepysr_s521_clean_g0039,/home/zhangziwen/workplace/scientific-intelligent-modelling/experiments/formal3h_13alg_ssr50_seed520-522_noise0-001-005_20260622-014658/fepysr/seed521/tasks/fepysr_s521_clean_g0039/iaaccn22/fepysr/g0039_feynman-ii.34.11/progress/minute_0060.json,1f592532c1b40d0acc8a09be3190f2678eb4d78c7aa4295b354f964b6fd7bb65,60,3600.022,ok,True,True,0.9985874363558395,0.9964209014913827,3600.021,X3/(X5*(X0 - 1.0449506)),x3/(x5*(x0 - 1.0449506)),True,10,4
fepysr,g0040,feynman-i.29.16,521,clean,0.0,iaaccn26,formal3h_13alg_ssr50_seed520-522_noise0-001-005_20260622-014658,fepysr_s521_clean_g0040,/home/zhangziwen/workplace/scientific-intelligent-modelling/experiments/formal3h_13alg_ssr50_seed520-522_noise0-001-005_20260622-014658/fepysr/seed521/tasks/fepysr_s521_clean_g0040/iaaccn26/fepysr/g0040_feynman-i.29.16/progress/minute_0060.json,a56fdc55f35bb0e95b26e77ebcf03377fd1b47a3a94982ad0c74a540d6cacffb,60,3600.02,ok,True,True,0.06930086859907429,0.297642351909535,3600.02,-0.093578696*X0*X1 + 0.98720056*X0 + X1 - 0.3116955,-0.093578696*x0*x1 + 0.98720056*x0 + x1 - 0.3116955,True,10,3
fepysr,g0041,feynman-bonus.20,521,clean,0.0,iaaccn22,formal3h_13alg_ssr50_seed520-522_noise0-001-005_20260622-014658,fepysr_s521_clean_g0041,/home/zhangziwen/workplace/scientific-intelligent-modelling/experiments/formal3h_13alg_ssr50_seed520-522_noise0-001-005_20260622-014658/fepysr/seed521/tasks/fepysr_s521_clean_g0041/iaaccn22/fepysr/g0041_feynman-bonus.20/progress/minute_0060.json,bff1bbcab4dabcffaf7a6b2ed8411d9cd3b9c133caa6fb9a1e4f767d0e9982bc,60,3600.012,ok,True,True,0.9801923127135589,0.996759848939013,3600.011,1.3512979958072433e-25,1.3512979958072433e-25,True,1,1
fepysr,g0042,feynman-i.15.3t,521,clean,0.0,iaaccn29,formal3h_13alg_ssr50_seed520-522_noise0-001-005_20260622-014658,fepysr_s521_clean_g0042,/home/zhangziwen/workplace/scientific-intelligent-modelling/experiments/formal3h_13alg_ssr50_seed520-522_noise0-001-005_20260622-014658/fepysr/seed521/tasks/fepysr_s521_clean_g0042/iaaccn29/fepysr/g0042_feynman-i.15.3t/progress/minute_0060.json,0652e18fce4c0abcbf618788f3bcea87360f6f8dfdf9de44119e115d747ef2e6,60,3600.013,ok,True,True,1.8774081603527763e-08,4.934747817717641e-05,3600.013,X1*cos(X2),x1*cos(x2),True,4,3
fepysr,g0043,feynman-i.39.22,521,clean,0.0,iaaccn28,formal3h_13alg_ssr50_seed520-522_noise0-001-005_20260622-014658,fepysr_s521_clean_g0043,/home/zhangziwen/workplace/scientific-intelligent-modelling/experiments/formal3h_13alg_ssr50_seed520-522_noise0-001-005_20260622-014658/fepysr/seed521/tasks/fepysr_s521_clean_g0043/iaaccn28/fepysr/g0043_feynman-i.39.22/progress/minute_0060.json,17d930b8927de1c593a75deee2232ebd4428d4e006c7712a747e6b52c23badfb,60,3600.015,ok,True,True,0.6218802340273104,0.6103027420096199,3600.015,34.18961*X3/X4,34.18961*x3/x4,True,6,3
fepysr,g0044,feynman-iii.10.19,521,clean,0.0,iaaccn25,formal3h_13alg_ssr50_seed520-522_noise0-001-005_20260622-014658,fepysr_s521_clean_g0044,/home/zhangziwen/workplace/scientific-intelligent-modelling/experiments/formal3h_13alg_ssr50_seed520-522_noise0-001-005_20260622-014658/fepysr/seed521/tasks/fepysr_s521_clean_g0044/iaaccn25/fepysr/g0044_feynman-iii.10.19/progress/minute_0060.json,179b5fb13245ab5e95736d09c342849bf486f368e90b12b636b26ef7e62d8b28,60,3600.046,ok,True,True,1.0005852848903363,0.9999999415376997,3600.045,1.3762404986841756e-27,1.3762404986841756e-27,True,1,1
fepysr,g0045,feynman-i.13.12,521,clean,0.0,iaaccn27,formal3h_13alg_ssr50_seed520-522_noise0-001-005_20260622-014658,fepysr_s521_clean_g0045,/home/zhangziwen/workplace/scientific-intelligent-modelling/experiments/formal3h_13alg_ssr50_seed520-522_noise0-001-005_20260622-014658/fepysr/seed521/tasks/fepysr_s521_clean_g0045/iaaccn27/fepysr/g0045_feynman-i.13.12/progress/minute_0060.json,68de14155dc5f8b519ec56bcec5f395ceb58d0853b2cc8575350b49b6be3aa37,60,3600.01,ok,True,True,0.9996126559004963,1.0000091037336296,3600.009,-3.1791819884369918e-12,-3.1791819884369918e-12,True,1,1
fepysr,g0046,feynman-i.32.5,521,clean,0.0,iaaccn29,formal3h_13alg_ssr50_seed520-522_noise0-001-005_20260622-014658,fepysr_s521_clean_g0046,/home/zhangziwen/workplace/scientific-intelligent-modelling/experiments/formal3h_13alg_ssr50_seed520-522_noise0-001-005_20260622-014658/fepysr/seed521/tasks/fepysr_s521_clean_g0046/iaaccn29/fepysr/g0046_feynman-i.32.5/progress/minute_0060.json,be9a2d52f3dbe7c8c218c8f5d9a2eece710f907c713717c87a99e38814524455,60,3600.013,ok,True,True,0.9501898366141845,0.9859398890340771,3600.013,2.659371668047342e-06,2.659371668047342e-6,True,1,1
fepysr,g0047,feynman-i.43.31,521,clean,0.0,iaaccn25,formal3h_13alg_ssr50_seed520-522_noise0-001-005_20260622-014658,fepysr_s521_clean_g0047,/home/zhangziwen/workplace/scientific-intelligent-modelling/experiments/formal3h_13alg_ssr50_seed520-522_noise0-001-005_20260622-014658/fepysr/seed521/tasks/fepysr_s521_clean_g0047/iaaccn25/fepysr/g0047_feynman-i.43.31/progress/minute_0060.json,e92bf955c4f569ec8672ff67aa18547b1a64a03c25b9628a13c9c2fe6a5de353,60,3600.061,ok,True,True,0.8116648284001047,0.9308640602942596,3600.06,6.2810067687873367e-07,6.2810067687873367e-7,True,1,1
fepysr,g0048,feynman-i.11.19,521,clean,0.0,iaaccn27,formal3h_13alg_ssr50_seed520-522_noise0-001-005_20260622-014658,fepysr_s521_clean_g0048,/home/zhangziwen/workplace/scientific-intelligent-modelling/experiments/formal3h_13alg_ssr50_seed520-522_noise0-001-005_20260622-014658/fepysr/seed521/tasks/fepysr_s521_clean_g0048/iaaccn27/fepysr/g0048_feynman-i.11.19/progress/minute_0060.json,b0f681ec50dddc19509c0650f1cf68087a25be9d5643a25175714affdea45061,60,3600.025,ok,True,True,0.3244003082231269,0.3290941923426226,3600.025,X0*X1 + X2*X3,x0*x1 + x2*x3,True,7,3
fepysr,g0049,feynman-ii.34.2a,521,clean,0.0,iaaccn25,formal3h_13alg_ssr50_seed520-522_noise0-001-005_20260622-014658,fepysr_s521_clean_g0049,/home/zhangziwen/workplace/scientific-intelligent-modelling/experiments/formal3h_13alg_ssr50_seed520-522_noise0-001-005_20260622-014658/fepysr/seed521/tasks/fepysr_s521_clean_g0049/iaaccn25/fepysr/g0049_feynman-ii.34.2a/progress/minute_0060.json,6f2acae27d43588ea52020b2871baf2ee9b45ee19a63f463dc3eeeec5d206dfa,60,3600.274,ok,True,True,1.0000162404715918,0.9999998276566253,3600.273,-60.8727207900926/(-X0 + sin(X3) + 0.85434459),-60.8727207900926/(-x0 + sin(x3) + 0.85434459),True,11,5
fepysr,g0050,Vladislavleva-4,521,clean,0.0,iaaccn24,formal3h_13alg_ssr50_seed520-522_noise0-001-005_20260622-014658,fepysr_s521_clean_g0050,/home/zhangziwen/workplace/scientific-intelligent-modelling/experiments/formal3h_13alg_ssr50_seed520-522_noise0-001-005_20260622-014658/fepysr/seed521/tasks/fepysr_s521_clean_g0050/iaaccn24/fepysr/g0050_Vladislavleva-4/progress/minute_0060.json,ffb262d0d576e70a0aaed6069c9045cea805f65f34454a11ecf7d1a2f388b135,60,3600.024,ok,True,True,0.07822076872116131,0.08669585311860772,3600.024,cos(exp(-0.12532452*sin(X2 - 0.7543186) + 0.12532452*cos(X0) + 0.12532452*cos(X4))),cos(exp(-0.12532452*sin(x2 - 0.7543186) + 0.12532452*cos(x0) + 0.12532452*cos(x4))),True,17,7
fepysr,g0001,Keijzer-11,521,noise001,0.01,iaaccn23,formal3h_13alg_ssr50_seed520-522_noise0-001-005_20260622-014658,fepysr_s521_noise001_g0001,/home/zhangziwen/workplace/scientific-intelligent-modelling/experiments/formal3h_13alg_ssr50_seed520-522_noise0-001-005_20260622-014658/fepysr/seed521/tasks/fepysr_s521_noise001_g0001/iaaccn23/fepysr/g0001_Keijzer-11/progress/minute_0060.json,1f2ef4f14360c96b901be3f4eb7b3032c3d853927894c96d558c337f697945e6,60,3600.062,ok,True,True,0.1573792615634777,0.03443997133623189,3600.062,0.957998105846145*X0*X1 + 0.957998105846145*(cos(X0 - X1) - 1.1145132)*cos(X0*X1 - 0.785655) + 0.49265125,0.957998105846145*x0*x1 + (0.957998105846145*cos(x0 - x1) - 1.06770153454053)*cos(x0*x1 - 0.785655) + 0.49265125,True,23,8
fepysr,g0002,Keijzer-2,521,noise001,0.01,iaaccn28,formal3h_13alg_ssr50_seed520-522_noise0-001-005_20260622-014658,fepysr_s521_noise001_g0002,/home/zhangziwen/workplace/scientific-intelligent-modelling/experiments/formal3h_13alg_ssr50_seed520-522_noise0-001-005_20260622-014658/fepysr/seed521/tasks/fepysr_s521_noise001_g0002/iaaccn28/fepysr/g0002_Keijzer-2/progress/minute_0060.json,f24449fe79ad67cc4df3cee22aa85aeb3e65d9debb0368644fe6d5059933f23d,60,3600.034,ok,True,True,0.012799652820813804,0.4030360381708956,3600.034,(sin(6.48614640205351*cos(X0) - 0.38157797) - 0.107840225*cos(cos(X0)))*(0.81910133*cos(cos(X0))^2 - 0.32330695)/cos(cos(X0)),(sin(6.48614640205351*cos(x0) - 0.38157797) - 0.107840225*cos(cos(x0)))*(0.81910133*cos(cos(x0))**2 - 0.32330695)/cos(cos(x0)),True,28,7
fepysr,g0003,Korns-2,521,noise001,0.01,iaaccn29,formal3h_13alg_ssr50_seed520-522_noise0-001-005_20260622-014658,fepysr_s521_noise001_g0003,/home/zhangziwen/workplace/scientific-intelligent-modelling/experiments/formal3h_13alg_ssr50_seed520-522_noise0-001-005_20260622-014658/fepysr/seed521/tasks/fepysr_s521_noise001_g0003/iaaccn29/fepysr/g0003_Korns-2/progress/minute_0060.json,229d208e86edb5b001dabb83f3e816f138cec4edae0b46bac8d516b4e0150a98,60,3600.02,ok,True,True,1.8516131907816136e-06,7.513538607411726e-07,3600.02,(4.7332315*X1 + 4.7332315*X3 + 0.15134358*X4)/X4,(4.7332315*x1 + 4.7332315*x3 + 0.15134358*x4)/x4,True,14,4
fepysr,g0004,Korns-4,521,noise001,0.01,iaaccn26,formal3h_13alg_ssr50_seed520-522_noise0-001-005_20260622-014658,fepysr_s521_noise001_g0004,/home/zhangziwen/workplace/scientific-intelligent-modelling/experiments/formal3h_13alg_ssr50_seed520-522_noise0-001-005_20260622-014658/fepysr/seed521/tasks/fepysr_s521_noise001_g0004/iaaccn26/fepysr/g0004_Korns-4/progress/minute_0060.json,2ae11d52f492527a8e46ba9a8065675c1f1e0e51f302097137c4f57c3a29837a,60,3600.021,ok,True,True,8.266594532635417e-09,8.078897448687602e-09,3600.021,-0.12994836*cos(X2 + 1.5729537) - 2.2999408,-0.12994836*cos(x2 + 1.5729537) - 2.2999408,True,8,5
fepysr,g0005,BPG3,521,noise001,0.01,iaaccn25,formal3h_13alg_ssr50_seed520-522_noise0-001-005_20260622-014658,fepysr_s521_noise001_g0005,/home/zhangziwen/workplace/scientific-intelligent-modelling/experiments/formal3h_13alg_ssr50_seed520-522_noise0-001-005_20260622-014658/fepysr/seed521/tasks/fepysr_s521_noise001_g0005/iaaccn25/fepysr/g0005_BPG3/progress/minute_0060.json,f19199413cdc8fccd38571338a3b580bdfbd3a10805fabcdd4b5eb0250872512,60,3600.466,ok,True,True,2.510834786103813e-05,0.0001580567601352706,3600.456,sin(sin(X1*(0.16990569*X1 - 0.83445764))),sin(sin(x1*(0.16990569*x1 - 0.83445764))),True,9,6
fepysr,g0006,BPG5,521,noise001,0.01,iaaccn24,formal3h_13alg_ssr50_seed520-522_noise0-001-005_20260622-014658,fepysr_s521_noise001_g0006,/home/zhangziwen/workplace/scientific-intelligent-modelling/experiments/formal3h_13alg_ssr50_seed520-522_noise0-001-005_20260622-014658/fepysr/seed521/tasks/fepysr_s521_noise001_g0006/iaaccn24/fepysr/g0006_BPG5/progress/minute_0060.json,0e4c9387c3b928e48ba5bbe70921aa418b44e6719d10f10bdad3d09993db3ac3,60,3600.036,ok,True,True,0.0002975694050337732,1.0,3600.036,X1*(X1 + 2.3047974)*(2.34230435902841*X1^2 + 1.34230435902841*exp(X0) - 4.79350048503033)/((exp(X0) + 0.5035218)*(X1^2 + exp(X0) - 1.8315206)),x1*(x1 + 2.3047974)*(2.34230435902841*x1**2 + 1.34230435902841*exp(x0) - 4.79350048503033)/((exp(x0) + 0.5035218)*(x1**2 + exp(x0) - 1.8315206)),True,31,5
fepysr,g0007,BPG9,521,noise001,0.01,iaaccn23,formal3h_13alg_ssr50_seed520-522_noise0-001-005_20260622-014658,fepysr_s521_noise001_g0007,/home/zhangziwen/workplace/scientific-intelligent-modelling/experiments/formal3h_13alg_ssr50_seed520-522_noise0-001-005_20260622-014658/fepysr/seed521/tasks/fepysr_s521_noise001_g0007/iaaccn23/fepysr/g0007_BPG9/progress/minute_0060.json,5256a55d33c830f72cb188029be39c880e471a89eead7812c355206dc18c2c65,60,3600.018,ok,True,True,0.00020643481516222816,0.0052605580419129395,3600.017,0.5652405*log(exp(X1))*sin(sin(0.289483021441503*X1)),0.5652405*log(exp(x1))*sin(sin(0.289483021441503*x1)),True,10,5
fepysr,g0008,CRK0,521,noise001,0.01,iaaccn29,formal3h_13alg_ssr50_seed520-522_noise0-001-005_20260622-014658,fepysr_s521_noise001_g0008,/home/zhangziwen/workplace/scientific-intelligent-modelling/experiments/formal3h_13alg_ssr50_seed520-522_noise0-001-005_20260622-014658/fepysr/seed521/tasks/fepysr_s521_noise001_g0008/iaaccn29/fepysr/g0008_CRK0/progress/minute_0060.json,dc3749fc71c87c289a3fe990dfdac26ddaab746182cfab53531d56b7ab493b47,60,3600.042,ok,True,True,1.3548416943368113e-05,0.0006989903905752233,3600.042,-sin(sin((0.012634431*X1^2 - 0.017390294)*(exp(exp(X1)) + 0.45589373*cos(X0 - X1^2) - 0.0452738626262789)/X1^2)),-sin(sin((0.012634431*x1**2 - 0.017390294)*(exp(exp(x1)) + 0.45589373*cos(x0 - x1**2) - 0.0452738626262789)/x1**2)),True,30,11
fepysr,g0009,CRK10,521,noise001,0.01,iaaccn24,formal3h_13alg_ssr50_seed520-522_noise0-001-005_20260622-014658,fepysr_s521_noise001_g0009,/home/zhangziwen/workplace/scientific-intelligent-modelling/experiments/formal3h_13alg_ssr50_seed520-522_noise0-001-005_20260622-014658/fepysr/seed521/tasks/fepysr_s521_noise001_g0009/iaaccn24/fepysr/g0009_CRK10/progress/minute_0060.json,d61390ebc8eb36230a69ba464cdca4e297df3ad9cd8ebf0460cfba113170ba61,60,3600.021,ok,True,True,4.134442758658499e-06,0.013904180824694221,3600.021,0.24536234*X1*cos(X1 + 0.13499878) + 0.09891117,0.24536234*x1*cos(x1 + 0.13499878) + 0.09891117,True,9,5
fepysr,g0010,CRK11,521,noise001,0.01,iaaccn27,formal3h_13alg_ssr50_seed520-522_noise0-001-005_20260622-014658,fepysr_s521_noise001_g0010,/home/zhangziwen/workplace/scientific-intelligent-modelling/experiments/formal3h_13alg_ssr50_seed520-522_noise0-001-005_20260622-014658/fepysr/seed521/tasks/fepysr_s521_noise001_g0010/iaaccn27/fepysr/g0010_CRK11/progress/minute_0060.json,bafdaf179e0cee4888dec3d492e44a15b8f7af6a9890e4c14597bd03c431082e,60,3600.017,ok,True,True,1.1614654554953721e-06,8.944257294277106e-05,3600.017,-X1*(X1 - 0.39927515) + 0.22283305,-x1*(x1 - 0.39927515) + 0.22283305,True,8,4
fepysr,g0011,CRK33,521,noise001,0.01,iaaccn29,formal3h_13alg_ssr50_seed520-522_noise0-001-005_20260622-014658,fepysr_s521_noise001_g0011,/home/zhangziwen/workplace/scientific-intelligent-modelling/experiments/formal3h_13alg_ssr50_seed520-522_noise0-001-005_20260622-014658/fepysr/seed521/tasks/fepysr_s521_noise001_g0011/iaaccn29/fepysr/g0011_CRK33/progress/minute_0060.json,20d2da3de106e5dc394d688a488aeda333c4ec4e9bba6becc75c3bd39ae6776a,60,3600.025,ok,True,True,1.3564546075828242e-05,0.03324136707468045,3600.025,(1.0052361*X1 + (0.01670435*X1 - 0.27485)*exp(X1))/X1,(1.0052361*x1 + (0.01670435*x1 - 0.27485)*exp(x1))/x1,True,16,6
fepysr,g0012,CRK34,521,noise001,0.01,iaaccn29,formal3h_13alg_ssr50_seed520-522_noise0-001-005_20260622-014658,fepysr_s521_noise001_g0012,/home/zhangziwen/workplace/scientific-intelligent-modelling/experiments/formal3h_13alg_ssr50_seed520-522_noise0-001-005_20260622-014658/fepysr/seed521/tasks/fepysr_s521_noise001_g0012/iaaccn29/fepysr/g0012_CRK34/progress/minute_0060.json,963918e59d806c9c6e711a83496cd3c401c0d732b607b2433b1127709b48f983,60,3600.022,ok,True,True,9.61345498131395e-05,0.018368064991659824,3600.022,sin(0.8386761*cos(0.457518801013256*exp(0.5150868*X1))),sin(0.8386761*cos(0.457518801013256*exp(0.5150868*x1))),True,10,7
fepysr,g0013,I.11.19_4_0,521,noise001,0.01,iaaccn29,formal3h_13alg_ssr50_seed520-522_noise0-001-005_20260622-014658,fepysr_s521_noise001_g0013,/home/zhangziwen/workplace/scientific-intelligent-modelling/experiments/formal3h_13alg_ssr50_seed520-522_noise0-001-005_20260622-014658/fepysr/seed521/tasks/fepysr_s521_noise001_g0013/iaaccn29/fepysr/g0013_I.11.19_4_0/progress/minute_0060.json,a72f3f8818aaaf597bc651a810914034eba80c8c4475c9ffb08973b4b9bf046a,60,3600.042,ok,True,True,0.018215105987947577,0.07346541238118019,3600.042,-X0/X2 + X1 + X4 + sin(X5) - 6.082022,-x0/x2 + x1 + x4 + sin(x5) - 6.082022,True,12,4
fepysr,g0014,II.11.27_1_0,521,noise001,0.01,iaaccn29,formal3h_13alg_ssr50_seed520-522_noise0-001-005_20260622-014658,fepysr_s521_noise001_g0014,/home/zhangziwen/workplace/scientific-intelligent-modelling/experiments/formal3h_13alg_ssr50_seed520-522_noise0-001-005_20260622-014658/fepysr/seed521/tasks/fepysr_s521_noise001_g0014/iaaccn29/fepysr/g0014_II.11.27_1_0/progress/minute_0060.json,201721e25e4b7aba5b5d9733a2d13e8407ffcf3a31e815ce233ba90be72de625,60,3600.014,ok,True,True,0.9981834511909891,1.00022934484867,3600.014,8.6528968802954367,8.6528968802954367,True,1,1
fepysr,g0015,II.34.2_1_0,521,noise001,0.01,iaaccn23,formal3h_13alg_ssr50_seed520-522_noise0-001-005_20260622-014658,fepysr_s521_noise001_g0015,/home/zhangziwen/workplace/scientific-intelligent-modelling/experiments/formal3h_13alg_ssr50_seed520-522_noise0-001-005_20260622-014658/fepysr/seed521/tasks/fepysr_s521_noise001_g0015/iaaccn23/fepysr/g0015_II.34.2_1_0/progress/minute_0060.json,76f1e9d1c974713514d760ab2054ee83dc540465e6fb5f77b78b82815e727d59,60,3600.025,ok,True,True,0.1262450957796397,0.2905722159771771,3600.025,(X0 + X1^2*(16.338999 - 3.7170572*X2) - 7.448558)/X1^2,(x0 + x1**2*(16.338999 - 3.7170572*x2) - 7.448558)/x1**2,True,16,6
fepysr,g0016,II.6.15b_3_0,521,noise001,0.01,iaaccn22,formal3h_13alg_ssr50_seed520-522_noise0-001-005_20260622-014658,fepysr_s521_noise001_g0016,/home/zhangziwen/workplace/scientific-intelligent-modelling/experiments/formal3h_13alg_ssr50_seed520-522_noise0-001-005_20260622-014658/fepysr/seed521/tasks/fepysr_s521_noise001_g0016/iaaccn22/fepysr/g0016_II.6.15b_3_0/progress/minute_0060.json,91ff00086a3f8f1eeb529ad8447b4122385a91dd2e0267c2f24c2f3e1cafd628,60,3600.03,ok,True,True,0.10391762017751886,0.08736966707319115,3600.03,0.220001534236405*X2 - 0.220001534236405*log(X0^2) - 0.5013844678009,0.220001534236405*x2 - 0.220001534236405*log(x0**2) - 0.5013844678009,True,11,5
fepysr,g0017,III.21.20_3_0,521,noise001,0.01,iaaccn24,formal3h_13alg_ssr50_seed520-522_noise0-001-005_20260622-014658,fepysr_s521_noise001_g0017,/home/zhangziwen/workplace/scientific-intelligent-modelling/experiments/formal3h_13alg_ssr50_seed520-522_noise0-001-005_20260622-014658/fepysr/seed521/tasks/fepysr_s521_noise001_g0017/iaaccn24/fepysr/g0017_III.21.20_3_0/progress/minute_0060.json,682da649d45bd3f2bfac79bf9d75d21b12b31b6d615a1f6fa481090bb1e90083,60,3600.026,ok,True,True,8.499188270909621e-10,1.1191410167181543e-15,3600.026,-X1*(4.5840505e-5*X0 + X2*X3)/X0,-x1*(4.5840505e-5*x0 + x2*x3)/x0,True,13,4
fepysr,g0018,MatSci21,521,noise001,0.01,iaaccn26,formal3h_13alg_ssr50_seed520-522_noise0-001-005_20260622-014658,fepysr_s521_noise001_g0018,/home/zhangziwen/workplace/scientific-intelligent-modelling/experiments/formal3h_13alg_ssr50_seed520-522_noise0-001-005_20260622-014658/fepysr/seed521/tasks/fepysr_s521_noise001_g0018/iaaccn26/fepysr/g0018_MatSci21/progress/minute_0060.json,53323ec52a45dfb8c63a5e8c20ee801e77571bc8a2551f5fd99cecd0a664c108,60,3600.027,ok,True,True,3.908498356150439e-06,2.159893540412739e-05,3600.027,(X1*(0.8398564*X0^2 + 0.8398564*exp(X0) - 0.777849348465544) - 21.642282)*(exp(X0) - 1.4832006),(x1*(0.8398564*x0**2 + 0.8398564*exp(x0) - 0.777849348465544) - 21.642282)*(exp(x0) - 1.4832006),True,20,7
fepysr,g0019,PO19,521,noise001,0.01,iaaccn28,formal3h_13alg_ssr50_seed520-522_noise0-001-005_20260622-014658,fepysr_s521_noise001_g0019,/home/zhangziwen/workplace/scientific-intelligent-modelling/experiments/formal3h_13alg_ssr50_seed520-522_noise0-001-005_20260622-014658/fepysr/seed521/tasks/fepysr_s521_noise001_g0019/iaaccn28/fepysr/g0019_PO19/progress/minute_0060.json,7d0a71d239ecc4c52936c9d68e4c16c4d2914a038ff36539053e7ffffe0572b4,60,3600.022,ok,True,True,0.00013975606117730923,0.00616912806274545,3600.022,-0.5665077*X0 - 0.59717706725952*X2 - 0.8364034*sin(sin(sin(sin(2.4147296*X0)))),-0.5665077*x0 - 0.59717706725952*x2 - 0.8364034*sin(sin(sin(sin(2.4147296*x0)))),True,16,8
fepysr,g0020,PO41,521,noise001,0.01,iaaccn27,formal3h_13alg_ssr50_seed520-522_noise0-001-005_20260622-014658,fepysr_s521_noise001_g0020,/home/zhangziwen/workplace/scientific-intelligent-modelling/experiments/formal3h_13alg_ssr50_seed520-522_noise0-001-005_20260622-014658/fepysr/seed521/tasks/fepysr_s521_noise001_g0020/iaaccn27/fepysr/g0020_PO41/progress/minute_0060.json,6a0d977f32154f6180f4f99cfd5244022d412883ccb25ef1659c8e2e3dc4c483,60,3600.026,ok,True,True,0.002398805617066215,0.015920597231772478,3600.026,-sin(X0 + 0.5021569*X2)*cos(sin(1.6308055*X0)),-sin(x0 + 0.5021569*x2)*cos(sin(1.6308055*x0)),True,13,5
fepysr,g0021,Nguyen-12,521,noise001,0.01,iaaccn26,formal3h_13alg_ssr50_seed520-522_noise0-001-005_20260622-014658,fepysr_s521_noise001_g0021,/home/zhangziwen/workplace/scientific-intelligent-modelling/experiments/formal3h_13alg_ssr50_seed520-522_noise0-001-005_20260622-014658/fepysr/seed521/tasks/fepysr_s521_noise001_g0021/iaaccn26/fepysr/g0021_Nguyen-12/progress/minute_0060.json,f87360308e2d7d96bba15631dea17b290d090dd037103b50f5b3b5655222e1f8,60,3600.018,ok,True,True,0.001383655242609646,0.008957735752923158,3600.018,-sin(sin(X0^2 + 0.5646662)*sin(sin(1.5350204*X1)))*cos(X0^2) - 0.030948857,-sin(sin(x0**2 + 0.5646662)*sin(sin(1.5350204*x1)))*cos(x0**2) - 0.030948857,True,21,8
fepysr,g0022,Nguyen-6,521,noise001,0.01,iaaccn26,formal3h_13alg_ssr50_seed520-522_noise0-001-005_20260622-014658,fepysr_s521_noise001_g0022,/home/zhangziwen/workplace/scientific-intelligent-modelling/experiments/formal3h_13alg_ssr50_seed520-522_noise0-001-005_20260622-014658/fepysr/seed521/tasks/fepysr_s521_noise001_g0022/iaaccn26/fepysr/g0022_Nguyen-6/progress/minute_0060.json,3da963b381970dbe1267fdc6836fc328607485043ab55d02b2d434f3113af802,60,3600.028,ok,True,True,2.959353753772976e-06,0.029455226151412016,3600.027,X0*(1.0132181090892*X0 + 2.1215584)*cos(X0 - exp(X0) + 0.6650825),x0*(1.0132181090892*x0 + 2.1215584)*cos(x0 - exp(x0) + 0.6650825),True,15,6
fepysr,g0023,Nguyen-9,521,noise001,0.01,iaaccn24,formal3h_13alg_ssr50_seed520-522_noise0-001-005_20260622-014658,fepysr_s521_noise001_g0023,/home/zhangziwen/workplace/scientific-intelligent-modelling/experiments/formal3h_13alg_ssr50_seed520-522_noise0-001-005_20260622-014658/fepysr/seed521/tasks/fepysr_s521_noise001_g0023/iaaccn24/fepysr/g0023_Nguyen-9/progress/minute_0060.json,1ca94bf2d5783926a96ed154d8d1bf5d3b9d75cd140b91bc36387ac4562cf2c7,60,3600.022,ok,True,True,0.00022207525817019363,6.421591653375484e-05,3600.022,-X1*(X1 + 0.01075088)*(0.16156127*X1^3 - 1) + sin(X0),-x1*(x1 + 0.01075088)*(0.16156127*x1**3 - 1) + sin(x0),True,16,6
fepysr,g0024,feynman_II_15_4,521,noise001,0.01,iaaccn27,formal3h_13alg_ssr50_seed520-522_noise0-001-005_20260622-014658,fepysr_s521_noise001_g0024,/home/zhangziwen/workplace/scientific-intelligent-modelling/experiments/formal3h_13alg_ssr50_seed520-522_noise0-001-005_20260622-014658/fepysr/seed521/tasks/fepysr_s521_noise001_g0024/iaaccn27/fepysr/g0024_feynman_II_15_4/progress/minute_0060.json,5efddd0e9f381cfb097aa93c3e6db9718207b64eb2edd558709a6ed7bb342dcd,60,3600.021,ok,True,True,3.6032076187189174e-09,3.216184137274279e-09,3600.021,-X0*X1*cos(X2) + 0.0003911379,-x0*x1*cos(x2) + 0.0003911379,True,8,4
fepysr,g0025,feynman_I_12_11,521,noise001,0.01,iaaccn24,formal3h_13alg_ssr50_seed520-522_noise0-001-005_20260622-014658,fepysr_s521_noise001_g0025,/home/zhangziwen/workplace/scientific-intelligent-modelling/experiments/formal3h_13alg_ssr50_seed520-522_noise0-001-005_20260622-014658/fepysr/seed521/tasks/fepysr_s521_noise001_g0025/iaaccn24/fepysr/g0025_feynman_I_12_11/progress/minute_0060.json,cc2caacb9f62cf0689259df5983c199e2113f5c36811603cfb65e8c7aa8eae63,60,3600.027,ok,True,True,0.12190165118722907,0.3440319019464857,3600.027,X0*(2.99796588015032*X2*sin(X4) + 3.0110667),x0*(2.99796588015032*x2*sin(x4) + 3.0110667),True,9,5
fepysr,g0026,feynman_I_27_6,521,noise001,0.01,iaaccn23,formal3h_13alg_ssr50_seed520-522_noise0-001-005_20260622-014658,fepysr_s521_noise001_g0026,/home/zhangziwen/workplace/scientific-intelligent-modelling/experiments/formal3h_13alg_ssr50_seed520-522_noise0-001-005_20260622-014658/fepysr/seed521/tasks/fepysr_s521_noise001_g0026/iaaccn23/fepysr/g0026_feynman_I_27_6/progress/minute_0060.json,27e2f6d25f696e6b31fca861df02eb85e18ac94e4baf047e00af0e2c96fee2d5,60,3600.034,ok,True,True,0.00749114236391612,0.019894440333680166,3600.034,(0.973807581860161*X1 + 0.918123998379541)/(X2 + exp(1.985862/X0)),(0.973807581860161*x1 + 0.918123998379541)/(x2 + exp(1.985862/x0)),True,16,7
fepysr,g0027,feynman_test_15,521,noise001,0.01,iaaccn27,formal3h_13alg_ssr50_seed520-522_noise0-001-005_20260622-014658,fepysr_s521_noise001_g0027,/home/zhangziwen/workplace/scientific-intelligent-modelling/experiments/formal3h_13alg_ssr50_seed520-522_noise0-001-005_20260622-014658/fepysr/seed521/tasks/fepysr_s521_noise001_g0027/iaaccn27/fepysr/g0027_feynman_test_15/progress/minute_0060.json,50f59a67d50ca7f380a1cc617c015fbaa35117db005b91764d1bd44236e101fa,60,3600.031,ok,True,True,0.004024037970454282,0.04018840734191854,3600.031,X2*(-0.09530203*X1*cos(X3) + 1.0),x2*(-0.09530203*x1*cos(x3) + 1.0),True,9,5
fepysr,g0028,strogatz_barmag1,521,noise001,0.01,iaaccn24,formal3h_13alg_ssr50_seed520-522_noise0-001-005_20260622-014658,fepysr_s521_noise001_g0028,/home/zhangziwen/workplace/scientific-intelligent-modelling/experiments/formal3h_13alg_ssr50_seed520-522_noise0-001-005_20260622-014658/fepysr/seed521/tasks/fepysr_s521_noise001_g0028/iaaccn24/fepysr/g0028_strogatz_barmag1/progress/minute_0060.json,58a9f9243239515dbc54f2596704fb1845d5b0f63fda3254e5c5cfcb9ff4c762,60,3600.023,ok,True,True,0.030543239275329724,0.4811632960031884,3600.022,-sin(sin(cos(X0) - 1.1251978)) - 0.5400713*cos(-X0 + X1 + sin(X0 - X1 + 1.2577451)),-sin(sin(cos(x0) - 1.1251978)) - 0.5400713*cos(-x0 + x1 + sin(x0 - x1 + 1.2577451)),True,24,8
fepysr,g0029,strogatz_barmag2,521,noise001,0.01,iaaccn29,formal3h_13alg_ssr50_seed520-522_noise0-001-005_20260622-014658,fepysr_s521_noise001_g0029,/home/zhangziwen/workplace/scientific-intelligent-modelling/experiments/formal3h_13alg_ssr50_seed520-522_noise0-001-005_20260622-014658/fepysr/seed521/tasks/fepysr_s521_noise001_g0029/iaaccn29/fepysr/g0029_strogatz_barmag2/progress/minute_0060.json,2d342936b9966f7259975bc3fe86c6bef11d0b45c9cfb7cd691f536d13a4e2fa,60,3600.028,ok,True,True,0.06615833244950399,0.4393106951910195,3600.028,0.06213396*X0^2*sin(X1 - 0.44789886) - 2.5174458*sin(X1 - 0.44789886) - 0.10273113982153 + 2.19508497722565/X0^2,0.06213396*x0**2*sin(x1 - 0.44789886) - 2.5174458*sin(x1 - 0.44789886) - 0.10273113982153 + 2.19508497722565/x0**2,True,22,5
fepysr,g0030,strogatz_predprey2,521,noise001,0.01,iaaccn28,formal3h_13alg_ssr50_seed520-522_noise0-001-005_20260622-014658,fepysr_s521_noise001_g0030,/home/zhangziwen/workplace/scientific-intelligent-modelling/experiments/formal3h_13alg_ssr50_seed520-522_noise0-001-005_20260622-014658/fepysr/seed521/tasks/fepysr_s521_noise001_g0030/iaaccn28/fepysr/g0030_strogatz_predprey2/progress/minute_0060.json,e7c51104174e88f593ce8bc85c6bdf4c20b3336474a03f0050be1034c709b57b,60,3600.04,ok,True,True,0.00011461759957295314,0.00033682127231473267,3600.04,(-1.80107032387103*X1 + (-6.335803*X0 - 5.83425228118595)*sin(0.22547197*X1 - 3.0316174))/(2*X0 + 1.8416773),(-1.80107032387103*x1 + (-6.335803*x0 - 5.83425228118595)*sin(0.22547197*x1 - 3.0316174))/(2*x0 + 1.8416773),True,24,7
fepysr,g0031,strogatz_shearflow1,521,noise001,0.01,iaaccn25,formal3h_13alg_ssr50_seed520-522_noise0-001-005_20260622-014658,fepysr_s521_noise001_g0031,/home/zhangziwen/workplace/scientific-intelligent-modelling/experiments/formal3h_13alg_ssr50_seed520-522_noise0-001-005_20260622-014658/fepysr/seed521/tasks/fepysr_s521_noise001_g0031/iaaccn25/fepysr/g0031_strogatz_shearflow1/progress/minute_0060.json,8252931e21cfd7401a0bb236bdb8ebc96ab41df546fddf0f06016d6aea8b39cb,60,3600.073,ok,True,True,0.04240716278801721,8.553162170226923,3600.073,(0.00936658805963596*exp(X1^2) - 0.175765022716171)/X1^2,(0.00936658805963596*exp(x1**2) - 0.175765022716171)/x1**2,True,12,6
fepysr,g0032,strogatz_vdp1,521,noise001,0.01,iaaccn25,formal3h_13alg_ssr50_seed520-522_noise0-001-005_20260622-014658,fepysr_s521_noise001_g0032,/home/zhangziwen/workplace/scientific-intelligent-modelling/experiments/formal3h_13alg_ssr50_seed520-522_noise0-001-005_20260622-014658/fepysr/seed521/tasks/fepysr_s521_noise001_g0032/iaaccn25/fepysr/g0032_strogatz_vdp1/progress/minute_0060.json,aaf6fb7fba3c955a4cb1f5462c92d0be364bea7996c4b1b80c1b4c1ff1499182,60,3600.107,ok,True,True,0.018460308007127498,0.21925854961368044,3600.107,11.193633*sin(-X0 + X1 + sin(1.3939819*X0)),11.193633*sin(-x0 + x1 + sin(1.3939819*x0)),True,12,6
fepysr,g0033,first_principles_hubble,521,noise001,0.01,iaaccn28,formal3h_13alg_ssr50_seed520-522_noise0-001-005_20260622-014658,fepysr_s521_noise001_g0033,/home/zhangziwen/workplace/scientific-intelligent-modelling/experiments/formal3h_13alg_ssr50_seed520-522_noise0-001-005_20260622-014658/fepysr/seed521/tasks/fepysr_s521_noise001_g0033/iaaccn28/fepysr/g0033_first_principles_hubble/progress/minute_0060.json,c75c18f4ad97f335455f7fa6cbda7d059ff9862d350c66855733d973ffd9d3c8,60,3600.026,ok,True,True,0.01387003770255476,0.11097903613658366,3600.026,857.812878397018*exp(-0.5006652/X0) - 7.55079108009645/(0.821213926638496*cos(X0) - 0.459296326422681),857.812878397018*exp(-0.5006652/x0) - 7.55079108009645/(0.821213926638496*cos(x0) - 0.459296326422681),True,19,7
fepysr,g0034,first_principles_leavitt,521,noise001,0.01,iaaccn26,formal3h_13alg_ssr50_seed520-522_noise0-001-005_20260622-014658,fepysr_s521_noise001_g0034,/home/zhangziwen/workplace/scientific-intelligent-modelling/experiments/formal3h_13alg_ssr50_seed520-522_noise0-001-005_20260622-014658/fepysr/seed521/tasks/fepysr_s521_noise001_g0034/iaaccn26/fepysr/g0034_first_principles_leavitt/progress/minute_0060.json,03929ead0c891bc437f684aa1c095f0e4a5a204ce565953b81c2a4f1d7bd9710,60,3600.026,ok,True,True,0.0004170750591792404,0.0004576086372295534,3600.026,-(0.2539363*sin(1 - 1.7897195/X0^2) + 4.0924973)*cos(cos(X0) + 1.2759895) - cos(X0) + 13.256419,(-0.2539363*sin(1 - 1.7897195/x0**2) - 4.0924973)*cos(cos(x0) + 1.2759895) - cos(x0) + 13.256419,True,24,9
fepysr,g0035,feynman-ii.4.23,521,noise001,0.01,iaaccn25,formal3h_13alg_ssr50_seed520-522_noise0-001-005_20260622-014658,fepysr_s521_noise001_g0035,/home/zhangziwen/workplace/scientific-intelligent-modelling/experiments/formal3h_13alg_ssr50_seed520-522_noise0-001-005_20260622-014658/fepysr/seed521/tasks/fepysr_s521_noise001_g0035/iaaccn25/fepysr/g0035_feynman-ii.4.23/progress/minute_0060.json,a69775448ee5c7d63b4e09ca1d358bcf2d037b0927fe84052a66006ae71e4d28,60,3600.044,ok,True,True,1.0000043651626893,1.0007905965828165,3600.044,X0*(743875685.46748*X0 - sin(2544917.8*X0^3*(X0 + sin(2*X0)^4)) + 1280813.2)/sin(2544917.8*X0^3*(X0 + sin(2*X0)^4)),x0*(743875685.46748*x0 - sin(2544917.8*x0**3*(x0 + sin(2*x0)**4)) + 1280813.2)/sin(2544917.8*x0**3*(x0 + sin(2*x0)**4)),True,39,10
fepysr,g0036,feynman-iii.7.38,521,noise001,0.01,iaaccn23,formal3h_13alg_ssr50_seed520-522_noise0-001-005_20260622-014658,fepysr_s521_noise001_g0036,/home/zhangziwen/workplace/scientific-intelligent-modelling/experiments/formal3h_13alg_ssr50_seed520-522_noise0-001-005_20260622-014658/fepysr/seed521/tasks/fepysr_s521_noise001_g0036/iaaccn23/fepysr/g0036_feynman-iii.7.38/progress/minute_0060.json,48806cd76391dff2080002b3e02932b23e7ee78c5ad48a63d4793e36919d63e6,60,3600.012,ok,True,True,1.0000096389427302,1.0000009055295784,3600.012,3.7047188482127128e+20,3.7047188482127128e+20,True,1,1
fepysr,g0037,feynman-i.18.16,521,noise001,0.01,iaaccn23,formal3h_13alg_ssr50_seed520-522_noise0-001-005_20260622-014658,fepysr_s521_noise001_g0037,/home/zhangziwen/workplace/scientific-intelligent-modelling/experiments/formal3h_13alg_ssr50_seed520-522_noise0-001-005_20260622-014658/fepysr/seed521/tasks/fepysr_s521_noise001_g0037/iaaccn23/fepysr/g0037_feynman-i.18.16/progress/minute_0060.json,4d2b26a2797f2c1ff0b8a47b0dead5a634a6927aa8d7a5d1472817dd6f480eac,60,3600.02,ok,True,True,1.532700424449433e-08,8.832763107587309e-07,3600.02,X0*X1*X3*sin(0.9999628*X4) - 0.0017797665,x0*x1*x3*sin(0.9999628*x4) - 0.0017797665,True,10,5
fepysr,g0038,feynman-ii.27.18,521,noise001,0.01,iaaccn29,formal3h_13alg_ssr50_seed520-522_noise0-001-005_20260622-014658,fepysr_s521_noise001_g0038,/home/zhangziwen/workplace/scientific-intelligent-modelling/experiments/formal3h_13alg_ssr50_seed520-522_noise0-001-005_20260622-014658/fepysr/seed521/tasks/fepysr_s521_noise001_g0038/iaaccn29/fepysr/g0038_feynman-ii.27.18/progress/minute_0060.json,ddc7a228979d91ae57359b78cc1b8ac58ba78c9b0f4fbc33a0a7d13c37881201,60,3600.013,ok,True,True,0.7668924782687185,0.8376627740268873,3600.013,9.786307064875778e-11,9.786307064875778e-11,True,1,1
fepysr,g0039,feynman-ii.34.11,521,noise001,0.01,iaaccn28,formal3h_13alg_ssr50_seed520-522_noise0-001-005_20260622-014658,fepysr_s521_noise001_g0039,/home/zhangziwen/workplace/scientific-intelligent-modelling/experiments/formal3h_13alg_ssr50_seed520-522_noise0-001-005_20260622-014658/fepysr/seed521/tasks/fepysr_s521_noise001_g0039/iaaccn28/fepysr/g0039_feynman-ii.34.11/progress/minute_0060.json,e25e7d0ff6918fe6ee8ba5fc02877ffc4d4326f9a7394bf9e56860c1714531b9,60,3600.024,ok,True,True,0.9944530958877085,0.9846564977973026,3600.024,-0.717951884300618*X2^2/X5 + 1.0078925,-0.717951884300618*x2**2/x5 + 1.0078925,True,10,4
fepysr,g0040,feynman-i.29.16,521,noise001,0.01,iaaccn28,formal3h_13alg_ssr50_seed520-522_noise0-001-005_20260622-014658,fepysr_s521_noise001_g0040,/home/zhangziwen/workplace/scientific-intelligent-modelling/experiments/formal3h_13alg_ssr50_seed520-522_noise0-001-005_20260622-014658/fepysr/seed521/tasks/fepysr_s521_noise001_g0040/iaaccn28/fepysr/g0040_feynman-i.29.16/progress/minute_0060.json,bd76283767b4e4f4021238dab54834317e0520ba4e208b2338667c69ce1ad2b9,60,3600.019,ok,True,True,0.09855628092777322,0.03625704532287062,3600.019,0.803143*X0 + 0.803143*X1,0.803143*x0 + 0.803143*x1,True,7,3
fepysr,g0041,feynman-bonus.20,521,noise001,0.01,iaaccn23,formal3h_13alg_ssr50_seed520-522_noise0-001-005_20260622-014658,fepysr_s521_noise001_g0041,/home/zhangziwen/workplace/scientific-intelligent-modelling/experiments/formal3h_13alg_ssr50_seed520-522_noise0-001-005_20260622-014658/fepysr/seed521/tasks/fepysr_s521_noise001_g0041/iaaccn23/fepysr/g0041_feynman-bonus.20/progress/minute_0060.json,5c7891d5fadc76074a0b2665d594fb1e9dc81db2ea77c02219186b572fbcba3e,60,3600.012,ok,True,True,0.9801887202695673,0.9967588242439042,3600.012,1.3520521691263437e-25,1.3520521691263437e-25,True,1,1
fepysr,g0042,feynman-i.15.3t,521,noise001,0.01,iaaccn28,formal3h_13alg_ssr50_seed520-522_noise0-001-005_20260622-014658,fepysr_s521_noise001_g0042,/home/zhangziwen/workplace/scientific-intelligent-modelling/experiments/formal3h_13alg_ssr50_seed520-522_noise0-001-005_20260622-014658/fepysr/seed521/tasks/fepysr_s521_noise001_g0042/iaaccn28/fepysr/g0042_feynman-i.15.3t/progress/minute_0060.json,0e67a78d38edfa58eb216f5a39d98a7fd9b126994466365ef8576e2bf6621317,60,3600.021,ok,True,True,1.877418258099358e-08,4.934750326812316e-05,3600.021,sin(X1 + 2281901533179538688553517056*exp(-169.91757*X0)),sin(x1 + 2281901533179538688553517056*exp(-169.91757*x0)),True,9,6
fepysr,g0043,feynman-i.39.22,521,noise001,0.01,iaaccn23,formal3h_13alg_ssr50_seed520-522_noise0-001-005_20260622-014658,fepysr_s521_noise001_g0043,/home/zhangziwen/workplace/scientific-intelligent-modelling/experiments/formal3h_13alg_ssr50_seed520-522_noise0-001-005_20260622-014658/fepysr/seed521/tasks/fepysr_s521_noise001_g0043/iaaccn23/fepysr/g0043_feynman-i.39.22/progress/minute_0060.json,5f4fc87a7573a9fd9f14d64e6b332b362a1241cff0136972dd324ca7197656ce,60,3600.019,ok,True,True,0.6241749540732863,0.6050885940025065,3600.019,(35.149803*X3 - 476.538779248701)/X4,(35.149803*x3 - 476.538779248701)/x4,True,9,4
fepysr,g0044,feynman-iii.10.19,521,noise001,0.01,iaaccn27,formal3h_13alg_ssr50_seed520-522_noise0-001-005_20260622-014658,fepysr_s521_noise001_g0044,/home/zhangziwen/workplace/scientific-intelligent-modelling/experiments/formal3h_13alg_ssr50_seed520-522_noise0-001-005_20260622-014658/fepysr/seed521/tasks/fepysr_s521_noise001_g0044/iaaccn27/fepysr/g0044_feynman-iii.10.19/progress/minute_0060.json,dde2c8cc25b288d5fe98316383cb61d30d4243923a111e1720912075b4090ee4,60,3600.045,ok,True,True,1.000570000853228,0.9999999429356997,3600.045,1.3433106528857748e-27,1.3433106528857748e-27,True,1,1
fepysr,g0045,feynman-i.13.12,521,noise001,0.01,iaaccn28,formal3h_13alg_ssr50_seed520-522_noise0-001-005_20260622-014658,fepysr_s521_noise001_g0045,/home/zhangziwen/workplace/scientific-intelligent-modelling/experiments/formal3h_13alg_ssr50_seed520-522_noise0-001-005_20260622-014658/fepysr/seed521/tasks/fepysr_s521_noise001_g0045/iaaccn28/fepysr/g0045_feynman-i.13.12/progress/minute_0060.json,56d063fe57feead99cd11e36b71503f0f05b88f3462aadce51591f05570b630d,60,3600.011,ok,True,True,0.9996116805353544,1.0000091691894102,3600.011,-3.1915165631008612e-12,-3.1915165631008612e-12,True,1,1
fepysr,g0046,feynman-i.32.5,521,noise001,0.01,iaaccn26,formal3h_13alg_ssr50_seed520-522_noise0-001-005_20260622-014658,fepysr_s521_noise001_g0046,/home/zhangziwen/workplace/scientific-intelligent-modelling/experiments/formal3h_13alg_ssr50_seed520-522_noise0-001-005_20260622-014658/fepysr/seed521/tasks/fepysr_s521_noise001_g0046/iaaccn26/fepysr/g0046_feynman-i.32.5/progress/minute_0060.json,329eacec09e1d471bfa08b80060beace42082756f52c547d3c4230ed6dc4472f,60,3600.013,ok,True,True,0.9501882164233199,0.9859287941644563,3600.012,2.6614779644011958e-06,2.6614779644011958e-6,True,1,1
fepysr,g0047,feynman-i.43.31,521,noise001,0.01,iaaccn29,formal3h_13alg_ssr50_seed520-522_noise0-001-005_20260622-014658,fepysr_s521_noise001_g0047,/home/zhangziwen/workplace/scientific-intelligent-modelling/experiments/formal3h_13alg_ssr50_seed520-522_noise0-001-005_20260622-014658/fepysr/seed521/tasks/fepysr_s521_noise001_g0047/iaaccn29/fepysr/g0047_feynman-i.43.31/progress/minute_0060.json,3b0ee2bc719abf97299880414f0789a8887b3306c67e564f00b507887df368ad,60,3600.012,ok,True,True,0.8116699463793033,0.9308765900598654,3600.012,6.2798472448065777e-07,6.2798472448065777e-7,True,1,1
fepysr,g0048,feynman-i.11.19,521,noise001,0.01,iaaccn27,formal3h_13alg_ssr50_seed520-522_noise0-001-005_20260622-014658,fepysr_s521_noise001_g0048,/home/zhangziwen/workplace/scientific-intelligent-modelling/experiments/formal3h_13alg_ssr50_seed520-522_noise0-001-005_20260622-014658/fepysr/seed521/tasks/fepysr_s521_noise001_g0048/iaaccn27/fepysr/g0048_feynman-i.11.19/progress/minute_0060.json,af697edf5e876445f078b1279fde2afb43c339da56d7e59f16f9c1d568d05ba9,60,3600.016,ok,True,True,0.7213657468536396,0.6516302167798365,3600.016,X0*X1,x0*x1,True,3,2
fepysr,g0049,feynman-ii.34.2a,521,noise001,0.01,iaaccn22,formal3h_13alg_ssr50_seed520-522_noise0-001-005_20260622-014658,fepysr_s521_noise001_g0049,/home/zhangziwen/workplace/scientific-intelligent-modelling/experiments/formal3h_13alg_ssr50_seed520-522_noise0-001-005_20260622-014658/fepysr/seed521/tasks/fepysr_s521_noise001_g0049/iaaccn22/fepysr/g0049_feynman-ii.34.2a/progress/minute_0060.json,fa2e6770e025bd6622e564196df13b73c105a454c1111f0915110cdf1c8cf1ea,60,3600.023,ok,True,True,0.9998209668724949,1.000000242967879,3600.023,-9.071548*X2/X0,-9.071548*x2/x0,True,6,3
fepysr,g0050,Vladislavleva-4,521,noise001,0.01,iaaccn22,formal3h_13alg_ssr50_seed520-522_noise0-001-005_20260622-014658,fepysr_s521_noise001_g0050,/home/zhangziwen/workplace/scientific-intelligent-modelling/experiments/formal3h_13alg_ssr50_seed520-522_noise0-001-005_20260622-014658/fepysr/seed521/tasks/fepysr_s521_noise001_g0050/iaaccn22/fepysr/g0050_Vladislavleva-4/progress/minute_0060.json,6aaf300beac57e5ba2604dddbc99a924904191e52fa837ffdc1c680036801c14,60,3600.024,ok,True,True,0.08432070489923212,0.09977610176214649,3600.024,2.42668116452025/(cos(X3) + cos(X4) + 4.73222933),2.42668116452025/(cos(x3) + cos(x4) + 4.73222933),True,10,5
fepysr,g0001,Keijzer-11,521,noise005,0.05,iaaccn27,formal3h_13alg_ssr50_seed520-522_noise0-001-005_20260622-014658,fepysr_s521_noise005_g0001,/home/zhangziwen/workplace/scientific-intelligent-modelling/experiments/formal3h_13alg_ssr50_seed520-522_noise0-001-005_20260622-014658/fepysr/seed521/tasks/fepysr_s521_noise005_g0001/iaaccn27/fepysr/g0001_Keijzer-11/progress/minute_0060.json,1c05a1412be18d8ac576382ed5a998da5ad4814984d9643d308b988828900813,60,3600.067,ok,True,True,0.07847004344382927,0.06669891291138694,3600.067,(1.0419792*X0 - sin(1.23769453154376*X0)*sin(sin(1.8947284*sin(X0) + 1.6400615)))*(X1 - 0.27662018),(1.0419792*x0 - sin(1.23769453154376*x0)*sin(sin(1.8947284*sin(x0) + 1.6400615)))*(x1 - 0.27662018),True,22,9
fepysr,g0002,Keijzer-2,521,noise005,0.05,iaaccn24,formal3h_13alg_ssr50_seed520-522_noise0-001-005_20260622-014658,fepysr_s521_noise005_g0002,/home/zhangziwen/workplace/scientific-intelligent-modelling/experiments/formal3h_13alg_ssr50_seed520-522_noise0-001-005_20260622-014658/fepysr/seed521/tasks/fepysr_s521_noise005_g0002/iaaccn24/fepysr/g0002_Keijzer-2/progress/minute_0060.json,965944d22ed1ac0e2ed4a900aabf236cd1560da143c36b1d76f560902ece1cf7,60,3600.019,ok,True,True,6.864993926425655e-05,0.00010315680667500777,3600.019,0.3007189*X0*sin(6.2783995*X0),0.3007189*x0*sin(6.2783995*x0),True,7,4
fepysr,g0003,Korns-2,521,noise005,0.05,iaaccn24,formal3h_13alg_ssr50_seed520-522_noise0-001-005_20260622-014658,fepysr_s521_noise005_g0003,/home/zhangziwen/workplace/scientific-intelligent-modelling/experiments/formal3h_13alg_ssr50_seed520-522_noise0-001-005_20260622-014658/fepysr/seed521/tasks/fepysr_s521_noise005_g0003/iaaccn24/fepysr/g0003_Korns-2/progress/minute_0060.json,149c98f7e62b9591b3c4971a45ba3a9089fb9e1e0582eb5b123b539697f1c10c,60,3600.024,ok,True,True,8.600046499915405e-05,7.861973196922543e-05,3600.024,4.6932077*(X1 + X3)/X4,(4.6932077*x1 + 4.6932077*x3)/x4,True,11,4
fepysr,g0004,Korns-4,521,noise005,0.05,iaaccn29,formal3h_13alg_ssr50_seed520-522_noise0-001-005_20260622-014658,fepysr_s521_noise005_g0004,/home/zhangziwen/workplace/scientific-intelligent-modelling/experiments/formal3h_13alg_ssr50_seed520-522_noise0-001-005_20260622-014658/fepysr/seed521/tasks/fepysr_s521_noise005_g0004/iaaccn29/fepysr/g0004_Korns-4/progress/minute_0060.json,f8c9e80b795cfbae780447ef3457633f00607205df4ab085cdd04e820dc0f93d,60,3600.039,ok,True,True,6.510211091880055e-08,6.616469915586918e-08,3600.039,0.130083634037144*sin(1.00002600067602*X2) - 2.29942,0.130083634037144*sin(1.00002600067602*x2) - 2.29942,True,8,5
fepysr,g0005,BPG3,521,noise005,0.05,iaaccn29,formal3h_13alg_ssr50_seed520-522_noise0-001-005_20260622-014658,fepysr_s521_noise005_g0005,/home/zhangziwen/workplace/scientific-intelligent-modelling/experiments/formal3h_13alg_ssr50_seed520-522_noise0-001-005_20260622-014658/fepysr/seed521/tasks/fepysr_s521_noise005_g0005/iaaccn29/fepysr/g0005_BPG3/progress/minute_0060.json,48e6ac1863a62ced031d818b14b70a93f28463a62db12452f7801e4461ccf47e,60,3600.016,ok,True,True,0.0002487308085487223,0.006813911875816016,3600.016,-0.7753235*sin(sin(X1)),-0.7753235*sin(sin(x1)),True,5,4
fepysr,g0006,BPG5,521,noise005,0.05,iaaccn27,formal3h_13alg_ssr50_seed520-522_noise0-001-005_20260622-014658,fepysr_s521_noise005_g0006,/home/zhangziwen/workplace/scientific-intelligent-modelling/experiments/formal3h_13alg_ssr50_seed520-522_noise0-001-005_20260622-014658/fepysr/seed521/tasks/fepysr_s521_noise005_g0006/iaaccn27/fepysr/g0006_BPG5/progress/minute_0060.json,b698efa0d19d396c50d06b5be3b3d6a1aed4de4d6efe1d063fbeae456e7b534f,60,3600.019,ok,True,True,2.9696585154890585e-05,1.0,3600.019,2.94590265152744*X1^2*exp(-1.0411294*X0),2.94590265152744*x1**2*exp(-1.0411294*x0),True,9,4
fepysr,g0007,BPG9,521,noise005,0.05,iaaccn28,formal3h_13alg_ssr50_seed520-522_noise0-001-005_20260622-014658,fepysr_s521_noise005_g0007,/home/zhangziwen/workplace/scientific-intelligent-modelling/experiments/formal3h_13alg_ssr50_seed520-522_noise0-001-005_20260622-014658/fepysr/seed521/tasks/fepysr_s521_noise005_g0007/iaaccn28/fepysr/g0007_BPG9/progress/minute_0060.json,088af0036753d4566c117876ce96fa1de573ae435f3f51b707d685d52d13a077,60,3600.032,ok,True,True,0.03483487921817887,1.8634828265072376,3600.032,sin(0.366717699101674*X1 - 1.1627785) + 2.3203967*cos(sin(0.40431152963464*X1 - 0.5948309) - 0.8118456) - 0.6584883,sin(0.366717699101674*x1 - 1.1627785) + 2.3203967*cos(sin(0.40431152963464*x1 - 0.5948309) - 0.8118456) - 0.6584883,True,19,8
fepysr,g0008,CRK0,521,noise005,0.05,iaaccn26,formal3h_13alg_ssr50_seed520-522_noise0-001-005_20260622-014658,fepysr_s521_noise005_g0008,/home/zhangziwen/workplace/scientific-intelligent-modelling/experiments/formal3h_13alg_ssr50_seed520-522_noise0-001-005_20260622-014658/fepysr/seed521/tasks/fepysr_s521_noise005_g0008/iaaccn26/fepysr/g0008_CRK0/progress/minute_0060.json,7ffa130c56705a26841cec3bf9c87df2cb66c679f7dd9c666299bf311e404e12,60,3600.019,ok,True,True,1.0390288603870867e-05,5.372716173626378e-05,3600.019,0.1252228*cos(X1^3) + 0.0055319695,0.1252228*cos(x1**3) + 0.0055319695,True,8,5
fepysr,g0009,CRK10,521,noise005,0.05,iaaccn29,formal3h_13alg_ssr50_seed520-522_noise0-001-005_20260622-014658,fepysr_s521_noise005_g0009,/home/zhangziwen/workplace/scientific-intelligent-modelling/experiments/formal3h_13alg_ssr50_seed520-522_noise0-001-005_20260622-014658/fepysr/seed521/tasks/fepysr_s521_noise005_g0009/iaaccn29/fepysr/g0009_CRK10/progress/minute_0060.json,988c1d67034cb2c922e6dca23ed99a21a2c00fcb856f0699f6c3561ae2123725,60,3600.04,ok,True,True,8.39544484251747e-05,0.3941155044621423,3600.039,X1^2*(-0.061949283*X1^2 - 0.061949283*exp(0.862865256255881*X1^2) + 0.87921584)/(X1^2 + exp(0.862865256255881*X1^2)),x1**2*(-0.061949283*x1**2 - 0.061949283*exp(0.862865256255881*x1**2) + 0.87921584)/(x1**2 + exp(0.862865256255881*x1**2)),True,31,7
fepysr,g0010,CRK11,521,noise005,0.05,iaaccn25,formal3h_13alg_ssr50_seed520-522_noise0-001-005_20260622-014658,fepysr_s521_noise005_g0010,/home/zhangziwen/workplace/scientific-intelligent-modelling/experiments/formal3h_13alg_ssr50_seed520-522_noise0-001-005_20260622-014658/fepysr/seed521/tasks/fepysr_s521_noise005_g0010/iaaccn25/fepysr/g0010_CRK11/progress/minute_0060.json,3829f9811047cc81f877f8e4a33089d919efe6111b9402afe0d4b7e56ccf0ab4,60,3600.064,ok,True,True,0.0005418306989572778,0.1578063042614371,3600.064,-sin(0.7628535*X1^2 - 0.387045066856545),-sin(0.7628535*x1**2 - 0.387045066856545),True,10,6
fepysr,g0011,CRK33,521,noise005,0.05,iaaccn24,formal3h_13alg_ssr50_seed520-522_noise0-001-005_20260622-014658,fepysr_s521_noise005_g0011,/home/zhangziwen/workplace/scientific-intelligent-modelling/experiments/formal3h_13alg_ssr50_seed520-522_noise0-001-005_20260622-014658/fepysr/seed521/tasks/fepysr_s521_noise005_g0011/iaaccn24/fepysr/g0011_CRK33/progress/minute_0060.json,9ec2ba235aa0e902311ad3a4d3b9f87439e664e232936ab3758d19b9fc1bfd76,60,3600.017,ok,True,True,0.00028441351867526985,0.5110200132901139,3600.017,0.4351875*sin(sin(cos(X1 - 0.68967736))),0.4351875*sin(sin(cos(x1 - 0.68967736))),True,8,6
fepysr,g0012,CRK34,521,noise005,0.05,iaaccn26,formal3h_13alg_ssr50_seed520-522_noise0-001-005_20260622-014658,fepysr_s521_noise005_g0012,/home/zhangziwen/workplace/scientific-intelligent-modelling/experiments/formal3h_13alg_ssr50_seed520-522_noise0-001-005_20260622-014658/fepysr/seed521/tasks/fepysr_s521_noise005_g0012/iaaccn26/fepysr/g0012_CRK34/progress/minute_0060.json,fb9cd801636af89d66555faafe8f306e07615898cc355a866e99d94713ae2daf,60,3600.03,ok,True,True,8.489365701722265e-05,1.0000000000002325,3600.03,X1*sin(0.57861418714878*exp(-0.6490477*X0)),x1*sin(0.57861418714878*exp(-0.6490477*x0)),True,9,6
fepysr,g0013,I.11.19_4_0,521,noise005,0.05,iaaccn29,formal3h_13alg_ssr50_seed520-522_noise0-001-005_20260622-014658,fepysr_s521_noise005_g0013,/home/zhangziwen/workplace/scientific-intelligent-modelling/experiments/formal3h_13alg_ssr50_seed520-522_noise0-001-005_20260622-014658/fepysr/seed521/tasks/fepysr_s521_noise005_g0013/iaaccn29/fepysr/g0013_I.11.19_4_0/progress/minute_0060.json,70ff2daf4e88c99df74c534b35e8608e7ba896a5ea49a030fc09b70824bb6f2b,60,3600.029,ok,True,True,0.011314797873886893,0.06341290515847241,3600.029,-X0/X2 - X3 + X4 - X5 - sin(X1) + 3.0603702,-x0/x2 - x3 + x4 - x5 - sin(x1) + 3.0603702,True,19,4
fepysr,g0014,II.11.27_1_0,521,noise005,0.05,iaaccn27,formal3h_13alg_ssr50_seed520-522_noise0-001-005_20260622-014658,fepysr_s521_noise005_g0014,/home/zhangziwen/workplace/scientific-intelligent-modelling/experiments/formal3h_13alg_ssr50_seed520-522_noise0-001-005_20260622-014658/fepysr/seed521/tasks/fepysr_s521_noise005_g0014/iaaccn27/fepysr/g0014_II.11.27_1_0/progress/minute_0060.json,325712d6c7c8835bfdae3463db66dc083fb2a6da81f6cb7fbb47df1f6ab9ee49,60,3600.014,ok,True,True,0.9981834525445247,1.0002294876890907,3600.014,8.6578568158337017,8.6578568158337017,True,1,1
fepysr,g0015,II.34.2_1_0,521,noise005,0.05,iaaccn29,formal3h_13alg_ssr50_seed520-522_noise0-001-005_20260622-014658,fepysr_s521_noise005_g0015,/home/zhangziwen/workplace/scientific-intelligent-modelling/experiments/formal3h_13alg_ssr50_seed520-522_noise0-001-005_20260622-014658/fepysr/seed521/tasks/fepysr_s521_noise005_g0015/iaaccn29/fepysr/g0015_II.34.2_1_0/progress/minute_0060.json,ac401a4a3353855b2ad4bc4959881ab7373228eb1e5f638f2f158425c02d2971,60,3600.032,ok,True,True,0.000478785161630673,0.00031149914567191764,3600.032,(2.0065835*X0 - 1.70079583649035)/log(exp(X1*X2)),(2.0065835*x0 - 1.70079583649035)/log(exp(x1*x2)),True,13,6
fepysr,g0016,II.6.15b_3_0,521,noise005,0.05,iaaccn29,formal3h_13alg_ssr50_seed520-522_noise0-001-005_20260622-014658,fepysr_s521_noise005_g0016,/home/zhangziwen/workplace/scientific-intelligent-modelling/experiments/formal3h_13alg_ssr50_seed520-522_noise0-001-005_20260622-014658/fepysr/seed521/tasks/fepysr_s521_noise005_g0016/iaaccn29/fepysr/g0016_II.6.15b_3_0/progress/minute_0060.json,4a26a72f24f7d434e0cb7d5b2164c830995db0b3ebb469792be08ca8c6220730,60,3600.021,ok,True,True,0.2189199206155124,0.09588870988557693,3600.021,cos(9.502166*X0) + 0.51395017,cos(9.502166*x0) + 0.51395017,True,6,4
fepysr,g0017,III.21.20_3_0,521,noise005,0.05,iaaccn28,formal3h_13alg_ssr50_seed520-522_noise0-001-005_20260622-014658,fepysr_s521_noise005_g0017,/home/zhangziwen/workplace/scientific-intelligent-modelling/experiments/formal3h_13alg_ssr50_seed520-522_noise0-001-005_20260622-014658/fepysr/seed521/tasks/fepysr_s521_noise005_g0017/iaaccn28/fepysr/g0017_III.21.20_3_0/progress/minute_0060.json,3c2940acb5a8193e60d08c366d76fead2542725a89383f84bcf1ad4831f82a31,60,3600.013,ok,True,True,0.9004425551048537,0.999998190755811,3600.012,1.6242312292434495,1.6242312292434495,True,1,1
fepysr,g0018,MatSci21,521,noise005,0.05,iaaccn27,formal3h_13alg_ssr50_seed520-522_noise0-001-005_20260622-014658,fepysr_s521_noise005_g0018,/home/zhangziwen/workplace/scientific-intelligent-modelling/experiments/formal3h_13alg_ssr50_seed520-522_noise0-001-005_20260622-014658/fepysr/seed521/tasks/fepysr_s521_noise005_g0018/iaaccn27/fepysr/g0018_MatSci21/progress/minute_0060.json,13fade94f237ade292db5f99541df59148d590d8c39e32468414c81afdb8de9b,60,3600.024,ok,True,True,0.00018662549627809097,0.0004889975604702523,3600.024,1346.0724*X0^2*exp(X0) - 1717.2866*X0^2 - 91.601204*exp(X0) + 92.77233,1346.0724*x0**2*exp(x0) - 1717.2866*x0**2 - 91.601204*exp(x0) + 92.77233,True,18,4
fepysr,g0019,PO19,521,noise005,0.05,iaaccn25,formal3h_13alg_ssr50_seed520-522_noise0-001-005_20260622-014658,fepysr_s521_noise005_g0019,/home/zhangziwen/workplace/scientific-intelligent-modelling/experiments/formal3h_13alg_ssr50_seed520-522_noise0-001-005_20260622-014658/fepysr/seed521/tasks/fepysr_s521_noise005_g0019/iaaccn25/fepysr/g0019_PO19/progress/minute_0060.json,e30ced80b24bcfbc16eba1de08b9ec1877e7a61c475703ab6c18c5666fde224b,60,3600.053,ok,True,True,0.02837279462389715,11907.75333387102,3600.051,-sin(sin(X0 + sin(X0) - 0.3368656*exp(-X2)*cos(1.57706941076744*exp(X2)))),-sin(sin(x0 + sin(x0) - 0.3368656*exp(-x2)*cos(1.57706941076744*exp(x2)))),True,19,9
fepysr,g0020,PO41,521,noise005,0.05,iaaccn24,formal3h_13alg_ssr50_seed520-522_noise0-001-005_20260622-014658,fepysr_s521_noise005_g0020,/home/zhangziwen/workplace/scientific-intelligent-modelling/experiments/formal3h_13alg_ssr50_seed520-522_noise0-001-005_20260622-014658/fepysr/seed521/tasks/fepysr_s521_noise005_g0020/iaaccn24/fepysr/g0020_PO41/progress/minute_0060.json,d1623d33bacaf790c6875748c3a8755a7bea2f2052dddd07a50c2f82c177c980,60,3600.022,ok,True,True,0.0017407667718095613,0.017055896475495786,3600.022,-(0.5047116*X2 + sin(sin(X0)))*sin(X0 + 1.4616987),(-0.5047116*x2 - sin(sin(x0)))*sin(x0 + 1.4616987),True,14,6
fepysr,g0021,Nguyen-12,521,noise005,0.05,iaaccn22,formal3h_13alg_ssr50_seed520-522_noise0-001-005_20260622-014658,fepysr_s521_noise005_g0021,/home/zhangziwen/workplace/scientific-intelligent-modelling/experiments/formal3h_13alg_ssr50_seed520-522_noise0-001-005_20260622-014658/fepysr/seed521/tasks/fepysr_s521_noise005_g0021/iaaccn22/fepysr/g0021_Nguyen-12/progress/minute_0060.json,068405e906ba602eb6e9ac5a57b58f4a6756a48598c957df29b31b8c5025154b,60,3600.022,ok,True,True,2.072917213538969e-05,0.017939940322290376,3600.021,-sin(0.11978181*sin(3.37067820067805*X0*sin(X0)) + sin(sin(sin(0.83231044*sin(X1))))),-sin(0.11978181*sin(3.37067820067805*x0*sin(x0)) + sin(sin(sin(0.83231044*sin(x1))))),True,19,9
fepysr,g0022,Nguyen-6,521,noise005,0.05,iaaccn26,formal3h_13alg_ssr50_seed520-522_noise0-001-005_20260622-014658,fepysr_s521_noise005_g0022,/home/zhangziwen/workplace/scientific-intelligent-modelling/experiments/formal3h_13alg_ssr50_seed520-522_noise0-001-005_20260622-014658/fepysr/seed521/tasks/fepysr_s521_noise005_g0022/iaaccn26/fepysr/g0022_Nguyen-6/progress/minute_0060.json,ee19d95a06a38d9021a1711d5f59235f75bb7b8e17076e91f419140df0d69c67,60,3600.02,ok,True,True,0.006234398274748491,0.008290098509979247,3600.02,sin(X0) + sin(X0^2 + 1.08823117*sin(X0)) + 0.047165744*cos(0.60173815/X0^4),sin(x0) + sin(x0**2 + 1.08823117*sin(x0)) + 0.047165744*cos(0.60173815/x0**4),True,20,6
fepysr,g0023,Nguyen-9,521,noise005,0.05,iaaccn28,formal3h_13alg_ssr50_seed520-522_noise0-001-005_20260622-014658,fepysr_s521_noise005_g0023,/home/zhangziwen/workplace/scientific-intelligent-modelling/experiments/formal3h_13alg_ssr50_seed520-522_noise0-001-005_20260622-014658/fepysr/seed521/tasks/fepysr_s521_noise005_g0023/iaaccn28/fepysr/g0023_Nguyen-9/progress/minute_0060.json,32c902159c14833ecabfca203c08c7b1c697be25ef00f92329dfbadc2be8cdc2,60,3600.018,ok,True,True,0.00017954575254035694,0.0003024229530448857,3600.018,sin(X0) + sin(1.02557885978399*X1^2*cos(X1 - 0.6420687)),sin(x0) + sin(1.02557885978399*x1**2*cos(x1 - 0.6420687)),True,13,6
fepysr,g0024,feynman_II_15_4,521,noise005,0.05,iaaccn24,formal3h_13alg_ssr50_seed520-522_noise0-001-005_20260622-014658,fepysr_s521_noise005_g0024,/home/zhangziwen/workplace/scientific-intelligent-modelling/experiments/formal3h_13alg_ssr50_seed520-522_noise0-001-005_20260622-014658/fepysr/seed521/tasks/fepysr_s521_noise005_g0024/iaaccn24/fepysr/g0024_feynman_II_15_4/progress/minute_0060.json,f3b62aebf5ca31d328dac9f1e22b0e948615460c23b764ada797e4d7aa740b2c,60,3600.025,ok,True,True,4.824437920761307e-08,3.692434876138336e-08,3600.025,-X0*(X1 - 0.00070211076)*cos(X2),-x0*(x1 - 0.00070211076)*cos(x2),True,8,3
fepysr,g0025,feynman_I_12_11,521,noise005,0.05,iaaccn23,formal3h_13alg_ssr50_seed520-522_noise0-001-005_20260622-014658,fepysr_s521_noise005_g0025,/home/zhangziwen/workplace/scientific-intelligent-modelling/experiments/formal3h_13alg_ssr50_seed520-522_noise0-001-005_20260622-014658/fepysr/seed521/tasks/fepysr_s521_noise005_g0025/iaaccn23/fepysr/g0025_feynman_I_12_11/progress/minute_0060.json,21e8016612318d8fd579d6900f5ef21444a288a80e9ee3324fe38ef8804ba7be,60,3600.02,ok,True,True,0.19218336535858302,0.5107362881000161,3600.02,X0*(X1 + 8.98268940535081*sin(X4)),x0*(x1 + 8.98268940535081*sin(x4)),True,8,5
fepysr,g0026,feynman_I_27_6,521,noise005,0.05,iaaccn28,formal3h_13alg_ssr50_seed520-522_noise0-001-005_20260622-014658,fepysr_s521_noise005_g0026,/home/zhangziwen/workplace/scientific-intelligent-modelling/experiments/formal3h_13alg_ssr50_seed520-522_noise0-001-005_20260622-014658/fepysr/seed521/tasks/fepysr_s521_noise005_g0026/iaaccn28/fepysr/g0026_feynman_I_27_6/progress/minute_0060.json,e9ab389888f39b35880b0935fa429514b48994e57dc40b8d19593b3c907c9434,60,3600.029,ok,True,True,0.038854984276710476,0.2922347345680415,3600.029,0.3633394 + log(X1)/X2,0.3633394 + log(x1)/x2,True,8,4
fepysr,g0027,feynman_test_15,521,noise005,0.05,iaaccn24,formal3h_13alg_ssr50_seed520-522_noise0-001-005_20260622-014658,fepysr_s521_noise005_g0027,/home/zhangziwen/workplace/scientific-intelligent-modelling/experiments/formal3h_13alg_ssr50_seed520-522_noise0-001-005_20260622-014658/fepysr/seed521/tasks/fepysr_s521_noise005_g0027/iaaccn24/fepysr/g0027_feynman_test_15/progress/minute_0060.json,079c7c0555719ba8671745f57ae503f87db64faa30940ad50da20e89047b3a3d,60,3600.025,ok,True,True,0.007541883273600102,0.08676350780984583,3600.025,X2 - 0.5711541*cos(X3),x2 - 0.5711541*cos(x3),True,6,4
fepysr,g0028,strogatz_barmag1,521,noise005,0.05,iaaccn28,formal3h_13alg_ssr50_seed520-522_noise0-001-005_20260622-014658_fepysr_rerun,fepysr_s521_noise005_g0028,/home/zhangziwen/workplace/scientific-intelligent-modelling/experiments/formal3h_13alg_ssr50_seed520-522_noise0-001-005_20260622-014658_fepysr_rerun/fepysr/seed521/tasks/fepysr_s521_noise005_g0028/iaaccn28/fepysr/g0028_strogatz_barmag1/progress/minute_0060.json,1719caca23e6d12a1adfe4d62058bf9fdb15c8d97cbede0fe12add4ca57d1e48,60,3600.021,ok,True,True,0.06480467807998602,1.02686557663927,3600.021,-1.39781373544893*log(X0*(0.0240930051612399*X0 - 0.0312349713668481*sin(X0 - X1))),-1.39781373544893*log(x0*(0.0240930051612399*x0 - 0.0312349713668481*sin(x0 - x1))),True,17,9
fepysr,g0029,strogatz_barmag2,521,noise005,0.05,iaaccn22,formal3h_13alg_ssr50_seed520-522_noise0-001-005_20260622-014658,fepysr_s521_noise005_g0029,/home/zhangziwen/workplace/scientific-intelligent-modelling/experiments/formal3h_13alg_ssr50_seed520-522_noise0-001-005_20260622-014658/fepysr/seed521/tasks/fepysr_s521_noise005_g0029/iaaccn22/fepysr/g0029_strogatz_barmag2/progress/minute_0060.json,f6494960aca88c9c041d7384fdd7c5f5c0ff92098f805a3264301186aee5c68f,60,3600.027,ok,True,True,0.07783225459189798,0.5458376612128112,3600.027,(-0.091290206*sin(cos(X0 - 0.70661503)) + cos(X1 + 1.0229647) - 0.134670928472335)/(sin(cos(X0 - 0.70661503)) + 1.4751958),(-0.091290206*sin(cos(x0 - 0.70661503)) + cos(x1 + 1.0229647) - 0.134670928472335)/(sin(cos(x0 - 0.70661503)) + 1.4751958),True,23,7
fepysr,g0030,strogatz_predprey2,521,noise005,0.05,iaaccn24,formal3h_13alg_ssr50_seed520-522_noise0-001-005_20260622-014658,fepysr_s521_noise005_g0030,/home/zhangziwen/workplace/scientific-intelligent-modelling/experiments/formal3h_13alg_ssr50_seed520-522_noise0-001-005_20260622-014658/fepysr/seed521/tasks/fepysr_s521_noise005_g0030/iaaccn24/fepysr/g0030_strogatz_predprey2/progress/minute_0060.json,989733ac2cd5d416f850de093096f3cc5880b5b1bf2dc1aed1cb3afab73d3fea,60,3600.023,ok,True,True,0.03945577730345937,0.44447613918492684,3600.023,X0 - 0.456398601596275*X1 + sin(0.6862464*X0) - 0.36292362*cos(X0 + X1) + 0.365304896239539,x0 - 0.456398601596275*x1 + sin(0.6862464*x0) - 0.36292362*cos(x0 + x1) + 0.365304896239539,True,16,5
fepysr,g0031,strogatz_shearflow1,521,noise005,0.05,iaaccn29,formal3h_13alg_ssr50_seed520-522_noise0-001-005_20260622-014658,fepysr_s521_noise005_g0031,/home/zhangziwen/workplace/scientific-intelligent-modelling/experiments/formal3h_13alg_ssr50_seed520-522_noise0-001-005_20260622-014658/fepysr/seed521/tasks/fepysr_s521_noise005_g0031/iaaccn29/fepysr/g0031_strogatz_shearflow1/progress/minute_0060.json,41be62e0b99668510f6e808ee6f816aac37e9b80dc4011800f8a62c549713644,60,3600.023,ok,True,True,0.03939726691293739,12.30232372796657,3600.023,0.0397043391012817*exp(-0.095465591042262*X1*exp(-X1)) - 0.16698891/X1^2,0.0397043391012817*exp(-0.095465591042262*x1*exp(-x1)) - 0.16698891/x1**2,True,16,7
fepysr,g0032,strogatz_vdp1,521,noise005,0.05,iaaccn22,formal3h_13alg_ssr50_seed520-522_noise0-001-005_20260622-014658,fepysr_s521_noise005_g0032,/home/zhangziwen/workplace/scientific-intelligent-modelling/experiments/formal3h_13alg_ssr50_seed520-522_noise0-001-005_20260622-014658/fepysr/seed521/tasks/fepysr_s521_noise005_g0032/iaaccn22/fepysr/g0032_strogatz_vdp1/progress/minute_0060.json,0a07524af89956495c25162b2a59bff690b5aa588510111f421cb8dadbb65cf1,60,3600.023,ok,True,True,0.026716733129966728,1.250629561122354,3600.023,(X0 + 5.6208997*X1)*(3.795913*cos(X0 - 0.6429906*X1) - 1.8023974269554),(x0 + 5.6208997*x1)*(3.795913*cos(x0 - 0.6429906*x1) - 1.8023974269554),True,16,7
fepysr,g0033,first_principles_hubble,521,noise005,0.05,iaaccn23,formal3h_13alg_ssr50_seed520-522_noise0-001-005_20260622-014658,fepysr_s521_noise005_g0033,/home/zhangziwen/workplace/scientific-intelligent-modelling/experiments/formal3h_13alg_ssr50_seed520-522_noise0-001-005_20260622-014658/fepysr/seed521/tasks/fepysr_s521_noise005_g0033/iaaccn23/fepysr/g0033_first_principles_hubble/progress/minute_0060.json,3dfbd97c66383acd0d35d7d06690246cdba9db56430493322fcb34f50cd77c17,60,3600.024,ok,True,True,0.06024138081481935,0.1628978418563841,3600.024,212.37762*X0^2 - 212.37762*sin(exp(exp(cos(X0)))) + 212.37762*sin(2*cos(X0)) - 212.37762*cos(X0)^2 + 139.746548889347,212.37762*x0**2 - 212.37762*sin(exp(exp(cos(x0)))) + 212.37762*sin(2*cos(x0)) - 212.37762*cos(x0)**2 + 139.746548889347,True,27,7
fepysr,g0034,first_principles_leavitt,521,noise005,0.05,iaaccn29,formal3h_13alg_ssr50_seed520-522_noise0-001-005_20260622-014658,fepysr_s521_noise005_g0034,/home/zhangziwen/workplace/scientific-intelligent-modelling/experiments/formal3h_13alg_ssr50_seed520-522_noise0-001-005_20260622-014658/fepysr/seed521/tasks/fepysr_s521_noise005_g0034/iaaccn29/fepysr/g0034_first_principles_leavitt/progress/minute_0060.json,6ce41b4b46328b6a5d3b297fc5e47fdd0bef91ab62dd52a0d4b5e5290fd2fce4,60,3600.023,ok,True,True,0.00022364887644668398,0.0005416144827144154,3600.023,(1.10036135170961*cos(X0)^2 + 3.96000388783558*cos(X0) - 3.34619373244625)/(0.390502739083838*cos(X0) - 0.275923924599388),(1.10036135170961*cos(x0)**2 + 3.96000388783558*cos(x0) - 3.34619373244625)/(0.390502739083838*cos(x0) - 0.275923924599388),True,21,6
fepysr,g0035,feynman-ii.4.23,521,noise005,0.05,iaaccn28,formal3h_13alg_ssr50_seed520-522_noise0-001-005_20260622-014658,fepysr_s521_noise005_g0035,/home/zhangziwen/workplace/scientific-intelligent-modelling/experiments/formal3h_13alg_ssr50_seed520-522_noise0-001-005_20260622-014658/fepysr/seed521/tasks/fepysr_s521_noise005_g0035/iaaccn28/fepysr/g0035_feynman-ii.4.23/progress/minute_0060.json,bea94b67adb62fdc41c822c195720be70935936211225a090ae4aa3f8a97ee78,60,3600.019,ok,True,True,7.559699513568551e-09,7.361820205670953e-09,3600.019,8988491159.9743*X0/X1 - 229019.14,8988491159.9743*x0/x1 - 229019.14,True,8,4
fepysr,g0036,feynman-iii.7.38,521,noise005,0.05,iaaccn23,formal3h_13alg_ssr50_seed520-522_noise0-001-005_20260622-014658,fepysr_s521_noise005_g0036,/home/zhangziwen/workplace/scientific-intelligent-modelling/experiments/formal3h_13alg_ssr50_seed520-522_noise0-001-005_20260622-014658/fepysr/seed521/tasks/fepysr_s521_noise005_g0036/iaaccn23/fepysr/g0036_feynman-iii.7.38/progress/minute_0060.json,be6fdb4062ee029a990acbb697e62f7485a97a53f3ae38ec0a46a3ab807172b6,60,3600.011,ok,True,True,1.0000075834816107,1.0000007593422136,3600.011,3.1073280434691074e+20,3.1073280434691074e+20,True,1,1
fepysr,g0037,feynman-i.18.16,521,noise005,0.05,iaaccn25,formal3h_13alg_ssr50_seed520-522_noise0-001-005_20260622-014658,fepysr_s521_noise005_g0037,/home/zhangziwen/workplace/scientific-intelligent-modelling/experiments/formal3h_13alg_ssr50_seed520-522_noise0-001-005_20260622-014658/fepysr/seed521/tasks/fepysr_s521_noise005_g0037/iaaccn25/fepysr/g0037_feynman-i.18.16/progress/minute_0060.json,55522d02f76419ea1cbdee5f390a8604acd15578b2c4432e715bb8bd84cfb2de,60,3600.098,ok,True,True,4.581898820745916e-09,1.8337225456004229e-13,3600.097,X0*X1*X3*sin(X4) - sin(0.0006326493/(X1*X4 - 2.7451746)),x0*x1*x3*sin(x4) - sin(0.0006326493/(x1*x4 - 2.7451746)),True,19,8
fepysr,g0038,feynman-ii.27.18,521,noise005,0.05,iaaccn29,formal3h_13alg_ssr50_seed520-522_noise0-001-005_20260622-014658,fepysr_s521_noise005_g0038,/home/zhangziwen/workplace/scientific-intelligent-modelling/experiments/formal3h_13alg_ssr50_seed520-522_noise0-001-005_20260622-014658/fepysr/seed521/tasks/fepysr_s521_noise005_g0038/iaaccn29/fepysr/g0038_feynman-ii.27.18/progress/minute_0060.json,75f95137b401142362378a709cd9f7294fa42f5d4fbc7b93ad85d122c208559b,60,3600.013,ok,True,True,0.7669697633922453,0.8379588162924206,3600.013,9.7676156517271602e-11,9.7676156517271602e-11,True,1,1
fepysr,g0039,feynman-ii.34.11,521,noise005,0.05,iaaccn28,formal3h_13alg_ssr50_seed520-522_noise0-001-005_20260622-014658,fepysr_s521_noise005_g0039,/home/zhangziwen/workplace/scientific-intelligent-modelling/experiments/formal3h_13alg_ssr50_seed520-522_noise0-001-005_20260622-014658/fepysr/seed521/tasks/fepysr_s521_noise005_g0039/iaaccn28/fepysr/g0039_feynman-ii.34.11/progress/minute_0060.json,546bdbbd2a0fb356afa3d6ff1f12fd9744717f9f4ac141e50ce3fa8801e8057f,60,3600.026,ok,True,True,1.0005055677153254,0.9019324167323584,3600.026,X0 - X2^2*exp(X0)/X5,x0 - x2**2*exp(x0)/x5,True,12,4
fepysr,g0040,feynman-i.29.16,521,noise005,0.05,iaaccn29,formal3h_13alg_ssr50_seed520-522_noise0-001-005_20260622-014658,fepysr_s521_noise005_g0040,/home/zhangziwen/workplace/scientific-intelligent-modelling/experiments/formal3h_13alg_ssr50_seed520-522_noise0-001-005_20260622-014658/fepysr/seed521/tasks/fepysr_s521_noise005_g0040/iaaccn29/fepysr/g0040_feynman-i.29.16/progress/minute_0060.json,72d4565bfae99b319c2cf88b5f7cefa4380da5fa6d48c7398dd4a77656df4b97,60,3600.02,ok,True,True,0.09853399799060682,0.03640687217212928,3600.02,0.8027527*X0 + 0.8027527*X1,0.8027527*x0 + 0.8027527*x1,True,7,3
fepysr,g0041,feynman-bonus.20,521,noise005,0.05,iaaccn23,formal3h_13alg_ssr50_seed520-522_noise0-001-005_20260622-014658,fepysr_s521_noise005_g0041,/home/zhangziwen/workplace/scientific-intelligent-modelling/experiments/formal3h_13alg_ssr50_seed520-522_noise0-001-005_20260622-014658/fepysr/seed521/tasks/fepysr_s521_noise005_g0041/iaaccn23/fepysr/g0041_feynman-bonus.20/progress/minute_0060.json,db0f273ba8824d3d963547a0565b665af5e8cbbd8e035e831d4423582aafdbd0,60,3600.01,ok,True,True,0.9802138703578858,0.9967659669102595,3600.01,1.3468084986644423e-25,1.3468084986644423e-25,True,1,1
fepysr,g0042,feynman-i.15.3t,521,noise005,0.05,iaaccn22,formal3h_13alg_ssr50_seed520-522_noise0-001-005_20260622-014658,fepysr_s521_noise005_g0042,/home/zhangziwen/workplace/scientific-intelligent-modelling/experiments/formal3h_13alg_ssr50_seed520-522_noise0-001-005_20260622-014658/fepysr/seed521/tasks/fepysr_s521_noise005_g0042/iaaccn22/fepysr/g0042_feynman-i.15.3t/progress/minute_0060.json,09c2bac8b281a780d1d44f7aaa8b671d5333f7479b3791b1e524e8ae9770a348,60,3600.018,ok,True,True,1.5543539991116936e-08,4.804545929920026e-05,3600.018,X1*exp(X1),x1*exp(x1),True,4,3
fepysr,g0043,feynman-i.39.22,521,noise005,0.05,iaaccn29,formal3h_13alg_ssr50_seed520-522_noise0-001-005_20260622-014658,fepysr_s521_noise005_g0043,/home/zhangziwen/workplace/scientific-intelligent-modelling/experiments/formal3h_13alg_ssr50_seed520-522_noise0-001-005_20260622-014658/fepysr/seed521/tasks/fepysr_s521_noise005_g0043/iaaccn29/fepysr/g0043_feynman-i.39.22/progress/minute_0060.json,661a5536564c73922ff8bd2cbe4f666839a5f836ec22758fb3373d917d28d062,60,3600.033,ok,True,True,0.62148437544022,0.6546260875509385,3600.033,(X3*(0.17601116*X4 + 34.205284) + X4*(X3*(X2 + sin(22.722494*X0^2)) - 1.2177727))/X4,(x3*(0.17601116*x4 + 34.205284) + x4*(x3*(x2 + sin(22.722494*x0**2)) - 1.2177727))/x4,True,26,10
fepysr,g0044,feynman-iii.10.19,521,noise005,0.05,iaaccn24,formal3h_13alg_ssr50_seed520-522_noise0-001-005_20260622-014658,fepysr_s521_noise005_g0044,/home/zhangziwen/workplace/scientific-intelligent-modelling/experiments/formal3h_13alg_ssr50_seed520-522_noise0-001-005_20260622-014658/fepysr/seed521/tasks/fepysr_s521_noise005_g0044/iaaccn24/fepysr/g0044_feynman-iii.10.19/progress/minute_0060.json,786aab9b32220e92adcb1dc8e975d9036dc6c7e1f5ca4d3a31de6726fabfcaab,60,3600.015,ok,True,True,0.9999415753610974,0.9998853821470786,3600.015,X1*X2,x1*x2,True,3,2
fepysr,g0045,feynman-i.13.12,521,noise005,0.05,iaaccn22,formal3h_13alg_ssr50_seed520-522_noise0-001-005_20260622-014658,fepysr_s521_noise005_g0045,/home/zhangziwen/workplace/scientific-intelligent-modelling/experiments/formal3h_13alg_ssr50_seed520-522_noise0-001-005_20260622-014658/fepysr/seed521/tasks/fepysr_s521_noise005_g0045/iaaccn22/fepysr/g0045_feynman-i.13.12/progress/minute_0060.json,c8750c4ac46b10bccd05f4adc6fb86d614cb97272d93aea14c95ddb4290d7903,60,3600.01,ok,True,True,0.9996169258074803,1.0000088230284148,3600.01,-3.1257791088942324e-12,-3.1257791088942324e-12,True,1,1
fepysr,g0046,feynman-i.32.5,521,noise005,0.05,iaaccn24,formal3h_13alg_ssr50_seed520-522_noise0-001-005_20260622-014658,fepysr_s521_noise005_g0046,/home/zhangziwen/workplace/scientific-intelligent-modelling/experiments/formal3h_13alg_ssr50_seed520-522_noise0-001-005_20260622-014658/fepysr/seed521/tasks/fepysr_s521_noise005_g0046/iaaccn24/fepysr/g0046_feynman-i.32.5/progress/minute_0060.json,f8140c77b475f3e362e7a15c8784b249f9df0648430503ab6ba0afc6c6491616,60,3600.033,ok,True,True,0.9481300768036138,0.9859496293368611,3600.033,exp(-12.9218699806611*cos(X0)),exp(-12.9218699806611*cos(x0)),True,5,4
fepysr,g0047,feynman-i.43.31,521,noise005,0.05,iaaccn25,formal3h_13alg_ssr50_seed520-522_noise0-001-005_20260622-014658,fepysr_s521_noise005_g0047,/home/zhangziwen/workplace/scientific-intelligent-modelling/experiments/formal3h_13alg_ssr50_seed520-522_noise0-001-005_20260622-014658/fepysr/seed521/tasks/fepysr_s521_noise005_g0047/iaaccn25/fepysr/g0047_feynman-i.43.31/progress/minute_0060.json,315fbd3ee95cc1c48b610887cfa3d163a0abd05fcdfc3b606f272709f503aef5,60,3600.055,ok,True,True,0.8116861187392184,0.9309160087528151,3600.054,6.2761994296938162e-07,6.2761994296938162e-7,True,1,1
fepysr,g0048,feynman-i.11.19,521,noise005,0.05,iaaccn22,formal3h_13alg_ssr50_seed520-522_noise0-001-005_20260622-014658,fepysr_s521_noise005_g0048,/home/zhangziwen/workplace/scientific-intelligent-modelling/experiments/formal3h_13alg_ssr50_seed520-522_noise0-001-005_20260622-014658/fepysr/seed521/tasks/fepysr_s521_noise005_g0048/iaaccn22/fepysr/g0048_feynman-i.11.19/progress/minute_0060.json,6ae97f67b1f5ddca6b89055937fbd27a6ed657105220d46751ad9bc12c2d6db0,60,3600.029,ok,True,True,0.32456522134159543,0.3290757559062325,3600.029,X0*X1 + X3*(X2 - 0.033123486),x0*x1 + x3*(x2 - 0.033123486),True,9,4
fepysr,g0049,feynman-ii.34.2a,521,noise005,0.05,iaaccn22,formal3h_13alg_ssr50_seed520-522_noise0-001-005_20260622-014658,fepysr_s521_noise005_g0049,/home/zhangziwen/workplace/scientific-intelligent-modelling/experiments/formal3h_13alg_ssr50_seed520-522_noise0-001-005_20260622-014658/fepysr/seed521/tasks/fepysr_s521_noise005_g0049/iaaccn22/fepysr/g0049_feynman-ii.34.2a/progress/minute_0060.json,291494a8a243c20ef3a41ac7af65717c1efd826aa15b25e7edf7dc1f834201f0,60,3600.021,ok,True,True,0.9960902168397824,0.9999373827447321,3600.021,0.0513106688524309*X1/(X3*X4*sin(X4)),0.0513106688524309*x1/(x3*x4*sin(x4)),True,13,4
fepysr,g0050,Vladislavleva-4,521,noise005,0.05,iaaccn27,formal3h_13alg_ssr50_seed520-522_noise0-001-005_20260622-014658,fepysr_s521_noise005_g0050,/home/zhangziwen/workplace/scientific-intelligent-modelling/experiments/formal3h_13alg_ssr50_seed520-522_noise0-001-005_20260622-014658/fepysr/seed521/tasks/fepysr_s521_noise005_g0050/iaaccn27/fepysr/g0050_Vladislavleva-4/progress/minute_0060.json,805f273b88b7bfb34c913cd0c0e3715d675701aa43ba2a8fa9de57186d831c74,60,3600.026,ok,True,True,0.08864214904227634,0.6132456125062363,3600.026,sin(cos(cos(sin(0.548770315477079*X3))))*cos(cos(exp(-cos(X4)/(X2 + 0.03447144)))),sin(cos(cos(sin(0.548770315477079*x3))))*cos(cos(exp(-cos(x4)/(x2 + 0.03447144)))),True,20,8
fepysr,g0001,Keijzer-11,522,clean,0.0,iaaccn24,formal3h_13alg_ssr50_seed520-522_noise0-001-005_20260622-014658,fepysr_s522_clean_g0001,/home/zhangziwen/workplace/scientific-intelligent-modelling/experiments/formal3h_13alg_ssr50_seed520-522_noise0-001-005_20260622-014658/fepysr/seed522/tasks/fepysr_s522_clean_g0001/iaaccn24/fepysr/g0001_Keijzer-11/progress/minute_0060.json,4065bd6f92f287ac0e733746a92ecc1ad05a5a0ca55cef12a2af2b1c83bd232a,60,3600.064,ok,True,True,0.0670390958589844,0.017689311480657104,3600.063,X0*X1 - 0.80277455*cos(-1.5006144*X0*X1 + cos(1.4841794*X0) + 0.98771805367104),x0*x1 - 0.80277455*cos(-1.5006144*x0*x1 + cos(1.4841794*x0) + 0.98771805367104),True,17,7
fepysr,g0002,Keijzer-2,522,clean,0.0,iaaccn23,formal3h_13alg_ssr50_seed520-522_noise0-001-005_20260622-014658,fepysr_s522_clean_g0002,/home/zhangziwen/workplace/scientific-intelligent-modelling/experiments/formal3h_13alg_ssr50_seed520-522_noise0-001-005_20260622-014658/fepysr/seed522/tasks/fepysr_s522_clean_g0002/iaaccn23/fepysr/g0002_Keijzer-2/progress/minute_0060.json,aa278deb6c9f036051c91775143a1c33469cca5584dfa8429b17599296acdd0c,60,3600.029,ok,True,True,0.023979262557244377,0.15165403107833653,3600.029,sin(sin(6.55225297252784*cos(X0) - 0.40660015))*sin(cos(0.9382313/sin(cos(X0) - 1.5197105))),sin(sin(6.55225297252784*cos(x0) - 0.40660015))*sin(cos(0.9382313/sin(cos(x0) - 1.5197105))),True,20,9
fepysr,g0003,Korns-2,522,clean,0.0,iaaccn26,formal3h_13alg_ssr50_seed520-522_noise0-001-005_20260622-014658,fepysr_s522_clean_g0003,/home/zhangziwen/workplace/scientific-intelligent-modelling/experiments/formal3h_13alg_ssr50_seed520-522_noise0-001-005_20260622-014658/fepysr/seed522/tasks/fepysr_s522_clean_g0003/iaaccn26/fepysr/g0003_Korns-2/progress/minute_0060.json,05215991bffdb58e77966959399871f948fc33721015c0e18319633ef01bcd5d,60,3600.027,ok,True,True,9.595876000542018e-16,3.778621674774411e-15,3600.027,(4.7333336*X1 + 4.7333336*X3 + 0.23*X4 - 4.06295411981006e-6)/X4,(4.7333336*x1 + 4.7333336*x3 + 0.23*x4 - 4.06295411981006e-6)/x4,True,15,4
fepysr,g0004,Korns-4,522,clean,0.0,iaaccn23,formal3h_13alg_ssr50_seed520-522_noise0-001-005_20260622-014658,fepysr_s522_clean_g0004,/home/zhangziwen/workplace/scientific-intelligent-modelling/experiments/formal3h_13alg_ssr50_seed520-522_noise0-001-005_20260622-014658/fepysr/seed522/tasks/fepysr_s522_clean_g0004/iaaccn23/fepysr/g0004_Korns-4/progress/minute_0060.json,9a12c5b70d629147c4b4f9b3bac56d50bb5d0c270ec9b8082fe9592a16e8743f,60,3600.023,ok,True,True,3.6091494616522826e-17,3.833864859070563e-17,3600.023,0.12999998*sin(X2) - 2.3,0.12999998*sin(x2) - 2.3,True,6,4
fepysr,g0005,BPG3,522,clean,0.0,iaaccn27,formal3h_13alg_ssr50_seed520-522_noise0-001-005_20260622-014658,fepysr_s522_clean_g0005,/home/zhangziwen/workplace/scientific-intelligent-modelling/experiments/formal3h_13alg_ssr50_seed520-522_noise0-001-005_20260622-014658/fepysr/seed522/tasks/fepysr_s522_clean_g0005/iaaccn27/fepysr/g0005_BPG3/progress/minute_0060.json,2f1155bad0c9e557bb233443c8119ea36fd3a97dcb30d102e06fe97092160826,60,3600.024,ok,True,True,2.7050542971043664e-08,4.368516948677324,3600.024,0.27082211*X1^2 - 0.84537405*X1 + 0.021858625*cos(sin(X1^2)) - 0.021857694,0.27082211*x1**2 - 0.84537405*x1 + 0.021858625*cos(sin(x1**2)) - 0.021857694,True,17,6
fepysr,g0006,BPG5,522,clean,0.0,iaaccn22,formal3h_13alg_ssr50_seed520-522_noise0-001-005_20260622-014658,fepysr_s522_clean_g0006,/home/zhangziwen/workplace/scientific-intelligent-modelling/experiments/formal3h_13alg_ssr50_seed520-522_noise0-001-005_20260622-014658/fepysr/seed522/tasks/fepysr_s522_clean_g0006/iaaccn22/fepysr/g0006_BPG5/progress/minute_0060.json,1cb96fb21ca0154d8a6ea935c8c380426a98290f61fedb783e6ffd5ff32aea10,60,3600.072,ok,True,True,0.03157536144225257,1.0,3600.072,-2*(X0 - X1*log(-2*X0 + 2*X1))*(3.3048832*X0 - 3.775668)*exp(-X0),(-2*x0 + 2*x1*log(-2*x0 + 2*x1))*(3.3048832*x0 - 3.775668)*exp(-x0),True,25,7
fepysr,g0007,BPG9,522,clean,0.0,iaaccn25,formal3h_13alg_ssr50_seed520-522_noise0-001-005_20260622-014658,fepysr_s522_clean_g0007,/home/zhangziwen/workplace/scientific-intelligent-modelling/experiments/formal3h_13alg_ssr50_seed520-522_noise0-001-005_20260622-014658/fepysr/seed522/tasks/fepysr_s522_clean_g0007/iaaccn25/fepysr/g0007_BPG9/progress/minute_0060.json,3e1780e0b18d34b226158bd78d156cb176db51aaa25d4b27400a001eaccdd605,60,3600.086,ok,True,True,0.4556319520934999,221.50533824423223,3600.085,sin(0.2762391*X1),sin(0.2762391*x1),True,4,3
fepysr,g0008,CRK0,522,clean,0.0,iaaccn25,formal3h_13alg_ssr50_seed520-522_noise0-001-005_20260622-014658,fepysr_s522_clean_g0008,/home/zhangziwen/workplace/scientific-intelligent-modelling/experiments/formal3h_13alg_ssr50_seed520-522_noise0-001-005_20260622-014658/fepysr/seed522/tasks/fepysr_s522_clean_g0008/iaaccn25/fepysr/g0008_CRK0/progress/minute_0060.json,24f2942a6da494cc028aea373e09b5b55d3082d3a65039c5efa8a87c38c19a75,60,3600.073,ok,True,True,0.0016126340565253633,1.7249497947427181,3600.072,-0.0647259326195577*X1^4 - 0.0452582148348964*X1^2 + 0.18538474,-0.0647259326195577*x1**4 - 0.0452582148348964*x1**2 + 0.18538474,True,12,4
fepysr,g0009,CRK10,522,clean,0.0,iaaccn29,formal3h_13alg_ssr50_seed520-522_noise0-001-005_20260622-014658,fepysr_s522_clean_g0009,/home/zhangziwen/workplace/scientific-intelligent-modelling/experiments/formal3h_13alg_ssr50_seed520-522_noise0-001-005_20260622-014658/fepysr/seed522/tasks/fepysr_s522_clean_g0009/iaaccn29/fepysr/g0009_CRK10/progress/minute_0060.json,10f1223d9efeb06ee6dd910b0273d46b2ccf69b008823a78a13da4d47a9f6a8f,60,3600.018,ok,True,True,9.602878298346749e-07,0.0006778851346492809,3600.018,(0.20516974*X1 + 0.117768538676596)*cos(X1 - 0.10751222),(0.20516974*x1 + 0.117768538676596)*cos(x1 - 0.10751222),True,10,4
fepysr,g0010,CRK11,522,clean,0.0,iaaccn24,formal3h_13alg_ssr50_seed520-522_noise0-001-005_20260622-014658,fepysr_s522_clean_g0010,/home/zhangziwen/workplace/scientific-intelligent-modelling/experiments/formal3h_13alg_ssr50_seed520-522_noise0-001-005_20260622-014658/fepysr/seed522/tasks/fepysr_s522_clean_g0010/iaaccn24/fepysr/g0010_CRK11/progress/minute_0060.json,053ea5a5bf2c7a8b6b51329bcbb03cb126d5dd4552df7c7bed84a122c4fc54ce,60,3600.023,ok,True,True,1.5533244951947884e-06,4.224544274231903e-05,3600.023,-sin(X1^2*(0.14672203*X1^2 + 0.5660285) - 0.32481676),-sin(x1**2*(0.14672203*x1**2 + 0.5660285) - 0.32481676),True,16,8
fepysr,g0011,CRK33,522,clean,0.0,iaaccn22,formal3h_13alg_ssr50_seed520-522_noise0-001-005_20260622-014658,fepysr_s522_clean_g0011,/home/zhangziwen/workplace/scientific-intelligent-modelling/experiments/formal3h_13alg_ssr50_seed520-522_noise0-001-005_20260622-014658/fepysr/seed522/tasks/fepysr_s522_clean_g0011/iaaccn22/fepysr/g0011_CRK33/progress/minute_0060.json,e9666a9c3f1fd8af2e605f12bcc38ca2414e6fadd70507b7b8c2df0cf6a51d19,60,3600.035,ok,True,True,2.966979974822039e-05,0.9630165611014744,3600.035,sin(sin(0.104125379868909*((X0^2 + 0.9711703)*(X1 + 2.2304652) - 0.04824344)*sin(X1 - 11.683955)/(X0^2 + 0.9711703))),sin(sin((0.104125379868909*(x0**2 + 0.9711703)*(x1 + 2.2304652) - 0.00502336651618292)*sin(x1 - 11.683955)/(x0**2 + 0.9711703))),True,26,8
fepysr,g0012,CRK34,522,clean,0.0,iaaccn25,formal3h_13alg_ssr50_seed520-522_noise0-001-005_20260622-014658,fepysr_s522_clean_g0012,/home/zhangziwen/workplace/scientific-intelligent-modelling/experiments/formal3h_13alg_ssr50_seed520-522_noise0-001-005_20260622-014658/fepysr/seed522/tasks/fepysr_s522_clean_g0012/iaaccn25/fepysr/g0012_CRK34/progress/minute_0060.json,4c821a547af19523d70606882619d494b0263c2a96cefef906c04733f01f8202,60,3600.051,ok,True,True,0.0001413618910195466,1.8578167542107848,3600.05,sin(sin(0.62556165*cos(X1 - 0.8249861))),sin(sin(0.62556165*cos(x1 - 0.8249861))),True,8,6
fepysr,g0013,I.11.19_4_0,522,clean,0.0,iaaccn29,formal3h_13alg_ssr50_seed520-522_noise0-001-005_20260622-014658,fepysr_s522_clean_g0013,/home/zhangziwen/workplace/scientific-intelligent-modelling/experiments/formal3h_13alg_ssr50_seed520-522_noise0-001-005_20260622-014658/fepysr/seed522/tasks/fepysr_s522_clean_g0013/iaaccn29/fepysr/g0013_I.11.19_4_0/progress/minute_0060.json,c68df995f855a8149356be1948439ee3363d2648f28f39f23478027831c559d4,60,3600.022,ok,True,True,0.027727987403269674,0.0765341054956466,3600.022,(-X0 + X1 - X3)/(X2 - 0.011601806),(-x0 + x1 - x3)/(x2 - 0.011601806),True,14,4
fepysr,g0014,II.11.27_1_0,522,clean,0.0,iaaccn22,formal3h_13alg_ssr50_seed520-522_noise0-001-005_20260622-014658,fepysr_s522_clean_g0014,/home/zhangziwen/workplace/scientific-intelligent-modelling/experiments/formal3h_13alg_ssr50_seed520-522_noise0-001-005_20260622-014658/fepysr/seed522/tasks/fepysr_s522_clean_g0014/iaaccn22/fepysr/g0014_II.11.27_1_0/progress/minute_0060.json,f4d6b5371d6e6cc6cd05f5b74a3c3ee6435fd34a26de0a00b8d3dffed5a8b67d,60,3600.038,ok,True,True,0.00847821462916091,397173.1714947402,3600.038,X0^0.82073003*exp(-0.6807686*X2)/sin(X1),x0**0.82073003*exp(-0.6807686*x2)/sin(x1),True,12,4
fepysr,g0015,II.34.2_1_0,522,clean,0.0,iaaccn26,formal3h_13alg_ssr50_seed520-522_noise0-001-005_20260622-014658,fepysr_s522_clean_g0015,/home/zhangziwen/workplace/scientific-intelligent-modelling/experiments/formal3h_13alg_ssr50_seed520-522_noise0-001-005_20260622-014658/fepysr/seed522/tasks/fepysr_s522_clean_g0015/iaaccn26/fepysr/g0015_II.34.2_1_0/progress/minute_0060.json,0acacd78e8e3aeef037822474c7bf180011e74ee41884043f669fa5233744184,60,3600.015,ok,True,True,2.561539371151211e-15,1.2796532212497775e-32,3600.015,2*X0/(X1*X2),2*x0/(x1*x2),True,9,3
fepysr,g0016,II.6.15b_3_0,522,clean,0.0,iaaccn27,formal3h_13alg_ssr50_seed520-522_noise0-001-005_20260622-014658,fepysr_s522_clean_g0016,/home/zhangziwen/workplace/scientific-intelligent-modelling/experiments/formal3h_13alg_ssr50_seed520-522_noise0-001-005_20260622-014658/fepysr/seed522/tasks/fepysr_s522_clean_g0016/iaaccn27/fepysr/g0016_II.6.15b_3_0/progress/minute_0060.json,c651d2ce2bed73149d38fa5ac1683f0364fe07412e619f32adec3d3a7b0aaa51,60,3600.037,ok,True,True,0.12952591245702605,0.1432798097998868,3600.037,1.0*exp(X2 + 19.890781/log(X0^2)) + 0.83072084,1.0*exp(x2 + 19.890781/log(x0**2)) + 0.83072084,True,15,9
fepysr,g0017,III.21.20_3_0,522,clean,0.0,iaaccn24,formal3h_13alg_ssr50_seed520-522_noise0-001-005_20260622-014658,fepysr_s522_clean_g0017,/home/zhangziwen/workplace/scientific-intelligent-modelling/experiments/formal3h_13alg_ssr50_seed520-522_noise0-001-005_20260622-014658/fepysr/seed522/tasks/fepysr_s522_clean_g0017/iaaccn24/fepysr/g0017_III.21.20_3_0/progress/minute_0060.json,ec83feb0ba9a814176ab70d700d349055a804003ead109f31e1106719293f88b,60,3600.024,ok,True,True,0.1572136055198713,1.1772278546116062,3600.024,3.5539525*X1*X2*X3*exp(X0),3.5539525*x1*x2*x3*exp(x0),True,7,3
fepysr,g0018,MatSci21,522,clean,0.0,iaaccn23,formal3h_13alg_ssr50_seed520-522_noise0-001-005_20260622-014658,fepysr_s522_clean_g0018,/home/zhangziwen/workplace/scientific-intelligent-modelling/experiments/formal3h_13alg_ssr50_seed520-522_noise0-001-005_20260622-014658/fepysr/seed522/tasks/fepysr_s522_clean_g0018/iaaccn23/fepysr/g0018_MatSci21/progress/minute_0060.json,4f34e179657b295883ce88d027a11e140fa4c6a120b423a599f2f3c97008e977,60,3600.026,ok,True,True,8.759359535686846e-07,7.382264572368454e-08,3600.025,2115.75312*X0^4 - 115.976868*X0 - 21.57344 + 23.988077*exp(-X0),2115.75312*x0**4 - 115.976868*x0 - 21.57344 + 23.988077*exp(-x0),True,16,5
fepysr,g0019,PO19,522,clean,0.0,iaaccn26,formal3h_13alg_ssr50_seed520-522_noise0-001-005_20260622-014658,fepysr_s522_clean_g0019,/home/zhangziwen/workplace/scientific-intelligent-modelling/experiments/formal3h_13alg_ssr50_seed520-522_noise0-001-005_20260622-014658/fepysr/seed522/tasks/fepysr_s522_clean_g0019/iaaccn26/fepysr/g0019_PO19/progress/minute_0060.json,575b86a9fac57cef1817b0c078653c458c02066182e936f97a0431ed67bd9bb0,60,3600.022,ok,True,True,0.0007064811646294666,0.018268262897578793,3600.022,-0.599784153542112*X2 - 1.3663992*sin(sin(sin(1.78430213802219*sin(X0)))),-0.599784153542112*x2 - 1.3663992*sin(sin(sin(1.78430213802219*sin(x0)))),True,13,8
fepysr,g0020,PO41,522,clean,0.0,iaaccn23,formal3h_13alg_ssr50_seed520-522_noise0-001-005_20260622-014658,fepysr_s522_clean_g0020,/home/zhangziwen/workplace/scientific-intelligent-modelling/experiments/formal3h_13alg_ssr50_seed520-522_noise0-001-005_20260622-014658/fepysr/seed522/tasks/fepysr_s522_clean_g0020/iaaccn23/fepysr/g0020_PO41/progress/minute_0060.json,6692988030e2953d1a12d4f2d88d07fc9b183fa28d5a70baa5ec55d471c98275,60,3600.029,ok,True,True,0.001359866701020966,0.01725571397066303,3600.029,-0.50183195*X2 - sin(sin(sin(X0))*cos(X0 + 0.5043736*X2 - 0.117998816)),-0.50183195*x2 - sin(sin(sin(x0))*cos(x0 + 0.5043736*x2 - 0.117998816)),True,18,8
fepysr,g0021,Nguyen-12,522,clean,0.0,iaaccn28,formal3h_13alg_ssr50_seed520-522_noise0-001-005_20260622-014658_fepysr_rerun,fepysr_s522_clean_g0021,/home/zhangziwen/workplace/scientific-intelligent-modelling/experiments/formal3h_13alg_ssr50_seed520-522_noise0-001-005_20260622-014658_fepysr_rerun/fepysr/seed522/tasks/fepysr_s522_clean_g0021/iaaccn28/fepysr/g0021_Nguyen-12/progress/minute_0060.json,9cf717ed2f562f5811217cdd9919d94335153b56f2506cfee317d4c5b9b09d6e,60,3600.023,ok,True,True,0.0006914658786749459,0.012275021802452343,3600.023,sin((0.65642583*X1 + 0.01714407)*(X1 - 1.9809201)*sin(0.857333436793696*exp(X0^2))),sin((0.65642583*x1 + 0.01714407)*(x1 - 1.9809201)*sin(0.857333436793696*exp(x0**2))),True,17,7
fepysr,g0022,Nguyen-6,522,clean,0.0,iaaccn22,formal3h_13alg_ssr50_seed520-522_noise0-001-005_20260622-014658,fepysr_s522_clean_g0022,/home/zhangziwen/workplace/scientific-intelligent-modelling/experiments/formal3h_13alg_ssr50_seed520-522_noise0-001-005_20260622-014658/fepysr/seed522/tasks/fepysr_s522_clean_g0022/iaaccn22/fepysr/g0022_Nguyen-6/progress/minute_0060.json,66dbb7de02ef8aa276eaab90f786ab0d71cda3c16cc5164a82e1be9166b99b84,60,3600.02,ok,True,True,1.2300930501264842e-31,1.7616981585682486e-32,3600.02,sin(X0) + sin(X0*(X0 + 1)),sin(x0) + sin(x0*(x0 + 1)),True,9,5
fepysr,g0023,Nguyen-9,522,clean,0.0,iaaccn26,formal3h_13alg_ssr50_seed520-522_noise0-001-005_20260622-014658,fepysr_s522_clean_g0023,/home/zhangziwen/workplace/scientific-intelligent-modelling/experiments/formal3h_13alg_ssr50_seed520-522_noise0-001-005_20260622-014658/fepysr/seed522/tasks/fepysr_s522_clean_g0023/iaaccn26/fepysr/g0023_Nguyen-9/progress/minute_0060.json,7980797b573f62e87609418911109c1b57e4b6bd77bd24ad6e7d913cb68e7c59,60,3600.017,ok,True,True,2.1773833746559294e-31,7.81328683255247e-33,3600.017,sin(X0) + sin(X1^2),sin(x0) + sin(x1**2),True,7,4
fepysr,g0024,feynman_II_15_4,522,clean,0.0,iaaccn25,formal3h_13alg_ssr50_seed520-522_noise0-001-005_20260622-014658,fepysr_s522_clean_g0024,/home/zhangziwen/workplace/scientific-intelligent-modelling/experiments/formal3h_13alg_ssr50_seed520-522_noise0-001-005_20260622-014658/fepysr/seed522/tasks/fepysr_s522_clean_g0024/iaaccn25/fepysr/g0024_feynman_II_15_4/progress/minute_0060.json,65568b67b8452e5b369f08a9bd1721a69e7624d2acf4999fc0d63d59eeaf16e1,60,3600.142,ok,True,True,0.6343751415685585,2.1001335794782645,3600.142,4.0281196041254148,4.0281196041254148,True,1,1
fepysr,g0025,feynman_I_12_11,522,clean,0.0,iaaccn28,formal3h_13alg_ssr50_seed520-522_noise0-001-005_20260622-014658,fepysr_s522_clean_g0025,/home/zhangziwen/workplace/scientific-intelligent-modelling/experiments/formal3h_13alg_ssr50_seed520-522_noise0-001-005_20260622-014658/fepysr/seed522/tasks/fepysr_s522_clean_g0025/iaaccn28/fepysr/g0025_feynman_I_12_11/progress/minute_0060.json,d744dd39e2825507e7a5222fc6b958ba9d5d682fb9b47c98e42c1dafc6679d9a,60,3600.023,ok,True,True,0.03691046896411704,0.048382691216053694,3600.023,X0*X2*X3*sin(X4) + X0 + X2,x0*x2*x3*sin(x4) + x0 + x2,True,9,4
fepysr,g0026,feynman_I_27_6,522,clean,0.0,iaaccn25,formal3h_13alg_ssr50_seed520-522_noise0-001-005_20260622-014658,fepysr_s522_clean_g0026,/home/zhangziwen/workplace/scientific-intelligent-modelling/experiments/formal3h_13alg_ssr50_seed520-522_noise0-001-005_20260622-014658/fepysr/seed522/tasks/fepysr_s522_clean_g0026/iaaccn25/fepysr/g0026_feynman_I_27_6/progress/minute_0060.json,b39ecfa5266b0529756102d96130d0720655ed9e8bb6177be5fd69fea597391d,60,3600.064,ok,True,True,0.17444933493700132,0.47284595216072134,3600.06,0.76887835384868475,0.76887835384868475,True,1,1
fepysr,g0027,feynman_test_15,522,clean,0.0,iaaccn29,formal3h_13alg_ssr50_seed520-522_noise0-001-005_20260622-014658,fepysr_s522_clean_g0027,/home/zhangziwen/workplace/scientific-intelligent-modelling/experiments/formal3h_13alg_ssr50_seed520-522_noise0-001-005_20260622-014658/fepysr/seed522/tasks/fepysr_s522_clean_g0027/iaaccn29/fepysr/g0027_feynman_test_15/progress/minute_0060.json,b46617e7a5a3d551bd2b48dfe03d82bed44227636020c5a50e3f985344140617,60,3600.217,ok,True,True,0.02189215972283704,0.14666286151243574,3600.217,1.00833367616678*X2,1.00833367616678*x2,True,3,2
fepysr,g0028,strogatz_barmag1,522,clean,0.0,iaaccn27,formal3h_13alg_ssr50_seed520-522_noise0-001-005_20260622-014658,fepysr_s522_clean_g0028,/home/zhangziwen/workplace/scientific-intelligent-modelling/experiments/formal3h_13alg_ssr50_seed520-522_noise0-001-005_20260622-014658/fepysr/seed522/tasks/fepysr_s522_clean_g0028/iaaccn27/fepysr/g0028_strogatz_barmag1/progress/minute_0060.json,d7154ac80b5493dcd6a05d906204f5b15f7147eff8edec5a066e431765c1b51f,60,3600.023,ok,True,True,0.02814768600312592,0.6220127670146712,3600.023,-0.4770954*X0 - cos(sin(cos(X1)) - 0.56191087) + 3.81607298608482,-0.4770954*x0 - cos(sin(cos(x1)) - 0.56191087) + 3.81607298608482,True,13,7
fepysr,g0029,strogatz_barmag2,522,clean,0.0,iaaccn27,formal3h_13alg_ssr50_seed520-522_noise0-001-005_20260622-014658,fepysr_s522_clean_g0029,/home/zhangziwen/workplace/scientific-intelligent-modelling/experiments/formal3h_13alg_ssr50_seed520-522_noise0-001-005_20260622-014658/fepysr/seed522/tasks/fepysr_s522_clean_g0029/iaaccn27/fepysr/g0029_strogatz_barmag2/progress/minute_0060.json,64504e1947cd5d6440187335a786a0201db4f5972f6b8f2c7718a06d006c0508,60,3600.021,ok,True,True,5.492660834695409e-09,1.30727865622599e-08,3600.021,-0.5000762*sin(log(exp(X0 - X1))) + cos(X1 + 1.5708656),-0.5000762*sin(log(exp(x0 - x1))) + cos(x1 + 1.5708656),True,15,8
fepysr,g0030,strogatz_predprey2,522,clean,0.0,iaaccn28,formal3h_13alg_ssr50_seed520-522_noise0-001-005_20260622-014658,fepysr_s522_clean_g0030,/home/zhangziwen/workplace/scientific-intelligent-modelling/experiments/formal3h_13alg_ssr50_seed520-522_noise0-001-005_20260622-014658/fepysr/seed522/tasks/fepysr_s522_clean_g0030/iaaccn28/fepysr/g0030_strogatz_predprey2/progress/minute_0060.json,d77979d7571bf6ed5c773e8d87b149cad5cd928203e97f1b371f1ec46b427ac7,60,3600.041,ok,True,True,0.00567007624158423,0.0340138128045856,3600.041,(-X1 + (2.1234782*exp(X0) + 0.628317939432726)*sin(0.2713604*X1 + 0.118763424) + 0.002208394)/(exp(X0) + 0.29589093),(-x1 + (2.1234782*exp(x0) + 0.628317939432726)*sin(0.2713604*x1 + 0.118763424) + 0.002208394)/(exp(x0) + 0.29589093),True,25,7
fepysr,g0031,strogatz_shearflow1,522,clean,0.0,iaaccn23,formal3h_13alg_ssr50_seed520-522_noise0-001-005_20260622-014658,fepysr_s522_clean_g0031,/home/zhangziwen/workplace/scientific-intelligent-modelling/experiments/formal3h_13alg_ssr50_seed520-522_noise0-001-005_20260622-014658/fepysr/seed522/tasks/fepysr_s522_clean_g0031/iaaccn23/fepysr/g0031_strogatz_shearflow1/progress/minute_0060.json,bbdeabfc1905f5fd2c00c978b9805c1cc5e084bb0a5410eab0f4ef40a2413858,60,3600.017,ok,True,True,1.0537508957291382e-29,1.0572797177292222e-30,3600.017,cos(X0)/tan(X1),cos(x0)/tan(x1),True,7,4
fepysr,g0032,strogatz_vdp1,522,clean,0.0,iaaccn29,formal3h_13alg_ssr50_seed520-522_noise0-001-005_20260622-014658,fepysr_s522_clean_g0032,/home/zhangziwen/workplace/scientific-intelligent-modelling/experiments/formal3h_13alg_ssr50_seed520-522_noise0-001-005_20260622-014658/fepysr/seed522/tasks/fepysr_s522_clean_g0032/iaaccn29/fepysr/g0032_strogatz_vdp1/progress/minute_0060.json,d4ac13ea8977f8454cc6b313ea59d3c0beba4ca79b594bb313738e58beb333c8,60,3600.033,ok,True,True,0.03481242820553875,1.4642383414006543,3600.033,-11.194878*X1 + 5.597439*(X1 + sin(X0*X1^2))*(2.4647698*cos(X0) + 0.8596428),-11.194878*x1 + (5.597439*x1 + 5.597439*sin(x0*x1**2))*(2.4647698*cos(x0) + 0.8596428),True,23,8
fepysr,g0033,first_principles_hubble,522,clean,0.0,iaaccn26,formal3h_13alg_ssr50_seed520-522_noise0-001-005_20260622-014658,fepysr_s522_clean_g0033,/home/zhangziwen/workplace/scientific-intelligent-modelling/experiments/formal3h_13alg_ssr50_seed520-522_noise0-001-005_20260622-014658/fepysr/seed522/tasks/fepysr_s522_clean_g0033/iaaccn26/fepysr/g0033_first_principles_hubble/progress/minute_0060.json,03bb9c76e14fd3890925cebd50e4ee6ac2611a4af6159caa5fc09cc87c938089,60,3600.036,ok,True,True,0.010562306820912273,0.11063809038349921,3600.036,-(X0^2 + exp(X0))*((2*exp(X0) - 2.8347316)*exp(X0) - 172.88626)*(0.6974734*exp(X0) - 0.89267534)/(exp(X0) - 1.4173658),(-x0**2 - exp(x0))*((2*exp(x0) - 2.8347316)*exp(x0) - 172.88626)*(0.6974734*exp(x0) - 0.89267534)/(exp(x0) - 1.4173658),True,34,7
fepysr,g0034,first_principles_leavitt,522,clean,0.0,iaaccn26,formal3h_13alg_ssr50_seed520-522_noise0-001-005_20260622-014658,fepysr_s522_clean_g0034,/home/zhangziwen/workplace/scientific-intelligent-modelling/experiments/formal3h_13alg_ssr50_seed520-522_noise0-001-005_20260622-014658/fepysr/seed522/tasks/fepysr_s522_clean_g0034/iaaccn26/fepysr/g0034_first_principles_leavitt/progress/minute_0060.json,3ae1753cd1cbbcf203717998ccab66244b820f8194e7e4f0b3724828cc2526b2,60,3600.028,ok,True,True,0.00023561895438828367,0.00017709213202601407,3600.028,-0.50520283*X0^2 + cos(0.53476125*exp(X0)) + 14.0748568,-0.50520283*x0**2 + cos(0.53476125*exp(x0)) + 14.0748568,True,12,5
fepysr,g0035,feynman-ii.4.23,522,clean,0.0,iaaccn22,formal3h_13alg_ssr50_seed520-522_noise0-001-005_20260622-014658,fepysr_s522_clean_g0035,/home/zhangziwen/workplace/scientific-intelligent-modelling/experiments/formal3h_13alg_ssr50_seed520-522_noise0-001-005_20260622-014658/fepysr/seed522/tasks/fepysr_s522_clean_g0035/iaaccn22/fepysr/g0035_feynman-ii.4.23/progress/minute_0060.json,e40451a412fd8118ef52efec9553630a5d00c2bfe8760b216960167a070b494a,60,3600.026,ok,True,True,2.374971527763938e-15,2.374692144108019e-15,3600.026,8987742000*X0/X1 + exp(X0),8987742000*x0/x1 + exp(x0),True,9,4
fepysr,g0036,feynman-iii.7.38,522,clean,0.0,iaaccn22,formal3h_13alg_ssr50_seed520-522_noise0-001-005_20260622-014658,fepysr_s522_clean_g0036,/home/zhangziwen/workplace/scientific-intelligent-modelling/experiments/formal3h_13alg_ssr50_seed520-522_noise0-001-005_20260622-014658/fepysr/seed522/tasks/fepysr_s522_clean_g0036/iaaccn22/fepysr/g0036_feynman-iii.7.38/progress/minute_0060.json,07bf6329db8d1fc36a4a2c683674a14b145f2973e516e45b961995c99a75d6a6,60,3600.011,ok,True,True,1.0000108421933012,1.0000009853519016,3600.01,4.0307982830533195e+20,4.0307982830533195e+20,True,1,1
fepysr,g0037,feynman-i.18.16,522,clean,0.0,iaaccn29,formal3h_13alg_ssr50_seed520-522_noise0-001-005_20260622-014658,fepysr_s522_clean_g0037,/home/zhangziwen/workplace/scientific-intelligent-modelling/experiments/formal3h_13alg_ssr50_seed520-522_noise0-001-005_20260622-014658/fepysr/seed522/tasks/fepysr_s522_clean_g0037/iaaccn29/fepysr/g0037_feynman-i.18.16/progress/minute_0060.json,4cdd2c97190419fcc47cb830cf01a4751cab8f7092b4d025779209c903e76c10,60,3600.017,ok,True,True,5.55956888312689e-15,5.856049705817814e-31,3600.017,X0*X1*X3*sin(X4),x0*x1*x3*sin(x4),True,6,3
fepysr,g0038,feynman-ii.27.18,522,clean,0.0,iaaccn29,formal3h_13alg_ssr50_seed520-522_noise0-001-005_20260622-014658,fepysr_s522_clean_g0038,/home/zhangziwen/workplace/scientific-intelligent-modelling/experiments/formal3h_13alg_ssr50_seed520-522_noise0-001-005_20260622-014658/fepysr/seed522/tasks/fepysr_s522_clean_g0038/iaaccn29/fepysr/g0038_feynman-ii.27.18/progress/minute_0060.json,f7ba185d5eca9129fe590d41390f681049c861fe992aeb84d41fdb92c93e0cc4,60,3600.013,ok,True,True,0.7669010789218731,0.8376959849750033,3600.013,9.7842100349772914e-11,9.7842100349772914e-11,True,1,1
fepysr,g0039,feynman-ii.34.11,522,clean,0.0,iaaccn28,formal3h_13alg_ssr50_seed520-522_noise0-001-005_20260622-014658,fepysr_s522_clean_g0039,/home/zhangziwen/workplace/scientific-intelligent-modelling/experiments/formal3h_13alg_ssr50_seed520-522_noise0-001-005_20260622-014658/fepysr/seed522/tasks/fepysr_s522_clean_g0039/iaaccn28/fepysr/g0039_feynman-ii.34.11/progress/minute_0060.json,2d266a0fceb34dee6450367f5102e6a7a39ef42906484c6821f67697579c7d11,60,3600.014,ok,True,True,0.9976102160138657,0.9997374556863502,3600.014,-2.8469408*X3/X5,-2.8469408*x3/x5,True,6,3
fepysr,g0040,feynman-i.29.16,522,clean,0.0,iaaccn23,formal3h_13alg_ssr50_seed520-522_noise0-001-005_20260622-014658,fepysr_s522_clean_g0040,/home/zhangziwen/workplace/scientific-intelligent-modelling/experiments/formal3h_13alg_ssr50_seed520-522_noise0-001-005_20260622-014658/fepysr/seed522/tasks/fepysr_s522_clean_g0040/iaaccn23/fepysr/g0040_feynman-i.29.16/progress/minute_0060.json,c28ec31111fadd89db9a74d2bd8c2437281a758311c4555e42ce9f4dd8330921,60,3600.026,ok,True,True,0.06319715945603557,0.21009239652612627,3600.026,log(exp(X0) + exp(X1)),log(exp(x0) + exp(x1)),True,6,4
fepysr,g0041,feynman-bonus.20,522,clean,0.0,iaaccn25,formal3h_13alg_ssr50_seed520-522_noise0-001-005_20260622-014658,fepysr_s522_clean_g0041,/home/zhangziwen/workplace/scientific-intelligent-modelling/experiments/formal3h_13alg_ssr50_seed520-522_noise0-001-005_20260622-014658/fepysr/seed522/tasks/fepysr_s522_clean_g0041/iaaccn25/fepysr/g0041_feynman-bonus.20/progress/minute_0060.json,8ecb37fbbec41c9a51026115a9c5698158789f57138142052a73e38a592d8a71,60,3600.46,ok,True,True,0.9801923127135589,0.996759848939013,3600.451,1.3512979958072433e-25,1.3512979958072433e-25,True,1,1
fepysr,g0042,feynman-i.15.3t,522,clean,0.0,iaaccn25,formal3h_13alg_ssr50_seed520-522_noise0-001-005_20260622-014658,fepysr_s522_clean_g0042,/home/zhangziwen/workplace/scientific-intelligent-modelling/experiments/formal3h_13alg_ssr50_seed520-522_noise0-001-005_20260622-014658/fepysr/seed522/tasks/fepysr_s522_clean_g0042/iaaccn25/fepysr/g0042_feynman-i.15.3t/progress/minute_0060.json,6139dcce036502236533f73b8c4a5792bc33e991a20d9979fc7fd4b7a41d1ffa,60,3600.153,ok,True,True,1.877418258099358e-08,4.934750326812316e-05,3600.148,sin(X1),sin(x1),True,2,2
fepysr,g0043,feynman-i.39.22,522,clean,0.0,iaaccn27,formal3h_13alg_ssr50_seed520-522_noise0-001-005_20260622-014658,fepysr_s522_clean_g0043,/home/zhangziwen/workplace/scientific-intelligent-modelling/experiments/formal3h_13alg_ssr50_seed520-522_noise0-001-005_20260622-014658/fepysr/seed522/tasks/fepysr_s522_clean_g0043/iaaccn27/fepysr/g0043_feynman-i.39.22/progress/minute_0060.json,49dc9b93cb119c6c865c0d814bd8eb218342e901b9c75c8d5fddc7bcb12f047c,60,3600.021,ok,True,True,0.6214776524433748,0.6546492640339473,3600.021,X3*(X2*X4 + 34.202988)/X4,x3*(x2*x4 + 34.202988)/x4,True,10,4
fepysr,g0044,feynman-iii.10.19,522,clean,0.0,iaaccn27,formal3h_13alg_ssr50_seed520-522_noise0-001-005_20260622-014658,fepysr_s522_clean_g0044,/home/zhangziwen/workplace/scientific-intelligent-modelling/experiments/formal3h_13alg_ssr50_seed520-522_noise0-001-005_20260622-014658/fepysr/seed522/tasks/fepysr_s522_clean_g0044/iaaccn27/fepysr/g0044_feynman-iii.10.19/progress/minute_0060.json,59509615524ead778413a89c8f31d788888e70db5fd4ba61cf952c0283a49927,60,3600.013,ok,True,True,0.3224991958371827,0.503397187793783,3600.013,0.056958757*X2,0.056958757*x2,True,3,2
fepysr,g0045,feynman-i.13.12,522,clean,0.0,iaaccn24,formal3h_13alg_ssr50_seed520-522_noise0-001-005_20260622-014658,fepysr_s522_clean_g0045,/home/zhangziwen/workplace/scientific-intelligent-modelling/experiments/formal3h_13alg_ssr50_seed520-522_noise0-001-005_20260622-014658/fepysr/seed522/tasks/fepysr_s522_clean_g0045/iaaccn24/fepysr/g0045_feynman-i.13.12/progress/minute_0060.json,9c16b04fa4be19381e0474dc72e457e1b67016808ddaca09471382b3da1dc7cc,60,3600.012,ok,True,True,0.9996126559004963,1.0000091037336296,3600.012,-3.1791819884369918e-12,-3.1791819884369918e-12,True,1,1
fepysr,g0046,feynman-i.32.5,522,clean,0.0,iaaccn27,formal3h_13alg_ssr50_seed520-522_noise0-001-005_20260622-014658,fepysr_s522_clean_g0046,/home/zhangziwen/workplace/scientific-intelligent-modelling/experiments/formal3h_13alg_ssr50_seed520-522_noise0-001-005_20260622-014658/fepysr/seed522/tasks/fepysr_s522_clean_g0046/iaaccn27/fepysr/g0046_feynman-i.32.5/progress/minute_0060.json,c156766e02e2248cc471973f8c6402710205c871b4caca6f7900f88778114a26,60,3600.027,ok,True,True,0.9501898366141845,0.9859398890340771,3600.027,2.659371668047342e-06,2.659371668047342e-6,True,1,1
fepysr,g0047,feynman-i.43.31,522,clean,0.0,iaaccn22,formal3h_13alg_ssr50_seed520-522_noise0-001-005_20260622-014658,fepysr_s522_clean_g0047,/home/zhangziwen/workplace/scientific-intelligent-modelling/experiments/formal3h_13alg_ssr50_seed520-522_noise0-001-005_20260622-014658/fepysr/seed522/tasks/fepysr_s522_clean_g0047/iaaccn22/fepysr/g0047_feynman-i.43.31/progress/minute_0060.json,37b72512bdb11b5e4fd56fbe02215c62d4a33dd30ab8e771873f02baeb2b9b00,60,3600.014,ok,True,True,0.8116648284001047,0.9308640602942596,3600.014,6.2810067687873367e-07,6.2810067687873367e-7,True,1,1
fepysr,g0048,feynman-i.11.19,522,clean,0.0,iaaccn29,formal3h_13alg_ssr50_seed520-522_noise0-001-005_20260622-014658,fepysr_s522_clean_g0048,/home/zhangziwen/workplace/scientific-intelligent-modelling/experiments/formal3h_13alg_ssr50_seed520-522_noise0-001-005_20260622-014658/fepysr/seed522/tasks/fepysr_s522_clean_g0048/iaaccn29/fepysr/g0048_feynman-i.11.19/progress/minute_0060.json,60869508700cd49cfd2aa9034fa9cdae060feb5e4728eb89b3c21b5d094a1fed,60,3600.031,ok,True,True,0.3246688878107105,0.3288031754786589,3600.031,1.01655445738492*X0*X1 + 0.98397714*X2*X3,1.01655445738492*x0*x1 + 0.98397714*x2*x3,True,9,3
fepysr,g0049,feynman-ii.34.2a,522,clean,0.0,iaaccn28,formal3h_13alg_ssr50_seed520-522_noise0-001-005_20260622-014658,fepysr_s522_clean_g0049,/home/zhangziwen/workplace/scientific-intelligent-modelling/experiments/formal3h_13alg_ssr50_seed520-522_noise0-001-005_20260622-014658/fepysr/seed522/tasks/fepysr_s522_clean_g0049/iaaccn28/fepysr/g0049_feynman-ii.34.2a/progress/minute_0060.json,59282d23293761e213bbfba5bf362b45f67b6464d7b956285d3920f60713dcdb,60,3600.023,ok,True,True,1.041119581239124,0.9999233436208902,3600.023,10993.1170278615*X1/(0.0115540190250788*X0 - 0.0115540190250788*X1 + X4),10993.1170278615*x1/(0.0115540190250788*x0 - 0.0115540190250788*x1 + x4),True,13,5
fepysr,g0050,Vladislavleva-4,522,clean,0.0,iaaccn24,formal3h_13alg_ssr50_seed520-522_noise0-001-005_20260622-014658,fepysr_s522_clean_g0050,/home/zhangziwen/workplace/scientific-intelligent-modelling/experiments/formal3h_13alg_ssr50_seed520-522_noise0-001-005_20260622-014658/fepysr/seed522/tasks/fepysr_s522_clean_g0050/iaaccn24/fepysr/g0050_Vladislavleva-4/progress/minute_0060.json,419ce0d3c912651dd4fc97dbda49ce00df042ac27dcec595d12b86316557c82c,60,3600.025,ok,True,True,0.06332772367325783,0.07096911652369807,3600.025,0.509955824396712*exp(-0.22448297*cos(X0) - 0.22448297*cos(X3) - 0.22448297*cos(X4)),0.509955824396712*exp(-0.22448297*cos(x0) - 0.22448297*cos(x3) - 0.22448297*cos(x4)),True,16,6
fepysr,g0001,Keijzer-11,522,noise001,0.01,iaaccn26,formal3h_13alg_ssr50_seed520-522_noise0-001-005_20260622-014658,fepysr_s522_noise001_g0001,/home/zhangziwen/workplace/scientific-intelligent-modelling/experiments/formal3h_13alg_ssr50_seed520-522_noise0-001-005_20260622-014658/fepysr/seed522/tasks/fepysr_s522_noise001_g0001/iaaccn26/fepysr/g0001_Keijzer-11/progress/minute_0060.json,715aeddac042ebac41af5a4c8dba7aa8ab91f6c40fb6383a528ae8826cb386b2,60,3600.049,ok,True,True,1.7872298137791096,0.03302655889725796,3600.049,X0*X1 - sin(0.8414743*X0*X1 + 0.83974894109528 - 0.113737251068518/sin(X0)) + 0.46762523,x0*x1 - sin(0.8414743*x0*x1 + 0.83974894109528 - 0.113737251068518/sin(x0)) + 0.46762523,True,20,8
fepysr,g0002,Keijzer-2,522,noise001,0.01,iaaccn23,formal3h_13alg_ssr50_seed520-522_noise0-001-005_20260622-014658,fepysr_s522_noise001_g0002,/home/zhangziwen/workplace/scientific-intelligent-modelling/experiments/formal3h_13alg_ssr50_seed520-522_noise0-001-005_20260622-014658/fepysr/seed522/tasks/fepysr_s522_noise001_g0002/iaaccn23/fepysr/g0002_Keijzer-2/progress/minute_0060.json,aac5a5595373a7c8dc45617613cc6c5414a19e11f3ddba085ab33ce21fbcc2b2,60,3600.026,ok,True,True,0.031370776639521314,0.03054566287678058,3600.026,sin(sin(sin(6.54175135776592*cos(X0) + 2.71587892334373)))*sin(sin(sin(sin(cos(X0) - 0.93034023)))),sin(sin(sin(6.54175135776592*cos(x0) + 2.71587892334373)))*sin(sin(sin(sin(cos(x0) - 0.93034023)))),True,18,8
fepysr,g0003,Korns-2,522,noise001,0.01,iaaccn25,formal3h_13alg_ssr50_seed520-522_noise0-001-005_20260622-014658,fepysr_s522_noise001_g0003,/home/zhangziwen/workplace/scientific-intelligent-modelling/experiments/formal3h_13alg_ssr50_seed520-522_noise0-001-005_20260622-014658/fepysr/seed522/tasks/fepysr_s522_noise001_g0003/iaaccn25/fepysr/g0003_Korns-2/progress/minute_0060.json,ec8418fc9b7189ce3d354dd54e8e6dad7d0b3ae66895f1a449aa4eb1130a207f,60,3600.245,ok,True,True,1.5838056595494678,6.5357940942523625,3600.242,(5.50201760632148*X1*X4 - 44.428148434986)/X4^2,(5.50201760632148*x1*x4 - 44.428148434986)/x4**2,True,10,4
fepysr,g0004,Korns-4,522,noise001,0.01,iaaccn23,formal3h_13alg_ssr50_seed520-522_noise0-001-005_20260622-014658,fepysr_s522_noise001_g0004,/home/zhangziwen/workplace/scientific-intelligent-modelling/experiments/formal3h_13alg_ssr50_seed520-522_noise0-001-005_20260622-014658/fepysr/seed522/tasks/fepysr_s522_noise001_g0004/iaaccn23/fepysr/g0004_Korns-4/progress/minute_0060.json,a221ead7f6826ae957d60b6d75087634fbea744237ed8a8716f7a03fb27d93ea,60,3600.017,ok,True,True,4.57331634965864e-09,4.332497546202764e-09,3600.017,-0.12981959*cos(X2 + 1.5701065) - 2.2999446,-0.12981959*cos(x2 + 1.5701065) - 2.2999446,True,8,5
fepysr,g0005,BPG3,522,noise001,0.01,iaaccn29,formal3h_13alg_ssr50_seed520-522_noise0-001-005_20260622-014658,fepysr_s522_noise001_g0005,/home/zhangziwen/workplace/scientific-intelligent-modelling/experiments/formal3h_13alg_ssr50_seed520-522_noise0-001-005_20260622-014658/fepysr/seed522/tasks/fepysr_s522_noise001_g0005/iaaccn29/fepysr/g0005_BPG3/progress/minute_0060.json,c99516cc3e05d38cd977ff595d309fb78e016812fb7eef5c3d67d8f6c1098889,60,3600.014,ok,True,True,5.684037011293946e-07,1.1565404334566534e-05,3600.014,X1*(0.2607097*X1 - 0.84220815),x1*(0.2607097*x1 - 0.84220815),True,7,4
fepysr,g0006,BPG5,522,noise001,0.01,iaaccn24,formal3h_13alg_ssr50_seed520-522_noise0-001-005_20260622-014658,fepysr_s522_noise001_g0006,/home/zhangziwen/workplace/scientific-intelligent-modelling/experiments/formal3h_13alg_ssr50_seed520-522_noise0-001-005_20260622-014658/fepysr/seed522/tasks/fepysr_s522_noise001_g0006/iaaccn24/fepysr/g0006_BPG5/progress/minute_0060.json,1f710b4f1a82ef87ebb04e87d4cbfedabec296a7809b7b8521e9faf34d54f46a,60,3600.015,ok,True,True,2.9731340234959126e-07,6.490627296024173e-06,3600.015,X1*(1.0413182 - 0.010941678*X1),x1*(1.0413182 - 0.010941678*x1),True,7,4
fepysr,g0007,BPG9,522,noise001,0.01,iaaccn25,formal3h_13alg_ssr50_seed520-522_noise0-001-005_20260622-014658,fepysr_s522_noise001_g0007,/home/zhangziwen/workplace/scientific-intelligent-modelling/experiments/formal3h_13alg_ssr50_seed520-522_noise0-001-005_20260622-014658/fepysr/seed522/tasks/fepysr_s522_noise001_g0007/iaaccn25/fepysr/g0007_BPG9/progress/minute_0060.json,a545f7955166a8eb6ecb22b32a65b6a2fb121641fe04a5aa476d26413ee255e3,60,3600.021,ok,True,True,0.30628803872553195,152.60714697329368,3600.021,1.0212073 - sin(0.682582953965104*X1),1.0212073 - sin(0.682582953965104*x1),True,8,5
fepysr,g0008,CRK0,522,noise001,0.01,iaaccn28,formal3h_13alg_ssr50_seed520-522_noise0-001-005_20260622-014658,fepysr_s522_noise001_g0008,/home/zhangziwen/workplace/scientific-intelligent-modelling/experiments/formal3h_13alg_ssr50_seed520-522_noise0-001-005_20260622-014658/fepysr/seed522/tasks/fepysr_s522_noise001_g0008/iaaccn28/fepysr/g0008_CRK0/progress/minute_0060.json,dfb04d6b2e7d8acdfdd458bf32df65f6b477e0308b8d3e0718945bfbd498f6df,60,3600.02,ok,True,True,5.731680910312139e-06,5.591851422421433e-05,3600.02,0.26276165*sin(cos(0.92771345*X1^2)) - 0.07503255,0.26276165*sin(cos(0.92771345*x1**2)) - 0.07503255,True,11,7
fepysr,g0009,CRK10,522,noise001,0.01,iaaccn22,formal3h_13alg_ssr50_seed520-522_noise0-001-005_20260622-014658,fepysr_s522_noise001_g0009,/home/zhangziwen/workplace/scientific-intelligent-modelling/experiments/formal3h_13alg_ssr50_seed520-522_noise0-001-005_20260622-014658/fepysr/seed522/tasks/fepysr_s522_noise001_g0009/iaaccn22/fepysr/g0009_CRK10/progress/minute_0060.json,fffb3c37d48ff5be5e962e2e56e6d628e773194c3b6cce7b44899cc159df37ab,60,3600.02,ok,True,True,2.1694178473427934e-06,0.006862179979034503,3600.02,-0.24786822*X1^2 + 0.3637504*X1 + 0.08766215,-0.24786822*x1**2 + 0.3637504*x1 + 0.08766215,True,10,4
fepysr,g0010,CRK11,522,noise001,0.01,iaaccn27,formal3h_13alg_ssr50_seed520-522_noise0-001-005_20260622-014658,fepysr_s522_noise001_g0010,/home/zhangziwen/workplace/scientific-intelligent-modelling/experiments/formal3h_13alg_ssr50_seed520-522_noise0-001-005_20260622-014658/fepysr/seed522/tasks/fepysr_s522_noise001_g0010/iaaccn27/fepysr/g0010_CRK11/progress/minute_0060.json,787084e0ec87b7d290d61e434ce5deefed0bf3983105cfe3b2e8e26b86fb096e,60,3600.016,ok,True,True,1.3818342226442847e-06,0.0023973090355389535,3600.016,-X1*(X1 - 0.3991871) + 0.2229089,-x1*(x1 - 0.3991871) + 0.2229089,True,8,4
fepysr,g0011,CRK33,522,noise001,0.01,iaaccn25,formal3h_13alg_ssr50_seed520-522_noise0-001-005_20260622-014658,fepysr_s522_noise001_g0011,/home/zhangziwen/workplace/scientific-intelligent-modelling/experiments/formal3h_13alg_ssr50_seed520-522_noise0-001-005_20260622-014658/fepysr/seed522/tasks/fepysr_s522_noise001_g0011/iaaccn25/fepysr/g0011_CRK33/progress/minute_0060.json,3a1d8c39f00380dd770e3965186d5ab284c45310d0c4b6cc04eca21377656db5,60,3600.128,ok,True,True,0.0004424540864667491,1.3268626298704476,3600.123,-sin(sin((0.48428422*X1 - 0.217405095380286)*sin(X1 - 2.2608507)/(X1 - 0.1911413))),-sin(sin((0.48428422*x1 - 0.217405095380286)*sin(x1 - 2.2608507)/(x1 - 0.1911413))),True,19,7
fepysr,g0012,CRK34,522,noise001,0.01,iaaccn23,formal3h_13alg_ssr50_seed520-522_noise0-001-005_20260622-014658,fepysr_s522_noise001_g0012,/home/zhangziwen/workplace/scientific-intelligent-modelling/experiments/formal3h_13alg_ssr50_seed520-522_noise0-001-005_20260622-014658/fepysr/seed522/tasks/fepysr_s522_noise001_g0012/iaaccn23/fepysr/g0012_CRK34/progress/minute_0060.json,cdd9db441547567bd45a7e6f3aa5d3c81e1fc8a9b40e10aa87a3b7c88e134a84,60,3600.025,ok,True,True,2.7618816411597762e-05,0.0016623569733779308,3600.025,sin(0.5935685*cos(X1 - 0.82386327)/cos(exp(-2.0055642*exp(X1)/(X1^2*(X1^2 - 0.6688424))))),sin(0.5935685*cos(x1 - 0.82386327)/cos(exp(-2.0055642*exp(x1)/(x1**2*(x1**2 - 0.6688424))))),True,25,10
fepysr,g0013,I.11.19_4_0,522,noise001,0.01,iaaccn25,formal3h_13alg_ssr50_seed520-522_noise0-001-005_20260622-014658,fepysr_s522_noise001_g0013,/home/zhangziwen/workplace/scientific-intelligent-modelling/experiments/formal3h_13alg_ssr50_seed520-522_noise0-001-005_20260622-014658/fepysr/seed522/tasks/fepysr_s522_noise001_g0013/iaaccn25/fepysr/g0013_I.11.19_4_0/progress/minute_0060.json,c58e184b612a13947c29c33c234d9d5684dcd9be5ab3a14822ed46f1250451cf,60,3600.561,ok,True,True,0.3455216342269566,0.6811588053893315,3600.559,-13.414120871744235,-13.414120871744235,True,1,1
fepysr,g0014,II.11.27_1_0,522,noise001,0.01,iaaccn22,formal3h_13alg_ssr50_seed520-522_noise0-001-005_20260622-014658,fepysr_s522_noise001_g0014,/home/zhangziwen/workplace/scientific-intelligent-modelling/experiments/formal3h_13alg_ssr50_seed520-522_noise0-001-005_20260622-014658/fepysr/seed522/tasks/fepysr_s522_noise001_g0014/iaaccn22/fepysr/g0014_II.11.27_1_0/progress/minute_0060.json,2096c5225af9eb1e73613e608f28163202cdde99a85513790bac1c2a1e75dc86,60,3600.014,ok,True,True,0.9981834557117111,1.0002296576802094,3600.014,8.6637589319283634,8.6637589319283634,True,1,1
fepysr,g0015,II.34.2_1_0,522,noise001,0.01,iaaccn25,formal3h_13alg_ssr50_seed520-522_noise0-001-005_20260622-014658,fepysr_s522_noise001_g0015,/home/zhangziwen/workplace/scientific-intelligent-modelling/experiments/formal3h_13alg_ssr50_seed520-522_noise0-001-005_20260622-014658/fepysr/seed522/tasks/fepysr_s522_noise001_g0015/iaaccn25/fepysr/g0015_II.34.2_1_0/progress/minute_0060.json,eccf1b67006b0ac60eacaee7c6f342b381858faac2f4564a302c17ad02db3f01,60,3600.405,ok,True,True,0.5034594688185194,0.8660389705835461,3600.4,9.6313865366302327,9.6313865366302327,True,1,1
fepysr,g0016,II.6.15b_3_0,522,noise001,0.01,iaaccn28,formal3h_13alg_ssr50_seed520-522_noise0-001-005_20260622-014658,fepysr_s522_noise001_g0016,/home/zhangziwen/workplace/scientific-intelligent-modelling/experiments/formal3h_13alg_ssr50_seed520-522_noise0-001-005_20260622-014658/fepysr/seed522/tasks/fepysr_s522_noise001_g0016/iaaccn28/fepysr/g0016_II.6.15b_3_0/progress/minute_0060.json,261aef889b78a1b8dbfb81d2d39577f8cd998ddd5e1c365e642da63e89bac15d,60,3600.028,ok,True,True,0.05347299262856755,0.19738110888241425,3600.028,log(1.87401391 + 0.21899758*cos(X3)/(X0*X1)),log(1.87401391 + 0.21899758*cos(x3)/(x0*x1)),True,13,5
fepysr,g0017,III.21.20_3_0,522,noise001,0.01,iaaccn27,formal3h_13alg_ssr50_seed520-522_noise0-001-005_20260622-014658,fepysr_s522_noise001_g0017,/home/zhangziwen/workplace/scientific-intelligent-modelling/experiments/formal3h_13alg_ssr50_seed520-522_noise0-001-005_20260622-014658/fepysr/seed522/tasks/fepysr_s522_noise001_g0017/iaaccn27/fepysr/g0017_III.21.20_3_0/progress/minute_0060.json,0423bc74d937a3661be68221a7c4d54c584419ba3b41063cd342f472a62e6baa,60,3600.047,ok,True,True,0.06154309900126756,0.9994220698717909,3600.047,X3*(X2 + exp(X0))*(log((6.461565*X0^2 + X3*exp(X1))/X0^2) - 1.7988096),x3*(x2 + exp(x0))*(log((6.461565*x0**2 + x3*exp(x1))/x0**2) - 1.7988096),True,23,8
fepysr,g0018,MatSci21,522,noise001,0.01,iaaccn26,formal3h_13alg_ssr50_seed520-522_noise0-001-005_20260622-014658,fepysr_s522_noise001_g0018,/home/zhangziwen/workplace/scientific-intelligent-modelling/experiments/formal3h_13alg_ssr50_seed520-522_noise0-001-005_20260622-014658/fepysr/seed522/tasks/fepysr_s522_noise001_g0018/iaaccn26/fepysr/g0018_MatSci21/progress/minute_0060.json,03c3a5003837f7de96adaec431f0391bd2108f1f57388eb08d2b95dccea5f803,60,3600.026,ok,True,True,1.230569990905498e-05,0.00018211107935888816,3600.026,-2*X0*(79.669525*cos(2*X0) - 55.488487)*exp(exp(X0)) + 2.3932085,-2*x0*(79.669525*cos(2*x0) - 55.488487)*exp(exp(x0)) + 2.3932085,True,16,7
fepysr,g0019,PO19,522,noise001,0.01,iaaccn24,formal3h_13alg_ssr50_seed520-522_noise0-001-005_20260622-014658,fepysr_s522_noise001_g0019,/home/zhangziwen/workplace/scientific-intelligent-modelling/experiments/formal3h_13alg_ssr50_seed520-522_noise0-001-005_20260622-014658/fepysr/seed522/tasks/fepysr_s522_noise001_g0019/iaaccn24/fepysr/g0019_PO19/progress/minute_0060.json,354783094f0a2732217f1733b37cc31c51b8e42103b129650a20d8076858a61c,60,3600.027,ok,True,True,0.00035798002899682473,0.010750818116012119,3600.027,-0.2052039*X0/sin(cos(X0)) - 0.5961752*X2 - 1.0*sin(sin(sin(2.2752924*X0))),-0.2052039*x0/sin(cos(x0)) - 0.5961752*x2 - 1.0*sin(sin(sin(2.2752924*x0))),True,20,7
fepysr,g0020,PO41,522,noise001,0.01,iaaccn25,formal3h_13alg_ssr50_seed520-522_noise0-001-005_20260622-014658,fepysr_s522_noise001_g0020,/home/zhangziwen/workplace/scientific-intelligent-modelling/experiments/formal3h_13alg_ssr50_seed520-522_noise0-001-005_20260622-014658/fepysr/seed522/tasks/fepysr_s522_noise001_g0020/iaaccn25/fepysr/g0020_PO41/progress/minute_0060.json,c2a83ed20a3bb2168c735bd4b8768fbeae90335eae572c36d236d80340faecf9,60,3600.36,ok,True,True,0.0075628235850374505,0.015429829676273904,3600.358,-0.5445226*sin(X2 + sin(1.8659565*X0)),-0.5445226*sin(x2 + sin(1.8659565*x0)),True,9,6
fepysr,g0021,Nguyen-12,522,noise001,0.01,iaaccn26,formal3h_13alg_ssr50_seed520-522_noise0-001-005_20260622-014658,fepysr_s522_noise001_g0021,/home/zhangziwen/workplace/scientific-intelligent-modelling/experiments/formal3h_13alg_ssr50_seed520-522_noise0-001-005_20260622-014658/fepysr/seed522/tasks/fepysr_s522_noise001_g0021/iaaccn26/fepysr/g0021_Nguyen-12/progress/minute_0060.json,bc947a98ad2ab5549efa9d3717d85325f2799b8e4b9ec402cfb1eff0b013bd9d,60,3600.019,ok,True,True,0.003729126814853271,0.02831343143257004,3600.019,-sin(0.10116679*sin(2.5512872*X0^2) + sin(sin(sin(0.85110253*sin(X1))))),-sin(0.10116679*sin(2.5512872*x0**2) + sin(sin(sin(0.85110253*sin(x1))))),True,19,9
fepysr,g0022,Nguyen-6,522,noise001,0.01,iaaccn26,formal3h_13alg_ssr50_seed520-522_noise0-001-005_20260622-014658,fepysr_s522_noise001_g0022,/home/zhangziwen/workplace/scientific-intelligent-modelling/experiments/formal3h_13alg_ssr50_seed520-522_noise0-001-005_20260622-014658/fepysr/seed522/tasks/fepysr_s522_noise001_g0022/iaaccn26/fepysr/g0022_Nguyen-6/progress/minute_0060.json,d86c45f39a0f32829dc4f960184f037f62000f3eb50da3882dab29a518ce3386,60,3600.021,ok,True,True,1.4252861057747525e-05,0.09567332015028238,3600.021,(0.74319685*X0^4 - exp(X0) + 0.019254884)*sin(0.30374116*X0^4 - sin(X0)) + sin(sin(X0)),(0.74319685*x0**4 - exp(x0) + 0.019254884)*sin(0.30374116*x0**4 - sin(x0)) + sin(sin(x0)),True,27,7
fepysr,g0023,Nguyen-9,522,noise001,0.01,iaaccn25,formal3h_13alg_ssr50_seed520-522_noise0-001-005_20260622-014658,fepysr_s522_noise001_g0023,/home/zhangziwen/workplace/scientific-intelligent-modelling/experiments/formal3h_13alg_ssr50_seed520-522_noise0-001-005_20260622-014658/fepysr/seed522/tasks/fepysr_s522_noise001_g0023/iaaccn25/fepysr/g0023_Nguyen-9/progress/minute_0060.json,178ad231e99c1ceacf4a8e3c8b9a6d641e94548234a5cb766c37c9d0d5292aad,60,3600.05,ok,True,True,1.143216965240363e-05,9.383393959076546e-07,3600.05,sin(X0 + 0.0023668734) + cos(X1^2 - 1.573746493),sin(x0 + 0.0023668734) + cos(x1**2 - 1.573746493),True,11,5
fepysr,g0024,feynman_II_15_4,522,noise001,0.01,iaaccn27,formal3h_13alg_ssr50_seed520-522_noise0-001-005_20260622-014658,fepysr_s522_noise001_g0024,/home/zhangziwen/workplace/scientific-intelligent-modelling/experiments/formal3h_13alg_ssr50_seed520-522_noise0-001-005_20260622-014658/fepysr/seed522/tasks/fepysr_s522_noise001_g0024/iaaccn27/fepysr/g0024_feynman_II_15_4/progress/minute_0060.json,5f697d2b7f9e975b878bbccbd2a8cd15e557e0b3e4ac0a72442758d7fd536075,60,3600.046,ok,True,True,1.2260290184443987e-09,9.413879123573839e-10,3600.046,-X1*(X0 + 0.00011271936)*cos(X2),-x1*(x0 + 0.00011271936)*cos(x2),True,8,3
fepysr,g0025,feynman_I_12_11,522,noise001,0.01,iaaccn25,formal3h_13alg_ssr50_seed520-522_noise0-001-005_20260622-014658,fepysr_s522_noise001_g0025,/home/zhangziwen/workplace/scientific-intelligent-modelling/experiments/formal3h_13alg_ssr50_seed520-522_noise0-001-005_20260622-014658/fepysr/seed522/tasks/fepysr_s522_noise001_g0025/iaaccn25/fepysr/g0025_feynman_I_12_11/progress/minute_0060.json,b4760b994d8ba2e5db8909ccc602b3d55cd8b0e656205504f662145766d4c150,60,3600.213,ok,True,True,0.8453553548443203,0.9766418880703278,3600.211,10.726936572894921,10.726936572894921,True,1,1
fepysr,g0026,feynman_I_27_6,522,noise001,0.01,iaaccn26,formal3h_13alg_ssr50_seed520-522_noise0-001-005_20260622-014658,fepysr_s522_noise001_g0026,/home/zhangziwen/workplace/scientific-intelligent-modelling/experiments/formal3h_13alg_ssr50_seed520-522_noise0-001-005_20260622-014658/fepysr/seed522/tasks/fepysr_s522_noise001_g0026/iaaccn26/fepysr/g0026_feynman_I_27_6/progress/minute_0060.json,a50cba89c690362313e0eb425096d10762bb7263831c55cd2cafde9134b01b46,60,3600.037,ok,True,True,0.052289008221536586,0.3658106600143033,3600.037,exp(sin(log(X1/X2) - 0.526588850820397)),exp(sin(log(x1/x2) - 0.526588850820397)),True,10,7
fepysr,g0027,feynman_test_15,522,noise001,0.01,iaaccn24,formal3h_13alg_ssr50_seed520-522_noise0-001-005_20260622-014658,fepysr_s522_noise001_g0027,/home/zhangziwen/workplace/scientific-intelligent-modelling/experiments/formal3h_13alg_ssr50_seed520-522_noise0-001-005_20260622-014658/fepysr/seed522/tasks/fepysr_s522_noise001_g0027/iaaccn24/fepysr/g0027_feynman_test_15/progress/minute_0060.json,326f65a5c7235e3dd6cf93e961604a199576e3128d28e25c82bb1287223ee4c0,60,3600.026,ok,True,True,0.021892171123564678,0.14667220294240443,3600.026,1.0083461*X2,1.0083461*x2,True,3,2
fepysr,g0028,strogatz_barmag1,522,noise001,0.01,iaaccn28,formal3h_13alg_ssr50_seed520-522_noise0-001-005_20260622-014658,fepysr_s522_noise001_g0028,/home/zhangziwen/workplace/scientific-intelligent-modelling/experiments/formal3h_13alg_ssr50_seed520-522_noise0-001-005_20260622-014658/fepysr/seed522/tasks/fepysr_s522_noise001_g0028/iaaccn28/fepysr/g0028_strogatz_barmag1/progress/minute_0060.json,7795c8c7d846f4b712e451e7eed3f45358c2a16e9322611e87b326760a973629,60,3600.021,ok,True,True,0.0408149884212631,0.5694213650193927,3600.021,sin(log(-X0 + sin(X0 - X1) + 7.638313)),sin(log(-x0 + sin(x0 - x1) + 7.638313)),True,13,7
fepysr,g0029,strogatz_barmag2,522,noise001,0.01,iaaccn25,formal3h_13alg_ssr50_seed520-522_noise0-001-005_20260622-014658,fepysr_s522_noise001_g0029,/home/zhangziwen/workplace/scientific-intelligent-modelling/experiments/formal3h_13alg_ssr50_seed520-522_noise0-001-005_20260622-014658/fepysr/seed522/tasks/fepysr_s522_noise001_g0029/iaaccn25/fepysr/g0029_strogatz_barmag2/progress/minute_0060.json,bc7aef602dab699d7c55bff2555a4f72ca5f4619ac0909b3003eb68a4051e3b7,60,3600.571,ok,True,True,0.11122150252736474,0.2362856367786705,3600.568,-4.60675771739025*sin(X1 - 0.402371)/X0,-4.60675771739025*sin(x1 - 0.402371)/x0,True,9,4
fepysr,g0030,strogatz_predprey2,522,noise001,0.01,iaaccn24,formal3h_13alg_ssr50_seed520-522_noise0-001-005_20260622-014658,fepysr_s522_noise001_g0030,/home/zhangziwen/workplace/scientific-intelligent-modelling/experiments/formal3h_13alg_ssr50_seed520-522_noise0-001-005_20260622-014658/fepysr/seed522/tasks/fepysr_s522_noise001_g0030/iaaccn24/fepysr/g0030_strogatz_predprey2/progress/minute_0060.json,0ec98d47b3202058a63d74d3844d4be067bf5ee5a6fa437d2208550da2fee818,60,3600.035,ok,True,True,0.018762452685522357,0.5213929012296589,3600.035,2.74453113747422*sin((0.245677609556859*X1*(X0^2 + 1.249668) + 2.750024)/(X0^2 + 1.249668)) - 1.1590332,2.74453113747422*sin((0.245677609556859*x1*(x0**2 + 1.249668) + 2.750024)/(x0**2 + 1.249668)) - 1.1590332,True,23,9
fepysr,g0031,strogatz_shearflow1,522,noise001,0.01,iaaccn25,formal3h_13alg_ssr50_seed520-522_noise0-001-005_20260622-014658,fepysr_s522_noise001_g0031,/home/zhangziwen/workplace/scientific-intelligent-modelling/experiments/formal3h_13alg_ssr50_seed520-522_noise0-001-005_20260622-014658/fepysr/seed522/tasks/fepysr_s522_noise001_g0031/iaaccn25/fepysr/g0031_strogatz_shearflow1/progress/minute_0060.json,cdbe8db0833ff24dcad3f0efbb678bed49170881231528967e010e5152c2cbc8,60,3600.015,ok,True,True,1.0200999999494844e-08,1.020099999998511e-08,3600.015,1.000101*cos(X0)/tan(X1),1.000101*cos(x0)/tan(x1),True,8,4
fepysr,g0032,strogatz_vdp1,522,noise001,0.01,iaaccn22,formal3h_13alg_ssr50_seed520-522_noise0-001-005_20260622-014658,fepysr_s522_noise001_g0032,/home/zhangziwen/workplace/scientific-intelligent-modelling/experiments/formal3h_13alg_ssr50_seed520-522_noise0-001-005_20260622-014658/fepysr/seed522/tasks/fepysr_s522_noise001_g0032/iaaccn22/fepysr/g0032_strogatz_vdp1/progress/minute_0060.json,ac9218e77e69eff9bf6de1b24d162b0bf1ac97904a62079644d8dfc662718f3d,60,3600.022,ok,True,True,0.05931570301439998,1.1775408419351119,3600.022,X1*(X0 + 1.3834691)*(log(X1^2) + 8.74193456004588*sin(cos(X0))),x1*(x0 + 1.3834691)*(log(x1**2) + 8.74193456004588*sin(cos(x0))),True,15,6
fepysr,g0033,first_principles_hubble,522,noise001,0.01,iaaccn25,formal3h_13alg_ssr50_seed520-522_noise0-001-005_20260622-014658,fepysr_s522_noise001_g0033,/home/zhangziwen/workplace/scientific-intelligent-modelling/experiments/formal3h_13alg_ssr50_seed520-522_noise0-001-005_20260622-014658/fepysr/seed522/tasks/fepysr_s522_noise001_g0033/iaaccn25/fepysr/g0033_first_principles_hubble/progress/minute_0060.json,1826fa17b329c538a20250e41f6e8dec0cb685b47da53cdda08298aa37347b39,60,3600.019,ok,True,True,0.185049388707863,0.13890226440537745,3600.019,1.0*exp(cos(X0)) + 849.41425*sin(X0) + 327.40842 - 343.9814/cos(cos(419.67587*exp(-cos(X0)))),1.0*exp(cos(x0)) + 849.41425*sin(x0) + 327.40842 - 343.9814/cos(cos(419.67587*exp(-cos(x0)))),True,24,10
fepysr,g0034,first_principles_leavitt,522,noise001,0.01,iaaccn28,formal3h_13alg_ssr50_seed520-522_noise0-001-005_20260622-014658,fepysr_s522_noise001_g0034,/home/zhangziwen/workplace/scientific-intelligent-modelling/experiments/formal3h_13alg_ssr50_seed520-522_noise0-001-005_20260622-014658/fepysr/seed522/tasks/fepysr_s522_noise001_g0034/iaaccn28/fepysr/g0034_first_principles_leavitt/progress/minute_0060.json,f94a32554a6069c6da0e47d8fb86085486c6d2077f131a5e4d7761366e47c6ee,60,3600.025,ok,True,True,0.00023108408195272623,0.000671192484383586,3600.025,((X0^2 - 0.2469701)*(2.880136*cos(X0) + 12.0814752208572) + 0.0079559265)/(X0^2 - 0.2469701),((x0**2 - 0.2469701)*(2.880136*cos(x0) + 12.0814752208572) + 0.0079559265)/(x0**2 - 0.2469701),True,22,7
fepysr,g0035,feynman-ii.4.23,522,noise001,0.01,iaaccn27,formal3h_13alg_ssr50_seed520-522_noise0-001-005_20260622-014658,fepysr_s522_noise001_g0035,/home/zhangziwen/workplace/scientific-intelligent-modelling/experiments/formal3h_13alg_ssr50_seed520-522_noise0-001-005_20260622-014658/fepysr/seed522/tasks/fepysr_s522_noise001_g0035/iaaccn27/fepysr/g0035_feynman-ii.4.23/progress/minute_0060.json,fb3d43e1211bea7d42b2d55974d21c3dc62b3c71498a5960ecd029ab0bc73ee8,60,3600.025,ok,True,True,0.7776362377538983,1.19063335094152,3600.025,-15731570570254.2*sin(X0)/(log(sin(2*X0)^2) - 236.36902),-15731570570254.2*sin(x0)/(log(sin(2*x0)**2) - 236.36902),True,15,8
fepysr,g0036,feynman-iii.7.38,522,noise001,0.01,iaaccn26,formal3h_13alg_ssr50_seed520-522_noise0-001-005_20260622-014658,fepysr_s522_noise001_g0036,/home/zhangziwen/workplace/scientific-intelligent-modelling/experiments/formal3h_13alg_ssr50_seed520-522_noise0-001-005_20260622-014658/fepysr/seed522/tasks/fepysr_s522_noise001_g0036/iaaccn26/fepysr/g0036_feynman-iii.7.38/progress/minute_0060.json,5f14c9c269c6870675c615beb68a804b5995dd6d93681541f78f0fb4e23796f9,60,3600.013,ok,True,True,1.0000107850449822,1.0000009816446445,3600.013,4.0156556505628633e+20,4.0156556505628633e+20,True,1,1
fepysr,g0037,feynman-i.18.16,522,noise001,0.01,iaaccn26,formal3h_13alg_ssr50_seed520-522_noise0-001-005_20260622-014658,fepysr_s522_noise001_g0037,/home/zhangziwen/workplace/scientific-intelligent-modelling/experiments/formal3h_13alg_ssr50_seed520-522_noise0-001-005_20260622-014658/fepysr/seed522/tasks/fepysr_s522_noise001_g0037/iaaccn26/fepysr/g0037_feynman-i.18.16/progress/minute_0060.json,7084d2c692193b001e5a463f4589df6f72b9aec59cd7ea54efe913ad53804333,60,3600.016,ok,True,True,5.55956888312689e-15,5.856049705817814e-31,3600.016,X0*X1*X3*sin(X4),x0*x1*x3*sin(x4),True,6,3
fepysr,g0038,feynman-ii.27.18,522,noise001,0.01,iaaccn22,formal3h_13alg_ssr50_seed520-522_noise0-001-005_20260622-014658,fepysr_s522_noise001_g0038,/home/zhangziwen/workplace/scientific-intelligent-modelling/experiments/formal3h_13alg_ssr50_seed520-522_noise0-001-005_20260622-014658/fepysr/seed522/tasks/fepysr_s522_noise001_g0038/iaaccn22/fepysr/g0038_feynman-ii.27.18/progress/minute_0060.json,784dd19da8cef210c576a936daa3141b7840e05e5a3fa0bea6266cac74058324,60,3600.011,ok,True,True,0.7668982770938862,0.837685173310485,3600.011,9.784892708300575e-11,9.784892708300575e-11,True,1,1
fepysr,g0039,feynman-ii.34.11,522,noise001,0.01,iaaccn22,formal3h_13alg_ssr50_seed520-522_noise0-001-005_20260622-014658,fepysr_s522_noise001_g0039,/home/zhangziwen/workplace/scientific-intelligent-modelling/experiments/formal3h_13alg_ssr50_seed520-522_noise0-001-005_20260622-014658/fepysr/seed522/tasks/fepysr_s522_noise001_g0039/iaaccn22/fepysr/g0039_feynman-ii.34.11/progress/minute_0060.json,993c27d5cf4c0403109a2c8ae8fa4a9438a801069208252262870b83ee5f04c5,60,3600.017,ok,True,True,0.9976122970133287,0.9997377310853796,3600.017,-2.8439524*X3/sin(X5),-2.8439524*x3/sin(x5),True,7,4
fepysr,g0040,feynman-i.29.16,522,noise001,0.01,iaaccn24,formal3h_13alg_ssr50_seed520-522_noise0-001-005_20260622-014658,fepysr_s522_noise001_g0040,/home/zhangziwen/workplace/scientific-intelligent-modelling/experiments/formal3h_13alg_ssr50_seed520-522_noise0-001-005_20260622-014658/fepysr/seed522/tasks/fepysr_s522_noise001_g0040/iaaccn24/fepysr/g0040_feynman-i.29.16/progress/minute_0060.json,0c7a10ff85acc0d3d543bd9a08858f744dd93048ccdf7915f34e9953e47b8b6c,60,3600.038,ok,True,True,0.06852042880189481,0.08387901426937999,3600.038,(-0.30277982*X0*X1 + (0.033755198*X0*X1 + 1.71611195668549)*(1.0252302*X0 + X1 - 0.72214043) + 0.905197756031716)/(0.033755198*X0*X1 + 1.71611195668549),(-0.30277982*x0*x1 + (0.033755198*x0*x1 + 1.71611195668549)*(1.0252302*x0 + x1 - 0.72214043) + 0.905197756031716)/(0.033755198*x0*x1 + 1.71611195668549),True,28,6
fepysr,g0041,feynman-bonus.20,522,noise001,0.01,iaaccn24,formal3h_13alg_ssr50_seed520-522_noise0-001-005_20260622-014658,fepysr_s522_noise001_g0041,/home/zhangziwen/workplace/scientific-intelligent-modelling/experiments/formal3h_13alg_ssr50_seed520-522_noise0-001-005_20260622-014658/fepysr/seed522/tasks/fepysr_s522_noise001_g0041/iaaccn24/fepysr/g0041_feynman-bonus.20/progress/minute_0060.json,427a5630c3b2d24d64ee149a2f8c08d1cb0887aecef6723f269964101054b9dc,60,3600.011,ok,True,True,0.9801941292490097,0.9967603665108862,3600.011,1.3509173084339562e-25,1.3509173084339562e-25,True,1,1
fepysr,g0042,feynman-i.15.3t,522,noise001,0.01,iaaccn23,formal3h_13alg_ssr50_seed520-522_noise0-001-005_20260622-014658,fepysr_s522_noise001_g0042,/home/zhangziwen/workplace/scientific-intelligent-modelling/experiments/formal3h_13alg_ssr50_seed520-522_noise0-001-005_20260622-014658/fepysr/seed522/tasks/fepysr_s522_noise001_g0042/iaaccn23/fepysr/g0042_feynman-i.15.3t/progress/minute_0060.json,f5583aa56970fbf30564e63603320bca7eb30dce8f09bbb9690c2c09e12dcfac,60,3600.024,ok,True,True,1.8774081603528448e-08,4.934747817717642e-05,3600.024,(X0^2*X1 + 0.36059497676325*X1 - 0.014879014409125)/X0^2,(x0**2*x1 + 0.36059497676325*x1 - 0.014879014409125)/x0**2,True,14,5
fepysr,g0043,feynman-i.39.22,522,noise001,0.01,iaaccn23,formal3h_13alg_ssr50_seed520-522_noise0-001-005_20260622-014658,fepysr_s522_noise001_g0043,/home/zhangziwen/workplace/scientific-intelligent-modelling/experiments/formal3h_13alg_ssr50_seed520-522_noise0-001-005_20260622-014658/fepysr/seed522/tasks/fepysr_s522_noise001_g0043/iaaccn23/fepysr/g0043_feynman-i.39.22/progress/minute_0060.json,8382f11bcb79868dab3a6a936ecab2a21037694ffc3a17190d232e0f0d7423c3,60,3600.016,ok,True,True,0.6218725542715177,0.6103282326627353,3600.016,34.18706*X3/X4,34.18706*x3/x4,True,6,3
fepysr,g0044,feynman-iii.10.19,522,noise001,0.01,iaaccn29,formal3h_13alg_ssr50_seed520-522_noise0-001-005_20260622-014658,fepysr_s522_noise001_g0044,/home/zhangziwen/workplace/scientific-intelligent-modelling/experiments/formal3h_13alg_ssr50_seed520-522_noise0-001-005_20260622-014658/fepysr/seed522/tasks/fepysr_s522_noise001_g0044/iaaccn29/fepysr/g0044_feynman-iii.10.19/progress/minute_0060.json,f531d8f3b3e71d57d892a666a1e2ecca0d3232d266fb21327b29a52296199922,60,3600.009,ok,True,True,1.0005894976463465,0.9999999411533803,3600.009,1.3852932995004575e-27,1.3852932995004575e-27,True,1,1
fepysr,g0045,feynman-i.13.12,522,noise001,0.01,iaaccn29,formal3h_13alg_ssr50_seed520-522_noise0-001-005_20260622-014658,fepysr_s522_noise001_g0045,/home/zhangziwen/workplace/scientific-intelligent-modelling/experiments/formal3h_13alg_ssr50_seed520-522_noise0-001-005_20260622-014658/fepysr/seed522/tasks/fepysr_s522_noise001_g0045/iaaccn29/fepysr/g0045_feynman-i.13.12/progress/minute_0060.json,b15e6b9fd540e8d43c9a843e00517a5c46e73da9753b6cdd871f8310bd2ecb41,60,3600.01,ok,True,True,0.9996142698980894,1.0000089965225565,3600.01,-3.1588834360193482e-12,-3.1588834360193482e-12,True,1,1
fepysr,g0046,feynman-i.32.5,522,noise001,0.01,iaaccn24,formal3h_13alg_ssr50_seed520-522_noise0-001-005_20260622-014658,fepysr_s522_noise001_g0046,/home/zhangziwen/workplace/scientific-intelligent-modelling/experiments/formal3h_13alg_ssr50_seed520-522_noise0-001-005_20260622-014658/fepysr/seed522/tasks/fepysr_s522_noise001_g0046/iaaccn24/fepysr/g0046_feynman-i.32.5/progress/minute_0060.json,0f67a074b0bf9030c0f87077c16e52580c037e4dbed042d4a439a62ad090cd0b,60,3600.013,ok,True,True,0.9501892164428288,0.9859356903937728,3600.013,2.6601687539923957e-06,2.6601687539923957e-6,True,1,1
fepysr,g0047,feynman-i.43.31,522,noise001,0.01,iaaccn24,formal3h_13alg_ssr50_seed520-522_noise0-001-005_20260622-014658,fepysr_s522_noise001_g0047,/home/zhangziwen/workplace/scientific-intelligent-modelling/experiments/formal3h_13alg_ssr50_seed520-522_noise0-001-005_20260622-014658/fepysr/seed522/tasks/fepysr_s522_noise001_g0047/iaaccn24/fepysr/g0047_feynman-i.43.31/progress/minute_0060.json,901d2cdd0250bb8844fed550fe85e3b476d4fd7ae2851ebacda8556fdf3f6e6b,60,3600.016,ok,True,True,0.8116665859097388,0.930868366018299,3600.016,6.280608309494446e-07,6.280608309494446e-7,True,1,1
fepysr,g0048,feynman-i.11.19,522,noise001,0.01,iaaccn24,formal3h_13alg_ssr50_seed520-522_noise0-001-005_20260622-014658,fepysr_s522_noise001_g0048,/home/zhangziwen/workplace/scientific-intelligent-modelling/experiments/formal3h_13alg_ssr50_seed520-522_noise0-001-005_20260622-014658/fepysr/seed522/tasks/fepysr_s522_noise001_g0048/iaaccn24/fepysr/g0048_feynman-i.11.19/progress/minute_0060.json,f636dac468dca287624ebac4c81270a14ed1efa6d1b6842b7f173d83841fff29,60,3600.015,ok,True,True,0.7213657468536396,0.6516302167798365,3600.015,X0*X1,x0*x1,True,3,2
fepysr,g0049,feynman-ii.34.2a,522,noise001,0.01,iaaccn24,formal3h_13alg_ssr50_seed520-522_noise0-001-005_20260622-014658,fepysr_s522_noise001_g0049,/home/zhangziwen/workplace/scientific-intelligent-modelling/experiments/formal3h_13alg_ssr50_seed520-522_noise0-001-005_20260622-014658/fepysr/seed522/tasks/fepysr_s522_noise001_g0049/iaaccn24/fepysr/g0049_feynman-ii.34.2a/progress/minute_0060.json,992d570d838ac050b2736a4c9056a332a607307a0c10c39dc3962978f1574d5b,60,3600.023,ok,True,True,0.9698611810317377,1.939633859528134e+118,3600.023,X1 - exp(0.1963928*X1/X4),x1 - exp(0.1963928*x1/x4),True,11,6
fepysr,g0050,Vladislavleva-4,522,noise001,0.01,iaaccn24,formal3h_13alg_ssr50_seed520-522_noise0-001-005_20260622-014658,fepysr_s522_noise001_g0050,/home/zhangziwen/workplace/scientific-intelligent-modelling/experiments/formal3h_13alg_ssr50_seed520-522_noise0-001-005_20260622-014658/fepysr/seed522/tasks/fepysr_s522_noise001_g0050/iaaccn24/fepysr/g0050_Vladislavleva-4/progress/minute_0060.json,c4f1a4104a18dac06a83a821cff16d8ed2eca913582401c99cf2db045312d76d,60,3600.033,ok,True,True,0.08305039276086473,0.10514162158417815,3600.033,sin(cos(cos((cos(X4) - 0.8415572)*sin(0.54203296*X0))) - 0.09302029),sin(cos(cos((cos(x4) - 0.8415572)*sin(0.54203296*x0))) - 0.09302029),True,14,8
fepysr,g0001,Keijzer-11,522,noise005,0.05,iaaccn22,formal3h_13alg_ssr50_seed520-522_noise0-001-005_20260622-014658,fepysr_s522_noise005_g0001,/home/zhangziwen/workplace/scientific-intelligent-modelling/experiments/formal3h_13alg_ssr50_seed520-522_noise0-001-005_20260622-014658/fepysr/seed522/tasks/fepysr_s522_noise005_g0001/iaaccn22/fepysr/g0001_Keijzer-11/progress/minute_0060.json,317b2d3eea8404c7caaa872cd25aa3c0a66a29993deb848accc0d4ec48ac0765,60,3600.05,ok,True,True,1.3187775491092357e-06,3.705097225631856e-07,3600.049,X0*X1 - cos(-X0*X1 + X0 + X1 + 3.7075012),x0*x1 - cos(-x0*x1 + x0 + x1 + 3.7075012),True,15,6
fepysr,g0002,Keijzer-2,522,noise005,0.05,iaaccn28,formal3h_13alg_ssr50_seed520-522_noise0-001-005_20260622-014658,fepysr_s522_noise005_g0002,/home/zhangziwen/workplace/scientific-intelligent-modelling/experiments/formal3h_13alg_ssr50_seed520-522_noise0-001-005_20260622-014658/fepysr/seed522/tasks/fepysr_s522_noise005_g0002/iaaccn28/fepysr/g0002_Keijzer-2/progress/minute_0060.json,3487c59ff98102f320b772e956920328236d39b03ae3be5b4e1e6b97416201e3,60,3600.025,ok,True,True,0.014662003576179094,1.3814959222683258,3600.025,sin(sin(1.5438387*X0^2*cos(X0) - 0.29028663))*cos(4.300506*cos(X0)^2 + 0.51204658469454) + 0.075447775,sin(sin(1.5438387*x0**2*cos(x0) - 0.29028663))*cos(4.300506*cos(x0)**2 + 0.51204658469454) + 0.075447775,True,23,8
fepysr,g0003,Korns-2,522,noise005,0.05,iaaccn28,formal3h_13alg_ssr50_seed520-522_noise0-001-005_20260622-014658,fepysr_s522_noise005_g0003,/home/zhangziwen/workplace/scientific-intelligent-modelling/experiments/formal3h_13alg_ssr50_seed520-522_noise0-001-005_20260622-014658/fepysr/seed522/tasks/fepysr_s522_noise005_g0003/iaaccn28/fepysr/g0003_Korns-2/progress/minute_0060.json,d2c5480b0ea29407d03c820128c365bd03282cbc0622172064621e2640883a7a,60,3600.022,ok,True,True,0.0008655970300106917,0.0019960867879726847,3600.022,(4.6377454*X1 + 4.92522134929788*X3 + 0.46042985*X4)/X4,(4.6377454*x1 + 4.92522134929788*x3 + 0.46042985*x4)/x4,True,14,4
fepysr,g0004,Korns-4,522,noise005,0.05,iaaccn28,formal3h_13alg_ssr50_seed520-522_noise0-001-005_20260622-014658,fepysr_s522_noise005_g0004,/home/zhangziwen/workplace/scientific-intelligent-modelling/experiments/formal3h_13alg_ssr50_seed520-522_noise0-001-005_20260622-014658/fepysr/seed522/tasks/fepysr_s522_noise005_g0004/iaaccn28/fepysr/g0004_Korns-4/progress/minute_0060.json,a0a5fd658ac362e0f065594694c93206ebe86401fd15730681ee02c86483062b,60,3600.02,ok,True,True,1.0911866894962633e-07,1.0828743934081432e-07,3600.02,0.13008398*sin(X2 - 0.0064873216) - 2.2995648,0.13008398*sin(x2 - 0.0064873216) - 2.2995648,True,8,5
fepysr,g0005,BPG3,522,noise005,0.05,iaaccn23,formal3h_13alg_ssr50_seed520-522_noise0-001-005_20260622-014658,fepysr_s522_noise005_g0005,/home/zhangziwen/workplace/scientific-intelligent-modelling/experiments/formal3h_13alg_ssr50_seed520-522_noise0-001-005_20260622-014658/fepysr/seed522/tasks/fepysr_s522_noise005_g0005/iaaccn23/fepysr/g0005_BPG3/progress/minute_0060.json,c1808aa6189b7ee51048ee3cbf66ec408899a631be3c288cdcaa5f64a841d929,60,3600.018,ok,True,True,0.0002455328713482116,0.006743473237581469,3600.017,-0.775685*sin(sin(X1)),-0.775685*sin(sin(x1)),True,5,4
fepysr,g0006,BPG5,522,noise005,0.05,iaaccn23,formal3h_13alg_ssr50_seed520-522_noise0-001-005_20260622-014658,fepysr_s522_noise005_g0006,/home/zhangziwen/workplace/scientific-intelligent-modelling/experiments/formal3h_13alg_ssr50_seed520-522_noise0-001-005_20260622-014658/fepysr/seed522/tasks/fepysr_s522_noise005_g0006/iaaccn23/fepysr/g0006_BPG5/progress/minute_0060.json,e6387d18a61fc1c36e2469b5d0445fb3fd02e61853947e26b72f9a591c569d6e,60,3600.028,ok,True,True,3.083618530966193e-05,0.9901497195008221,3600.028,2.96602837792248*X1^2*exp(-1.0418463*X0) + 0.00063367456,2.96602837792248*x1**2*exp(-1.0418463*x0) + 0.00063367456,True,11,5
fepysr,g0007,BPG9,522,noise005,0.05,iaaccn25,formal3h_13alg_ssr50_seed520-522_noise0-001-005_20260622-014658,fepysr_s522_noise005_g0007,/home/zhangziwen/workplace/scientific-intelligent-modelling/experiments/formal3h_13alg_ssr50_seed520-522_noise0-001-005_20260622-014658/fepysr/seed522/tasks/fepysr_s522_noise005_g0007/iaaccn25/fepysr/g0007_BPG9/progress/minute_0060.json,82aca8ce3bd39b9b31562a9431f617a1af1ad654270d5f8ee87834b245daa68d,60,3600.158,ok,True,True,0.44085448516264997,21.08321081894673,3600.157,sin(0.285327365502244*X1),sin(0.285327365502244*x1),True,4,3
fepysr,g0008,CRK0,522,noise005,0.05,iaaccn25,formal3h_13alg_ssr50_seed520-522_noise0-001-005_20260622-014658,fepysr_s522_noise005_g0008,/home/zhangziwen/workplace/scientific-intelligent-modelling/experiments/formal3h_13alg_ssr50_seed520-522_noise0-001-005_20260622-014658/fepysr/seed522/tasks/fepysr_s522_noise005_g0008/iaaccn25/fepysr/g0008_CRK0/progress/minute_0060.json,b3bd72883edba4975eb6da03a6ba2080a5c60ff8e9f0c1026587fbad419349b8,60,3600.514,ok,True,True,0.0005137021225180508,0.004931809250904575,3600.513,0.07464919*exp(cos(X1^2 - cos(X1^2))) - 0.108867854,0.07464919*exp(cos(x1**2 - cos(x1**2))) - 0.108867854,True,16,9
fepysr,g0009,CRK10,522,noise005,0.05,iaaccn25,formal3h_13alg_ssr50_seed520-522_noise0-001-005_20260622-014658,fepysr_s522_noise005_g0009,/home/zhangziwen/workplace/scientific-intelligent-modelling/experiments/formal3h_13alg_ssr50_seed520-522_noise0-001-005_20260622-014658/fepysr/seed522/tasks/fepysr_s522_noise005_g0009/iaaccn25/fepysr/g0009_CRK10/progress/minute_0060.json,83455dbc1cc4c9166d5ffdd32d4cf77880e30beafaee00e9d2766568b8357dd3,60,3601.091,ok,True,True,0.007797867511973349,5.672803095141303,3601.088,sin(sin(X1^2*(X1^2 - 0.30047253)*exp(-X1^2)*cos(X1 - 0.10624836))),sin(sin(x1**2*(x1**2 - 0.30047253)*exp(-x1**2)*cos(x1 - 0.10624836))),True,21,7
fepysr,g0010,CRK11,522,noise005,0.05,iaaccn25,formal3h_13alg_ssr50_seed520-522_noise0-001-005_20260622-014658,fepysr_s522_noise005_g0010,/home/zhangziwen/workplace/scientific-intelligent-modelling/experiments/formal3h_13alg_ssr50_seed520-522_noise0-001-005_20260622-014658/fepysr/seed522/tasks/fepysr_s522_noise005_g0010/iaaccn25/fepysr/g0010_CRK11/progress/minute_0060.json,54b7100019fbc757ddc306ff033a736543d5879f937d38ddcb9e2d206cdf35b8,60,3600.31,ok,True,True,0.0019366914839938703,1.0,3600.309,-0.4432432*exp(-X0)*sin(X1^3 + 0.08619813),-0.4432432*exp(-x0)*sin(x1**3 + 0.08619813),True,12,5
fepysr,g0011,CRK33,522,noise005,0.05,iaaccn25,formal3h_13alg_ssr50_seed520-522_noise0-001-005_20260622-014658,fepysr_s522_noise005_g0011,/home/zhangziwen/workplace/scientific-intelligent-modelling/experiments/formal3h_13alg_ssr50_seed520-522_noise0-001-005_20260622-014658/fepysr/seed522/tasks/fepysr_s522_noise005_g0011/iaaccn25/fepysr/g0011_CRK33/progress/minute_0060.json,d80ae9675bd2301f407055c59b423a39ff04208db7c0c974271d94c158ffb2d4,60,3602.226,ok,True,True,0.01362940883490585,15.560802977159826,3602.225,-0.0182911429089611*X1^2/sin(0.664704206543356/X1) + 0.32092175,-0.0182911429089611*x1**2/sin(0.664704206543356/x1) + 0.32092175,True,15,7
fepysr,g0012,CRK34,522,noise005,0.05,iaaccn24,formal3h_13alg_ssr50_seed520-522_noise0-001-005_20260622-014658,fepysr_s522_noise005_g0012,/home/zhangziwen/workplace/scientific-intelligent-modelling/experiments/formal3h_13alg_ssr50_seed520-522_noise0-001-005_20260622-014658/fepysr/seed522/tasks/fepysr_s522_noise005_g0012/iaaccn24/fepysr/g0012_CRK34/progress/minute_0060.json,d928a5f2c45d1907cbdd818912cc717bdefc6a17b88853bb83423563f6195d5f,60,3600.016,ok,True,True,0.00010736293704906624,1.0000000000004403,3600.016,0.5574188*X1*exp(-0.635942139694739*X0),0.5574188*x1*exp(-0.635942139694739*x0),True,7,4
fepysr,g0013,I.11.19_4_0,522,noise005,0.05,iaaccn24,formal3h_13alg_ssr50_seed520-522_noise0-001-005_20260622-014658,fepysr_s522_noise005_g0013,/home/zhangziwen/workplace/scientific-intelligent-modelling/experiments/formal3h_13alg_ssr50_seed520-522_noise0-001-005_20260622-014658/fepysr/seed522/tasks/fepysr_s522_noise005_g0013/iaaccn24/fepysr/g0013_I.11.19_4_0/progress/minute_0060.json,78a6a5d9dd27510c89c1f0157d792528390a8dae1c2e9278e5df9edbcd57432b,60,3600.016,ok,True,True,0.3455212142509719,0.6811665124170408,3600.016,-13.413531135936434,-13.413531135936434,True,1,1
fepysr,g0014,II.11.27_1_0,522,noise005,0.05,iaaccn27,formal3h_13alg_ssr50_seed520-522_noise0-001-005_20260622-014658,fepysr_s522_noise005_g0014,/home/zhangziwen/workplace/scientific-intelligent-modelling/experiments/formal3h_13alg_ssr50_seed520-522_noise0-001-005_20260622-014658/fepysr/seed522/tasks/fepysr_s522_noise005_g0014/iaaccn27/fepysr/g0014_II.11.27_1_0/progress/minute_0060.json,2355064ced7a720bc7bd5a655d6f430da6784593729c2d46bf733ee14a5c1f88,60,3600.017,ok,True,True,0.9981834779330688,1.000230214662856,3600.017,8.6830929611869596,8.6830929611869596,True,1,1
fepysr,g0015,II.34.2_1_0,522,noise005,0.05,iaaccn27,formal3h_13alg_ssr50_seed520-522_noise0-001-005_20260622-014658,fepysr_s522_noise005_g0015,/home/zhangziwen/workplace/scientific-intelligent-modelling/experiments/formal3h_13alg_ssr50_seed520-522_noise0-001-005_20260622-014658/fepysr/seed522/tasks/fepysr_s522_noise005_g0015/iaaccn27/fepysr/g0015_II.34.2_1_0/progress/minute_0060.json,6b03643fb64720c481422a349239908259f017fa9cb494295e37025f571e4497,60,3600.03,ok,True,True,0.1853801205772171,0.35835075926315063,3600.029,(X0 - X2)/X1,(x0 - x2)/x1,True,9,4
fepysr,g0016,II.6.15b_3_0,522,noise005,0.05,iaaccn23,formal3h_13alg_ssr50_seed520-522_noise0-001-005_20260622-014658,fepysr_s522_noise005_g0016,/home/zhangziwen/workplace/scientific-intelligent-modelling/experiments/formal3h_13alg_ssr50_seed520-522_noise0-001-005_20260622-014658/fepysr/seed522/tasks/fepysr_s522_noise005_g0016/iaaccn23/fepysr/g0016_II.6.15b_3_0/progress/minute_0060.json,9644d2c00b215107434837cfed55d7b48fc996be8b2f2964125aec2ecf9ebf1a,60,3600.029,ok,True,True,0.15270077310029112,0.2317471169650634,3600.029,1.6931787 - sin(24.95436/log(X0^2*exp(X0)/X3)),1.6931787 - sin(24.95436/log(x0**2*exp(x0)/x3)),True,19,9
fepysr,g0017,III.21.20_3_0,522,noise005,0.05,iaaccn23,formal3h_13alg_ssr50_seed520-522_noise0-001-005_20260622-014658,fepysr_s522_noise005_g0017,/home/zhangziwen/workplace/scientific-intelligent-modelling/experiments/formal3h_13alg_ssr50_seed520-522_noise0-001-005_20260622-014658/fepysr/seed522/tasks/fepysr_s522_noise005_g0017/iaaccn23/fepysr/g0017_III.21.20_3_0/progress/minute_0060.json,a7bd9a63d642bf976e39d2473e6773d0c376965fa273fca1f3485e524874588a,60,3600.039,ok,True,True,0.05198957727517877,0.1267484299250403,3600.039,(X0*exp(X0) - 2.94602528161056*X2*(X1 - cos(0.46801069842168*X3)))/X0,(x0*exp(x0) - 2.94602528161056*x2*(x1 - cos(0.46801069842168*x3)))/x0,True,20,8
fepysr,g0018,MatSci21,522,noise005,0.05,iaaccn27,formal3h_13alg_ssr50_seed520-522_noise0-001-005_20260622-014658,fepysr_s522_noise005_g0018,/home/zhangziwen/workplace/scientific-intelligent-modelling/experiments/formal3h_13alg_ssr50_seed520-522_noise0-001-005_20260622-014658/fepysr/seed522/tasks/fepysr_s522_noise005_g0018/iaaccn27/fepysr/g0018_MatSci21/progress/minute_0060.json,35404abc87fea094d328393223d1d3855aa16457af5216d131878ac19b1ddd0e,60,3600.053,ok,True,True,8.041002111690335e-05,7.861350462124453e-06,3600.053,(729.423803166802*X0^2 - 113.732670004131)*exp(X0)*sin(exp(X0) - 1.0115277),(729.423803166802*x0**2 - 113.732670004131)*exp(x0)*sin(exp(x0) - 1.0115277),True,15,5
fepysr,g0019,PO19,522,noise005,0.05,iaaccn27,formal3h_13alg_ssr50_seed520-522_noise0-001-005_20260622-014658,fepysr_s522_noise005_g0019,/home/zhangziwen/workplace/scientific-intelligent-modelling/experiments/formal3h_13alg_ssr50_seed520-522_noise0-001-005_20260622-014658/fepysr/seed522/tasks/fepysr_s522_noise005_g0019/iaaccn27/fepysr/g0019_PO19/progress/minute_0060.json,e5376d6fb841da1e2b3be232f46d44498da69627b92701fccb182203aff489a6,60,3600.028,ok,True,True,0.0012356071906398044,3690.571781251597,3600.028,-0.60011905*X2 - 1.3752532*sin(sin(sin(1.7440399*X0))) - 0.0011765489,-0.60011905*x2 - 1.3752532*sin(sin(sin(1.7440399*x0))) - 0.0011765489,True,13,7
fepysr,g0020,PO41,522,noise005,0.05,iaaccn26,formal3h_13alg_ssr50_seed520-522_noise0-001-005_20260622-014658,fepysr_s522_noise005_g0020,/home/zhangziwen/workplace/scientific-intelligent-modelling/experiments/formal3h_13alg_ssr50_seed520-522_noise0-001-005_20260622-014658/fepysr/seed522/tasks/fepysr_s522_noise005_g0020/iaaccn26/fepysr/g0020_PO41/progress/minute_0060.json,9af3de9396535ba44120a4f548f2ae96a6bde76709cb5a1207458a08c3b71b98,60,3600.022,ok,True,True,0.004219070364702166,0.01715749330930945,3600.022,-sin(sin(sin(X0 + 0.530611620158522*X2)*cos(X0))),-sin(sin(sin(x0 + 0.530611620158522*x2)*cos(x0))),True,13,8
fepysr,g0021,Nguyen-12,522,noise005,0.05,iaaccn26,formal3h_13alg_ssr50_seed520-522_noise0-001-005_20260622-014658,fepysr_s522_noise005_g0021,/home/zhangziwen/workplace/scientific-intelligent-modelling/experiments/formal3h_13alg_ssr50_seed520-522_noise0-001-005_20260622-014658/fepysr/seed522/tasks/fepysr_s522_noise005_g0021/iaaccn26/fepysr/g0021_Nguyen-12/progress/minute_0060.json,8ee33e18a53313974c2ecfd70b4ea159ece569a79ee9e2ff16039126c7d62442,60,3600.035,ok,True,True,0.0005645382767051094,0.04180258319743032,3600.035,(0.76365346*X0*cos(X1) - sin(X0 + X1) + 0.0414115937968588)/(-X0 + sin(X0 + X1) + 0.7594084),(0.76365346*x0*cos(x1) - sin(x0 + x1) + 0.0414115937968588)/(-x0 + sin(x0 + x1) + 0.7594084),True,25,6
fepysr,g0022,Nguyen-6,522,noise005,0.05,iaaccn29,formal3h_13alg_ssr50_seed520-522_noise0-001-005_20260622-014658,fepysr_s522_noise005_g0022,/home/zhangziwen/workplace/scientific-intelligent-modelling/experiments/formal3h_13alg_ssr50_seed520-522_noise0-001-005_20260622-014658/fepysr/seed522/tasks/fepysr_s522_noise005_g0022/iaaccn29/fepysr/g0022_Nguyen-6/progress/minute_0060.json,9534aa72f1261cb5e500a9d86f5d7839308b5882f483cc10e83669777852d3a6,60,3600.018,ok,True,True,0.0004173703289614139,0.05068407636022772,3600.018,X0 + sin(X0*(sin(X0) + 0.9412463)),x0 + sin(x0*(sin(x0) + 0.9412463)),True,9,6
fepysr,g0023,Nguyen-9,522,noise005,0.05,iaaccn28,formal3h_13alg_ssr50_seed520-522_noise0-001-005_20260622-014658,fepysr_s522_noise005_g0023,/home/zhangziwen/workplace/scientific-intelligent-modelling/experiments/formal3h_13alg_ssr50_seed520-522_noise0-001-005_20260622-014658/fepysr/seed522/tasks/fepysr_s522_noise005_g0023/iaaccn28/fepysr/g0023_Nguyen-9/progress/minute_0060.json,2f12608d216874bf399990f0a0e4cc59caf66e7850b75f2906c44c9a728a7a7e,60,3600.021,ok,True,True,0.000624537396115102,9.17527773404592e-05,3600.021,sin(X0) + sin(X1^2*(0.118795455*X1 + 0.910559916052245)),sin(x0) + sin(x1**2*(0.118795455*x1 + 0.910559916052245)),True,13,6
fepysr,g0024,feynman_II_15_4,522,noise005,0.05,iaaccn23,formal3h_13alg_ssr50_seed520-522_noise0-001-005_20260622-014658,fepysr_s522_noise005_g0024,/home/zhangziwen/workplace/scientific-intelligent-modelling/experiments/formal3h_13alg_ssr50_seed520-522_noise0-001-005_20260622-014658/fepysr/seed522/tasks/fepysr_s522_noise005_g0024/iaaccn23/fepysr/g0024_feynman_II_15_4/progress/minute_0060.json,a566c169bba4f139c78b8c2932ae0ff3676500ff8a7e59e783e9853ab73c90f3,60,3600.028,ok,True,True,0.006799896195793299,0.06863686796188634,3600.028,-2.8746777*X0*log(X1)*cos(X2) + 0.12535003364073,-2.8746777*x0*log(x1)*cos(x2) + 0.12535003364073,True,9,4
fepysr,g0025,feynman_I_12_11,522,noise005,0.05,iaaccn23,formal3h_13alg_ssr50_seed520-522_noise0-001-005_20260622-014658,fepysr_s522_noise005_g0025,/home/zhangziwen/workplace/scientific-intelligent-modelling/experiments/formal3h_13alg_ssr50_seed520-522_noise0-001-005_20260622-014658/fepysr/seed522/tasks/fepysr_s522_noise005_g0025/iaaccn23/fepysr/g0025_feynman_I_12_11/progress/minute_0060.json,fa4cd5a96861cf3a531109e7aa47c0e28e472006d5ca8d25543d807a9aece66c,60,3600.039,ok,True,True,0.040399114141848935,0.13723350520272998,3600.039,X0 + X1 + (2.9997307*X2 + 0.084083326)*(X0 + X3 - 2.9935431)*sin(X4),x0 + x1 + (2.9997307*x2 + 0.084083326)*(x0 + x3 - 2.9935431)*sin(x4),True,15,5
fepysr,g0026,feynman_I_27_6,522,noise005,0.05,iaaccn24,formal3h_13alg_ssr50_seed520-522_noise0-001-005_20260622-014658,fepysr_s522_noise005_g0026,/home/zhangziwen/workplace/scientific-intelligent-modelling/experiments/formal3h_13alg_ssr50_seed520-522_noise0-001-005_20260622-014658/fepysr/seed522/tasks/fepysr_s522_noise005_g0026/iaaccn24/fepysr/g0026_feynman_I_27_6/progress/minute_0060.json,3dc2ebde4cebc40df610d5656ab7e3cb60679e7b6e4c3737e0663d8ae7e1abaf,60,3600.014,ok,True,True,0.17444928443575458,0.47284667116635687,3600.014,0.76886411759876638,0.76886411759876638,True,1,1
fepysr,g0027,feynman_test_15,522,noise005,0.05,iaaccn24,formal3h_13alg_ssr50_seed520-522_noise0-001-005_20260622-014658,fepysr_s522_noise005_g0027,/home/zhangziwen/workplace/scientific-intelligent-modelling/experiments/formal3h_13alg_ssr50_seed520-522_noise0-001-005_20260622-014658/fepysr/seed522/tasks/fepysr_s522_noise005_g0027/iaaccn24/fepysr/g0027_feynman_test_15/progress/minute_0060.json,ff8b9da48e9b874c75df6c819160f6cf93046dd416cdf7362129c5a75d958ad3,60,3600.016,ok,True,True,0.1475187434234827,0.4289239995801449,3600.016,3.024542512848027,3.024542512848027,True,1,1
fepysr,g0028,strogatz_barmag1,522,noise005,0.05,iaaccn29,formal3h_13alg_ssr50_seed520-522_noise0-001-005_20260622-014658,fepysr_s522_noise005_g0028,/home/zhangziwen/workplace/scientific-intelligent-modelling/experiments/formal3h_13alg_ssr50_seed520-522_noise0-001-005_20260622-014658/fepysr/seed522/tasks/fepysr_s522_noise005_g0028/iaaccn29/fepysr/g0028_strogatz_barmag1/progress/minute_0060.json,cbc163f04a1a65a79d3e5b1ca14205b60732ee5abb61ffcdd621401331fb4183,60,3600.023,ok,True,True,0.0002018127789936483,0.0004792440918234578,3600.023,-sin(X0 - 0.0018403062) + 0.4739647*sin(X0 - X1) - 0.019869695082457,-sin(x0 - 0.0018403062) + 0.4739647*sin(x0 - x1) - 0.019869695082457,True,16,6
fepysr,g0029,strogatz_barmag2,522,noise005,0.05,iaaccn29,formal3h_13alg_ssr50_seed520-522_noise0-001-005_20260622-014658,fepysr_s522_noise005_g0029,/home/zhangziwen/workplace/scientific-intelligent-modelling/experiments/formal3h_13alg_ssr50_seed520-522_noise0-001-005_20260622-014658/fepysr/seed522/tasks/fepysr_s522_noise005_g0029/iaaccn29/fepysr/g0029_strogatz_barmag2/progress/minute_0060.json,1a2cf33f1c1603fd46300b5557d6e0c587a6086c1828af2af8ee39a42248c895,60,3600.02,ok,True,True,0.06213532626650102,0.2177644535128848,3600.02,-1.1911548*sin(X0 + 0.14204356)*sin(X1 - 16.120996),-1.1911548*sin(x0 + 0.14204356)*sin(x1 - 16.120996),True,10,4
fepysr,g0030,strogatz_predprey2,522,noise005,0.05,iaaccn23,formal3h_13alg_ssr50_seed520-522_noise0-001-005_20260622-014658,fepysr_s522_noise005_g0030,/home/zhangziwen/workplace/scientific-intelligent-modelling/experiments/formal3h_13alg_ssr50_seed520-522_noise0-001-005_20260622-014658/fepysr/seed522/tasks/fepysr_s522_noise005_g0030/iaaccn23/fepysr/g0030_strogatz_predprey2/progress/minute_0060.json,14e1e3e09cb9ff4f16b323f8b651c71f9dcd656dd05145d320fa4124c947aae1,60,3600.025,ok,True,True,0.026406045293792788,0.5385183161062779,3600.025,2.739576*sin(0.104701035*X0^2 - X0 + 0.23579378*X1 - 4.00132193618995) - 1.1698365,2.739576*sin(0.104701035*x0**2 - x0 + 0.23579378*x1 - 4.00132193618995) - 1.1698365,True,18,7
fepysr,g0031,strogatz_shearflow1,522,noise005,0.05,iaaccn23,formal3h_13alg_ssr50_seed520-522_noise0-001-005_20260622-014658,fepysr_s522_noise005_g0031,/home/zhangziwen/workplace/scientific-intelligent-modelling/experiments/formal3h_13alg_ssr50_seed520-522_noise0-001-005_20260622-014658/fepysr/seed522/tasks/fepysr_s522_noise005_g0031/iaaccn23/fepysr/g0031_strogatz_shearflow1/progress/minute_0060.json,0cd6b482691704ea03f572c4153c5b4b360d264036490605690b82f4a84fa15b,60,3600.021,ok,True,True,0.04258892133556369,8.601937589921505,3600.02,(0.009405054*exp(X1^2) - 0.175769323676064)/X1^2,(0.009405054*exp(x1**2) - 0.175769323676064)/x1**2,True,12,6
fepysr,g0032,strogatz_vdp1,522,noise005,0.05,iaaccn24,formal3h_13alg_ssr50_seed520-522_noise0-001-005_20260622-014658,fepysr_s522_noise005_g0032,/home/zhangziwen/workplace/scientific-intelligent-modelling/experiments/formal3h_13alg_ssr50_seed520-522_noise0-001-005_20260622-014658/fepysr/seed522/tasks/fepysr_s522_noise005_g0032/iaaccn24/fepysr/g0032_strogatz_vdp1/progress/minute_0060.json,475a357079bc8467e8a56df1ac7480748d9ae30b072a50d07784a91e338895b6,60,3600.026,ok,True,True,0.14762202606136457,0.9881211419274476,3600.026,(6.050063*X1 + 0.029660726)*(-X0^2 + X1 + 1.4434309),(6.050063*x1 + 0.029660726)*(-x0**2 + x1 + 1.4434309),True,14,5
fepysr,g0033,first_principles_hubble,522,noise005,0.05,iaaccn24,formal3h_13alg_ssr50_seed520-522_noise0-001-005_20260622-014658,fepysr_s522_noise005_g0033,/home/zhangziwen/workplace/scientific-intelligent-modelling/experiments/formal3h_13alg_ssr50_seed520-522_noise0-001-005_20260622-014658/fepysr/seed522/tasks/fepysr_s522_noise005_g0033/iaaccn24/fepysr/g0033_first_principles_hubble/progress/minute_0060.json,5f6e221f600fc28c43106b7710ca2accb25e0fa91ed25c78de0fb3a5a043fe82,60,3600.016,ok,True,True,0.08015459226949005,0.14111989942759132,3600.016,764.9791*sin(X0)^2,764.9791*sin(x0)**2,True,6,4
fepysr,g0034,first_principles_leavitt,522,noise005,0.05,iaaccn22,formal3h_13alg_ssr50_seed520-522_noise0-001-005_20260622-014658,fepysr_s522_noise005_g0034,/home/zhangziwen/workplace/scientific-intelligent-modelling/experiments/formal3h_13alg_ssr50_seed520-522_noise0-001-005_20260622-014658/fepysr/seed522/tasks/fepysr_s522_noise005_g0034/iaaccn22/fepysr/g0034_first_principles_leavitt/progress/minute_0060.json,c19a5923563a5184ff12df4944e9b328de65ee525d95f4fd1b5ae19fd2224ef2,60,3600.022,ok,True,True,0.00020711999237201488,0.00028887559205918625,3600.022,exp(sin(X0)) + 2.68628895366196*exp(sin(cos(X0))) - sin(X0) + 7.676974,exp(sin(x0)) + 2.68628895366196*exp(sin(cos(x0))) - sin(x0) + 7.676974,True,15,6
fepysr,g0035,feynman-ii.4.23,522,noise005,0.05,iaaccn22,formal3h_13alg_ssr50_seed520-522_noise0-001-005_20260622-014658,fepysr_s522_noise005_g0035,/home/zhangziwen/workplace/scientific-intelligent-modelling/experiments/formal3h_13alg_ssr50_seed520-522_noise0-001-005_20260622-014658/fepysr/seed522/tasks/fepysr_s522_noise005_g0035/iaaccn22/fepysr/g0035_feynman-ii.4.23/progress/minute_0060.json,9eaa777a11674945dc29e1c18fb0796f747da9630d98fe72484a71cd4b915124,60,3600.03,ok,True,True,0.03137278295705049,0.10415148628447249,3600.03,(-0.06781115*X1 + 70831280000.0*sin(X0)*cos(X0)^2)/(X1*(X0^2 - log(sin(2*X0)^4))),(-0.06781115*x1 + 70831280000.0*sin(x0)*cos(x0)**2)/(x1*(x0**2 - log(sin(2*x0)**4))),True,31,9
fepysr,g0036,feynman-iii.7.38,522,noise005,0.05,iaaccn24,formal3h_13alg_ssr50_seed520-522_noise0-001-005_20260622-014658,fepysr_s522_noise005_g0036,/home/zhangziwen/workplace/scientific-intelligent-modelling/experiments/formal3h_13alg_ssr50_seed520-522_noise0-001-005_20260622-014658/fepysr/seed522/tasks/fepysr_s522_noise005_g0036/iaaccn24/fepysr/g0036_feynman-iii.7.38/progress/minute_0060.json,2681af4cc77248513349c802958cb5e383f73e2445f433318841806f4a9e00a8,60,3600.012,ok,True,True,1.0000090157119916,1.0000008626186565,3600.012,3.5293921154320794e+20,3.5293921154320794e+20,True,1,1
fepysr,g0037,feynman-i.18.16,522,noise005,0.05,iaaccn24,formal3h_13alg_ssr50_seed520-522_noise0-001-005_20260622-014658,fepysr_s522_noise005_g0037,/home/zhangziwen/workplace/scientific-intelligent-modelling/experiments/formal3h_13alg_ssr50_seed520-522_noise0-001-005_20260622-014658/fepysr/seed522/tasks/fepysr_s522_noise005_g0037/iaaccn24/fepysr/g0037_feynman-i.18.16/progress/minute_0060.json,7d1e31de7f8e8e072974291b52e2c4271262e928a26a36b13beb1b96b66d7b2b,60,3600.027,ok,True,True,3.7997793713756685e-08,7.580807645615393e-10,3600.027,X0*X1*X3*sin(X4) - 0.007089161,x0*x1*x3*sin(x4) - 0.007089161,True,8,4
fepysr,g0038,feynman-ii.27.18,522,noise005,0.05,iaaccn25,formal3h_13alg_ssr50_seed520-522_noise0-001-005_20260622-014658,fepysr_s522_noise005_g0038,/home/zhangziwen/workplace/scientific-intelligent-modelling/experiments/formal3h_13alg_ssr50_seed520-522_noise0-001-005_20260622-014658/fepysr/seed522/tasks/fepysr_s522_noise005_g0038/iaaccn25/fepysr/g0038_feynman-ii.27.18/progress/minute_0060.json,97317b36cfd6b105a6eb62a886669c7c2b21a706f5a069d88c38f6b6573996a0,60,3600.224,ok,True,True,0.7669247401824646,0.8377870042766293,3600.22,9.7784630463772699e-11,9.7784630463772699e-11,True,1,1
fepysr,g0039,feynman-ii.34.11,522,noise005,0.05,iaaccn25,formal3h_13alg_ssr50_seed520-522_noise0-001-005_20260622-014658,fepysr_s522_noise005_g0039,/home/zhangziwen/workplace/scientific-intelligent-modelling/experiments/formal3h_13alg_ssr50_seed520-522_noise0-001-005_20260622-014658/fepysr/seed522/tasks/fepysr_s522_noise005_g0039/iaaccn25/fepysr/g0039_feynman-ii.34.11/progress/minute_0060.json,8d56f70aac76991a4cc05072bc629c131e19c2ef6ddf538aa0f513d14d1af9f1,60,3600.079,ok,True,True,0.9999277800368381,0.9999961793577858,3600.077,-5681080524.1181793,-5681080524.1181793,True,1,1
fepysr,g0040,feynman-i.29.16,522,noise005,0.05,iaaccn25,formal3h_13alg_ssr50_seed520-522_noise0-001-005_20260622-014658,fepysr_s522_noise005_g0040,/home/zhangziwen/workplace/scientific-intelligent-modelling/experiments/formal3h_13alg_ssr50_seed520-522_noise0-001-005_20260622-014658/fepysr/seed522/tasks/fepysr_s522_noise005_g0040/iaaccn25/fepysr/g0040_feynman-i.29.16/progress/minute_0060.json,d3a89c4c69d92df4c9801f5b5d8941b646ae7958ca629ceb661091a38a7dbed7,60,3600.587,ok,True,True,0.09856762229680598,0.03618203735167,3600.582,0.8033387*X0 + 0.8033387*X1,0.8033387*x0 + 0.8033387*x1,True,7,3
fepysr,g0041,feynman-bonus.20,522,noise005,0.05,iaaccn25,formal3h_13alg_ssr50_seed520-522_noise0-001-005_20260622-014658,fepysr_s522_noise005_g0041,/home/zhangziwen/workplace/scientific-intelligent-modelling/experiments/formal3h_13alg_ssr50_seed520-522_noise0-001-005_20260622-014658/fepysr/seed522/tasks/fepysr_s522_noise005_g0041/iaaccn25/fepysr/g0041_feynman-bonus.20/progress/minute_0060.json,2f20282f1dea7c852b98436758cf33cdd84d4b5251750bca18539631c1ed339a,60,3600.127,ok,True,True,0.9802018348722934,0.9967625577970395,3600.122,1.3493073729257694e-25,1.3493073729257694e-25,True,1,1
fepysr,g0042,feynman-i.15.3t,522,noise005,0.05,iaaccn25,formal3h_13alg_ssr50_seed520-522_noise0-001-005_20260622-014658,fepysr_s522_noise005_g0042,/home/zhangziwen/workplace/scientific-intelligent-modelling/experiments/formal3h_13alg_ssr50_seed520-522_noise0-001-005_20260622-014658/fepysr/seed522/tasks/fepysr_s522_noise005_g0042/iaaccn25/fepysr/g0042_feynman-i.15.3t/progress/minute_0060.json,a2b7fd8ed1de490cc0cd19515af1541af12225c6edd48347e20afcd0652530c3,60,3600.213,ok,True,True,1.877418258103231e-08,4.9347503268130525e-05,3600.206,sin(X1 - sin(X2*(0.90127575*X2 - 0.329858758941705)/X4)),sin(x1 - sin(x2*(0.90127575*x2 - 0.329858758941705)/x4)),True,16,8
fepysr,g0043,feynman-i.39.22,522,noise005,0.05,iaaccn27,formal3h_13alg_ssr50_seed520-522_noise0-001-005_20260622-014658,fepysr_s522_noise005_g0043,/home/zhangziwen/workplace/scientific-intelligent-modelling/experiments/formal3h_13alg_ssr50_seed520-522_noise0-001-005_20260622-014658/fepysr/seed522/tasks/fepysr_s522_noise005_g0043/iaaccn27/fepysr/g0043_feynman-i.39.22/progress/minute_0060.json,e7965398af75ce433b0e3722b2d02045a60033dd338ed66e7238121020027f2d,60,3600.02,ok,True,True,0.6241824494668362,0.6050087261497368,3600.02,(35.152046*X3 - 470.24087103764)/X4,(35.152046*x3 - 470.24087103764)/x4,True,9,4
fepysr,g0044,feynman-iii.10.19,522,noise005,0.05,iaaccn27,formal3h_13alg_ssr50_seed520-522_noise0-001-005_20260622-014658,fepysr_s522_noise005_g0044,/home/zhangziwen/workplace/scientific-intelligent-modelling/experiments/formal3h_13alg_ssr50_seed520-522_noise0-001-005_20260622-014658/fepysr/seed522/tasks/fepysr_s522_noise005_g0044/iaaccn27/fepysr/g0044_feynman-iii.10.19/progress/minute_0060.json,8df483564af5e7a4693e53d4ce1e00f718e3397525c89acabc4a8c7b1fb89f18,60,3600.012,ok,True,True,1.0005185966733632,0.9999999476806359,3600.012,1.2315511524927501e-27,1.2315511524927501e-27,True,1,1
fepysr,g0045,feynman-i.13.12,522,noise005,0.05,iaaccn22,formal3h_13alg_ssr50_seed520-522_noise0-001-005_20260622-014658,fepysr_s522_noise005_g0045,/home/zhangziwen/workplace/scientific-intelligent-modelling/experiments/formal3h_13alg_ssr50_seed520-522_noise0-001-005_20260622-014658/fepysr/seed522/tasks/fepysr_s522_noise005_g0045/iaaccn22/fepysr/g0045_feynman-i.13.12/progress/minute_0060.json,78da1e8706b87f3a5bb04fd9285a852e1a4a2a12e7cffe3f6da480eb5a7578b5,60,3600.01,ok,True,True,0.9996094545281596,1.0000093204940943,3600.01,-3.2198622784225136e-12,-3.2198622784225136e-12,True,1,1
fepysr,g0046,feynman-i.32.5,522,noise005,0.05,iaaccn22,formal3h_13alg_ssr50_seed520-522_noise0-001-005_20260622-014658,fepysr_s522_noise005_g0046,/home/zhangziwen/workplace/scientific-intelligent-modelling/experiments/formal3h_13alg_ssr50_seed520-522_noise0-001-005_20260622-014658/fepysr/seed522/tasks/fepysr_s522_noise005_g0046/iaaccn22/fepysr/g0046_feynman-i.32.5/progress/minute_0060.json,2d5a59663f7fbc2c6fe82946d5dbbfd777b6649ce0f191b5dad502226e9f9ded,60,3600.026,ok,True,True,0.754498586404259,0.8346070113597919,3600.026,X0^2*(0.0409606708829627*X0 + 0.00251565522686821*X1)/(X0*(X0 + 0.061416358*X1) + X1),x0**2*(0.0409606708829627*x0 + 0.00251565522686821*x1)/(x0*(x0 + 0.061416358*x1) + x1),True,22,7
fepysr,g0047,feynman-i.43.31,522,noise005,0.05,iaaccn22,formal3h_13alg_ssr50_seed520-522_noise0-001-005_20260622-014658,fepysr_s522_noise005_g0047,/home/zhangziwen/workplace/scientific-intelligent-modelling/experiments/formal3h_13alg_ssr50_seed520-522_noise0-001-005_20260622-014658/fepysr/seed522/tasks/fepysr_s522_noise005_g0047/iaaccn22/fepysr/g0047_feynman-i.43.31/progress/minute_0060.json,1921860eed2cf57ef66ff8f192b756656125b1b748613d1f5b3bedbd15a95cb1,60,3600.011,ok,True,True,0.8117082730340985,0.9309695857880058,3600.011,6.2712415247543244e-07,6.2712415247543244e-7,True,1,1
fepysr,g0048,feynman-i.11.19,522,noise005,0.05,iaaccn22,formal3h_13alg_ssr50_seed520-522_noise0-001-005_20260622-014658,fepysr_s522_noise005_g0048,/home/zhangziwen/workplace/scientific-intelligent-modelling/experiments/formal3h_13alg_ssr50_seed520-522_noise0-001-005_20260622-014658/fepysr/seed522/tasks/fepysr_s522_noise005_g0048/iaaccn22/fepysr/g0048_feynman-i.11.19/progress/minute_0060.json,67b3033448fbd5a1820edde650c2cd609b9b6b5d6fc325a4d3badec024718e6c,60,3600.022,ok,True,True,0.3244229701640331,0.3291097592364032,3600.022,X0*log(exp(X1)) + 0.988110399269725*X2*X3,x0*log(exp(x1)) + 0.988110399269725*x2*x3,True,10,5
fepysr,g0049,feynman-ii.34.2a,522,noise005,0.05,iaaccn27,formal3h_13alg_ssr50_seed520-522_noise0-001-005_20260622-014658,fepysr_s522_noise005_g0049,/home/zhangziwen/workplace/scientific-intelligent-modelling/experiments/formal3h_13alg_ssr50_seed520-522_noise0-001-005_20260622-014658/fepysr/seed522/tasks/fepysr_s522_noise005_g0049/iaaccn27/fepysr/g0049_feynman-ii.34.2a/progress/minute_0060.json,facc26e8ffbaa8165ee7b27209bc67bb97a68bb05ac8e2dfec4af88a1b9e8caa,60,3600.021,ok,True,True,0.9999799268035718,0.9999991201925715,3600.021,532.03186/cos(2.9688659*log(X4) - 0.195744989160171),532.03186/cos(2.9688659*log(x4) - 0.195744989160171),True,11,7
fepysr,g0050,Vladislavleva-4,522,noise005,0.05,iaaccn27,formal3h_13alg_ssr50_seed520-522_noise0-001-005_20260622-014658,fepysr_s522_noise005_g0050,/home/zhangziwen/workplace/scientific-intelligent-modelling/experiments/formal3h_13alg_ssr50_seed520-522_noise0-001-005_20260622-014658/fepysr/seed522/tasks/fepysr_s522_noise005_g0050/iaaccn27/fepysr/g0050_Vladislavleva-4/progress/minute_0060.json,3649ae3bda17855d82c5e22d900d4d5891ea4a2ba36df6cda34029a76b869cb6,60,3600.025,ok,True,True,0.06420168870263744,0.07432624868898406,3600.025,exp(cos(0.25625116*cos(X0) + 0.23188296*cos(X3) + 0.25625116*cos(X4) - 3.978738)),exp(cos(0.25625116*cos(x0) + 0.23188296*cos(x3) + 0.25625116*cos(x4) - 3.978738)),True,16,6
jaxsr,g0001,Keijzer-11,520,clean,0.0,iaaccn23,formal3h_13alg_ssr50_seed520-522_noise0-001-005_20260622-014658,jaxsr_s520_clean_g0001,/home/zhangziwen/workplace/scientific-intelligent-modelling/experiments/formal3h_13alg_ssr50_seed520-522_noise0-001-005_20260622-014658/jaxsr/seed520/tasks/jaxsr_s520_clean_g0001/iaaccn23/jaxsr/g0001_Keijzer-11/progress/minute_0060.json,2f4ceb5a85b72bafa2bbf752cd4bc7b0bafddfb66f93ac4a6811ed8f54f1875c,60,3600.118,ok,True,True,0.0717051624589861,0.054402586303501754,3600.118,1.1156450510025*x0*x1 - 0.0387044064700603*x0**3.0,1.1156450510025*x0*x1 - 0.0387044064700603*x0**3.0,True,10,4
jaxsr,g0002,Keijzer-2,520,clean,0.0,iaaccn27,formal3h_13alg_ssr50_seed520-522_noise0-001-005_20260622-014658,jaxsr_s520_clean_g0002,/home/zhangziwen/workplace/scientific-intelligent-modelling/experiments/formal3h_13alg_ssr50_seed520-522_noise0-001-005_20260622-014658/jaxsr/seed520/tasks/jaxsr_s520_clean_g0002/iaaccn27/jaxsr/g0002_Keijzer-2/progress/minute_0060.json,84d98d055f425aa89c11e1ec24e79bf8221884628582d34c7bca0b30bdcf86a2,60,3600.014,ok,True,True,0.8250786194686536,2.314535376115173,3600.014,-0.0507318340241909*x0**2.0,-0.0507318340241909*x0**2.0,True,5,3
jaxsr,g0003,Korns-2,520,clean,0.0,iaaccn26,formal3h_13alg_ssr50_seed520-522_noise0-001-005_20260622-014658,jaxsr_s520_clean_g0003,/home/zhangziwen/workplace/scientific-intelligent-modelling/experiments/formal3h_13alg_ssr50_seed520-522_noise0-001-005_20260622-014658/jaxsr/seed520/tasks/jaxsr_s520_clean_g0003/iaaccn26/jaxsr/g0003_Korns-2/progress/minute_0060.json,f7b66367e5c9238cff8475f40e3f095a70555880eb3157f158923a73d3b9497a,60,3600.015,ok,True,True,1.0072406059600736,1.023105452821622,3600.015,0.0133552681654692*x1*x2,0.0133552681654692*x1*x2,True,4,2
jaxsr,g0004,Korns-4,520,clean,0.0,iaaccn22,formal3h_13alg_ssr50_seed520-522_noise0-001-005_20260622-014658,jaxsr_s520_clean_g0004,/home/zhangziwen/workplace/scientific-intelligent-modelling/experiments/formal3h_13alg_ssr50_seed520-522_noise0-001-005_20260622-014658/jaxsr/seed520/tasks/jaxsr_s520_clean_g0004/iaaccn22/jaxsr/g0004_Korns-4/progress/minute_0060.json,6d187f7f4af200b4d8b5e4edc119acbe34f7682035218599bbbbf1b759ffdbe9,60,3600.024,ok,True,True,0.001624954903398537,0.0017347878751051186,3600.024,2.38535940297879e-5*x0*x1 - 2.30233812332153,2.38535940297879e-5*x0*x1 - 2.30233812332153,True,6,3
jaxsr,g0005,BPG3,520,clean,0.0,iaaccn28,formal3h_13alg_ssr50_seed520-522_noise0-001-005_20260622-014658,jaxsr_s520_clean_g0005,/home/zhangziwen/workplace/scientific-intelligent-modelling/experiments/formal3h_13alg_ssr50_seed520-522_noise0-001-005_20260622-014658/jaxsr/seed520/tasks/jaxsr_s520_clean_g0005/iaaccn28/jaxsr/g0005_BPG3/progress/minute_0060.json,1e18a6472dcefc84ab88418754c40316bc2b4edbc98a3199aa764c56cfd86e18,60,3600.028,ok,True,True,6.744070904837912e-12,0.0341931204959589,3600.027,4.25459756314694e-9*x0 - 0.845064342021942*x1 + 0.271491378545761*x1**2.0 - 0.00854129437357187*x1**3.0 - 1.6070850961114e-7,4.25459756314694e-9*x0 - 0.845064342021942*x1 + 0.271491378545761*x1**2.0 - 0.00854129437357187*x1**3.0 - 1.6070850961114e-7,True,18,4
jaxsr,g0006,BPG5,520,clean,0.0,iaaccn29,formal3h_13alg_ssr50_seed520-522_noise0-001-005_20260622-014658,jaxsr_s520_clean_g0006,/home/zhangziwen/workplace/scientific-intelligent-modelling/experiments/formal3h_13alg_ssr50_seed520-522_noise0-001-005_20260622-014658/jaxsr/seed520/tasks/jaxsr_s520_clean_g0006/iaaccn29/jaxsr/g0006_BPG5/progress/minute_0060.json,c5dc83fc24e84e9e1c7a0c8c68d6df148aa008953f3ed59f8a01a05d4ef5d64b,60,3600.032,ok,True,True,3.0321666298616466e-09,2.4053165770150517e-06,3600.032,7.96023746918451e-10*x0**3.0 + 1.04169237613678*x1 - 0.0109400879591703*x1**2.0 - 4.20494536967908e-8*x1**3.0 - 0.0139686316251755,7.96023746918451e-10*x0**3.0 + 1.04169237613678*x1 - 0.0109400879591703*x1**2.0 - 4.20494536967908e-8*x1**3.0 - 0.0139686316251755,True,20,4
jaxsr,g0007,BPG9,520,clean,0.0,iaaccn22,formal3h_13alg_ssr50_seed520-522_noise0-001-005_20260622-014658,jaxsr_s520_clean_g0007,/home/zhangziwen/workplace/scientific-intelligent-modelling/experiments/formal3h_13alg_ssr50_seed520-522_noise0-001-005_20260622-014658/jaxsr/seed520/tasks/jaxsr_s520_clean_g0007/iaaccn22/jaxsr/g0007_BPG9/progress/minute_0060.json,f49b6c2e56a084147f873ca91475c81cf6943339f15d87f25fc7a0ff9f215bd1,60,3600.03,ok,True,True,9.032963747819539e-07,0.00031387663775890476,3600.03,1.67801439410198e-9*x0**3.0 + 0.00341384508647025*x1 + 0.176799133419991*x1**2.0 - 0.016319427639246*x1**3.0 - 0.00127889367286116,1.67801439410198e-9*x0**3.0 + 0.00341384508647025*x1 + 0.176799133419991*x1**2.0 - 0.016319427639246*x1**3.0 - 0.00127889367286116,True,20,4
jaxsr,g0008,CRK0,520,clean,0.0,iaaccn25,formal3h_13alg_ssr50_seed520-522_noise0-001-005_20260622-014658,jaxsr_s520_clean_g0008,/home/zhangziwen/workplace/scientific-intelligent-modelling/experiments/formal3h_13alg_ssr50_seed520-522_noise0-001-005_20260622-014658/jaxsr/seed520/tasks/jaxsr_s520_clean_g0008/iaaccn25/jaxsr/g0008_CRK0/progress/minute_0060.json,b089f9d4041245eb47e94a4834a0422e025f88dbe32005511d02bb532b63bceb,60,3600.091,ok,True,True,5.624779167375377e-06,0.0014959624837757183,3600.091,3.45093280884612e-6*x0 - 4.84599915751005e-8*x0**2.0 + 0.21421767771244*x1**2.0 - 0.250243991613388*x1**3.0 + 0.109210498631001,3.45093280884612e-6*x0 - 4.84599915751005e-8*x0**2.0 + 0.21421767771244*x1**2.0 - 0.250243991613388*x1**3.0 + 0.109210498631001,True,20,4
jaxsr,g0009,CRK10,520,clean,0.0,iaaccn24,formal3h_13alg_ssr50_seed520-522_noise0-001-005_20260622-014658,jaxsr_s520_clean_g0009,/home/zhangziwen/workplace/scientific-intelligent-modelling/experiments/formal3h_13alg_ssr50_seed520-522_noise0-001-005_20260622-014658/jaxsr/seed520/tasks/jaxsr_s520_clean_g0009/iaaccn24/jaxsr/g0009_CRK10/progress/minute_0060.json,55024f5cf5047b9d9dc919e98ffa9ca47f7a40e3fdddc94ba6a41e3a3a199468,60,3600.028,ok,True,True,2.472776741355328e-07,4.136465382700926e-06,3600.028,0.522182285785675*x1 - 0.361525058746338*x1**2.0 + 0.0268183164298534*x1**3.0 + 0.0151452803984284,0.522182285785675*x1 - 0.361525058746338*x1**2.0 + 0.0268183164298534*x1**3.0 + 0.0151452803984284,True,15,4
jaxsr,g0010,CRK11,520,clean,0.0,iaaccn26,formal3h_13alg_ssr50_seed520-522_noise0-001-005_20260622-014658,jaxsr_s520_clean_g0010,/home/zhangziwen/workplace/scientific-intelligent-modelling/experiments/formal3h_13alg_ssr50_seed520-522_noise0-001-005_20260622-014658/jaxsr/seed520/tasks/jaxsr_s520_clean_g0010/iaaccn26/jaxsr/g0010_CRK11/progress/minute_0060.json,12d1a636f8897994420ada424f27f3096cda76bd7ca537c73e88b0f81c818824,60,3600.036,ok,True,True,2.0973172527242827e-07,0.00010278430243437516,3600.036,-2.08150074954006e-9*x0**2.0 + 0.664543867111206*x1 - 1.31571018695831*x1**2.0 + 0.124146617949009*x1**3.0 + 0.149198144674301,-2.08150074954006e-9*x0**2.0 + 0.664543867111206*x1 - 1.31571018695831*x1**2.0 + 0.124146617949009*x1**3.0 + 0.149198144674301,True,20,4
jaxsr,g0011,CRK33,520,clean,0.0,iaaccn28,formal3h_13alg_ssr50_seed520-522_noise0-001-005_20260622-014658,jaxsr_s520_clean_g0011,/home/zhangziwen/workplace/scientific-intelligent-modelling/experiments/formal3h_13alg_ssr50_seed520-522_noise0-001-005_20260622-014658/jaxsr/seed520/tasks/jaxsr_s520_clean_g0011/iaaccn28/jaxsr/g0011_CRK33/progress/minute_0060.json,a1147ed3e9eff62679f107206a7d1f449ed672268260557d0e5d7970cd723fdf,60,3600.028,ok,True,True,1.5488781982893242e-06,0.0003648083534522545,3600.028,0.52425217628479*x1 - 0.277274459600449*x1**2.0 + 0.0164406504482031*x1**3.0 + 0.0415507592260838,0.52425217628479*x1 - 0.277274459600449*x1**2.0 + 0.0164406504482031*x1**3.0 + 0.0415507592260838,True,15,4
jaxsr,g0012,CRK34,520,clean,0.0,iaaccn29,formal3h_13alg_ssr50_seed520-522_noise0-001-005_20260622-014658,jaxsr_s520_clean_g0012,/home/zhangziwen/workplace/scientific-intelligent-modelling/experiments/formal3h_13alg_ssr50_seed520-522_noise0-001-005_20260622-014658/jaxsr/seed520/tasks/jaxsr_s520_clean_g0012/iaaccn29/jaxsr/g0012_CRK34/progress/minute_0060.json,e0ef0b108106125d6478ac5cbdeb11e41dd28fe8b4a0e4d8e5288c098b6a3d57,60,3600.03,ok,True,True,8.443195207035061e-06,0.02653677195100859,3600.03,4.13668749388307e-6*x0 + 0.259944438934326*x1 - 0.188829079270363*x1**2.0 - 0.00214507454074919*x1**3.0 + 0.489656537771225,4.13668749388307e-6*x0 + 0.259944438934326*x1 - 0.188829079270363*x1**2.0 - 0.00214507454074919*x1**3.0 + 0.489656537771225,True,18,4
jaxsr,g0013,I.11.19_4_0,520,clean,0.0,iaaccn22,formal3h_13alg_ssr50_seed520-522_noise0-001-005_20260622-014658,jaxsr_s520_clean_g0013,/home/zhangziwen/workplace/scientific-intelligent-modelling/experiments/formal3h_13alg_ssr50_seed520-522_noise0-001-005_20260622-014658/jaxsr/seed520/tasks/jaxsr_s520_clean_g0013/iaaccn22/jaxsr/g0013_I.11.19_4_0/progress/minute_0060.json,34e0d3846263126c7821526bf585ae4833b7f7aef873ca105d5eb0aa4f943c5a,60,3600.084,ok,True,True,0.030197989941818885,0.1454727700450717,3600.084,0.199344336986542*x0*x2 - 0.971274018287659*x0 + 0.465444713830948*x1*x4 - 0.0586147829890251*x2**3.0 - 0.339373201131821*x3*x5,0.199344336986542*x0*x2 - 0.971274018287659*x0 + 0.465444713830948*x1*x4 - 0.0586147829890251*x2**3.0 - 0.339373201131821*x3*x5,True,21,4
jaxsr,g0014,II.11.27_1_0,520,clean,0.0,iaaccn25,formal3h_13alg_ssr50_seed520-522_noise0-001-005_20260622-014658,jaxsr_s520_clean_g0014,/home/zhangziwen/workplace/scientific-intelligent-modelling/experiments/formal3h_13alg_ssr50_seed520-522_noise0-001-005_20260622-014658/jaxsr/seed520/tasks/jaxsr_s520_clean_g0014/iaaccn25/jaxsr/g0014_II.11.27_1_0/progress/minute_0060.json,02fdd31c22ef1fd40fb0e6126333e0366978efccb0fb8e615740cb5e4c552056,60,3600.249,ok,True,True,0.9875746883684831,1.0042477379539516,3600.248,-32.058895111084*x0*x1 + 21.8636608123779*x0 - 284.549438476563*x1 + 698.611206054688*x1**2.0 - 398.183776855469*x1**3.0,-32.058895111084*x0*x1 + 21.8636608123779*x0 - 284.549438476563*x1 + 698.611206054688*x1**2.0 - 398.183776855469*x1**3.0,True,21,4
jaxsr,g0015,II.34.2_1_0,520,clean,0.0,iaaccn28,formal3h_13alg_ssr50_seed520-522_noise0-001-005_20260622-014658,jaxsr_s520_clean_g0015,/home/zhangziwen/workplace/scientific-intelligent-modelling/experiments/formal3h_13alg_ssr50_seed520-522_noise0-001-005_20260622-014658/jaxsr/seed520/tasks/jaxsr_s520_clean_g0015/iaaccn28/jaxsr/g0015_II.34.2_1_0/progress/minute_0060.json,172ccada8fe8ace4bef9def4e5b16aadfdbe082d8e898b2a0a6907c52f6f3288,60,3600.069,ok,True,True,0.07343313662116081,0.3948319403087731,3600.069,-0.151856273412704*x0*x1 - 0.124591268599033*x0*x2 + 1.1667366027832*x0 - 0.80601704120636*x1**2.0 + 0.199959203600883*x1**3.0,-0.151856273412704*x0*x1 - 0.124591268599033*x0*x2 + 1.1667366027832*x0 - 0.80601704120636*x1**2.0 + 0.199959203600883*x1**3.0,True,22,4
jaxsr,g0016,II.6.15b_3_0,520,clean,0.0,iaaccn26,formal3h_13alg_ssr50_seed520-522_noise0-001-005_20260622-014658,jaxsr_s520_clean_g0016,/home/zhangziwen/workplace/scientific-intelligent-modelling/experiments/formal3h_13alg_ssr50_seed520-522_noise0-001-005_20260622-014658/jaxsr/seed520/tasks/jaxsr_s520_clean_g0016/iaaccn26/jaxsr/g0016_II.6.15b_3_0/progress/minute_0060.json,de14c08867a54c6d3eb0622279baa5da28e05b1d8b8e5d6dc9ea9c544aeb40bb,60,3600.044,ok,True,True,0.18287394064865237,1.4648275056636413,3600.044,1.73187518119812*x0*x1 - 106.27116394043*x0**2.0 - 552.280151367188*x0**3.0 + 0.0901911929249763*x2*x3 + 1.36798417568207,1.73187518119812*x0*x1 - 106.27116394043*x0**2.0 - 552.280151367188*x0**3.0 + 0.0901911929249763*x2*x3 + 1.36798417568207,True,20,4
jaxsr,g0017,III.21.20_3_0,520,clean,0.0,iaaccn29,formal3h_13alg_ssr50_seed520-522_noise0-001-005_20260622-014658,jaxsr_s520_clean_g0017,/home/zhangziwen/workplace/scientific-intelligent-modelling/experiments/formal3h_13alg_ssr50_seed520-522_noise0-001-005_20260622-014658/jaxsr/seed520/tasks/jaxsr_s520_clean_g0017/iaaccn29/jaxsr/g0017_III.21.20_3_0/progress/minute_0060.json,8d2bcc79210af30954d2f38bf0d2d3775cc580c896ac164daaa868b874ded3a8,60,3600.048,ok,True,True,0.6530066319829281,0.9999788643744155,3600.048,0.0231861434876919*x0*x1 + 0.0336922071874142*x0*x2 - 1.54746830958175e-5*x0**3.0 + 0.50992339849472*x1*x2 + 0.204066455364227*x2*x3,0.0231861434876919*x0*x1 + 0.0336922071874142*x0*x2 - 1.54746830958175e-5*x0**3.0 + 0.50992339849472*x1*x2 + 0.204066455364227*x2*x3,True,22,4
jaxsr,g0018,MatSci21,520,clean,0.0,iaaccn22,formal3h_13alg_ssr50_seed520-522_noise0-001-005_20260622-014658,jaxsr_s520_clean_g0018,/home/zhangziwen/workplace/scientific-intelligent-modelling/experiments/formal3h_13alg_ssr50_seed520-522_noise0-001-005_20260622-014658/jaxsr/seed520/tasks/jaxsr_s520_clean_g0018/iaaccn22/jaxsr/g0018_MatSci21/progress/minute_0060.json,fc83d3e695e4345fe17484cdd5df5ea3661baf497eda1eee8b39f7d57f47bc82,60,3600.031,ok,True,True,0.0007130054357215717,0.0021953942078226673,3600.031,-47.6311492919922*x0 - 769.539611816406*x0**2.0 + 2268.119140625*x0**3.0,-47.6311492919922*x0 - 769.539611816406*x0**2.0 + 2268.119140625*x0**3.0,True,14,4
jaxsr,g0019,PO19,520,clean,0.0,iaaccn29,formal3h_13alg_ssr50_seed520-522_noise0-001-005_20260622-014658,jaxsr_s520_clean_g0019,/home/zhangziwen/workplace/scientific-intelligent-modelling/experiments/formal3h_13alg_ssr50_seed520-522_noise0-001-005_20260622-014658/jaxsr/seed520/tasks/jaxsr_s520_clean_g0019/iaaccn29/jaxsr/g0019_PO19/progress/minute_0060.json,10a020cc7883373a08fc40350feecbc40ebdbd3b25d38c36956e9d0d5f10237a,60,3600.031,ok,True,True,0.003781258777975785,1.5413922431330902,3600.031,-0.116477131843567*x0*x1 - 1.74947547912598*x0 + 0.778311967849731*x0**3.0 - 0.651777565479279*x2 + 0.117666654288769*x2**3.0,-0.116477131843567*x0*x1 - 1.74947547912598*x0 + 0.778311967849731*x0**3.0 - 0.651777565479279*x2 + 0.117666654288769*x2**3.0,True,21,4
jaxsr,g0020,PO41,520,clean,0.0,iaaccn24,formal3h_13alg_ssr50_seed520-522_noise0-001-005_20260622-014658,jaxsr_s520_clean_g0020,/home/zhangziwen/workplace/scientific-intelligent-modelling/experiments/formal3h_13alg_ssr50_seed520-522_noise0-001-005_20260622-014658/jaxsr/seed520/tasks/jaxsr_s520_clean_g0020/iaaccn24/jaxsr/g0020_PO41/progress/minute_0060.json,fbbd673d7cc433f4a3581571cef8767d2c0c3c6da7f3fe01fc34866e1160110c,60,3600.039,ok,True,True,0.001135745118359588,0.10388933693345642,3600.039,-0.0188540499657393*x0*x1 - 0.886235654354095*x0 - 0.176431968808174*x0**2.0 + 0.589042901992798*x0**3.0 - 0.484292328357697*x2,-0.0188540499657393*x0*x1 - 0.886235654354095*x0 - 0.176431968808174*x0**2.0 + 0.589042901992798*x0**3.0 - 0.484292328357697*x2,True,21,4
jaxsr,g0021,Nguyen-12,520,clean,0.0,iaaccn22,formal3h_13alg_ssr50_seed520-522_noise0-001-005_20260622-014658,jaxsr_s520_clean_g0021,/home/zhangziwen/workplace/scientific-intelligent-modelling/experiments/formal3h_13alg_ssr50_seed520-522_noise0-001-005_20260622-014658/jaxsr/seed520/tasks/jaxsr_s520_clean_g0021/iaaccn22/jaxsr/g0021_Nguyen-12/progress/minute_0060.json,f7c17bae3a35bd979fa4eedde08988b1d330aa188471c7acc2c076f4c04a876b,60,3600.031,ok,True,True,8.90096232476324e-05,0.00487547739740755,3600.031,0.178654119372368*x0 - 1.03619611263275*x0**2.0 + 0.843241989612579*x0**3.0 - 1.00663042068481*x1 + 0.497395992279053*x1**2.0,0.178654119372368*x0 - 1.03619611263275*x0**2.0 + 0.843241989612579*x0**3.0 - 1.00663042068481*x1 + 0.497395992279053*x1**2.0,True,22,4
jaxsr,g0022,Nguyen-6,520,clean,0.0,iaaccn27,formal3h_13alg_ssr50_seed520-522_noise0-001-005_20260622-014658,jaxsr_s520_clean_g0022,/home/zhangziwen/workplace/scientific-intelligent-modelling/experiments/formal3h_13alg_ssr50_seed520-522_noise0-001-005_20260622-014658/jaxsr/seed520/tasks/jaxsr_s520_clean_g0022/iaaccn27/jaxsr/g0022_Nguyen-6/progress/minute_0060.json,bac773229b7ca97369928b169beadfc0273dbf8ce8b73a50cce8b679878d0220,60,3600.031,ok,True,True,0.0008624899587433433,0.09312649992966657,3600.031,2.08332848548889*x0 + 0.760847449302673*x0**2.0 - 0.822707533836365*x0**3.0 + 0.0156625974923372,2.08332848548889*x0 + 0.760847449302673*x0**2.0 - 0.822707533836365*x0**3.0 + 0.0156625974923372,True,15,4
jaxsr,g0023,Nguyen-9,520,clean,0.0,iaaccn23,formal3h_13alg_ssr50_seed520-522_noise0-001-005_20260622-014658,jaxsr_s520_clean_g0023,/home/zhangziwen/workplace/scientific-intelligent-modelling/experiments/formal3h_13alg_ssr50_seed520-522_noise0-001-005_20260622-014658/jaxsr/seed520/tasks/jaxsr_s520_clean_g0023/iaaccn23/jaxsr/g0023_Nguyen-9/progress/minute_0060.json,e0dc86806f9de7779db8f6f65e05c1cf9a09c72dfccb78b02553a921c1cc976a,60,3600.033,ok,True,True,0.000980989152221207,0.00020467835424483447,3600.032,1.0067275762558*x0 - 0.16522079706192*x0**3.0 - 0.115616858005524*x1 + 1.48638081550598*x1**2.0 - 0.522637605667114*x1**3.0,1.0067275762558*x0 - 0.16522079706192*x0**3.0 - 0.115616858005524*x1 + 1.48638081550598*x1**2.0 - 0.522637605667114*x1**3.0,True,22,4
jaxsr,g0024,feynman_II_15_4,520,clean,0.0,iaaccn28,formal3h_13alg_ssr50_seed520-522_noise0-001-005_20260622-014658,jaxsr_s520_clean_g0024,/home/zhangziwen/workplace/scientific-intelligent-modelling/experiments/formal3h_13alg_ssr50_seed520-522_noise0-001-005_20260622-014658/jaxsr/seed520/tasks/jaxsr_s520_clean_g0024/iaaccn28/jaxsr/g0024_feynman_II_15_4/progress/minute_0060.json,9c5c4d928697f0671f9623ec4b56e675da3165b7072d660e91216b7cd7d97ae1,60,3600.046,ok,True,True,0.2870834735072199,2.6442516728208716,3600.046,-0.258922457695007*x0*x1 + 1.25563204288483*x0*x2 - 1.51731753349304*x0 + 0.810859084129333*x1*x2 - 0.198287889361382*x2**3.0,-0.258922457695007*x0*x1 + 1.25563204288483*x0*x2 - 1.51731753349304*x0 + 0.810859084129333*x1*x2 - 0.198287889361382*x2**3.0,True,21,4
jaxsr,g0025,feynman_I_12_11,520,clean,0.0,iaaccn25,formal3h_13alg_ssr50_seed520-522_noise0-001-005_20260622-014658,jaxsr_s520_clean_g0025,/home/zhangziwen/workplace/scientific-intelligent-modelling/experiments/formal3h_13alg_ssr50_seed520-522_noise0-001-005_20260622-014658/jaxsr/seed520/tasks/jaxsr_s520_clean_g0025/iaaccn25/jaxsr/g0025_feynman_I_12_11/progress/minute_0060.json,be1533793fb5fd6e03a0db9e01fe04987e231e9a4842515da8f61d65ad2a9c68,60,3600.192,ok,True,True,0.2680691110315253,0.6451163341130828,3600.191,1.07707524299622*x0*x1 + 78.1370391845703*x4 - 33.3375053405762*x4**2.0 + 3.55212306976318*x4**3.0 - 27.345495223999,1.07707524299622*x0*x1 + 78.1370391845703*x4 - 33.3375053405762*x4**2.0 + 3.55212306976318*x4**3.0 - 27.345495223999,True,19,4
jaxsr,g0026,feynman_I_27_6,520,clean,0.0,iaaccn27,formal3h_13alg_ssr50_seed520-522_noise0-001-005_20260622-014658,jaxsr_s520_clean_g0026,/home/zhangziwen/workplace/scientific-intelligent-modelling/experiments/formal3h_13alg_ssr50_seed520-522_noise0-001-005_20260622-014658/jaxsr/seed520/tasks/jaxsr_s520_clean_g0026/iaaccn27/jaxsr/g0026_feynman_I_27_6/progress/minute_0060.json,8e7985801a514a5f9f7c085b8532d9fbaa6e14027174087ea8ef50f55baf80ee,60,3600.033,ok,True,True,0.011729341688831982,0.05830301812977007,3600.033,0.0157378427684307*x0*x1 - 0.0405619442462921*x0*x2 + 0.179840058088303*x0 - 0.0271361414343119*x1*x2 + 0.231612324714661*x1,0.0157378427684307*x0*x1 - 0.0405619442462921*x0*x2 + 0.179840058088303*x0 - 0.0271361414343119*x1*x2 + 0.231612324714661*x1,True,19,3
jaxsr,g0027,feynman_test_15,520,clean,0.0,iaaccn26,formal3h_13alg_ssr50_seed520-522_noise0-001-005_20260622-014658,jaxsr_s520_clean_g0027,/home/zhangziwen/workplace/scientific-intelligent-modelling/experiments/formal3h_13alg_ssr50_seed520-522_noise0-001-005_20260622-014658/jaxsr/seed520/tasks/jaxsr_s520_clean_g0027/iaaccn26/jaxsr/g0027_feynman_test_15/progress/minute_0060.json,237ba15edfd21b2dcfe5fd861640371e2e58fd9aa62c62241895f7133de27c90,60,3600.041,ok,True,True,0.009013107793937707,0.09518550692171385,3600.041,1.00788223743439*x2 + 0.647812962532043*x3 - 0.0541581250727177*x3**2.0 - 0.00922257360070944*x3**3.0 - 0.793863952159882,1.00788223743439*x2 + 0.647812962532043*x3 - 0.0541581250727177*x3**2.0 - 0.00922257360070944*x3**3.0 - 0.793863952159882,True,18,4
jaxsr,g0028,strogatz_barmag1,520,clean,0.0,iaaccn22,formal3h_13alg_ssr50_seed520-522_noise0-001-005_20260622-014658,jaxsr_s520_clean_g0028,/home/zhangziwen/workplace/scientific-intelligent-modelling/experiments/formal3h_13alg_ssr50_seed520-522_noise0-001-005_20260622-014658/jaxsr/seed520/tasks/jaxsr_s520_clean_g0028/iaaccn22/jaxsr/g0028_strogatz_barmag1/progress/minute_0060.json,65beb17b2e64d0b8d91ef8f49db1fecf98d39c5a10cf9fddcbbc5c22307101ca,60,3600.043,ok,True,True,0.012377569622440314,0.3019821942834689,3600.043,-0.00538833346217871*x0**3.0 + 0.181859284639359*x1 - 0.0252028200775385*x1**2.0 + 1.04593431949615,-0.00538833346217871*x0**3.0 + 0.181859284639359*x1 - 0.0252028200775385*x1**2.0 + 1.04593431949615,True,15,4
jaxsr,g0029,strogatz_barmag2,520,clean,0.0,iaaccn29,formal3h_13alg_ssr50_seed520-522_noise0-001-005_20260622-014658,jaxsr_s520_clean_g0029,/home/zhangziwen/workplace/scientific-intelligent-modelling/experiments/formal3h_13alg_ssr50_seed520-522_noise0-001-005_20260622-014658/jaxsr/seed520/tasks/jaxsr_s520_clean_g0029/iaaccn29/jaxsr/g0029_strogatz_barmag2/progress/minute_0060.json,289613c52afdf3c55ef26f4cfa7bd1c841d4815963d49f69ad0e298ade16e254,60,3600.026,ok,True,True,0.11238487698246913,3.670261444226248,3600.026,-0.0661517083644867*x0*x1 - 1.1944922208786*x1 + 0.586409330368042*x1**2.0 - 0.0543228834867477*x1**3.0 + 0.545166730880737,-0.0661517083644867*x0*x1 - 1.1944922208786*x1 + 0.586409330368042*x1**2.0 - 0.0543228834867477*x1**3.0 + 0.545166730880737,True,19,4
jaxsr,g0030,strogatz_predprey2,520,clean,0.0,iaaccn24,formal3h_13alg_ssr50_seed520-522_noise0-001-005_20260622-014658,jaxsr_s520_clean_g0030,/home/zhangziwen/workplace/scientific-intelligent-modelling/experiments/formal3h_13alg_ssr50_seed520-522_noise0-001-005_20260622-014658/jaxsr/seed520/tasks/jaxsr_s520_clean_g0030/iaaccn24/jaxsr/g0030_strogatz_predprey2/progress/minute_0060.json,e2e10f4f9b2b592aefdaa5aa2b9cc52ed83f4db7908c04ca4fa7587aba5d1cd9,60,3600.034,ok,True,True,0.023376555941825486,0.4089337360472419,3600.034,0.180763229727745*x0*x1 + 1.31295335292816*x0 - 0.350212693214417*x0**2.0 - 0.0843667611479759*x1 - 0.0500693246722221*x1**2.0,0.180763229727745*x0*x1 + 1.31295335292816*x0 - 0.350212693214417*x0**2.0 - 0.0843667611479759*x1 - 0.0500693246722221*x1**2.0,True,21,4
jaxsr,g0031,strogatz_shearflow1,520,clean,0.0,iaaccn27,formal3h_13alg_ssr50_seed520-522_noise0-001-005_20260622-014658,jaxsr_s520_clean_g0031,/home/zhangziwen/workplace/scientific-intelligent-modelling/experiments/formal3h_13alg_ssr50_seed520-522_noise0-001-005_20260622-014658/jaxsr/seed520/tasks/jaxsr_s520_clean_g0031/iaaccn27/jaxsr/g0031_strogatz_shearflow1/progress/minute_0060.json,4c036e30f6d2aacd921fc5be49a828f619177f03dfc4a1260ce93ab1d517e592,60,3600.028,ok,True,True,0.7191722494424623,2.847750827015543,3600.028,0.0239493660628796*x0**2.0 - 0.0972259119153023*x1 + 0.270510911941528*x1**2.0 + 0.00130394217558205*x1**3.0 - 0.990524172782898,0.0239493660628796*x0**2.0 - 0.0972259119153023*x1 + 0.270510911941528*x1**2.0 + 0.00130394217558205*x1**3.0 - 0.990524172782898,True,20,4
jaxsr,g0032,strogatz_vdp1,520,clean,0.0,iaaccn25,formal3h_13alg_ssr50_seed520-522_noise0-001-005_20260622-014658,jaxsr_s520_clean_g0032,/home/zhangziwen/workplace/scientific-intelligent-modelling/experiments/formal3h_13alg_ssr50_seed520-522_noise0-001-005_20260622-014658/jaxsr/seed520/tasks/jaxsr_s520_clean_g0032/iaaccn25/jaxsr/g0032_strogatz_vdp1/progress/minute_0060.json,9ab5ee53f3e5e82d5cd2936b7bb22a413108efcdfd41a45497dc54c3ae706065,60,3600.076,ok,True,True,3.4183687204057724e-12,3.1359618525051078e-12,3600.075,3.33334159851074*x0 - 3.33333992958069*x0**3.0 + 10.0000143051147*x1,3.33334159851074*x0 - 3.33333992958069*x0**3.0 + 10.0000143051147*x1,True,12,4
jaxsr,g0033,first_principles_hubble,520,clean,0.0,iaaccn28,formal3h_13alg_ssr50_seed520-522_noise0-001-005_20260622-014658,jaxsr_s520_clean_g0033,/home/zhangziwen/workplace/scientific-intelligent-modelling/experiments/formal3h_13alg_ssr50_seed520-522_noise0-001-005_20260622-014658/jaxsr/seed520/tasks/jaxsr_s520_clean_g0033/iaaccn28/jaxsr/g0033_first_principles_hubble/progress/minute_0060.json,cdc63ac46d1c889a0f8f73265f59374f8575dbd2a38fefb5d0b599a4c6cd9f33,60,3600.021,ok,True,True,0.0392450114835146,0.08850425583914218,3600.021,554.309387207031*x0 - 49.1684417724609*x0**3.0,554.309387207031*x0 - 49.1684417724609*x0**3.0,True,9,4
jaxsr,g0034,first_principles_leavitt,520,clean,0.0,iaaccn22,formal3h_13alg_ssr50_seed520-522_noise0-001-005_20260622-014658,jaxsr_s520_clean_g0034,/home/zhangziwen/workplace/scientific-intelligent-modelling/experiments/formal3h_13alg_ssr50_seed520-522_noise0-001-005_20260622-014658/jaxsr/seed520/tasks/jaxsr_s520_clean_g0034/iaaccn22/jaxsr/g0034_first_principles_leavitt/progress/minute_0060.json,322aea22a4ce0089aa1012a4896d33aceeed3487600e0fe032433aeb0440206e,60,3600.023,ok,True,True,0.00019600824086508158,0.0011063024062377821,3600.023,-1.52427113056183*x0**2.0 + 0.241664677858353*x0**3.0 + 14.9434108734131,-1.52427113056183*x0**2.0 + 0.241664677858353*x0**3.0 + 14.9434108734131,True,12,4
jaxsr,g0035,feynman-ii.4.23,520,clean,0.0,iaaccn23,formal3h_13alg_ssr50_seed520-522_noise0-001-005_20260622-014658,jaxsr_s520_clean_g0035,/home/zhangziwen/workplace/scientific-intelligent-modelling/experiments/formal3h_13alg_ssr50_seed520-522_noise0-001-005_20260622-014658/jaxsr/seed520/tasks/jaxsr_s520_clean_g0035/iaaccn23/jaxsr/g0035_feynman-ii.4.23/progress/minute_0060.json,60f1e77e65f0be0284a5ff1dc892d342d080ed9d71b5f9247550dbfcc20f2faa,60,3600.019,ok,True,True,0.388592665343138,9.35454000236564,3600.019,x0*(298905403392.0 - 524687048704.0*x1),x0*(298905403392.0 - 524687048704.0*x1),True,7,4
jaxsr,g0036,feynman-iii.7.38,520,clean,0.0,iaaccn25,formal3h_13alg_ssr50_seed520-522_noise0-001-005_20260622-014658,jaxsr_s520_clean_g0036,/home/zhangziwen/workplace/scientific-intelligent-modelling/experiments/formal3h_13alg_ssr50_seed520-522_noise0-001-005_20260622-014658/jaxsr/seed520/tasks/jaxsr_s520_clean_g0036/iaaccn25/jaxsr/g0036_feynman-iii.7.38/progress/minute_0060.json,5e1613ca7ce1352e2fed0831099b011bc6650e22a888adcdb1ce3acaf0355f44,60,3600.081,ok,True,True,3.4708950409947844e-13,3.47080553502637e-13,3600.08,1.89652327362718e+34*x0*x1 - 742788220059648.0,1.89652327362718e+34*x0*x1 - 742788220059648.0,True,6,3
jaxsr,g0037,feynman-i.18.16,520,clean,0.0,iaaccn24,formal3h_13alg_ssr50_seed520-522_noise0-001-005_20260622-014658,jaxsr_s520_clean_g0037,/home/zhangziwen/workplace/scientific-intelligent-modelling/experiments/formal3h_13alg_ssr50_seed520-522_noise0-001-005_20260622-014658/jaxsr/seed520/tasks/jaxsr_s520_clean_g0037/iaaccn24/jaxsr/g0037_feynman-i.18.16/progress/minute_0060.json,5e2243554869ccd82b6e50d00f6757a49f4e7b7cb7f3b386a4e399225ba9cb0e,60,3600.036,ok,True,True,0.8798633866375098,1.6390688346658675,3600.036,-1.17404043674469*x0*x4 + 3.18637919425964*x0 - 1.12955594062805*x3*x4 + 3.0950243473053*x3 + 0.0406905971467495*x4**3.0,-1.17404043674469*x0*x4 + 3.18637919425964*x0 - 1.12955594062805*x3*x4 + 3.0950243473053*x3 + 0.0406905971467495*x4**3.0,True,20,4
jaxsr,g0038,feynman-ii.27.18,520,clean,0.0,iaaccn28,formal3h_13alg_ssr50_seed520-522_noise0-001-005_20260622-014658,jaxsr_s520_clean_g0038,/home/zhangziwen/workplace/scientific-intelligent-modelling/experiments/formal3h_13alg_ssr50_seed520-522_noise0-001-005_20260622-014658/jaxsr/seed520/tasks/jaxsr_s520_clean_g0038/iaaccn28/jaxsr/g0038_feynman-ii.27.18/progress/minute_0060.json,8d5526ac868c4c59cfd05b400199f951687cbe5c902ba1bf6b83ca52a34caf24,60,3600.011,ok,True,True,1.0,1.0,3600.01,0,0,True,1,1
jaxsr,g0039,feynman-ii.34.11,520,clean,0.0,iaaccn23,formal3h_13alg_ssr50_seed520-522_noise0-001-005_20260622-014658,jaxsr_s520_clean_g0039,/home/zhangziwen/workplace/scientific-intelligent-modelling/experiments/formal3h_13alg_ssr50_seed520-522_noise0-001-005_20260622-014658/jaxsr/seed520/tasks/jaxsr_s520_clean_g0039/iaaccn23/jaxsr/g0039_feynman-ii.34.11/progress/minute_0060.json,134f7191972e99a0df776fb0b858786ac545d64c6c53bfa3f28869795cacd45e,60,3600.022,ok,True,True,0.9978857476018306,1.000286485672999,3600.022,-1.87349785730299e+18*x0*x4,-1.87349785730299e+18*x0*x4,True,4,2
jaxsr,g0040,feynman-i.29.16,520,clean,0.0,iaaccn28,formal3h_13alg_ssr50_seed520-522_noise0-001-005_20260622-014658,jaxsr_s520_clean_g0040,/home/zhangziwen/workplace/scientific-intelligent-modelling/experiments/formal3h_13alg_ssr50_seed520-522_noise0-001-005_20260622-014658/jaxsr/seed520/tasks/jaxsr_s520_clean_g0040/iaaccn28/jaxsr/g0040_feynman-i.29.16/progress/minute_0060.json,a98c530b63647dc59c88e3b5bbc3c2ad6dd95a9c600780c06b07f6b1b725decd,60,3600.03,ok,True,True,0.06556244840566512,0.19180692596969737,3600.03,-0.0933654755353928*x0*x1 + 0.793472409248352*x0 + 0.024866072461009*x0**2.0 + 0.777275562286377*x1 + 0.0278660263866186*x1**2.0,-0.0933654755353928*x0*x1 + 0.793472409248352*x0 + 0.024866072461009*x0**2.0 + 0.777275562286377*x1 + 0.0278660263866186*x1**2.0,True,21,4
jaxsr,g0041,feynman-bonus.20,520,clean,0.0,iaaccn27,formal3h_13alg_ssr50_seed520-522_noise0-001-005_20260622-014658,jaxsr_s520_clean_g0041,/home/zhangziwen/workplace/scientific-intelligent-modelling/experiments/formal3h_13alg_ssr50_seed520-522_noise0-001-005_20260622-014658/jaxsr/seed520/tasks/jaxsr_s520_clean_g0041/iaaccn27/jaxsr/g0041_feynman-bonus.20/progress/minute_0060.json,aa94e07c5ebf79ff260b05c59d50e7405c72e9376d912ffcf96541cdf2e838da,60,3600.011,ok,True,True,1.0,1.0,3600.011,0,0,True,1,1
jaxsr,g0042,feynman-i.15.3t,520,clean,0.0,iaaccn29,formal3h_13alg_ssr50_seed520-522_noise0-001-005_20260622-014658,jaxsr_s520_clean_g0042,/home/zhangziwen/workplace/scientific-intelligent-modelling/experiments/formal3h_13alg_ssr50_seed520-522_noise0-001-005_20260622-014658/jaxsr/seed520/tasks/jaxsr_s520_clean_g0042/iaaccn29/jaxsr/g0042_feynman-i.15.3t/progress/minute_0060.json,b2d12ee97d1eda03fb904fa669fb9d00433208fb056079ba6f9c74fb91ea68ae,60,3600.02,ok,True,True,1.7016976824457704e-08,4.876242148801861e-05,3600.02,1.00006306171417*x1 - 1.37516076303967e-9,1.00006306171417*x1 - 1.37516076303967e-9,True,5,3
jaxsr,g0043,feynman-i.39.22,520,clean,0.0,iaaccn27,formal3h_13alg_ssr50_seed520-522_noise0-001-005_20260622-014658,jaxsr_s520_clean_g0043,/home/zhangziwen/workplace/scientific-intelligent-modelling/experiments/formal3h_13alg_ssr50_seed520-522_noise0-001-005_20260622-014658/jaxsr/seed520/tasks/jaxsr_s520_clean_g0043/iaaccn27/jaxsr/g0043_feynman-i.39.22/progress/minute_0060.json,f129a2fc4f39566ab49ba7bdfe9d379c1c4bb142d523529c08d64c9faf75955b,60,3600.047,ok,True,True,0.7646284017323293,2.153222063827406,3600.047,-2211874048.0*x3*x4 + 1269576.75*x3 - 1374904123392.0*x4 + 3.69323513007309e+15*x4**2.0 - 2.18169206608023e+18*x4**3.0,-2211874048.0*x3*x4 + 1269576.75*x3 - 1374904123392.0*x4 + 3.69323513007309e+15*x4**2.0 - 2.18169206608023e+18*x4**3.0,True,21,4
jaxsr,g0044,feynman-iii.10.19,520,clean,0.0,iaaccn29,formal3h_13alg_ssr50_seed520-522_noise0-001-005_20260622-014658,jaxsr_s520_clean_g0044,/home/zhangziwen/workplace/scientific-intelligent-modelling/experiments/formal3h_13alg_ssr50_seed520-522_noise0-001-005_20260622-014658/jaxsr/seed520/tasks/jaxsr_s520_clean_g0044/iaaccn29/jaxsr/g0044_feynman-iii.10.19/progress/minute_0060.json,55b4a03af6be06e8e7e28b0a69ff788cee6ee202ef8edce2988637c1b0f3b77d,60,3600.008,ok,True,True,1.0,1.0,3600.008,0,0,True,1,1
jaxsr,g0045,feynman-i.13.12,520,clean,0.0,iaaccn29,formal3h_13alg_ssr50_seed520-522_noise0-001-005_20260622-014658,jaxsr_s520_clean_g0045,/home/zhangziwen/workplace/scientific-intelligent-modelling/experiments/formal3h_13alg_ssr50_seed520-522_noise0-001-005_20260622-014658/jaxsr/seed520/tasks/jaxsr_s520_clean_g0045/iaaccn29/jaxsr/g0045_feynman-i.13.12/progress/minute_0060.json,df37b7294fe7c72868df33d79c27d6910946a000d9c09f7dc3dc15705025739d,60,3600.03,ok,True,True,0.7296001151193167,0.7122458480054212,3600.03,-8.30305213472826e-10*x0*x2 + 6.12296657820366e-10*x0*x3 - 7.76589070827782e-10*x1*x2 + 6.27193741387089e-10*x1*x3 + 2.70158256876485e-10*x2**3.0,-8.30305213472826e-10*x0*x2 + 6.12296657820366e-10*x0*x3 - 7.76589070827782e-10*x1*x2 + 6.27193741387089e-10*x1*x3 + 2.70158256876485e-10*x2**3.0,True,22,4
jaxsr,g0046,feynman-i.32.5,520,clean,0.0,iaaccn27,formal3h_13alg_ssr50_seed520-522_noise0-001-005_20260622-014658,jaxsr_s520_clean_g0046,/home/zhangziwen/workplace/scientific-intelligent-modelling/experiments/formal3h_13alg_ssr50_seed520-522_noise0-001-005_20260622-014658/jaxsr/seed520/tasks/jaxsr_s520_clean_g0046/iaaccn27/jaxsr/g0046_feynman-i.32.5/progress/minute_0060.json,8b4306a8ae223095495bad1df77454692e560b2992eb9c67945308b18cdaeb8e,60,3600.018,ok,True,True,0.8185763408374275,0.8514495794032686,3600.018,0.00248223356902599*x0**2.0 - 3.03716819871624e-6,0.00248223356902599*x0**2.0 - 3.03716819871624e-6,True,7,4
jaxsr,g0047,feynman-i.43.31,520,clean,0.0,iaaccn25,formal3h_13alg_ssr50_seed520-522_noise0-001-005_20260622-014658,jaxsr_s520_clean_g0047,/home/zhangziwen/workplace/scientific-intelligent-modelling/experiments/formal3h_13alg_ssr50_seed520-522_noise0-001-005_20260622-014658/jaxsr/seed520/tasks/jaxsr_s520_clean_g0047/iaaccn25/jaxsr/g0047_feynman-i.43.31/progress/minute_0060.json,82e63fec329b61ca2054c3f9f0f3fde0a232f7e284876c8318d0d8fc838e6107,60,3600.027,ok,True,True,1.0,1.0,3600.027,0,0,True,1,1
jaxsr,g0048,feynman-i.11.19,520,clean,0.0,iaaccn24,formal3h_13alg_ssr50_seed520-522_noise0-001-005_20260622-014658,jaxsr_s520_clean_g0048,/home/zhangziwen/workplace/scientific-intelligent-modelling/experiments/formal3h_13alg_ssr50_seed520-522_noise0-001-005_20260622-014658/jaxsr/seed520/tasks/jaxsr_s520_clean_g0048/iaaccn24/jaxsr/g0048_feynman-i.11.19/progress/minute_0060.json,13b32708f5c45e31ae13c448ce9f52003f5475f15e8b2fb3f14b0fa47a84094c,60,3600.024,ok,True,True,6.934929769669323e-15,5.662617497121939e-15,3600.024,0.999999940395355*x0*x1 + 1.0*x2*x3 + 1.00000011920929*x5*x6,0.999999940395355*x0*x1 + 1.0*x2*x3 + 1.00000011920929*x5*x6,True,13,3
jaxsr,g0049,feynman-ii.34.2a,520,clean,0.0,iaaccn23,formal3h_13alg_ssr50_seed520-522_noise0-001-005_20260622-014658,jaxsr_s520_clean_g0049,/home/zhangziwen/workplace/scientific-intelligent-modelling/experiments/formal3h_13alg_ssr50_seed520-522_noise0-001-005_20260622-014658/jaxsr/seed520/tasks/jaxsr_s520_clean_g0049/iaaccn23/jaxsr/g0049_feynman-ii.34.2a/progress/minute_0060.json,f7c2d45588f21313685af7fd728067165a7afa94eb07553d8eb29d64bbb62a7d,60,3600.018,ok,True,True,0.5784816300405436,2.858795721563098,3600.018,3086179584.0*x1*x3,3086179584.0*x1*x3,True,4,2
jaxsr,g0050,Vladislavleva-4,520,clean,0.0,iaaccn28,formal3h_13alg_ssr50_seed520-522_noise0-001-005_20260622-014658,jaxsr_s520_clean_g0050,/home/zhangziwen/workplace/scientific-intelligent-modelling/experiments/formal3h_13alg_ssr50_seed520-522_noise0-001-005_20260622-014658/jaxsr/seed520/tasks/jaxsr_s520_clean_g0050/iaaccn28/jaxsr/g0050_Vladislavleva-4/progress/minute_0060.json,a2572be357c0e56a0bd28e401f49fff26efdf135b39d366de4b888924c9bcff3,60,3600.033,ok,True,True,0.08711317666160812,0.09757151171483534,3600.033,0.101125031709671*x3 - 0.00310258148238063*x3**3.0 + 0.112637832760811*x4 - 0.00333972810767591*x4**3.0 + 0.251041561365128,0.101125031709671*x3 - 0.00310258148238063*x3**3.0 + 0.112637832760811*x4 - 0.00333972810767591*x4**3.0 + 0.251041561365128,True,18,4
jaxsr,g0001,Keijzer-11,520,noise001,0.01,iaaccn26,formal3h_13alg_ssr50_seed520-522_noise0-001-005_20260622-014658,jaxsr_s520_noise001_g0001,/home/zhangziwen/workplace/scientific-intelligent-modelling/experiments/formal3h_13alg_ssr50_seed520-522_noise0-001-005_20260622-014658/jaxsr/seed520/tasks/jaxsr_s520_noise001_g0001/iaaccn26/jaxsr/g0001_Keijzer-11/progress/minute_0060.json,94efaf947e0667acaeac95450cadfb6cfc08153f7a6acdfe1fed7175ceb8cb46,60,3600.062,ok,True,True,0.073695527447134,0.05745558962168396,3600.062,1.11878085136414*x0*x1 - 0.040332168340683*x0**3.0,1.11878085136414*x0*x1 - 0.040332168340683*x0**3.0,True,10,4
jaxsr,g0002,Keijzer-2,520,noise001,0.01,iaaccn26,formal3h_13alg_ssr50_seed520-522_noise0-001-005_20260622-014658,jaxsr_s520_noise001_g0002,/home/zhangziwen/workplace/scientific-intelligent-modelling/experiments/formal3h_13alg_ssr50_seed520-522_noise0-001-005_20260622-014658/jaxsr/seed520/tasks/jaxsr_s520_noise001_g0002/iaaccn26/jaxsr/g0002_Keijzer-2/progress/minute_0060.json,0480b7865561d3904c77652cdd26d792c5a89bd4ee5e05c82a62743422e25f2f,60,3600.014,ok,True,True,0.8251415290985928,2.3117359839682017,3600.014,-0.0506441704928875*x0**2.0,-0.0506441704928875*x0**2.0,True,5,3
jaxsr,g0003,Korns-2,520,noise001,0.01,iaaccn22,formal3h_13alg_ssr50_seed520-522_noise0-001-005_20260622-014658,jaxsr_s520_noise001_g0003,/home/zhangziwen/workplace/scientific-intelligent-modelling/experiments/formal3h_13alg_ssr50_seed520-522_noise0-001-005_20260622-014658/jaxsr/seed520/tasks/jaxsr_s520_noise001_g0003/iaaccn22/jaxsr/g0003_Korns-2/progress/minute_0060.json,bb4fd0b050233c3a4fce55afef1f9f2944165222a86b7017fc31f96f8ad21d32,60,3600.014,ok,True,True,1.0074116312458523,1.0233597117393665,3600.014,0.0134216202422976*x1*x2,0.0134216202422976*x1*x2,True,4,2
jaxsr,g0004,Korns-4,520,noise001,0.01,iaaccn25,formal3h_13alg_ssr50_seed520-522_noise0-001-005_20260622-014658,jaxsr_s520_noise001_g0004,/home/zhangziwen/workplace/scientific-intelligent-modelling/experiments/formal3h_13alg_ssr50_seed520-522_noise0-001-005_20260622-014658/jaxsr/seed520/tasks/jaxsr_s520_noise001_g0004/iaaccn25/jaxsr/g0004_Korns-4/progress/minute_0060.json,0ee5e5a16bc337d3b55e2bb56fa4717df622cef23bef90ea3c16304199ba351d,60,3600.062,ok,True,True,0.0015258099030634894,0.0016222261229475925,3600.061,-2.30116558074951,-2.30116558074951,True,1,1
jaxsr,g0005,BPG3,520,noise001,0.01,iaaccn28,formal3h_13alg_ssr50_seed520-522_noise0-001-005_20260622-014658,jaxsr_s520_noise001_g0005,/home/zhangziwen/workplace/scientific-intelligent-modelling/experiments/formal3h_13alg_ssr50_seed520-522_noise0-001-005_20260622-014658/jaxsr/seed520/tasks/jaxsr_s520_noise001_g0005/iaaccn28/jaxsr/g0005_BPG3/progress/minute_0060.json,9352673b24e2e4e1409e9d22cfe9e8f6f2f4ee65d4f917a055b0de98ea592c55,60,3600.026,ok,True,True,2.9467122393323366e-08,9.501210442082954e-09,3600.026,-0.844999730587006*x1 + 0.270391017198563*x1**2.0 - 0.00737002957612276*x1**3.0,-0.844999730587006*x1 + 0.270391017198563*x1**2.0 - 0.00737002957612276*x1**3.0,True,14,4
jaxsr,g0006,BPG5,520,noise001,0.01,iaaccn27,formal3h_13alg_ssr50_seed520-522_noise0-001-005_20260622-014658,jaxsr_s520_noise001_g0006,/home/zhangziwen/workplace/scientific-intelligent-modelling/experiments/formal3h_13alg_ssr50_seed520-522_noise0-001-005_20260622-014658/jaxsr/seed520/tasks/jaxsr_s520_noise001_g0006/iaaccn27/jaxsr/g0006_BPG5/progress/minute_0060.json,25f30bfc48530253fe02a994202250e69522972c9f99d24138ed045c1551110c,60,3600.026,ok,True,True,1.368950452740987e-07,5.821700135146553e-07,3600.026,1.04047250747681*x1 - 0.010913054458797*x1**2.0 - 2.03806976628584e-7*x1**3.0 - 0.00319728814065456,1.04047250747681*x1 - 0.010913054458797*x1**2.0 - 2.03806976628584e-7*x1**3.0 - 0.00319728814065456,True,15,4
jaxsr,g0007,BPG9,520,noise001,0.01,iaaccn29,formal3h_13alg_ssr50_seed520-522_noise0-001-005_20260622-014658,jaxsr_s520_noise001_g0007,/home/zhangziwen/workplace/scientific-intelligent-modelling/experiments/formal3h_13alg_ssr50_seed520-522_noise0-001-005_20260622-014658/jaxsr/seed520/tasks/jaxsr_s520_noise001_g0007/iaaccn29/jaxsr/g0007_BPG9/progress/minute_0060.json,f921f509556a89ae3a1a8b5c345d1287d82ed84bbb6ed38a353ad977916c71c6,60,3600.042,ok,True,True,1.2177719391534965e-06,1.614466718156639e-05,3600.042,0.0027985074557364*x1 + 0.176943138241768*x1**2.0 - 0.0163275692611933*x1**3.0 - 0.00103583256714046,0.0027985074557364*x1 + 0.176943138241768*x1**2.0 - 0.0163275692611933*x1**3.0 - 0.00103583256714046,True,15,4
jaxsr,g0008,CRK0,520,noise001,0.01,iaaccn26,formal3h_13alg_ssr50_seed520-522_noise0-001-005_20260622-014658,jaxsr_s520_noise001_g0008,/home/zhangziwen/workplace/scientific-intelligent-modelling/experiments/formal3h_13alg_ssr50_seed520-522_noise0-001-005_20260622-014658/jaxsr/seed520/tasks/jaxsr_s520_noise001_g0008/iaaccn26/jaxsr/g0008_CRK0/progress/minute_0060.json,9658632489b2304c191796f2ae9618013eb82184851aede7761a00e108bf6063,60,3600.029,ok,True,True,5.8513693836768e-06,0.005165029054412805,3600.029,4.27503618993796e-6*x0 - 6.37899262301289e-8*x0**2.0 + 0.212659031152725*x1**2.0 - 0.249318525195122*x1**3.0 + 0.109852820634842,4.27503618993796e-6*x0 - 6.37899262301289e-8*x0**2.0 + 0.212659031152725*x1**2.0 - 0.249318525195122*x1**3.0 + 0.109852820634842,True,20,4
jaxsr,g0009,CRK10,520,noise001,0.01,iaaccn24,formal3h_13alg_ssr50_seed520-522_noise0-001-005_20260622-014658,jaxsr_s520_noise001_g0009,/home/zhangziwen/workplace/scientific-intelligent-modelling/experiments/formal3h_13alg_ssr50_seed520-522_noise0-001-005_20260622-014658/jaxsr/seed520/tasks/jaxsr_s520_noise001_g0009/iaaccn24/jaxsr/g0009_CRK10/progress/minute_0060.json,c7e4a01b3584b5da62e4ceef67136430e60241d6c4a7cfaae16b11234b273310,60,3600.023,ok,True,True,3.0384125449335873e-07,0.00025390868294981113,3600.023,0.531521081924438*x1 - 0.368663787841797*x1**2.0 + 0.0285864509642124*x1**3.0 + 0.0112180896103382,0.531521081924438*x1 - 0.368663787841797*x1**2.0 + 0.0285864509642124*x1**3.0 + 0.0112180896103382,True,15,4
jaxsr,g0010,CRK11,520,noise001,0.01,iaaccn28,formal3h_13alg_ssr50_seed520-522_noise0-001-005_20260622-014658,jaxsr_s520_noise001_g0010,/home/zhangziwen/workplace/scientific-intelligent-modelling/experiments/formal3h_13alg_ssr50_seed520-522_noise0-001-005_20260622-014658/jaxsr/seed520/tasks/jaxsr_s520_noise001_g0010/iaaccn28/jaxsr/g0010_CRK11/progress/minute_0060.json,ea10f75bc10459d619037241ee9cfcc7a1b591712792b199f2f39097e53add7b,60,3600.028,ok,True,True,2.083676218018316e-07,2.1353209748651963e-05,3600.028,-2.63656763088704e-9*x0**2.0 + 0.721807897090912*x1 - 1.38386881351471*x1**2.0 + 0.150958627462387*x1**3.0 + 0.133304461836815,-2.63656763088704e-9*x0**2.0 + 0.721807897090912*x1 - 1.38386881351471*x1**2.0 + 0.150958627462387*x1**3.0 + 0.133304461836815,True,20,4
jaxsr,g0011,CRK33,520,noise001,0.01,iaaccn25,formal3h_13alg_ssr50_seed520-522_noise0-001-005_20260622-014658,jaxsr_s520_noise001_g0011,/home/zhangziwen/workplace/scientific-intelligent-modelling/experiments/formal3h_13alg_ssr50_seed520-522_noise0-001-005_20260622-014658/jaxsr/seed520/tasks/jaxsr_s520_noise001_g0011/iaaccn25/jaxsr/g0011_CRK33/progress/minute_0060.json,a120ecebab6d587fceb0d8544468bd600ca4ef8692dc88c084862aaa2c06372c,60,3600.3,ok,True,True,2.022808637929989e-06,0.0017863550184700583,3600.297,0.519067227840424*x1 - 0.27430471777916*x1**2.0 + 0.0158864557743073*x1**3.0 + 0.044489711523056,0.519067227840424*x1 - 0.27430471777916*x1**2.0 + 0.0158864557743073*x1**3.0 + 0.044489711523056,True,15,4
jaxsr,g0012,CRK34,520,noise001,0.01,iaaccn27,formal3h_13alg_ssr50_seed520-522_noise0-001-005_20260622-014658,jaxsr_s520_noise001_g0012,/home/zhangziwen/workplace/scientific-intelligent-modelling/experiments/formal3h_13alg_ssr50_seed520-522_noise0-001-005_20260622-014658/jaxsr/seed520/tasks/jaxsr_s520_noise001_g0012/iaaccn27/jaxsr/g0012_CRK34/progress/minute_0060.json,0e92e3b02c4e5db44c4d26def892477e8e854a65f7d8b0f3de506dfe70359555,60,3600.027,ok,True,True,8.314347874556635e-06,0.02195449640688856,3600.027,3.37626715918304e-6*x0 + 0.260916084051132*x1 - 0.189495429396629*x1**2.0 - 0.00199820217676461*x1**3.0 + 0.489170342683792,3.37626715918304e-6*x0 + 0.260916084051132*x1 - 0.189495429396629*x1**2.0 - 0.00199820217676461*x1**3.0 + 0.489170342683792,True,18,4
jaxsr,g0013,I.11.19_4_0,520,noise001,0.01,iaaccn24,formal3h_13alg_ssr50_seed520-522_noise0-001-005_20260622-014658,jaxsr_s520_noise001_g0013,/home/zhangziwen/workplace/scientific-intelligent-modelling/experiments/formal3h_13alg_ssr50_seed520-522_noise0-001-005_20260622-014658/jaxsr/seed520/tasks/jaxsr_s520_noise001_g0013/iaaccn24/jaxsr/g0013_I.11.19_4_0/progress/minute_0060.json,ae0dddd4089f46c947fe90c52b3c130dd284de2fdb99d06bc6a144ec8ce3c604,60,3600.089,ok,True,True,0.03019824069422216,0.14546834839971348,3600.088,0.199361518025398*x0*x2 - 0.971312642097473*x0 + 0.465463429689407*x1*x4 - 0.0586392432451248*x2**3.0 - 0.339367002248764*x3*x5,0.199361518025398*x0*x2 - 0.971312642097473*x0 + 0.465463429689407*x1*x4 - 0.0586392432451248*x2**3.0 - 0.339367002248764*x3*x5,True,21,4
jaxsr,g0014,II.11.27_1_0,520,noise001,0.01,iaaccn25,formal3h_13alg_ssr50_seed520-522_noise0-001-005_20260622-014658,jaxsr_s520_noise001_g0014,/home/zhangziwen/workplace/scientific-intelligent-modelling/experiments/formal3h_13alg_ssr50_seed520-522_noise0-001-005_20260622-014658/jaxsr/seed520/tasks/jaxsr_s520_noise001_g0014/iaaccn25/jaxsr/g0014_II.11.27_1_0/progress/minute_0060.json,88d54b3ba04b09f798c83e22183128254547dfc7ba68be8a7b1ee90b3380f40f,60,3600.203,ok,True,True,0.9875756012021144,1.0042432266533732,3600.2,-32.0357055664063*x0*x1 + 21.8461685180664*x0 - 283.990051269531*x1 + 697.159606933594*x1**2.0 - 397.300537109375*x1**3.0,-32.0357055664063*x0*x1 + 21.8461685180664*x0 - 283.990051269531*x1 + 697.159606933594*x1**2.0 - 397.300537109375*x1**3.0,True,21,4
jaxsr,g0015,II.34.2_1_0,520,noise001,0.01,iaaccn22,formal3h_13alg_ssr50_seed520-522_noise0-001-005_20260622-014658,jaxsr_s520_noise001_g0015,/home/zhangziwen/workplace/scientific-intelligent-modelling/experiments/formal3h_13alg_ssr50_seed520-522_noise0-001-005_20260622-014658/jaxsr/seed520/tasks/jaxsr_s520_noise001_g0015/iaaccn22/jaxsr/g0015_II.34.2_1_0/progress/minute_0060.json,83d9d5eb5b8d69df476549a237ba540845157413d809ef23e6e85f112b92df9c,60,3600.055,ok,True,True,0.07343306854808279,0.39484106950565073,3600.055,-0.151846036314964*x0*x1 - 0.124585658311844*x0*x2 + 1.16669774055481*x0 - 0.805945694446564*x1**2.0 + 0.19993169605732*x1**3.0,-0.151846036314964*x0*x1 - 0.124585658311844*x0*x2 + 1.16669774055481*x0 - 0.805945694446564*x1**2.0 + 0.19993169605732*x1**3.0,True,22,4
jaxsr,g0016,II.6.15b_3_0,520,noise001,0.01,iaaccn26,formal3h_13alg_ssr50_seed520-522_noise0-001-005_20260622-014658,jaxsr_s520_noise001_g0016,/home/zhangziwen/workplace/scientific-intelligent-modelling/experiments/formal3h_13alg_ssr50_seed520-522_noise0-001-005_20260622-014658/jaxsr/seed520/tasks/jaxsr_s520_noise001_g0016/iaaccn26/jaxsr/g0016_II.6.15b_3_0/progress/minute_0060.json,b0f2839299fc44efef191df01a450d8b420308c3e859b5fc96698ec1f8fe2a65,60,3600.047,ok,True,True,0.18287409821523756,1.464610718329695,3600.047,1.73196458816528*x0*x1 - 106.266128540039*x0**2.0 - 552.247497558594*x0**3.0 + 0.0902054309844971*x2*x3 + 1.36798489093781,1.73196458816528*x0*x1 - 106.266128540039*x0**2.0 - 552.247497558594*x0**3.0 + 0.0902054309844971*x2*x3 + 1.36798489093781,True,20,4
jaxsr,g0017,III.21.20_3_0,520,noise001,0.01,iaaccn25,formal3h_13alg_ssr50_seed520-522_noise0-001-005_20260622-014658,jaxsr_s520_noise001_g0017,/home/zhangziwen/workplace/scientific-intelligent-modelling/experiments/formal3h_13alg_ssr50_seed520-522_noise0-001-005_20260622-014658/jaxsr/seed520/tasks/jaxsr_s520_noise001_g0017/iaaccn25/jaxsr/g0017_III.21.20_3_0/progress/minute_0060.json,c4abfb383abeff0772f1d48e05626828d4d6a4ac2f08c16911e67ce8c18671ec,60,3600.275,ok,True,True,0.6530063155803207,0.9999788649455511,3600.274,0.0231819823384285*x0*x1 + 0.0336930304765701*x0*x2 - 1.54733315866906e-5*x0**3.0 + 0.509923756122589*x1*x2 + 0.204041287302971*x2*x3,0.0231819823384285*x0*x1 + 0.0336930304765701*x0*x2 - 1.54733315866906e-5*x0**3.0 + 0.509923756122589*x1*x2 + 0.204041287302971*x2*x3,True,22,4
jaxsr,g0018,MatSci21,520,noise001,0.01,iaaccn24,formal3h_13alg_ssr50_seed520-522_noise0-001-005_20260622-014658,jaxsr_s520_noise001_g0018,/home/zhangziwen/workplace/scientific-intelligent-modelling/experiments/formal3h_13alg_ssr50_seed520-522_noise0-001-005_20260622-014658/jaxsr/seed520/tasks/jaxsr_s520_noise001_g0018/iaaccn24/jaxsr/g0018_MatSci21/progress/minute_0060.json,82902b8f1d7c266ec09c179670996748e88f5c0f870150f76d38b8ae22e42d04,60,3600.027,ok,True,True,0.0007127049682202012,0.0021729643946336993,3600.027,-0.173760011792183*x0*x1 - 683.853332519531*x0**2.0 + 2269.80639648438*x0**3.0,-0.173760011792183*x0*x1 - 683.853332519531*x0**2.0 + 2269.80639648438*x0**3.0,True,15,4
jaxsr,g0019,PO19,520,noise001,0.01,iaaccn28,formal3h_13alg_ssr50_seed520-522_noise0-001-005_20260622-014658,jaxsr_s520_noise001_g0019,/home/zhangziwen/workplace/scientific-intelligent-modelling/experiments/formal3h_13alg_ssr50_seed520-522_noise0-001-005_20260622-014658/jaxsr/seed520/tasks/jaxsr_s520_noise001_g0019/iaaccn28/jaxsr/g0019_PO19/progress/minute_0060.json,40d5703470e7f706f7ce114b23c5ffdc1375f5c23db1d2079e5abb7664fa6eb3,60,3600.034,ok,True,True,0.0037894463677930986,1.53433567669408,3600.034,-0.11625549942255*x0*x1 - 1.75031268596649*x0 + 0.779265820980072*x0**3.0 - 0.651910722255707*x2 + 0.118167772889137*x2**3.0,-0.11625549942255*x0*x1 - 1.75031268596649*x0 + 0.779265820980072*x0**3.0 - 0.651910722255707*x2 + 0.118167772889137*x2**3.0,True,21,4
jaxsr,g0020,PO41,520,noise001,0.01,iaaccn22,formal3h_13alg_ssr50_seed520-522_noise0-001-005_20260622-014658,jaxsr_s520_noise001_g0020,/home/zhangziwen/workplace/scientific-intelligent-modelling/experiments/formal3h_13alg_ssr50_seed520-522_noise0-001-005_20260622-014658/jaxsr/seed520/tasks/jaxsr_s520_noise001_g0020/iaaccn22/jaxsr/g0020_PO41/progress/minute_0060.json,27ad94813add2bfc0f6863656f996b51ef2cd81406e272b6b2700ba33f8dbc1b,60,3600.041,ok,True,True,0.0011349043746035705,0.10361162650139291,3600.04,-0.0188351552933455*x0*x1 - 0.886366486549377*x0 - 0.175983965396881*x0**2.0 + 0.588722705841064*x0**3.0 - 0.484145313501358*x2,-0.0188351552933455*x0*x1 - 0.886366486549377*x0 - 0.175983965396881*x0**2.0 + 0.588722705841064*x0**3.0 - 0.484145313501358*x2,True,21,4
jaxsr,g0021,Nguyen-12,520,noise001,0.01,iaaccn27,formal3h_13alg_ssr50_seed520-522_noise0-001-005_20260622-014658,jaxsr_s520_noise001_g0021,/home/zhangziwen/workplace/scientific-intelligent-modelling/experiments/formal3h_13alg_ssr50_seed520-522_noise0-001-005_20260622-014658/jaxsr/seed520/tasks/jaxsr_s520_noise001_g0021/iaaccn27/jaxsr/g0021_Nguyen-12/progress/minute_0060.json,3680222b57d0475767c59a300a89371c59829ba7cd69ed4bf2b35986ae6c890e,60,3600.028,ok,True,True,7.321081298972095e-05,0.00489335307252187,3600.028,0.171553030610085*x0 - 1.01855874061584*x0**2.0 + 0.83226865530014*x0**3.0 - 1.002720952034*x1 + 0.493802458047867*x1**2.0,0.171553030610085*x0 - 1.01855874061584*x0**2.0 + 0.83226865530014*x0**3.0 - 1.002720952034*x1 + 0.493802458047867*x1**2.0,True,22,4
jaxsr,g0022,Nguyen-6,520,noise001,0.01,iaaccn26,formal3h_13alg_ssr50_seed520-522_noise0-001-005_20260622-014658,jaxsr_s520_noise001_g0022,/home/zhangziwen/workplace/scientific-intelligent-modelling/experiments/formal3h_13alg_ssr50_seed520-522_noise0-001-005_20260622-014658/jaxsr/seed520/tasks/jaxsr_s520_noise001_g0022/iaaccn26/jaxsr/g0022_Nguyen-6/progress/minute_0060.json,0b74ebd7baf38a8f25f72f1f381df92d663ab74bbe3274af10011998f8ed958d,60,3600.03,ok,True,True,0.0006541619283510981,0.10013013165697503,3600.03,2.08361673355103*x0 + 0.775579154491425*x0**2.0 - 0.849958717823029*x0**3.0 + 0.0129439169541001,2.08361673355103*x0 + 0.775579154491425*x0**2.0 - 0.849958717823029*x0**3.0 + 0.0129439169541001,True,15,4
jaxsr,g0023,Nguyen-9,520,noise001,0.01,iaaccn24,formal3h_13alg_ssr50_seed520-522_noise0-001-005_20260622-014658,jaxsr_s520_noise001_g0023,/home/zhangziwen/workplace/scientific-intelligent-modelling/experiments/formal3h_13alg_ssr50_seed520-522_noise0-001-005_20260622-014658/jaxsr/seed520/tasks/jaxsr_s520_noise001_g0023/iaaccn24/jaxsr/g0023_Nguyen-9/progress/minute_0060.json,19729067043e620b7ebca189837ab4793b41b1e59127d23f20d71a87afea3e1e,60,3600.034,ok,True,True,0.0004212559587613284,0.0003164190467729772,3600.034,0.996184945106506*x0 - 0.155172407627106*x0**3.0 - 0.0800870209932327*x1 + 1.39693748950958*x1**2.0 - 0.46139395236969*x1**3.0,0.996184945106506*x0 - 0.155172407627106*x0**3.0 - 0.0800870209932327*x1 + 1.39693748950958*x1**2.0 - 0.46139395236969*x1**3.0,True,22,4
jaxsr,g0024,feynman_II_15_4,520,noise001,0.01,iaaccn27,formal3h_13alg_ssr50_seed520-522_noise0-001-005_20260622-014658,jaxsr_s520_noise001_g0024,/home/zhangziwen/workplace/scientific-intelligent-modelling/experiments/formal3h_13alg_ssr50_seed520-522_noise0-001-005_20260622-014658/jaxsr/seed520/tasks/jaxsr_s520_noise001_g0024/iaaccn27/jaxsr/g0024_feynman_II_15_4/progress/minute_0060.json,5aa8ff11548e9a5bdad7849384b05ce78df14f91231aec017ab832406e38f6b3,60,3600.041,ok,True,True,0.2870839851794397,2.6441272404841794,3600.041,-0.25888380408287*x0*x1 + 1.25545167922974*x0*x2 - 1.51695716381073*x0 + 0.810822546482086*x1*x2 - 0.198272362351418*x2**3.0,-0.25888380408287*x0*x1 + 1.25545167922974*x0*x2 - 1.51695716381073*x0 + 0.810822546482086*x1*x2 - 0.198272362351418*x2**3.0,True,21,4
jaxsr,g0025,feynman_I_12_11,520,noise001,0.01,iaaccn24,formal3h_13alg_ssr50_seed520-522_noise0-001-005_20260622-014658,jaxsr_s520_noise001_g0025,/home/zhangziwen/workplace/scientific-intelligent-modelling/experiments/formal3h_13alg_ssr50_seed520-522_noise0-001-005_20260622-014658/jaxsr/seed520/tasks/jaxsr_s520_noise001_g0025/iaaccn24/jaxsr/g0025_feynman_I_12_11/progress/minute_0060.json,3ed1fd5dbd179cf54f0bf65542779cc38916be584c8ee7f40b327083877b3c75,60,3600.038,ok,True,True,0.2680683952108772,0.6451049452902625,3600.038,1.07687735557556*x0*x1 + 78.0963592529297*x4 - 33.3218269348145*x4**2.0 + 3.55033493041992*x4**3.0 - 27.3127975463867,1.07687735557556*x0*x1 + 78.0963592529297*x4 - 33.3218269348145*x4**2.0 + 3.55033493041992*x4**3.0 - 27.3127975463867,True,19,4
jaxsr,g0026,feynman_I_27_6,520,noise001,0.01,iaaccn26,formal3h_13alg_ssr50_seed520-522_noise0-001-005_20260622-014658,jaxsr_s520_noise001_g0026,/home/zhangziwen/workplace/scientific-intelligent-modelling/experiments/formal3h_13alg_ssr50_seed520-522_noise0-001-005_20260622-014658/jaxsr/seed520/tasks/jaxsr_s520_noise001_g0026/iaaccn26/jaxsr/g0026_feynman_I_27_6/progress/minute_0060.json,d4aac131797dbec207dedbcc95d0cf915967cc38edfc0928adbd41636c8530a5,60,3600.029,ok,True,True,0.011729259804990823,0.05830858608975822,3600.029,0.0157336425036192*x0*x1 - 0.0405659563839436*x0*x2 + 0.179859608411789*x0 - 0.0271313153207302*x1*x2 + 0.231599941849709*x1,0.0157336425036192*x0*x1 - 0.0405659563839436*x0*x2 + 0.179859608411789*x0 - 0.0271313153207302*x1*x2 + 0.231599941849709*x1,True,19,3
jaxsr,g0027,feynman_test_15,520,noise001,0.01,iaaccn25,formal3h_13alg_ssr50_seed520-522_noise0-001-005_20260622-014658,jaxsr_s520_noise001_g0027,/home/zhangziwen/workplace/scientific-intelligent-modelling/experiments/formal3h_13alg_ssr50_seed520-522_noise0-001-005_20260622-014658/jaxsr/seed520/tasks/jaxsr_s520_noise001_g0027/iaaccn25/jaxsr/g0027_feynman_test_15/progress/minute_0060.json,cfec1fb865008d3304a8381a638b9755cdfc5ad5cfd33c8b070960afc52671c1,60,3600.359,ok,True,True,0.009013097314213169,0.09519182487071443,3600.357,1.00790727138519*x2 + 0.647916495800018*x3 - 0.0542130470275879*x3**2.0 - 0.00921613071113825*x3**3.0 - 0.793971717357635,1.00790727138519*x2 + 0.647916495800018*x3 - 0.0542130470275879*x3**2.0 - 0.00921613071113825*x3**3.0 - 0.793971717357635,True,18,4
jaxsr,g0028,strogatz_barmag1,520,noise001,0.01,iaaccn23,formal3h_13alg_ssr50_seed520-522_noise0-001-005_20260622-014658,jaxsr_s520_noise001_g0028,/home/zhangziwen/workplace/scientific-intelligent-modelling/experiments/formal3h_13alg_ssr50_seed520-522_noise0-001-005_20260622-014658/jaxsr/seed520/tasks/jaxsr_s520_noise001_g0028/iaaccn23/jaxsr/g0028_strogatz_barmag1/progress/minute_0060.json,f1f5b071eb655e42e94d5636dcd3c6b29c4c2693bfb5b7fc940286ff236c7a15,60,3600.031,ok,True,True,0.01759436655637035,0.3094044831129889,3600.031,0.0147337168455124*x0*x1 - 0.00568306911736727*x0**3.0 + 0.122000388801098*x1 - 0.0287417769432068*x1**2.0 + 1.09034132957458,0.0147337168455124*x0*x1 - 0.00568306911736727*x0**3.0 + 0.122000388801098*x1 - 0.0287417769432068*x1**2.0 + 1.09034132957458,True,19,4
jaxsr,g0029,strogatz_barmag2,520,noise001,0.01,iaaccn25,formal3h_13alg_ssr50_seed520-522_noise0-001-005_20260622-014658,jaxsr_s520_noise001_g0029,/home/zhangziwen/workplace/scientific-intelligent-modelling/experiments/formal3h_13alg_ssr50_seed520-522_noise0-001-005_20260622-014658/jaxsr/seed520/tasks/jaxsr_s520_noise001_g0029/iaaccn25/jaxsr/g0029_strogatz_barmag2/progress/minute_0060.json,d2eb805cf9867ec72da20532ec7747b62bd6437703e09fcdc7530c038e96f77e,60,3600.256,ok,True,True,0.11262134898545875,3.705315323379972,3600.256,-0.0665570572018623*x0*x1 - 1.19025075435638*x1 + 0.585230231285095*x1**2.0 - 0.0541834868490696*x1**3.0 + 0.544258296489716,-0.0665570572018623*x0*x1 - 1.19025075435638*x1 + 0.585230231285095*x1**2.0 - 0.0541834868490696*x1**3.0 + 0.544258296489716,True,19,4
jaxsr,g0030,strogatz_predprey2,520,noise001,0.01,iaaccn24,formal3h_13alg_ssr50_seed520-522_noise0-001-005_20260622-014658,jaxsr_s520_noise001_g0030,/home/zhangziwen/workplace/scientific-intelligent-modelling/experiments/formal3h_13alg_ssr50_seed520-522_noise0-001-005_20260622-014658/jaxsr/seed520/tasks/jaxsr_s520_noise001_g0030/iaaccn24/jaxsr/g0030_strogatz_predprey2/progress/minute_0060.json,73328177234d1404da19229b9c065373a067879bb28faf37fc3de387cae96c68,60,3600.03,ok,True,True,0.023375789141876085,0.40870571212944007,3600.03,0.180548116564751*x0*x1 + 1.3138929605484*x0 - 0.3501196205616*x0**2.0 - 0.0850825160741806*x1 - 0.0499583706259727*x1**2.0,0.180548116564751*x0*x1 + 1.3138929605484*x0 - 0.3501196205616*x0**2.0 - 0.0850825160741806*x1 - 0.0499583706259727*x1**2.0,True,21,4
jaxsr,g0031,strogatz_shearflow1,520,noise001,0.01,iaaccn22,formal3h_13alg_ssr50_seed520-522_noise0-001-005_20260622-014658,jaxsr_s520_noise001_g0031,/home/zhangziwen/workplace/scientific-intelligent-modelling/experiments/formal3h_13alg_ssr50_seed520-522_noise0-001-005_20260622-014658/jaxsr/seed520/tasks/jaxsr_s520_noise001_g0031/iaaccn22/jaxsr/g0031_strogatz_shearflow1/progress/minute_0060.json,5619f9e12a3dca2bc49d7218fc00962cb0d7af1405294f283cf82ce82119261e,60,3600.039,ok,True,True,0.7187064422419664,2.8469237661278965,3600.038,0.0239274874329567*x0**2.0 - 0.0980408787727356*x1 + 0.271478354930878*x1**2.0 + 0.00167725561186671*x1**3.0 - 0.992579162120819,0.0239274874329567*x0**2.0 - 0.0980408787727356*x1 + 0.271478354930878*x1**2.0 + 0.00167725561186671*x1**3.0 - 0.992579162120819,True,20,4
jaxsr,g0032,strogatz_vdp1,520,noise001,0.01,iaaccn26,formal3h_13alg_ssr50_seed520-522_noise0-001-005_20260622-014658,jaxsr_s520_noise001_g0032,/home/zhangziwen/workplace/scientific-intelligent-modelling/experiments/formal3h_13alg_ssr50_seed520-522_noise0-001-005_20260622-014658/jaxsr/seed520/tasks/jaxsr_s520_noise001_g0032/iaaccn26/jaxsr/g0032_strogatz_vdp1/progress/minute_0060.json,59749fd511d99a7e79ac9add3a1c85a81c8db0343d116fc913d6af0ff50ecf3f,60,3600.023,ok,True,True,6.891480535470276e-07,4.555466289126122e-07,3600.023,3.33658862113953*x0 - 3.33583402633667*x0**3.0 + 10.0012817382813*x1,3.33658862113953*x0 - 3.33583402633667*x0**3.0 + 10.0012817382813*x1,True,12,4
jaxsr,g0033,first_principles_hubble,520,noise001,0.01,iaaccn28,formal3h_13alg_ssr50_seed520-522_noise0-001-005_20260622-014658,jaxsr_s520_noise001_g0033,/home/zhangziwen/workplace/scientific-intelligent-modelling/experiments/formal3h_13alg_ssr50_seed520-522_noise0-001-005_20260622-014658/jaxsr/seed520/tasks/jaxsr_s520_noise001_g0033/iaaccn28/jaxsr/g0033_first_principles_hubble/progress/minute_0060.json,bdc30cf255a6ee5de499c692f1e04d7619d9ab64a434f11ca65b2443c79a393a,60,3600.015,ok,True,True,0.07121221834100817,0.03149252512437578,3600.015,440.887664794922*x0,440.887664794922*x0,True,3,2
jaxsr,g0034,first_principles_leavitt,520,noise001,0.01,iaaccn29,formal3h_13alg_ssr50_seed520-522_noise0-001-005_20260622-014658,jaxsr_s520_noise001_g0034,/home/zhangziwen/workplace/scientific-intelligent-modelling/experiments/formal3h_13alg_ssr50_seed520-522_noise0-001-005_20260622-014658/jaxsr/seed520/tasks/jaxsr_s520_noise001_g0034/iaaccn29/jaxsr/g0034_first_principles_leavitt/progress/minute_0060.json,2af493311d3434b06b94419f620ac760cd58b9b0f414f39a72e97136e5c6ba5f,60,3600.023,ok,True,True,0.00019144544085290238,0.0009933703647611448,3600.023,-1.54806470870972*x0**2.0 + 0.257038831710815*x0**3.0 + 14.9489555358887,-1.54806470870972*x0**2.0 + 0.257038831710815*x0**3.0 + 14.9489555358887,True,12,4
jaxsr,g0035,feynman-ii.4.23,520,noise001,0.01,iaaccn28,formal3h_13alg_ssr50_seed520-522_noise0-001-005_20260622-014658,jaxsr_s520_noise001_g0035,/home/zhangziwen/workplace/scientific-intelligent-modelling/experiments/formal3h_13alg_ssr50_seed520-522_noise0-001-005_20260622-014658/jaxsr/seed520/tasks/jaxsr_s520_noise001_g0035/iaaccn28/jaxsr/g0035_feynman-ii.4.23/progress/minute_0060.json,2d3ba71332a69f88f00433b03c02d06cd4417dbec38aa0710e1fcbccca9b6650,60,3600.023,ok,True,True,0.3885828032350855,9.352449492285645,3600.022,x0*(298935975936.0 - 524682723328.0*x1),x0*(298935975936.0 - 524682723328.0*x1),True,7,4
jaxsr,g0036,feynman-iii.7.38,520,noise001,0.01,iaaccn29,formal3h_13alg_ssr50_seed520-522_noise0-001-005_20260622-014658,jaxsr_s520_noise001_g0036,/home/zhangziwen/workplace/scientific-intelligent-modelling/experiments/formal3h_13alg_ssr50_seed520-522_noise0-001-005_20260622-014658/jaxsr/seed520/tasks/jaxsr_s520_noise001_g0036/iaaccn29/jaxsr/g0036_feynman-iii.7.38/progress/minute_0060.json,6fa49a74de5a3d111d6e6faafd387fde4acddfdd572ecb3f608fc13c7eafa22d,60,3600.012,ok,True,True,1.0000102762385092,1.0000009482783503,3600.012,3.87936025698904e+20,3.87936025698904e+20,True,1,1
jaxsr,g0037,feynman-i.18.16,520,noise001,0.01,iaaccn29,formal3h_13alg_ssr50_seed520-522_noise0-001-005_20260622-014658,jaxsr_s520_noise001_g0037,/home/zhangziwen/workplace/scientific-intelligent-modelling/experiments/formal3h_13alg_ssr50_seed520-522_noise0-001-005_20260622-014658/jaxsr/seed520/tasks/jaxsr_s520_noise001_g0037/iaaccn29/jaxsr/g0037_feynman-i.18.16/progress/minute_0060.json,a31794a57be095d30b26382da68d1a24128574020439f9727daebd9a4251d0ed,60,3600.04,ok,True,True,0.8798986524968516,1.6392890923675913,3600.04,-1.17443025112152*x0*x4 + 3.18541836738586*x0 - 1.12998676300049*x3*x4 + 3.09622621536255*x3 + 0.0407408885657787*x4**3.0,-1.17443025112152*x0*x4 + 3.18541836738586*x0 - 1.12998676300049*x3*x4 + 3.09622621536255*x3 + 0.0407408885657787*x4**3.0,True,20,4
jaxsr,g0038,feynman-ii.27.18,520,noise001,0.01,iaaccn26,formal3h_13alg_ssr50_seed520-522_noise0-001-005_20260622-014658,jaxsr_s520_noise001_g0038,/home/zhangziwen/workplace/scientific-intelligent-modelling/experiments/formal3h_13alg_ssr50_seed520-522_noise0-001-005_20260622-014658/jaxsr/seed520/tasks/jaxsr_s520_noise001_g0038/iaaccn26/jaxsr/g0038_feynman-ii.27.18/progress/minute_0060.json,25296e13cca0080d53881e6338c8ebff701f0bb89cc1b39bf3228835d978f6c6,60,3600.012,ok,True,True,1.0,1.0,3600.012,0,0,True,1,1
jaxsr,g0039,feynman-ii.34.11,520,noise001,0.01,iaaccn23,formal3h_13alg_ssr50_seed520-522_noise0-001-005_20260622-014658,jaxsr_s520_noise001_g0039,/home/zhangziwen/workplace/scientific-intelligent-modelling/experiments/formal3h_13alg_ssr50_seed520-522_noise0-001-005_20260622-014658/jaxsr/seed520/tasks/jaxsr_s520_noise001_g0039/iaaccn23/jaxsr/g0039_feynman-ii.34.11/progress/minute_0060.json,b98a09db05c4fa4e34ffb0da5d48aca382468e34d826f5e05fa03c74f6e17e01,60,3600.015,ok,True,True,0.9978825866846165,1.000287230053645,3600.015,-1.87746159672112e+18*x0*x4,-1.87746159672112e+18*x0*x4,True,4,2
jaxsr,g0040,feynman-i.29.16,520,noise001,0.01,iaaccn25,formal3h_13alg_ssr50_seed520-522_noise0-001-005_20260622-014658,jaxsr_s520_noise001_g0040,/home/zhangziwen/workplace/scientific-intelligent-modelling/experiments/formal3h_13alg_ssr50_seed520-522_noise0-001-005_20260622-014658/jaxsr/seed520/tasks/jaxsr_s520_noise001_g0040/iaaccn25/jaxsr/g0040_feynman-i.29.16/progress/minute_0060.json,53ac2a20cd4a9bcba729ceb68be132363a0ceee172f21f5f13c353ffa58b1359,60,3600.508,ok,True,True,0.06555816343397716,0.19200340080531897,3600.498,-0.0933527126908302*x0*x1 + 0.794029176235199*x0 + 0.0248035360127687*x0**2.0 + 0.777300953865051*x1 + 0.0278255064040422*x1**2.0,-0.0933527126908302*x0*x1 + 0.794029176235199*x0 + 0.0248035360127687*x0**2.0 + 0.777300953865051*x1 + 0.0278255064040422*x1**2.0,True,21,4
jaxsr,g0041,feynman-bonus.20,520,noise001,0.01,iaaccn24,formal3h_13alg_ssr50_seed520-522_noise0-001-005_20260622-014658,jaxsr_s520_noise001_g0041,/home/zhangziwen/workplace/scientific-intelligent-modelling/experiments/formal3h_13alg_ssr50_seed520-522_noise0-001-005_20260622-014658/jaxsr/seed520/tasks/jaxsr_s520_noise001_g0041/iaaccn24/jaxsr/g0041_feynman-bonus.20/progress/minute_0060.json,d57022f6203c5b4d5c913b3998df8ee7d32b58b602e73fd659966362dd5c9b70,60,3600.009,ok,True,True,1.0,1.0,3600.009,0,0,True,1,1
jaxsr,g0042,feynman-i.15.3t,520,noise001,0.01,iaaccn28,formal3h_13alg_ssr50_seed520-522_noise0-001-005_20260622-014658,jaxsr_s520_noise001_g0042,/home/zhangziwen/workplace/scientific-intelligent-modelling/experiments/formal3h_13alg_ssr50_seed520-522_noise0-001-005_20260622-014658/jaxsr/seed520/tasks/jaxsr_s520_noise001_g0042/iaaccn28/jaxsr/g0042_feynman-i.15.3t/progress/minute_0060.json,0e2c6fe80d52b875be75664d631d2f11cf6a77b87433d6650054f7c24e051436,60,3600.012,ok,True,True,3.013330469906582e-08,4.7289815859570394e-05,3600.012,1.00018119812012*x1,1.00018119812012*x1,True,3,2
jaxsr,g0043,feynman-i.39.22,520,noise001,0.01,iaaccn29,formal3h_13alg_ssr50_seed520-522_noise0-001-005_20260622-014658,jaxsr_s520_noise001_g0043,/home/zhangziwen/workplace/scientific-intelligent-modelling/experiments/formal3h_13alg_ssr50_seed520-522_noise0-001-005_20260622-014658/jaxsr/seed520/tasks/jaxsr_s520_noise001_g0043/iaaccn29/jaxsr/g0043_feynman-i.39.22/progress/minute_0060.json,43afc6e0755b9a23e2dab09ce6772b4ca65af3501d514b2721e1623371d916eb,60,3600.026,ok,True,True,0.7646403844873672,2.1539400042001744,3600.025,-2213075456.0*x3*x4 + 1269832.5*x3 - 1374017159168.0*x4 + 3.69048205603635e+15*x4**2.0 - 2.17943738004852e+18*x4**3.0,-2213075456.0*x3*x4 + 1269832.5*x3 - 1374017159168.0*x4 + 3.69048205603635e+15*x4**2.0 - 2.17943738004852e+18*x4**3.0,True,21,4
jaxsr,g0044,feynman-iii.10.19,520,noise001,0.01,iaaccn27,formal3h_13alg_ssr50_seed520-522_noise0-001-005_20260622-014658,jaxsr_s520_noise001_g0044,/home/zhangziwen/workplace/scientific-intelligent-modelling/experiments/formal3h_13alg_ssr50_seed520-522_noise0-001-005_20260622-014658/jaxsr/seed520/tasks/jaxsr_s520_noise001_g0044/iaaccn27/jaxsr/g0044_feynman-iii.10.19/progress/minute_0060.json,20e0dee5118ff671cb0e7436e468988ebe1e7a843858b6bf33085bda56632295,60,3600.01,ok,True,True,1.0,1.0,3600.009,0,0,True,1,1
jaxsr,g0045,feynman-i.13.12,520,noise001,0.01,iaaccn27,formal3h_13alg_ssr50_seed520-522_noise0-001-005_20260622-014658,jaxsr_s520_noise001_g0045,/home/zhangziwen/workplace/scientific-intelligent-modelling/experiments/formal3h_13alg_ssr50_seed520-522_noise0-001-005_20260622-014658/jaxsr/seed520/tasks/jaxsr_s520_noise001_g0045/iaaccn27/jaxsr/g0045_feynman-i.13.12/progress/minute_0060.json,aafb805174c95f556f97a60d305abf184589a17d5acd5b35a691424d7a459f6b,60,3600.03,ok,True,True,0.7296252815490872,0.7123305023105273,3600.03,-8.30420454622782e-10*x0*x2 + 6.12054629200998e-10*x0*x3 - 7.75954023257697e-10*x1*x2 + 6.27007279430103e-10*x1*x3 + 2.70110767086607e-10*x2**3.0,-8.30420454622782e-10*x0*x2 + 6.12054629200998e-10*x0*x3 - 7.75954023257697e-10*x1*x2 + 6.27007279430103e-10*x1*x3 + 2.70110767086607e-10*x2**3.0,True,22,4
jaxsr,g0046,feynman-i.32.5,520,noise001,0.01,iaaccn24,formal3h_13alg_ssr50_seed520-522_noise0-001-005_20260622-014658,jaxsr_s520_noise001_g0046,/home/zhangziwen/workplace/scientific-intelligent-modelling/experiments/formal3h_13alg_ssr50_seed520-522_noise0-001-005_20260622-014658/jaxsr/seed520/tasks/jaxsr_s520_noise001_g0046/iaaccn24/jaxsr/g0046_feynman-i.32.5/progress/minute_0060.json,f426532c3595e60111fb4bf83069eaecad6c8a94bf89f34d0ed136a3cebe071c,60,3600.016,ok,True,True,0.8185381185667885,0.8514094668895745,3600.016,0.00248285150155425*x0**2.0 - 3.03697106573964e-6,0.00248285150155425*x0**2.0 - 3.03697106573964e-6,True,7,4
jaxsr,g0047,feynman-i.43.31,520,noise001,0.01,iaaccn27,formal3h_13alg_ssr50_seed520-522_noise0-001-005_20260622-014658,jaxsr_s520_noise001_g0047,/home/zhangziwen/workplace/scientific-intelligent-modelling/experiments/formal3h_13alg_ssr50_seed520-522_noise0-001-005_20260622-014658/jaxsr/seed520/tasks/jaxsr_s520_noise001_g0047/iaaccn27/jaxsr/g0047_feynman-i.43.31/progress/minute_0060.json,0e7356872bfae069f62d1efccdb051efef09a4324356aade7bf80677ba5c50c0,60,3600.01,ok,True,True,1.0,1.0,3600.01,0,0,True,1,1
jaxsr,g0048,feynman-i.11.19,520,noise001,0.01,iaaccn24,formal3h_13alg_ssr50_seed520-522_noise0-001-005_20260622-014658,jaxsr_s520_noise001_g0048,/home/zhangziwen/workplace/scientific-intelligent-modelling/experiments/formal3h_13alg_ssr50_seed520-522_noise0-001-005_20260622-014658/jaxsr/seed520/tasks/jaxsr_s520_noise001_g0048/iaaccn24/jaxsr/g0048_feynman-i.11.19/progress/minute_0060.json,3efc5b95391aee72a06e12921c465bd73c0b00aa50ae073a93620b1807530545,60,3600.028,ok,True,True,2.7646496059449266e-08,3.144619390578286e-08,3600.028,0.999806642532349*x0*x1 + 0.999961256980896*x2*x3 + 0.999768853187561*x5*x6,0.999806642532349*x0*x1 + 0.999961256980896*x2*x3 + 0.999768853187561*x5*x6,True,13,3
jaxsr,g0049,feynman-ii.34.2a,520,noise001,0.01,iaaccn25,formal3h_13alg_ssr50_seed520-522_noise0-001-005_20260622-014658,jaxsr_s520_noise001_g0049,/home/zhangziwen/workplace/scientific-intelligent-modelling/experiments/formal3h_13alg_ssr50_seed520-522_noise0-001-005_20260622-014658/jaxsr/seed520/tasks/jaxsr_s520_noise001_g0049/iaaccn25/jaxsr/g0049_feynman-ii.34.2a/progress/minute_0060.json,a0060f87376d3a028fee3d840f37dd136da47161d8c09f5c31cf2e2059989a63,60,3600.422,ok,True,True,0.5784829941640427,2.8586915077466637,3600.412,3086104832.0*x1*x3,3086104832.0*x1*x3,True,4,2
jaxsr,g0050,Vladislavleva-4,520,noise001,0.01,iaaccn23,formal3h_13alg_ssr50_seed520-522_noise0-001-005_20260622-014658,jaxsr_s520_noise001_g0050,/home/zhangziwen/workplace/scientific-intelligent-modelling/experiments/formal3h_13alg_ssr50_seed520-522_noise0-001-005_20260622-014658/jaxsr/seed520/tasks/jaxsr_s520_noise001_g0050/iaaccn23/jaxsr/g0050_Vladislavleva-4/progress/minute_0060.json,577ac15d8134ada0b0eb0bdf13b173d19f8b7410be43129d946fcf86f9f3ba49,60,3600.027,ok,True,True,0.08711643695559927,0.09755864232810392,3600.027,0.101022832095623*x3 - 0.00310039124451578*x3**3.0 + 0.112771533429623*x4 - 0.00334275234490633*x4**3.0 + 0.250865668058395,0.101022832095623*x3 - 0.00310039124451578*x3**3.0 + 0.112771533429623*x4 - 0.00334275234490633*x4**3.0 + 0.250865668058395,True,18,4
jaxsr,g0001,Keijzer-11,520,noise005,0.05,iaaccn22,formal3h_13alg_ssr50_seed520-522_noise0-001-005_20260622-014658,jaxsr_s520_noise005_g0001,/home/zhangziwen/workplace/scientific-intelligent-modelling/experiments/formal3h_13alg_ssr50_seed520-522_noise0-001-005_20260622-014658/jaxsr/seed520/tasks/jaxsr_s520_noise005_g0001/iaaccn22/jaxsr/g0001_Keijzer-11/progress/minute_0060.json,2a048f25b8f8436225423a32f377e715834a102560613e92f5537456fe8ea822,60,3600.074,ok,True,True,0.07031909328515873,0.05284613598284373,3600.074,1.10622477531433*x0*x1 - 0.0389456450939178*x0**3.0,1.10622477531433*x0*x1 - 0.0389456450939178*x0**3.0,True,10,4
jaxsr,g0002,Keijzer-2,520,noise005,0.05,iaaccn27,formal3h_13alg_ssr50_seed520-522_noise0-001-005_20260622-014658,jaxsr_s520_noise005_g0002,/home/zhangziwen/workplace/scientific-intelligent-modelling/experiments/formal3h_13alg_ssr50_seed520-522_noise0-001-005_20260622-014658/jaxsr/seed520/tasks/jaxsr_s520_noise005_g0002/iaaccn27/jaxsr/g0002_Keijzer-2/progress/minute_0060.json,aa533751865aa6727793ab8c556b1b59ddb7461ac1b69bf5a97aa7be13e5b0b2,60,3600.018,ok,True,True,0.8266888588029465,2.2521832771223345,3600.018,-0.0487655103206635*x0**2.0,-0.0487655103206635*x0**2.0,True,5,3
jaxsr,g0003,Korns-2,520,noise005,0.05,iaaccn25,formal3h_13alg_ssr50_seed520-522_noise0-001-005_20260622-014658,jaxsr_s520_noise005_g0003,/home/zhangziwen/workplace/scientific-intelligent-modelling/experiments/formal3h_13alg_ssr50_seed520-522_noise0-001-005_20260622-014658/jaxsr/seed520/tasks/jaxsr_s520_noise005_g0003/iaaccn25/jaxsr/g0003_Korns-2/progress/minute_0060.json,686fe93d0369c36f4111a75590dba59c5f49278d4e642259d81a548779e697d9,60,3600.148,ok,True,True,1.006701722523153,1.0223002269971797,3600.147,0.0131427114829421*x1*x2,0.0131427114829421*x1*x2,True,4,2
jaxsr,g0004,Korns-4,520,noise005,0.05,iaaccn26,formal3h_13alg_ssr50_seed520-522_noise0-001-005_20260622-014658,jaxsr_s520_noise005_g0004,/home/zhangziwen/workplace/scientific-intelligent-modelling/experiments/formal3h_13alg_ssr50_seed520-522_noise0-001-005_20260622-014658/jaxsr/seed520/tasks/jaxsr_s520_noise005_g0004/iaaccn26/jaxsr/g0004_Korns-4/progress/minute_0060.json,c0d57eaae9d15a3a26afac140f9f4374bddb27dfa413d35bcb04ef95581e1613,60,3600.019,ok,True,True,0.0016336553716612581,0.0017460271356771364,3600.019,2.4781935280771e-5*x0*x1 - 2.30284714698792,2.4781935280771e-5*x0*x1 - 2.30284714698792,True,6,3
jaxsr,g0005,BPG3,520,noise005,0.05,iaaccn23,formal3h_13alg_ssr50_seed520-522_noise0-001-005_20260622-014658,jaxsr_s520_noise005_g0005,/home/zhangziwen/workplace/scientific-intelligent-modelling/experiments/formal3h_13alg_ssr50_seed520-522_noise0-001-005_20260622-014658/jaxsr/seed520/tasks/jaxsr_s520_noise005_g0005/iaaccn23/jaxsr/g0005_BPG3/progress/minute_0060.json,8af19b1836b1441dd19afe30f3a2a6d8a25eb25b5ccaf5360440f828563f1cef,60,3600.026,ok,True,True,1.7619367356845265e-06,2.8572741358696085e-06,3600.026,-0.843653619289398*x1 + 0.263331711292267*x1**2.0,-0.843653619289398*x1 + 0.263331711292267*x1**2.0,True,9,4
jaxsr,g0006,BPG5,520,noise005,0.05,iaaccn28,formal3h_13alg_ssr50_seed520-522_noise0-001-005_20260622-014658,jaxsr_s520_noise005_g0006,/home/zhangziwen/workplace/scientific-intelligent-modelling/experiments/formal3h_13alg_ssr50_seed520-522_noise0-001-005_20260622-014658/jaxsr/seed520/tasks/jaxsr_s520_noise005_g0006/iaaccn28/jaxsr/g0006_BPG5/progress/minute_0060.json,4ffaf50646b0bf17b70a688f83948ea638df434642198d2a59baa106a349a142,60,3600.026,ok,True,True,4.923223585910402e-07,0.0030801904225791887,3600.026,1.04141271114349*x1 - 0.010920193977654*x1**2.0 - 2.11680813322346e-7*x1**3.0 - 0.0238015856593847,1.04141271114349*x1 - 0.010920193977654*x1**2.0 - 2.11680813322346e-7*x1**3.0 - 0.0238015856593847,True,15,4
jaxsr,g0007,BPG9,520,noise005,0.05,iaaccn25,formal3h_13alg_ssr50_seed520-522_noise0-001-005_20260622-014658,jaxsr_s520_noise005_g0007,/home/zhangziwen/workplace/scientific-intelligent-modelling/experiments/formal3h_13alg_ssr50_seed520-522_noise0-001-005_20260622-014658/jaxsr/seed520/tasks/jaxsr_s520_noise005_g0007/iaaccn25/jaxsr/g0007_BPG9/progress/minute_0060.json,a34e4848e26744955ebaa1a53f87c54997bfb5b442e628822f0c99d6ca178b76,60,3600.419,ok,True,True,4.412327880603508e-06,0.014238584341845046,3600.417,0.177539601922035*x1**2.0 - 0.0163620393723249*x1**3.0 + 0.00203884672373533,0.177539601922035*x1**2.0 - 0.0163620393723249*x1**3.0 + 0.00203884672373533,True,12,4
jaxsr,g0008,CRK0,520,noise005,0.05,iaaccn22,formal3h_13alg_ssr50_seed520-522_noise0-001-005_20260622-014658,jaxsr_s520_noise005_g0008,/home/zhangziwen/workplace/scientific-intelligent-modelling/experiments/formal3h_13alg_ssr50_seed520-522_noise0-001-005_20260622-014658/jaxsr/seed520/tasks/jaxsr_s520_noise005_g0008/iaaccn22/jaxsr/g0008_CRK0/progress/minute_0060.json,59fbf4fb6e5607d4b13bbe904702398aed4c68777f30329f961fe485cdb3b23b,60,3600.028,ok,True,True,7.765156149040146e-06,0.02159424090203028,3600.028,3.86906090499295e-10*x0**3.0 + 0.207915246486664*x1**2.0 - 0.246356531977654*x1**3.0 + 0.111637353897095,3.86906090499295e-10*x0**3.0 + 0.207915246486664*x1**2.0 - 0.246356531977654*x1**3.0 + 0.111637353897095,True,17,4
jaxsr,g0009,CRK10,520,noise005,0.05,iaaccn24,formal3h_13alg_ssr50_seed520-522_noise0-001-005_20260622-014658,jaxsr_s520_noise005_g0009,/home/zhangziwen/workplace/scientific-intelligent-modelling/experiments/formal3h_13alg_ssr50_seed520-522_noise0-001-005_20260622-014658/jaxsr/seed520/tasks/jaxsr_s520_noise005_g0009/iaaccn24/jaxsr/g0009_CRK10/progress/minute_0060.json,e746fa13187b815d69f1de3d34944be2c9050e74ccecfb71ff45f5297456c527,60,3600.025,ok,True,True,2.8293408527520565e-06,0.003149469409211789,3600.025,0.568444073200226*x1 - 0.392192840576172*x1**2.0 + 0.0334753729403019*x1**3.0 - 0.00757064763456583,0.568444073200226*x1 - 0.392192840576172*x1**2.0 + 0.0334753729403019*x1**3.0 - 0.00757064763456583,True,15,4
jaxsr,g0010,CRK11,520,noise005,0.05,iaaccn25,formal3h_13alg_ssr50_seed520-522_noise0-001-005_20260622-014658,jaxsr_s520_noise005_g0010,/home/zhangziwen/workplace/scientific-intelligent-modelling/experiments/formal3h_13alg_ssr50_seed520-522_noise0-001-005_20260622-014658/jaxsr/seed520/tasks/jaxsr_s520_noise005_g0010/iaaccn25/jaxsr/g0010_CRK11/progress/minute_0060.json,4ae8ab4f1c0d046e140d77718c86bad2944f0ea9beaa847ce24200663ce5d614,60,3600.23,ok,True,True,7.83478998356875e-06,0.011478191318025846,3600.228,-0.519701063632965*x1**2.0 - 0.192107453942299*x1**3.0 + 0.333007097244263,-0.519701063632965*x1**2.0 - 0.192107453942299*x1**3.0 + 0.333007097244263,True,12,4
jaxsr,g0011,CRK33,520,noise005,0.05,iaaccn24,formal3h_13alg_ssr50_seed520-522_noise0-001-005_20260622-014658,jaxsr_s520_noise005_g0011,/home/zhangziwen/workplace/scientific-intelligent-modelling/experiments/formal3h_13alg_ssr50_seed520-522_noise0-001-005_20260622-014658/jaxsr/seed520/tasks/jaxsr_s520_noise005_g0011/iaaccn24/jaxsr/g0011_CRK33/progress/minute_0060.json,56a84e3d14b4ace6350edcbe8c034fbeec47a8b28f2f75fec3152875d1f20b3a,60,3600.025,ok,True,True,3.301168678249194e-06,0.002017543596352109,3600.025,0.531554520130157*x1 - 0.281318664550781*x1**2.0 + 0.0171248111873865*x1**3.0 + 0.037827342748642,0.531554520130157*x1 - 0.281318664550781*x1**2.0 + 0.0171248111873865*x1**3.0 + 0.037827342748642,True,15,4
jaxsr,g0012,CRK34,520,noise005,0.05,iaaccn26,formal3h_13alg_ssr50_seed520-522_noise0-001-005_20260622-014658,jaxsr_s520_noise005_g0012,/home/zhangziwen/workplace/scientific-intelligent-modelling/experiments/formal3h_13alg_ssr50_seed520-522_noise0-001-005_20260622-014658/jaxsr/seed520/tasks/jaxsr_s520_noise005_g0012/iaaccn26/jaxsr/g0012_CRK34/progress/minute_0060.json,5b49b21051956afb6047bd0a5cc01128dc2ad50e4993ee9c23c2cfbc1d3b4fd2,60,3600.024,ok,True,True,1.083496422348889e-05,0.02417145133715076,3600.024,0.268466949462891*x1 - 0.191747575998306*x1**2.0 - 0.00192525738384575*x1**3.0 + 0.483044534921646,0.268466949462891*x1 - 0.191747575998306*x1**2.0 - 0.00192525738384575*x1**3.0 + 0.483044534921646,True,15,4
jaxsr,g0013,I.11.19_4_0,520,noise005,0.05,iaaccn29,formal3h_13alg_ssr50_seed520-522_noise0-001-005_20260622-014658,jaxsr_s520_noise005_g0013,/home/zhangziwen/workplace/scientific-intelligent-modelling/experiments/formal3h_13alg_ssr50_seed520-522_noise0-001-005_20260622-014658/jaxsr/seed520/tasks/jaxsr_s520_noise005_g0013/iaaccn29/jaxsr/g0013_I.11.19_4_0/progress/minute_0060.json,0e13cf075e55fbc2e7855fa8a8f6534512d77a4ca72461bcc53d1383b4291e16,60,3600.058,ok,True,True,0.03019800565595261,0.14540593403974827,3600.058,0.199349820613861*x0*x2 - 0.971455454826355*x0 + 0.465596139431*x1*x4 - 0.0586245656013489*x2**3.0 - 0.339122802019119*x3*x5,0.199349820613861*x0*x2 - 0.971455454826355*x0 + 0.465596139431*x1*x4 - 0.0586245656013489*x2**3.0 - 0.339122802019119*x3*x5,True,21,4
jaxsr,g0014,II.11.27_1_0,520,noise005,0.05,iaaccn22,formal3h_13alg_ssr50_seed520-522_noise0-001-005_20260622-014658,jaxsr_s520_noise005_g0014,/home/zhangziwen/workplace/scientific-intelligent-modelling/experiments/formal3h_13alg_ssr50_seed520-522_noise0-001-005_20260622-014658/jaxsr/seed520/tasks/jaxsr_s520_noise005_g0014/iaaccn22/jaxsr/g0014_II.11.27_1_0/progress/minute_0060.json,1e0ba5ef7679473295c59fa8834e9a0cfc68d4eddb50186f2e5546ecaf88a7e8,60,3600.046,ok,True,True,0.9875707700237129,1.0042643003116993,3600.046,-32.1878204345703*x0*x1 + 21.9236927032471*x0 - 285.459075927734*x1 + 701.695678710938*x1**2.0 - 400.325164794922*x1**3.0,-32.1878204345703*x0*x1 + 21.9236927032471*x0 - 285.459075927734*x1 + 701.695678710938*x1**2.0 - 400.325164794922*x1**3.0,True,21,4
jaxsr,g0015,II.34.2_1_0,520,noise005,0.05,iaaccn26,formal3h_13alg_ssr50_seed520-522_noise0-001-005_20260622-014658,jaxsr_s520_noise005_g0015,/home/zhangziwen/workplace/scientific-intelligent-modelling/experiments/formal3h_13alg_ssr50_seed520-522_noise0-001-005_20260622-014658/jaxsr/seed520/tasks/jaxsr_s520_noise005_g0015/iaaccn26/jaxsr/g0015_II.34.2_1_0/progress/minute_0060.json,b81fcb80e32b665fb442a254ee6f6389430f092d1af6566905a2a7ff2c957000,60,3600.05,ok,True,True,0.07343443930929627,0.394645332056706,3600.05,-0.151921227574348*x0*x1 - 0.124618835747242*x0*x2 + 1.16721129417419*x0 - 0.808046877384186*x1**2.0 + 0.200414687395096*x1**3.0,-0.151921227574348*x0*x1 - 0.124618835747242*x0*x2 + 1.16721129417419*x0 - 0.808046877384186*x1**2.0 + 0.200414687395096*x1**3.0,True,22,4
jaxsr,g0016,II.6.15b_3_0,520,noise005,0.05,iaaccn27,formal3h_13alg_ssr50_seed520-522_noise0-001-005_20260622-014658,jaxsr_s520_noise005_g0016,/home/zhangziwen/workplace/scientific-intelligent-modelling/experiments/formal3h_13alg_ssr50_seed520-522_noise0-001-005_20260622-014658/jaxsr/seed520/tasks/jaxsr_s520_noise005_g0016/iaaccn27/jaxsr/g0016_II.6.15b_3_0/progress/minute_0060.json,01b5d5e170bbd1cdd1e3ddb294381c8939079d8880ab39d690d8f51cb053efbd,60,3600.045,ok,True,True,0.18287524206141487,1.462811630605689,3600.045,1.73413801193237*x0*x1 - 106.2216796875*x0**2.0 - 552.0830078125*x0**3.0 + 0.0902683287858963*x2*x3 + 1.36785638332367,1.73413801193237*x0*x1 - 106.2216796875*x0**2.0 - 552.0830078125*x0**3.0 + 0.0902683287858963*x2*x3 + 1.36785638332367,True,20,4
jaxsr,g0017,III.21.20_3_0,520,noise005,0.05,iaaccn26,formal3h_13alg_ssr50_seed520-522_noise0-001-005_20260622-014658,jaxsr_s520_noise005_g0017,/home/zhangziwen/workplace/scientific-intelligent-modelling/experiments/formal3h_13alg_ssr50_seed520-522_noise0-001-005_20260622-014658/jaxsr/seed520/tasks/jaxsr_s520_noise005_g0017/iaaccn26/jaxsr/g0017_III.21.20_3_0/progress/minute_0060.json,f56d4705feab52c0b9f503dac244752a80b3093bb2fe890f9e5d97453212d2b6,60,3600.049,ok,True,True,0.6525714376604781,0.9999804803300186,3600.049,0.0226795896887779*x0*x2 + 0.0334474965929985*x0*x3 - 1.52185330080101e-5*x0**3.0 + 0.207455217838287*x1*x3 + 0.499451041221619*x2*x3,0.0226795896887779*x0*x2 + 0.0334474965929985*x0*x3 - 1.52185330080101e-5*x0**3.0 + 0.207455217838287*x1*x3 + 0.499451041221619*x2*x3,True,22,4
jaxsr,g0018,MatSci21,520,noise005,0.05,iaaccn27,formal3h_13alg_ssr50_seed520-522_noise0-001-005_20260622-014658,jaxsr_s520_noise005_g0018,/home/zhangziwen/workplace/scientific-intelligent-modelling/experiments/formal3h_13alg_ssr50_seed520-522_noise0-001-005_20260622-014658/jaxsr/seed520/tasks/jaxsr_s520_noise005_g0018/iaaccn27/jaxsr/g0018_MatSci21/progress/minute_0060.json,b50f26230933ca0bb6559aff7cc99b38a01fc180f089115d9283dbfb7be17e8a,60,3600.025,ok,True,True,0.0007138465219759408,0.002237323885295023,3600.025,-47.419563293457*x0 - 771.852966308594*x0**2.0 + 2271.1083984375*x0**3.0,-47.419563293457*x0 - 771.852966308594*x0**2.0 + 2271.1083984375*x0**3.0,True,14,4
jaxsr,g0019,PO19,520,noise005,0.05,iaaccn22,formal3h_13alg_ssr50_seed520-522_noise0-001-005_20260622-014658,jaxsr_s520_noise005_g0019,/home/zhangziwen/workplace/scientific-intelligent-modelling/experiments/formal3h_13alg_ssr50_seed520-522_noise0-001-005_20260622-014658/jaxsr/seed520/tasks/jaxsr_s520_noise005_g0019/iaaccn22/jaxsr/g0019_PO19/progress/minute_0060.json,bea24a74825c89171c0a8d881a8ae2299efc6648cd575b8d9438740150538b60,60,3600.06,ok,True,True,0.003778718574014305,1.565845552730097,3600.06,-0.117299668490887*x0*x1 - 1.74325466156006*x0 + 0.771357357501984*x0**3.0 - 0.649196743965149*x2 + 0.116336539387703*x2**3.0,-0.117299668490887*x0*x1 - 1.74325466156006*x0 + 0.771357357501984*x0**3.0 - 0.649196743965149*x2 + 0.116336539387703*x2**3.0,True,21,4
jaxsr,g0020,PO41,520,noise005,0.05,iaaccn24,formal3h_13alg_ssr50_seed520-522_noise0-001-005_20260622-014658,jaxsr_s520_noise005_g0020,/home/zhangziwen/workplace/scientific-intelligent-modelling/experiments/formal3h_13alg_ssr50_seed520-522_noise0-001-005_20260622-014658/jaxsr/seed520/tasks/jaxsr_s520_noise005_g0020/iaaccn24/jaxsr/g0020_PO41/progress/minute_0060.json,a3b7ca95e4f7ee78741d27056b9d0eeb68f6c1773439d5588f96268a0199ff2f,60,3600.037,ok,True,True,0.0011530498865195073,0.1171306927191904,3600.037,-0.0196491833776236*x0*x1 - 0.882848620414734*x0 - 0.178244739770889*x0**2.0 + 0.587500154972076*x0**3.0 - 0.484853863716125*x2,-0.0196491833776236*x0*x1 - 0.882848620414734*x0 - 0.178244739770889*x0**2.0 + 0.587500154972076*x0**3.0 - 0.484853863716125*x2,True,21,4
jaxsr,g0021,Nguyen-12,520,noise005,0.05,iaaccn22,formal3h_13alg_ssr50_seed520-522_noise0-001-005_20260622-014658,jaxsr_s520_noise005_g0021,/home/zhangziwen/workplace/scientific-intelligent-modelling/experiments/formal3h_13alg_ssr50_seed520-522_noise0-001-005_20260622-014658/jaxsr/seed520/tasks/jaxsr_s520_noise005_g0021/iaaccn22/jaxsr/g0021_Nguyen-12/progress/minute_0060.json,7d432b23953a39d6fecb3ded99000b361f34ad706166e88888f14d37c2c95f76,60,3600.027,ok,True,True,0.0005741230862666732,0.0045820358632702755,3600.027,0.101499445736408*x0 - 0.860217213630676*x0**2.0 + 0.744638860225677*x0**3.0 - 1.00702345371246*x1 + 0.506987810134888*x1**2.0,0.101499445736408*x0 - 0.860217213630676*x0**2.0 + 0.744638860225677*x0**3.0 - 1.00702345371246*x1 + 0.506987810134888*x1**2.0,True,22,4
jaxsr,g0022,Nguyen-6,520,noise005,0.05,iaaccn29,formal3h_13alg_ssr50_seed520-522_noise0-001-005_20260622-014658,jaxsr_s520_noise005_g0022,/home/zhangziwen/workplace/scientific-intelligent-modelling/experiments/formal3h_13alg_ssr50_seed520-522_noise0-001-005_20260622-014658/jaxsr/seed520/tasks/jaxsr_s520_noise005_g0022/iaaccn29/jaxsr/g0022_Nguyen-6/progress/minute_0060.json,2a40ebbadd67e322b4fe7df7eae32b18ae70d6e2588f840364799dd3c4db2685,60,3600.024,ok,True,True,0.018178584133936124,0.11373923116153258,3600.024,2.18465733528137*x0 + 0.731179714202881*x0**2.0 - 1.05731809139252*x0**3.0 + 0.0570599474012852,2.18465733528137*x0 + 0.731179714202881*x0**2.0 - 1.05731809139252*x0**3.0 + 0.0570599474012852,True,15,4
jaxsr,g0023,Nguyen-9,520,noise005,0.05,iaaccn22,formal3h_13alg_ssr50_seed520-522_noise0-001-005_20260622-014658,jaxsr_s520_noise005_g0023,/home/zhangziwen/workplace/scientific-intelligent-modelling/experiments/formal3h_13alg_ssr50_seed520-522_noise0-001-005_20260622-014658/jaxsr/seed520/tasks/jaxsr_s520_noise005_g0023/iaaccn22/jaxsr/g0023_Nguyen-9/progress/minute_0060.json,4965880857f2da0501fddd6f7e7cb4cf94f5807d0a105f2aa4048dd085bc9347,60,3600.105,ok,True,True,0.0009514683813818045,0.001105661425027155,3600.105,1.04780721664429*x0 - 0.234513059258461*x0**3.0 - 0.138714715838432*x1 + 1.50423872470856*x1**2.0 - 0.51136577129364*x1**3.0,1.04780721664429*x0 - 0.234513059258461*x0**3.0 - 0.138714715838432*x1 + 1.50423872470856*x1**2.0 - 0.51136577129364*x1**3.0,True,22,4
jaxsr,g0024,feynman_II_15_4,520,noise005,0.05,iaaccn23,formal3h_13alg_ssr50_seed520-522_noise0-001-005_20260622-014658,jaxsr_s520_noise005_g0024,/home/zhangziwen/workplace/scientific-intelligent-modelling/experiments/formal3h_13alg_ssr50_seed520-522_noise0-001-005_20260622-014658/jaxsr/seed520/tasks/jaxsr_s520_noise005_g0024/iaaccn23/jaxsr/g0024_feynman_II_15_4/progress/minute_0060.json,c619e5da542f2a0536427719e1ddd7d4bb0abcc064e66ac815e5bf464fca977f,60,3600.037,ok,True,True,0.2886314644304305,2.6384283298821383,3600.037,-0.258927911520004*x0*x1 + 0.815704643726349*x0*x2 + 1.24757134914398*x1*x2 - 1.50952613353729*x1 - 0.198220893740654*x2**3.0,-0.258927911520004*x0*x1 + 0.815704643726349*x0*x2 + 1.24757134914398*x1*x2 - 1.50952613353729*x1 - 0.198220893740654*x2**3.0,True,21,4
jaxsr,g0025,feynman_I_12_11,520,noise005,0.05,iaaccn22,formal3h_13alg_ssr50_seed520-522_noise0-001-005_20260622-014658,jaxsr_s520_noise005_g0025,/home/zhangziwen/workplace/scientific-intelligent-modelling/experiments/formal3h_13alg_ssr50_seed520-522_noise0-001-005_20260622-014658/jaxsr/seed520/tasks/jaxsr_s520_noise005_g0025/iaaccn22/jaxsr/g0025_feynman_I_12_11/progress/minute_0060.json,2621e046ffc82c38ad28c6fb10843049938bf72955b33e6192820e59d976d998,60,3600.059,ok,True,True,0.2680746296109846,0.6451382071464279,3600.059,1.07698476314545*x0*x1 + 78.1867218017578*x4 - 33.3589096069336*x4**2.0 + 3.55495762825012*x4**3.0 - 27.3855457305908,1.07698476314545*x0*x1 + 78.1867218017578*x4 - 33.3589096069336*x4**2.0 + 3.55495762825012*x4**3.0 - 27.3855457305908,True,19,4
jaxsr,g0026,feynman_I_27_6,520,noise005,0.05,iaaccn22,formal3h_13alg_ssr50_seed520-522_noise0-001-005_20260622-014658,jaxsr_s520_noise005_g0026,/home/zhangziwen/workplace/scientific-intelligent-modelling/experiments/formal3h_13alg_ssr50_seed520-522_noise0-001-005_20260622-014658/jaxsr/seed520/tasks/jaxsr_s520_noise005_g0026/iaaccn22/jaxsr/g0026_feynman_I_27_6/progress/minute_0060.json,ab6119e78035730d52c3cf24fea8423a8be595afb1a311a13524a0f2ff389d73,60,3600.039,ok,True,True,0.01172905799971844,0.05826914381368823,3600.039,0.0157356783747673*x0*x1 - 0.0405722483992577*x0*x2 + 0.179945722222328*x0 - 0.0271141156554222*x1*x2 + 0.23146964609623*x1,0.0157356783747673*x0*x1 - 0.0405722483992577*x0*x2 + 0.179945722222328*x0 - 0.0271141156554222*x1*x2 + 0.23146964609623*x1,True,19,3
jaxsr,g0027,feynman_test_15,520,noise005,0.05,iaaccn29,formal3h_13alg_ssr50_seed520-522_noise0-001-005_20260622-014658,jaxsr_s520_noise005_g0027,/home/zhangziwen/workplace/scientific-intelligent-modelling/experiments/formal3h_13alg_ssr50_seed520-522_noise0-001-005_20260622-014658/jaxsr/seed520/tasks/jaxsr_s520_noise005_g0027/iaaccn29/jaxsr/g0027_feynman_test_15/progress/minute_0060.json,79bdff4c1b6fcc3e734a9097c2975eb622bab201b2aa1863d0f53640a448a5c3,60,3600.048,ok,True,True,0.009013393448682145,0.09523008317232937,3600.048,1.00790786743164*x2 + 0.647916495800018*x3 - 0.0541106462478638*x3**2.0 - 0.00923874415457249*x3**3.0 - 0.793758749961853,1.00790786743164*x2 + 0.647916495800018*x3 - 0.0541106462478638*x3**2.0 - 0.00923874415457249*x3**3.0 - 0.793758749961853,True,18,4
jaxsr,g0028,strogatz_barmag1,520,noise005,0.05,iaaccn24,formal3h_13alg_ssr50_seed520-522_noise0-001-005_20260622-014658,jaxsr_s520_noise005_g0028,/home/zhangziwen/workplace/scientific-intelligent-modelling/experiments/formal3h_13alg_ssr50_seed520-522_noise0-001-005_20260622-014658/jaxsr/seed520/tasks/jaxsr_s520_noise005_g0028/iaaccn24/jaxsr/g0028_strogatz_barmag1/progress/minute_0060.json,fb3a9106435ecfcac7629db9bb3d464d7b56fc15da5244d85db80c90e3b97732,60,3600.026,ok,True,True,0.018238129528230663,0.30983229710081034,3600.026,0.0153703736141324*x0*x1 - 0.00568972155451775*x0**3.0 + 0.118085488677025*x1 - 0.0287637263536453*x1**2.0 + 1.09156179428101,0.0153703736141324*x0*x1 - 0.00568972155451775*x0**3.0 + 0.118085488677025*x1 - 0.0287637263536453*x1**2.0 + 1.09156179428101,True,19,4
jaxsr,g0029,strogatz_barmag2,520,noise005,0.05,iaaccn24,formal3h_13alg_ssr50_seed520-522_noise0-001-005_20260622-014658,jaxsr_s520_noise005_g0029,/home/zhangziwen/workplace/scientific-intelligent-modelling/experiments/formal3h_13alg_ssr50_seed520-522_noise0-001-005_20260622-014658/jaxsr/seed520/tasks/jaxsr_s520_noise005_g0029/iaaccn24/jaxsr/g0029_strogatz_barmag2/progress/minute_0060.json,8c4d095d7119b4ddce8225f949fc88f64acfeba662949344907364beeec3eed7,60,3600.032,ok,True,True,0.11140457992700459,3.728620382610704,3600.031,-0.066889263689518*x0*x1 - 1.18435621261597*x1 + 0.583529472351074*x1**2.0 - 0.0540176518261433*x1**3.0 + 0.543674528598785,-0.066889263689518*x0*x1 - 1.18435621261597*x1 + 0.583529472351074*x1**2.0 - 0.0540176518261433*x1**3.0 + 0.543674528598785,True,19,4
jaxsr,g0030,strogatz_predprey2,520,noise005,0.05,iaaccn24,formal3h_13alg_ssr50_seed520-522_noise0-001-005_20260622-014658,jaxsr_s520_noise005_g0030,/home/zhangziwen/workplace/scientific-intelligent-modelling/experiments/formal3h_13alg_ssr50_seed520-522_noise0-001-005_20260622-014658/jaxsr/seed520/tasks/jaxsr_s520_noise005_g0030/iaaccn24/jaxsr/g0030_strogatz_predprey2/progress/minute_0060.json,abedd0f124ca752646d439776595d30447ec3517320b4eb812d5e9bf3a8d5734,60,3600.041,ok,True,True,0.02314827793175163,0.4368277637997296,3600.041,0.183508545160294*x0*x1 + 1.31091260910034*x0 - 0.357389539480209*x0**2.0 - 0.0831872969865799*x1 - 0.050205510109663*x1**2.0,0.183508545160294*x0*x1 + 1.31091260910034*x0 - 0.357389539480209*x0**2.0 - 0.0831872969865799*x1 - 0.050205510109663*x1**2.0,True,21,4
jaxsr,g0031,strogatz_shearflow1,520,noise005,0.05,iaaccn26,formal3h_13alg_ssr50_seed520-522_noise0-001-005_20260622-014658,jaxsr_s520_noise005_g0031,/home/zhangziwen/workplace/scientific-intelligent-modelling/experiments/formal3h_13alg_ssr50_seed520-522_noise0-001-005_20260622-014658/jaxsr/seed520/tasks/jaxsr_s520_noise005_g0031/iaaccn26/jaxsr/g0031_strogatz_shearflow1/progress/minute_0060.json,7800cc9eb20b2952099ba74dd90942b3c962a5a6ee2879c3e8009e1d6aedae0c,60,3600.037,ok,True,True,0.7177216689820157,2.884410019546686,3600.037,0.0246800519526005*x0**2.0 - 0.0959163904190063*x1 + 0.27204093337059*x1**2.0 + 0.000648928398732096*x1**3.0 - 1.00003457069397,0.0246800519526005*x0**2.0 - 0.0959163904190063*x1 + 0.27204093337059*x1**2.0 + 0.000648928398732096*x1**3.0 - 1.00003457069397,True,20,4
jaxsr,g0032,strogatz_vdp1,520,noise005,0.05,iaaccn28,formal3h_13alg_ssr50_seed520-522_noise0-001-005_20260622-014658,jaxsr_s520_noise005_g0032,/home/zhangziwen/workplace/scientific-intelligent-modelling/experiments/formal3h_13alg_ssr50_seed520-522_noise0-001-005_20260622-014658/jaxsr/seed520/tasks/jaxsr_s520_noise005_g0032/iaaccn28/jaxsr/g0032_strogatz_vdp1/progress/minute_0060.json,b10bcc02bd06a020eab35f4c2ae672131a6f3c4d45c23e698bba15f03ecb1162,60,3600.043,ok,True,True,8.255739521286908e-06,7.2585605574532145e-06,3600.043,3.32847619056702*x0 - 3.3253767490387*x0**3.0 + 9.98024654388428*x1,3.32847619056702*x0 - 3.3253767490387*x0**3.0 + 9.98024654388428*x1,True,12,4
jaxsr,g0033,first_principles_hubble,520,noise005,0.05,iaaccn22,formal3h_13alg_ssr50_seed520-522_noise0-001-005_20260622-014658,jaxsr_s520_noise005_g0033,/home/zhangziwen/workplace/scientific-intelligent-modelling/experiments/formal3h_13alg_ssr50_seed520-522_noise0-001-005_20260622-014658/jaxsr/seed520/tasks/jaxsr_s520_noise005_g0033/iaaccn22/jaxsr/g0033_first_principles_hubble/progress/minute_0060.json,e753e76e1253e55ec3a01affa547588186ca970a37145eff5447cf531944b710,60,3600.027,ok,True,True,0.07250310302034635,0.03211333007205495,3600.027,438.969635009766*x0,438.969635009766*x0,True,3,2
jaxsr,g0034,first_principles_leavitt,520,noise005,0.05,iaaccn22,formal3h_13alg_ssr50_seed520-522_noise0-001-005_20260622-014658,jaxsr_s520_noise005_g0034,/home/zhangziwen/workplace/scientific-intelligent-modelling/experiments/formal3h_13alg_ssr50_seed520-522_noise0-001-005_20260622-014658/jaxsr/seed520/tasks/jaxsr_s520_noise005_g0034/iaaccn22/jaxsr/g0034_first_principles_leavitt/progress/minute_0060.json,42dd678ac5cb86bb0a2dce33e9f10859412c9d80bfce020751b315bd1158e8d2,60,3600.017,ok,True,True,0.00031662138154000153,0.0028455679030823227,3600.017,14.8295755386353 - 1.10040259361267*x0**2.0,14.8295755386353 - 1.10040259361267*x0**2.0,True,7,4
jaxsr,g0035,feynman-ii.4.23,520,noise005,0.05,iaaccn29,formal3h_13alg_ssr50_seed520-522_noise0-001-005_20260622-014658,jaxsr_s520_noise005_g0035,/home/zhangziwen/workplace/scientific-intelligent-modelling/experiments/formal3h_13alg_ssr50_seed520-522_noise0-001-005_20260622-014658/jaxsr/seed520/tasks/jaxsr_s520_noise005_g0035/iaaccn29/jaxsr/g0035_feynman-ii.4.23/progress/minute_0060.json,ebcbb87b6bf19d108578bf8315ae031210e2abfa657e25eee20a5ba872ef703e,60,3600.026,ok,True,True,0.3885893656080352,9.375178217031577,3600.026,x0*(298898391040.0 - 524994576384.0*x1),x0*(298898391040.0 - 524994576384.0*x1),True,7,4
jaxsr,g0036,feynman-iii.7.38,520,noise005,0.05,iaaccn29,formal3h_13alg_ssr50_seed520-522_noise0-001-005_20260622-014658,jaxsr_s520_noise005_g0036,/home/zhangziwen/workplace/scientific-intelligent-modelling/experiments/formal3h_13alg_ssr50_seed520-522_noise0-001-005_20260622-014658/jaxsr/seed520/tasks/jaxsr_s520_noise005_g0036/iaaccn29/jaxsr/g0036_feynman-iii.7.38/progress/minute_0060.json,f4f39f98a91f066c89aa040bed291bf7bc8952658e604dc71b1312894005247c,60,3600.009,ok,True,True,1.0000117123201302,1.000001040843014,3600.009,4.25743639017563e+20,4.25743639017563e+20,True,1,1
jaxsr,g0037,feynman-i.18.16,520,noise005,0.05,iaaccn27,formal3h_13alg_ssr50_seed520-522_noise0-001-005_20260622-014658,jaxsr_s520_noise005_g0037,/home/zhangziwen/workplace/scientific-intelligent-modelling/experiments/formal3h_13alg_ssr50_seed520-522_noise0-001-005_20260622-014658/jaxsr/seed520/tasks/jaxsr_s520_noise005_g0037/iaaccn27/jaxsr/g0037_feynman-i.18.16/progress/minute_0060.json,e596eb254ae2fbb37ec458e376010051a85a7b38e2f1e166edc16948658d8bb6,60,3600.026,ok,True,True,0.8797188125214254,1.6398658156299497,3600.026,-1.17470991611481*x0*x4 + 3.19219779968262*x0 - 1.13225662708282*x3*x4 + 3.10060167312622*x3 + 0.0409767664968967*x4**3.0,-1.17470991611481*x0*x4 + 3.19219779968262*x0 - 1.13225662708282*x3*x4 + 3.10060167312622*x3 + 0.0409767664968967*x4**3.0,True,20,4
jaxsr,g0038,feynman-ii.27.18,520,noise005,0.05,iaaccn24,formal3h_13alg_ssr50_seed520-522_noise0-001-005_20260622-014658,jaxsr_s520_noise005_g0038,/home/zhangziwen/workplace/scientific-intelligent-modelling/experiments/formal3h_13alg_ssr50_seed520-522_noise0-001-005_20260622-014658/jaxsr/seed520/tasks/jaxsr_s520_noise005_g0038/iaaccn24/jaxsr/g0038_feynman-ii.27.18/progress/minute_0060.json,f1c80877a8ebf3f0a2ee4634a5b3f502dc68d61615f3f1b161dba801d9a656f1,60,3600.009,ok,True,True,1.0,1.0,3600.009,0,0,True,1,1
jaxsr,g0039,feynman-ii.34.11,520,noise005,0.05,iaaccn25,formal3h_13alg_ssr50_seed520-522_noise0-001-005_20260622-014658,jaxsr_s520_noise005_g0039,/home/zhangziwen/workplace/scientific-intelligent-modelling/experiments/formal3h_13alg_ssr50_seed520-522_noise0-001-005_20260622-014658/jaxsr/seed520/tasks/jaxsr_s520_noise005_g0039/iaaccn25/jaxsr/g0039_feynman-ii.34.11/progress/minute_0060.json,01e210ccef40e28dad8019855d8e89a3875fbca87e86d60ff44882c836b75c58,60,3600.167,ok,True,True,0.9978986027725665,1.0002834776475182,3600.165,-1.8574486983892e+18*x0*x4,-1.8574486983892e+18*x0*x4,True,4,2
jaxsr,g0040,feynman-i.29.16,520,noise005,0.05,iaaccn28,formal3h_13alg_ssr50_seed520-522_noise0-001-005_20260622-014658,jaxsr_s520_noise005_g0040,/home/zhangziwen/workplace/scientific-intelligent-modelling/experiments/formal3h_13alg_ssr50_seed520-522_noise0-001-005_20260622-014658/jaxsr/seed520/tasks/jaxsr_s520_noise005_g0040/iaaccn28/jaxsr/g0040_feynman-i.29.16/progress/minute_0060.json,dc3d785b88bb298ccf495c248fceddaa0c064f0cf5c748ab708d3dabcd3f941a,60,3600.028,ok,True,True,0.06550789042881652,0.1931213630299866,3600.028,-0.0937338247895241*x0*x1 + 0.794493556022644*x0 + 0.0248487964272499*x0**2.0 + 0.777923882007599*x1 + 0.0278417747467756*x1**2.0,-0.0937338247895241*x0*x1 + 0.794493556022644*x0 + 0.0248487964272499*x0**2.0 + 0.777923882007599*x1 + 0.0278417747467756*x1**2.0,True,21,4
jaxsr,g0041,feynman-bonus.20,520,noise005,0.05,iaaccn24,formal3h_13alg_ssr50_seed520-522_noise0-001-005_20260622-014658,jaxsr_s520_noise005_g0041,/home/zhangziwen/workplace/scientific-intelligent-modelling/experiments/formal3h_13alg_ssr50_seed520-522_noise0-001-005_20260622-014658/jaxsr/seed520/tasks/jaxsr_s520_noise005_g0041/iaaccn24/jaxsr/g0041_feynman-bonus.20/progress/minute_0060.json,8e9082bda9fba6f7ec5e4e01e7b3130baccfa18fbfae77ae19cbca25b154004f,60,3600.01,ok,True,True,1.0,1.0,3600.01,0,0,True,1,1
jaxsr,g0042,feynman-i.15.3t,520,noise005,0.05,iaaccn25,formal3h_13alg_ssr50_seed520-522_noise0-001-005_20260622-014658,jaxsr_s520_noise005_g0042,/home/zhangziwen/workplace/scientific-intelligent-modelling/experiments/formal3h_13alg_ssr50_seed520-522_noise0-001-005_20260622-014658/jaxsr/seed520/tasks/jaxsr_s520_noise005_g0042/iaaccn25/jaxsr/g0042_feynman-i.15.3t/progress/minute_0060.json,ceee247f370f349ac85a3bb751b6f732c35e8ccea952d29d5710b6318f23b6e8,60,3600.036,ok,True,True,6.049299305011152e-07,4.0482151550239754e-05,3600.035,1.00082719326019*x1,1.00082719326019*x1,True,3,2
jaxsr,g0043,feynman-i.39.22,520,noise005,0.05,iaaccn27,formal3h_13alg_ssr50_seed520-522_noise0-001-005_20260622-014658,jaxsr_s520_noise005_g0043,/home/zhangziwen/workplace/scientific-intelligent-modelling/experiments/formal3h_13alg_ssr50_seed520-522_noise0-001-005_20260622-014658/jaxsr/seed520/tasks/jaxsr_s520_noise005_g0043/iaaccn27/jaxsr/g0043_feynman-i.39.22/progress/minute_0060.json,6e0025e6ab74496a3aec06d025a366d5689f4c8470f6eff2867028d4dc0c8723,60,3600.029,ok,True,True,0.7647208070237086,2.1497520512396666,3600.029,-2218672896.0*x3*x4 + 1271288.875*x3 - 1372238774272.0*x4 + 3.68189238987981e+15*x4**2.0 - 2.1679509195121e+18*x4**3.0,-2218672896.0*x3*x4 + 1271288.875*x3 - 1372238774272.0*x4 + 3.68189238987981e+15*x4**2.0 - 2.1679509195121e+18*x4**3.0,True,21,4
jaxsr,g0044,feynman-iii.10.19,520,noise005,0.05,iaaccn22,formal3h_13alg_ssr50_seed520-522_noise0-001-005_20260622-014658,jaxsr_s520_noise005_g0044,/home/zhangziwen/workplace/scientific-intelligent-modelling/experiments/formal3h_13alg_ssr50_seed520-522_noise0-001-005_20260622-014658/jaxsr/seed520/tasks/jaxsr_s520_noise005_g0044/iaaccn22/jaxsr/g0044_feynman-iii.10.19/progress/minute_0060.json,a30938b234595070b1d6777ac7373a313a6e63ea000c61af761abeed81a6a9c9,60,3600.011,ok,True,True,1.0,1.0,3600.011,0,0,True,1,1
jaxsr,g0045,feynman-i.13.12,520,noise005,0.05,iaaccn27,formal3h_13alg_ssr50_seed520-522_noise0-001-005_20260622-014658,jaxsr_s520_noise005_g0045,/home/zhangziwen/workplace/scientific-intelligent-modelling/experiments/formal3h_13alg_ssr50_seed520-522_noise0-001-005_20260622-014658/jaxsr/seed520/tasks/jaxsr_s520_noise005_g0045/iaaccn27/jaxsr/g0045_feynman-i.13.12/progress/minute_0060.json,86c4e7a274bb9231aa2d1b52ab1fc72106d58a80db4830874528a8f78e210d9d,60,3600.032,ok,True,True,0.7297680494055284,0.7128128250212277,3600.032,-8.30735591428322e-10*x0*x2 + 6.1251503868931e-10*x0*x3 - 7.72382768854385e-10*x1*x2 + 6.24164220308643e-10*x1*x3 + 2.69416960962943e-10*x2**3.0,-8.30735591428322e-10*x0*x2 + 6.1251503868931e-10*x0*x3 - 7.72382768854385e-10*x1*x2 + 6.24164220308643e-10*x1*x3 + 2.69416960962943e-10*x2**3.0,True,22,4
jaxsr,g0046,feynman-i.32.5,520,noise005,0.05,iaaccn25,formal3h_13alg_ssr50_seed520-522_noise0-001-005_20260622-014658,jaxsr_s520_noise005_g0046,/home/zhangziwen/workplace/scientific-intelligent-modelling/experiments/formal3h_13alg_ssr50_seed520-522_noise0-001-005_20260622-014658/jaxsr/seed520/tasks/jaxsr_s520_noise005_g0046/iaaccn25/jaxsr/g0046_feynman-i.32.5/progress/minute_0060.json,8d2a4f05a5b396229fc740da97386432b4436bcc2263a17e2fc1495b79f6a78a,60,3600.237,ok,True,True,0.8180354409640836,0.8513648665073622,3600.236,0.00248259864747524*x0**2.0 - 3.0245660127548e-6,0.00248259864747524*x0**2.0 - 3.0245660127548e-6,True,7,4
jaxsr,g0047,feynman-i.43.31,520,noise005,0.05,iaaccn29,formal3h_13alg_ssr50_seed520-522_noise0-001-005_20260622-014658,jaxsr_s520_noise005_g0047,/home/zhangziwen/workplace/scientific-intelligent-modelling/experiments/formal3h_13alg_ssr50_seed520-522_noise0-001-005_20260622-014658/jaxsr/seed520/tasks/jaxsr_s520_noise005_g0047/iaaccn29/jaxsr/g0047_feynman-i.43.31/progress/minute_0060.json,3a0675ffbb0ef8408186b7998ed1c1119701bc3120dfb6a611ad9788605b7cee,60,3600.011,ok,True,True,1.0,1.0,3600.01,0,0,True,1,1
jaxsr,g0048,feynman-i.11.19,520,noise005,0.05,iaaccn26,formal3h_13alg_ssr50_seed520-522_noise0-001-005_20260622-014658,jaxsr_s520_noise005_g0048,/home/zhangziwen/workplace/scientific-intelligent-modelling/experiments/formal3h_13alg_ssr50_seed520-522_noise0-001-005_20260622-014658/jaxsr/seed520/tasks/jaxsr_s520_noise005_g0048/iaaccn26/jaxsr/g0048_feynman-i.11.19/progress/minute_0060.json,62d331125f1567b678d8fe973353b652eadd851f5043756ced0a3dfa311fbd08,60,3600.022,ok,True,True,8.333994445647116e-06,1.2894871301506128e-06,3600.022,0.999136626720428*x0*x1 + 1.00088429450989*x2*x3 - 0.00983575452119112*x2 - 0.0108417235314846*x3 + 1.00069642066956*x5*x6,0.999136626720428*x0*x1 + 1.00088429450989*x2*x3 - 0.00983575452119112*x2 - 0.0108417235314846*x3 + 1.00069642066956*x5*x6,True,19,3
jaxsr,g0049,feynman-ii.34.2a,520,noise005,0.05,iaaccn22,formal3h_13alg_ssr50_seed520-522_noise0-001-005_20260622-014658,jaxsr_s520_noise005_g0049,/home/zhangziwen/workplace/scientific-intelligent-modelling/experiments/formal3h_13alg_ssr50_seed520-522_noise0-001-005_20260622-014658/jaxsr/seed520/tasks/jaxsr_s520_noise005_g0049/iaaccn22/jaxsr/g0049_feynman-ii.34.2a/progress/minute_0060.json,246b389e4716bd6221f2d54caa4829116dcc898e8ce02cc326533c637affa811,60,3600.017,ok,True,True,0.578405358670505,2.86468023853388,3600.017,3090397184.0*x1*x3,3090397184.0*x1*x3,True,4,2
jaxsr,g0050,Vladislavleva-4,520,noise005,0.05,iaaccn25,formal3h_13alg_ssr50_seed520-522_noise0-001-005_20260622-014658,jaxsr_s520_noise005_g0050,/home/zhangziwen/workplace/scientific-intelligent-modelling/experiments/formal3h_13alg_ssr50_seed520-522_noise0-001-005_20260622-014658/jaxsr/seed520/tasks/jaxsr_s520_noise005_g0050/iaaccn25/jaxsr/g0050_Vladislavleva-4/progress/minute_0060.json,786af535b8c9b5d8bdc6b4bf1bb4cabdf2c64dec616d6776ccc33eea53f781d4,60,3600.202,ok,True,True,0.08484443217348822,0.09749577961252968,3600.201,0.09565469622612*x0 - 0.00292805465869606*x0**3.0 + 0.107824899256229*x4 - 0.00327470852062106*x4**3.0 + 0.272954970598221,0.09565469622612*x0 - 0.00292805465869606*x0**3.0 + 0.107824899256229*x4 - 0.00327470852062106*x4**3.0 + 0.272954970598221,True,18,4
jaxsr,g0001,Keijzer-11,521,clean,0.0,iaaccn24,formal3h_13alg_ssr50_seed520-522_noise0-001-005_20260622-014658,jaxsr_s521_clean_g0001,/home/zhangziwen/workplace/scientific-intelligent-modelling/experiments/formal3h_13alg_ssr50_seed520-522_noise0-001-005_20260622-014658/jaxsr/seed521/tasks/jaxsr_s521_clean_g0001/iaaccn24/jaxsr/g0001_Keijzer-11/progress/minute_0060.json,bf27623bcb84a48719e99c4d67ebc6eb93910424255f739770851fb6e8591969,60,3600.075,ok,True,True,0.0717051624589861,0.054402586303501754,3600.074,1.1156450510025*x0*x1 - 0.0387044064700603*x0**3.0,1.1156450510025*x0*x1 - 0.0387044064700603*x0**3.0,True,10,4
jaxsr,g0002,Keijzer-2,521,clean,0.0,iaaccn29,formal3h_13alg_ssr50_seed520-522_noise0-001-005_20260622-014658,jaxsr_s521_clean_g0002,/home/zhangziwen/workplace/scientific-intelligent-modelling/experiments/formal3h_13alg_ssr50_seed520-522_noise0-001-005_20260622-014658/jaxsr/seed521/tasks/jaxsr_s521_clean_g0002/iaaccn29/jaxsr/g0002_Keijzer-2/progress/minute_0060.json,690e308b7164b921135d928c67b97a7441f9dd40d1569406f72ba17616310f67,60,3600.014,ok,True,True,0.8250786194686536,2.314535376115173,3600.014,-0.0507318340241909*x0**2.0,-0.0507318340241909*x0**2.0,True,5,3
jaxsr,g0003,Korns-2,521,clean,0.0,iaaccn25,formal3h_13alg_ssr50_seed520-522_noise0-001-005_20260622-014658,jaxsr_s521_clean_g0003,/home/zhangziwen/workplace/scientific-intelligent-modelling/experiments/formal3h_13alg_ssr50_seed520-522_noise0-001-005_20260622-014658/jaxsr/seed521/tasks/jaxsr_s521_clean_g0003/iaaccn25/jaxsr/g0003_Korns-2/progress/minute_0060.json,aeb2f1fe72e6b690a8c9945a801f2de1ec7d8e5d7cbe905543636361a65d961e,60,3600.138,ok,True,True,1.0072406059600736,1.023105452821622,3600.137,0.0133552681654692*x1*x2,0.0133552681654692*x1*x2,True,4,2
jaxsr,g0004,Korns-4,521,clean,0.0,iaaccn27,formal3h_13alg_ssr50_seed520-522_noise0-001-005_20260622-014658,jaxsr_s521_clean_g0004,/home/zhangziwen/workplace/scientific-intelligent-modelling/experiments/formal3h_13alg_ssr50_seed520-522_noise0-001-005_20260622-014658/jaxsr/seed521/tasks/jaxsr_s521_clean_g0004/iaaccn27/jaxsr/g0004_Korns-4/progress/minute_0060.json,1494a84b928242210a6617f5d56200cacd5046b976efb89d20ff910f2fb48f71,60,3600.02,ok,True,True,0.001624954903398537,0.0017347878751051186,3600.02,2.38535940297879e-5*x0*x1 - 2.30233812332153,2.38535940297879e-5*x0*x1 - 2.30233812332153,True,6,3
jaxsr,g0005,BPG3,521,clean,0.0,iaaccn24,formal3h_13alg_ssr50_seed520-522_noise0-001-005_20260622-014658,jaxsr_s521_clean_g0005,/home/zhangziwen/workplace/scientific-intelligent-modelling/experiments/formal3h_13alg_ssr50_seed520-522_noise0-001-005_20260622-014658/jaxsr/seed521/tasks/jaxsr_s521_clean_g0005/iaaccn24/jaxsr/g0005_BPG3/progress/minute_0060.json,30abd974c3f5cc7459f511bfbd5c5d08c445c4f590b9e4f570a8d35c3164f326,60,3600.032,ok,True,True,6.744070904837912e-12,0.0341931204959589,3600.032,4.25459756314694e-9*x0 - 0.845064342021942*x1 + 0.271491378545761*x1**2.0 - 0.00854129437357187*x1**3.0 - 1.6070850961114e-7,4.25459756314694e-9*x0 - 0.845064342021942*x1 + 0.271491378545761*x1**2.0 - 0.00854129437357187*x1**3.0 - 1.6070850961114e-7,True,18,4
jaxsr,g0006,BPG5,521,clean,0.0,iaaccn25,formal3h_13alg_ssr50_seed520-522_noise0-001-005_20260622-014658,jaxsr_s521_clean_g0006,/home/zhangziwen/workplace/scientific-intelligent-modelling/experiments/formal3h_13alg_ssr50_seed520-522_noise0-001-005_20260622-014658/jaxsr/seed521/tasks/jaxsr_s521_clean_g0006/iaaccn25/jaxsr/g0006_BPG5/progress/minute_0060.json,8d6fc3821b80ed640a0275502dbe04030c37794d53e696fbac17e01f41e793ef,60,3600.157,ok,True,True,3.0321666298616466e-09,2.405316577015052e-06,3600.155,7.96023746918451e-10*x0**3.0 + 1.04169237613678*x1 - 0.0109400879591703*x1**2.0 - 4.20494536967908e-8*x1**3.0 - 0.0139686316251755,7.96023746918451e-10*x0**3.0 + 1.04169237613678*x1 - 0.0109400879591703*x1**2.0 - 4.20494536967908e-8*x1**3.0 - 0.0139686316251755,True,20,4
jaxsr,g0007,BPG9,521,clean,0.0,iaaccn24,formal3h_13alg_ssr50_seed520-522_noise0-001-005_20260622-014658,jaxsr_s521_clean_g0007,/home/zhangziwen/workplace/scientific-intelligent-modelling/experiments/formal3h_13alg_ssr50_seed520-522_noise0-001-005_20260622-014658/jaxsr/seed521/tasks/jaxsr_s521_clean_g0007/iaaccn24/jaxsr/g0007_BPG9/progress/minute_0060.json,c2cc4d7b8ab340328d768a99fe9b4bbeccdc08bbd39bbd18f32f3abbad80d9f1,60,3600.032,ok,True,True,9.032963747819539e-07,0.00031387663775890476,3600.032,1.67801439410198e-9*x0**3.0 + 0.00341384508647025*x1 + 0.176799133419991*x1**2.0 - 0.016319427639246*x1**3.0 - 0.00127889367286116,1.67801439410198e-9*x0**3.0 + 0.00341384508647025*x1 + 0.176799133419991*x1**2.0 - 0.016319427639246*x1**3.0 - 0.00127889367286116,True,20,4
jaxsr,g0008,CRK0,521,clean,0.0,iaaccn27,formal3h_13alg_ssr50_seed520-522_noise0-001-005_20260622-014658,jaxsr_s521_clean_g0008,/home/zhangziwen/workplace/scientific-intelligent-modelling/experiments/formal3h_13alg_ssr50_seed520-522_noise0-001-005_20260622-014658/jaxsr/seed521/tasks/jaxsr_s521_clean_g0008/iaaccn27/jaxsr/g0008_CRK0/progress/minute_0060.json,4877df00dbbfde3ec4a9316b8f13d9b26e2c3a46c64bf3612385cefe199ea7ac,60,3600.033,ok,True,True,5.624779167375377e-06,0.0014959624837757183,3600.033,3.45093280884612e-6*x0 - 4.84599915751005e-8*x0**2.0 + 0.21421767771244*x1**2.0 - 0.250243991613388*x1**3.0 + 0.109210498631001,3.45093280884612e-6*x0 - 4.84599915751005e-8*x0**2.0 + 0.21421767771244*x1**2.0 - 0.250243991613388*x1**3.0 + 0.109210498631001,True,20,4
jaxsr,g0009,CRK10,521,clean,0.0,iaaccn25,formal3h_13alg_ssr50_seed520-522_noise0-001-005_20260622-014658,jaxsr_s521_clean_g0009,/home/zhangziwen/workplace/scientific-intelligent-modelling/experiments/formal3h_13alg_ssr50_seed520-522_noise0-001-005_20260622-014658/jaxsr/seed521/tasks/jaxsr_s521_clean_g0009/iaaccn25/jaxsr/g0009_CRK10/progress/minute_0060.json,8ce562645b127200a7d6a31571323c46f56dbc96f7d7307106bae48270a4b0a3,60,3600.24,ok,True,True,2.472776741355334e-07,4.136465382702229e-06,3600.239,0.522182285785675*x1 - 0.361525058746338*x1**2.0 + 0.0268183164298534*x1**3.0 + 0.0151452803984284,0.522182285785675*x1 - 0.361525058746338*x1**2.0 + 0.0268183164298534*x1**3.0 + 0.0151452803984284,True,15,4
jaxsr,g0010,CRK11,521,clean,0.0,iaaccn22,formal3h_13alg_ssr50_seed520-522_noise0-001-005_20260622-014658,jaxsr_s521_clean_g0010,/home/zhangziwen/workplace/scientific-intelligent-modelling/experiments/formal3h_13alg_ssr50_seed520-522_noise0-001-005_20260622-014658/jaxsr/seed521/tasks/jaxsr_s521_clean_g0010/iaaccn22/jaxsr/g0010_CRK11/progress/minute_0060.json,a91f08a38f3cbabff2c5b2c9e42385989911f668d034d27dd98d19fcb9debc36,60,3600.038,ok,True,True,2.0973172527242827e-07,0.00010278430243437516,3600.038,-2.08150074954006e-9*x0**2.0 + 0.664543867111206*x1 - 1.31571018695831*x1**2.0 + 0.124146617949009*x1**3.0 + 0.149198144674301,-2.08150074954006e-9*x0**2.0 + 0.664543867111206*x1 - 1.31571018695831*x1**2.0 + 0.124146617949009*x1**3.0 + 0.149198144674301,True,20,4
jaxsr,g0011,CRK33,521,clean,0.0,iaaccn23,formal3h_13alg_ssr50_seed520-522_noise0-001-005_20260622-014658,jaxsr_s521_clean_g0011,/home/zhangziwen/workplace/scientific-intelligent-modelling/experiments/formal3h_13alg_ssr50_seed520-522_noise0-001-005_20260622-014658/jaxsr/seed521/tasks/jaxsr_s521_clean_g0011/iaaccn23/jaxsr/g0011_CRK33/progress/minute_0060.json,08c0e6708eb1126d32385d0a87783b8046c2fac74629dc86c8b9bbb22960ef34,60,3600.032,ok,True,True,1.5488781982893242e-06,0.0003648083534522545,3600.032,0.52425217628479*x1 - 0.277274459600449*x1**2.0 + 0.0164406504482031*x1**3.0 + 0.0415507592260838,0.52425217628479*x1 - 0.277274459600449*x1**2.0 + 0.0164406504482031*x1**3.0 + 0.0415507592260838,True,15,4
jaxsr,g0012,CRK34,521,clean,0.0,iaaccn22,formal3h_13alg_ssr50_seed520-522_noise0-001-005_20260622-014658,jaxsr_s521_clean_g0012,/home/zhangziwen/workplace/scientific-intelligent-modelling/experiments/formal3h_13alg_ssr50_seed520-522_noise0-001-005_20260622-014658/jaxsr/seed521/tasks/jaxsr_s521_clean_g0012/iaaccn22/jaxsr/g0012_CRK34/progress/minute_0060.json,b99cc833f9dd8e91cc83afc502d1052c6b01cb2391f91a8d5effb98d765c290e,60,3600.027,ok,True,True,8.443195207035061e-06,0.02653677195100859,3600.027,4.13668749388307e-6*x0 + 0.259944438934326*x1 - 0.188829079270363*x1**2.0 - 0.00214507454074919*x1**3.0 + 0.489656537771225,4.13668749388307e-6*x0 + 0.259944438934326*x1 - 0.188829079270363*x1**2.0 - 0.00214507454074919*x1**3.0 + 0.489656537771225,True,18,4
jaxsr,g0013,I.11.19_4_0,521,clean,0.0,iaaccn24,formal3h_13alg_ssr50_seed520-522_noise0-001-005_20260622-014658,jaxsr_s521_clean_g0013,/home/zhangziwen/workplace/scientific-intelligent-modelling/experiments/formal3h_13alg_ssr50_seed520-522_noise0-001-005_20260622-014658/jaxsr/seed521/tasks/jaxsr_s521_clean_g0013/iaaccn24/jaxsr/g0013_I.11.19_4_0/progress/minute_0060.json,5dbc1dfbef8bc93ef748faf60c8989c7df2a2c6629cf47be70b18d3464bdc051,60,3600.048,ok,True,True,0.030197989941818885,0.1454727700450717,3600.048,0.199344336986542*x0*x2 - 0.971274018287659*x0 + 0.465444713830948*x1*x4 - 0.0586147829890251*x2**3.0 - 0.339373201131821*x3*x5,0.199344336986542*x0*x2 - 0.971274018287659*x0 + 0.465444713830948*x1*x4 - 0.0586147829890251*x2**3.0 - 0.339373201131821*x3*x5,True,21,4
jaxsr,g0014,II.11.27_1_0,521,clean,0.0,iaaccn23,formal3h_13alg_ssr50_seed520-522_noise0-001-005_20260622-014658,jaxsr_s521_clean_g0014,/home/zhangziwen/workplace/scientific-intelligent-modelling/experiments/formal3h_13alg_ssr50_seed520-522_noise0-001-005_20260622-014658/jaxsr/seed521/tasks/jaxsr_s521_clean_g0014/iaaccn23/jaxsr/g0014_II.11.27_1_0/progress/minute_0060.json,ddca99cb25e49e1f37f561addc14654599110d024419a816643fbf3e954b58bf,60,3600.066,ok,True,True,0.9875746883684831,1.0042477379539516,3600.066,-32.058895111084*x0*x1 + 21.8636608123779*x0 - 284.549438476563*x1 + 698.611206054688*x1**2.0 - 398.183776855469*x1**3.0,-32.058895111084*x0*x1 + 21.8636608123779*x0 - 284.549438476563*x1 + 698.611206054688*x1**2.0 - 398.183776855469*x1**3.0,True,21,4
jaxsr,g0015,II.34.2_1_0,521,clean,0.0,iaaccn26,formal3h_13alg_ssr50_seed520-522_noise0-001-005_20260622-014658,jaxsr_s521_clean_g0015,/home/zhangziwen/workplace/scientific-intelligent-modelling/experiments/formal3h_13alg_ssr50_seed520-522_noise0-001-005_20260622-014658/jaxsr/seed521/tasks/jaxsr_s521_clean_g0015/iaaccn26/jaxsr/g0015_II.34.2_1_0/progress/minute_0060.json,4552385c93d0250501f9d77118cbd029180957ef9e02773fa38a79855e803173,60,3600.067,ok,True,True,0.07343313662116081,0.3948319403087731,3600.067,-0.151856273412704*x0*x1 - 0.124591268599033*x0*x2 + 1.1667366027832*x0 - 0.80601704120636*x1**2.0 + 0.199959203600883*x1**3.0,-0.151856273412704*x0*x1 - 0.124591268599033*x0*x2 + 1.1667366027832*x0 - 0.80601704120636*x1**2.0 + 0.199959203600883*x1**3.0,True,22,4
jaxsr,g0016,II.6.15b_3_0,521,clean,0.0,iaaccn24,formal3h_13alg_ssr50_seed520-522_noise0-001-005_20260622-014658,jaxsr_s521_clean_g0016,/home/zhangziwen/workplace/scientific-intelligent-modelling/experiments/formal3h_13alg_ssr50_seed520-522_noise0-001-005_20260622-014658/jaxsr/seed521/tasks/jaxsr_s521_clean_g0016/iaaccn24/jaxsr/g0016_II.6.15b_3_0/progress/minute_0060.json,005efea13f8e816fa73d42b2beb222aa3292ed2e188b296148be96e200394343,60,3600.038,ok,True,True,0.18287394064865237,1.4648275056636413,3600.038,1.73187518119812*x0*x1 - 106.27116394043*x0**2.0 - 552.280151367188*x0**3.0 + 0.0901911929249763*x2*x3 + 1.36798417568207,1.73187518119812*x0*x1 - 106.27116394043*x0**2.0 - 552.280151367188*x0**3.0 + 0.0901911929249763*x2*x3 + 1.36798417568207,True,20,4
jaxsr,g0017,III.21.20_3_0,521,clean,0.0,iaaccn22,formal3h_13alg_ssr50_seed520-522_noise0-001-005_20260622-014658,jaxsr_s521_clean_g0017,/home/zhangziwen/workplace/scientific-intelligent-modelling/experiments/formal3h_13alg_ssr50_seed520-522_noise0-001-005_20260622-014658/jaxsr/seed521/tasks/jaxsr_s521_clean_g0017/iaaccn22/jaxsr/g0017_III.21.20_3_0/progress/minute_0060.json,0742ada107d610709765bf9aab82e14efe39ebc6406767317052255692850e42,60,3600.048,ok,True,True,0.6530066319829281,0.9999788643744155,3600.048,0.0231861434876919*x0*x1 + 0.0336922071874142*x0*x2 - 1.54746830958175e-5*x0**3.0 + 0.50992339849472*x1*x2 + 0.204066455364227*x2*x3,0.0231861434876919*x0*x1 + 0.0336922071874142*x0*x2 - 1.54746830958175e-5*x0**3.0 + 0.50992339849472*x1*x2 + 0.204066455364227*x2*x3,True,22,4
jaxsr,g0018,MatSci21,521,clean,0.0,iaaccn24,formal3h_13alg_ssr50_seed520-522_noise0-001-005_20260622-014658,jaxsr_s521_clean_g0018,/home/zhangziwen/workplace/scientific-intelligent-modelling/experiments/formal3h_13alg_ssr50_seed520-522_noise0-001-005_20260622-014658/jaxsr/seed521/tasks/jaxsr_s521_clean_g0018/iaaccn24/jaxsr/g0018_MatSci21/progress/minute_0060.json,dfb68a8a5ef1cc29eac0d7fc9e75a3e0491cffdd38db12a80e3cd1120e624dbc,60,3600.024,ok,True,True,0.0007130054357215717,0.0021953942078226673,3600.023,-47.6311492919922*x0 - 769.539611816406*x0**2.0 + 2268.119140625*x0**3.0,-47.6311492919922*x0 - 769.539611816406*x0**2.0 + 2268.119140625*x0**3.0,True,14,4
jaxsr,g0019,PO19,521,clean,0.0,iaaccn28,formal3h_13alg_ssr50_seed520-522_noise0-001-005_20260622-014658,jaxsr_s521_clean_g0019,/home/zhangziwen/workplace/scientific-intelligent-modelling/experiments/formal3h_13alg_ssr50_seed520-522_noise0-001-005_20260622-014658/jaxsr/seed521/tasks/jaxsr_s521_clean_g0019/iaaccn28/jaxsr/g0019_PO19/progress/minute_0060.json,11d748e91473b03c5b860b7749d310cefa8f10a7764e936ba632106fbf9dedad,60,3600.04,ok,True,True,0.003781258777975785,1.5413922431330902,3600.04,-0.116477131843567*x0*x1 - 1.74947547912598*x0 + 0.778311967849731*x0**3.0 - 0.651777565479279*x2 + 0.117666654288769*x2**3.0,-0.116477131843567*x0*x1 - 1.74947547912598*x0 + 0.778311967849731*x0**3.0 - 0.651777565479279*x2 + 0.117666654288769*x2**3.0,True,21,4
jaxsr,g0020,PO41,521,clean,0.0,iaaccn28,formal3h_13alg_ssr50_seed520-522_noise0-001-005_20260622-014658,jaxsr_s521_clean_g0020,/home/zhangziwen/workplace/scientific-intelligent-modelling/experiments/formal3h_13alg_ssr50_seed520-522_noise0-001-005_20260622-014658/jaxsr/seed521/tasks/jaxsr_s521_clean_g0020/iaaccn28/jaxsr/g0020_PO41/progress/minute_0060.json,569683f1f5b180f23424d3d7ff822444e6af932b0b6fad8b4a4f027da7aa8adf,60,3600.035,ok,True,True,0.001135745118359588,0.10388933693345642,3600.035,-0.0188540499657393*x0*x1 - 0.886235654354095*x0 - 0.176431968808174*x0**2.0 + 0.589042901992798*x0**3.0 - 0.484292328357697*x2,-0.0188540499657393*x0*x1 - 0.886235654354095*x0 - 0.176431968808174*x0**2.0 + 0.589042901992798*x0**3.0 - 0.484292328357697*x2,True,21,4
jaxsr,g0021,Nguyen-12,521,clean,0.0,iaaccn29,formal3h_13alg_ssr50_seed520-522_noise0-001-005_20260622-014658,jaxsr_s521_clean_g0021,/home/zhangziwen/workplace/scientific-intelligent-modelling/experiments/formal3h_13alg_ssr50_seed520-522_noise0-001-005_20260622-014658/jaxsr/seed521/tasks/jaxsr_s521_clean_g0021/iaaccn29/jaxsr/g0021_Nguyen-12/progress/minute_0060.json,2f51edb1ef3ec8a2978b8a086b15570ed6fe220e9c34a5dd3fc1f82f16ed6b3f,60,3600.034,ok,True,True,8.90096232476324e-05,0.00487547739740755,3600.034,0.178654119372368*x0 - 1.03619611263275*x0**2.0 + 0.843241989612579*x0**3.0 - 1.00663042068481*x1 + 0.497395992279053*x1**2.0,0.178654119372368*x0 - 1.03619611263275*x0**2.0 + 0.843241989612579*x0**3.0 - 1.00663042068481*x1 + 0.497395992279053*x1**2.0,True,22,4
jaxsr,g0022,Nguyen-6,521,clean,0.0,iaaccn23,formal3h_13alg_ssr50_seed520-522_noise0-001-005_20260622-014658,jaxsr_s521_clean_g0022,/home/zhangziwen/workplace/scientific-intelligent-modelling/experiments/formal3h_13alg_ssr50_seed520-522_noise0-001-005_20260622-014658/jaxsr/seed521/tasks/jaxsr_s521_clean_g0022/iaaccn23/jaxsr/g0022_Nguyen-6/progress/minute_0060.json,62dc320ebb17b7786c7430460840d09652840bce9e9b77d94bfd17d11737a0fc,60,3600.025,ok,True,True,0.0008624899587433433,0.09312649992966657,3600.025,2.08332848548889*x0 + 0.760847449302673*x0**2.0 - 0.822707533836365*x0**3.0 + 0.0156625974923372,2.08332848548889*x0 + 0.760847449302673*x0**2.0 - 0.822707533836365*x0**3.0 + 0.0156625974923372,True,15,4
jaxsr,g0023,Nguyen-9,521,clean,0.0,iaaccn24,formal3h_13alg_ssr50_seed520-522_noise0-001-005_20260622-014658,jaxsr_s521_clean_g0023,/home/zhangziwen/workplace/scientific-intelligent-modelling/experiments/formal3h_13alg_ssr50_seed520-522_noise0-001-005_20260622-014658/jaxsr/seed521/tasks/jaxsr_s521_clean_g0023/iaaccn24/jaxsr/g0023_Nguyen-9/progress/minute_0060.json,dbcbeda8e8a9533d5c1da9d3697096f0dbdfb7cf5a6ff7aa414679d942253d76,60,3600.034,ok,True,True,0.000980989152221207,0.00020467835424483447,3600.034,1.0067275762558*x0 - 0.16522079706192*x0**3.0 - 0.115616858005524*x1 + 1.48638081550598*x1**2.0 - 0.522637605667114*x1**3.0,1.0067275762558*x0 - 0.16522079706192*x0**3.0 - 0.115616858005524*x1 + 1.48638081550598*x1**2.0 - 0.522637605667114*x1**3.0,True,22,4
jaxsr,g0024,feynman_II_15_4,521,clean,0.0,iaaccn25,formal3h_13alg_ssr50_seed520-522_noise0-001-005_20260622-014658,jaxsr_s521_clean_g0024,/home/zhangziwen/workplace/scientific-intelligent-modelling/experiments/formal3h_13alg_ssr50_seed520-522_noise0-001-005_20260622-014658/jaxsr/seed521/tasks/jaxsr_s521_clean_g0024/iaaccn25/jaxsr/g0024_feynman_II_15_4/progress/minute_0060.json,ec41c0f69742bfafa562cc7964cbb5be3395fcd8d526621948d752a20fdb31fe,60,3600.563,ok,True,True,0.2870834735072199,2.6442516728208716,3600.56,-0.258922457695007*x0*x1 + 1.25563204288483*x0*x2 - 1.51731753349304*x0 + 0.810859084129333*x1*x2 - 0.198287889361382*x2**3.0,-0.258922457695007*x0*x1 + 1.25563204288483*x0*x2 - 1.51731753349304*x0 + 0.810859084129333*x1*x2 - 0.198287889361382*x2**3.0,True,21,4
jaxsr,g0025,feynman_I_12_11,521,clean,0.0,iaaccn28,formal3h_13alg_ssr50_seed520-522_noise0-001-005_20260622-014658,jaxsr_s521_clean_g0025,/home/zhangziwen/workplace/scientific-intelligent-modelling/experiments/formal3h_13alg_ssr50_seed520-522_noise0-001-005_20260622-014658/jaxsr/seed521/tasks/jaxsr_s521_clean_g0025/iaaccn28/jaxsr/g0025_feynman_I_12_11/progress/minute_0060.json,fdbccfbed0ffe1beb381f38fbb4e79d3e63abde656b834672af4b2110fb7aa93,60,3600.034,ok,True,True,0.2680691110315253,0.6451163341130828,3600.034,1.07707524299622*x0*x1 + 78.1370391845703*x4 - 33.3375053405762*x4**2.0 + 3.55212306976318*x4**3.0 - 27.345495223999,1.07707524299622*x0*x1 + 78.1370391845703*x4 - 33.3375053405762*x4**2.0 + 3.55212306976318*x4**3.0 - 27.345495223999,True,19,4
jaxsr,g0026,feynman_I_27_6,521,clean,0.0,iaaccn26,formal3h_13alg_ssr50_seed520-522_noise0-001-005_20260622-014658,jaxsr_s521_clean_g0026,/home/zhangziwen/workplace/scientific-intelligent-modelling/experiments/formal3h_13alg_ssr50_seed520-522_noise0-001-005_20260622-014658/jaxsr/seed521/tasks/jaxsr_s521_clean_g0026/iaaccn26/jaxsr/g0026_feynman_I_27_6/progress/minute_0060.json,0b273c3fc4b06af2b207fbe2982eff3b0848e4cd84d420197174604983f5d467,60,3600.08,ok,True,True,0.011729341688831982,0.05830301812977007,3600.08,0.0157378427684307*x0*x1 - 0.0405619442462921*x0*x2 + 0.179840058088303*x0 - 0.0271361414343119*x1*x2 + 0.231612324714661*x1,0.0157378427684307*x0*x1 - 0.0405619442462921*x0*x2 + 0.179840058088303*x0 - 0.0271361414343119*x1*x2 + 0.231612324714661*x1,True,19,3
jaxsr,g0027,feynman_test_15,521,clean,0.0,iaaccn28,formal3h_13alg_ssr50_seed520-522_noise0-001-005_20260622-014658,jaxsr_s521_clean_g0027,/home/zhangziwen/workplace/scientific-intelligent-modelling/experiments/formal3h_13alg_ssr50_seed520-522_noise0-001-005_20260622-014658/jaxsr/seed521/tasks/jaxsr_s521_clean_g0027/iaaccn28/jaxsr/g0027_feynman_test_15/progress/minute_0060.json,39159421eb13ef28bb945f1b302b654766b48110cbb321a218b57736f885481f,60,3600.053,ok,True,True,0.009013107793937707,0.09518550692171385,3600.053,1.00788223743439*x2 + 0.647812962532043*x3 - 0.0541581250727177*x3**2.0 - 0.00922257360070944*x3**3.0 - 0.793863952159882,1.00788223743439*x2 + 0.647812962532043*x3 - 0.0541581250727177*x3**2.0 - 0.00922257360070944*x3**3.0 - 0.793863952159882,True,18,4
jaxsr,g0028,strogatz_barmag1,521,clean,0.0,iaaccn26,formal3h_13alg_ssr50_seed520-522_noise0-001-005_20260622-014658,jaxsr_s521_clean_g0028,/home/zhangziwen/workplace/scientific-intelligent-modelling/experiments/formal3h_13alg_ssr50_seed520-522_noise0-001-005_20260622-014658/jaxsr/seed521/tasks/jaxsr_s521_clean_g0028/iaaccn26/jaxsr/g0028_strogatz_barmag1/progress/minute_0060.json,a19eeae7d51bce619a21e0751b1e246765720d60ae54e604b6a933ec20adf23d,60,3600.025,ok,True,True,0.012377569622440314,0.3019821942834689,3600.025,-0.00538833346217871*x0**3.0 + 0.181859284639359*x1 - 0.0252028200775385*x1**2.0 + 1.04593431949615,-0.00538833346217871*x0**3.0 + 0.181859284639359*x1 - 0.0252028200775385*x1**2.0 + 1.04593431949615,True,15,4
jaxsr,g0029,strogatz_barmag2,521,clean,0.0,iaaccn29,formal3h_13alg_ssr50_seed520-522_noise0-001-005_20260622-014658,jaxsr_s521_clean_g0029,/home/zhangziwen/workplace/scientific-intelligent-modelling/experiments/formal3h_13alg_ssr50_seed520-522_noise0-001-005_20260622-014658/jaxsr/seed521/tasks/jaxsr_s521_clean_g0029/iaaccn29/jaxsr/g0029_strogatz_barmag2/progress/minute_0060.json,42758833ba47028783d19e29a1668d7a2a6de584ef14d2f0c00bd7f65762e2f3,60,3600.028,ok,True,True,0.11238487698246913,3.670261444226248,3600.028,-0.0661517083644867*x0*x1 - 1.1944922208786*x1 + 0.586409330368042*x1**2.0 - 0.0543228834867477*x1**3.0 + 0.545166730880737,-0.0661517083644867*x0*x1 - 1.1944922208786*x1 + 0.586409330368042*x1**2.0 - 0.0543228834867477*x1**3.0 + 0.545166730880737,True,19,4
jaxsr,g0030,strogatz_predprey2,521,clean,0.0,iaaccn24,formal3h_13alg_ssr50_seed520-522_noise0-001-005_20260622-014658,jaxsr_s521_clean_g0030,/home/zhangziwen/workplace/scientific-intelligent-modelling/experiments/formal3h_13alg_ssr50_seed520-522_noise0-001-005_20260622-014658/jaxsr/seed521/tasks/jaxsr_s521_clean_g0030/iaaccn24/jaxsr/g0030_strogatz_predprey2/progress/minute_0060.json,f215cc61d86651a5729738546feaa32aec6548b2155d06bb43bf8bbf601cb62c,60,3600.035,ok,True,True,0.023376555941825486,0.4089337360472419,3600.035,0.180763229727745*x0*x1 + 1.31295335292816*x0 - 0.350212693214417*x0**2.0 - 0.0843667611479759*x1 - 0.0500693246722221*x1**2.0,0.180763229727745*x0*x1 + 1.31295335292816*x0 - 0.350212693214417*x0**2.0 - 0.0843667611479759*x1 - 0.0500693246722221*x1**2.0,True,21,4
jaxsr,g0031,strogatz_shearflow1,521,clean,0.0,iaaccn28,formal3h_13alg_ssr50_seed520-522_noise0-001-005_20260622-014658,jaxsr_s521_clean_g0031,/home/zhangziwen/workplace/scientific-intelligent-modelling/experiments/formal3h_13alg_ssr50_seed520-522_noise0-001-005_20260622-014658/jaxsr/seed521/tasks/jaxsr_s521_clean_g0031/iaaccn28/jaxsr/g0031_strogatz_shearflow1/progress/minute_0060.json,bf4a231e51e4819e2ebe26b64ee261c2aad5d30a78ba2927fffb7415946ee21b,60,3600.03,ok,True,True,0.7191722494424623,2.847750827015543,3600.03,0.0239493660628796*x0**2.0 - 0.0972259119153023*x1 + 0.270510911941528*x1**2.0 + 0.00130394217558205*x1**3.0 - 0.990524172782898,0.0239493660628796*x0**2.0 - 0.0972259119153023*x1 + 0.270510911941528*x1**2.0 + 0.00130394217558205*x1**3.0 - 0.990524172782898,True,20,4
jaxsr,g0032,strogatz_vdp1,521,clean,0.0,iaaccn24,formal3h_13alg_ssr50_seed520-522_noise0-001-005_20260622-014658,jaxsr_s521_clean_g0032,/home/zhangziwen/workplace/scientific-intelligent-modelling/experiments/formal3h_13alg_ssr50_seed520-522_noise0-001-005_20260622-014658/jaxsr/seed521/tasks/jaxsr_s521_clean_g0032/iaaccn24/jaxsr/g0032_strogatz_vdp1/progress/minute_0060.json,c19b7cccaeb5622eb8b187b8d7901f85c977ec10fc1201a8c974f8f8b8101472,60,3600.027,ok,True,True,3.4183687204057724e-12,3.1359618525051078e-12,3600.027,3.33334159851074*x0 - 3.33333992958069*x0**3.0 + 10.0000143051147*x1,3.33334159851074*x0 - 3.33333992958069*x0**3.0 + 10.0000143051147*x1,True,12,4
jaxsr,g0033,first_principles_hubble,521,clean,0.0,iaaccn22,formal3h_13alg_ssr50_seed520-522_noise0-001-005_20260622-014658,jaxsr_s521_clean_g0033,/home/zhangziwen/workplace/scientific-intelligent-modelling/experiments/formal3h_13alg_ssr50_seed520-522_noise0-001-005_20260622-014658/jaxsr/seed521/tasks/jaxsr_s521_clean_g0033/iaaccn22/jaxsr/g0033_first_principles_hubble/progress/minute_0060.json,42e321d3a426a6f580b4aa7d58169371cad9873660b6a473e921855428016355,60,3600.02,ok,True,True,0.0392450114835146,0.08850425583914218,3600.02,554.309387207031*x0 - 49.1684417724609*x0**3.0,554.309387207031*x0 - 49.1684417724609*x0**3.0,True,9,4
jaxsr,g0034,first_principles_leavitt,521,clean,0.0,iaaccn27,formal3h_13alg_ssr50_seed520-522_noise0-001-005_20260622-014658,jaxsr_s521_clean_g0034,/home/zhangziwen/workplace/scientific-intelligent-modelling/experiments/formal3h_13alg_ssr50_seed520-522_noise0-001-005_20260622-014658/jaxsr/seed521/tasks/jaxsr_s521_clean_g0034/iaaccn27/jaxsr/g0034_first_principles_leavitt/progress/minute_0060.json,29b862e96030c9999d6c07d2bf816ec095d0f164d2a1b4d7927304a5f3c52677,60,3600.021,ok,True,True,0.00019600824086508158,0.0011063024062377821,3600.021,-1.52427113056183*x0**2.0 + 0.241664677858353*x0**3.0 + 14.9434108734131,-1.52427113056183*x0**2.0 + 0.241664677858353*x0**3.0 + 14.9434108734131,True,12,4
jaxsr,g0035,feynman-ii.4.23,521,clean,0.0,iaaccn25,formal3h_13alg_ssr50_seed520-522_noise0-001-005_20260622-014658,jaxsr_s521_clean_g0035,/home/zhangziwen/workplace/scientific-intelligent-modelling/experiments/formal3h_13alg_ssr50_seed520-522_noise0-001-005_20260622-014658/jaxsr/seed521/tasks/jaxsr_s521_clean_g0035/iaaccn25/jaxsr/g0035_feynman-ii.4.23/progress/minute_0060.json,ec60a9a0abb6d390b8d5ece7b2fa743d28e4a1c1906a2d24a7cb51bf95268ee4,60,3600.113,ok,True,True,0.388592665343138,9.35454000236564,3600.112,x0*(298905403392.0 - 524687048704.0*x1),x0*(298905403392.0 - 524687048704.0*x1),True,7,4
jaxsr,g0036,feynman-iii.7.38,521,clean,0.0,iaaccn24,formal3h_13alg_ssr50_seed520-522_noise0-001-005_20260622-014658,jaxsr_s521_clean_g0036,/home/zhangziwen/workplace/scientific-intelligent-modelling/experiments/formal3h_13alg_ssr50_seed520-522_noise0-001-005_20260622-014658/jaxsr/seed521/tasks/jaxsr_s521_clean_g0036/iaaccn24/jaxsr/g0036_feynman-iii.7.38/progress/minute_0060.json,d43a8536f59782a8cb78371b61df7e2134599b8a50b5d38293644afd7160adb7,60,3600.017,ok,True,True,3.4708950409947844e-13,3.47080553502637e-13,3600.017,1.89652327362718e+34*x0*x1 - 742788220059648.0,1.89652327362718e+34*x0*x1 - 742788220059648.0,True,6,3
jaxsr,g0037,feynman-i.18.16,521,clean,0.0,iaaccn24,formal3h_13alg_ssr50_seed520-522_noise0-001-005_20260622-014658,jaxsr_s521_clean_g0037,/home/zhangziwen/workplace/scientific-intelligent-modelling/experiments/formal3h_13alg_ssr50_seed520-522_noise0-001-005_20260622-014658/jaxsr/seed521/tasks/jaxsr_s521_clean_g0037/iaaccn24/jaxsr/g0037_feynman-i.18.16/progress/minute_0060.json,628b4a0faf01cb8a4daf440119f2fb7add81f61ebd53591d28269a26c35be5b3,60,3600.035,ok,True,True,0.8798633866375098,1.6390688346658675,3600.035,-1.17404043674469*x0*x4 + 3.18637919425964*x0 - 1.12955594062805*x3*x4 + 3.0950243473053*x3 + 0.0406905971467495*x4**3.0,-1.17404043674469*x0*x4 + 3.18637919425964*x0 - 1.12955594062805*x3*x4 + 3.0950243473053*x3 + 0.0406905971467495*x4**3.0,True,20,4
jaxsr,g0038,feynman-ii.27.18,521,clean,0.0,iaaccn28,formal3h_13alg_ssr50_seed520-522_noise0-001-005_20260622-014658,jaxsr_s521_clean_g0038,/home/zhangziwen/workplace/scientific-intelligent-modelling/experiments/formal3h_13alg_ssr50_seed520-522_noise0-001-005_20260622-014658/jaxsr/seed521/tasks/jaxsr_s521_clean_g0038/iaaccn28/jaxsr/g0038_feynman-ii.27.18/progress/minute_0060.json,afb7623849fcf67743ce1922e828ae8ec9f49ae671e1782507a1621c77e00101,60,3600.011,ok,True,True,1.0,1.0,3600.011,0,0,True,1,1
jaxsr,g0039,feynman-ii.34.11,521,clean,0.0,iaaccn28,formal3h_13alg_ssr50_seed520-522_noise0-001-005_20260622-014658,jaxsr_s521_clean_g0039,/home/zhangziwen/workplace/scientific-intelligent-modelling/experiments/formal3h_13alg_ssr50_seed520-522_noise0-001-005_20260622-014658/jaxsr/seed521/tasks/jaxsr_s521_clean_g0039/iaaccn28/jaxsr/g0039_feynman-ii.34.11/progress/minute_0060.json,23d067c5abe0ea7551d0fdb992fee9073016c0c0ca4e8032b4de9ec633018c06,60,3600.015,ok,True,True,0.9978857476018306,1.000286485672999,3600.015,-1.87349785730299e+18*x0*x4,-1.87349785730299e+18*x0*x4,True,4,2
jaxsr,g0040,feynman-i.29.16,521,clean,0.0,iaaccn26,formal3h_13alg_ssr50_seed520-522_noise0-001-005_20260622-014658,jaxsr_s521_clean_g0040,/home/zhangziwen/workplace/scientific-intelligent-modelling/experiments/formal3h_13alg_ssr50_seed520-522_noise0-001-005_20260622-014658/jaxsr/seed521/tasks/jaxsr_s521_clean_g0040/iaaccn26/jaxsr/g0040_feynman-i.29.16/progress/minute_0060.json,7d752d556727a72e5c7b8dddf220d5bd7c6017566ad008c962bfc271b7ce7f7a,60,3600.028,ok,True,True,0.06556244840566512,0.19180692596969737,3600.028,-0.0933654755353928*x0*x1 + 0.793472409248352*x0 + 0.024866072461009*x0**2.0 + 0.777275562286377*x1 + 0.0278660263866186*x1**2.0,-0.0933654755353928*x0*x1 + 0.793472409248352*x0 + 0.024866072461009*x0**2.0 + 0.777275562286377*x1 + 0.0278660263866186*x1**2.0,True,21,4
jaxsr,g0041,feynman-bonus.20,521,clean,0.0,iaaccn28,formal3h_13alg_ssr50_seed520-522_noise0-001-005_20260622-014658,jaxsr_s521_clean_g0041,/home/zhangziwen/workplace/scientific-intelligent-modelling/experiments/formal3h_13alg_ssr50_seed520-522_noise0-001-005_20260622-014658/jaxsr/seed521/tasks/jaxsr_s521_clean_g0041/iaaccn28/jaxsr/g0041_feynman-bonus.20/progress/minute_0060.json,5b49f006f2bf6c43f773eed043187aa6c6413a2bdcabd0f412e578343fe49314,60,3600.008,ok,True,True,1.0,1.0,3600.008,0,0,True,1,1
jaxsr,g0042,feynman-i.15.3t,521,clean,0.0,iaaccn22,formal3h_13alg_ssr50_seed520-522_noise0-001-005_20260622-014658,jaxsr_s521_clean_g0042,/home/zhangziwen/workplace/scientific-intelligent-modelling/experiments/formal3h_13alg_ssr50_seed520-522_noise0-001-005_20260622-014658/jaxsr/seed521/tasks/jaxsr_s521_clean_g0042/iaaccn22/jaxsr/g0042_feynman-i.15.3t/progress/minute_0060.json,f8d05b643936cc646754be1a3e6e7b8b89782b1fb2318868324812a646822a1e,60,3600.015,ok,True,True,1.7016976824457704e-08,4.876242148801861e-05,3600.015,1.00006306171417*x1 - 1.37516076303967e-9,1.00006306171417*x1 - 1.37516076303967e-9,True,5,3
jaxsr,g0043,feynman-i.39.22,521,clean,0.0,iaaccn25,formal3h_13alg_ssr50_seed520-522_noise0-001-005_20260622-014658,jaxsr_s521_clean_g0043,/home/zhangziwen/workplace/scientific-intelligent-modelling/experiments/formal3h_13alg_ssr50_seed520-522_noise0-001-005_20260622-014658/jaxsr/seed521/tasks/jaxsr_s521_clean_g0043/iaaccn25/jaxsr/g0043_feynman-i.39.22/progress/minute_0060.json,171492f7f339d118cf965c7715ef8d80de14586a28332d018585644de5841309,60,3600.185,ok,True,True,0.7646284017323293,2.153222063827406,3600.184,-2211874048.0*x3*x4 + 1269576.75*x3 - 1374904123392.0*x4 + 3.69323513007309e+15*x4**2.0 - 2.18169206608023e+18*x4**3.0,-2211874048.0*x3*x4 + 1269576.75*x3 - 1374904123392.0*x4 + 3.69323513007309e+15*x4**2.0 - 2.18169206608023e+18*x4**3.0,True,21,4
jaxsr,g0044,feynman-iii.10.19,521,clean,0.0,iaaccn29,formal3h_13alg_ssr50_seed520-522_noise0-001-005_20260622-014658,jaxsr_s521_clean_g0044,/home/zhangziwen/workplace/scientific-intelligent-modelling/experiments/formal3h_13alg_ssr50_seed520-522_noise0-001-005_20260622-014658/jaxsr/seed521/tasks/jaxsr_s521_clean_g0044/iaaccn29/jaxsr/g0044_feynman-iii.10.19/progress/minute_0060.json,f85b01408f3b4025e2a10ccfb5ab05e926b4bfdba8559d61479b4dfb1e3dad81,60,3600.011,ok,True,True,1.0,1.0,3600.011,0,0,True,1,1
jaxsr,g0045,feynman-i.13.12,521,clean,0.0,iaaccn27,formal3h_13alg_ssr50_seed520-522_noise0-001-005_20260622-014658,jaxsr_s521_clean_g0045,/home/zhangziwen/workplace/scientific-intelligent-modelling/experiments/formal3h_13alg_ssr50_seed520-522_noise0-001-005_20260622-014658/jaxsr/seed521/tasks/jaxsr_s521_clean_g0045/iaaccn27/jaxsr/g0045_feynman-i.13.12/progress/minute_0060.json,da6be06f0f2b75652587cd21ca266d825cd2c49c1e367dac554c455677cf7976,60,3600.03,ok,True,True,0.7296001151193167,0.7122458480054212,3600.03,-8.30305213472826e-10*x0*x2 + 6.12296657820366e-10*x0*x3 - 7.76589070827782e-10*x1*x2 + 6.27193741387089e-10*x1*x3 + 2.70158256876485e-10*x2**3.0,-8.30305213472826e-10*x0*x2 + 6.12296657820366e-10*x0*x3 - 7.76589070827782e-10*x1*x2 + 6.27193741387089e-10*x1*x3 + 2.70158256876485e-10*x2**3.0,True,22,4
jaxsr,g0046,feynman-i.32.5,521,clean,0.0,iaaccn28,formal3h_13alg_ssr50_seed520-522_noise0-001-005_20260622-014658,jaxsr_s521_clean_g0046,/home/zhangziwen/workplace/scientific-intelligent-modelling/experiments/formal3h_13alg_ssr50_seed520-522_noise0-001-005_20260622-014658/jaxsr/seed521/tasks/jaxsr_s521_clean_g0046/iaaccn28/jaxsr/g0046_feynman-i.32.5/progress/minute_0060.json,1a88b74c01e0deb662f0014e2bc657b6b440bf29c708da392b1a2cc90a4918a4,60,3600.023,ok,True,True,0.8185763408374275,0.8514495794032686,3600.023,0.00248223356902599*x0**2.0 - 3.03716819871624e-6,0.00248223356902599*x0**2.0 - 3.03716819871624e-6,True,7,4
jaxsr,g0047,feynman-i.43.31,521,clean,0.0,iaaccn25,formal3h_13alg_ssr50_seed520-522_noise0-001-005_20260622-014658,jaxsr_s521_clean_g0047,/home/zhangziwen/workplace/scientific-intelligent-modelling/experiments/formal3h_13alg_ssr50_seed520-522_noise0-001-005_20260622-014658/jaxsr/seed521/tasks/jaxsr_s521_clean_g0047/iaaccn25/jaxsr/g0047_feynman-i.43.31/progress/minute_0060.json,78a16d847c037ba5c21a276e1f848eb385b1e2a2526c1726f2e75fe3cf4415ff,60,3600.195,ok,True,True,1.0,1.0,3600.189,0,0,True,1,1
jaxsr,g0048,feynman-i.11.19,521,clean,0.0,iaaccn24,formal3h_13alg_ssr50_seed520-522_noise0-001-005_20260622-014658,jaxsr_s521_clean_g0048,/home/zhangziwen/workplace/scientific-intelligent-modelling/experiments/formal3h_13alg_ssr50_seed520-522_noise0-001-005_20260622-014658/jaxsr/seed521/tasks/jaxsr_s521_clean_g0048/iaaccn24/jaxsr/g0048_feynman-i.11.19/progress/minute_0060.json,4835b3ad59224f853cbe868680afe6a21ec32b6e2ba0dc4ab6abf86c084cbc18,60,3600.023,ok,True,True,6.934929769669323e-15,5.662617497121939e-15,3600.023,0.999999940395355*x0*x1 + 1.0*x2*x3 + 1.00000011920929*x5*x6,0.999999940395355*x0*x1 + 1.0*x2*x3 + 1.00000011920929*x5*x6,True,13,3
jaxsr,g0049,feynman-ii.34.2a,521,clean,0.0,iaaccn27,formal3h_13alg_ssr50_seed520-522_noise0-001-005_20260622-014658,jaxsr_s521_clean_g0049,/home/zhangziwen/workplace/scientific-intelligent-modelling/experiments/formal3h_13alg_ssr50_seed520-522_noise0-001-005_20260622-014658/jaxsr/seed521/tasks/jaxsr_s521_clean_g0049/iaaccn27/jaxsr/g0049_feynman-ii.34.2a/progress/minute_0060.json,efebf4585f9a333221fc0fdece29a026980639ccd11efdda13c06ce1c5d96c47,60,3600.016,ok,True,True,0.5784816300405436,2.858795721563098,3600.016,3086179584.0*x1*x3,3086179584.0*x1*x3,True,4,2
jaxsr,g0050,Vladislavleva-4,521,clean,0.0,iaaccn28,formal3h_13alg_ssr50_seed520-522_noise0-001-005_20260622-014658,jaxsr_s521_clean_g0050,/home/zhangziwen/workplace/scientific-intelligent-modelling/experiments/formal3h_13alg_ssr50_seed520-522_noise0-001-005_20260622-014658/jaxsr/seed521/tasks/jaxsr_s521_clean_g0050/iaaccn28/jaxsr/g0050_Vladislavleva-4/progress/minute_0060.json,6eafc707e9eae826aebead6148055edba1a734c4c427a1c99858370e3c47272d,60,3600.03,ok,True,True,0.08711317666160812,0.09757151171483534,3600.03,0.101125031709671*x3 - 0.00310258148238063*x3**3.0 + 0.112637832760811*x4 - 0.00333972810767591*x4**3.0 + 0.251041561365128,0.101125031709671*x3 - 0.00310258148238063*x3**3.0 + 0.112637832760811*x4 - 0.00333972810767591*x4**3.0 + 0.251041561365128,True,18,4
jaxsr,g0001,Keijzer-11,521,noise001,0.01,iaaccn22,formal3h_13alg_ssr50_seed520-522_noise0-001-005_20260622-014658,jaxsr_s521_noise001_g0001,/home/zhangziwen/workplace/scientific-intelligent-modelling/experiments/formal3h_13alg_ssr50_seed520-522_noise0-001-005_20260622-014658/jaxsr/seed521/tasks/jaxsr_s521_noise001_g0001/iaaccn22/jaxsr/g0001_Keijzer-11/progress/minute_0060.json,010fcf0a77f55d460f94b7272eaa47cc6960a017d7b54cfb8d67ebb3aee4790c,60,3600.079,ok,True,True,0.07097509101056354,0.053251655622061425,3600.079,1.11482930183411*x0*x1 - 0.0380153805017471*x0**3.0,1.11482930183411*x0*x1 - 0.0380153805017471*x0**3.0,True,10,4
jaxsr,g0002,Keijzer-2,521,noise001,0.01,iaaccn28,formal3h_13alg_ssr50_seed520-522_noise0-001-005_20260622-014658,jaxsr_s521_noise001_g0002,/home/zhangziwen/workplace/scientific-intelligent-modelling/experiments/formal3h_13alg_ssr50_seed520-522_noise0-001-005_20260622-014658/jaxsr/seed521/tasks/jaxsr_s521_noise001_g0002/iaaccn28/jaxsr/g0002_Keijzer-2/progress/minute_0060.json,176b9ce785df1c7125dfa8b52cfccfe8e185aadb3e5518de7ce0e953c5bfe102,60,3600.017,ok,True,True,0.8251233133435466,2.3125425905607035,3600.017,-0.0506694354116917*x0**2.0,-0.0506694354116917*x0**2.0,True,5,3
jaxsr,g0003,Korns-2,521,noise001,0.01,iaaccn24,formal3h_13alg_ssr50_seed520-522_noise0-001-005_20260622-014658,jaxsr_s521_noise001_g0003,/home/zhangziwen/workplace/scientific-intelligent-modelling/experiments/formal3h_13alg_ssr50_seed520-522_noise0-001-005_20260622-014658/jaxsr/seed521/tasks/jaxsr_s521_noise001_g0003/iaaccn24/jaxsr/g0003_Korns-2/progress/minute_0060.json,86d85d8f57c8b2d63ba8c243297201989fb056dbc4cc628d918a46cee6c6d36f,60,3600.018,ok,True,True,1.0069625685805483,1.0226907859611167,3600.018,0.0132462745532393*x1*x2,0.0132462745532393*x1*x2,True,4,2
jaxsr,g0004,Korns-4,521,noise001,0.01,iaaccn29,formal3h_13alg_ssr50_seed520-522_noise0-001-005_20260622-014658,jaxsr_s521_noise001_g0004,/home/zhangziwen/workplace/scientific-intelligent-modelling/experiments/formal3h_13alg_ssr50_seed520-522_noise0-001-005_20260622-014658/jaxsr/seed521/tasks/jaxsr_s521_noise001_g0004/iaaccn29/jaxsr/g0004_Korns-4/progress/minute_0060.json,3bd45aede834cf23aa0332bbce4e42516a5f3ab12bd0788361ef4cf704d4d093,60,3600.022,ok,True,True,0.001625842472881857,0.0017360945467884475,3600.022,2.39861055888468e-5*x0*x1 - 2.30229926109314,2.39861055888468e-5*x0*x1 - 2.30229926109314,True,6,3
jaxsr,g0005,BPG3,521,noise001,0.01,iaaccn25,formal3h_13alg_ssr50_seed520-522_noise0-001-005_20260622-014658,jaxsr_s521_noise001_g0005,/home/zhangziwen/workplace/scientific-intelligent-modelling/experiments/formal3h_13alg_ssr50_seed520-522_noise0-001-005_20260622-014658/jaxsr/seed521/tasks/jaxsr_s521_noise001_g0005/iaaccn25/jaxsr/g0005_BPG3/progress/minute_0060.json,c424ec413875dacbfdec9e08317fd4b2d39f9ae65ba17a031f48e27c801cef6f,60,3600.447,ok,True,True,8.774680257179407e-08,6.130352443038883e-07,3600.444,-0.845743775367737*x1 + 0.272735148668289*x1**2.0 - 0.0091528445482254*x1**3.0,-0.845743775367737*x1 + 0.272735148668289*x1**2.0 - 0.0091528445482254*x1**3.0,True,14,4
jaxsr,g0006,BPG5,521,noise001,0.01,iaaccn29,formal3h_13alg_ssr50_seed520-522_noise0-001-005_20260622-014658,jaxsr_s521_noise001_g0006,/home/zhangziwen/workplace/scientific-intelligent-modelling/experiments/formal3h_13alg_ssr50_seed520-522_noise0-001-005_20260622-014658/jaxsr/seed521/tasks/jaxsr_s521_noise001_g0006/iaaccn29/jaxsr/g0006_BPG5/progress/minute_0060.json,622eb031b3bc32a0d9ba7cef6a8ef6832b0bdbc89e2d6ed4e66b10cf337582fd,60,3600.031,ok,True,True,2.2872409944177257e-07,0.003641126066399096,3600.031,1.0421462059021*x1 - 0.0109486235305667*x1**2.0 + 5.29166666041192e-9*x1**3.0 - 0.0178104601800442,1.0421462059021*x1 - 0.0109486235305667*x1**2.0 + 5.29166666041192e-9*x1**3.0 - 0.0178104601800442,True,15,4
jaxsr,g0007,BPG9,521,noise001,0.01,iaaccn28,formal3h_13alg_ssr50_seed520-522_noise0-001-005_20260622-014658,jaxsr_s521_noise001_g0007,/home/zhangziwen/workplace/scientific-intelligent-modelling/experiments/formal3h_13alg_ssr50_seed520-522_noise0-001-005_20260622-014658/jaxsr/seed521/tasks/jaxsr_s521_noise001_g0007/iaaccn28/jaxsr/g0007_BPG9/progress/minute_0060.json,097920b3aaceaae0dfdad0537499232a74e4981cdcd4eb395edcc58e6038e245,60,3600.024,ok,True,True,1.3257681909277928e-06,0.0004189673138435694,3600.024,0.00244437530636787*x1 + 0.176983803510666*x1**2.0 - 0.01632971316576*x1**3.0 + 0.000594834564253688,0.00244437530636787*x1 + 0.176983803510666*x1**2.0 - 0.01632971316576*x1**3.0 + 0.000594834564253688,True,15,4
jaxsr,g0008,CRK0,521,noise001,0.01,iaaccn22,formal3h_13alg_ssr50_seed520-522_noise0-001-005_20260622-014658,jaxsr_s521_noise001_g0008,/home/zhangziwen/workplace/scientific-intelligent-modelling/experiments/formal3h_13alg_ssr50_seed520-522_noise0-001-005_20260622-014658/jaxsr/seed521/tasks/jaxsr_s521_noise001_g0008/iaaccn22/jaxsr/g0008_CRK0/progress/minute_0060.json,aa3c5e944db9ba33863f10e436fc8f57fd32be3e6d0e247cecafb8e0d4da331c,60,3600.09,ok,True,True,5.585223120275091e-06,0.003191066679766932,3600.09,3.70846510122647e-6*x0 - 5.36862678757188e-8*x0**2.0 + 0.216181188821793*x1**2.0 - 0.251443684101105*x1**3.0 + 0.108441032469273,3.70846510122647e-6*x0 - 5.36862678757188e-8*x0**2.0 + 0.216181188821793*x1**2.0 - 0.251443684101105*x1**3.0 + 0.108441032469273,True,20,4
jaxsr,g0009,CRK10,521,noise001,0.01,iaaccn28,formal3h_13alg_ssr50_seed520-522_noise0-001-005_20260622-014658,jaxsr_s521_noise001_g0009,/home/zhangziwen/workplace/scientific-intelligent-modelling/experiments/formal3h_13alg_ssr50_seed520-522_noise0-001-005_20260622-014658/jaxsr/seed521/tasks/jaxsr_s521_noise001_g0009/iaaccn28/jaxsr/g0009_CRK10/progress/minute_0060.json,a33892a9ff1635938a1a3a002950c90e2f98ee46cc247b457d84119ad51b9617,60,3600.025,ok,True,True,2.9544909627081133e-07,0.000762479528499851,3600.025,0.518034160137177*x1 - 0.358462810516357*x1**2.0 + 0.0260870363563299*x1**3.0 + 0.0169453900307417,0.518034160137177*x1 - 0.358462810516357*x1**2.0 + 0.0260870363563299*x1**3.0 + 0.0169453900307417,True,15,4
jaxsr,g0010,CRK11,521,noise001,0.01,iaaccn22,formal3h_13alg_ssr50_seed520-522_noise0-001-005_20260622-014658,jaxsr_s521_noise001_g0010,/home/zhangziwen/workplace/scientific-intelligent-modelling/experiments/formal3h_13alg_ssr50_seed520-522_noise0-001-005_20260622-014658/jaxsr/seed521/tasks/jaxsr_s521_noise001_g0010/iaaccn22/jaxsr/g0010_CRK11/progress/minute_0060.json,d612fe7a35d9a3b2e7160d98e3bc3ac89951cbcbbc7462c802602d8616dff895,60,3600.044,ok,True,True,1.9697592518703781e-07,1.0214020069786938e-05,3600.044,5.55066881346988e-10*x0**2.0 + 0.688626289367676*x1 - 1.3444048166275*x1**2.0 + 0.135449782013893*x1**3.0 + 0.142513826489449,5.55066881346988e-10*x0**2.0 + 0.688626289367676*x1 - 1.3444048166275*x1**2.0 + 0.135449782013893*x1**3.0 + 0.142513826489449,True,20,4
jaxsr,g0011,CRK33,521,noise001,0.01,iaaccn23,formal3h_13alg_ssr50_seed520-522_noise0-001-005_20260622-014658,jaxsr_s521_noise001_g0011,/home/zhangziwen/workplace/scientific-intelligent-modelling/experiments/formal3h_13alg_ssr50_seed520-522_noise0-001-005_20260622-014658/jaxsr/seed521/tasks/jaxsr_s521_noise001_g0011/iaaccn23/jaxsr/g0011_CRK33/progress/minute_0060.json,f27f4ebcdae04ad1648b4ab1351b87cac71e2378408006ea324bf7def5211cf6,60,3600.021,ok,True,True,1.9313386555278914e-06,3.4255505654559612e-06,3600.021,0.520061016082764*x1 - 0.274809211492538*x1**2.0 + 0.0159680489450693*x1**3.0 + 0.0438932664692402,0.520061016082764*x1 - 0.274809211492538*x1**2.0 + 0.0159680489450693*x1**3.0 + 0.0438932664692402,True,15,4
jaxsr,g0012,CRK34,521,noise001,0.01,iaaccn23,formal3h_13alg_ssr50_seed520-522_noise0-001-005_20260622-014658,jaxsr_s521_noise001_g0012,/home/zhangziwen/workplace/scientific-intelligent-modelling/experiments/formal3h_13alg_ssr50_seed520-522_noise0-001-005_20260622-014658/jaxsr/seed521/tasks/jaxsr_s521_noise001_g0012/iaaccn23/jaxsr/g0012_CRK34/progress/minute_0060.json,8c6e7aad360290aad9306bc3394598f134c76228f272347f417de1730f1021f2,60,3600.028,ok,True,True,8.466668789546338e-06,0.05180891032856803,3600.027,4.86669159727171e-6*x0 + 0.261510282754898*x1 - 0.189398676156998*x1**2.0 - 0.0020967023447156*x1**3.0 + 0.488499194383621,4.86669159727171e-6*x0 + 0.261510282754898*x1 - 0.189398676156998*x1**2.0 - 0.0020967023447156*x1**3.0 + 0.488499194383621,True,18,4
jaxsr,g0013,I.11.19_4_0,521,noise001,0.01,iaaccn22,formal3h_13alg_ssr50_seed520-522_noise0-001-005_20260622-014658,jaxsr_s521_noise001_g0013,/home/zhangziwen/workplace/scientific-intelligent-modelling/experiments/formal3h_13alg_ssr50_seed520-522_noise0-001-005_20260622-014658/jaxsr/seed521/tasks/jaxsr_s521_noise001_g0013/iaaccn22/jaxsr/g0013_I.11.19_4_0/progress/minute_0060.json,caaa60678076dfbae28e7e8dacdd775bf407378d994902510bf8f8a148022af7,60,3600.056,ok,True,True,0.03019777192062747,0.14548399224483347,3600.055,0.199328124523163*x0*x2 - 0.971233248710632*x0 + 0.465481638908386*x1*x4 - 0.0586054436862469*x2**3.0 - 0.339360654354095*x3*x5,0.199328124523163*x0*x2 - 0.971233248710632*x0 + 0.465481638908386*x1*x4 - 0.0586054436862469*x2**3.0 - 0.339360654354095*x3*x5,True,21,4
jaxsr,g0014,II.11.27_1_0,521,noise001,0.01,iaaccn26,formal3h_13alg_ssr50_seed520-522_noise0-001-005_20260622-014658,jaxsr_s521_noise001_g0014,/home/zhangziwen/workplace/scientific-intelligent-modelling/experiments/formal3h_13alg_ssr50_seed520-522_noise0-001-005_20260622-014658/jaxsr/seed521/tasks/jaxsr_s521_noise001_g0014/iaaccn26/jaxsr/g0014_II.11.27_1_0/progress/minute_0060.json,abf4fca9f389796e2cc2baed6ab3c645a2122b16c8173278cffa514bc6929437,60,3600.049,ok,True,True,0.9875753001242616,1.0042450450979359,3600.049,-32.0469818115234*x0*x1 + 21.8531913757324*x0 - 284.260772705078*x1 + 697.739135742188*x1**2.0 - 397.587524414063*x1**3.0,-32.0469818115234*x0*x1 + 21.8531913757324*x0 - 284.260772705078*x1 + 697.739135742188*x1**2.0 - 397.587524414063*x1**3.0,True,21,4
jaxsr,g0015,II.34.2_1_0,521,noise001,0.01,iaaccn24,formal3h_13alg_ssr50_seed520-522_noise0-001-005_20260622-014658,jaxsr_s521_noise001_g0015,/home/zhangziwen/workplace/scientific-intelligent-modelling/experiments/formal3h_13alg_ssr50_seed520-522_noise0-001-005_20260622-014658/jaxsr/seed521/tasks/jaxsr_s521_noise001_g0015/iaaccn24/jaxsr/g0015_II.34.2_1_0/progress/minute_0060.json,f2dbc327e271d22886ccb0a81d4e58cee6dda3c26008bac87fc239143d32303e,60,3600.043,ok,True,True,0.07343321674168572,0.39482419201808927,3600.043,-0.151862755417824*x0*x1 - 0.124598421156406*x0*x2 + 1.16676890850067*x0 - 0.805773317813873*x1**2.0 + 0.199907302856445*x1**3.0,-0.151862755417824*x0*x1 - 0.124598421156406*x0*x2 + 1.16676890850067*x0 - 0.805773317813873*x1**2.0 + 0.199907302856445*x1**3.0,True,22,4
jaxsr,g0016,II.6.15b_3_0,521,noise001,0.01,iaaccn23,formal3h_13alg_ssr50_seed520-522_noise0-001-005_20260622-014658,jaxsr_s521_noise001_g0016,/home/zhangziwen/workplace/scientific-intelligent-modelling/experiments/formal3h_13alg_ssr50_seed520-522_noise0-001-005_20260622-014658/jaxsr/seed521/tasks/jaxsr_s521_noise001_g0016/iaaccn23/jaxsr/g0016_II.6.15b_3_0/progress/minute_0060.json,c0a1b2118b95614eb376dffdec2b2fe9ac68192ae795fd2bfa3bed5e8f3196a6,60,3600.04,ok,True,True,0.18287407581330112,1.4646474148566067,3600.04,1.73186111450195*x0*x1 - 106.266181945801*x0**2.0 - 552.231140136719*x0**3.0 + 0.09022007137537*x2*x3 + 1.36790156364441,1.73186111450195*x0*x1 - 106.266181945801*x0**2.0 - 552.231140136719*x0**3.0 + 0.09022007137537*x2*x3 + 1.36790156364441,True,20,4
jaxsr,g0017,III.21.20_3_0,521,noise001,0.01,iaaccn23,formal3h_13alg_ssr50_seed520-522_noise0-001-005_20260622-014658,jaxsr_s521_noise001_g0017,/home/zhangziwen/workplace/scientific-intelligent-modelling/experiments/formal3h_13alg_ssr50_seed520-522_noise0-001-005_20260622-014658/jaxsr/seed521/tasks/jaxsr_s521_noise001_g0017/iaaccn23/jaxsr/g0017_III.21.20_3_0/progress/minute_0060.json,f81853648d3d741e77203cd7f26233acb8f9164680b2b719075052926f58a1ed,60,3600.064,ok,True,True,0.6525680861444482,0.9999804819289606,3600.063,0.0226792600005865*x0*x2 + 0.0334604792296886*x0*x3 - 1.52279017129331e-5*x0**3.0 + 0.207426011562347*x1*x3 + 0.499441176652908*x2*x3,0.0226792600005865*x0*x2 + 0.0334604792296886*x0*x3 - 1.52279017129331e-5*x0**3.0 + 0.207426011562347*x1*x3 + 0.499441176652908*x2*x3,True,22,4
jaxsr,g0018,MatSci21,521,noise001,0.01,iaaccn23,formal3h_13alg_ssr50_seed520-522_noise0-001-005_20260622-014658,jaxsr_s521_noise001_g0018,/home/zhangziwen/workplace/scientific-intelligent-modelling/experiments/formal3h_13alg_ssr50_seed520-522_noise0-001-005_20260622-014658/jaxsr/seed521/tasks/jaxsr_s521_noise001_g0018/iaaccn23/jaxsr/g0018_MatSci21/progress/minute_0060.json,5cc4735631d2bdfb4d5d4367071a2a302e7e072bc18406dae7489b49f8d0a4cb,60,3600.027,ok,True,True,0.000712691860177196,0.0021922418058812608,3600.027,-47.5444488525391*x0 - 770.028686523438*x0**2.0 + 2268.734375*x0**3.0,-47.5444488525391*x0 - 770.028686523438*x0**2.0 + 2268.734375*x0**3.0,True,14,4
jaxsr,g0019,PO19,521,noise001,0.01,iaaccn22,formal3h_13alg_ssr50_seed520-522_noise0-001-005_20260622-014658,jaxsr_s521_noise001_g0019,/home/zhangziwen/workplace/scientific-intelligent-modelling/experiments/formal3h_13alg_ssr50_seed520-522_noise0-001-005_20260622-014658/jaxsr/seed521/tasks/jaxsr_s521_noise001_g0019/iaaccn22/jaxsr/g0019_PO19/progress/minute_0060.json,9cb8d638135764b6abd03ce4a4d2a366365d9199f78e85307ed3f8cfd20875b0,60,3600.049,ok,True,True,0.003785579387440342,1.5424058452874438,3600.049,-0.116514623165131*x0*x1 - 1.7491751909256*x0 + 0.777925848960876*x0**3.0 - 0.651819884777069*x2 + 0.118185140192509*x2**3.0,-0.116514623165131*x0*x1 - 1.7491751909256*x0 + 0.777925848960876*x0**3.0 - 0.651819884777069*x2 + 0.118185140192509*x2**3.0,True,21,4
jaxsr,g0020,PO41,521,noise001,0.01,iaaccn25,formal3h_13alg_ssr50_seed520-522_noise0-001-005_20260622-014658,jaxsr_s521_noise001_g0020,/home/zhangziwen/workplace/scientific-intelligent-modelling/experiments/formal3h_13alg_ssr50_seed520-522_noise0-001-005_20260622-014658/jaxsr/seed521/tasks/jaxsr_s521_noise001_g0020/iaaccn25/jaxsr/g0020_PO41/progress/minute_0060.json,34dbb361bbac4a780f501f496679524b5efb399943bd9ed1ec06eab80e26ebec,60,3604.331,ok,True,True,0.0011336576300612197,0.10316871406720753,3604.33,-0.0187936294823885*x0*x1 - 0.887032091617584*x0 - 0.177008733153343*x0**2.0 + 0.590537846088409*x0**3.0 - 0.484557718038559*x2,-0.0187936294823885*x0*x1 - 0.887032091617584*x0 - 0.177008733153343*x0**2.0 + 0.590537846088409*x0**3.0 - 0.484557718038559*x2,True,21,4
jaxsr,g0021,Nguyen-12,521,noise001,0.01,iaaccn22,formal3h_13alg_ssr50_seed520-522_noise0-001-005_20260622-014658,jaxsr_s521_noise001_g0021,/home/zhangziwen/workplace/scientific-intelligent-modelling/experiments/formal3h_13alg_ssr50_seed520-522_noise0-001-005_20260622-014658/jaxsr/seed521/tasks/jaxsr_s521_noise001_g0021/iaaccn22/jaxsr/g0021_Nguyen-12/progress/minute_0060.json,8e0df1127c5d2c45b2f1e4dc8dce640d9b49bff8ba05d293d7e022c1de0db077,60,3600.046,ok,True,True,7.377867583184738e-05,0.004624996854502465,3600.046,0.182070687413216*x0 - 1.05472195148468*x0**2.0 + 0.858376860618591*x0**3.0 - 0.999741971492767*x1 + 0.489469856023788*x1**2.0,0.182070687413216*x0 - 1.05472195148468*x0**2.0 + 0.858376860618591*x0**3.0 - 0.999741971492767*x1 + 0.489469856023788*x1**2.0,True,22,4
jaxsr,g0022,Nguyen-6,521,noise001,0.01,iaaccn24,formal3h_13alg_ssr50_seed520-522_noise0-001-005_20260622-014658,jaxsr_s521_noise001_g0022,/home/zhangziwen/workplace/scientific-intelligent-modelling/experiments/formal3h_13alg_ssr50_seed520-522_noise0-001-005_20260622-014658/jaxsr/seed521/tasks/jaxsr_s521_noise001_g0022/iaaccn24/jaxsr/g0022_Nguyen-6/progress/minute_0060.json,93753b19d7ce66c3b6f6bdcdd2c7c825f7524eb32a5457d0f26012812089c4e6,60,3600.022,ok,True,True,0.0012869825938210476,0.09405896136375273,3600.022,2.09838032722473*x0 + 0.761211335659027*x0**2.0 - 0.851709485054016*x0**3.0 + 0.0165058150887489,2.09838032722473*x0 + 0.761211335659027*x0**2.0 - 0.851709485054016*x0**3.0 + 0.0165058150887489,True,15,4
jaxsr,g0023,Nguyen-9,521,noise001,0.01,iaaccn22,formal3h_13alg_ssr50_seed520-522_noise0-001-005_20260622-014658,jaxsr_s521_noise001_g0023,/home/zhangziwen/workplace/scientific-intelligent-modelling/experiments/formal3h_13alg_ssr50_seed520-522_noise0-001-005_20260622-014658/jaxsr/seed521/tasks/jaxsr_s521_noise001_g0023/iaaccn22/jaxsr/g0023_Nguyen-9/progress/minute_0060.json,74f2c0bd5e968a86b7ae69c0d97fbc406ad914188d3a511d49653b547f231e3a,60,3600.031,ok,True,True,0.00029947153887241825,0.0002734686422344755,3600.03,0.998642802238464*x0 - 0.159067764878273*x0**3.0 - 0.0672791749238968*x1 + 1.37188839912415*x1**2.0 - 0.451499789953232*x1**3.0,0.998642802238464*x0 - 0.159067764878273*x0**3.0 - 0.0672791749238968*x1 + 1.37188839912415*x1**2.0 - 0.451499789953232*x1**3.0,True,22,4
jaxsr,g0024,feynman_II_15_4,521,noise001,0.01,iaaccn25,formal3h_13alg_ssr50_seed520-522_noise0-001-005_20260622-014658,jaxsr_s521_noise001_g0024,/home/zhangziwen/workplace/scientific-intelligent-modelling/experiments/formal3h_13alg_ssr50_seed520-522_noise0-001-005_20260622-014658/jaxsr/seed521/tasks/jaxsr_s521_noise001_g0024/iaaccn25/jaxsr/g0024_feynman_II_15_4/progress/minute_0060.json,312953d8ea2ef67ecc7a49cda6a9a1de2d259a9bf4c60a1648a6f1e3cc822cff,60,3600.266,ok,True,True,0.287084435980813,2.6444918064390763,3600.265,-0.258891016244888*x0*x1 + 1.25572049617767*x0*x2 - 1.51739645004272*x0 + 0.810819506645203*x1*x2 - 0.198290556669235*x2**3.0,-0.258891016244888*x0*x1 + 1.25572049617767*x0*x2 - 1.51739645004272*x0 + 0.810819506645203*x1*x2 - 0.198290556669235*x2**3.0,True,21,4
jaxsr,g0025,feynman_I_12_11,521,noise001,0.01,iaaccn27,formal3h_13alg_ssr50_seed520-522_noise0-001-005_20260622-014658,jaxsr_s521_noise001_g0025,/home/zhangziwen/workplace/scientific-intelligent-modelling/experiments/formal3h_13alg_ssr50_seed520-522_noise0-001-005_20260622-014658/jaxsr/seed521/tasks/jaxsr_s521_noise001_g0025/iaaccn27/jaxsr/g0025_feynman_I_12_11/progress/minute_0060.json,afec221f518c1a33c80aa9ab0d2dcd36deeaaf52b62c72c842ec9fb45865a759,60,3600.051,ok,True,True,0.2680693029334158,0.6451238968958105,3600.051,1.07720530033112*x0*x1 + 78.1554565429688*x4 - 33.3415184020996*x4**2.0 + 3.55230283737183*x4**3.0 - 27.3666725158691,1.07720530033112*x0*x1 + 78.1554565429688*x4 - 33.3415184020996*x4**2.0 + 3.55230283737183*x4**3.0 - 27.3666725158691,True,19,4
jaxsr,g0026,feynman_I_27_6,521,noise001,0.01,iaaccn24,formal3h_13alg_ssr50_seed520-522_noise0-001-005_20260622-014658,jaxsr_s521_noise001_g0026,/home/zhangziwen/workplace/scientific-intelligent-modelling/experiments/formal3h_13alg_ssr50_seed520-522_noise0-001-005_20260622-014658/jaxsr/seed521/tasks/jaxsr_s521_noise001_g0026/iaaccn24/jaxsr/g0026_feynman_I_27_6/progress/minute_0060.json,9b85c8a2362316849fbb85fc4fd64596afe552fd7836f5cf934ef0aea0901d8f,60,3600.032,ok,True,True,0.011729379084341091,0.05829732585513432,3600.032,0.0157420430332422*x0*x1 - 0.0405693054199219*x0*x2 + 0.179853066802025*x0 - 0.0271377731114626*x1*x2 + 0.23161081969738*x1,0.0157420430332422*x0*x1 - 0.0405693054199219*x0*x2 + 0.179853066802025*x0 - 0.0271377731114626*x1*x2 + 0.23161081969738*x1,True,19,3
jaxsr,g0027,feynman_test_15,521,noise001,0.01,iaaccn22,formal3h_13alg_ssr50_seed520-522_noise0-001-005_20260622-014658,jaxsr_s521_noise001_g0027,/home/zhangziwen/workplace/scientific-intelligent-modelling/experiments/formal3h_13alg_ssr50_seed520-522_noise0-001-005_20260622-014658/jaxsr/seed521/tasks/jaxsr_s521_noise001_g0027/iaaccn22/jaxsr/g0027_feynman_test_15/progress/minute_0060.json,b5bd54da168b1bb8799c1e42eabb9314ca1874a47bc0044bc1db58ca32f766aa,60,3600.119,ok,True,True,0.009013140247336996,0.09518181601461746,3600.119,1.00787723064423*x2 + 0.647113680839539*x3 - 0.0539223998785019*x3**2.0 - 0.00924561731517315*x3**3.0 - 0.793388783931732,1.00787723064423*x2 + 0.647113680839539*x3 - 0.0539223998785019*x3**2.0 - 0.00924561731517315*x3**3.0 - 0.793388783931732,True,18,4
jaxsr,g0028,strogatz_barmag1,521,noise001,0.01,iaaccn27,formal3h_13alg_ssr50_seed520-522_noise0-001-005_20260622-014658,jaxsr_s521_noise001_g0028,/home/zhangziwen/workplace/scientific-intelligent-modelling/experiments/formal3h_13alg_ssr50_seed520-522_noise0-001-005_20260622-014658/jaxsr/seed521/tasks/jaxsr_s521_noise001_g0028/iaaccn27/jaxsr/g0028_strogatz_barmag1/progress/minute_0060.json,ea4c0db9a8ea09138c6ba742a89e57c7421eeb6aec7f516e369ff8f479200fc1,60,3600.028,ok,True,True,0.012400221122518934,0.30286633014132697,3600.028,-0.00539298122748733*x0**3.0 + 0.182422503829002*x1 - 0.0252813063561916*x1**2.0 + 1.04645037651062,-0.00539298122748733*x0**3.0 + 0.182422503829002*x1 - 0.0252813063561916*x1**2.0 + 1.04645037651062,True,15,4
jaxsr,g0029,strogatz_barmag2,521,noise001,0.01,iaaccn23,formal3h_13alg_ssr50_seed520-522_noise0-001-005_20260622-014658,jaxsr_s521_noise001_g0029,/home/zhangziwen/workplace/scientific-intelligent-modelling/experiments/formal3h_13alg_ssr50_seed520-522_noise0-001-005_20260622-014658/jaxsr/seed521/tasks/jaxsr_s521_noise001_g0029/iaaccn23/jaxsr/g0029_strogatz_barmag2/progress/minute_0060.json,f4cb9fec42cc0199ae194b0177bece175673b645f03383d7d0088a9516cd5f80,60,3600.043,ok,True,True,0.11203909723672076,3.6561837994070485,3600.042,-0.0660087019205093*x0*x1 - 1.19617009162903*x1 + 0.586806356906891*x1**2.0 - 0.0543669313192368*x1**3.0 + 0.545587480068207,-0.0660087019205093*x0*x1 - 1.19617009162903*x1 + 0.586806356906891*x1**2.0 - 0.0543669313192368*x1**3.0 + 0.545587480068207,True,19,4
jaxsr,g0030,strogatz_predprey2,521,noise001,0.01,iaaccn23,formal3h_13alg_ssr50_seed520-522_noise0-001-005_20260622-014658,jaxsr_s521_noise001_g0030,/home/zhangziwen/workplace/scientific-intelligent-modelling/experiments/formal3h_13alg_ssr50_seed520-522_noise0-001-005_20260622-014658/jaxsr/seed521/tasks/jaxsr_s521_noise001_g0030/iaaccn23/jaxsr/g0030_strogatz_predprey2/progress/minute_0060.json,aa7b6025558e22d1af2bd42696e0ee09ffd548392525be3c007403c689174126,60,3600.026,ok,True,True,0.023359786453702076,0.41101698083038174,3600.026,0.181031405925751*x0*x1 + 1.3140025138855*x0 - 0.3509581387043*x0**2.0 - 0.0848409309983253*x1 - 0.0500394403934479*x1**2.0,0.181031405925751*x0*x1 + 1.3140025138855*x0 - 0.3509581387043*x0**2.0 - 0.0848409309983253*x1 - 0.0500394403934479*x1**2.0,True,21,4
jaxsr,g0031,strogatz_shearflow1,521,noise001,0.01,iaaccn27,formal3h_13alg_ssr50_seed520-522_noise0-001-005_20260622-014658,jaxsr_s521_noise001_g0031,/home/zhangziwen/workplace/scientific-intelligent-modelling/experiments/formal3h_13alg_ssr50_seed520-522_noise0-001-005_20260622-014658/jaxsr/seed521/tasks/jaxsr_s521_noise001_g0031/iaaccn27/jaxsr/g0031_strogatz_shearflow1/progress/minute_0060.json,7322bb9c90b94ade9c8f0976dad0f9e209b130bbb4dba6112aaabe6090de6f77,60,3600.035,ok,True,True,0.7193267372499672,2.843624768026332,3600.035,0.0238847751170397*x0**2.0 - 0.0972302854061127*x1 + 0.270093649625778*x1**2.0 + 0.00128508661873639*x1**3.0 - 0.989421904087067,0.0238847751170397*x0**2.0 - 0.0972302854061127*x1 + 0.270093649625778*x1**2.0 + 0.00128508661873639*x1**3.0 - 0.989421904087067,True,20,4
jaxsr,g0032,strogatz_vdp1,521,noise001,0.01,iaaccn25,formal3h_13alg_ssr50_seed520-522_noise0-001-005_20260622-014658,jaxsr_s521_noise001_g0032,/home/zhangziwen/workplace/scientific-intelligent-modelling/experiments/formal3h_13alg_ssr50_seed520-522_noise0-001-005_20260622-014658/jaxsr/seed521/tasks/jaxsr_s521_noise001_g0032/iaaccn25/jaxsr/g0032_strogatz_vdp1/progress/minute_0060.json,5c7f0ee70cae08edbf4552da440a3cdbf780cd49ef6d59a33620b9ca4de4c901,60,3600.053,ok,True,True,1.509923896054877e-06,1.159014495963973e-06,3600.053,3.32984399795532*x0 - 3.32983589172363*x0**3.0 + 9.9871187210083*x1,3.32984399795532*x0 - 3.32983589172363*x0**3.0 + 9.9871187210083*x1,True,12,4
jaxsr,g0033,first_principles_hubble,521,noise001,0.01,iaaccn25,formal3h_13alg_ssr50_seed520-522_noise0-001-005_20260622-014658,jaxsr_s521_noise001_g0033,/home/zhangziwen/workplace/scientific-intelligent-modelling/experiments/formal3h_13alg_ssr50_seed520-522_noise0-001-005_20260622-014658/jaxsr/seed521/tasks/jaxsr_s521_noise001_g0033/iaaccn25/jaxsr/g0033_first_principles_hubble/progress/minute_0060.json,f6216cac9275ebb0abcccbf69b3024b4f748fe6247c37e325516f7f206b66c03,60,3600.064,ok,True,True,0.0392976257785802,0.08885335991410029,3600.063,552.951721191406*x0 - 48.9147491455078*x0**3.0,552.951721191406*x0 - 48.9147491455078*x0**3.0,True,9,4
jaxsr,g0034,first_principles_leavitt,521,noise001,0.01,iaaccn29,formal3h_13alg_ssr50_seed520-522_noise0-001-005_20260622-014658,jaxsr_s521_noise001_g0034,/home/zhangziwen/workplace/scientific-intelligent-modelling/experiments/formal3h_13alg_ssr50_seed520-522_noise0-001-005_20260622-014658/jaxsr/seed521/tasks/jaxsr_s521_noise001_g0034/iaaccn29/jaxsr/g0034_first_principles_leavitt/progress/minute_0060.json,3ffc2d0037651d8c126d8a0825487708513cf398136c54db57d13c1c2b244feb,60,3600.023,ok,True,True,0.00019762150784374051,0.0012541729015526613,3600.023,-1.50218379497528*x0**2.0 + 0.225885942578316*x0**3.0 + 14.9401092529297,-1.50218379497528*x0**2.0 + 0.225885942578316*x0**3.0 + 14.9401092529297,True,12,4
jaxsr,g0035,feynman-ii.4.23,521,noise001,0.01,iaaccn26,formal3h_13alg_ssr50_seed520-522_noise0-001-005_20260622-014658,jaxsr_s521_noise001_g0035,/home/zhangziwen/workplace/scientific-intelligent-modelling/experiments/formal3h_13alg_ssr50_seed520-522_noise0-001-005_20260622-014658/jaxsr/seed521/tasks/jaxsr_s521_noise001_g0035/iaaccn26/jaxsr/g0035_feynman-ii.4.23/progress/minute_0060.json,99540640a08de1e5aef56d1dad0ea8a71a56b6784d87ae2aa68cf13468e24684,60,3600.014,ok,True,True,0.3885859644954763,9.362506601590132,3600.014,x0*(298918477824.0 - 524819988480.0*x1),x0*(298918477824.0 - 524819988480.0*x1),True,7,4
jaxsr,g0036,feynman-iii.7.38,521,noise001,0.01,iaaccn23,formal3h_13alg_ssr50_seed520-522_noise0-001-005_20260622-014658,jaxsr_s521_noise001_g0036,/home/zhangziwen/workplace/scientific-intelligent-modelling/experiments/formal3h_13alg_ssr50_seed520-522_noise0-001-005_20260622-014658/jaxsr/seed521/tasks/jaxsr_s521_noise001_g0036/iaaccn23/jaxsr/g0036_feynman-iii.7.38/progress/minute_0060.json,f2282bce3f32267f051f2a3a4d977261fd73976e07f9f552d170a1172254e561,60,3600.007,ok,True,True,1.0000096389461997,1.0000009055298145,3600.007,3.70471981137636e+20,3.70471981137636e+20,True,1,1
jaxsr,g0037,feynman-i.18.16,521,noise001,0.01,iaaccn22,formal3h_13alg_ssr50_seed520-522_noise0-001-005_20260622-014658,jaxsr_s521_noise001_g0037,/home/zhangziwen/workplace/scientific-intelligent-modelling/experiments/formal3h_13alg_ssr50_seed520-522_noise0-001-005_20260622-014658/jaxsr/seed521/tasks/jaxsr_s521_noise001_g0037/iaaccn22/jaxsr/g0037_feynman-i.18.16/progress/minute_0060.json,700d71e5c8bf6e07cc9a5e89abdd54f5bd09c71a3815a59f273ce431e75509cc,60,3600.044,ok,True,True,0.8798494060706669,1.6390187514144972,3600.044,-1.17395412921906*x0*x4 + 3.18433976173401*x0 - 1.12929213047028*x3*x4 + 3.09708046913147*x3 + 0.0406333841383457*x4**3.0,-1.17395412921906*x0*x4 + 3.18433976173401*x0 - 1.12929213047028*x3*x4 + 3.09708046913147*x3 + 0.0406333841383457*x4**3.0,True,20,4
jaxsr,g0038,feynman-ii.27.18,521,noise001,0.01,iaaccn24,formal3h_13alg_ssr50_seed520-522_noise0-001-005_20260622-014658,jaxsr_s521_noise001_g0038,/home/zhangziwen/workplace/scientific-intelligent-modelling/experiments/formal3h_13alg_ssr50_seed520-522_noise0-001-005_20260622-014658/jaxsr/seed521/tasks/jaxsr_s521_noise001_g0038/iaaccn24/jaxsr/g0038_feynman-ii.27.18/progress/minute_0060.json,778f2e0a1be790b5d47731e574e7111b04bad3157a7f472ee81c3eedc0e2a842,60,3600.009,ok,True,True,1.0,1.0,3600.008,0,0,True,1,1
jaxsr,g0039,feynman-ii.34.11,521,noise001,0.01,iaaccn29,formal3h_13alg_ssr50_seed520-522_noise0-001-005_20260622-014658,jaxsr_s521_noise001_g0039,/home/zhangziwen/workplace/scientific-intelligent-modelling/experiments/formal3h_13alg_ssr50_seed520-522_noise0-001-005_20260622-014658/jaxsr/seed521/tasks/jaxsr_s521_noise001_g0039/iaaccn29/jaxsr/g0039_feynman-ii.34.11/progress/minute_0060.json,f1fba9946422263183bd3b00726b3cb26f31127b75299c7bf2f508dc89d103b8,60,3600.018,ok,True,True,0.9978943423781425,1.000284471140677,3600.018,-1.8627550789438e+18*x0*x4,-1.8627550789438e+18*x0*x4,True,4,2
jaxsr,g0040,feynman-i.29.16,521,noise001,0.01,iaaccn26,formal3h_13alg_ssr50_seed520-522_noise0-001-005_20260622-014658,jaxsr_s521_noise001_g0040,/home/zhangziwen/workplace/scientific-intelligent-modelling/experiments/formal3h_13alg_ssr50_seed520-522_noise0-001-005_20260622-014658/jaxsr/seed521/tasks/jaxsr_s521_noise001_g0040/iaaccn26/jaxsr/g0040_feynman-i.29.16/progress/minute_0060.json,93960fff0ff58f9496e98023e8c5196e82356c840d095a99ef203232dc36d091,60,3600.031,ok,True,True,0.06556303394869367,0.1918121107492012,3600.031,-0.0933903753757477*x0*x1 + 0.793376922607422*x0 + 0.0248793512582779*x0**2.0 + 0.777333438396454*x1 + 0.0278797969222069*x1**2.0,-0.0933903753757477*x0*x1 + 0.793376922607422*x0 + 0.0248793512582779*x0**2.0 + 0.777333438396454*x1 + 0.0278797969222069*x1**2.0,True,21,4
jaxsr,g0041,feynman-bonus.20,521,noise001,0.01,iaaccn24,formal3h_13alg_ssr50_seed520-522_noise0-001-005_20260622-014658,jaxsr_s521_noise001_g0041,/home/zhangziwen/workplace/scientific-intelligent-modelling/experiments/formal3h_13alg_ssr50_seed520-522_noise0-001-005_20260622-014658/jaxsr/seed521/tasks/jaxsr_s521_noise001_g0041/iaaccn24/jaxsr/g0041_feynman-bonus.20/progress/minute_0060.json,a2dac00d5a34d54e7d0d20a91ce64ef172b6c5917a179487fdadf79a3073092f,60,3600.01,ok,True,True,1.0,1.0,3600.01,0,0,True,1,1
jaxsr,g0042,feynman-i.15.3t,521,noise001,0.01,iaaccn25,formal3h_13alg_ssr50_seed520-522_noise0-001-005_20260622-014658,jaxsr_s521_noise001_g0042,/home/zhangziwen/workplace/scientific-intelligent-modelling/experiments/formal3h_13alg_ssr50_seed520-522_noise0-001-005_20260622-014658/jaxsr/seed521/tasks/jaxsr_s521_noise001_g0042/iaaccn25/jaxsr/g0042_feynman-i.15.3t/progress/minute_0060.json,9640334e6d86427a1c0ba6c0464da4a76d2fb474aef3f09fc3683082ea0ff55c,60,3600.134,ok,True,True,2.0413838170555657e-08,4.949201596239603e-05,3600.134,0.999987483024597*x1,0.999987483024597*x1,True,3,2
jaxsr,g0043,feynman-i.39.22,521,noise001,0.01,iaaccn28,formal3h_13alg_ssr50_seed520-522_noise0-001-005_20260622-014658,jaxsr_s521_noise001_g0043,/home/zhangziwen/workplace/scientific-intelligent-modelling/experiments/formal3h_13alg_ssr50_seed520-522_noise0-001-005_20260622-014658/jaxsr/seed521/tasks/jaxsr_s521_noise001_g0043/iaaccn28/jaxsr/g0043_feynman-i.39.22/progress/minute_0060.json,833a8a718dd3eeb03439f429c618e4c344470dca83f15df345bafb6253c86aa5,60,3600.034,ok,True,True,0.7646170168955376,2.15151144542701,3600.034,-2211940352.0*x3*x4 + 1269210.625*x3 - 1373078421504.0*x4 + 3.6869164278743e+15*x4**2.0 - 2.17653989203142e+18*x4**3.0,-2211940352.0*x3*x4 + 1269210.625*x3 - 1373078421504.0*x4 + 3.6869164278743e+15*x4**2.0 - 2.17653989203142e+18*x4**3.0,True,21,4
jaxsr,g0044,feynman-iii.10.19,521,noise001,0.01,iaaccn22,formal3h_13alg_ssr50_seed520-522_noise0-001-005_20260622-014658,jaxsr_s521_noise001_g0044,/home/zhangziwen/workplace/scientific-intelligent-modelling/experiments/formal3h_13alg_ssr50_seed520-522_noise0-001-005_20260622-014658/jaxsr/seed521/tasks/jaxsr_s521_noise001_g0044/iaaccn22/jaxsr/g0044_feynman-iii.10.19/progress/minute_0060.json,2f58cae7d820f65adc5847654f3603c97a1cd00925d806587e748d200f2b3406,60,3600.011,ok,True,True,1.0,1.0,3600.011,0,0,True,1,1
jaxsr,g0045,feynman-i.13.12,521,noise001,0.01,iaaccn27,formal3h_13alg_ssr50_seed520-522_noise0-001-005_20260622-014658,jaxsr_s521_noise001_g0045,/home/zhangziwen/workplace/scientific-intelligent-modelling/experiments/formal3h_13alg_ssr50_seed520-522_noise0-001-005_20260622-014658/jaxsr/seed521/tasks/jaxsr_s521_noise001_g0045/iaaccn27/jaxsr/g0045_feynman-i.13.12/progress/minute_0060.json,140d77134a20ee013a35050d2b2431beafc5e15f037c91ea56a7dbf48ca3424d,60,3600.034,ok,True,True,0.7296058888044178,0.7122118584376949,3600.034,-8.30168822574251e-10*x0*x2 + 6.12147332823554e-10*x0*x3 - 7.76637587573958e-10*x1*x2 + 6.27486118620624e-10*x1*x3 + 2.70087507914241e-10*x2**3.0,-8.30168822574251e-10*x0*x2 + 6.12147332823554e-10*x0*x3 - 7.76637587573958e-10*x1*x2 + 6.27486118620624e-10*x1*x3 + 2.70087507914241e-10*x2**3.0,True,22,4
jaxsr,g0046,feynman-i.32.5,521,noise001,0.01,iaaccn28,formal3h_13alg_ssr50_seed520-522_noise0-001-005_20260622-014658,jaxsr_s521_noise001_g0046,/home/zhangziwen/workplace/scientific-intelligent-modelling/experiments/formal3h_13alg_ssr50_seed520-522_noise0-001-005_20260622-014658/jaxsr/seed521/tasks/jaxsr_s521_noise001_g0046/iaaccn28/jaxsr/g0046_feynman-i.32.5/progress/minute_0060.json,d8a3072c9172c920714383eb961b0f2f329d90f44847834b77afb2a7bdda00c6,60,3600.017,ok,True,True,0.8185988119844968,0.8514467694126485,3600.017,0.00248232809826732*x0**2.0 - 3.03781871480169e-6,0.00248232809826732*x0**2.0 - 3.03781871480169e-6,True,7,4
jaxsr,g0047,feynman-i.43.31,521,noise001,0.01,iaaccn25,formal3h_13alg_ssr50_seed520-522_noise0-001-005_20260622-014658,jaxsr_s521_noise001_g0047,/home/zhangziwen/workplace/scientific-intelligent-modelling/experiments/formal3h_13alg_ssr50_seed520-522_noise0-001-005_20260622-014658/jaxsr/seed521/tasks/jaxsr_s521_noise001_g0047/iaaccn25/jaxsr/g0047_feynman-i.43.31/progress/minute_0060.json,14c01a80f638ff75cfeb50c60f4413fd3ac16f7f4d01817063ea4a8540453cbe,60,3600.493,ok,True,True,1.0,1.0,3600.487,0,0,True,1,1
jaxsr,g0048,feynman-i.11.19,521,noise001,0.01,iaaccn24,formal3h_13alg_ssr50_seed520-522_noise0-001-005_20260622-014658,jaxsr_s521_noise001_g0048,/home/zhangziwen/workplace/scientific-intelligent-modelling/experiments/formal3h_13alg_ssr50_seed520-522_noise0-001-005_20260622-014658/jaxsr/seed521/tasks/jaxsr_s521_noise001_g0048/iaaccn24/jaxsr/g0048_feynman-i.11.19/progress/minute_0060.json,39800340381e121e25891c551b5c01b7240b9c7e97de64dec5b07d8fd00edcf6,60,3600.034,ok,True,True,1.674601268184159e-07,8.728743938535481e-06,3600.034,1.00017356872559*x0*x1 + 0.999882400035858*x2*x3 - 6132712448.0*x2*x7 + 0.999991416931152*x5*x6,1.00017356872559*x0*x1 + 0.999882400035858*x2*x3 - 6132712448.0*x2*x7 + 0.999991416931152*x5*x6,True,17,3
jaxsr,g0049,feynman-ii.34.2a,521,noise001,0.01,iaaccn28,formal3h_13alg_ssr50_seed520-522_noise0-001-005_20260622-014658,jaxsr_s521_noise001_g0049,/home/zhangziwen/workplace/scientific-intelligent-modelling/experiments/formal3h_13alg_ssr50_seed520-522_noise0-001-005_20260622-014658/jaxsr/seed521/tasks/jaxsr_s521_noise001_g0049/iaaccn28/jaxsr/g0049_feynman-ii.34.2a/progress/minute_0060.json,db9135bd069a3da14cc04d3049d7667716c2dfb2dabc6eec85473763ca50a5b7,60,3600.019,ok,True,True,0.5784912534412412,2.858061289408795,3600.019,3085652736.0*x1*x3,3085652736.0*x1*x3,True,4,2
jaxsr,g0050,Vladislavleva-4,521,noise001,0.01,iaaccn27,formal3h_13alg_ssr50_seed520-522_noise0-001-005_20260622-014658,jaxsr_s521_noise001_g0050,/home/zhangziwen/workplace/scientific-intelligent-modelling/experiments/formal3h_13alg_ssr50_seed520-522_noise0-001-005_20260622-014658/jaxsr/seed521/tasks/jaxsr_s521_noise001_g0050/iaaccn27/jaxsr/g0050_Vladislavleva-4/progress/minute_0060.json,c30f4510f478f7092564fb93ed45c2072d0684b35df9bce85a88a585793ff991,60,3600.041,ok,True,True,0.08711107522565929,0.09759852575845894,3600.041,0.101208306849003*x3 - 0.00310623086988926*x3**3.0 + 0.112735711038113*x4 - 0.00334232021123171*x4**3.0 + 0.250790804624557,0.101208306849003*x3 - 0.00310623086988926*x3**3.0 + 0.112735711038113*x4 - 0.00334232021123171*x4**3.0 + 0.250790804624557,True,18,4
jaxsr,g0001,Keijzer-11,521,noise005,0.05,iaaccn25,formal3h_13alg_ssr50_seed520-522_noise0-001-005_20260622-014658,jaxsr_s521_noise005_g0001,/home/zhangziwen/workplace/scientific-intelligent-modelling/experiments/formal3h_13alg_ssr50_seed520-522_noise0-001-005_20260622-014658/jaxsr/seed521/tasks/jaxsr_s521_noise005_g0001/iaaccn25/jaxsr/g0001_Keijzer-11/progress/minute_0060.json,0438e78e137dcdf782cfbaec4d18ae2a893dea0a695b0d7b290d4f1e656c8143,60,3601.04,ok,True,True,0.071598545942036,0.0543515422319116,3601.039,1.11415731906891*x0*x1 - 0.038885835558176*x0**3.0,1.11415731906891*x0*x1 - 0.038885835558176*x0**3.0,True,10,4
jaxsr,g0002,Keijzer-2,521,noise005,0.05,iaaccn27,formal3h_13alg_ssr50_seed520-522_noise0-001-005_20260622-014658,jaxsr_s521_noise005_g0002,/home/zhangziwen/workplace/scientific-intelligent-modelling/experiments/formal3h_13alg_ssr50_seed520-522_noise0-001-005_20260622-014658/jaxsr/seed521/tasks/jaxsr_s521_noise005_g0002/iaaccn27/jaxsr/g0002_Keijzer-2/progress/minute_0060.json,5143795984fa7a5e26beee42e0a98a744ffff22c54963ec63f443a7497bb214b,60,3600.016,ok,True,True,0.8244284870250049,2.346127736900828,3600.016,-0.0517172180116177*x0**2.0,-0.0517172180116177*x0**2.0,True,5,3
jaxsr,g0003,Korns-2,521,noise005,0.05,iaaccn26,formal3h_13alg_ssr50_seed520-522_noise0-001-005_20260622-014658,jaxsr_s521_noise005_g0003,/home/zhangziwen/workplace/scientific-intelligent-modelling/experiments/formal3h_13alg_ssr50_seed520-522_noise0-001-005_20260622-014658/jaxsr/seed521/tasks/jaxsr_s521_noise005_g0003/iaaccn26/jaxsr/g0003_Korns-2/progress/minute_0060.json,d88b21b069162d3532f2b1693665d4570db9137d6d455dd1d7d5615b1dcfeb41,60,3600.018,ok,True,True,1.0056005227997737,1.0206337080310233,3600.018,0.0126903643831611*x1*x2,0.0126903643831611*x1*x2,True,4,2
jaxsr,g0004,Korns-4,521,noise005,0.05,iaaccn24,formal3h_13alg_ssr50_seed520-522_noise0-001-005_20260622-014658,jaxsr_s521_noise005_g0004,/home/zhangziwen/workplace/scientific-intelligent-modelling/experiments/formal3h_13alg_ssr50_seed520-522_noise0-001-005_20260622-014658/jaxsr/seed521/tasks/jaxsr_s521_noise005_g0004/iaaccn24/jaxsr/g0004_Korns-4/progress/minute_0060.json,503d3111f8c93480141a896133dd79706fb7a97186213d261c1b16fa181f8993,60,3600.023,ok,True,True,0.0016245840341096267,0.0017351871903337533,3600.023,2.40078916249331e-5*x0*x1 - 2.30179810523987,2.40078916249331e-5*x0*x1 - 2.30179810523987,True,6,3
jaxsr,g0005,BPG3,521,noise005,0.05,iaaccn23,formal3h_13alg_ssr50_seed520-522_noise0-001-005_20260622-014658,jaxsr_s521_noise005_g0005,/home/zhangziwen/workplace/scientific-intelligent-modelling/experiments/formal3h_13alg_ssr50_seed520-522_noise0-001-005_20260622-014658/jaxsr/seed521/tasks/jaxsr_s521_noise005_g0005/iaaccn23/jaxsr/g0005_BPG3/progress/minute_0060.json,7511e99f617c499058b1e66f513ca472ad5b5630fcb028c6da83f4ef55269b8d,60,3600.018,ok,True,True,1.941839499932993e-06,2.901093530955284e-05,3600.018,-0.840530335903168*x1 + 0.259046673774719*x1**2.0,-0.840530335903168*x1 + 0.259046673774719*x1**2.0,True,9,4
jaxsr,g0006,BPG5,521,noise005,0.05,iaaccn28,formal3h_13alg_ssr50_seed520-522_noise0-001-005_20260622-014658,jaxsr_s521_noise005_g0006,/home/zhangziwen/workplace/scientific-intelligent-modelling/experiments/formal3h_13alg_ssr50_seed520-522_noise0-001-005_20260622-014658/jaxsr/seed521/tasks/jaxsr_s521_noise005_g0006/iaaccn28/jaxsr/g0006_BPG5/progress/minute_0060.json,197e9622204626cc5cac15be620a41342920640e36f59ef3feb14c9e302b81c7,60,3600.024,ok,True,True,1.7456641080604169e-06,0.004453132546973549,3600.024,1.04107320308685*x1 - 0.0109165422618389*x1**2.0 - 1.93167053907928e-7*x1**3.0 - 0.0349076613783836,1.04107320308685*x1 - 0.0109165422618389*x1**2.0 - 1.93167053907928e-7*x1**3.0 - 0.0349076613783836,True,15,4
jaxsr,g0007,BPG9,521,noise005,0.05,iaaccn29,formal3h_13alg_ssr50_seed520-522_noise0-001-005_20260622-014658,jaxsr_s521_noise005_g0007,/home/zhangziwen/workplace/scientific-intelligent-modelling/experiments/formal3h_13alg_ssr50_seed520-522_noise0-001-005_20260622-014658/jaxsr/seed521/tasks/jaxsr_s521_noise005_g0007/iaaccn29/jaxsr/g0007_BPG9/progress/minute_0060.json,b99dcf2159698aaecb128431f2fd6fc62f78ced76d965b5d01d407ee6c505e2e,60,3600.021,ok,True,True,2.76105647723388e-06,0.0003762649699110202,3600.021,0.177374750375748*x1**2.0 - 0.0163458697497845*x1**3.0 + 0.00210448354482651,0.177374750375748*x1**2.0 - 0.0163458697497845*x1**3.0 + 0.00210448354482651,True,12,4
jaxsr,g0008,CRK0,521,noise005,0.05,iaaccn26,formal3h_13alg_ssr50_seed520-522_noise0-001-005_20260622-014658,jaxsr_s521_noise005_g0008,/home/zhangziwen/workplace/scientific-intelligent-modelling/experiments/formal3h_13alg_ssr50_seed520-522_noise0-001-005_20260622-014658/jaxsr/seed521/tasks/jaxsr_s521_noise005_g0008/iaaccn26/jaxsr/g0008_CRK0/progress/minute_0060.json,8bff230f99175dc3c28ab3c4baab3a062c73a51fa993ad6b5bc8c16b19ff3de5,60,3600.027,ok,True,True,7.254226745841271e-06,0.004386020708346104,3600.027,1.30939667997154e-8*x0**2.0 + 0.205996334552765*x1**2.0 - 0.245206296443939*x1**3.0 + 0.112423233687878,1.30939667997154e-8*x0**2.0 + 0.205996334552765*x1**2.0 - 0.245206296443939*x1**3.0 + 0.112423233687878,True,17,4
jaxsr,g0009,CRK10,521,noise005,0.05,iaaccn25,formal3h_13alg_ssr50_seed520-522_noise0-001-005_20260622-014658,jaxsr_s521_noise005_g0009,/home/zhangziwen/workplace/scientific-intelligent-modelling/experiments/formal3h_13alg_ssr50_seed520-522_noise0-001-005_20260622-014658/jaxsr/seed521/tasks/jaxsr_s521_noise005_g0009/iaaccn25/jaxsr/g0009_CRK10/progress/minute_0060.json,2ebc1f531076eb3ca722ebaf529b8fa74cec83c301be3fe8d7cbaa40499b3ec8,60,3600.147,ok,True,True,6.309960200550777e-06,0.043924246749063804,3600.146,0.595747292041779*x1 - 0.411306858062744*x1**2.0 + 0.0378685519099236*x1**3.0 - 0.0202876552939415,0.595747292041779*x1 - 0.411306858062744*x1**2.0 + 0.0378685519099236*x1**3.0 - 0.0202876552939415,True,15,4
jaxsr,g0010,CRK11,521,noise005,0.05,iaaccn24,formal3h_13alg_ssr50_seed520-522_noise0-001-005_20260622-014658,jaxsr_s521_noise005_g0010,/home/zhangziwen/workplace/scientific-intelligent-modelling/experiments/formal3h_13alg_ssr50_seed520-522_noise0-001-005_20260622-014658/jaxsr/seed521/tasks/jaxsr_s521_noise005_g0010/iaaccn24/jaxsr/g0010_CRK11/progress/minute_0060.json,2602dd98cae93a1c1397a8184d138f51f97bfd54691d254f2c94f5b8979acafe,60,3600.022,ok,True,True,4.915472542241572e-06,8.587269419934436e-05,3600.021,-0.520908832550049*x1**2.0 - 0.190433114767075*x1**3.0 + 0.332978963851929,-0.520908832550049*x1**2.0 - 0.190433114767075*x1**3.0 + 0.332978963851929,True,12,4
jaxsr,g0011,CRK33,521,noise005,0.05,iaaccn23,formal3h_13alg_ssr50_seed520-522_noise0-001-005_20260622-014658,jaxsr_s521_noise005_g0011,/home/zhangziwen/workplace/scientific-intelligent-modelling/experiments/formal3h_13alg_ssr50_seed520-522_noise0-001-005_20260622-014658/jaxsr/seed521/tasks/jaxsr_s521_noise005_g0011/iaaccn23/jaxsr/g0011_CRK33/progress/minute_0060.json,8e71f6eb46c670dd802ad3dfb710af69ca8820e35555f11ddf6af92b4c89943a,60,3600.026,ok,True,True,1.1261013112953615e-05,0.015330114027321685,3600.026,0.493434578180313*x1 - 0.261855781078339*x1**2.0 + 0.013978773728013*x1**3.0 + 0.0608296878635883,0.493434578180313*x1 - 0.261855781078339*x1**2.0 + 0.013978773728013*x1**3.0 + 0.0608296878635883,True,15,4
jaxsr,g0012,CRK34,521,noise005,0.05,iaaccn26,formal3h_13alg_ssr50_seed520-522_noise0-001-005_20260622-014658,jaxsr_s521_noise005_g0012,/home/zhangziwen/workplace/scientific-intelligent-modelling/experiments/formal3h_13alg_ssr50_seed520-522_noise0-001-005_20260622-014658/jaxsr/seed521/tasks/jaxsr_s521_noise005_g0012/iaaccn26/jaxsr/g0012_CRK34/progress/minute_0060.json,a6b1477121d9638f27cf8e559e93b878966f5d3556df8663847745d334cd9a97,60,3600.022,ok,True,True,7.972798009231123e-06,0.005719591039022704,3600.022,0.319297790527344*x1 - 0.220142364501953*x1**2.0 + 0.00316062569618225*x1**3.0 + 0.454350024461746,0.319297790527344*x1 - 0.220142364501953*x1**2.0 + 0.00316062569618225*x1**3.0 + 0.454350024461746,True,15,4
jaxsr,g0013,I.11.19_4_0,521,noise005,0.05,iaaccn22,formal3h_13alg_ssr50_seed520-522_noise0-001-005_20260622-014658,jaxsr_s521_noise005_g0013,/home/zhangziwen/workplace/scientific-intelligent-modelling/experiments/formal3h_13alg_ssr50_seed520-522_noise0-001-005_20260622-014658/jaxsr/seed521/tasks/jaxsr_s521_noise005_g0013/iaaccn22/jaxsr/g0013_I.11.19_4_0/progress/minute_0060.json,00adbbdcab69c67fdfa90bb145c95eb8104c716ec234e1cdddb6064d0f05a8da,60,3600.051,ok,True,True,0.030196714622064393,0.14550809797907877,3600.051,0.199272826313972*x0*x2 - 0.971141636371613*x0 + 0.465386718511581*x1*x4 - 0.0585656426846981*x2**3.0 - 0.33910346031189*x3*x5,0.199272826313972*x0*x2 - 0.971141636371613*x0 + 0.465386718511581*x1*x4 - 0.0585656426846981*x2**3.0 - 0.33910346031189*x3*x5,True,21,4
jaxsr,g0014,II.11.27_1_0,521,noise005,0.05,iaaccn24,formal3h_13alg_ssr50_seed520-522_noise0-001-005_20260622-014658,jaxsr_s521_noise005_g0014,/home/zhangziwen/workplace/scientific-intelligent-modelling/experiments/formal3h_13alg_ssr50_seed520-522_noise0-001-005_20260622-014658/jaxsr/seed521/tasks/jaxsr_s521_noise005_g0014/iaaccn24/jaxsr/g0014_II.11.27_1_0/progress/minute_0060.json,c3ebadb7d0e157c2e1ea8d0c799f5c4f04023e64741261aece94f7f59434255a,60,3600.041,ok,True,True,0.9875769179069576,1.0042397940862289,3600.041,-31.9058742523193*x0*x1 + 21.8422451019287*x0 - 284.478393554688*x1 + 697.678283691406*x1**2.0 - 397.694549560547*x1**3.0,-31.9058742523193*x0*x1 + 21.8422451019287*x0 - 284.478393554688*x1 + 697.678283691406*x1**2.0 - 397.694549560547*x1**3.0,True,21,4
jaxsr,g0015,II.34.2_1_0,521,noise005,0.05,iaaccn27,formal3h_13alg_ssr50_seed520-522_noise0-001-005_20260622-014658,jaxsr_s521_noise005_g0015,/home/zhangziwen/workplace/scientific-intelligent-modelling/experiments/formal3h_13alg_ssr50_seed520-522_noise0-001-005_20260622-014658/jaxsr/seed521/tasks/jaxsr_s521_noise005_g0015/iaaccn27/jaxsr/g0015_II.34.2_1_0/progress/minute_0060.json,b21ca96f46bc777b324443ae430d74ba1f5d3082379c65e61a1678e2be7ead15,60,3600.046,ok,True,True,0.07343451768061723,0.39468875288709127,3600.046,-0.151950493454933*x0*x1 - 0.124569073319435*x0*x2 + 1.16711127758026*x0 - 0.808287620544434*x1**2.0 + 0.200441733002663*x1**3.0,-0.151950493454933*x0*x1 - 0.124569073319435*x0*x2 + 1.16711127758026*x0 - 0.808287620544434*x1**2.0 + 0.200441733002663*x1**3.0,True,22,4
jaxsr,g0016,II.6.15b_3_0,521,noise005,0.05,iaaccn26,formal3h_13alg_ssr50_seed520-522_noise0-001-005_20260622-014658,jaxsr_s521_noise005_g0016,/home/zhangziwen/workplace/scientific-intelligent-modelling/experiments/formal3h_13alg_ssr50_seed520-522_noise0-001-005_20260622-014658/jaxsr/seed521/tasks/jaxsr_s521_noise005_g0016/iaaccn26/jaxsr/g0016_II.6.15b_3_0/progress/minute_0060.json,96a424d5207532bdbb3538bf149047e40a5763bb97a19fdc0be112dea9198b29,60,3600.044,ok,True,True,0.18287120032583848,1.4631983039223253,3600.044,1.72842836380005*x0*x1 - 106.275634765625*x0**2.0 - 552.068237304688*x0**3.0 + 0.0898840054869652*x2*x3 + 1.36921966075897,1.72842836380005*x0*x1 - 106.275634765625*x0**2.0 - 552.068237304688*x0**3.0 + 0.0898840054869652*x2*x3 + 1.36921966075897,True,20,4
jaxsr,g0017,III.21.20_3_0,521,noise005,0.05,iaaccn27,formal3h_13alg_ssr50_seed520-522_noise0-001-005_20260622-014658,jaxsr_s521_noise005_g0017,/home/zhangziwen/workplace/scientific-intelligent-modelling/experiments/formal3h_13alg_ssr50_seed520-522_noise0-001-005_20260622-014658/jaxsr/seed521/tasks/jaxsr_s521_noise005_g0017/iaaccn27/jaxsr/g0017_III.21.20_3_0/progress/minute_0060.json,477813881c087f917360c30a1e0bb4a59f330f0bfd4cfe9577dbc88c424f41f2,60,3600.069,ok,True,True,0.6525633537605093,0.999980487444196,3600.069,0.0226618424057961*x0*x2 + 0.0334267020225525*x0*x3 - 1.52047196024796e-5*x0**3.0 + 0.207460358738899*x1*x3 + 0.499133706092834*x2*x3,0.0226618424057961*x0*x2 + 0.0334267020225525*x0*x3 - 1.52047196024796e-5*x0**3.0 + 0.207460358738899*x1*x3 + 0.499133706092834*x2*x3,True,22,4
jaxsr,g0018,MatSci21,521,noise005,0.05,iaaccn25,formal3h_13alg_ssr50_seed520-522_noise0-001-005_20260622-014658,jaxsr_s521_noise005_g0018,/home/zhangziwen/workplace/scientific-intelligent-modelling/experiments/formal3h_13alg_ssr50_seed520-522_noise0-001-005_20260622-014658/jaxsr/seed521/tasks/jaxsr_s521_noise005_g0018/iaaccn25/jaxsr/g0018_MatSci21/progress/minute_0060.json,b9a8dd529f2e0ba4a3ee681e8be579528ac6d80ca72f4f4560058ed2de4d4e29,60,3600.09,ok,True,True,0.0007142278846725842,0.002156375892224757,3600.089,-47.7281684875488*x0 - 770.102111816406*x0**2.0 + 2269.74047851563*x0**3.0,-47.7281684875488*x0 - 770.102111816406*x0**2.0 + 2269.74047851563*x0**3.0,True,14,4
jaxsr,g0019,PO19,521,noise005,0.05,iaaccn28,formal3h_13alg_ssr50_seed520-522_noise0-001-005_20260622-014658,jaxsr_s521_noise005_g0019,/home/zhangziwen/workplace/scientific-intelligent-modelling/experiments/formal3h_13alg_ssr50_seed520-522_noise0-001-005_20260622-014658/jaxsr/seed521/tasks/jaxsr_s521_noise005_g0019/iaaccn28/jaxsr/g0019_PO19/progress/minute_0060.json,a977b40099adbf34a202f553dcd5254be4da3ca93ec298d3cee45aa68b22a8af,60,3600.033,ok,True,True,0.0037944311041569296,1.5514694498322021,3600.033,-0.116825185716152*x0*x1 - 1.74621343612671*x0 + 0.772880852222443*x0**3.0 - 0.650003492832184*x2 + 0.116999104619026*x2**3.0,-0.116825185716152*x0*x1 - 1.74621343612671*x0 + 0.772880852222443*x0**3.0 - 0.650003492832184*x2 + 0.116999104619026*x2**3.0,True,21,4
jaxsr,g0020,PO41,521,noise005,0.05,iaaccn27,formal3h_13alg_ssr50_seed520-522_noise0-001-005_20260622-014658,jaxsr_s521_noise005_g0020,/home/zhangziwen/workplace/scientific-intelligent-modelling/experiments/formal3h_13alg_ssr50_seed520-522_noise0-001-005_20260622-014658/jaxsr/seed521/tasks/jaxsr_s521_noise005_g0020/iaaccn27/jaxsr/g0020_PO41/progress/minute_0060.json,1d248675debcbe4bdb5f4e75f7e3e6e528fadd48a81958a9e9dee08e2b2bce1d,60,3600.034,ok,True,True,0.0011420885082845118,0.11400015173758843,3600.034,-0.0194558389484882*x0*x1 - 0.883969187736511*x0 - 0.174603521823883*x0**2.0 + 0.584162414073944*x0**3.0 - 0.484157383441925*x2,-0.0194558389484882*x0*x1 - 0.883969187736511*x0 - 0.174603521823883*x0**2.0 + 0.584162414073944*x0**3.0 - 0.484157383441925*x2,True,21,4
jaxsr,g0021,Nguyen-12,521,noise005,0.05,iaaccn24,formal3h_13alg_ssr50_seed520-522_noise0-001-005_20260622-014658,jaxsr_s521_noise005_g0021,/home/zhangziwen/workplace/scientific-intelligent-modelling/experiments/formal3h_13alg_ssr50_seed520-522_noise0-001-005_20260622-014658/jaxsr/seed521/tasks/jaxsr_s521_noise005_g0021/iaaccn24/jaxsr/g0021_Nguyen-12/progress/minute_0060.json,97b0725c216c9fa4f06c8e62ceb8b523418b954da7bc62f103f98306ebb53001,60,3600.045,ok,True,True,0.0008125340391521176,0.005309684902079888,3600.045,0.113733470439911*x0 - 0.917045116424561*x0**2.0 + 0.7871213555336*x0**3.0 - 0.995350360870361*x1 + 0.485979378223419*x1**2.0,0.113733470439911*x0 - 0.917045116424561*x0**2.0 + 0.7871213555336*x0**3.0 - 0.995350360870361*x1 + 0.485979378223419*x1**2.0,True,22,4
jaxsr,g0022,Nguyen-6,521,noise005,0.05,iaaccn26,formal3h_13alg_ssr50_seed520-522_noise0-001-005_20260622-014658,jaxsr_s521_noise005_g0022,/home/zhangziwen/workplace/scientific-intelligent-modelling/experiments/formal3h_13alg_ssr50_seed520-522_noise0-001-005_20260622-014658/jaxsr/seed521/tasks/jaxsr_s521_noise005_g0022/iaaccn26/jaxsr/g0022_Nguyen-6/progress/minute_0060.json,d79c18aade0be4041489581f9578292787df57c7dac9a4d3f08bf9eaaed7ce77,60,3600.022,ok,True,True,0.001077754506702011,0.14776180784698395,3600.022,2.17412376403809*x0 + 0.794221460819244*x0**2.0 - 1.14429461956024*x0**3.0,2.17412376403809*x0 + 0.794221460819244*x0**2.0 - 1.14429461956024*x0**3.0,True,14,4
jaxsr,g0023,Nguyen-9,521,noise005,0.05,iaaccn22,formal3h_13alg_ssr50_seed520-522_noise0-001-005_20260622-014658,jaxsr_s521_noise005_g0023,/home/zhangziwen/workplace/scientific-intelligent-modelling/experiments/formal3h_13alg_ssr50_seed520-522_noise0-001-005_20260622-014658/jaxsr/seed521/tasks/jaxsr_s521_noise005_g0023/iaaccn22/jaxsr/g0023_Nguyen-9/progress/minute_0060.json,c67c5518562bc9ff8b76f9af7d4a50be05ca6aa71af6b0ab6de0992a567e98e4,60,3600.027,ok,True,True,0.015437573480269836,0.0002100721932917145,3600.027,1.01291239261627*x0 - 0.167250201106071*x0**3.0 - 0.323223859071732*x1 + 2.12178707122803*x1**2.0 - 0.980576455593109*x1**3.0,1.01291239261627*x0 - 0.167250201106071*x0**3.0 - 0.323223859071732*x1 + 2.12178707122803*x1**2.0 - 0.980576455593109*x1**3.0,True,22,4
jaxsr,g0024,feynman_II_15_4,521,noise005,0.05,iaaccn23,formal3h_13alg_ssr50_seed520-522_noise0-001-005_20260622-014658,jaxsr_s521_noise005_g0024,/home/zhangziwen/workplace/scientific-intelligent-modelling/experiments/formal3h_13alg_ssr50_seed520-522_noise0-001-005_20260622-014658/jaxsr/seed521/tasks/jaxsr_s521_noise005_g0024/iaaccn23/jaxsr/g0024_feynman_II_15_4/progress/minute_0060.json,5ea8d69a8e95ba830adac364a0ae92d5258bc145bbfa866bb745fbc9e95f38c9,60,3600.055,ok,True,True,0.2870803052236129,2.644157097442533,3600.055,-0.258552759885788*x0*x1 + 1.2555079460144*x0*x2 - 1.51748836040497*x0 + 0.810340642929077*x1*x2 - 0.198223799467087*x2**3.0,-0.258552759885788*x0*x1 + 1.2555079460144*x0*x2 - 1.51748836040497*x0 + 0.810340642929077*x1*x2 - 0.198223799467087*x2**3.0,True,21,4
jaxsr,g0025,feynman_I_12_11,521,noise005,0.05,iaaccn23,formal3h_13alg_ssr50_seed520-522_noise0-001-005_20260622-014658,jaxsr_s521_noise005_g0025,/home/zhangziwen/workplace/scientific-intelligent-modelling/experiments/formal3h_13alg_ssr50_seed520-522_noise0-001-005_20260622-014658/jaxsr/seed521/tasks/jaxsr_s521_noise005_g0025/iaaccn23/jaxsr/g0025_feynman_I_12_11/progress/minute_0060.json,54906f3c207f329f212b54c2a402b350b6bea20dc77844cbb9d86bcf0f1f1912,60,3600.04,ok,True,True,0.2680686551719119,0.6451410439194473,3600.04,1.07745695114136*x0*x1 + 78.2209854125977*x4 - 33.3621673583984*x4**2.0 + 3.55415534973145*x4**3.0 - 27.4281139373779,1.07745695114136*x0*x1 + 78.2209854125977*x4 - 33.3621673583984*x4**2.0 + 3.55415534973145*x4**3.0 - 27.4281139373779,True,19,4
jaxsr,g0026,feynman_I_27_6,521,noise005,0.05,iaaccn26,formal3h_13alg_ssr50_seed520-522_noise0-001-005_20260622-014658,jaxsr_s521_noise005_g0026,/home/zhangziwen/workplace/scientific-intelligent-modelling/experiments/formal3h_13alg_ssr50_seed520-522_noise0-001-005_20260622-014658/jaxsr/seed521/tasks/jaxsr_s521_noise005_g0026/iaaccn26/jaxsr/g0026_feynman_I_27_6/progress/minute_0060.json,b9ef1dbf4e34df30fa7cabfedbf2406f81112745c5867ee7dd89d9bb6b1170c7,60,3600.031,ok,True,True,0.011729948401644789,0.05828799389773387,3600.031,0.0157488733530045*x0*x1 - 0.0405370108783245*x0*x2 + 0.179755210876465*x0 - 0.0271685440093279*x1*x2 + 0.231702104210854*x1,0.0157488733530045*x0*x1 - 0.0405370108783245*x0*x2 + 0.179755210876465*x0 - 0.0271685440093279*x1*x2 + 0.231702104210854*x1,True,19,3
jaxsr,g0027,feynman_test_15,521,noise005,0.05,iaaccn28,formal3h_13alg_ssr50_seed520-522_noise0-001-005_20260622-014658,jaxsr_s521_noise005_g0027,/home/zhangziwen/workplace/scientific-intelligent-modelling/experiments/formal3h_13alg_ssr50_seed520-522_noise0-001-005_20260622-014658/jaxsr/seed521/tasks/jaxsr_s521_noise005_g0027/iaaccn28/jaxsr/g0027_feynman_test_15/progress/minute_0060.json,e59d1c8dafd7c3fc953a9090866a63a4a4b346f07370bd09f8324af29613f61f,60,3600.041,ok,True,True,0.00901292315710793,0.09529622262113652,3600.041,1.00809299945831*x2 + 0.647061884403229*x3 - 0.0536970160901546*x3**2.0 - 0.00928117800503969*x3**3.0 - 0.795042097568512,1.00809299945831*x2 + 0.647061884403229*x3 - 0.0536970160901546*x3**2.0 - 0.00928117800503969*x3**3.0 - 0.795042097568512,True,18,4
jaxsr,g0028,strogatz_barmag1,521,noise005,0.05,iaaccn22,formal3h_13alg_ssr50_seed520-522_noise0-001-005_20260622-014658,jaxsr_s521_noise005_g0028,/home/zhangziwen/workplace/scientific-intelligent-modelling/experiments/formal3h_13alg_ssr50_seed520-522_noise0-001-005_20260622-014658/jaxsr/seed521/tasks/jaxsr_s521_noise005_g0028/iaaccn22/jaxsr/g0028_strogatz_barmag1/progress/minute_0060.json,8a266361932bc441dbaccd921f05c172b4d5b7f59d129f0174c57d66dcef936e,60,3600.028,ok,True,True,0.01856647111007908,0.3178819583802293,3600.027,0.0165726616978645*x0*x1 - 0.00573558360338211*x0**3.0 + 0.113848209381104*x1 - 0.0290669109672308*x1**2.0 + 1.09854936599731,0.0165726616978645*x0*x1 - 0.00573558360338211*x0**3.0 + 0.113848209381104*x1 - 0.0290669109672308*x1**2.0 + 1.09854936599731,True,19,4
jaxsr,g0029,strogatz_barmag2,521,noise005,0.05,iaaccn25,formal3h_13alg_ssr50_seed520-522_noise0-001-005_20260622-014658,jaxsr_s521_noise005_g0029,/home/zhangziwen/workplace/scientific-intelligent-modelling/experiments/formal3h_13alg_ssr50_seed520-522_noise0-001-005_20260622-014658/jaxsr/seed521/tasks/jaxsr_s521_noise005_g0029/iaaccn25/jaxsr/g0029_strogatz_barmag2/progress/minute_0060.json,d4cb9a1c68379d19de1a758b494248f134945d747e326f4f2f6f605e5fe3b976,60,3600.028,ok,True,True,0.10994447339323202,3.8329755769633373,3600.028,-0.0680477991700172*x0*x1 - 1.1737961769104*x1 + 0.579277813434601*x1**2.0 - 0.0534610040485859*x1**3.0 + 0.542161226272583,-0.0680477991700172*x0*x1 - 1.1737961769104*x1 + 0.579277813434601*x1**2.0 - 0.0534610040485859*x1**3.0 + 0.542161226272583,True,19,4
jaxsr,g0030,strogatz_predprey2,521,noise005,0.05,iaaccn25,formal3h_13alg_ssr50_seed520-522_noise0-001-005_20260622-014658,jaxsr_s521_noise005_g0030,/home/zhangziwen/workplace/scientific-intelligent-modelling/experiments/formal3h_13alg_ssr50_seed520-522_noise0-001-005_20260622-014658/jaxsr/seed521/tasks/jaxsr_s521_noise005_g0030/iaaccn25/jaxsr/g0030_strogatz_predprey2/progress/minute_0060.json,0b9fd189cf97305dcc4f2264e110e6338c3e406a1388c8fb5ff00ce069b7b72e,60,3600.065,ok,True,True,0.02406062442314984,0.4125747236989835,3600.064,0.182365223765373*x0*x1 + 1.30378544330597*x0 - 0.350174993276596*x0**2.0 - 0.0840673744678497*x1 - 0.0499783493578434*x1**2.0,0.182365223765373*x0*x1 + 1.30378544330597*x0 - 0.350174993276596*x0**2.0 - 0.0840673744678497*x1 - 0.0499783493578434*x1**2.0,True,21,4
jaxsr,g0031,strogatz_shearflow1,521,noise005,0.05,iaaccn23,formal3h_13alg_ssr50_seed520-522_noise0-001-005_20260622-014658,jaxsr_s521_noise005_g0031,/home/zhangziwen/workplace/scientific-intelligent-modelling/experiments/formal3h_13alg_ssr50_seed520-522_noise0-001-005_20260622-014658/jaxsr/seed521/tasks/jaxsr_s521_noise005_g0031/iaaccn23/jaxsr/g0031_strogatz_shearflow1/progress/minute_0060.json,19e663146b5dcab7361519f125fcdaf4d54b53ca66abf96c18c49724e1f295a7,60,3600.026,ok,True,True,0.7188268779815488,2.841649575797364,3600.026,0.0241436399519444*x0**2.0 - 0.0995689854025841*x1 + 0.269699960947037*x1**2.0 + 0.00167923211120069*x1**3.0 - 0.989419937133789,0.0241436399519444*x0**2.0 - 0.0995689854025841*x1 + 0.269699960947037*x1**2.0 + 0.00167923211120069*x1**3.0 - 0.989419937133789,True,20,4
jaxsr,g0032,strogatz_vdp1,521,noise005,0.05,iaaccn22,formal3h_13alg_ssr50_seed520-522_noise0-001-005_20260622-014658,jaxsr_s521_noise005_g0032,/home/zhangziwen/workplace/scientific-intelligent-modelling/experiments/formal3h_13alg_ssr50_seed520-522_noise0-001-005_20260622-014658/jaxsr/seed521/tasks/jaxsr_s521_noise005_g0032/iaaccn22/jaxsr/g0032_strogatz_vdp1/progress/minute_0060.json,edbcce81ae24d5e5de15e02c92bdf16a4ca640a83b0fd930c594eef80ef7c99d,60,3600.022,ok,True,True,1.5843775146038943e-05,2.056478066501432e-06,3600.022,3.33666849136353*x0 - 3.33630466461182*x0**3.0 + 9.98110103607178*x1,3.33666849136353*x0 - 3.33630466461182*x0**3.0 + 9.98110103607178*x1,True,12,4
jaxsr,g0033,first_principles_hubble,521,noise005,0.05,iaaccn24,formal3h_13alg_ssr50_seed520-522_noise0-001-005_20260622-014658,jaxsr_s521_noise005_g0033,/home/zhangziwen/workplace/scientific-intelligent-modelling/experiments/formal3h_13alg_ssr50_seed520-522_noise0-001-005_20260622-014658/jaxsr/seed521/tasks/jaxsr_s521_noise005_g0033/iaaccn24/jaxsr/g0033_first_principles_hubble/progress/minute_0060.json,571da912730db7ac1ace5cfa7c71d1c4205ca1a906833a5a7baf5dc948c155e8,60,3600.015,ok,True,True,0.07523988910544945,0.033492086414301216,3600.015,435.015899658203*x0,435.015899658203*x0,True,3,2
jaxsr,g0034,first_principles_leavitt,521,noise005,0.05,iaaccn23,formal3h_13alg_ssr50_seed520-522_noise0-001-005_20260622-014658,jaxsr_s521_noise005_g0034,/home/zhangziwen/workplace/scientific-intelligent-modelling/experiments/formal3h_13alg_ssr50_seed520-522_noise0-001-005_20260622-014658/jaxsr/seed521/tasks/jaxsr_s521_noise005_g0034/iaaccn23/jaxsr/g0034_first_principles_leavitt/progress/minute_0060.json,5e173a0035864341a1a18db457ec7bf90a738e737f6c531aa0d25b15e319b038,60,3600.029,ok,True,True,0.00020942294734594758,0.0012144956182027237,3600.029,-1.46166205406189*x0**2.0 + 0.209187716245651*x0**3.0 + 14.9273252487183,-1.46166205406189*x0**2.0 + 0.209187716245651*x0**3.0 + 14.9273252487183,True,12,4
jaxsr,g0035,feynman-ii.4.23,521,noise005,0.05,iaaccn24,formal3h_13alg_ssr50_seed520-522_noise0-001-005_20260622-014658,jaxsr_s521_noise005_g0035,/home/zhangziwen/workplace/scientific-intelligent-modelling/experiments/formal3h_13alg_ssr50_seed520-522_noise0-001-005_20260622-014658/jaxsr/seed521/tasks/jaxsr_s521_noise005_g0035/iaaccn24/jaxsr/g0035_feynman-ii.4.23/progress/minute_0060.json,0956b738b00fe9f912ee843aa355d2f3a372801acc5872dd0b353066cb8d51aa,60,3600.019,ok,True,True,0.38853326629046936,9.421992016170062,3600.019,x0*(299026120704.0 - 525819904000.0*x1),x0*(299026120704.0 - 525819904000.0*x1),True,7,4
jaxsr,g0036,feynman-iii.7.38,521,noise005,0.05,iaaccn25,formal3h_13alg_ssr50_seed520-522_noise0-001-005_20260622-014658,jaxsr_s521_noise005_g0036,/home/zhangziwen/workplace/scientific-intelligent-modelling/experiments/formal3h_13alg_ssr50_seed520-522_noise0-001-005_20260622-014658/jaxsr/seed521/tasks/jaxsr_s521_noise005_g0036/iaaccn25/jaxsr/g0036_feynman-iii.7.38/progress/minute_0060.json,a18f1b25a8b9dd3dc08d99a37986125b439f322beeaa3d5b094f6f9ba51fbfe0,60,3600.064,ok,True,True,1.0000075834614461,1.0000007593407092,3600.064,3.10732189477403e+20,3.10732189477403e+20,True,1,1
jaxsr,g0037,feynman-i.18.16,521,noise005,0.05,iaaccn29,formal3h_13alg_ssr50_seed520-522_noise0-001-005_20260622-014658,jaxsr_s521_noise005_g0037,/home/zhangziwen/workplace/scientific-intelligent-modelling/experiments/formal3h_13alg_ssr50_seed520-522_noise0-001-005_20260622-014658/jaxsr/seed521/tasks/jaxsr_s521_noise005_g0037/iaaccn29/jaxsr/g0037_feynman-i.18.16/progress/minute_0060.json,4be25a499b097a794ae445c9c29a1e685807e26a5f649645853159f784999ea6,60,3600.028,ok,True,True,0.8799773246712093,1.6380329164025067,3600.028,-1.16952407360077*x0*x4 + 3.17441034317017*x0 - 1.13026857376099*x3*x4 + 3.09505271911621*x3 + 0.0404843837022781*x4**3.0,-1.16952407360077*x0*x4 + 3.17441034317017*x0 - 1.13026857376099*x3*x4 + 3.09505271911621*x3 + 0.0404843837022781*x4**3.0,True,20,4
jaxsr,g0038,feynman-ii.27.18,521,noise005,0.05,iaaccn28,formal3h_13alg_ssr50_seed520-522_noise0-001-005_20260622-014658,jaxsr_s521_noise005_g0038,/home/zhangziwen/workplace/scientific-intelligent-modelling/experiments/formal3h_13alg_ssr50_seed520-522_noise0-001-005_20260622-014658/jaxsr/seed521/tasks/jaxsr_s521_noise005_g0038/iaaccn28/jaxsr/g0038_feynman-ii.27.18/progress/minute_0060.json,a422c8065e2fdf4e23972d07fc6532f005ffc1cb063b09c652323119a175964b,60,3600.01,ok,True,True,1.0,1.0,3600.01,0,0,True,1,1
jaxsr,g0039,feynman-ii.34.11,521,noise005,0.05,iaaccn25,formal3h_13alg_ssr50_seed520-522_noise0-001-005_20260622-014658,jaxsr_s521_noise005_g0039,/home/zhangziwen/workplace/scientific-intelligent-modelling/experiments/formal3h_13alg_ssr50_seed520-522_noise0-001-005_20260622-014658/jaxsr/seed521/tasks/jaxsr_s521_noise005_g0039/iaaccn25/jaxsr/g0039_feynman-ii.34.11/progress/minute_0060.json,1d274cb4be3d332e15aad8b534554f1746f1481210215b61ce2d32a7982e5394,60,3600.084,ok,True,True,0.9978634500971516,1.000291777425098,3600.084,-1.90160865877348e+18*x0*x4,-1.90160865877348e+18*x0*x4,True,4,2
jaxsr,g0040,feynman-i.29.16,521,noise005,0.05,iaaccn24,formal3h_13alg_ssr50_seed520-522_noise0-001-005_20260622-014658,jaxsr_s521_noise005_g0040,/home/zhangziwen/workplace/scientific-intelligent-modelling/experiments/formal3h_13alg_ssr50_seed520-522_noise0-001-005_20260622-014658/jaxsr/seed521/tasks/jaxsr_s521_noise005_g0040/iaaccn24/jaxsr/g0040_feynman-i.29.16/progress/minute_0060.json,8e19a60dcf2e5a6281993adec777bba6fb5467d45ccabaf75fecd914c21d71c2,60,3600.032,ok,True,True,0.06551693174310211,0.1929382165536347,3600.032,-0.0934837386012077*x0*x1 + 0.795236229896545*x0 + 0.0246207788586617*x0**2.0 + 0.776206851005554*x1 + 0.0279419217258692*x1**2.0,-0.0934837386012077*x0*x1 + 0.795236229896545*x0 + 0.0246207788586617*x0**2.0 + 0.776206851005554*x1 + 0.0279419217258692*x1**2.0,True,21,4
jaxsr,g0041,feynman-bonus.20,521,noise005,0.05,iaaccn28,formal3h_13alg_ssr50_seed520-522_noise0-001-005_20260622-014658,jaxsr_s521_noise005_g0041,/home/zhangziwen/workplace/scientific-intelligent-modelling/experiments/formal3h_13alg_ssr50_seed520-522_noise0-001-005_20260622-014658/jaxsr/seed521/tasks/jaxsr_s521_noise005_g0041/iaaccn28/jaxsr/g0041_feynman-bonus.20/progress/minute_0060.json,b30c27abb410e268b615873c048fa09739e745b5dbf957967becfc035edcba62,60,3600.01,ok,True,True,1.0,1.0,3600.01,0,0,True,1,1
jaxsr,g0042,feynman-i.15.3t,521,noise005,0.05,iaaccn22,formal3h_13alg_ssr50_seed520-522_noise0-001-005_20260622-014658,jaxsr_s521_noise005_g0042,/home/zhangziwen/workplace/scientific-intelligent-modelling/experiments/formal3h_13alg_ssr50_seed520-522_noise0-001-005_20260622-014658/jaxsr/seed521/tasks/jaxsr_s521_noise005_g0042/iaaccn22/jaxsr/g0042_feynman-i.15.3t/progress/minute_0060.json,6acb80ceeea0f7695ffee707403118c688c4277e972e8c5594fd7afa73ac426a,60,3600.015,ok,True,True,1.945296362939935e-08,4.793259208106994e-05,3600.015,1.00012397766113*x1,1.00012397766113*x1,True,3,2
jaxsr,g0043,feynman-i.39.22,521,noise005,0.05,iaaccn25,formal3h_13alg_ssr50_seed520-522_noise0-001-005_20260622-014658,jaxsr_s521_noise005_g0043,/home/zhangziwen/workplace/scientific-intelligent-modelling/experiments/formal3h_13alg_ssr50_seed520-522_noise0-001-005_20260622-014658/jaxsr/seed521/tasks/jaxsr_s521_noise005_g0043/iaaccn25/jaxsr/g0043_feynman-i.39.22/progress/minute_0060.json,8c8f7f3c3eec1c6ed5423b9101eb8067f189a3be6ac546811cafbb8426ae75f1,60,3600.03,ok,True,True,0.7646206190679781,2.1396258354306656,3600.03,-2210338816.0*x3*x4 + 1269100.25*x3 - 1369865322496.0*x4 + 3.66575190278144e+15*x4**2.0 - 2.15700679308607e+18*x4**3.0,-2210338816.0*x3*x4 + 1269100.25*x3 - 1369865322496.0*x4 + 3.66575190278144e+15*x4**2.0 - 2.15700679308607e+18*x4**3.0,True,21,4
jaxsr,g0044,feynman-iii.10.19,521,noise005,0.05,iaaccn28,formal3h_13alg_ssr50_seed520-522_noise0-001-005_20260622-014658,jaxsr_s521_noise005_g0044,/home/zhangziwen/workplace/scientific-intelligent-modelling/experiments/formal3h_13alg_ssr50_seed520-522_noise0-001-005_20260622-014658/jaxsr/seed521/tasks/jaxsr_s521_noise005_g0044/iaaccn28/jaxsr/g0044_feynman-iii.10.19/progress/minute_0060.json,0231e3cef45c6dd71397dd88ba48ad2bfe225f80cce0deab00a2fbb43187e563,60,3600.011,ok,True,True,1.0,1.0,3600.011,0,0,True,1,1
jaxsr,g0045,feynman-i.13.12,521,noise005,0.05,iaaccn23,formal3h_13alg_ssr50_seed520-522_noise0-001-005_20260622-014658,jaxsr_s521_noise005_g0045,/home/zhangziwen/workplace/scientific-intelligent-modelling/experiments/formal3h_13alg_ssr50_seed520-522_noise0-001-005_20260622-014658/jaxsr/seed521/tasks/jaxsr_s521_noise005_g0045/iaaccn23/jaxsr/g0045_feynman-i.13.12/progress/minute_0060.json,706ee187a089028394e75cfd476c74052fc901046f16e395a4df781b19fe4e4d,60,3600.035,ok,True,True,0.7296834231597764,0.7123965821662417,3600.035,-8.29569690719012e-10*x0*x2 + 6.12462136562186e-10*x0*x3 - 7.76578468197897e-10*x1*x2 + 6.26076468446257e-10*x1*x3 + 2.70983846473172e-10*x2**3.0,-8.29569690719012e-10*x0*x2 + 6.12462136562186e-10*x0*x3 - 7.76578468197897e-10*x1*x2 + 6.26076468446257e-10*x1*x3 + 2.70983846473172e-10*x2**3.0,True,22,4
jaxsr,g0046,feynman-i.32.5,521,noise005,0.05,iaaccn22,formal3h_13alg_ssr50_seed520-522_noise0-001-005_20260622-014658,jaxsr_s521_noise005_g0046,/home/zhangziwen/workplace/scientific-intelligent-modelling/experiments/formal3h_13alg_ssr50_seed520-522_noise0-001-005_20260622-014658/jaxsr/seed521/tasks/jaxsr_s521_noise005_g0046/iaaccn22/jaxsr/g0046_feynman-i.32.5/progress/minute_0060.json,ed63449a3ef8dca1a76422bb84374834a5e2548afaf520c9536d40c786dfe507,60,3600.019,ok,True,True,0.8181009758138643,0.8515641964556863,3600.019,0.00247927429154515*x0**2.0 - 3.0222558962123e-6,0.00247927429154515*x0**2.0 - 3.0222558962123e-6,True,7,4
jaxsr,g0047,feynman-i.43.31,521,noise005,0.05,iaaccn26,formal3h_13alg_ssr50_seed520-522_noise0-001-005_20260622-014658,jaxsr_s521_noise005_g0047,/home/zhangziwen/workplace/scientific-intelligent-modelling/experiments/formal3h_13alg_ssr50_seed520-522_noise0-001-005_20260622-014658/jaxsr/seed521/tasks/jaxsr_s521_noise005_g0047/iaaccn26/jaxsr/g0047_feynman-i.43.31/progress/minute_0060.json,54c17d1948330a324c5bf64ccd475204e63726e73a23bbe2682f6d4d575827d0,60,3600.011,ok,True,True,1.0,1.0,3600.011,0,0,True,1,1
jaxsr,g0048,feynman-i.11.19,521,noise005,0.05,iaaccn24,formal3h_13alg_ssr50_seed520-522_noise0-001-005_20260622-014658,jaxsr_s521_noise005_g0048,/home/zhangziwen/workplace/scientific-intelligent-modelling/experiments/formal3h_13alg_ssr50_seed520-522_noise0-001-005_20260622-014658/jaxsr/seed521/tasks/jaxsr_s521_noise005_g0048/iaaccn24/jaxsr/g0048_feynman-i.11.19/progress/minute_0060.json,a043238c617bbc2c3dd1822f7ae8893723420e228c08b8b8b95d29aae9d31ca2,60,3600.028,ok,True,True,9.24495608455514e-07,8.797073095345544e-07,3600.028,0.998792290687561*x0*x1 + 0.998883605003357*x2*x3 + 1.00015032291412*x5*x6,0.998792290687561*x0*x1 + 0.998883605003357*x2*x3 + 1.00015032291412*x5*x6,True,13,3
jaxsr,g0049,feynman-ii.34.2a,521,noise005,0.05,iaaccn23,formal3h_13alg_ssr50_seed520-522_noise0-001-005_20260622-014658,jaxsr_s521_noise005_g0049,/home/zhangziwen/workplace/scientific-intelligent-modelling/experiments/formal3h_13alg_ssr50_seed520-522_noise0-001-005_20260622-014658/jaxsr/seed521/tasks/jaxsr_s521_noise005_g0049/iaaccn23/jaxsr/g0049_feynman-ii.34.2a/progress/minute_0060.json,7ffcd1c861e5d3bf51c337d17f94a39fb5a4f6dcec65c98fd5ca3e5d64ab8029,60,3600.019,ok,True,True,0.5785022166685756,2.857226750582636,3600.019,3085053952.0*x1*x3,3085053952.0*x1*x3,True,4,2
jaxsr,g0050,Vladislavleva-4,521,noise005,0.05,iaaccn27,formal3h_13alg_ssr50_seed520-522_noise0-001-005_20260622-014658,jaxsr_s521_noise005_g0050,/home/zhangziwen/workplace/scientific-intelligent-modelling/experiments/formal3h_13alg_ssr50_seed520-522_noise0-001-005_20260622-014658/jaxsr/seed521/tasks/jaxsr_s521_noise005_g0050/iaaccn27/jaxsr/g0050_Vladislavleva-4/progress/minute_0060.json,0743876ab7febfd7e88c737eca22e5730d2408fce00fb3b0b2808b3869716ea4,60,3600.031,ok,True,True,0.08711830014183104,0.09755994894583574,3600.031,0.101161725819111*x3 - 0.00311204511672258*x3**3.0 + 0.112846210598946*x4 - 0.00334420427680016*x4**3.0 + 0.250450968742371,0.101161725819111*x3 - 0.00311204511672258*x3**3.0 + 0.112846210598946*x4 - 0.00334420427680016*x4**3.0 + 0.250450968742371,True,18,4
jaxsr,g0001,Keijzer-11,522,clean,0.0,iaaccn27,formal3h_13alg_ssr50_seed520-522_noise0-001-005_20260622-014658,jaxsr_s522_clean_g0001,/home/zhangziwen/workplace/scientific-intelligent-modelling/experiments/formal3h_13alg_ssr50_seed520-522_noise0-001-005_20260622-014658/jaxsr/seed522/tasks/jaxsr_s522_clean_g0001/iaaccn27/jaxsr/g0001_Keijzer-11/progress/minute_0060.json,b0a7a064a13fd7ac3d54485815b2dc6806e4cb38c87e19b7cd3dcfce7da95a0d,60,3600.063,ok,True,True,0.0717051624589861,0.054402586303501754,3600.063,1.1156450510025*x0*x1 - 0.0387044064700603*x0**3.0,1.1156450510025*x0*x1 - 0.0387044064700603*x0**3.0,True,10,4
jaxsr,g0002,Keijzer-2,522,clean,0.0,iaaccn27,formal3h_13alg_ssr50_seed520-522_noise0-001-005_20260622-014658,jaxsr_s522_clean_g0002,/home/zhangziwen/workplace/scientific-intelligent-modelling/experiments/formal3h_13alg_ssr50_seed520-522_noise0-001-005_20260622-014658/jaxsr/seed522/tasks/jaxsr_s522_clean_g0002/iaaccn27/jaxsr/g0002_Keijzer-2/progress/minute_0060.json,d560e9c6e2f75022a2023af6e0a3e4a7b2db6af616510984922a4cc3b6eae3bd,60,3600.016,ok,True,True,0.8250786194686536,2.314535376115173,3600.016,-0.0507318340241909*x0**2.0,-0.0507318340241909*x0**2.0,True,5,3
jaxsr,g0003,Korns-2,522,clean,0.0,iaaccn29,formal3h_13alg_ssr50_seed520-522_noise0-001-005_20260622-014658,jaxsr_s522_clean_g0003,/home/zhangziwen/workplace/scientific-intelligent-modelling/experiments/formal3h_13alg_ssr50_seed520-522_noise0-001-005_20260622-014658/jaxsr/seed522/tasks/jaxsr_s522_clean_g0003/iaaccn29/jaxsr/g0003_Korns-2/progress/minute_0060.json,c18322e1e8dfa38990258da47b0982231276d70f20ef31bd2265f64276056361,60,3600.014,ok,True,True,1.0072406059600736,1.023105452821622,3600.014,0.0133552681654692*x1*x2,0.0133552681654692*x1*x2,True,4,2
jaxsr,g0004,Korns-4,522,clean,0.0,iaaccn24,formal3h_13alg_ssr50_seed520-522_noise0-001-005_20260622-014658,jaxsr_s522_clean_g0004,/home/zhangziwen/workplace/scientific-intelligent-modelling/experiments/formal3h_13alg_ssr50_seed520-522_noise0-001-005_20260622-014658/jaxsr/seed522/tasks/jaxsr_s522_clean_g0004/iaaccn24/jaxsr/g0004_Korns-4/progress/minute_0060.json,698542fd569342bf763868fb73075c80dd3600bc875f053fe1bbd2b30bfe2c89,60,3600.024,ok,True,True,0.001624954903398537,0.0017347878751051186,3600.024,2.38535940297879e-5*x0*x1 - 2.30233812332153,2.38535940297879e-5*x0*x1 - 2.30233812332153,True,6,3
jaxsr,g0005,BPG3,522,clean,0.0,iaaccn29,formal3h_13alg_ssr50_seed520-522_noise0-001-005_20260622-014658,jaxsr_s522_clean_g0005,/home/zhangziwen/workplace/scientific-intelligent-modelling/experiments/formal3h_13alg_ssr50_seed520-522_noise0-001-005_20260622-014658/jaxsr/seed522/tasks/jaxsr_s522_clean_g0005/iaaccn29/jaxsr/g0005_BPG3/progress/minute_0060.json,cdf764d0694763dea4c9d789a4a2bf75c2328e9ee3267de9946be22b0ad27564,60,3600.029,ok,True,True,6.744070904837912e-12,0.0341931204959589,3600.029,4.25459756314694e-9*x0 - 0.845064342021942*x1 + 0.271491378545761*x1**2.0 - 0.00854129437357187*x1**3.0 - 1.6070850961114e-7,4.25459756314694e-9*x0 - 0.845064342021942*x1 + 0.271491378545761*x1**2.0 - 0.00854129437357187*x1**3.0 - 1.6070850961114e-7,True,18,4
jaxsr,g0006,BPG5,522,clean,0.0,iaaccn27,formal3h_13alg_ssr50_seed520-522_noise0-001-005_20260622-014658,jaxsr_s522_clean_g0006,/home/zhangziwen/workplace/scientific-intelligent-modelling/experiments/formal3h_13alg_ssr50_seed520-522_noise0-001-005_20260622-014658/jaxsr/seed522/tasks/jaxsr_s522_clean_g0006/iaaccn27/jaxsr/g0006_BPG5/progress/minute_0060.json,77abafda963d573f636fb97c39e457556f636ef4dac9b6fbd1f0004269afd3bd,60,3600.029,ok,True,True,3.0321666298616466e-09,2.4053165770150517e-06,3600.029,7.96023746918451e-10*x0**3.0 + 1.04169237613678*x1 - 0.0109400879591703*x1**2.0 - 4.20494536967908e-8*x1**3.0 - 0.0139686316251755,7.96023746918451e-10*x0**3.0 + 1.04169237613678*x1 - 0.0109400879591703*x1**2.0 - 4.20494536967908e-8*x1**3.0 - 0.0139686316251755,True,20,4
jaxsr,g0007,BPG9,522,clean,0.0,iaaccn22,formal3h_13alg_ssr50_seed520-522_noise0-001-005_20260622-014658,jaxsr_s522_clean_g0007,/home/zhangziwen/workplace/scientific-intelligent-modelling/experiments/formal3h_13alg_ssr50_seed520-522_noise0-001-005_20260622-014658/jaxsr/seed522/tasks/jaxsr_s522_clean_g0007/iaaccn22/jaxsr/g0007_BPG9/progress/minute_0060.json,113a941f245e79a45000e9c6bb6996dbdc91781d85bb7be596286bda8b285bf4,60,3600.028,ok,True,True,9.032963747819539e-07,0.00031387663775890476,3600.028,1.67801439410198e-9*x0**3.0 + 0.00341384508647025*x1 + 0.176799133419991*x1**2.0 - 0.016319427639246*x1**3.0 - 0.00127889367286116,1.67801439410198e-9*x0**3.0 + 0.00341384508647025*x1 + 0.176799133419991*x1**2.0 - 0.016319427639246*x1**3.0 - 0.00127889367286116,True,20,4
jaxsr,g0008,CRK0,522,clean,0.0,iaaccn28,formal3h_13alg_ssr50_seed520-522_noise0-001-005_20260622-014658,jaxsr_s522_clean_g0008,/home/zhangziwen/workplace/scientific-intelligent-modelling/experiments/formal3h_13alg_ssr50_seed520-522_noise0-001-005_20260622-014658/jaxsr/seed522/tasks/jaxsr_s522_clean_g0008/iaaccn28/jaxsr/g0008_CRK0/progress/minute_0060.json,f4a5b46a7ee118abd2f4d650406452fb5958bb9d90adeb46bb2cb4bdc6e23c48,60,3600.029,ok,True,True,5.624779167375377e-06,0.0014959624837757183,3600.029,3.45093280884612e-6*x0 - 4.84599915751005e-8*x0**2.0 + 0.21421767771244*x1**2.0 - 0.250243991613388*x1**3.0 + 0.109210498631001,3.45093280884612e-6*x0 - 4.84599915751005e-8*x0**2.0 + 0.21421767771244*x1**2.0 - 0.250243991613388*x1**3.0 + 0.109210498631001,True,20,4
jaxsr,g0009,CRK10,522,clean,0.0,iaaccn27,formal3h_13alg_ssr50_seed520-522_noise0-001-005_20260622-014658,jaxsr_s522_clean_g0009,/home/zhangziwen/workplace/scientific-intelligent-modelling/experiments/formal3h_13alg_ssr50_seed520-522_noise0-001-005_20260622-014658/jaxsr/seed522/tasks/jaxsr_s522_clean_g0009/iaaccn27/jaxsr/g0009_CRK10/progress/minute_0060.json,d2e748069693c875ab8d960d9f93a6ef2e3151e7a1282c514f20fba3e55d0d3a,60,3600.025,ok,True,True,2.472776741355328e-07,4.136465382700926e-06,3600.025,0.522182285785675*x1 - 0.361525058746338*x1**2.0 + 0.0268183164298534*x1**3.0 + 0.0151452803984284,0.522182285785675*x1 - 0.361525058746338*x1**2.0 + 0.0268183164298534*x1**3.0 + 0.0151452803984284,True,15,4
jaxsr,g0010,CRK11,522,clean,0.0,iaaccn24,formal3h_13alg_ssr50_seed520-522_noise0-001-005_20260622-014658,jaxsr_s522_clean_g0010,/home/zhangziwen/workplace/scientific-intelligent-modelling/experiments/formal3h_13alg_ssr50_seed520-522_noise0-001-005_20260622-014658/jaxsr/seed522/tasks/jaxsr_s522_clean_g0010/iaaccn24/jaxsr/g0010_CRK11/progress/minute_0060.json,c1c6ab29224965029bb01a62c0ab227ec0013e26f0bb656e6c7646c645a3c2d4,60,3600.03,ok,True,True,2.0973172527242827e-07,0.00010278430243437516,3600.03,-2.08150074954006e-9*x0**2.0 + 0.664543867111206*x1 - 1.31571018695831*x1**2.0 + 0.124146617949009*x1**3.0 + 0.149198144674301,-2.08150074954006e-9*x0**2.0 + 0.664543867111206*x1 - 1.31571018695831*x1**2.0 + 0.124146617949009*x1**3.0 + 0.149198144674301,True,20,4
jaxsr,g0011,CRK33,522,clean,0.0,iaaccn26,formal3h_13alg_ssr50_seed520-522_noise0-001-005_20260622-014658,jaxsr_s522_clean_g0011,/home/zhangziwen/workplace/scientific-intelligent-modelling/experiments/formal3h_13alg_ssr50_seed520-522_noise0-001-005_20260622-014658/jaxsr/seed522/tasks/jaxsr_s522_clean_g0011/iaaccn26/jaxsr/g0011_CRK33/progress/minute_0060.json,63e09b392d841c5604544d53d43ff1e4fbf01318d2447c174976de35c79cc90b,60,3600.035,ok,True,True,1.5488781982893242e-06,0.0003648083534522545,3600.035,0.52425217628479*x1 - 0.277274459600449*x1**2.0 + 0.0164406504482031*x1**3.0 + 0.0415507592260838,0.52425217628479*x1 - 0.277274459600449*x1**2.0 + 0.0164406504482031*x1**3.0 + 0.0415507592260838,True,15,4
jaxsr,g0012,CRK34,522,clean,0.0,iaaccn26,formal3h_13alg_ssr50_seed520-522_noise0-001-005_20260622-014658,jaxsr_s522_clean_g0012,/home/zhangziwen/workplace/scientific-intelligent-modelling/experiments/formal3h_13alg_ssr50_seed520-522_noise0-001-005_20260622-014658/jaxsr/seed522/tasks/jaxsr_s522_clean_g0012/iaaccn26/jaxsr/g0012_CRK34/progress/minute_0060.json,8a436ab47271ade8c73258f625d3b4e270a2eaebec46e6c81cd6bb8c67d926ed,60,3600.032,ok,True,True,8.443195207035061e-06,0.02653677195100859,3600.032,4.13668749388307e-6*x0 + 0.259944438934326*x1 - 0.188829079270363*x1**2.0 - 0.00214507454074919*x1**3.0 + 0.489656537771225,4.13668749388307e-6*x0 + 0.259944438934326*x1 - 0.188829079270363*x1**2.0 - 0.00214507454074919*x1**3.0 + 0.489656537771225,True,18,4
jaxsr,g0013,I.11.19_4_0,522,clean,0.0,iaaccn29,formal3h_13alg_ssr50_seed520-522_noise0-001-005_20260622-014658,jaxsr_s522_clean_g0013,/home/zhangziwen/workplace/scientific-intelligent-modelling/experiments/formal3h_13alg_ssr50_seed520-522_noise0-001-005_20260622-014658/jaxsr/seed522/tasks/jaxsr_s522_clean_g0013/iaaccn29/jaxsr/g0013_I.11.19_4_0/progress/minute_0060.json,06eacda55a721555a9cf0fa785a4c9178effff7e396973f188892c5ccfeb4182,60,3600.052,ok,True,True,0.030197989941818885,0.1454727700450717,3600.052,0.199344336986542*x0*x2 - 0.971274018287659*x0 + 0.465444713830948*x1*x4 - 0.0586147829890251*x2**3.0 - 0.339373201131821*x3*x5,0.199344336986542*x0*x2 - 0.971274018287659*x0 + 0.465444713830948*x1*x4 - 0.0586147829890251*x2**3.0 - 0.339373201131821*x3*x5,True,21,4
jaxsr,g0014,II.11.27_1_0,522,clean,0.0,iaaccn23,formal3h_13alg_ssr50_seed520-522_noise0-001-005_20260622-014658,jaxsr_s522_clean_g0014,/home/zhangziwen/workplace/scientific-intelligent-modelling/experiments/formal3h_13alg_ssr50_seed520-522_noise0-001-005_20260622-014658/jaxsr/seed522/tasks/jaxsr_s522_clean_g0014/iaaccn23/jaxsr/g0014_II.11.27_1_0/progress/minute_0060.json,7dbf059efe9edc4386e3582dc829565a97dc90bab67b8ae1860aebd04fe521f7,60,3600.054,ok,True,True,0.9875746883684831,1.0042477379539516,3600.054,-32.058895111084*x0*x1 + 21.8636608123779*x0 - 284.549438476563*x1 + 698.611206054688*x1**2.0 - 398.183776855469*x1**3.0,-32.058895111084*x0*x1 + 21.8636608123779*x0 - 284.549438476563*x1 + 698.611206054688*x1**2.0 - 398.183776855469*x1**3.0,True,21,4
jaxsr,g0015,II.34.2_1_0,522,clean,0.0,iaaccn26,formal3h_13alg_ssr50_seed520-522_noise0-001-005_20260622-014658,jaxsr_s522_clean_g0015,/home/zhangziwen/workplace/scientific-intelligent-modelling/experiments/formal3h_13alg_ssr50_seed520-522_noise0-001-005_20260622-014658/jaxsr/seed522/tasks/jaxsr_s522_clean_g0015/iaaccn26/jaxsr/g0015_II.34.2_1_0/progress/minute_0060.json,df8ddd96be2550df17396df70bc00c07631e09845c346946f0a96febd6a177fb,60,3600.058,ok,True,True,0.07343313662116081,0.3948319403087731,3600.057,-0.151856273412704*x0*x1 - 0.124591268599033*x0*x2 + 1.1667366027832*x0 - 0.80601704120636*x1**2.0 + 0.199959203600883*x1**3.0,-0.151856273412704*x0*x1 - 0.124591268599033*x0*x2 + 1.1667366027832*x0 - 0.80601704120636*x1**2.0 + 0.199959203600883*x1**3.0,True,22,4
jaxsr,g0016,II.6.15b_3_0,522,clean,0.0,iaaccn26,formal3h_13alg_ssr50_seed520-522_noise0-001-005_20260622-014658,jaxsr_s522_clean_g0016,/home/zhangziwen/workplace/scientific-intelligent-modelling/experiments/formal3h_13alg_ssr50_seed520-522_noise0-001-005_20260622-014658/jaxsr/seed522/tasks/jaxsr_s522_clean_g0016/iaaccn26/jaxsr/g0016_II.6.15b_3_0/progress/minute_0060.json,1886bdd282306b01c7d3013af4d3b69a50161261f80ee928dbd91696e379ed8a,60,3600.054,ok,True,True,0.18287394064865237,1.4648275056636413,3600.054,1.73187518119812*x0*x1 - 106.27116394043*x0**2.0 - 552.280151367188*x0**3.0 + 0.0901911929249763*x2*x3 + 1.36798417568207,1.73187518119812*x0*x1 - 106.27116394043*x0**2.0 - 552.280151367188*x0**3.0 + 0.0901911929249763*x2*x3 + 1.36798417568207,True,20,4
jaxsr,g0017,III.21.20_3_0,522,clean,0.0,iaaccn26,formal3h_13alg_ssr50_seed520-522_noise0-001-005_20260622-014658,jaxsr_s522_clean_g0017,/home/zhangziwen/workplace/scientific-intelligent-modelling/experiments/formal3h_13alg_ssr50_seed520-522_noise0-001-005_20260622-014658/jaxsr/seed522/tasks/jaxsr_s522_clean_g0017/iaaccn26/jaxsr/g0017_III.21.20_3_0/progress/minute_0060.json,30c8e7985b9d1e59c943dd81e96a3447a94585b71d89ad35aa9d1e035ba632c5,60,3600.087,ok,True,True,0.6530066319829281,0.9999788643744155,3600.087,0.0231861434876919*x0*x1 + 0.0336922071874142*x0*x2 - 1.54746830958175e-5*x0**3.0 + 0.50992339849472*x1*x2 + 0.204066455364227*x2*x3,0.0231861434876919*x0*x1 + 0.0336922071874142*x0*x2 - 1.54746830958175e-5*x0**3.0 + 0.50992339849472*x1*x2 + 0.204066455364227*x2*x3,True,22,4
jaxsr,g0018,MatSci21,522,clean,0.0,iaaccn23,formal3h_13alg_ssr50_seed520-522_noise0-001-005_20260622-014658,jaxsr_s522_clean_g0018,/home/zhangziwen/workplace/scientific-intelligent-modelling/experiments/formal3h_13alg_ssr50_seed520-522_noise0-001-005_20260622-014658/jaxsr/seed522/tasks/jaxsr_s522_clean_g0018/iaaccn23/jaxsr/g0018_MatSci21/progress/minute_0060.json,3e67bd5d9e27eb204da0a258ff718804fb1bfb0a41a72eb917fe61d890933fcb,60,3600.025,ok,True,True,0.0007130054357215717,0.0021953942078226673,3600.025,-47.6311492919922*x0 - 769.539611816406*x0**2.0 + 2268.119140625*x0**3.0,-47.6311492919922*x0 - 769.539611816406*x0**2.0 + 2268.119140625*x0**3.0,True,14,4
jaxsr,g0019,PO19,522,clean,0.0,iaaccn24,formal3h_13alg_ssr50_seed520-522_noise0-001-005_20260622-014658,jaxsr_s522_clean_g0019,/home/zhangziwen/workplace/scientific-intelligent-modelling/experiments/formal3h_13alg_ssr50_seed520-522_noise0-001-005_20260622-014658/jaxsr/seed522/tasks/jaxsr_s522_clean_g0019/iaaccn24/jaxsr/g0019_PO19/progress/minute_0060.json,a4c8386c8a0d6acb2f343fb42a3b3ca5f9423b262e68f5e29dd01a635c451652,60,3600.03,ok,True,True,0.003781258777975785,1.5413922431330902,3600.03,-0.116477131843567*x0*x1 - 1.74947547912598*x0 + 0.778311967849731*x0**3.0 - 0.651777565479279*x2 + 0.117666654288769*x2**3.0,-0.116477131843567*x0*x1 - 1.74947547912598*x0 + 0.778311967849731*x0**3.0 - 0.651777565479279*x2 + 0.117666654288769*x2**3.0,True,21,4
jaxsr,g0020,PO41,522,clean,0.0,iaaccn28,formal3h_13alg_ssr50_seed520-522_noise0-001-005_20260622-014658,jaxsr_s522_clean_g0020,/home/zhangziwen/workplace/scientific-intelligent-modelling/experiments/formal3h_13alg_ssr50_seed520-522_noise0-001-005_20260622-014658/jaxsr/seed522/tasks/jaxsr_s522_clean_g0020/iaaccn28/jaxsr/g0020_PO41/progress/minute_0060.json,a319e085731506cdd339d9b49489c78e8627a79cb2134614d7933bd2c7ee2f74,60,3600.032,ok,True,True,0.001135745118359588,0.10388933693345642,3600.031,-0.0188540499657393*x0*x1 - 0.886235654354095*x0 - 0.176431968808174*x0**2.0 + 0.589042901992798*x0**3.0 - 0.484292328357697*x2,-0.0188540499657393*x0*x1 - 0.886235654354095*x0 - 0.176431968808174*x0**2.0 + 0.589042901992798*x0**3.0 - 0.484292328357697*x2,True,21,4
jaxsr,g0021,Nguyen-12,522,clean,0.0,iaaccn26,formal3h_13alg_ssr50_seed520-522_noise0-001-005_20260622-014658,jaxsr_s522_clean_g0021,/home/zhangziwen/workplace/scientific-intelligent-modelling/experiments/formal3h_13alg_ssr50_seed520-522_noise0-001-005_20260622-014658/jaxsr/seed522/tasks/jaxsr_s522_clean_g0021/iaaccn26/jaxsr/g0021_Nguyen-12/progress/minute_0060.json,398e04ce78396883af8a4d0ddc8be5cc4bf867f83635217b919721f0a297dfb3,60,3600.032,ok,True,True,8.90096232476324e-05,0.00487547739740755,3600.032,0.178654119372368*x0 - 1.03619611263275*x0**2.0 + 0.843241989612579*x0**3.0 - 1.00663042068481*x1 + 0.497395992279053*x1**2.0,0.178654119372368*x0 - 1.03619611263275*x0**2.0 + 0.843241989612579*x0**3.0 - 1.00663042068481*x1 + 0.497395992279053*x1**2.0,True,22,4
jaxsr,g0022,Nguyen-6,522,clean,0.0,iaaccn29,formal3h_13alg_ssr50_seed520-522_noise0-001-005_20260622-014658,jaxsr_s522_clean_g0022,/home/zhangziwen/workplace/scientific-intelligent-modelling/experiments/formal3h_13alg_ssr50_seed520-522_noise0-001-005_20260622-014658/jaxsr/seed522/tasks/jaxsr_s522_clean_g0022/iaaccn29/jaxsr/g0022_Nguyen-6/progress/minute_0060.json,f3deb0c03153130139eb07a84fe08181bd20c333635376df2ddc443000f9393c,60,3600.023,ok,True,True,0.0008624899587433433,0.09312649992966657,3600.023,2.08332848548889*x0 + 0.760847449302673*x0**2.0 - 0.822707533836365*x0**3.0 + 0.0156625974923372,2.08332848548889*x0 + 0.760847449302673*x0**2.0 - 0.822707533836365*x0**3.0 + 0.0156625974923372,True,15,4
jaxsr,g0023,Nguyen-9,522,clean,0.0,iaaccn29,formal3h_13alg_ssr50_seed520-522_noise0-001-005_20260622-014658,jaxsr_s522_clean_g0023,/home/zhangziwen/workplace/scientific-intelligent-modelling/experiments/formal3h_13alg_ssr50_seed520-522_noise0-001-005_20260622-014658/jaxsr/seed522/tasks/jaxsr_s522_clean_g0023/iaaccn29/jaxsr/g0023_Nguyen-9/progress/minute_0060.json,f19b2684fec10cfd37db19440bed90ec9e6baa05b79ec3f9c9368dc6aed96725,60,3600.039,ok,True,True,0.000980989152221207,0.00020467835424483447,3600.039,1.0067275762558*x0 - 0.16522079706192*x0**3.0 - 0.115616858005524*x1 + 1.48638081550598*x1**2.0 - 0.522637605667114*x1**3.0,1.0067275762558*x0 - 0.16522079706192*x0**3.0 - 0.115616858005524*x1 + 1.48638081550598*x1**2.0 - 0.522637605667114*x1**3.0,True,22,4
jaxsr,g0024,feynman_II_15_4,522,clean,0.0,iaaccn22,formal3h_13alg_ssr50_seed520-522_noise0-001-005_20260622-014658,jaxsr_s522_clean_g0024,/home/zhangziwen/workplace/scientific-intelligent-modelling/experiments/formal3h_13alg_ssr50_seed520-522_noise0-001-005_20260622-014658/jaxsr/seed522/tasks/jaxsr_s522_clean_g0024/iaaccn22/jaxsr/g0024_feynman_II_15_4/progress/minute_0060.json,28592073e8cf4e07f80d8a1a32b29d997ab88e4ff8079613cbafd984f529a213,60,3600.037,ok,True,True,0.2870834735072199,2.6442516728208716,3600.037,-0.258922457695007*x0*x1 + 1.25563204288483*x0*x2 - 1.51731753349304*x0 + 0.810859084129333*x1*x2 - 0.198287889361382*x2**3.0,-0.258922457695007*x0*x1 + 1.25563204288483*x0*x2 - 1.51731753349304*x0 + 0.810859084129333*x1*x2 - 0.198287889361382*x2**3.0,True,21,4
jaxsr,g0025,feynman_I_12_11,522,clean,0.0,iaaccn29,formal3h_13alg_ssr50_seed520-522_noise0-001-005_20260622-014658,jaxsr_s522_clean_g0025,/home/zhangziwen/workplace/scientific-intelligent-modelling/experiments/formal3h_13alg_ssr50_seed520-522_noise0-001-005_20260622-014658/jaxsr/seed522/tasks/jaxsr_s522_clean_g0025/iaaccn29/jaxsr/g0025_feynman_I_12_11/progress/minute_0060.json,09b92e1e2659d1e8fa4ef1fcf94529c40bf96c1d48a52e475929fbea9d091a5f,60,3600.032,ok,True,True,0.2680691110315253,0.6451163341130828,3600.032,1.07707524299622*x0*x1 + 78.1370391845703*x4 - 33.3375053405762*x4**2.0 + 3.55212306976318*x4**3.0 - 27.345495223999,1.07707524299622*x0*x1 + 78.1370391845703*x4 - 33.3375053405762*x4**2.0 + 3.55212306976318*x4**3.0 - 27.345495223999,True,19,4
jaxsr,g0026,feynman_I_27_6,522,clean,0.0,iaaccn24,formal3h_13alg_ssr50_seed520-522_noise0-001-005_20260622-014658,jaxsr_s522_clean_g0026,/home/zhangziwen/workplace/scientific-intelligent-modelling/experiments/formal3h_13alg_ssr50_seed520-522_noise0-001-005_20260622-014658/jaxsr/seed522/tasks/jaxsr_s522_clean_g0026/iaaccn24/jaxsr/g0026_feynman_I_27_6/progress/minute_0060.json,faff49c102e84a11a70e4b96140b131726f65afd98edb456ac80f156bf036de2,60,3600.028,ok,True,True,0.011729341688831982,0.05830301812977007,3600.028,0.0157378427684307*x0*x1 - 0.0405619442462921*x0*x2 + 0.179840058088303*x0 - 0.0271361414343119*x1*x2 + 0.231612324714661*x1,0.0157378427684307*x0*x1 - 0.0405619442462921*x0*x2 + 0.179840058088303*x0 - 0.0271361414343119*x1*x2 + 0.231612324714661*x1,True,19,3
jaxsr,g0027,feynman_test_15,522,clean,0.0,iaaccn25,formal3h_13alg_ssr50_seed520-522_noise0-001-005_20260622-014658,jaxsr_s522_clean_g0027,/home/zhangziwen/workplace/scientific-intelligent-modelling/experiments/formal3h_13alg_ssr50_seed520-522_noise0-001-005_20260622-014658/jaxsr/seed522/tasks/jaxsr_s522_clean_g0027/iaaccn25/jaxsr/g0027_feynman_test_15/progress/minute_0060.json,31b96f6b15acf006c0172e4c04027807a0549bf609450c11e41e69ceb1af175a,60,3600.317,ok,True,True,0.009013107793937707,0.09518550692171385,3600.316,1.00788223743439*x2 + 0.647812962532043*x3 - 0.0541581250727177*x3**2.0 - 0.00922257360070944*x3**3.0 - 0.793863952159882,1.00788223743439*x2 + 0.647812962532043*x3 - 0.0541581250727177*x3**2.0 - 0.00922257360070944*x3**3.0 - 0.793863952159882,True,18,4
jaxsr,g0028,strogatz_barmag1,522,clean,0.0,iaaccn27,formal3h_13alg_ssr50_seed520-522_noise0-001-005_20260622-014658,jaxsr_s522_clean_g0028,/home/zhangziwen/workplace/scientific-intelligent-modelling/experiments/formal3h_13alg_ssr50_seed520-522_noise0-001-005_20260622-014658/jaxsr/seed522/tasks/jaxsr_s522_clean_g0028/iaaccn27/jaxsr/g0028_strogatz_barmag1/progress/minute_0060.json,cd1e1e7cacfd95541071a241002ff99f2b7cfba0b2bc045e51577f213071534b,60,3600.024,ok,True,True,0.012377569622440314,0.3019821942834689,3600.024,-0.00538833346217871*x0**3.0 + 0.181859284639359*x1 - 0.0252028200775385*x1**2.0 + 1.04593431949615,-0.00538833346217871*x0**3.0 + 0.181859284639359*x1 - 0.0252028200775385*x1**2.0 + 1.04593431949615,True,15,4
jaxsr,g0029,strogatz_barmag2,522,clean,0.0,iaaccn27,formal3h_13alg_ssr50_seed520-522_noise0-001-005_20260622-014658,jaxsr_s522_clean_g0029,/home/zhangziwen/workplace/scientific-intelligent-modelling/experiments/formal3h_13alg_ssr50_seed520-522_noise0-001-005_20260622-014658/jaxsr/seed522/tasks/jaxsr_s522_clean_g0029/iaaccn27/jaxsr/g0029_strogatz_barmag2/progress/minute_0060.json,bea57dc8f52f77fd2d2a8ba2b2cc7b4e7b5df2dacc854ab77798d36bc68e2191,60,3600.027,ok,True,True,0.11238487698246913,3.670261444226248,3600.027,-0.0661517083644867*x0*x1 - 1.1944922208786*x1 + 0.586409330368042*x1**2.0 - 0.0543228834867477*x1**3.0 + 0.545166730880737,-0.0661517083644867*x0*x1 - 1.1944922208786*x1 + 0.586409330368042*x1**2.0 - 0.0543228834867477*x1**3.0 + 0.545166730880737,True,19,4
jaxsr,g0030,strogatz_predprey2,522,clean,0.0,iaaccn25,formal3h_13alg_ssr50_seed520-522_noise0-001-005_20260622-014658,jaxsr_s522_clean_g0030,/home/zhangziwen/workplace/scientific-intelligent-modelling/experiments/formal3h_13alg_ssr50_seed520-522_noise0-001-005_20260622-014658/jaxsr/seed522/tasks/jaxsr_s522_clean_g0030/iaaccn25/jaxsr/g0030_strogatz_predprey2/progress/minute_0060.json,493493c6f24387e03fdecf99dd8d5e920d51b6e906100210f834ad2ae3e5f5e7,60,3600.111,ok,True,True,0.023376555941825486,0.4089337360472419,3600.11,0.180763229727745*x0*x1 + 1.31295335292816*x0 - 0.350212693214417*x0**2.0 - 0.0843667611479759*x1 - 0.0500693246722221*x1**2.0,0.180763229727745*x0*x1 + 1.31295335292816*x0 - 0.350212693214417*x0**2.0 - 0.0843667611479759*x1 - 0.0500693246722221*x1**2.0,True,21,4
jaxsr,g0031,strogatz_shearflow1,522,clean,0.0,iaaccn24,formal3h_13alg_ssr50_seed520-522_noise0-001-005_20260622-014658,jaxsr_s522_clean_g0031,/home/zhangziwen/workplace/scientific-intelligent-modelling/experiments/formal3h_13alg_ssr50_seed520-522_noise0-001-005_20260622-014658/jaxsr/seed522/tasks/jaxsr_s522_clean_g0031/iaaccn24/jaxsr/g0031_strogatz_shearflow1/progress/minute_0060.json,a1fde53b99c4d38d92d4997f0cb924ab4202ffd47154db17abeeaa81d4497eed,60,3600.026,ok,True,True,0.7191722494424623,2.847750827015543,3600.026,0.0239493660628796*x0**2.0 - 0.0972259119153023*x1 + 0.270510911941528*x1**2.0 + 0.00130394217558205*x1**3.0 - 0.990524172782898,0.0239493660628796*x0**2.0 - 0.0972259119153023*x1 + 0.270510911941528*x1**2.0 + 0.00130394217558205*x1**3.0 - 0.990524172782898,True,20,4
jaxsr,g0032,strogatz_vdp1,522,clean,0.0,iaaccn22,formal3h_13alg_ssr50_seed520-522_noise0-001-005_20260622-014658,jaxsr_s522_clean_g0032,/home/zhangziwen/workplace/scientific-intelligent-modelling/experiments/formal3h_13alg_ssr50_seed520-522_noise0-001-005_20260622-014658/jaxsr/seed522/tasks/jaxsr_s522_clean_g0032/iaaccn22/jaxsr/g0032_strogatz_vdp1/progress/minute_0060.json,61796fa599bc998f5ec35a71b2bc1c4a309fde056c8f8d5fa7e86d93726e9481,60,3600.022,ok,True,True,3.4183687204057724e-12,3.1359618525051078e-12,3600.022,3.33334159851074*x0 - 3.33333992958069*x0**3.0 + 10.0000143051147*x1,3.33334159851074*x0 - 3.33333992958069*x0**3.0 + 10.0000143051147*x1,True,12,4
jaxsr,g0033,first_principles_hubble,522,clean,0.0,iaaccn26,formal3h_13alg_ssr50_seed520-522_noise0-001-005_20260622-014658,jaxsr_s522_clean_g0033,/home/zhangziwen/workplace/scientific-intelligent-modelling/experiments/formal3h_13alg_ssr50_seed520-522_noise0-001-005_20260622-014658/jaxsr/seed522/tasks/jaxsr_s522_clean_g0033/iaaccn26/jaxsr/g0033_first_principles_hubble/progress/minute_0060.json,44b3b94fab48ba7258db6033fd1efba449d8a6e3082156890837c7bbcb7d0a4f,60,3600.017,ok,True,True,0.0392450114835146,0.08850425583914218,3600.017,554.309387207031*x0 - 49.1684417724609*x0**3.0,554.309387207031*x0 - 49.1684417724609*x0**3.0,True,9,4
jaxsr,g0034,first_principles_leavitt,522,clean,0.0,iaaccn25,formal3h_13alg_ssr50_seed520-522_noise0-001-005_20260622-014658,jaxsr_s522_clean_g0034,/home/zhangziwen/workplace/scientific-intelligent-modelling/experiments/formal3h_13alg_ssr50_seed520-522_noise0-001-005_20260622-014658/jaxsr/seed522/tasks/jaxsr_s522_clean_g0034/iaaccn25/jaxsr/g0034_first_principles_leavitt/progress/minute_0060.json,f9b8d97e234fbae8ea87320c70300dda7a1eecddf99f6c5221cc406410d60c33,60,3600.105,ok,True,True,0.00019600824086508158,0.0011063024062377821,3600.104,-1.52427113056183*x0**2.0 + 0.241664677858353*x0**3.0 + 14.9434108734131,-1.52427113056183*x0**2.0 + 0.241664677858353*x0**3.0 + 14.9434108734131,True,12,4
jaxsr,g0035,feynman-ii.4.23,522,clean,0.0,iaaccn27,formal3h_13alg_ssr50_seed520-522_noise0-001-005_20260622-014658,jaxsr_s522_clean_g0035,/home/zhangziwen/workplace/scientific-intelligent-modelling/experiments/formal3h_13alg_ssr50_seed520-522_noise0-001-005_20260622-014658/jaxsr/seed522/tasks/jaxsr_s522_clean_g0035/iaaccn27/jaxsr/g0035_feynman-ii.4.23/progress/minute_0060.json,11d59aaac483dc6f78b761748582e5b1809b17b12f076d8af5b9edbf1a5b57a3,60,3600.02,ok,True,True,0.388592665343138,9.35454000236564,3600.02,x0*(298905403392.0 - 524687048704.0*x1),x0*(298905403392.0 - 524687048704.0*x1),True,7,4
jaxsr,g0036,feynman-iii.7.38,522,clean,0.0,iaaccn23,formal3h_13alg_ssr50_seed520-522_noise0-001-005_20260622-014658,jaxsr_s522_clean_g0036,/home/zhangziwen/workplace/scientific-intelligent-modelling/experiments/formal3h_13alg_ssr50_seed520-522_noise0-001-005_20260622-014658/jaxsr/seed522/tasks/jaxsr_s522_clean_g0036/iaaccn23/jaxsr/g0036_feynman-iii.7.38/progress/minute_0060.json,469c38f34ec3af119583dc665202f972c6e495f31b06c8bce6c821de76dbe460,60,3600.017,ok,True,True,3.4708950409947844e-13,3.47080553502637e-13,3600.017,1.89652327362718e+34*x0*x1 - 742788220059648.0,1.89652327362718e+34*x0*x1 - 742788220059648.0,True,6,3
jaxsr,g0037,feynman-i.18.16,522,clean,0.0,iaaccn28,formal3h_13alg_ssr50_seed520-522_noise0-001-005_20260622-014658,jaxsr_s522_clean_g0037,/home/zhangziwen/workplace/scientific-intelligent-modelling/experiments/formal3h_13alg_ssr50_seed520-522_noise0-001-005_20260622-014658/jaxsr/seed522/tasks/jaxsr_s522_clean_g0037/iaaccn28/jaxsr/g0037_feynman-i.18.16/progress/minute_0060.json,3c0969f9db1b58bec8e876e226988199d938707c6510c5d01cf2fe1dbfaf78a5,60,3600.032,ok,True,True,0.8798633866375098,1.6390688346658675,3600.032,-1.17404043674469*x0*x4 + 3.18637919425964*x0 - 1.12955594062805*x3*x4 + 3.0950243473053*x3 + 0.0406905971467495*x4**3.0,-1.17404043674469*x0*x4 + 3.18637919425964*x0 - 1.12955594062805*x3*x4 + 3.0950243473053*x3 + 0.0406905971467495*x4**3.0,True,20,4
jaxsr,g0038,feynman-ii.27.18,522,clean,0.0,iaaccn24,formal3h_13alg_ssr50_seed520-522_noise0-001-005_20260622-014658,jaxsr_s522_clean_g0038,/home/zhangziwen/workplace/scientific-intelligent-modelling/experiments/formal3h_13alg_ssr50_seed520-522_noise0-001-005_20260622-014658/jaxsr/seed522/tasks/jaxsr_s522_clean_g0038/iaaccn24/jaxsr/g0038_feynman-ii.27.18/progress/minute_0060.json,9c1cc3377e17ef0fa4b125bf98ae635d1f92bc12e7474da2b2e2e06347331b1d,60,3600.011,ok,True,True,1.0,1.0,3600.011,0,0,True,1,1
jaxsr,g0039,feynman-ii.34.11,522,clean,0.0,iaaccn23,formal3h_13alg_ssr50_seed520-522_noise0-001-005_20260622-014658,jaxsr_s522_clean_g0039,/home/zhangziwen/workplace/scientific-intelligent-modelling/experiments/formal3h_13alg_ssr50_seed520-522_noise0-001-005_20260622-014658/jaxsr/seed522/tasks/jaxsr_s522_clean_g0039/iaaccn23/jaxsr/g0039_feynman-ii.34.11/progress/minute_0060.json,f906978ec1cebab7db6aeebc98edff765102a92fe553f51b240b0c8f9766bba9,60,3600.016,ok,True,True,0.9978857476018306,1.000286485672999,3600.016,-1.87349785730299e+18*x0*x4,-1.87349785730299e+18*x0*x4,True,4,2
jaxsr,g0040,feynman-i.29.16,522,clean,0.0,iaaccn29,formal3h_13alg_ssr50_seed520-522_noise0-001-005_20260622-014658,jaxsr_s522_clean_g0040,/home/zhangziwen/workplace/scientific-intelligent-modelling/experiments/formal3h_13alg_ssr50_seed520-522_noise0-001-005_20260622-014658/jaxsr/seed522/tasks/jaxsr_s522_clean_g0040/iaaccn29/jaxsr/g0040_feynman-i.29.16/progress/minute_0060.json,60e01e8e2e9514cb721ba0ae8acb6ec2203ca916162004af7e5f43f0d0ee598f,60,3600.028,ok,True,True,0.06556244840566512,0.19180692596969737,3600.028,-0.0933654755353928*x0*x1 + 0.793472409248352*x0 + 0.024866072461009*x0**2.0 + 0.777275562286377*x1 + 0.0278660263866186*x1**2.0,-0.0933654755353928*x0*x1 + 0.793472409248352*x0 + 0.024866072461009*x0**2.0 + 0.777275562286377*x1 + 0.0278660263866186*x1**2.0,True,21,4
jaxsr,g0041,feynman-bonus.20,522,clean,0.0,iaaccn24,formal3h_13alg_ssr50_seed520-522_noise0-001-005_20260622-014658,jaxsr_s522_clean_g0041,/home/zhangziwen/workplace/scientific-intelligent-modelling/experiments/formal3h_13alg_ssr50_seed520-522_noise0-001-005_20260622-014658/jaxsr/seed522/tasks/jaxsr_s522_clean_g0041/iaaccn24/jaxsr/g0041_feynman-bonus.20/progress/minute_0060.json,0e91383b02008a790ff7802377184ba4c5bf8b63812841dc536c4c56bf61016c,60,3600.01,ok,True,True,1.0,1.0,3600.01,0,0,True,1,1
jaxsr,g0042,feynman-i.15.3t,522,clean,0.0,iaaccn29,formal3h_13alg_ssr50_seed520-522_noise0-001-005_20260622-014658,jaxsr_s522_clean_g0042,/home/zhangziwen/workplace/scientific-intelligent-modelling/experiments/formal3h_13alg_ssr50_seed520-522_noise0-001-005_20260622-014658/jaxsr/seed522/tasks/jaxsr_s522_clean_g0042/iaaccn29/jaxsr/g0042_feynman-i.15.3t/progress/minute_0060.json,81acc3dd8ecc72cdcdb1bb5f9117c5c668b900ce33093d59216952b94a2a70dc,60,3600.015,ok,True,True,1.7016976824457704e-08,4.876242148801861e-05,3600.015,1.00006306171417*x1 - 1.37516076303967e-9,1.00006306171417*x1 - 1.37516076303967e-9,True,5,3
jaxsr,g0043,feynman-i.39.22,522,clean,0.0,iaaccn25,formal3h_13alg_ssr50_seed520-522_noise0-001-005_20260622-014658,jaxsr_s522_clean_g0043,/home/zhangziwen/workplace/scientific-intelligent-modelling/experiments/formal3h_13alg_ssr50_seed520-522_noise0-001-005_20260622-014658/jaxsr/seed522/tasks/jaxsr_s522_clean_g0043/iaaccn25/jaxsr/g0043_feynman-i.39.22/progress/minute_0060.json,1480956935ee76d3f04ebff628cc1317a81742c65b123507dfb090d22ccae292,60,3600.205,ok,True,True,0.7646284017323293,2.153222063827406,3600.204,-2211874048.0*x3*x4 + 1269576.75*x3 - 1374904123392.0*x4 + 3.69323513007309e+15*x4**2.0 - 2.18169206608023e+18*x4**3.0,-2211874048.0*x3*x4 + 1269576.75*x3 - 1374904123392.0*x4 + 3.69323513007309e+15*x4**2.0 - 2.18169206608023e+18*x4**3.0,True,21,4
jaxsr,g0044,feynman-iii.10.19,522,clean,0.0,iaaccn23,formal3h_13alg_ssr50_seed520-522_noise0-001-005_20260622-014658,jaxsr_s522_clean_g0044,/home/zhangziwen/workplace/scientific-intelligent-modelling/experiments/formal3h_13alg_ssr50_seed520-522_noise0-001-005_20260622-014658/jaxsr/seed522/tasks/jaxsr_s522_clean_g0044/iaaccn23/jaxsr/g0044_feynman-iii.10.19/progress/minute_0060.json,e9e30483a6617b0b2e61009b6a980eabdd1df4392544b91b49ebdcf92afd975b,60,3600.011,ok,True,True,1.0,1.0,3600.011,0,0,True,1,1
jaxsr,g0045,feynman-i.13.12,522,clean,0.0,iaaccn29,formal3h_13alg_ssr50_seed520-522_noise0-001-005_20260622-014658,jaxsr_s522_clean_g0045,/home/zhangziwen/workplace/scientific-intelligent-modelling/experiments/formal3h_13alg_ssr50_seed520-522_noise0-001-005_20260622-014658/jaxsr/seed522/tasks/jaxsr_s522_clean_g0045/iaaccn29/jaxsr/g0045_feynman-i.13.12/progress/minute_0060.json,964aa1bfe8d24ed8d0ab5fbd8ae04a617b2df708e939f27e80400aeefda784d7,60,3600.03,ok,True,True,0.7296001151193167,0.7122458480054212,3600.03,-8.30305213472826e-10*x0*x2 + 6.12296657820366e-10*x0*x3 - 7.76589070827782e-10*x1*x2 + 6.27193741387089e-10*x1*x3 + 2.70158256876485e-10*x2**3.0,-8.30305213472826e-10*x0*x2 + 6.12296657820366e-10*x0*x3 - 7.76589070827782e-10*x1*x2 + 6.27193741387089e-10*x1*x3 + 2.70158256876485e-10*x2**3.0,True,22,4
jaxsr,g0046,feynman-i.32.5,522,clean,0.0,iaaccn26,formal3h_13alg_ssr50_seed520-522_noise0-001-005_20260622-014658,jaxsr_s522_clean_g0046,/home/zhangziwen/workplace/scientific-intelligent-modelling/experiments/formal3h_13alg_ssr50_seed520-522_noise0-001-005_20260622-014658/jaxsr/seed522/tasks/jaxsr_s522_clean_g0046/iaaccn26/jaxsr/g0046_feynman-i.32.5/progress/minute_0060.json,0f1bd8ebb9a95eebdce7ff4e5d8a8014eab8dc17fc2b6a416d2231068f775ff8,60,3600.018,ok,True,True,0.8185763408374275,0.8514495794032686,3600.018,0.00248223356902599*x0**2.0 - 3.03716819871624e-6,0.00248223356902599*x0**2.0 - 3.03716819871624e-6,True,7,4
jaxsr,g0047,feynman-i.43.31,522,clean,0.0,iaaccn23,formal3h_13alg_ssr50_seed520-522_noise0-001-005_20260622-014658,jaxsr_s522_clean_g0047,/home/zhangziwen/workplace/scientific-intelligent-modelling/experiments/formal3h_13alg_ssr50_seed520-522_noise0-001-005_20260622-014658/jaxsr/seed522/tasks/jaxsr_s522_clean_g0047/iaaccn23/jaxsr/g0047_feynman-i.43.31/progress/minute_0060.json,d34e6cf9ebdcaf8528fb0f3a8683966e2ae40c1a0c0d9451bff40fb92498621e,60,3600.011,ok,True,True,1.0,1.0,3600.011,0,0,True,1,1
jaxsr,g0048,feynman-i.11.19,522,clean,0.0,iaaccn25,formal3h_13alg_ssr50_seed520-522_noise0-001-005_20260622-014658,jaxsr_s522_clean_g0048,/home/zhangziwen/workplace/scientific-intelligent-modelling/experiments/formal3h_13alg_ssr50_seed520-522_noise0-001-005_20260622-014658/jaxsr/seed522/tasks/jaxsr_s522_clean_g0048/iaaccn25/jaxsr/g0048_feynman-i.11.19/progress/minute_0060.json,b79f19a785ab82ffa2bde30392973d70420684d875172cf9cdfc62f80be66f2c,60,3600.164,ok,True,True,6.934929769669323e-15,5.662617497121939e-15,3600.163,0.999999940395355*x0*x1 + 1.0*x2*x3 + 1.00000011920929*x5*x6,0.999999940395355*x0*x1 + 1.0*x2*x3 + 1.00000011920929*x5*x6,True,13,3
jaxsr,g0049,feynman-ii.34.2a,522,clean,0.0,iaaccn29,formal3h_13alg_ssr50_seed520-522_noise0-001-005_20260622-014658,jaxsr_s522_clean_g0049,/home/zhangziwen/workplace/scientific-intelligent-modelling/experiments/formal3h_13alg_ssr50_seed520-522_noise0-001-005_20260622-014658/jaxsr/seed522/tasks/jaxsr_s522_clean_g0049/iaaccn29/jaxsr/g0049_feynman-ii.34.2a/progress/minute_0060.json,56c5f2da97d457595b17f04a9dde7f13c918fa38642cd696b4e8d6d77fb6bf9d,60,3600.015,ok,True,True,0.5784816300405436,2.858795721563098,3600.015,3086179584.0*x1*x3,3086179584.0*x1*x3,True,4,2
jaxsr,g0050,Vladislavleva-4,522,clean,0.0,iaaccn26,formal3h_13alg_ssr50_seed520-522_noise0-001-005_20260622-014658,jaxsr_s522_clean_g0050,/home/zhangziwen/workplace/scientific-intelligent-modelling/experiments/formal3h_13alg_ssr50_seed520-522_noise0-001-005_20260622-014658/jaxsr/seed522/tasks/jaxsr_s522_clean_g0050/iaaccn26/jaxsr/g0050_Vladislavleva-4/progress/minute_0060.json,2ae391eec9b8e8c7ed166d8345a6e619f6258f757ede24ab335122cb6dbf4bc7,60,3600.027,ok,True,True,0.08711317666160812,0.09757151171483534,3600.027,0.101125031709671*x3 - 0.00310258148238063*x3**3.0 + 0.112637832760811*x4 - 0.00333972810767591*x4**3.0 + 0.251041561365128,0.101125031709671*x3 - 0.00310258148238063*x3**3.0 + 0.112637832760811*x4 - 0.00333972810767591*x4**3.0 + 0.251041561365128,True,18,4
jaxsr,g0001,Keijzer-11,522,noise001,0.01,iaaccn24,formal3h_13alg_ssr50_seed520-522_noise0-001-005_20260622-014658,jaxsr_s522_noise001_g0001,/home/zhangziwen/workplace/scientific-intelligent-modelling/experiments/formal3h_13alg_ssr50_seed520-522_noise0-001-005_20260622-014658/jaxsr/seed522/tasks/jaxsr_s522_noise001_g0001/iaaccn24/jaxsr/g0001_Keijzer-11/progress/minute_0060.json,93b9e651b74e4bd64c87acaf26ad9f46dca9d8b052cbac4572840ab088e7b06b,60,3600.104,ok,True,True,0.07324413249443237,0.056805573903273975,3600.103,1.1175981760025*x0*x1 - 0.0400672480463982*x0**3.0,1.1175981760025*x0*x1 - 0.0400672480463982*x0**3.0,True,10,4
jaxsr,g0002,Keijzer-2,522,noise001,0.01,iaaccn23,formal3h_13alg_ssr50_seed520-522_noise0-001-005_20260622-014658,jaxsr_s522_noise001_g0002,/home/zhangziwen/workplace/scientific-intelligent-modelling/experiments/formal3h_13alg_ssr50_seed520-522_noise0-001-005_20260622-014658/jaxsr/seed522/tasks/jaxsr_s522_noise001_g0002/iaaccn23/jaxsr/g0002_Keijzer-2/progress/minute_0060.json,eb5a5ab15233a88a17b1bdd034dd4f2153a8928cc216a3dce97c737bb04bbb61,60,3600.018,ok,True,True,0.8252501367308149,2.3069915938652357,3600.018,-0.0504954680800438*x0**2.0,-0.0504954680800438*x0**2.0,True,5,3
jaxsr,g0003,Korns-2,522,noise001,0.01,iaaccn22,formal3h_13alg_ssr50_seed520-522_noise0-001-005_20260622-014658,jaxsr_s522_noise001_g0003,/home/zhangziwen/workplace/scientific-intelligent-modelling/experiments/formal3h_13alg_ssr50_seed520-522_noise0-001-005_20260622-014658/jaxsr/seed522/tasks/jaxsr_s522_noise001_g0003/iaaccn22/jaxsr/g0003_Korns-2/progress/minute_0060.json,5da5f83996bff92f058dda47776d9108055d1e422b849b1d38119f4c8787ab0c,60,3600.014,ok,True,True,1.0072818613299506,1.0231668417169544,3600.014,0.0133713213726878*x1*x2,0.0133713213726878*x1*x2,True,4,2
jaxsr,g0004,Korns-4,522,noise001,0.01,iaaccn27,formal3h_13alg_ssr50_seed520-522_noise0-001-005_20260622-014658,jaxsr_s522_noise001_g0004,/home/zhangziwen/workplace/scientific-intelligent-modelling/experiments/formal3h_13alg_ssr50_seed520-522_noise0-001-005_20260622-014658/jaxsr/seed522/tasks/jaxsr_s522_noise001_g0004/iaaccn27/jaxsr/g0004_Korns-4/progress/minute_0060.json,a60051430bfb3a6efa502b413f7f9dddef0f93bf0c35d37d4b4907465a6c47c3,60,3600.01,ok,True,True,0.0015256291684043802,0.001621815853829123,3600.01,-2.30098414421082,-2.30098414421082,True,1,1
jaxsr,g0005,BPG3,522,noise001,0.01,iaaccn23,formal3h_13alg_ssr50_seed520-522_noise0-001-005_20260622-014658,jaxsr_s522_noise001_g0005,/home/zhangziwen/workplace/scientific-intelligent-modelling/experiments/formal3h_13alg_ssr50_seed520-522_noise0-001-005_20260622-014658/jaxsr/seed522/tasks/jaxsr_s522_noise001_g0005/iaaccn23/jaxsr/g0005_BPG3/progress/minute_0060.json,076b05a53838411fada172dd38f6efc33195df60ccda7bfac5e190b7f70734b8,60,3600.029,ok,True,True,1.2330180193896966e-07,0.021112321433716257,3600.029,-0.00231967703439295*x0*x1 - 0.83386093378067*x1 + 0.254292130470276*x1**2.0,-0.00231967703439295*x0*x1 - 0.83386093378067*x1 + 0.254292130470276*x1**2.0,True,13,4
jaxsr,g0006,BPG5,522,noise001,0.01,iaaccn22,formal3h_13alg_ssr50_seed520-522_noise0-001-005_20260622-014658,jaxsr_s522_noise001_g0006,/home/zhangziwen/workplace/scientific-intelligent-modelling/experiments/formal3h_13alg_ssr50_seed520-522_noise0-001-005_20260622-014658/jaxsr/seed522/tasks/jaxsr_s522_noise001_g0006/iaaccn22/jaxsr/g0006_BPG5/progress/minute_0060.json,22b3d3b726031582b173077e49faffee04ea1c54428d21448d8b94ef46b8ec0b,60,3600.028,ok,True,True,9.156409257460121e-08,6.594806183908886e-06,3600.028,1.04079508781433*x1 - 0.0109208915382624*x1**2.0 - 1.5519155738275e-7*x1**3.0 - 0.00495709758251905,1.04079508781433*x1 - 0.0109208915382624*x1**2.0 - 1.5519155738275e-7*x1**3.0 - 0.00495709758251905,True,15,4
jaxsr,g0007,BPG9,522,noise001,0.01,iaaccn27,formal3h_13alg_ssr50_seed520-522_noise0-001-005_20260622-014658,jaxsr_s522_noise001_g0007,/home/zhangziwen/workplace/scientific-intelligent-modelling/experiments/formal3h_13alg_ssr50_seed520-522_noise0-001-005_20260622-014658/jaxsr/seed522/tasks/jaxsr_s522_noise001_g0007/iaaccn27/jaxsr/g0007_BPG9/progress/minute_0060.json,5a94f2fe35e726ef1fbe068dd9d8d3523661fbc53b734a75375b3d2fdfb6bd82,60,3600.035,ok,True,True,1.5285193364255467e-06,0.006009191090445623,3600.035,5.15796161337789e-9*x0**3.0 + 0.0025943114887923*x1 + 0.17704339325428*x1**2.0 - 0.016335329040885*x1**3.0 - 0.000912205199711025,5.15796161337789e-9*x0**3.0 + 0.0025943114887923*x1 + 0.17704339325428*x1**2.0 - 0.016335329040885*x1**3.0 - 0.000912205199711025,True,20,4
jaxsr,g0008,CRK0,522,noise001,0.01,iaaccn24,formal3h_13alg_ssr50_seed520-522_noise0-001-005_20260622-014658,jaxsr_s522_noise001_g0008,/home/zhangziwen/workplace/scientific-intelligent-modelling/experiments/formal3h_13alg_ssr50_seed520-522_noise0-001-005_20260622-014658/jaxsr/seed522/tasks/jaxsr_s522_noise001_g0008/iaaccn24/jaxsr/g0008_CRK0/progress/minute_0060.json,6cff52552f35fa1ca3a009d2d8bd4198d1380e3db98b4d3129a8dd3399596aa3,60,3600.029,ok,True,True,5.779543326017831e-06,0.004797976937953455,3600.029,3.65695882464934e-6*x0 - 5.5142084676163e-8*x0**2.0 + 0.213277608156204*x1**2.0 - 0.249678298830986*x1**3.0 + 0.109590202569962,3.65695882464934e-6*x0 - 5.5142084676163e-8*x0**2.0 + 0.213277608156204*x1**2.0 - 0.249678298830986*x1**3.0 + 0.109590202569962,True,20,4
jaxsr,g0009,CRK10,522,noise001,0.01,iaaccn22,formal3h_13alg_ssr50_seed520-522_noise0-001-005_20260622-014658,jaxsr_s522_noise001_g0009,/home/zhangziwen/workplace/scientific-intelligent-modelling/experiments/formal3h_13alg_ssr50_seed520-522_noise0-001-005_20260622-014658/jaxsr/seed522/tasks/jaxsr_s522_noise001_g0009/iaaccn22/jaxsr/g0009_CRK10/progress/minute_0060.json,e22a67839fdc0106a563398036a569a62d397653c550fe00cc641a3b2292db0d,60,3600.022,ok,True,True,2.423427904917381e-07,0.002122456448005211,3600.021,0.512399971485138*x1 - 0.354515075683594*x1**2.0 + 0.0251581482589245*x1**3.0 + 0.0196557603776455,0.512399971485138*x1 - 0.354515075683594*x1**2.0 + 0.0251581482589245*x1**3.0 + 0.0196557603776455,True,15,4
jaxsr,g0010,CRK11,522,noise001,0.01,iaaccn22,formal3h_13alg_ssr50_seed520-522_noise0-001-005_20260622-014658,jaxsr_s522_noise001_g0010,/home/zhangziwen/workplace/scientific-intelligent-modelling/experiments/formal3h_13alg_ssr50_seed520-522_noise0-001-005_20260622-014658/jaxsr/seed522/tasks/jaxsr_s522_noise001_g0010/iaaccn22/jaxsr/g0010_CRK11/progress/minute_0060.json,e74929678e89fe27343139c28ac5b25111da8649ef19ab355a3fdf7f00020598,60,3600.035,ok,True,True,6.916980339689401e-07,0.0009104486216504677,3600.035,-1.80396741988886e-9*x0**2.0 + 0.688412189483643*x1 - 1.3483589887619*x1**2.0 + 0.138737753033638*x1**3.0 + 0.143500834703445,-1.80396741988886e-9*x0**2.0 + 0.688412189483643*x1 - 1.3483589887619*x1**2.0 + 0.138737753033638*x1**3.0 + 0.143500834703445,True,20,4
jaxsr,g0011,CRK33,522,noise001,0.01,iaaccn27,formal3h_13alg_ssr50_seed520-522_noise0-001-005_20260622-014658,jaxsr_s522_noise001_g0011,/home/zhangziwen/workplace/scientific-intelligent-modelling/experiments/formal3h_13alg_ssr50_seed520-522_noise0-001-005_20260622-014658/jaxsr/seed522/tasks/jaxsr_s522_noise001_g0011/iaaccn27/jaxsr/g0011_CRK33/progress/minute_0060.json,950a996936218ca2d0838afe6f60472dad7b588382950732ed0f425046ad67c4,60,3600.028,ok,True,True,1.963906970182818e-06,0.0005333016377181239,3600.028,0.519556820392609*x1 - 0.274622291326523*x1**2.0 + 0.0159577559679747*x1**3.0 + 0.0441887713968754,0.519556820392609*x1 - 0.274622291326523*x1**2.0 + 0.0159577559679747*x1**3.0 + 0.0441887713968754,True,15,4
jaxsr,g0012,CRK34,522,noise001,0.01,iaaccn24,formal3h_13alg_ssr50_seed520-522_noise0-001-005_20260622-014658,jaxsr_s522_noise001_g0012,/home/zhangziwen/workplace/scientific-intelligent-modelling/experiments/formal3h_13alg_ssr50_seed520-522_noise0-001-005_20260622-014658/jaxsr/seed522/tasks/jaxsr_s522_noise001_g0012/iaaccn24/jaxsr/g0012_CRK34/progress/minute_0060.json,b95cac0fd9b697011b67f0a0d5624b08328dfa2042c977fa2ceb3fb82eb81b7d,60,3600.031,ok,True,True,8.989634705006578e-06,0.05083789304469554,3600.03,4.62335674455971e-6*x0 + 0.256024390459061*x1 - 0.186658799648285*x1**2.0 - 0.00254554324783385*x1**3.0 + 0.492100775241852,4.62335674455971e-6*x0 + 0.256024390459061*x1 - 0.186658799648285*x1**2.0 - 0.00254554324783385*x1**3.0 + 0.492100775241852,True,18,4
jaxsr,g0013,I.11.19_4_0,522,noise001,0.01,iaaccn23,formal3h_13alg_ssr50_seed520-522_noise0-001-005_20260622-014658,jaxsr_s522_noise001_g0013,/home/zhangziwen/workplace/scientific-intelligent-modelling/experiments/formal3h_13alg_ssr50_seed520-522_noise0-001-005_20260622-014658/jaxsr/seed522/tasks/jaxsr_s522_noise001_g0013/iaaccn23/jaxsr/g0013_I.11.19_4_0/progress/minute_0060.json,0af62a9bd4c1a9a953899212474a41d020d8118888fd8ac2ae167782de9070e8,60,3600.049,ok,True,True,0.03019812990578174,0.14546969735510543,3600.049,0.199339404702187*x0*x2 - 0.971261918544769*x0 + 0.46546283364296*x1*x4 - 0.0586145594716072*x2**3.0 - 0.339415222406387*x3*x5,0.199339404702187*x0*x2 - 0.971261918544769*x0 + 0.46546283364296*x1*x4 - 0.0586145594716072*x2**3.0 - 0.339415222406387*x3*x5,True,21,4
jaxsr,g0014,II.11.27_1_0,522,noise001,0.01,iaaccn27,formal3h_13alg_ssr50_seed520-522_noise0-001-005_20260622-014658,jaxsr_s522_noise001_g0014,/home/zhangziwen/workplace/scientific-intelligent-modelling/experiments/formal3h_13alg_ssr50_seed520-522_noise0-001-005_20260622-014658/jaxsr/seed522/tasks/jaxsr_s522_noise001_g0014/iaaccn27/jaxsr/g0014_II.11.27_1_0/progress/minute_0060.json,a5645986d1accb29ed7c118482319554283ca5a87de71dc52254758eb6537dbc,60,3600.052,ok,True,True,0.9875750887566671,1.0042460120222942,3600.052,-32.0493240356445*x0*x1 + 21.8582019805908*x0 - 284.401763916016*x1 + 698.043640136719*x1**2.0 - 397.713012695313*x1**3.0,-32.0493240356445*x0*x1 + 21.8582019805908*x0 - 284.401763916016*x1 + 698.043640136719*x1**2.0 - 397.713012695313*x1**3.0,True,21,4
jaxsr,g0015,II.34.2_1_0,522,noise001,0.01,iaaccn23,formal3h_13alg_ssr50_seed520-522_noise0-001-005_20260622-014658,jaxsr_s522_noise001_g0015,/home/zhangziwen/workplace/scientific-intelligent-modelling/experiments/formal3h_13alg_ssr50_seed520-522_noise0-001-005_20260622-014658/jaxsr/seed522/tasks/jaxsr_s522_noise001_g0015/iaaccn23/jaxsr/g0015_II.34.2_1_0/progress/minute_0060.json,4e55df1b781b74b6e134a7727155d168b48f2b6c6291a07222f3eb2b5990a880,60,3600.052,ok,True,True,0.07343321868577123,0.3948136966188335,3600.052,-0.151867896318436*x0*x1 - 0.124590687453747*x0*x2 + 1.16678583621979*x0 - 0.80651330947876*x1**2.0 + 0.200086951255798*x1**3.0,-0.151867896318436*x0*x1 - 0.124590687453747*x0*x2 + 1.16678583621979*x0 - 0.80651330947876*x1**2.0 + 0.200086951255798*x1**3.0,True,22,4
jaxsr,g0016,II.6.15b_3_0,522,noise001,0.01,iaaccn22,formal3h_13alg_ssr50_seed520-522_noise0-001-005_20260622-014658,jaxsr_s522_noise001_g0016,/home/zhangziwen/workplace/scientific-intelligent-modelling/experiments/formal3h_13alg_ssr50_seed520-522_noise0-001-005_20260622-014658/jaxsr/seed522/tasks/jaxsr_s522_noise001_g0016/iaaccn22/jaxsr/g0016_II.6.15b_3_0/progress/minute_0060.json,d04acafa388bf70d6615435a5306c2e4215b4b19fcd8ba233c4bd7b0a782f7ee,60,3600.05,ok,True,True,0.18287415274815655,1.464943695701481,3600.05,1.73219621181488*x0*x1 - 106.279205322266*x0**2.0 - 552.330810546875*x0**3.0 + 0.0901937037706375*x2*x3 + 1.36802542209625,1.73219621181488*x0*x1 - 106.279205322266*x0**2.0 - 552.330810546875*x0**3.0 + 0.0901937037706375*x2*x3 + 1.36802542209625,True,20,4
jaxsr,g0017,III.21.20_3_0,522,noise001,0.01,iaaccn22,formal3h_13alg_ssr50_seed520-522_noise0-001-005_20260622-014658,jaxsr_s522_noise001_g0017,/home/zhangziwen/workplace/scientific-intelligent-modelling/experiments/formal3h_13alg_ssr50_seed520-522_noise0-001-005_20260622-014658/jaxsr/seed522/tasks/jaxsr_s522_noise001_g0017/iaaccn22/jaxsr/g0017_III.21.20_3_0/progress/minute_0060.json,af6c92194335e0a22ad88c0c62fce1c4353559415616d41e709185a23a3fa99f,60,3600.061,ok,True,True,0.6530045145258628,0.9999788661903115,3600.06,0.0231808833777905*x0*x1 + 0.0336881726980209*x0*x2 - 1.54706340254052e-5*x0**3.0 + 0.509841978549957*x1*x2 + 0.204079031944275*x2*x3,0.0231808833777905*x0*x1 + 0.0336881726980209*x0*x2 - 1.54706340254052e-5*x0**3.0 + 0.509841978549957*x1*x2 + 0.204079031944275*x2*x3,True,22,4
jaxsr,g0018,MatSci21,522,noise001,0.01,iaaccn25,formal3h_13alg_ssr50_seed520-522_noise0-001-005_20260622-014658,jaxsr_s522_noise001_g0018,/home/zhangziwen/workplace/scientific-intelligent-modelling/experiments/formal3h_13alg_ssr50_seed520-522_noise0-001-005_20260622-014658/jaxsr/seed522/tasks/jaxsr_s522_noise001_g0018/iaaccn25/jaxsr/g0018_MatSci21/progress/minute_0060.json,dc76550f64a3d224a9cd8642a829bf36119c5043e93167fdab77e99a634ec343,60,3600.222,ok,True,True,0.0007128640794765749,0.0021954575638830406,3600.22,-47.5970878601074*x0 - 769.706298828125*x0**2.0 + 2268.30493164063*x0**3.0,-47.5970878601074*x0 - 769.706298828125*x0**2.0 + 2268.30493164063*x0**3.0,True,14,4
jaxsr,g0019,PO19,522,noise001,0.01,iaaccn25,formal3h_13alg_ssr50_seed520-522_noise0-001-005_20260622-014658,jaxsr_s522_noise001_g0019,/home/zhangziwen/workplace/scientific-intelligent-modelling/experiments/formal3h_13alg_ssr50_seed520-522_noise0-001-005_20260622-014658/jaxsr/seed522/tasks/jaxsr_s522_noise001_g0019/iaaccn25/jaxsr/g0019_PO19/progress/minute_0060.json,235668e493cb9038ca72224e474869b51c4b3aec6cd088365140e29dbdd55513,60,3600.04,ok,True,True,0.003775800102067085,1.5295884127784385,3600.039,-0.116121985018253*x0*x1 - 1.75011134147644*x0 + 0.778839588165283*x0**3.0 - 0.651682436466217*x2 + 0.116995558142662*x2**3.0,-0.116121985018253*x0*x1 - 1.75011134147644*x0 + 0.778839588165283*x0**3.0 - 0.651682436466217*x2 + 0.116995558142662*x2**3.0,True,21,4
jaxsr,g0020,PO41,522,noise001,0.01,iaaccn29,formal3h_13alg_ssr50_seed520-522_noise0-001-005_20260622-014658,jaxsr_s522_noise001_g0020,/home/zhangziwen/workplace/scientific-intelligent-modelling/experiments/formal3h_13alg_ssr50_seed520-522_noise0-001-005_20260622-014658/jaxsr/seed522/tasks/jaxsr_s522_noise001_g0020/iaaccn29/jaxsr/g0020_PO41/progress/minute_0060.json,5526395c19b6ce66f3d05277b3674a7ccf81b7d3f668617365555860a44a2dfa,60,3600.028,ok,True,True,0.0011353985555900168,0.10384280310657804,3600.028,-0.0188457015901804*x0*x1 - 0.886456191539764*x0 - 0.176946625113487*x0**2.0 + 0.58994072675705*x0**3.0 - 0.484340280294418*x2,-0.0188457015901804*x0*x1 - 0.886456191539764*x0 - 0.176946625113487*x0**2.0 + 0.58994072675705*x0**3.0 - 0.484340280294418*x2,True,21,4
jaxsr,g0021,Nguyen-12,522,noise001,0.01,iaaccn25,formal3h_13alg_ssr50_seed520-522_noise0-001-005_20260622-014658,jaxsr_s522_noise001_g0021,/home/zhangziwen/workplace/scientific-intelligent-modelling/experiments/formal3h_13alg_ssr50_seed520-522_noise0-001-005_20260622-014658/jaxsr/seed522/tasks/jaxsr_s522_noise001_g0021/iaaccn25/jaxsr/g0021_Nguyen-12/progress/minute_0060.json,d56cd0be794aab5744ee9adbb4020af7d824a557f5eeaab3245f2c1fb3342e27,60,3600.085,ok,True,True,0.00010657574584449695,0.0042259053944780495,3600.084,0.1799136698246*x0 - 1.04471874237061*x0**2.0 + 0.853973805904388*x0**3.0 - 1.00640261173248*x1 + 0.494672030210495*x1**2.0,0.1799136698246*x0 - 1.04471874237061*x0**2.0 + 0.853973805904388*x0**3.0 - 1.00640261173248*x1 + 0.494672030210495*x1**2.0,True,22,4
jaxsr,g0022,Nguyen-6,522,noise001,0.01,iaaccn28,formal3h_13alg_ssr50_seed520-522_noise0-001-005_20260622-014658,jaxsr_s522_noise001_g0022,/home/zhangziwen/workplace/scientific-intelligent-modelling/experiments/formal3h_13alg_ssr50_seed520-522_noise0-001-005_20260622-014658/jaxsr/seed522/tasks/jaxsr_s522_noise001_g0022/iaaccn28/jaxsr/g0022_Nguyen-6/progress/minute_0060.json,2706782b8cb411bda489eb1648353bff4897d205b0e59bc0ee9a33d0b240fafd,60,3600.019,ok,True,True,0.0006818765263016471,0.10809124033730041,3600.019,2.07498955726624*x0 + 0.791482388973236*x0**2.0 - 0.81885826587677*x0**3.0 + 0.0139237623661757,2.07498955726624*x0 + 0.791482388973236*x0**2.0 - 0.81885826587677*x0**3.0 + 0.0139237623661757,True,15,4
jaxsr,g0023,Nguyen-9,522,noise001,0.01,iaaccn25,formal3h_13alg_ssr50_seed520-522_noise0-001-005_20260622-014658,jaxsr_s522_noise001_g0023,/home/zhangziwen/workplace/scientific-intelligent-modelling/experiments/formal3h_13alg_ssr50_seed520-522_noise0-001-005_20260622-014658/jaxsr/seed522/tasks/jaxsr_s522_noise001_g0023/iaaccn25/jaxsr/g0023_Nguyen-9/progress/minute_0060.json,dbaf08a2e72fef6d13a54df9943166071f3042e907d1392a099305230f0c9123,60,3600.029,ok,True,True,0.0004828159191124171,0.00028443660273852223,3600.029,1.0018869638443*x0 - 0.163162425160408*x0**3.0 - 0.0905852019786835*x1 + 1.41896629333496*x1**2.0 - 0.475546389818192*x1**3.0,1.0018869638443*x0 - 0.163162425160408*x0**3.0 - 0.0905852019786835*x1 + 1.41896629333496*x1**2.0 - 0.475546389818192*x1**3.0,True,22,4
jaxsr,g0024,feynman_II_15_4,522,noise001,0.01,iaaccn22,formal3h_13alg_ssr50_seed520-522_noise0-001-005_20260622-014658,jaxsr_s522_noise001_g0024,/home/zhangziwen/workplace/scientific-intelligent-modelling/experiments/formal3h_13alg_ssr50_seed520-522_noise0-001-005_20260622-014658/jaxsr/seed522/tasks/jaxsr_s522_noise001_g0024/iaaccn22/jaxsr/g0024_feynman_II_15_4/progress/minute_0060.json,8b2b101eb63b0edc9a83a386b74eac828122cc3d534d7741f42aa38b5d55c9ed,60,3600.038,ok,True,True,0.2870831114717835,2.6441629919384626,3600.038,-0.259009480476379*x0*x1 + 1.25564908981323*x0*x2 - 1.51709794998169*x0 + 0.810877501964569*x1*x2 - 0.198287263512611*x2**3.0,-0.259009480476379*x0*x1 + 1.25564908981323*x0*x2 - 1.51709794998169*x0 + 0.810877501964569*x1*x2 - 0.198287263512611*x2**3.0,True,21,4
jaxsr,g0025,feynman_I_12_11,522,noise001,0.01,iaaccn25,formal3h_13alg_ssr50_seed520-522_noise0-001-005_20260622-014658,jaxsr_s522_noise001_g0025,/home/zhangziwen/workplace/scientific-intelligent-modelling/experiments/formal3h_13alg_ssr50_seed520-522_noise0-001-005_20260622-014658/jaxsr/seed522/tasks/jaxsr_s522_noise001_g0025/iaaccn25/jaxsr/g0025_feynman_I_12_11/progress/minute_0060.json,503ac89835c1317192370ff288a5c0ac9d1466c7598fe0d8ab1f55af6407b4ba,60,3600.106,ok,True,True,0.26806769552370446,0.6451068416230382,3600.106,1.07709503173828*x0*x1 + 78.1014938354492*x4 - 33.3257102966309*x4**2.0 + 3.55094337463379*x4**3.0 - 27.3137283325195,1.07709503173828*x0*x1 + 78.1014938354492*x4 - 33.3257102966309*x4**2.0 + 3.55094337463379*x4**3.0 - 27.3137283325195,True,19,4
jaxsr,g0026,feynman_I_27_6,522,noise001,0.01,iaaccn28,formal3h_13alg_ssr50_seed520-522_noise0-001-005_20260622-014658,jaxsr_s522_noise001_g0026,/home/zhangziwen/workplace/scientific-intelligent-modelling/experiments/formal3h_13alg_ssr50_seed520-522_noise0-001-005_20260622-014658/jaxsr/seed522/tasks/jaxsr_s522_noise001_g0026/iaaccn28/jaxsr/g0026_feynman_I_27_6/progress/minute_0060.json,cb8d1ebb7fe58995f824f1f5ed149b675c7f92a3f04e593e94b1ed9b05166da0,60,3600.031,ok,True,True,0.011729113125947044,0.05830030997557834,3600.031,0.0157342795282602*x0*x1 - 0.0405739769339561*x0*x2 + 0.179892852902412*x0 - 0.027120653539896*x1*x2 + 0.231556221842766*x1,0.0157342795282602*x0*x1 - 0.0405739769339561*x0*x2 + 0.179892852902412*x0 - 0.027120653539896*x1*x2 + 0.231556221842766*x1,True,19,3
jaxsr,g0027,feynman_test_15,522,noise001,0.01,iaaccn22,formal3h_13alg_ssr50_seed520-522_noise0-001-005_20260622-014658,jaxsr_s522_noise001_g0027,/home/zhangziwen/workplace/scientific-intelligent-modelling/experiments/formal3h_13alg_ssr50_seed520-522_noise0-001-005_20260622-014658/jaxsr/seed522/tasks/jaxsr_s522_noise001_g0027/iaaccn22/jaxsr/g0027_feynman_test_15/progress/minute_0060.json,2029aea7989000a0768edb93116b5677ec2a8249e243cab8dd813c5490f1a9c4,60,3600.037,ok,True,True,0.00901320920874237,0.09518759487149127,3600.037,1.00786626338959*x2 + 0.646828830242157*x3 - 0.0537739433348179*x3**2.0 - 0.00926436763256788*x3**3.0 - 0.793206870555878,1.00786626338959*x2 + 0.646828830242157*x3 - 0.0537739433348179*x3**2.0 - 0.00926436763256788*x3**3.0 - 0.793206870555878,True,18,4
jaxsr,g0028,strogatz_barmag1,522,noise001,0.01,iaaccn26,formal3h_13alg_ssr50_seed520-522_noise0-001-005_20260622-014658,jaxsr_s522_noise001_g0028,/home/zhangziwen/workplace/scientific-intelligent-modelling/experiments/formal3h_13alg_ssr50_seed520-522_noise0-001-005_20260622-014658/jaxsr/seed522/tasks/jaxsr_s522_noise001_g0028/iaaccn26/jaxsr/g0028_strogatz_barmag1/progress/minute_0060.json,1bc492f533aa68b42cfe2ad6182bd057d635401861538af0f79608c440c31a97,60,3600.025,ok,True,True,0.012389707210382527,0.3022373646259612,3600.025,-0.00538990227505565*x0**3.0 + 0.18202069401741*x1 - 0.0252263769507408*x1**2.0 + 1.04610526561737,-0.00538990227505565*x0**3.0 + 0.18202069401741*x1 - 0.0252263769507408*x1**2.0 + 1.04610526561737,True,15,4
jaxsr,g0029,strogatz_barmag2,522,noise001,0.01,iaaccn27,formal3h_13alg_ssr50_seed520-522_noise0-001-005_20260622-014658,jaxsr_s522_noise001_g0029,/home/zhangziwen/workplace/scientific-intelligent-modelling/experiments/formal3h_13alg_ssr50_seed520-522_noise0-001-005_20260622-014658/jaxsr/seed522/tasks/jaxsr_s522_noise001_g0029/iaaccn27/jaxsr/g0029_strogatz_barmag2/progress/minute_0060.json,b02114eaf891c8844c7175d252b655c87d5ebdcf5fcf3488ac86715d389d6a8c,60,3600.031,ok,True,True,0.11278849321165012,3.7074663802854,3600.031,-0.0665809065103531*x0*x1 - 1.18957078456879*x1 + 0.585251271724701*x1**2.0 - 0.0541979074478149*x1**3.0 + 0.544233441352844,-0.0665809065103531*x0*x1 - 1.18957078456879*x1 + 0.585251271724701*x1**2.0 - 0.0541979074478149*x1**3.0 + 0.544233441352844,True,19,4
jaxsr,g0030,strogatz_predprey2,522,noise001,0.01,iaaccn24,formal3h_13alg_ssr50_seed520-522_noise0-001-005_20260622-014658,jaxsr_s522_noise001_g0030,/home/zhangziwen/workplace/scientific-intelligent-modelling/experiments/formal3h_13alg_ssr50_seed520-522_noise0-001-005_20260622-014658/jaxsr/seed522/tasks/jaxsr_s522_noise001_g0030/iaaccn24/jaxsr/g0030_strogatz_predprey2/progress/minute_0060.json,f65b4619a02c8c970a508bd313b5f59bf06c8a5be84162f070d20af42cb2f327,60,3600.039,ok,True,True,0.023301818488839623,0.4092629570244052,3600.039,0.180534422397614*x0*x1 + 1.3170120716095*x0 - 0.350818574428558*x0**2.0 - 0.0844268873333931*x1 - 0.0500767379999161*x1**2.0,0.180534422397614*x0*x1 + 1.3170120716095*x0 - 0.350818574428558*x0**2.0 - 0.0844268873333931*x1 - 0.0500767379999161*x1**2.0,True,21,4
jaxsr,g0031,strogatz_shearflow1,522,noise001,0.01,iaaccn23,formal3h_13alg_ssr50_seed520-522_noise0-001-005_20260622-014658,jaxsr_s522_noise001_g0031,/home/zhangziwen/workplace/scientific-intelligent-modelling/experiments/formal3h_13alg_ssr50_seed520-522_noise0-001-005_20260622-014658/jaxsr/seed522/tasks/jaxsr_s522_noise001_g0031/iaaccn23/jaxsr/g0031_strogatz_shearflow1/progress/minute_0060.json,355ea26b1468dbdf4204dd5f5a258ca63a0954ad771785ca5c01e07b39d3da8c,60,3600.026,ok,True,True,0.7187011781268228,2.8473414327268456,3600.026,0.0240399520844221*x0**2.0 - 0.0978521108627319*x1 + 0.27053102850914*x1**2.0 + 0.00140091928187758*x1**3.0 - 0.992005348205566,0.0240399520844221*x0**2.0 - 0.0978521108627319*x1 + 0.27053102850914*x1**2.0 + 0.00140091928187758*x1**3.0 - 0.992005348205566,True,20,4
jaxsr,g0032,strogatz_vdp1,522,noise001,0.01,iaaccn26,formal3h_13alg_ssr50_seed520-522_noise0-001-005_20260622-014658,jaxsr_s522_noise001_g0032,/home/zhangziwen/workplace/scientific-intelligent-modelling/experiments/formal3h_13alg_ssr50_seed520-522_noise0-001-005_20260622-014658/jaxsr/seed522/tasks/jaxsr_s522_noise001_g0032/iaaccn26/jaxsr/g0032_strogatz_vdp1/progress/minute_0060.json,b29fc23f0f60a1bde7812fdb1fbba5adf758df3e09c399d0bc9604cf87a2ec4b,60,3600.021,ok,True,True,2.4654684820592996e-07,4.951725767910244e-08,3600.021,3.33408856391907*x0 - 3.33300375938416*x0**3.0 + 9.99846267700195*x1,3.33408856391907*x0 - 3.33300375938416*x0**3.0 + 9.99846267700195*x1,True,12,4
jaxsr,g0033,first_principles_hubble,522,noise001,0.01,iaaccn29,formal3h_13alg_ssr50_seed520-522_noise0-001-005_20260622-014658,jaxsr_s522_noise001_g0033,/home/zhangziwen/workplace/scientific-intelligent-modelling/experiments/formal3h_13alg_ssr50_seed520-522_noise0-001-005_20260622-014658/jaxsr/seed522/tasks/jaxsr_s522_noise001_g0033/iaaccn29/jaxsr/g0033_first_principles_hubble/progress/minute_0060.json,458b11685c73c4bbac673266c121ee7c779b4dfd77b94229f15759f26ef50419,60,3600.02,ok,True,True,0.03921687125896138,0.08907471526218073,3600.02,555.577697753906*x0 - 49.6202774047852*x0**3.0,555.577697753906*x0 - 49.6202774047852*x0**3.0,True,9,4
jaxsr,g0034,first_principles_leavitt,522,noise001,0.01,iaaccn25,formal3h_13alg_ssr50_seed520-522_noise0-001-005_20260622-014658,jaxsr_s522_noise001_g0034,/home/zhangziwen/workplace/scientific-intelligent-modelling/experiments/formal3h_13alg_ssr50_seed520-522_noise0-001-005_20260622-014658/jaxsr/seed522/tasks/jaxsr_s522_noise001_g0034/iaaccn25/jaxsr/g0034_first_principles_leavitt/progress/minute_0060.json,4f97ce8aaef46a3ad00bbad20e22622eabd44858cc0436bfc88bf8f64b7fdf60,60,3600.695,ok,True,True,0.00020067681401840764,0.0010861060897101116,3600.692,-1.53550815582275*x0**2.0 + 0.247898936271667*x0**3.0 + 14.9420032501221,-1.53550815582275*x0**2.0 + 0.247898936271667*x0**3.0 + 14.9420032501221,True,12,4
jaxsr,g0035,feynman-ii.4.23,522,noise001,0.01,iaaccn22,formal3h_13alg_ssr50_seed520-522_noise0-001-005_20260622-014658,jaxsr_s522_noise001_g0035,/home/zhangziwen/workplace/scientific-intelligent-modelling/experiments/formal3h_13alg_ssr50_seed520-522_noise0-001-005_20260622-014658/jaxsr/seed522/tasks/jaxsr_s522_noise001_g0035/iaaccn22/jaxsr/g0035_feynman-ii.4.23/progress/minute_0060.json,a75b254f720250ab745b7cfc85db1c8b5ca76e93224a059c33795ebf2fee5160,60,3600.028,ok,True,True,0.38861919231620046,9.347180195795376,3600.028,x0*(298834001920.0 - 524510855168.0*x1),x0*(298834001920.0 - 524510855168.0*x1),True,7,4
jaxsr,g0036,feynman-iii.7.38,522,noise001,0.01,iaaccn26,formal3h_13alg_ssr50_seed520-522_noise0-001-005_20260622-014658,jaxsr_s522_noise001_g0036,/home/zhangziwen/workplace/scientific-intelligent-modelling/experiments/formal3h_13alg_ssr50_seed520-522_noise0-001-005_20260622-014658/jaxsr/seed522/tasks/jaxsr_s522_noise001_g0036/iaaccn26/jaxsr/g0036_feynman-iii.7.38/progress/minute_0060.json,663ae33c82cdde4b9e46f91a03908ec0390b914d8e2e4ec4e732218aa42c92d3,60,3600.011,ok,True,True,1.000010785045238,1.0000009816446613,3600.011,4.01565571836816e+20,4.01565571836816e+20,True,1,1
jaxsr,g0037,feynman-i.18.16,522,noise001,0.01,iaaccn25,formal3h_13alg_ssr50_seed520-522_noise0-001-005_20260622-014658,jaxsr_s522_noise001_g0037,/home/zhangziwen/workplace/scientific-intelligent-modelling/experiments/formal3h_13alg_ssr50_seed520-522_noise0-001-005_20260622-014658/jaxsr/seed522/tasks/jaxsr_s522_noise001_g0037/iaaccn25/jaxsr/g0037_feynman-i.18.16/progress/minute_0060.json,538360e308187a33f318c05197adf1703bab64286598f0d26541c4c25af770c3,60,3600.216,ok,True,True,0.8798778591648581,1.6389451083584294,3600.215,-1.17331421375275*x0*x4 + 3.18167090415955*x0 - 1.13007628917694*x3*x4 + 3.09847068786621*x3 + 0.0407354943454266*x4**3.0,-1.17331421375275*x0*x4 + 3.18167090415955*x0 - 1.13007628917694*x3*x4 + 3.09847068786621*x3 + 0.0407354943454266*x4**3.0,True,20,4
jaxsr,g0038,feynman-ii.27.18,522,noise001,0.01,iaaccn24,formal3h_13alg_ssr50_seed520-522_noise0-001-005_20260622-014658,jaxsr_s522_noise001_g0038,/home/zhangziwen/workplace/scientific-intelligent-modelling/experiments/formal3h_13alg_ssr50_seed520-522_noise0-001-005_20260622-014658/jaxsr/seed522/tasks/jaxsr_s522_noise001_g0038/iaaccn24/jaxsr/g0038_feynman-ii.27.18/progress/minute_0060.json,f53178f552c2960c08eef0c6fd6654c5686885a1b71b6c11ef221441d751763b,60,3600.025,ok,True,True,1.0,1.0,3600.024,0,0,True,1,1
jaxsr,g0039,feynman-ii.34.11,522,noise001,0.01,iaaccn25,formal3h_13alg_ssr50_seed520-522_noise0-001-005_20260622-014658,jaxsr_s522_noise001_g0039,/home/zhangziwen/workplace/scientific-intelligent-modelling/experiments/formal3h_13alg_ssr50_seed520-522_noise0-001-005_20260622-014658/jaxsr/seed522/tasks/jaxsr_s522_noise001_g0039/iaaccn25/jaxsr/g0039_feynman-ii.34.11/progress/minute_0060.json,d7cfc52f9c9931bed10691514e4add5201fdd3725bfc2088437e8eff4aa09987,60,3601.34,ok,True,True,0.997891005482774,1.0002852516353642,3601.332,-1.86691989155086e+18*x0*x4,-1.86691989155086e+18*x0*x4,True,4,2
jaxsr,g0040,feynman-i.29.16,522,noise001,0.01,iaaccn29,formal3h_13alg_ssr50_seed520-522_noise0-001-005_20260622-014658,jaxsr_s522_noise001_g0040,/home/zhangziwen/workplace/scientific-intelligent-modelling/experiments/formal3h_13alg_ssr50_seed520-522_noise0-001-005_20260622-014658/jaxsr/seed522/tasks/jaxsr_s522_noise001_g0040/iaaccn29/jaxsr/g0040_feynman-i.29.16/progress/minute_0060.json,83348449b3ae8d21c473130c2297962ba7cc64c0b8a22bd0dfde598c85d9437a,60,3600.037,ok,True,True,0.0655585009676368,0.19196048229542553,3600.037,-0.0933725014328957*x0*x1 + 0.793798923492432*x0 + 0.0248249527066946*x0**2.0 + 0.777232468128204*x1 + 0.0278585441410542*x1**2.0,-0.0933725014328957*x0*x1 + 0.793798923492432*x0 + 0.0248249527066946*x0**2.0 + 0.777232468128204*x1 + 0.0278585441410542*x1**2.0,True,21,4
jaxsr,g0041,feynman-bonus.20,522,noise001,0.01,iaaccn26,formal3h_13alg_ssr50_seed520-522_noise0-001-005_20260622-014658,jaxsr_s522_noise001_g0041,/home/zhangziwen/workplace/scientific-intelligent-modelling/experiments/formal3h_13alg_ssr50_seed520-522_noise0-001-005_20260622-014658/jaxsr/seed522/tasks/jaxsr_s522_noise001_g0041/iaaccn26/jaxsr/g0041_feynman-bonus.20/progress/minute_0060.json,0e6f97ac6317bb7d533044a88bc4038456e1b5e41a8a96a16d7405bf5971bbd0,60,3600.009,ok,True,True,1.0,1.0,3600.009,0,0,True,1,1
jaxsr,g0042,feynman-i.15.3t,522,noise001,0.01,iaaccn29,formal3h_13alg_ssr50_seed520-522_noise0-001-005_20260622-014658,jaxsr_s522_noise001_g0042,/home/zhangziwen/workplace/scientific-intelligent-modelling/experiments/formal3h_13alg_ssr50_seed520-522_noise0-001-005_20260622-014658/jaxsr/seed522/tasks/jaxsr_s522_noise001_g0042/iaaccn29/jaxsr/g0042_feynman-i.15.3t/progress/minute_0060.json,6e6d09a3457e35954d3d4537fa8620a7c5b708f797d0dfe515cd3fbc6d6755be,60,3600.014,ok,True,True,1.9735312956137317e-08,4.790837116432356e-05,3600.014,1.00012612342834*x1,1.00012612342834*x1,True,3,2
jaxsr,g0043,feynman-i.39.22,522,noise001,0.01,iaaccn28,formal3h_13alg_ssr50_seed520-522_noise0-001-005_20260622-014658,jaxsr_s522_noise001_g0043,/home/zhangziwen/workplace/scientific-intelligent-modelling/experiments/formal3h_13alg_ssr50_seed520-522_noise0-001-005_20260622-014658/jaxsr/seed522/tasks/jaxsr_s522_noise001_g0043/iaaccn28/jaxsr/g0043_feynman-i.39.22/progress/minute_0060.json,51673f066642b15c179e7fa1b6d9d4ce5f6b627482f16df99bdc207e928cb6c6,60,3600.028,ok,True,True,0.7646227728399841,2.1505168403687285,3600.028,-2211631360.0*x3*x4 + 1269417.125*x3 - 1373504929792.0*x4 + 3.68839309131776e+15*x4**2.0 - 2.17752106872026e+18*x4**3.0,-2211631360.0*x3*x4 + 1269417.125*x3 - 1373504929792.0*x4 + 3.68839309131776e+15*x4**2.0 - 2.17752106872026e+18*x4**3.0,True,21,4
jaxsr,g0044,feynman-iii.10.19,522,noise001,0.01,iaaccn22,formal3h_13alg_ssr50_seed520-522_noise0-001-005_20260622-014658,jaxsr_s522_noise001_g0044,/home/zhangziwen/workplace/scientific-intelligent-modelling/experiments/formal3h_13alg_ssr50_seed520-522_noise0-001-005_20260622-014658/jaxsr/seed522/tasks/jaxsr_s522_noise001_g0044/iaaccn22/jaxsr/g0044_feynman-iii.10.19/progress/minute_0060.json,62bf56ffa94fe59b1ae19d096c7b6cfb8fdf0d3632a902d8055c684cdf0c1e8a,60,3600.018,ok,True,True,1.0,1.0,3600.017,0,0,True,1,1
jaxsr,g0045,feynman-i.13.12,522,noise001,0.01,iaaccn29,formal3h_13alg_ssr50_seed520-522_noise0-001-005_20260622-014658,jaxsr_s522_noise001_g0045,/home/zhangziwen/workplace/scientific-intelligent-modelling/experiments/formal3h_13alg_ssr50_seed520-522_noise0-001-005_20260622-014658/jaxsr/seed522/tasks/jaxsr_s522_noise001_g0045/iaaccn29/jaxsr/g0045_feynman-i.13.12/progress/minute_0060.json,533b8d1b3eb26177edbaed63e6e9e6f4a98a1857ea5165dd93903d0b6c755320,60,3600.041,ok,True,True,0.7296131750763529,0.7123011267652941,3600.041,-8.29986024353246e-10*x0*x2 + 6.12168704616778e-10*x0*x3 - 7.76441633210112e-10*x1*x2 + 6.27063678759754e-10*x1*x3 + 2.69925221063616e-10*x2**3.0,-8.29986024353246e-10*x0*x2 + 6.12168704616778e-10*x0*x3 - 7.76441633210112e-10*x1*x2 + 6.27063678759754e-10*x1*x3 + 2.69925221063616e-10*x2**3.0,True,22,4
jaxsr,g0046,feynman-i.32.5,522,noise001,0.01,iaaccn26,formal3h_13alg_ssr50_seed520-522_noise0-001-005_20260622-014658,jaxsr_s522_noise001_g0046,/home/zhangziwen/workplace/scientific-intelligent-modelling/experiments/formal3h_13alg_ssr50_seed520-522_noise0-001-005_20260622-014658/jaxsr/seed522/tasks/jaxsr_s522_noise001_g0046/iaaccn26/jaxsr/g0046_feynman-i.32.5/progress/minute_0060.json,79796518f14a685d401dba9e8d07909c31f0e1465ead4353ce7cc8070f467d36,60,3600.02,ok,True,True,0.8184755860462181,0.8514694140735416,3600.02,0.00248168408870697*x0**2.0 - 3.03410320157127e-6,0.00248168408870697*x0**2.0 - 3.03410320157127e-6,True,7,4
jaxsr,g0047,feynman-i.43.31,522,noise001,0.01,iaaccn26,formal3h_13alg_ssr50_seed520-522_noise0-001-005_20260622-014658,jaxsr_s522_noise001_g0047,/home/zhangziwen/workplace/scientific-intelligent-modelling/experiments/formal3h_13alg_ssr50_seed520-522_noise0-001-005_20260622-014658/jaxsr/seed522/tasks/jaxsr_s522_noise001_g0047/iaaccn26/jaxsr/g0047_feynman-i.43.31/progress/minute_0060.json,d08c5d9bd280d4f9daa84fc405ddb3dbc784289af29f60fabccea00b9f48ecc5,60,3600.009,ok,True,True,1.0,1.0,3600.009,0,0,True,1,1
jaxsr,g0048,feynman-i.11.19,522,noise001,0.01,iaaccn23,formal3h_13alg_ssr50_seed520-522_noise0-001-005_20260622-014658,jaxsr_s522_noise001_g0048,/home/zhangziwen/workplace/scientific-intelligent-modelling/experiments/formal3h_13alg_ssr50_seed520-522_noise0-001-005_20260622-014658/jaxsr/seed522/tasks/jaxsr_s522_noise001_g0048/iaaccn23/jaxsr/g0048_feynman-i.11.19/progress/minute_0060.json,77f849fddf926a7ef95fec86b035799b517bb223978c740b53863b59552e1b9d,60,3600.025,ok,True,True,3.9496070479448806e-08,4.268846642655174e-08,3600.025,0.999710440635681*x0*x1 + 0.999998927116394*x2*x3 + 1.0002259016037*x5*x6,0.999710440635681*x0*x1 + 0.999998927116394*x2*x3 + 1.0002259016037*x5*x6,True,13,3
jaxsr,g0049,feynman-ii.34.2a,522,noise001,0.01,iaaccn22,formal3h_13alg_ssr50_seed520-522_noise0-001-005_20260622-014658,jaxsr_s522_noise001_g0049,/home/zhangziwen/workplace/scientific-intelligent-modelling/experiments/formal3h_13alg_ssr50_seed520-522_noise0-001-005_20260622-014658/jaxsr/seed522/tasks/jaxsr_s522_noise001_g0049/iaaccn22/jaxsr/g0049_feynman-ii.34.2a/progress/minute_0060.json,9d6feccee9b6abcd786fe41e8ac02b0f4f695cf51130af3353874c74560e5932,60,3600.024,ok,True,True,0.5784573302345771,2.8606581345662976,3600.024,3087515136.0*x1*x3,3087515136.0*x1*x3,True,4,2
jaxsr,g0050,Vladislavleva-4,522,noise001,0.01,iaaccn24,formal3h_13alg_ssr50_seed520-522_noise0-001-005_20260622-014658,jaxsr_s522_noise001_g0050,/home/zhangziwen/workplace/scientific-intelligent-modelling/experiments/formal3h_13alg_ssr50_seed520-522_noise0-001-005_20260622-014658/jaxsr/seed522/tasks/jaxsr_s522_noise001_g0050/iaaccn24/jaxsr/g0050_Vladislavleva-4/progress/minute_0060.json,1aa93050a73809a1b118e842faddbf21f9e7c6b44441ef33c57ca58805c6ceac,60,3600.026,ok,True,True,0.08710807893723216,0.09759108668705527,3600.025,0.101262092590332*x3 - 0.00310753611847758*x3**3.0 + 0.112616777420044*x4 - 0.00333960889838636*x4**3.0 + 0.250925898551941,0.101262092590332*x3 - 0.00310753611847758*x3**3.0 + 0.112616777420044*x4 - 0.00333960889838636*x4**3.0 + 0.250925898551941,True,18,4
jaxsr,g0001,Keijzer-11,522,noise005,0.05,iaaccn26,formal3h_13alg_ssr50_seed520-522_noise0-001-005_20260622-014658,jaxsr_s522_noise005_g0001,/home/zhangziwen/workplace/scientific-intelligent-modelling/experiments/formal3h_13alg_ssr50_seed520-522_noise0-001-005_20260622-014658/jaxsr/seed522/tasks/jaxsr_s522_noise005_g0001/iaaccn26/jaxsr/g0001_Keijzer-11/progress/minute_0060.json,1ca4961a57316e2c1a4b7da361327894c73f11597254de4878338497bc24714b,60,3600.071,ok,True,True,0.06914488605272906,0.050641349992399845,3600.071,1.10941350460052*x0*x1 - 0.036929614841938*x0**3.0,1.10941350460052*x0*x1 - 0.036929614841938*x0**3.0,True,10,4
jaxsr,g0002,Keijzer-2,522,noise005,0.05,iaaccn28,formal3h_13alg_ssr50_seed520-522_noise0-001-005_20260622-014658,jaxsr_s522_noise005_g0002,/home/zhangziwen/workplace/scientific-intelligent-modelling/experiments/formal3h_13alg_ssr50_seed520-522_noise0-001-005_20260622-014658/jaxsr/seed522/tasks/jaxsr_s522_noise005_g0002/iaaccn28/jaxsr/g0002_Keijzer-2/progress/minute_0060.json,a00af1dd8339a303801d22c1d9e3822b4511d27f5b34db1572f0a84dc9b54275,60,3600.014,ok,True,True,0.8250339166334524,2.3165484936555627,3600.014,-0.0507948398590088*x0**2.0,-0.0507948398590088*x0**2.0,True,5,3
jaxsr,g0003,Korns-2,522,noise005,0.05,iaaccn23,formal3h_13alg_ssr50_seed520-522_noise0-001-005_20260622-014658,jaxsr_s522_noise005_g0003,/home/zhangziwen/workplace/scientific-intelligent-modelling/experiments/formal3h_13alg_ssr50_seed520-522_noise0-001-005_20260622-014658/jaxsr/seed522/tasks/jaxsr_s522_noise005_g0003/iaaccn23/jaxsr/g0003_Korns-2/progress/minute_0060.json,6b1ea29643ce9ec748788708590e8b207df9e1dd95a21370a43420ebebf42392,60,3600.019,ok,True,True,1.0092649896143477,1.0260792739849527,3600.019,0.0141100864857435*x1*x2,0.0141100864857435*x1*x2,True,4,2
jaxsr,g0004,Korns-4,522,noise005,0.05,iaaccn25,formal3h_13alg_ssr50_seed520-522_noise0-001-005_20260622-014658,jaxsr_s522_noise005_g0004,/home/zhangziwen/workplace/scientific-intelligent-modelling/experiments/formal3h_13alg_ssr50_seed520-522_noise0-001-005_20260622-014658/jaxsr/seed522/tasks/jaxsr_s522_noise005_g0004/iaaccn25/jaxsr/g0004_Korns-4/progress/minute_0060.json,5174ee0d6e0b88e25842124cafae68ff48a6e5ce99a73f722d09d89ec58ac0eb,60,3600.18,ok,True,True,0.0015252670985571642,0.0016209360273114993,3600.179,-2.30057477951050,-2.30057477951050,True,1,1
jaxsr,g0005,BPG3,522,noise005,0.05,iaaccn25,formal3h_13alg_ssr50_seed520-522_noise0-001-005_20260622-014658,jaxsr_s522_noise005_g0005,/home/zhangziwen/workplace/scientific-intelligent-modelling/experiments/formal3h_13alg_ssr50_seed520-522_noise0-001-005_20260622-014658/jaxsr/seed522/tasks/jaxsr_s522_noise005_g0005/iaaccn25/jaxsr/g0005_BPG3/progress/minute_0060.json,7efa4c07e3491a88c0a0f227fbe6c944d7f812bf160f25340424d6f333ddd2c1,60,3600.796,ok,True,True,8.246736701928005e-07,9.47915483578512e-06,3600.795,-0.84248024225235*x1 + 0.261492937803268*x1**2.0,-0.84248024225235*x1 + 0.261492937803268*x1**2.0,True,9,4
jaxsr,g0006,BPG5,522,noise005,0.05,iaaccn27,formal3h_13alg_ssr50_seed520-522_noise0-001-005_20260622-014658,jaxsr_s522_noise005_g0006,/home/zhangziwen/workplace/scientific-intelligent-modelling/experiments/formal3h_13alg_ssr50_seed520-522_noise0-001-005_20260622-014658/jaxsr/seed522/tasks/jaxsr_s522_noise005_g0006/iaaccn27/jaxsr/g0006_BPG5/progress/minute_0060.json,0d73f1ac5a7c71feafd5ae500343617bc14ac54635becfc09fba95ce234f5aef,60,3600.024,ok,True,True,3.421687217376789e-06,0.0021943883925524934,3600.024,1.04545819759369*x1 - 0.0110030937939882*x1**2.0 + 2.22398554683423e-7*x1**3.0 - 0.031732264906168,1.04545819759369*x1 - 0.0110030937939882*x1**2.0 + 2.22398554683423e-7*x1**3.0 - 0.031732264906168,True,15,4
jaxsr,g0007,BPG9,522,noise005,0.05,iaaccn28,formal3h_13alg_ssr50_seed520-522_noise0-001-005_20260622-014658,jaxsr_s522_noise005_g0007,/home/zhangziwen/workplace/scientific-intelligent-modelling/experiments/formal3h_13alg_ssr50_seed520-522_noise0-001-005_20260622-014658/jaxsr/seed522/tasks/jaxsr_s522_noise005_g0007/iaaccn28/jaxsr/g0007_BPG9/progress/minute_0060.json,2b53773c6a789edca8428811f65c8ada3e08877636b1526ef1221a8f5aca5f05,60,3600.022,ok,True,True,4.265192253781742e-06,0.0046445054980467,3600.022,0.177395194768906*x1**2.0 - 0.0163467824459076*x1**3.0 + 0.00132709636818618,0.177395194768906*x1**2.0 - 0.0163467824459076*x1**3.0 + 0.00132709636818618,True,12,4
jaxsr,g0008,CRK0,522,noise005,0.05,iaaccn26,formal3h_13alg_ssr50_seed520-522_noise0-001-005_20260622-014658,jaxsr_s522_noise005_g0008,/home/zhangziwen/workplace/scientific-intelligent-modelling/experiments/formal3h_13alg_ssr50_seed520-522_noise0-001-005_20260622-014658/jaxsr/seed522/tasks/jaxsr_s522_noise005_g0008/iaaccn26/jaxsr/g0008_CRK0/progress/minute_0060.json,78749aac153a71045db27c1e5b337cffd53df5ea45830d8ecea55c982b7695a3,60,3600.03,ok,True,True,1.2430504915960055e-05,0.036036227989171186,3600.03,6.18636752935942e-10*x0**3.0 + 0.227598771452904*x1**2.0 - 0.258358657360077*x1**3.0 + 0.103895477950573,6.18636752935942e-10*x0**3.0 + 0.227598771452904*x1**2.0 - 0.258358657360077*x1**3.0 + 0.103895477950573,True,17,4
jaxsr,g0009,CRK10,522,noise005,0.05,iaaccn22,formal3h_13alg_ssr50_seed520-522_noise0-001-005_20260622-014658,jaxsr_s522_noise005_g0009,/home/zhangziwen/workplace/scientific-intelligent-modelling/experiments/formal3h_13alg_ssr50_seed520-522_noise0-001-005_20260622-014658/jaxsr/seed522/tasks/jaxsr_s522_noise005_g0009/iaaccn22/jaxsr/g0009_CRK10/progress/minute_0060.json,50a64e75f6f0a6422c5f73ed99033dd6ba0e9ef85613b65ddc53ffcb8e355acf,60,3600.056,ok,True,True,1.5853591685576386e-06,0.02383968450119609,3600.056,0.537274301052094*x1 - 0.371777057647705*x1**2.0 + 0.0290696509182453*x1**3.0 + 0.00801528710871935,0.537274301052094*x1 - 0.371777057647705*x1**2.0 + 0.0290696509182453*x1**3.0 + 0.00801528710871935,True,15,4
jaxsr,g0010,CRK11,522,noise005,0.05,iaaccn22,formal3h_13alg_ssr50_seed520-522_noise0-001-005_20260622-014658,jaxsr_s522_noise005_g0010,/home/zhangziwen/workplace/scientific-intelligent-modelling/experiments/formal3h_13alg_ssr50_seed520-522_noise0-001-005_20260622-014658/jaxsr/seed522/tasks/jaxsr_s522_noise005_g0010/iaaccn22/jaxsr/g0010_CRK11/progress/minute_0060.json,445a819d8852b0d059191eeb7acd7d3413f5c9e99b3bc85a1a72d8fb56aa8d77,60,3600.026,ok,True,True,6.678494246970681e-06,0.013818558232507546,3600.022,-0.525211334228516*x1**2.0 - 0.186856806278229*x1**3.0 + 0.333908677101135,-0.525211334228516*x1**2.0 - 0.186856806278229*x1**3.0 + 0.333908677101135,True,12,4
jaxsr,g0011,CRK33,522,noise005,0.05,iaaccn22,formal3h_13alg_ssr50_seed520-522_noise0-001-005_20260622-014658,jaxsr_s522_noise005_g0011,/home/zhangziwen/workplace/scientific-intelligent-modelling/experiments/formal3h_13alg_ssr50_seed520-522_noise0-001-005_20260622-014658/jaxsr/seed522/tasks/jaxsr_s522_noise005_g0011/iaaccn22/jaxsr/g0011_CRK33/progress/minute_0060.json,39e6668669fa7f3e4f09d14d7846d13f0ab3c7221d6ca55eedd5570cced9b0f9,60,3600.028,ok,True,True,3.837721263896974e-06,0.015479027149918747,3600.028,0.511747121810913*x1 - 0.270778030157089*x1**2.0 + 0.0153723452240229*x1**3.0 + 0.049011092633009,0.511747121810913*x1 - 0.270778030157089*x1**2.0 + 0.0153723452240229*x1**3.0 + 0.049011092633009,True,15,4
jaxsr,g0012,CRK34,522,noise005,0.05,iaaccn28,formal3h_13alg_ssr50_seed520-522_noise0-001-005_20260622-014658,jaxsr_s522_noise005_g0012,/home/zhangziwen/workplace/scientific-intelligent-modelling/experiments/formal3h_13alg_ssr50_seed520-522_noise0-001-005_20260622-014658/jaxsr/seed522/tasks/jaxsr_s522_noise005_g0012/iaaccn28/jaxsr/g0012_CRK34/progress/minute_0060.json,12c1639b9b42a43c80445f68c3a9bb40526417c15cb7c3f7b07b3f2a174232a2,60,3600.026,ok,True,True,9.753315976186235e-06,0.04762906118211691,3600.026,0.258088856935501*x1 - 0.187886402010918*x1**2.0 - 0.00228196545504034*x1**3.0 + 0.490622818470001,0.258088856935501*x1 - 0.187886402010918*x1**2.0 - 0.00228196545504034*x1**3.0 + 0.490622818470001,True,15,4
jaxsr,g0013,I.11.19_4_0,522,noise005,0.05,iaaccn24,formal3h_13alg_ssr50_seed520-522_noise0-001-005_20260622-014658,jaxsr_s522_noise005_g0013,/home/zhangziwen/workplace/scientific-intelligent-modelling/experiments/formal3h_13alg_ssr50_seed520-522_noise0-001-005_20260622-014658/jaxsr/seed522/tasks/jaxsr_s522_noise005_g0013/iaaccn24/jaxsr/g0013_I.11.19_4_0/progress/minute_0060.json,b7da48df79909b364cdd1027baeee998568b22ee5baa1dceb7194aff6d8f3817,60,3600.048,ok,True,True,0.030198746525531485,0.1454760322973567,3600.048,0.199388414621353*x0*x2 - 0.971335828304291*x0 + 0.465643495321274*x1*x4 - 0.0586783736944199*x2**3.0 - 0.339495629072189*x3*x5,0.199388414621353*x0*x2 - 0.971335828304291*x0 + 0.465643495321274*x1*x4 - 0.0586783736944199*x2**3.0 - 0.339495629072189*x3*x5,True,21,4
jaxsr,g0014,II.11.27_1_0,522,noise005,0.05,iaaccn29,formal3h_13alg_ssr50_seed520-522_noise0-001-005_20260622-014658,jaxsr_s522_noise005_g0014,/home/zhangziwen/workplace/scientific-intelligent-modelling/experiments/formal3h_13alg_ssr50_seed520-522_noise0-001-005_20260622-014658/jaxsr/seed522/tasks/jaxsr_s522_noise005_g0014/iaaccn29/jaxsr/g0014_II.11.27_1_0/progress/minute_0060.json,a7cf760a9700ec84033af754c403d7af8e5098142cd1010ed71b8f7f0ec596ec,60,3600.047,ok,True,True,0.9875751769094876,1.004247371761445,3600.047,-32.074161529541*x0*x1 + 21.8617649078369*x0 - 284.951110839844*x1 + 699.768798828125*x1**2.0 - 398.740936279297*x1**3.0,-32.074161529541*x0*x1 + 21.8617649078369*x0 - 284.951110839844*x1 + 699.768798828125*x1**2.0 - 398.740936279297*x1**3.0,True,21,4
jaxsr,g0015,II.34.2_1_0,522,noise005,0.05,iaaccn22,formal3h_13alg_ssr50_seed520-522_noise0-001-005_20260622-014658,jaxsr_s522_noise005_g0015,/home/zhangziwen/workplace/scientific-intelligent-modelling/experiments/formal3h_13alg_ssr50_seed520-522_noise0-001-005_20260622-014658/jaxsr/seed522/tasks/jaxsr_s522_noise005_g0015/iaaccn22/jaxsr/g0015_II.34.2_1_0/progress/minute_0060.json,c8483c4cdfc3b03abceddd9ab0f4c5f04c4fa08a5530d630647e77fd15fc2c56,60,3600.06,ok,True,True,0.07343337713184091,0.39482205487566224,3600.06,-0.151926532387733*x0*x1 - 0.124512553215027*x0*x2 + 1.16674172878265*x0 - 0.807333588600159*x1**2.0 + 0.200326055288315*x1**3.0,-0.151926532387733*x0*x1 - 0.124512553215027*x0*x2 + 1.16674172878265*x0 - 0.807333588600159*x1**2.0 + 0.200326055288315*x1**3.0,True,22,4
jaxsr,g0016,II.6.15b_3_0,522,noise005,0.05,iaaccn27,formal3h_13alg_ssr50_seed520-522_noise0-001-005_20260622-014658,jaxsr_s522_noise005_g0016,/home/zhangziwen/workplace/scientific-intelligent-modelling/experiments/formal3h_13alg_ssr50_seed520-522_noise0-001-005_20260622-014658/jaxsr/seed522/tasks/jaxsr_s522_noise005_g0016/iaaccn27/jaxsr/g0016_II.6.15b_3_0/progress/minute_0060.json,450fc955e6b192a6a578a2777b215258fea336445f3fe7cef7dbf0507b8a17de,60,3600.034,ok,True,True,0.18287532848025195,1.4670824414837806,3600.034,1.73204529285431*x0*x1 - 106.349716186523*x0**2.0 - 552.630310058594*x0**3.0 + 0.0903035551309586*x2*x3 + 1.36795771121979,1.73204529285431*x0*x1 - 106.349716186523*x0**2.0 - 552.630310058594*x0**3.0 + 0.0903035551309586*x2*x3 + 1.36795771121979,True,20,4
jaxsr,g0017,III.21.20_3_0,522,noise005,0.05,iaaccn23,formal3h_13alg_ssr50_seed520-522_noise0-001-005_20260622-014658,jaxsr_s522_noise005_g0017,/home/zhangziwen/workplace/scientific-intelligent-modelling/experiments/formal3h_13alg_ssr50_seed520-522_noise0-001-005_20260622-014658/jaxsr/seed522/tasks/jaxsr_s522_noise005_g0017/iaaccn23/jaxsr/g0017_III.21.20_3_0/progress/minute_0060.json,3476b12db9d0e067357c69e1baa84a7de0b1f1b7f1c2a0df19089b35bcc4eff6,60,3600.043,ok,True,True,0.6525636269747604,0.9999804859542393,3600.043,0.0226805079728365*x0*x2 + 0.0334504619240761*x0*x3 - 1.52281409100397e-5*x0**3.0 + 0.207472264766693*x1*x3 + 0.499229520559311*x2*x3,0.0226805079728365*x0*x2 + 0.0334504619240761*x0*x3 - 1.52281409100397e-5*x0**3.0 + 0.207472264766693*x1*x3 + 0.499229520559311*x2*x3,True,22,4
jaxsr,g0018,MatSci21,522,noise005,0.05,iaaccn25,formal3h_13alg_ssr50_seed520-522_noise0-001-005_20260622-014658,jaxsr_s522_noise005_g0018,/home/zhangziwen/workplace/scientific-intelligent-modelling/experiments/formal3h_13alg_ssr50_seed520-522_noise0-001-005_20260622-014658/jaxsr/seed522/tasks/jaxsr_s522_noise005_g0018/iaaccn25/jaxsr/g0018_MatSci21/progress/minute_0060.json,3b3646a0eda7c8d6e676a9318ca40fa2c22db247a82bee0622e6cb86bf83dcf3,60,3600.056,ok,True,True,0.0007134429143010603,0.002169052586084768,3600.054,-47.6332130432129*x0 - 770.432739257813*x0**2.0 + 2269.91162109375*x0**3.0,-47.6332130432129*x0 - 770.432739257813*x0**2.0 + 2269.91162109375*x0**3.0,True,14,4
jaxsr,g0019,PO19,522,noise005,0.05,iaaccn24,formal3h_13alg_ssr50_seed520-522_noise0-001-005_20260622-014658,jaxsr_s522_noise005_g0019,/home/zhangziwen/workplace/scientific-intelligent-modelling/experiments/formal3h_13alg_ssr50_seed520-522_noise0-001-005_20260622-014658/jaxsr/seed522/tasks/jaxsr_s522_noise005_g0019/iaaccn24/jaxsr/g0019_PO19/progress/minute_0060.json,48eda4f70dbba6d8630ac74200652a86026ba06fb463f45deea38d4acfd5d82a,60,3600.027,ok,True,True,0.003798274362112175,1.508359577214703,3600.027,-0.115381345152855*x0*x1 - 1.75646042823792*x0 + 0.78215366601944*x0**3.0 - 0.654326736927032*x2 + 0.118416838347912*x2**3.0,-0.115381345152855*x0*x1 - 1.75646042823792*x0 + 0.78215366601944*x0**3.0 - 0.654326736927032*x2 + 0.118416838347912*x2**3.0,True,21,4
jaxsr,g0020,PO41,522,noise005,0.05,iaaccn25,formal3h_13alg_ssr50_seed520-522_noise0-001-005_20260622-014658,jaxsr_s522_noise005_g0020,/home/zhangziwen/workplace/scientific-intelligent-modelling/experiments/formal3h_13alg_ssr50_seed520-522_noise0-001-005_20260622-014658/jaxsr/seed522/tasks/jaxsr_s522_noise005_g0020/iaaccn25/jaxsr/g0020_PO41/progress/minute_0060.json,239050f1282435eb7ab35a29c8d7e717c21cd69688da4b4294444a231c2ab307,60,3600.03,ok,True,True,0.001134172630063924,0.09769909954056827,3600.03,-0.0184724126011133*x0*x1 - 0.887654006481171*x0 - 0.176877498626709*x0**2.0 + 0.590750813484192*x0**3.0 - 0.484979093074799*x2,-0.0184724126011133*x0*x1 - 0.887654006481171*x0 - 0.176877498626709*x0**2.0 + 0.590750813484192*x0**3.0 - 0.484979093074799*x2,True,21,4
jaxsr,g0021,Nguyen-12,522,noise005,0.05,iaaccn28,formal3h_13alg_ssr50_seed520-522_noise0-001-005_20260622-014658,jaxsr_s522_noise005_g0021,/home/zhangziwen/workplace/scientific-intelligent-modelling/experiments/formal3h_13alg_ssr50_seed520-522_noise0-001-005_20260622-014658/jaxsr/seed522/tasks/jaxsr_s522_noise005_g0021/iaaccn28/jaxsr/g0021_Nguyen-12/progress/minute_0060.json,d33c732b307ae836b9308c897a3cc6721c9cc45d91b471faa4231a20caca3256,60,3600.029,ok,True,True,0.00041789815516161743,0.008243467219942803,3600.028,0.182670682668686*x0 - 1.00523233413696*x0**2.0 + 0.796030402183533*x0**3.0 - 0.981234908103943*x1 + 0.470129311084747*x1**2.0,0.182670682668686*x0 - 1.00523233413696*x0**2.0 + 0.796030402183533*x0**3.0 - 0.981234908103943*x1 + 0.470129311084747*x1**2.0,True,22,4
jaxsr,g0022,Nguyen-6,522,noise005,0.05,iaaccn25,formal3h_13alg_ssr50_seed520-522_noise0-001-005_20260622-014658,jaxsr_s522_noise005_g0022,/home/zhangziwen/workplace/scientific-intelligent-modelling/experiments/formal3h_13alg_ssr50_seed520-522_noise0-001-005_20260622-014658/jaxsr/seed522/tasks/jaxsr_s522_noise005_g0022/iaaccn25/jaxsr/g0022_Nguyen-6/progress/minute_0060.json,f74980cc65c83629b18dd3fa36ec69ef91314385444aed4e8a946b65f1b592c6,60,3600.035,ok,True,True,0.00028308937719141866,0.11540850552107845,3600.034,2.03029537200928*x0 + 0.799319446086884*x0**2.0 - 0.651230096817017*x0**3.0,2.03029537200928*x0 + 0.799319446086884*x0**2.0 - 0.651230096817017*x0**3.0,True,14,4
jaxsr,g0023,Nguyen-9,522,noise005,0.05,iaaccn27,formal3h_13alg_ssr50_seed520-522_noise0-001-005_20260622-014658,jaxsr_s522_noise005_g0023,/home/zhangziwen/workplace/scientific-intelligent-modelling/experiments/formal3h_13alg_ssr50_seed520-522_noise0-001-005_20260622-014658/jaxsr/seed522/tasks/jaxsr_s522_noise005_g0023/iaaccn27/jaxsr/g0023_Nguyen-9/progress/minute_0060.json,fa3afe21966d25b8156870caa05754978e95d320bf82780ccbe4bf1f18c127a7,60,3600.028,ok,True,True,0.02436004819519558,0.0007216796834536831,3600.028,1.06271159648895*x0 - 0.221561715006828*x0**3.0 - 0.316281020641327*x1 + 1.87247741222382*x1**2.0 - 0.711127817630768*x1**3.0,1.06271159648895*x0 - 0.221561715006828*x0**3.0 - 0.316281020641327*x1 + 1.87247741222382*x1**2.0 - 0.711127817630768*x1**3.0,True,22,4
jaxsr,g0024,feynman_II_15_4,522,noise005,0.05,iaaccn22,formal3h_13alg_ssr50_seed520-522_noise0-001-005_20260622-014658,jaxsr_s522_noise005_g0024,/home/zhangziwen/workplace/scientific-intelligent-modelling/experiments/formal3h_13alg_ssr50_seed520-522_noise0-001-005_20260622-014658/jaxsr/seed522/tasks/jaxsr_s522_noise005_g0024/iaaccn22/jaxsr/g0024_feynman_II_15_4/progress/minute_0060.json,a8cae396d6436e37b87f555cd6c2a7ac24165af0692782388a6e0684f3db6933,60,3600.039,ok,True,True,0.2870866718665817,2.64498424446655,3600.039,-0.258969873189926*x0*x1 + 1.25580489635468*x0*x2 - 1.51710736751556*x0 + 0.811030387878418*x1*x2 - 0.19835364818573*x2**3.0,-0.258969873189926*x0*x1 + 1.25580489635468*x0*x2 - 1.51710736751556*x0 + 0.811030387878418*x1*x2 - 0.19835364818573*x2**3.0,True,21,4
jaxsr,g0025,feynman_I_12_11,522,noise005,0.05,iaaccn27,formal3h_13alg_ssr50_seed520-522_noise0-001-005_20260622-014658,jaxsr_s522_noise005_g0025,/home/zhangziwen/workplace/scientific-intelligent-modelling/experiments/formal3h_13alg_ssr50_seed520-522_noise0-001-005_20260622-014658/jaxsr/seed522/tasks/jaxsr_s522_noise005_g0025/iaaccn27/jaxsr/g0025_feynman_I_12_11/progress/minute_0060.json,3cffadd0b26c9c7b9eacc486f5d599322a3172c28b9af91ad990abe0fdfde28f,60,3600.037,ok,True,True,0.2680661843164808,0.6451069738548845,3600.037,1.07714867591858*x0*x1 + 78.1276245117188*x4 - 33.3319778442383*x4**2.0 + 3.55118417739868*x4**3.0 - 27.3376216888428,1.07714867591858*x0*x1 + 78.1276245117188*x4 - 33.3319778442383*x4**2.0 + 3.55118417739868*x4**3.0 - 27.3376216888428,True,19,4
jaxsr,g0026,feynman_I_27_6,522,noise005,0.05,iaaccn25,formal3h_13alg_ssr50_seed520-522_noise0-001-005_20260622-014658,jaxsr_s522_noise005_g0026,/home/zhangziwen/workplace/scientific-intelligent-modelling/experiments/formal3h_13alg_ssr50_seed520-522_noise0-001-005_20260622-014658/jaxsr/seed522/tasks/jaxsr_s522_noise005_g0026/iaaccn25/jaxsr/g0026_feynman_I_27_6/progress/minute_0060.json,9ad2270c1abd99d37532a442d110fb09e71c7e9f46010b0bb656c42c27066987,60,3600.711,ok,True,True,0.01173016479566266,0.05835400647833136,3600.705,0.0157177746295929*x0*x1 - 0.0404858998954296*x0*x2 + 0.179641246795654*x0 - 0.0271985400468111*x1*x2 + 0.231829166412354*x1,0.0157177746295929*x0*x1 - 0.0404858998954296*x0*x2 + 0.179641246795654*x0 - 0.0271985400468111*x1*x2 + 0.231829166412354*x1,True,19,3
jaxsr,g0027,feynman_test_15,522,noise005,0.05,iaaccn23,formal3h_13alg_ssr50_seed520-522_noise0-001-005_20260622-014658,jaxsr_s522_noise005_g0027,/home/zhangziwen/workplace/scientific-intelligent-modelling/experiments/formal3h_13alg_ssr50_seed520-522_noise0-001-005_20260622-014658/jaxsr/seed522/tasks/jaxsr_s522_noise005_g0027/iaaccn23/jaxsr/g0027_feynman_test_15/progress/minute_0060.json,92f0709530af9c1af82db2af18fc3d13bbce12d3e4f3a887d327d39d3470e862,60,3600.045,ok,True,True,0.00901320884223485,0.09503280346098926,3600.045,1.00765132904053*x2 + 0.645689308643341*x3 - 0.0535710267722607*x3**2.0 - 0.00926348194479942*x3**3.0 - 0.791427433490753,1.00765132904053*x2 + 0.645689308643341*x3 - 0.0535710267722607*x3**2.0 - 0.00926348194479942*x3**3.0 - 0.791427433490753,True,18,4
jaxsr,g0028,strogatz_barmag1,522,noise005,0.05,iaaccn25,formal3h_13alg_ssr50_seed520-522_noise0-001-005_20260622-014658,jaxsr_s522_noise005_g0028,/home/zhangziwen/workplace/scientific-intelligent-modelling/experiments/formal3h_13alg_ssr50_seed520-522_noise0-001-005_20260622-014658/jaxsr/seed522/tasks/jaxsr_s522_noise005_g0028/iaaccn25/jaxsr/g0028_strogatz_barmag1/progress/minute_0060.json,f24a91413492681734148cdfda0b00623fd1921b29f944da0d2fd493b89b3d33,60,3601.143,ok,True,True,0.012343403640764491,0.3029027053772773,3601.131,-0.00539065757766366*x0**3.0 + 0.185147687792778*x1 - 0.0256366115063429*x1**2.0 + 1.04439258575439,-0.00539065757766366*x0**3.0 + 0.185147687792778*x1 - 0.0256366115063429*x1**2.0 + 1.04439258575439,True,15,4
jaxsr,g0029,strogatz_barmag2,522,noise005,0.05,iaaccn24,formal3h_13alg_ssr50_seed520-522_noise0-001-005_20260622-014658,jaxsr_s522_noise005_g0029,/home/zhangziwen/workplace/scientific-intelligent-modelling/experiments/formal3h_13alg_ssr50_seed520-522_noise0-001-005_20260622-014658/jaxsr/seed522/tasks/jaxsr_s522_noise005_g0029/iaaccn24/jaxsr/g0029_strogatz_barmag2/progress/minute_0060.json,95b2aa1b806cfd0d42a148b0275c9ecf76c5e813b121531fe03af55669b6bf19,60,3600.024,ok,True,True,0.10901801352725782,3.689547041227592,3600.024,-0.0665244907140732*x0*x1 - 1.17822480201721*x1 + 0.580389797687531*x1**2.0 - 0.0537233017385006*x1**3.0 + 0.540339529514313,-0.0665244907140732*x0*x1 - 1.17822480201721*x1 + 0.580389797687531*x1**2.0 - 0.0537233017385006*x1**3.0 + 0.540339529514313,True,19,4
jaxsr,g0030,strogatz_predprey2,522,noise005,0.05,iaaccn25,formal3h_13alg_ssr50_seed520-522_noise0-001-005_20260622-014658,jaxsr_s522_noise005_g0030,/home/zhangziwen/workplace/scientific-intelligent-modelling/experiments/formal3h_13alg_ssr50_seed520-522_noise0-001-005_20260622-014658/jaxsr/seed522/tasks/jaxsr_s522_noise005_g0030/iaaccn25/jaxsr/g0030_strogatz_predprey2/progress/minute_0060.json,f95077a18a6b4107bcfe6a1afa2c379a0a0de9a2271a085c64cca0ad6ac84944,60,3600.466,ok,True,True,0.023546313078368446,0.41886401297142833,3600.458,0.183467045426369*x0*x1 + 1.29525446891785*x0 - 0.351182550191879*x0**2.0 - 0.0828224793076515*x1 - 0.0503472797572613*x1**2.0,0.183467045426369*x0*x1 + 1.29525446891785*x0 - 0.351182550191879*x0**2.0 - 0.0828224793076515*x1 - 0.0503472797572613*x1**2.0,True,21,4
jaxsr,g0031,strogatz_shearflow1,522,noise005,0.05,iaaccn28,formal3h_13alg_ssr50_seed520-522_noise0-001-005_20260622-014658,jaxsr_s522_noise005_g0031,/home/zhangziwen/workplace/scientific-intelligent-modelling/experiments/formal3h_13alg_ssr50_seed520-522_noise0-001-005_20260622-014658/jaxsr/seed522/tasks/jaxsr_s522_noise005_g0031/iaaccn28/jaxsr/g0031_strogatz_shearflow1/progress/minute_0060.json,1b820be1f5eb05636633d5fc2d820ea3b11d29f3a703a82029fae8520a9659cd,60,3600.035,ok,True,True,0.7191928170309305,2.85387268580083,3600.035,0.0237603038549423*x0**2.0 - 0.097994938492775*x1 + 0.271859675645828*x1**2.0 + 0.00142670189961791*x1**3.0 - 0.993185758590698,0.0237603038549423*x0**2.0 - 0.097994938492775*x1 + 0.271859675645828*x1**2.0 + 0.00142670189961791*x1**3.0 - 0.993185758590698,True,20,4
jaxsr,g0032,strogatz_vdp1,522,noise005,0.05,iaaccn27,formal3h_13alg_ssr50_seed520-522_noise0-001-005_20260622-014658,jaxsr_s522_noise005_g0032,/home/zhangziwen/workplace/scientific-intelligent-modelling/experiments/formal3h_13alg_ssr50_seed520-522_noise0-001-005_20260622-014658/jaxsr/seed522/tasks/jaxsr_s522_noise005_g0032/iaaccn27/jaxsr/g0032_strogatz_vdp1/progress/minute_0060.json,18f632ceefb39beb2d09f58c6627d04bdff175e2201bab475b80b45a17aae9cb,60,3600.024,ok,True,True,6.063728508857854e-06,1.8352873413964868e-06,3600.024,3.33004832267761*x0 - 3.32972741127014*x0**3.0 + 9.9766263961792*x1,3.33004832267761*x0 - 3.32972741127014*x0**3.0 + 9.9766263961792*x1,True,12,4
jaxsr,g0033,first_principles_hubble,522,noise005,0.05,iaaccn29,formal3h_13alg_ssr50_seed520-522_noise0-001-005_20260622-014658,jaxsr_s522_noise005_g0033,/home/zhangziwen/workplace/scientific-intelligent-modelling/experiments/formal3h_13alg_ssr50_seed520-522_noise0-001-005_20260622-014658/jaxsr/seed522/tasks/jaxsr_s522_noise005_g0033/iaaccn29/jaxsr/g0033_first_principles_hubble/progress/minute_0060.json,bd29855fbf2bbde37f3b1fd42b548facbc58c45c8af2222e0707491da95a54b8,60,3600.013,ok,True,True,0.07070105778355068,0.03125227715793827,3600.013,441.657196044922*x0,441.657196044922*x0,True,3,2
jaxsr,g0034,first_principles_leavitt,522,noise005,0.05,iaaccn24,formal3h_13alg_ssr50_seed520-522_noise0-001-005_20260622-014658,jaxsr_s522_noise005_g0034,/home/zhangziwen/workplace/scientific-intelligent-modelling/experiments/formal3h_13alg_ssr50_seed520-522_noise0-001-005_20260622-014658/jaxsr/seed522/tasks/jaxsr_s522_noise005_g0034/iaaccn24/jaxsr/g0034_first_principles_leavitt/progress/minute_0060.json,3ff2b98d3b9e65ae644fabbe7199768a0b165d83cf260c1b5ad1be4f10a0e179,60,3600.049,ok,True,True,0.00017225771235204138,0.0010288475401770121,3600.049,-1.54872822761536*x0**2.0 + 0.254942357540131*x0**3.0 + 14.9616231918335,-1.54872822761536*x0**2.0 + 0.254942357540131*x0**3.0 + 14.9616231918335,True,12,4
jaxsr,g0035,feynman-ii.4.23,522,noise005,0.05,iaaccn25,formal3h_13alg_ssr50_seed520-522_noise0-001-005_20260622-014658,jaxsr_s522_noise005_g0035,/home/zhangziwen/workplace/scientific-intelligent-modelling/experiments/formal3h_13alg_ssr50_seed520-522_noise0-001-005_20260622-014658/jaxsr/seed522/tasks/jaxsr_s522_noise005_g0035/iaaccn25/jaxsr/g0035_feynman-ii.4.23/progress/minute_0060.json,48b69be10586d28e13ecdfde7aaa0a82421a77ba0ceb21f897b2c74182d6c4fb,60,3600.403,ok,True,True,0.38861373002309196,9.37985126759645,3600.401,x0*(298823811072.0 - 524998541312.0*x1),x0*(298823811072.0 - 524998541312.0*x1),True,7,4
jaxsr,g0036,feynman-iii.7.38,522,noise005,0.05,iaaccn22,formal3h_13alg_ssr50_seed520-522_noise0-001-005_20260622-014658,jaxsr_s522_noise005_g0036,/home/zhangziwen/workplace/scientific-intelligent-modelling/experiments/formal3h_13alg_ssr50_seed520-522_noise0-001-005_20260622-014658/jaxsr/seed522/tasks/jaxsr_s522_noise005_g0036/iaaccn22/jaxsr/g0036_feynman-iii.7.38/progress/minute_0060.json,47520e1b8dd74ef5a0bd78adfc134cb0724f092a7f8a94c50b5579dc03465d30,60,3600.012,ok,True,True,1.0000090157296173,1.0000008626198866,3600.012,3.52939714078887e+20,3.52939714078887e+20,True,1,1
jaxsr,g0037,feynman-i.18.16,522,noise005,0.05,iaaccn23,formal3h_13alg_ssr50_seed520-522_noise0-001-005_20260622-014658,jaxsr_s522_noise005_g0037,/home/zhangziwen/workplace/scientific-intelligent-modelling/experiments/formal3h_13alg_ssr50_seed520-522_noise0-001-005_20260622-014658/jaxsr/seed522/tasks/jaxsr_s522_noise005_g0037/iaaccn23/jaxsr/g0037_feynman-i.18.16/progress/minute_0060.json,2576430cc294841ec7f94cd5f621d93a7f261116e20cdf16802856808b4714ad,60,3600.032,ok,True,True,0.8800043466882338,1.6395778048642686,3600.032,-1.17784285545349*x0*x4 + 3.20145487785339*x0 - 1.128005027771*x3*x4 + 3.07904410362244*x3 + 0.0409021563827991*x4**3.0,-1.17784285545349*x0*x4 + 3.20145487785339*x0 - 1.128005027771*x3*x4 + 3.07904410362244*x3 + 0.0409021563827991*x4**3.0,True,20,4
jaxsr,g0038,feynman-ii.27.18,522,noise005,0.05,iaaccn24,formal3h_13alg_ssr50_seed520-522_noise0-001-005_20260622-014658,jaxsr_s522_noise005_g0038,/home/zhangziwen/workplace/scientific-intelligent-modelling/experiments/formal3h_13alg_ssr50_seed520-522_noise0-001-005_20260622-014658/jaxsr/seed522/tasks/jaxsr_s522_noise005_g0038/iaaccn24/jaxsr/g0038_feynman-ii.27.18/progress/minute_0060.json,259ca579f3ea8ba65391830f51a8fd6e599a80175081613e8f04961f6b573dd5,60,3600.011,ok,True,True,1.0,1.0,3600.011,0,0,True,1,1
jaxsr,g0039,feynman-ii.34.11,522,noise005,0.05,iaaccn27,formal3h_13alg_ssr50_seed520-522_noise0-001-005_20260622-014658,jaxsr_s522_noise005_g0039,/home/zhangziwen/workplace/scientific-intelligent-modelling/experiments/formal3h_13alg_ssr50_seed520-522_noise0-001-005_20260622-014658/jaxsr/seed522/tasks/jaxsr_s522_noise005_g0039/iaaccn27/jaxsr/g0039_feynman-ii.34.11/progress/minute_0060.json,ba735c43805792b117402145c662240e8cf3abf1bb7077158db34d52b3d87a29,60,3600.017,ok,True,True,0.9978587198230386,1.0002929124259716,3600.017,-1.90761776469718e+18*x0*x4,-1.90761776469718e+18*x0*x4,True,4,2
jaxsr,g0040,feynman-i.29.16,522,noise005,0.05,iaaccn25,formal3h_13alg_ssr50_seed520-522_noise0-001-005_20260622-014658,jaxsr_s522_noise005_g0040,/home/zhangziwen/workplace/scientific-intelligent-modelling/experiments/formal3h_13alg_ssr50_seed520-522_noise0-001-005_20260622-014658/jaxsr/seed522/tasks/jaxsr_s522_noise005_g0040/iaaccn25/jaxsr/g0040_feynman-i.29.16/progress/minute_0060.json,3eb950e833aa835d9d2096e59158381ae53166103fbe8c64ff3aabc6801089e8,60,3600.727,ok,True,True,0.06555292834033473,0.19214658639101415,3600.722,-0.0937503650784492*x0*x1 + 0.794176161289215*x0 + 0.0248496532440186*x0**2.0 + 0.775911867618561*x1 + 0.0282549634575844*x1**2.0,-0.0937503650784492*x0*x1 + 0.794176161289215*x0 + 0.0248496532440186*x0**2.0 + 0.775911867618561*x1 + 0.0282549634575844*x1**2.0,True,21,4
jaxsr,g0041,feynman-bonus.20,522,noise005,0.05,iaaccn26,formal3h_13alg_ssr50_seed520-522_noise0-001-005_20260622-014658,jaxsr_s522_noise005_g0041,/home/zhangziwen/workplace/scientific-intelligent-modelling/experiments/formal3h_13alg_ssr50_seed520-522_noise0-001-005_20260622-014658/jaxsr/seed522/tasks/jaxsr_s522_noise005_g0041/iaaccn26/jaxsr/g0041_feynman-bonus.20/progress/minute_0060.json,00b1773f4a8596fafb0e4a96bfa170021f5bbd1172df9eb1ba0ff0d9f7866c0e,60,3600.009,ok,True,True,1.0,1.0,3600.009,0,0,True,1,1
jaxsr,g0042,feynman-i.15.3t,522,noise005,0.05,iaaccn25,formal3h_13alg_ssr50_seed520-522_noise0-001-005_20260622-014658,jaxsr_s522_noise005_g0042,/home/zhangziwen/workplace/scientific-intelligent-modelling/experiments/formal3h_13alg_ssr50_seed520-522_noise0-001-005_20260622-014658/jaxsr/seed522/tasks/jaxsr_s522_noise005_g0042/iaaccn25/jaxsr/g0042_feynman-i.15.3t/progress/minute_0060.json,58c69b86551d9e5f513b02077f77a0f01ea3a3d2779d31da7fe38ffaa442faae,60,3600.657,ok,True,True,1.4610719374251894e-07,5.292717457931838e-05,3600.653,0.999697506427765*x1,0.999697506427765*x1,True,3,2
jaxsr,g0043,feynman-i.39.22,522,noise005,0.05,iaaccn24,formal3h_13alg_ssr50_seed520-522_noise0-001-005_20260622-014658,jaxsr_s522_noise005_g0043,/home/zhangziwen/workplace/scientific-intelligent-modelling/experiments/formal3h_13alg_ssr50_seed520-522_noise0-001-005_20260622-014658/jaxsr/seed522/tasks/jaxsr_s522_noise005_g0043/iaaccn24/jaxsr/g0043_feynman-i.39.22/progress/minute_0060.json,54814c55d674fe71679bbe2260b417f8f14e56b06bcc77962d81cfadf74d6662,60,3600.036,ok,True,True,0.7646976360235389,2.1455491514468834,3600.036,-2210487040.0*x3*x4 + 1271034.875*x3 - 1383630372864.0*x4 + 3.70969720284774e+15*x4**2.0 - 2.1885806438672e+18*x4**3.0,-2210487040.0*x3*x4 + 1271034.875*x3 - 1383630372864.0*x4 + 3.70969720284774e+15*x4**2.0 - 2.1885806438672e+18*x4**3.0,True,21,4
jaxsr,g0044,feynman-iii.10.19,522,noise005,0.05,iaaccn28,formal3h_13alg_ssr50_seed520-522_noise0-001-005_20260622-014658,jaxsr_s522_noise005_g0044,/home/zhangziwen/workplace/scientific-intelligent-modelling/experiments/formal3h_13alg_ssr50_seed520-522_noise0-001-005_20260622-014658/jaxsr/seed522/tasks/jaxsr_s522_noise005_g0044/iaaccn28/jaxsr/g0044_feynman-iii.10.19/progress/minute_0060.json,3fc607f37cefecb9d2d9750c462cada67124c9286136540e7b327d90569ff1af,60,3600.011,ok,True,True,1.0,1.0,3600.011,0,0,True,1,1
jaxsr,g0045,feynman-i.13.12,522,noise005,0.05,iaaccn25,formal3h_13alg_ssr50_seed520-522_noise0-001-005_20260622-014658,jaxsr_s522_noise005_g0045,/home/zhangziwen/workplace/scientific-intelligent-modelling/experiments/formal3h_13alg_ssr50_seed520-522_noise0-001-005_20260622-014658/jaxsr/seed522/tasks/jaxsr_s522_noise005_g0045/iaaccn25/jaxsr/g0045_feynman-i.13.12/progress/minute_0060.json,7c2d5f8f053167a8acd2b93c7a1d066556d74b2323a7426816807f34f09cbadf,60,3600.478,ok,True,True,0.7296534262261626,0.7116901317358704,3600.476,-8.29983859418348e-10*x0*x2 + 6.12301320757069e-10*x0*x3 - 7.76576081218394e-10*x1*x2 + 6.29639729243792e-10*x1*x3 + 2.69535560537548e-10*x2**3.0,-8.29983859418348e-10*x0*x2 + 6.12301320757069e-10*x0*x3 - 7.76576081218394e-10*x1*x2 + 6.29639729243792e-10*x1*x3 + 2.69535560537548e-10*x2**3.0,True,22,4
jaxsr,g0046,feynman-i.32.5,522,noise005,0.05,iaaccn26,formal3h_13alg_ssr50_seed520-522_noise0-001-005_20260622-014658,jaxsr_s522_noise005_g0046,/home/zhangziwen/workplace/scientific-intelligent-modelling/experiments/formal3h_13alg_ssr50_seed520-522_noise0-001-005_20260622-014658/jaxsr/seed522/tasks/jaxsr_s522_noise005_g0046/iaaccn26/jaxsr/g0046_feynman-i.32.5/progress/minute_0060.json,cd5c6520979d754f43597ded3643110e8b7e0ae8524cc95f38b0ccaf9bb8d2b7,60,3600.019,ok,True,True,0.8186019990824921,0.8513605396781411,3600.019,0.00248383032158017*x0**2.0 - 3.03964861814165e-6,0.00248383032158017*x0**2.0 - 3.03964861814165e-6,True,7,4
jaxsr,g0047,feynman-i.43.31,522,noise005,0.05,iaaccn24,formal3h_13alg_ssr50_seed520-522_noise0-001-005_20260622-014658,jaxsr_s522_noise005_g0047,/home/zhangziwen/workplace/scientific-intelligent-modelling/experiments/formal3h_13alg_ssr50_seed520-522_noise0-001-005_20260622-014658/jaxsr/seed522/tasks/jaxsr_s522_noise005_g0047/iaaccn24/jaxsr/g0047_feynman-i.43.31/progress/minute_0060.json,90cad3f0a9fc78a1d2d4b27fb38f1059e348a9d73b260abf2c5dac6c8d6b0125,60,3600.012,ok,True,True,1.0,1.0,3600.012,0,0,True,1,1
jaxsr,g0048,feynman-i.11.19,522,noise005,0.05,iaaccn22,formal3h_13alg_ssr50_seed520-522_noise0-001-005_20260622-014658,jaxsr_s522_noise005_g0048,/home/zhangziwen/workplace/scientific-intelligent-modelling/experiments/formal3h_13alg_ssr50_seed520-522_noise0-001-005_20260622-014658/jaxsr/seed522/tasks/jaxsr_s522_noise005_g0048/iaaccn22/jaxsr/g0048_feynman-i.11.19/progress/minute_0060.json,62918630d99ada40768c5005baaa31845485654768448ec11c332ca6fd4ce907,60,3600.024,ok,True,True,1.3356919196177532e-06,1.2359277043854527e-06,3600.024,0.998984396457672*x0*x1 + 1.00164604187012*x2*x3 + 1.00018310546875*x5*x6,0.998984396457672*x0*x1 + 1.00164604187012*x2*x3 + 1.00018310546875*x5*x6,True,13,3
jaxsr,g0049,feynman-ii.34.2a,522,noise005,0.05,iaaccn29,formal3h_13alg_ssr50_seed520-522_noise0-001-005_20260622-014658,jaxsr_s522_noise005_g0049,/home/zhangziwen/workplace/scientific-intelligent-modelling/experiments/formal3h_13alg_ssr50_seed520-522_noise0-001-005_20260622-014658/jaxsr/seed522/tasks/jaxsr_s522_noise005_g0049/iaaccn29/jaxsr/g0049_feynman-ii.34.2a/progress/minute_0060.json,f6599ecc5a5eff363372a3f7e65c3fc5b52d82914ebd1907bf1ffa7750c279f7,60,3600.018,ok,True,True,0.5785304463649467,2.8550882601235545,3600.018,3083518976.0*x1*x3,3083518976.0*x1*x3,True,4,2
jaxsr,g0050,Vladislavleva-4,522,noise005,0.05,iaaccn28,formal3h_13alg_ssr50_seed520-522_noise0-001-005_20260622-014658,jaxsr_s522_noise005_g0050,/home/zhangziwen/workplace/scientific-intelligent-modelling/experiments/formal3h_13alg_ssr50_seed520-522_noise0-001-005_20260622-014658/jaxsr/seed522/tasks/jaxsr_s522_noise005_g0050/iaaccn28/jaxsr/g0050_Vladislavleva-4/progress/minute_0060.json,6e252f5d73b65580ac4f0d53899030887f0f8a7f0bf9f9aa56ae9fe974936bba,60,3600.029,ok,True,True,0.0848486505522507,0.09770608002069651,3600.029,0.0962664186954498*x0 - 0.00294833048246801*x0**3.0 + 0.108113445341587*x4 - 0.00327510619536042*x4**3.0 + 0.272105067968369,0.0962664186954498*x0 - 0.00294833048246801*x0**3.0 + 0.108113445341587*x4 - 0.00327510619536042*x4**3.0 + 0.272105067968369,True,18,4
symbolfit,g0001,Keijzer-11,520,clean,0.0,iaaccn24,formal3h_13alg_ssr50_seed520-522_noise0-001-005_20260622-014658,symbolfit_s520_clean_g0001,/home/zhangziwen/workplace/scientific-intelligent-modelling/experiments/formal3h_13alg_ssr50_seed520-522_noise0-001-005_20260622-014658/symbolfit/seed520/tasks/symbolfit_s520_clean_g0001/iaaccn24/symbolfit/g0001_Keijzer-11/progress/minute_0060.json,7dc5797ac15a00beab206e9d28b12b21a0770e257a019298d0674e7095f647dc,60,3600.09,ok,True,True,198.85480498369435,198.9663909884057,3600.09,x1 + (((((x0 + (sin(sin((0.15181783 - x0) * 19.9102) * 2.592151) * 0.08556479)) + -0.48367828) * 14.394819) * (-0.5792251 + x1)) - 0.34779894),x1 + (x1 - 0.5792251)*(14.394819*x0 - 1.23168966482301*sin(2.592151*sin(19.9102*x0 - 3.022723358866)) - 6.96246129483132) - 0.34779894,True,23,10
symbolfit,g0002,Keijzer-2,520,clean,0.0,iaaccn27,formal3h_13alg_ssr50_seed520-522_noise0-001-005_20260622-014658,symbolfit_s520_clean_g0002,/home/zhangziwen/workplace/scientific-intelligent-modelling/experiments/formal3h_13alg_ssr50_seed520-522_noise0-001-005_20260622-014658/symbolfit/seed520/tasks/symbolfit_s520_clean_g0002/iaaccn27/symbolfit/g0002_Keijzer-2/progress/minute_0060.json,93ea47e0710eb0c2e2a6804b665ec32c0ebe24f2eb014b6e4b4e737e86895f0b,60,3600.034,ok,True,True,921.7424710536646,137.5528321387661,3600.034,(sin((x0 * 26.866884) - 40.1521) - (cos((2.2555587 - x0) / 0.04297045) / cos(0.23438324))) * ((x0 + 6.9259105) - sin(x0 + x0)),(sin(26.866884*x0 - 40.1521) - 1.02811084885225*cos(23.2718065554352*x0 - 52.4909257408289))*(x0 - sin(2*x0) + 6.9259105),True,25,7
symbolfit,g0003,Korns-2,520,clean,0.0,iaaccn26,formal3h_13alg_ssr50_seed520-522_noise0-001-005_20260622-014658,symbolfit_s520_clean_g0003,/home/zhangziwen/workplace/scientific-intelligent-modelling/experiments/formal3h_13alg_ssr50_seed520-522_noise0-001-005_20260622-014658/symbolfit/seed520/tasks/symbolfit_s520_clean_g0003/iaaccn26/symbolfit/g0003_Korns-2/progress/minute_0060.json,e95e78e4907c6b37b7cccd5111238a2bbae552b64eb08483b1cb5e1aa3536d40,60,3600.039,ok,True,True,576376.8153758004,693758.8753780457,3600.039,x0 * (x2 + (x3 + ((x0 - -0.045956247) / sin(0.7116832 / ((x0 / ((0.028443076 - x1) / 0.159274)) - (x3 + -0.46546417)))))),x0*(x2 + x3 + (x0 + 0.045956247)/sin(0.7116832/(x0/(0.178579529615631 - 6.27848864221405*x1) - x3 + 0.46546417))),True,30,13
symbolfit,g0004,Korns-4,520,clean,0.0,iaaccn28,formal3h_13alg_ssr50_seed520-522_noise0-001-005_20260622-014658,symbolfit_s520_clean_g0004,/home/zhangziwen/workplace/scientific-intelligent-modelling/experiments/formal3h_13alg_ssr50_seed520-522_noise0-001-005_20260622-014658/symbolfit/seed520/tasks/symbolfit_s520_clean_g0004/iaaccn28/symbolfit/g0004_Korns-4/progress/minute_0060.json,0f7ffafdc66098130930e8c56b74e16038b69eb3cb9c811ef165288545802e3e,60,3600.059,ok,True,True,0.41020180981141574,0.49226986896405434,3600.059,(((x2 / -1.1962863) - sin(cos(((-1.5825392 * (x2 / (x4 - x3))) + x0) + (x2 / -1.1962863)))) * 0.03153685) - 0.9850813,-0.026362293039718*x2 - 0.03153685*sin(cos(-x0 + 0.835920297674562*x2 + 1.5825392*x2/(-x3 + x4))) - 0.9850813,True,26,10
symbolfit,g0005,BPG3,520,clean,0.0,iaaccn25,formal3h_13alg_ssr50_seed520-522_noise0-001-005_20260622-014658,symbolfit_s520_clean_g0005,/home/zhangziwen/workplace/scientific-intelligent-modelling/experiments/formal3h_13alg_ssr50_seed520-522_noise0-001-005_20260622-014658/symbolfit/seed520/tasks/symbolfit_s520_clean_g0005/iaaccn25/symbolfit/g0005_BPG3/progress/minute_0060.json,6c514de743573654fe4a4fd323f722a04ba96f1c0d422b01c0403b37679b4edb,60,3600.129,ok,True,True,2540.3988044360735,2775.3716366467456,3600.126,((((((sin(x1) * -0.20065251) * (x0 + x0)) - sin(exp(sin(x0)))) * x1) + 2.7616107) * ((x1 * -15.789305) - x1)) + x1,-16.789305*x1*(x1*(-0.40130502*x0*sin(x1) - sin(exp(sin(x0)))) + 2.7616107) + x1,True,21,10
symbolfit,g0006,BPG5,520,clean,0.0,iaaccn29,formal3h_13alg_ssr50_seed520-522_noise0-001-005_20260622-014658,symbolfit_s520_clean_g0006,/home/zhangziwen/workplace/scientific-intelligent-modelling/experiments/formal3h_13alg_ssr50_seed520-522_noise0-001-005_20260622-014658/symbolfit/seed520/tasks/symbolfit_s520_clean_g0006/iaaccn29/symbolfit/g0006_BPG5/progress/minute_0060.json,c0de91ba28b9db5cfeccfc4040f38fb364d1b9c091d98d48279bec2d73d6d0f9,60,3600.042,ok,True,True,1.0,1.0,3600.042,exp(3.6487348 - (((x0 + ((0.087813586 - x0) * -63.26246)) * ((x0 + x1) - 0.5635553)) + cos(sin((sin(x1) + -0.6285332) * 1.2744888)))),38.4260186823603*exp(-(64.26246*x0 - 5.55530347178156)*(x0 + x1 - 0.5635553) - cos(sin(1.2744888*sin(x1) - 0.80105852382816))),True,25,10
symbolfit,g0007,BPG9,520,clean,0.0,iaaccn25,formal3h_13alg_ssr50_seed520-522_noise0-001-005_20260622-014658,symbolfit_s520_clean_g0007,/home/zhangziwen/workplace/scientific-intelligent-modelling/experiments/formal3h_13alg_ssr50_seed520-522_noise0-001-005_20260622-014658/symbolfit/seed520/tasks/symbolfit_s520_clean_g0007/iaaccn25/symbolfit/g0007_BPG9/progress/minute_0060.json,53a5b2bbae26af03c624860004fd23ed83ffc4269359960524c21d618b3d8dac,60,3600.18,ok,True,True,1.0,1.0,3600.179,((((x1 + 7.325543) * 1.2206513) * x0) + 5.619661) * exp((0.20649494 - x1) * ((exp(x0 * 7.3144207) + -2.8296804) * 5.0178823)),(x0*(1.2206513*x1 + 8.9419335861559) + 5.619661)*exp((0.20649494 - x1)*(5.0178823*exp(7.3144207*x0) - 14.1990031938169)),True,25,8
symbolfit,g0008,CRK0,520,clean,0.0,iaaccn27,formal3h_13alg_ssr50_seed520-522_noise0-001-005_20260622-014658,symbolfit_s520_clean_g0008,/home/zhangziwen/workplace/scientific-intelligent-modelling/experiments/formal3h_13alg_ssr50_seed520-522_noise0-001-005_20260622-014658/symbolfit/seed520/tasks/symbolfit_s520_clean_g0008/iaaccn27/symbolfit/g0008_CRK0/progress/minute_0060.json,442e7bc911b2018604ff300717cb79522b4fa654f08a9d24eaaf218d8e40f5c1,60,3600.039,ok,True,True,167290.72304357123,249436144.37558153,3600.038,(16.725779 - cos((sin(sin(sin(sin(sin(x1 - sin(x1 + x0)))))) + x1) - 0.7421087)) * ((cos(x1) + 0.45115262) - x1),(16.725779 - cos(x1 + sin(sin(sin(sin(sin(x1 - sin(x0 + x1)))))) - 0.7421087))*(-x1 + cos(x1) + 0.45115262),True,29,15
symbolfit,g0009,CRK10,520,clean,0.0,iaaccn24,formal3h_13alg_ssr50_seed520-522_noise0-001-005_20260622-014658,symbolfit_s520_clean_g0009,/home/zhangziwen/workplace/scientific-intelligent-modelling/experiments/formal3h_13alg_ssr50_seed520-522_noise0-001-005_20260622-014658/symbolfit/seed520/tasks/symbolfit_s520_clean_g0009/iaaccn24/symbolfit/g0009_CRK10/progress/minute_0060.json,2d2377612f7019b5132586adc5a9fb82e0aebb50d0b80a2a13ba84471d84a17f,60,3600.033,ok,True,True,297039.9529943601,8062982928.667567,3600.033,((sin(x1) * -3.7678661) + 15.893667) - (((x1 * 9.989145) - -2.7733989) * x1),-x1*(9.989145*x1 + 2.7733989) - 3.7678661*sin(x1) + 15.893667,True,14,5
symbolfit,g0010,CRK11,520,clean,0.0,iaaccn26,formal3h_13alg_ssr50_seed520-522_noise0-001-005_20260622-014658,symbolfit_s520_clean_g0010,/home/zhangziwen/workplace/scientific-intelligent-modelling/experiments/formal3h_13alg_ssr50_seed520-522_noise0-001-005_20260622-014658/symbolfit/seed520/tasks/symbolfit_s520_clean_g0010/iaaccn26/symbolfit/g0010_CRK11/progress/minute_0060.json,4627dd808d6ba49097fdb72b2d216d19b874310d7ff65eb2ff5cf896bcbe4d6b,60,3600.041,ok,True,True,2832485.7566898135,16667018676.163155,3600.041,1.4835243 + (((x1 * 30.338867) + sin(x1 + cos(x1 * (exp(1.5176675) * (x1 * x0))))) * ((x1 * -0.50288016) - 1.6150984)),(-0.50288016*x1 - 1.6150984)*(30.338867*x1 + sin(x1 + cos(4.56157290793398*x0*x1**2))) + 1.4835243,True,22,9
symbolfit,g0011,CRK33,520,clean,0.0,iaaccn23,formal3h_13alg_ssr50_seed520-522_noise0-001-005_20260622-014658,symbolfit_s520_clean_g0011,/home/zhangziwen/workplace/scientific-intelligent-modelling/experiments/formal3h_13alg_ssr50_seed520-522_noise0-001-005_20260622-014658/symbolfit/seed520/tasks/symbolfit_s520_clean_g0011/iaaccn23/symbolfit/g0011_CRK33/progress/minute_0060.json,4e56f9af8e79442c1b69f6febd4dd83610a72476058e93f292214e7f2b90b2c5,60,3600.058,ok,True,True,390449.60269976157,22157376770.28496,3600.058,(sin(sin(sin(sin(sin(sin(sin(sin(x1 * -0.19222292)))))))) + 1.5904166) * (((x1 * (x1 + -0.18501508)) * -10.403036) + 8.460006),(1.5904166 - sin(sin(sin(sin(sin(sin(sin(sin(0.19222292*x1)))))))))*(-10.403036*x1*(x1 - 0.18501508) + 8.460006),True,24,13
symbolfit,g0012,CRK34,520,clean,0.0,iaaccn29,formal3h_13alg_ssr50_seed520-522_noise0-001-005_20260622-014658,symbolfit_s520_clean_g0012,/home/zhangziwen/workplace/scientific-intelligent-modelling/experiments/formal3h_13alg_ssr50_seed520-522_noise0-001-005_20260622-014658/symbolfit/seed520/tasks/symbolfit_s520_clean_g0012/iaaccn29/symbolfit/g0012_CRK34/progress/minute_0060.json,ccc3ca04ad057a41097cd8153ab8fdc8e3135a0c87094d26a48e58f7b7be28c7,60,3600.053,ok,True,True,59.31293415242539,95.18827998049953,3600.053,exp(((x1 + 0.58365434) * (((sin(x0 * 3.8489592) + (x1 + 3.8490047)) * (x0 * -4.410568)) * (x0 + 0.64958495))) - -3.0753708) - -0.0050053485,0.0050053485 + 21.6579111762585*exp(-4.410568*x0*(x0 + 0.64958495)*(x1 + 0.58365434)*(x1 + sin(3.8489592*x0) + 3.8490047)),True,21,8
symbolfit,g0013,I.11.19_4_0,520,clean,0.0,iaaccn22,formal3h_13alg_ssr50_seed520-522_noise0-001-005_20260622-014658,symbolfit_s520_clean_g0013,/home/zhangziwen/workplace/scientific-intelligent-modelling/experiments/formal3h_13alg_ssr50_seed520-522_noise0-001-005_20260622-014658/symbolfit/seed520/tasks/symbolfit_s520_clean_g0013/iaaccn22/symbolfit/g0013_I.11.19_4_0/progress/minute_0060.json,845d252dba0d466c9202112f23f7ec6bf35a6c654cbf09f75f4c3b57dfd17418,60,3600.052,ok,True,True,1.8060644649576925,0.5870744825644105,3600.052,(((x0 - x2) * (x2 - 1.8921285)) / (x2 + 0.58808607)) + sin((cos(x1) - 3.04698) + ((x3 - x4) * 0.5625946)),(x0 - x2)*(x2 - 1.8921285)/(x2 + 0.58808607) + sin(0.5625946*x3 - 0.5625946*x4 + cos(x1) - 3.04698),True,26,5
symbolfit,g0014,II.11.27_1_0,520,clean,0.0,iaaccn28,formal3h_13alg_ssr50_seed520-522_noise0-001-005_20260622-014658,symbolfit_s520_clean_g0014,/home/zhangziwen/workplace/scientific-intelligent-modelling/experiments/formal3h_13alg_ssr50_seed520-522_noise0-001-005_20260622-014658/symbolfit/seed520/tasks/symbolfit_s520_clean_g0014/iaaccn28/symbolfit/g0014_II.11.27_1_0/progress/minute_0060.json,87dfdad1ab7f6d3414bc180ce75bad2627945389253de397d05bd6673c8fb015,60,3600.176,ok,True,True,0.6226463364010776,7.636107429452023e+292,3600.176,x0 * (exp((((x1 / -0.7883575) * 0.2518462) - sin(x2 - cos(exp(x1)))) - (((x1 * -75.18146) - -0.0423349) * -213.67567)) - -1.5101073),x0*(8484.00683979022*exp(-16064.7682939236*x1 - sin(x2 - cos(exp(x1)))) + 1.5101073),True,21,12
symbolfit,g0015,II.34.2_1_0,520,clean,0.0,iaaccn24,formal3h_13alg_ssr50_seed520-522_noise0-001-005_20260622-014658,symbolfit_s520_clean_g0015,/home/zhangziwen/workplace/scientific-intelligent-modelling/experiments/formal3h_13alg_ssr50_seed520-522_noise0-001-005_20260622-014658/symbolfit/seed520/tasks/symbolfit_s520_clean_g0015/iaaccn24/symbolfit/g0015_II.34.2_1_0/progress/minute_0060.json,8e1f47dbda1c5ad83e6d9cad014db296e3fa94f023587bdf6e91720a25ad0e51,60,3600.078,ok,True,True,0.9797035550104828,0.9944861868404656,3600.078,exp((((sin(x0) - x2) - sin(x1)) / sin(cos(cos(x2)))) + sin(sin(sin(x0)))),exp((-x2 + sin(x0) - sin(x1))/sin(cos(cos(x2))) + sin(sin(sin(x0)))),True,23,8
symbolfit,g0016,II.6.15b_3_0,520,clean,0.0,iaaccn27,formal3h_13alg_ssr50_seed520-522_noise0-001-005_20260622-014658,symbolfit_s520_clean_g0016,/home/zhangziwen/workplace/scientific-intelligent-modelling/experiments/formal3h_13alg_ssr50_seed520-522_noise0-001-005_20260622-014658/symbolfit/seed520/tasks/symbolfit_s520_clean_g0016/iaaccn27/symbolfit/g0016_II.6.15b_3_0/progress/minute_0060.json,843532ef372e54e29f5c4fde498ad56e2180c580fcb4caada5332b3628e76c50,60,3600.066,ok,True,True,0.47734757666958966,0.23957943493445238,3600.066,exp(sin(exp(x0 * 2.386673)) * ((sin(((sin((x0 - 1.2078598) * 5.220223) * -0.72622275) - -0.24675032) * 5.193547) * -0.36718085) - 0.54661596)),exp((0.36718085*sin(3.77167198459425*sin(5.220223*x0 - 6.3052975087354) - 1.28150938418504) - 0.54661596)*sin(exp(2.386673*x0))),True,22,11
symbolfit,g0017,III.21.20_3_0,520,clean,0.0,iaaccn22,formal3h_13alg_ssr50_seed520-522_noise0-001-005_20260622-014658,symbolfit_s520_clean_g0017,/home/zhangziwen/workplace/scientific-intelligent-modelling/experiments/formal3h_13alg_ssr50_seed520-522_noise0-001-005_20260622-014658/symbolfit/seed520/tasks/symbolfit_s520_clean_g0017/iaaccn22/symbolfit/g0017_III.21.20_3_0/progress/minute_0060.json,ba39d6685933b16ae98704c2ed2c7c57197a3b9c69536092a9f6b1e3fc75dd1e,60,3600.067,ok,True,True,186609.89811134795,1.0075313180079186,3600.067,(((sin(x2) * x3) / 0.13328214) + x1) * (((0.25579154 / cos(x0 * -1.5624198)) * 0.4359387) * (x1 + 0.6653072)),0.111509431418598*(x1 + 0.6653072)*(x1 + 7.50288073105669*x3*sin(x2))/cos(1.5624198*x0),True,18,5
symbolfit,g0018,MatSci21,520,clean,0.0,iaaccn25,formal3h_13alg_ssr50_seed520-522_noise0-001-005_20260622-014658,symbolfit_s520_clean_g0018,/home/zhangziwen/workplace/scientific-intelligent-modelling/experiments/formal3h_13alg_ssr50_seed520-522_noise0-001-005_20260622-014658/symbolfit/seed520/tasks/symbolfit_s520_clean_g0018/iaaccn25/symbolfit/g0018_MatSci21/progress/minute_0060.json,5462a4cf02a81187b59ed2d44a3dfe15a60d1e747798fc9d2bb427358e8da892,60,3600.213,ok,True,True,42937.06920438179,479.2426638416848,3600.212,(x0 + 0.801004) + ((((x0 + x0) * ((x0 - -0.09409035) + exp(x0))) - x1) * (((x0 * 7.0767674) - 5.2435265) * 5.180178)),x0 + (36.6589147965972*x0 - 27.162400617717)*(2*x0*(x0 + exp(x0) + 0.09409035) - x1) + 0.801004,True,21,7
symbolfit,g0019,PO19,520,clean,0.0,iaaccn26,formal3h_13alg_ssr50_seed520-522_noise0-001-005_20260622-014658,symbolfit_s520_clean_g0019,/home/zhangziwen/workplace/scientific-intelligent-modelling/experiments/formal3h_13alg_ssr50_seed520-522_noise0-001-005_20260622-014658/symbolfit/seed520/tasks/symbolfit_s520_clean_g0019/iaaccn26/symbolfit/g0019_PO19/progress/minute_0060.json,6514e27ff6dce67a7eee92f20a4fd00fbeeab9a7f6fc437adfef0daa16e4b7fc,60,3600.03,ok,True,True,660601226.0437592,5.243215635188644e+16,3600.03,cos(x0) * ((sin(x0) * -6436.7676) + ((5496.693 / ((cos(x0) + x2) + x0)) - 1062.2015)),(-6436.7676*sin(x0) - 1062.2015 + 5496.693/(x0 + x2 + cos(x0)))*cos(x0),True,18,7
symbolfit,g0020,PO41,520,clean,0.0,iaaccn23,formal3h_13alg_ssr50_seed520-522_noise0-001-005_20260622-014658,symbolfit_s520_clean_g0020,/home/zhangziwen/workplace/scientific-intelligent-modelling/experiments/formal3h_13alg_ssr50_seed520-522_noise0-001-005_20260622-014658/symbolfit/seed520/tasks/symbolfit_s520_clean_g0020/iaaccn23/symbolfit/g0020_PO41/progress/minute_0060.json,bbcccbb0c5206a8197c2e5f12a6cc19cb5d76413bd9fb1d80b3e7f3526e143fa,60,3600.038,ok,True,True,4534605.305162041,14179196024581.988,3600.038,(cos(x2 + ((sin((x0 + 0.78080577) * sin(x0 * 2.6091084)) * (x0 + 0.5757548)) + x0)) * 300.9311) - (cos(x0) * 14.88133),-14.88133*cos(x0) + 300.9311*cos(x0 + x2 + (x0 + 0.5757548)*sin((x0 + 0.78080577)*sin(2.6091084*x0))),True,24,10
symbolfit,g0021,Nguyen-12,520,clean,0.0,iaaccn22,formal3h_13alg_ssr50_seed520-522_noise0-001-005_20260622-014658,symbolfit_s520_clean_g0021,/home/zhangziwen/workplace/scientific-intelligent-modelling/experiments/formal3h_13alg_ssr50_seed520-522_noise0-001-005_20260622-014658/symbolfit/seed520/tasks/symbolfit_s520_clean_g0021/iaaccn22/symbolfit/g0021_Nguyen-12/progress/minute_0060.json,e9d20abd2dffceb1ead2abfb919e15393f73035e293d34acb228f1dea56b05b7,60,3600.04,ok,True,True,4.855429543408178,6.163174786699393,3600.04,(-0.70707136 - (sin(cos(cos(exp(x0 - -0.40762937))) * -1.0793374) + (sin(sin(x1 + x1)) + 0.21431531))) - (x1 * 0.82856214),-0.82856214*x1 - sin(sin(2*x1)) + sin(1.0793374*cos(cos(1.50324990839564*exp(x0)))) - 0.92138667,True,21,8
symbolfit,g0022,Nguyen-6,520,clean,0.0,iaaccn24,formal3h_13alg_ssr50_seed520-522_noise0-001-005_20260622-014658,symbolfit_s520_clean_g0022,/home/zhangziwen/workplace/scientific-intelligent-modelling/experiments/formal3h_13alg_ssr50_seed520-522_noise0-001-005_20260622-014658/symbolfit/seed520/tasks/symbolfit_s520_clean_g0022/iaaccn24/symbolfit/g0022_Nguyen-6/progress/minute_0060.json,b34abc9e9e552fe7359d16ea3f118c899483cf1f07ab7fe2babd01c267453574,60,3600.033,ok,True,True,20.963591715985615,15.880002455998728,3600.033,(sin((x0 * x0) + (((x0 + 0.0046322774) * -0.63419485) * (0.32435018 - x0))) + (-0.63404936 + x0)) / 0.17163642,5.8262692731531*x0 + 5.8262692731531*sin(x0**2 + (0.32435018 - x0)*(-0.63419485*x0 - 0.00293776647085139)) - 3.69414230383039,True,23,8
symbolfit,g0023,Nguyen-9,520,clean,0.0,iaaccn26,formal3h_13alg_ssr50_seed520-522_noise0-001-005_20260622-014658,symbolfit_s520_clean_g0023,/home/zhangziwen/workplace/scientific-intelligent-modelling/experiments/formal3h_13alg_ssr50_seed520-522_noise0-001-005_20260622-014658/symbolfit/seed520/tasks/symbolfit_s520_clean_g0023/iaaccn26/symbolfit/g0023_Nguyen-9/progress/minute_0060.json,088f862dafaeff7cb18d33b582de7e3dc104855494e68aebf924dfabaad23de7,60,3600.05,ok,True,True,0.3972872621666534,0.003126654431880982,3600.05,(sin((x1 + 0.1091407) * (x1 / 1.1310279)) + 0.066536) + ((x1 * 0.048204504) + sin((x0 - -0.02676936) / 1.1177115)),0.048204504*x1 + sin(0.884151487332894*x1*(x1 + 0.1091407)) + sin(0.894685256436925*x0 + 0.0239501517162524) + 0.066536,True,18,5
symbolfit,g0024,feynman_II_15_4,520,clean,0.0,iaaccn25,formal3h_13alg_ssr50_seed520-522_noise0-001-005_20260622-014658,symbolfit_s520_clean_g0024,/home/zhangziwen/workplace/scientific-intelligent-modelling/experiments/formal3h_13alg_ssr50_seed520-522_noise0-001-005_20260622-014658/symbolfit/seed520/tasks/symbolfit_s520_clean_g0024/iaaccn25/symbolfit/g0024_feynman_II_15_4/progress/minute_0060.json,d4b61aa03190e643551755bf148a48aa81a15696d423a890fbdc06c4677e58fd,60,3600.172,ok,True,True,23308.89223676404,110438.91273510907,3600.171,(x1 + 1.4450871) * (((cos(x2 + -4.8439755) * ((x2 - 0.9349348) * 7.701245)) * (x0 + 0.24879491)) * (x1 + 0.65863305)),(x0 + 0.24879491)*(x1 + 0.65863305)*(x1 + 1.4450871)*(7.701245*x2 - 7.200161953826)*cos(x2 - 4.8439755),True,19,4
symbolfit,g0025,feynman_I_12_11,520,clean,0.0,iaaccn22,formal3h_13alg_ssr50_seed520-522_noise0-001-005_20260622-014658,symbolfit_s520_clean_g0025,/home/zhangziwen/workplace/scientific-intelligent-modelling/experiments/formal3h_13alg_ssr50_seed520-522_noise0-001-005_20260622-014658/symbolfit/seed520/tasks/symbolfit_s520_clean_g0025/iaaccn22/symbolfit/g0025_feynman_I_12_11/progress/minute_0060.json,873ef7764e6693de4963c700e0aa4a35fee0266777d598c48b6dd2798dc779a1,60,3600.054,ok,True,True,39416394.43006829,1482295642.8988476,3600.054,x0 + ((x1 + ((exp(x3 - (-0.48835233 - x0)) + -1.2624874) * ((exp(x2) + -0.4404152) * cos(exp(x4 - 0.10525423))))) - 0.11972695),x0 + x1 + (exp(x2) - 0.4404152)*(1.62962891599227*exp(x0 + x3) - 1.2624874)*cos(0.900095662175712*exp(x4)) - 0.11972695,True,22,7
symbolfit,g0026,feynman_I_27_6,520,clean,0.0,iaaccn29,formal3h_13alg_ssr50_seed520-522_noise0-001-005_20260622-014658,symbolfit_s520_clean_g0026,/home/zhangziwen/workplace/scientific-intelligent-modelling/experiments/formal3h_13alg_ssr50_seed520-522_noise0-001-005_20260622-014658/symbolfit/seed520/tasks/symbolfit_s520_clean_g0026/iaaccn29/symbolfit/g0026_feynman_I_27_6/progress/minute_0060.json,82ce106678974679a7859a63b2ee650416b2e4151f92947005896528ded5bd02,60,3600.034,ok,True,True,11.802877975406432,124.7160086671787,3600.034,(x1 + 0.5417997) * (exp((x0 * -0.4895942) + (x0 - x2)) * 1.1698387),1.1698387*(x1 + 0.5417997)*exp(0.5104058*x0 - x2),True,13,5
symbolfit,g0027,feynman_test_15,520,clean,0.0,iaaccn25,formal3h_13alg_ssr50_seed520-522_noise0-001-005_20260622-014658,symbolfit_s520_clean_g0027,/home/zhangziwen/workplace/scientific-intelligent-modelling/experiments/formal3h_13alg_ssr50_seed520-522_noise0-001-005_20260622-014658/symbolfit/seed520/tasks/symbolfit_s520_clean_g0027/iaaccn25/symbolfit/g0027_feynman_test_15/progress/minute_0060.json,902c1a641fbeff454785c7def2bf02e2992ebcc9e988e352cc3de08e027006de,60,3600.286,ok,True,True,30.733583922101793,21.621229021225798,3600.285,(exp((cos(0.37200302 - x3) * (cos(0.67001975 - x3) * x2)) - 0.1596401) / 0.9162381) + -0.51114154,0.930381011999748*exp(x2*cos(x3 - 0.67001975)*cos(x3 - 0.37200302)) - 0.51114154,True,15,7
symbolfit,g0028,strogatz_barmag1,520,clean,0.0,iaaccn27,formal3h_13alg_ssr50_seed520-522_noise0-001-005_20260622-014658,symbolfit_s520_clean_g0028,/home/zhangziwen/workplace/scientific-intelligent-modelling/experiments/formal3h_13alg_ssr50_seed520-522_noise0-001-005_20260622-014658/symbolfit/seed520/tasks/symbolfit_s520_clean_g0028/iaaccn27/symbolfit/g0028_strogatz_barmag1/progress/minute_0060.json,6fa89a6b223519ab11c650a0e3b596616cd335b2f54fea5554789c05c5b48b49,60,3600.037,ok,True,True,21.109822666881804,3.4232110542859404,3600.037,(exp(cos((x0 + 3.9724948) * 2.9083798) + cos(x1 + ((x1 + -0.7802842) * exp(x0)))) - 0.48388082) / 0.89954835,1.11166898366275*exp(cos(2.9083798*x0 + 11.553523631925) + cos(x1 + (x1 - 0.7802842)*exp(x0))) - 0.537915299383296,True,21,9
symbolfit,g0029,strogatz_barmag2,520,clean,0.0,iaaccn26,formal3h_13alg_ssr50_seed520-522_noise0-001-005_20260622-014658,symbolfit_s520_clean_g0029,/home/zhangziwen/workplace/scientific-intelligent-modelling/experiments/formal3h_13alg_ssr50_seed520-522_noise0-001-005_20260622-014658/symbolfit/seed520/tasks/symbolfit_s520_clean_g0029/iaaccn26/symbolfit/g0029_strogatz_barmag2/progress/minute_0060.json,efb3e8ee07fff1769609eca9a2f9b54b25b3e5e81b3c8678a92c747caf2aafab,60,3600.05,ok,True,True,244192.33388408538,82977.30256056436,3600.05,(((sin((x1 * -6.386263) + 0.28849715) * (1.3513478 - x0)) * 32.487015) - exp(sin(sin((x0 + x1) * 7.1919637)) - -0.5863959)) - -1.2506394,-32.487015*(1.3513478 - x0)*sin(6.386263*x1 - 0.28849715) - 1.79749836317376*exp(sin(sin(7.1919637*x0 + 7.1919637*x1))) + 1.2506394,True,27,8
symbolfit,g0030,strogatz_predprey2,520,clean,0.0,iaaccn22,formal3h_13alg_ssr50_seed520-522_noise0-001-005_20260622-014658,symbolfit_s520_clean_g0030,/home/zhangziwen/workplace/scientific-intelligent-modelling/experiments/formal3h_13alg_ssr50_seed520-522_noise0-001-005_20260622-014658/symbolfit/seed520/tasks/symbolfit_s520_clean_g0030/iaaccn22/symbolfit/g0030_strogatz_predprey2/progress/minute_0060.json,a26d732fad782822bd264d165990c30c264ef6a3ad8bbe4fef177c84372f6e4d,60,3600.042,ok,True,True,227294.16508958882,94388066.73132391,3600.042,((((((8.145485 - (x1 * 6.9221864)) + (-1.5039074 / (x0 + 0.15498215))) * (x1 + 0.24426575)) / 0.32792243) - x1) + x1) - (x1 - x1),3.04950167635681*(x1 + 0.24426575)*(-6.9221864*x1 + 8.145485 - 1.5039074/(x0 + 0.15498215)),True,17,6
symbolfit,g0031,strogatz_shearflow1,520,clean,0.0,iaaccn29,formal3h_13alg_ssr50_seed520-522_noise0-001-005_20260622-014658,symbolfit_s520_clean_g0031,/home/zhangziwen/workplace/scientific-intelligent-modelling/experiments/formal3h_13alg_ssr50_seed520-522_noise0-001-005_20260622-014658/symbolfit/seed520/tasks/symbolfit_s520_clean_g0031/iaaccn29/symbolfit/g0031_strogatz_shearflow1/progress/minute_0060.json,332bd516b9d82c6da3489a3f4fdb3f75afab8e1cecc60fb3d4843f91dd4f024b,60,3600.035,ok,True,True,1.9226869088330145e+27,8.136591183713975,3600.035,((cos(x1) / ((x1 + 0.94530964) - 1.4744006)) + exp((x1 - cos(x1)) / (-0.21169598 - x1))) + ((-0.98160386 - x1) + log(0.06469365)),-x1 + exp((x1 - cos(x1))/(-x1 - 0.21169598)) - 3.71969608757778 + cos(x1)/(x1 - 0.52909096),True,28,7
symbolfit,g0032,strogatz_vdp1,520,clean,0.0,iaaccn24,formal3h_13alg_ssr50_seed520-522_noise0-001-005_20260622-014658,symbolfit_s520_clean_g0032,/home/zhangziwen/workplace/scientific-intelligent-modelling/experiments/formal3h_13alg_ssr50_seed520-522_noise0-001-005_20260622-014658/symbolfit/seed520/tasks/symbolfit_s520_clean_g0032/iaaccn24/symbolfit/g0032_strogatz_vdp1/progress/minute_0060.json,2aed66b82a98d3fd6356b5a0410a6a7041efe524e7d8e7ab392fd8248c33eee4,60,3600.042,ok,True,True,546043.2806990601,196263.74043352072,3600.041,(x0 * (((exp((x0 * 0.16977055) + ((x0 + (11.771126 + x1)) / 3.0383816)) - 47.418125) * (1.046688 - x0)) - 8.717508)) * 38.15957,38.15957*x0*((1.046688 - x0)*(48.1414423103797*exp(0.498893132890839*x0 + 0.329122582890839*x1) - 47.418125) - 8.717508),True,23,9
symbolfit,g0033,first_principles_hubble,520,clean,0.0,iaaccn27,formal3h_13alg_ssr50_seed520-522_noise0-001-005_20260622-014658,symbolfit_s520_clean_g0033,/home/zhangziwen/workplace/scientific-intelligent-modelling/experiments/formal3h_13alg_ssr50_seed520-522_noise0-001-005_20260622-014658/symbolfit/seed520/tasks/symbolfit_s520_clean_g0033/iaaccn27/symbolfit/g0033_first_principles_hubble/progress/minute_0060.json,415c8c2b013a67f1caae1109b122be9c8aebe628b156ca84b0e9c8d8e92f372a,60,3600.038,ok,True,True,0.9913254140583144,0.993100776869348,3600.037,(sin(sin(((sin(sin(x0 / -0.049212206)) * (x0 + x0)) + 0.6147092) * (x0 + sin(x0 / -0.049212206)))) + sin(x0)) + x0,x0 + sin(x0) + sin(sin((x0 - sin(20.3201620345977*x0))*(-2*x0*sin(sin(20.3201620345977*x0)) + 0.6147092))),True,25,10
symbolfit,g0034,first_principles_leavitt,520,clean,0.0,iaaccn28,formal3h_13alg_ssr50_seed520-522_noise0-001-005_20260622-014658,symbolfit_s520_clean_g0034,/home/zhangziwen/workplace/scientific-intelligent-modelling/experiments/formal3h_13alg_ssr50_seed520-522_noise0-001-005_20260622-014658/symbolfit/seed520/tasks/symbolfit_s520_clean_g0034/iaaccn28/symbolfit/g0034_first_principles_leavitt/progress/minute_0060.json,97b6a035b9d869097a4a318875d69e88c3fc0e5ff600a606b10436a79fc60b7a,60,3600.03,ok,True,True,0.8735666650276328,0.8510088595429928,3600.03,cos(cos(-0.28042132 - sin((-1.5955884 - x0) + ((exp(-0.8886124) / sin(0.4434699 - (1.4574981 - (sin(x0) / 0.3381903)))) * -0.0013487022)))) * 1.4574981,1.4574981*cos(cos(sin(x0 + 1.5955884 + 0.000554621376104748/sin(2.95691508597378*sin(x0) - 1.0140282)) - 0.28042132)),True,21,13
symbolfit,g0035,feynman-ii.4.23,520,clean,0.0,iaaccn24,formal3h_13alg_ssr50_seed520-522_noise0-001-005_20260622-014658,symbolfit_s520_clean_g0035,/home/zhangziwen/workplace/scientific-intelligent-modelling/experiments/formal3h_13alg_ssr50_seed520-522_noise0-001-005_20260622-014658/symbolfit/seed520/tasks/symbolfit_s520_clean_g0035/iaaccn24/symbolfit/g0035_feynman-ii.4.23/progress/minute_0060.json,12e9bde65db1680c26bbf992e7136c3aa582214820c72565f7765ed1a66630b8,60,3600.035,ok,True,True,0.9999999947117186,0.9999999975270878,3600.035,(x0 + -0.49979717) * (((-0.023476431 / sin(cos(cos(exp((x1 - 1.0445334) + 0.5065841))) + -2.406946)) - -117.05925) / ((x1 * 6.7771072) + 0.06857035)),(117.05925 - 0.023476431/sin(cos(cos(0.583944520389313*exp(x1))) - 2.406946))*(x0 - 0.49979717)/(6.7771072*x1 + 0.06857035),True,26,11
symbolfit,g0036,feynman-iii.7.38,520,clean,0.0,iaaccn26,formal3h_13alg_ssr50_seed520-522_noise0-001-005_20260622-014658,symbolfit_s520_clean_g0036,/home/zhangziwen/workplace/scientific-intelligent-modelling/experiments/formal3h_13alg_ssr50_seed520-522_noise0-001-005_20260622-014658/symbolfit/seed520/tasks/symbolfit_s520_clean_g0036/iaaccn26/symbolfit/g0036_feynman-iii.7.38/progress/minute_0060.json,d166b74090fd0c277f07437ebd0a906314cecbed9237e11b4b9ccf1cf7f001e2,60,3600.057,ok,True,True,1.0,1.0,3600.057,((((-15.652764 - (x0 + -0.5003644)) + x0) - -0.44878346) + (((x1 * 12.813832) + -6.3962264) * 1466.8622)) * ((x0 + -0.5003644) - 4.1424846e-6),(x0 - 0.5003685424846)*(18796.1257979504*x1 - 9397.08634494208),True,9,4
symbolfit,g0037,feynman-i.18.16,520,clean,0.0,iaaccn28,formal3h_13alg_ssr50_seed520-522_noise0-001-005_20260622-014658,symbolfit_s520_clean_g0037,/home/zhangziwen/workplace/scientific-intelligent-modelling/experiments/formal3h_13alg_ssr50_seed520-522_noise0-001-005_20260622-014658/symbolfit/seed520/tasks/symbolfit_s520_clean_g0037/iaaccn28/symbolfit/g0037_feynman-i.18.16/progress/minute_0060.json,c0bb9afaea9f60b8432adfd1fd9bff1b7f84f626c27802a415382c20460696da,60,3600.04,ok,True,True,28876200.25205677,417022395.25283766,3600.039,(((x3 * (x1 * 5352.7563)) + x3) - -16.645617) * ((x0 + 0.011131106) * sin(x4 * 6.2823596)),(x0 + 0.011131106)*(5352.7563*x1*x3 + x3 + 16.645617)*sin(6.2823596*x4),True,15,4
symbolfit,g0038,feynman-ii.27.18,520,clean,0.0,iaaccn24,formal3h_13alg_ssr50_seed520-522_noise0-001-005_20260622-014658,symbolfit_s520_clean_g0038,/home/zhangziwen/workplace/scientific-intelligent-modelling/experiments/formal3h_13alg_ssr50_seed520-522_noise0-001-005_20260622-014658/symbolfit/seed520/tasks/symbolfit_s520_clean_g0038/iaaccn24/symbolfit/g0038_feynman-ii.27.18/progress/minute_0060.json,dab221e92f079ca9cbe3c4e5f6e0cf2640aa0c85c28d13f2df9c30a120323da0,60,3600.025,ok,True,True,1.0065322021699616e+24,1.0047373637780723e+24,3600.025,(x0 * ((x0 * 8.8592825) + (x1 + (0.17909242 - x1)))) - -0.00090509944,x0*(8.8592825*x0 + 0.17909242) + 0.00090509944,True,9,5
symbolfit,g0039,feynman-ii.34.11,520,clean,0.0,iaaccn29,formal3h_13alg_ssr50_seed520-522_noise0-001-005_20260622-014658,symbolfit_s520_clean_g0039,/home/zhangziwen/workplace/scientific-intelligent-modelling/experiments/formal3h_13alg_ssr50_seed520-522_noise0-001-005_20260622-014658/symbolfit/seed520/tasks/symbolfit_s520_clean_g0039/iaaccn29/symbolfit/g0039_feynman-ii.34.11/progress/minute_0060.json,60072a44c90a259580c6bc186771ac0c11fb7142385ad67ba15f9cd56ab2582a,60,3600.048,ok,True,True,1.0000000000000246,1.000000000000001,3600.048,exp((((x2 - sin(exp((0.06109502 - (x2 - 0.54666334)) + x0))) / (-0.10733608 - x5)) + cos(0.07895233)) * x4) / log(1.8718427),1.59509133802192*exp(x4*((x2 - sin(1.83631043472544*exp(x0 - x2)))/(-x5 - 0.10733608) + 0.996884883463813)),True,28,13
symbolfit,g0040,feynman-i.29.16,520,clean,0.0,iaaccn26,formal3h_13alg_ssr50_seed520-522_noise0-001-005_20260622-014658,symbolfit_s520_clean_g0040,/home/zhangziwen/workplace/scientific-intelligent-modelling/experiments/formal3h_13alg_ssr50_seed520-522_noise0-001-005_20260622-014658/symbolfit/seed520/tasks/symbolfit_s520_clean_g0040/iaaccn26/symbolfit/g0040_feynman-i.29.16/progress/minute_0060.json,08e8e53fd3d98c82171f62fa11032bb654cea9e724911b05291b4beb17c83fc4,60,3600.035,ok,True,True,194811.99595560148,32043342.274074294,3600.035,(x1 + ((x0 + -0.87669325) * cos((x0 + (x1 / -0.43352294)) / sin(sin(-0.5492263 - (x2 + x3)))))) + exp(x0),x1 + (x0 - 0.87669325)*cos((x0 - 2.30668300966957*x1)/sin(sin(x2 + x3 + 0.5492263))) + exp(x0),True,23,9
symbolfit,g0041,feynman-bonus.20,520,clean,0.0,iaaccn28,formal3h_13alg_ssr50_seed520-522_noise0-001-005_20260622-014658,symbolfit_s520_clean_g0041,/home/zhangziwen/workplace/scientific-intelligent-modelling/experiments/formal3h_13alg_ssr50_seed520-522_noise0-001-005_20260622-014658/symbolfit/seed520/tasks/symbolfit_s520_clean_g0041/iaaccn28/symbolfit/g0041_feynman-bonus.20/progress/minute_0060.json,8f71fa2b6e78c1be94dcdd4f60fa40d11a83ba7457211a8403f1873c99f57b86,60,3600.058,ok,True,True,4.0506163933781116e+46,1.0575127470986315e+45,3600.058,exp((x2 - ((x3 / 0.018337114) - x2)) * (2.7413037 - cos(((2.4294288 - (x3 / 0.01795083)) - x2) - x3))) + -0.09899097,exp((2.7413037 - cos(x2 + 56.7077305060546*x3 - 2.4294288))*(2*x2 - 54.5342086001101*x3)) - 0.09899097,True,22,9
symbolfit,g0042,feynman-i.15.3t,520,clean,0.0,iaaccn26,formal3h_13alg_ssr50_seed520-522_noise0-001-005_20260622-014658,symbolfit_s520_clean_g0042,/home/zhangziwen/workplace/scientific-intelligent-modelling/experiments/formal3h_13alg_ssr50_seed520-522_noise0-001-005_20260622-014658/symbolfit/seed520/tasks/symbolfit_s520_clean_g0042/iaaccn26/symbolfit/g0042_feynman-i.15.3t/progress/minute_0060.json,40179ec14e7cf07f15aadfb5baefc6a09ef75a7d47d366e93129fe5241626a43,60,3600.036,ok,True,True,2290850.9222060125,173866.12674646807,3600.036,(x1 - (((sin((x4 * log(0.6811216)) + ((x3 + 0.744598) + x3)) * 0.0055169053) + -2.6482127) * x1)) + (x1 + 0.046968367),-x1*(0.0055169053*sin(2*x3 - 0.384014427832937*x4 + 0.744598) - 2.6482127) + 2*x1 + 0.046968367,True,21,8
symbolfit,g0043,feynman-i.39.22,520,clean,0.0,iaaccn26,formal3h_13alg_ssr50_seed520-522_noise0-001-005_20260622-014658,symbolfit_s520_clean_g0043,/home/zhangziwen/workplace/scientific-intelligent-modelling/experiments/formal3h_13alg_ssr50_seed520-522_noise0-001-005_20260622-014658/symbolfit/seed520/tasks/symbolfit_s520_clean_g0043/iaaccn26/symbolfit/g0043_feynman-i.39.22/progress/minute_0060.json,96c0abd074d602f359671769f410e06469337e0da61a4744426ccd36a79d72a2,60,3600.037,ok,True,True,3.456785110108765e+40,6.43730544975624e+41,3600.037,((((x1 / 0.12063001) * 1.7955065) * (x3 + 0.0105064325)) / ((x4 / 0.06584378) - -0.15374473)) - -0.009450875,14.8844097749805*x1*(x3 + 0.0105064325)/(15.1874634171975*x4 + 0.15374473) + 0.009450875,True,15,6
symbolfit,g0044,feynman-iii.10.19,520,clean,0.0,iaaccn29,formal3h_13alg_ssr50_seed520-522_noise0-001-005_20260622-014658,symbolfit_s520_clean_g0044,/home/zhangziwen/workplace/scientific-intelligent-modelling/experiments/formal3h_13alg_ssr50_seed520-522_noise0-001-005_20260622-014658/symbolfit/seed520/tasks/symbolfit_s520_clean_g0044/iaaccn29/symbolfit/g0044_feynman-iii.10.19/progress/minute_0060.json,ac6fc673f2d82757e328af14ed4f651c10fb3447c0b31f2b2c2d997f4a6d8692,60,3600.056,ok,True,True,3.032049766092812e+54,2.0147559710944144e+48,3600.056,((x2 * 630.5236) + exp((x2 - exp(((x3 - x5) * ((x3 - x5) * (x4 * -26.382599))) - x4)) * 6.495597)) + -323.7426,630.5236*x2 + exp(6.495597*x2 - 6.495597*exp(-26.382599*x4*(x3 - x5)**2 - x4)) - 323.7426,True,27,11
symbolfit,g0045,feynman-i.13.12,520,clean,0.0,iaaccn25,formal3h_13alg_ssr50_seed520-522_noise0-001-005_20260622-014658,symbolfit_s520_clean_g0045,/home/zhangziwen/workplace/scientific-intelligent-modelling/experiments/formal3h_13alg_ssr50_seed520-522_noise0-001-005_20260622-014658/symbolfit/seed520/tasks/symbolfit_s520_clean_g0045/iaaccn25/symbolfit/g0045_feynman-i.13.12/progress/minute_0060.json,ec42d9d05107da88f577aa73637c2dd066365e16ae629dc6c45e1cf91b0592d1,60,3600.025,ok,True,True,3.0383350992134648e+22,2.284323792110412e+22,3600.025,((x0 - (x0 * ((x3 - -0.008447348) * exp(4.605005 - (x2 * 47.239704))))) - x3) * ((x1 * -18.62445) / (x3 - -0.009113291)),-18.62445*x1*(-99.9834827654363*x0*(x3 + 0.008447348)*exp(-47.239704*x2) + x0 - x3)/(x3 + 0.009113291),True,23,6
symbolfit,g0046,feynman-i.32.5,520,clean,0.0,iaaccn22,formal3h_13alg_ssr50_seed520-522_noise0-001-005_20260622-014658,symbolfit_s520_clean_g0046,/home/zhangziwen/workplace/scientific-intelligent-modelling/experiments/formal3h_13alg_ssr50_seed520-522_noise0-001-005_20260622-014658/symbolfit/seed520/tasks/symbolfit_s520_clean_g0046/iaaccn22/symbolfit/g0046_feynman-i.32.5/progress/minute_0060.json,15d596ee98370b09e81e4104b9d0fcb0cbd7b8f6e6b6516239fe5f40d39c2fed,60,3600.03,ok,True,True,2.722108654914693e+40,8.806239382300402e+38,3600.03,((exp(exp(1.4224848 - cos(cos((1.2312046 - x0) / -0.4650972)))) - 4.5912776) * ((x1 * 18.54855) - -0.3772674)) * x1,x1*(18.54855*x1 + 0.3772674)*(exp(4.14741313947505*exp(-cos(cos(2.15008819661783*x0 - 2.64719847808157)))) - 4.5912776),True,22,11
symbolfit,g0047,feynman-i.43.31,520,clean,0.0,iaaccn25,formal3h_13alg_ssr50_seed520-522_noise0-001-005_20260622-014658,symbolfit_s520_clean_g0047,/home/zhangziwen/workplace/scientific-intelligent-modelling/experiments/formal3h_13alg_ssr50_seed520-522_noise0-001-005_20260622-014658/symbolfit/seed520/tasks/symbolfit_s520_clean_g0047/iaaccn25/symbolfit/g0047_feynman-i.43.31/progress/minute_0060.json,d419a84f064fc32920df0bcb4057b3c0ab8854f600fc4cb4045214d8db4e12c0,60,3600.049,ok,True,True,2.4309989470001213e+48,2.430945745689779e+48,3600.049,(((0.010065078 + ((x1 * -0.0046824613) + (x1 * -0.004682426))) + ((x1 + x1) + 0.010064837)) * 10.813727) * (x0 + 0.0101098465),(x0 + 0.0101098465)*(21.526184665352*x1 + 0.217679405343205),True,9,4
symbolfit,g0048,feynman-i.11.19,520,clean,0.0,iaaccn24,formal3h_13alg_ssr50_seed520-522_noise0-001-005_20260622-014658,symbolfit_s520_clean_g0048,/home/zhangziwen/workplace/scientific-intelligent-modelling/experiments/formal3h_13alg_ssr50_seed520-522_noise0-001-005_20260622-014658/symbolfit/seed520/tasks/symbolfit_s520_clean_g0048/iaaccn24/symbolfit/g0048_feynman-i.11.19/progress/minute_0060.json,3faf69eea33d0510c27a1b1b1ffc585fecdb5c16289613a40dffa4e1b488b15f,60,3600.042,ok,True,True,2949331856.943488,2570782801.1443386,3600.042,((((x6 + -0.49675384) * (-4394.5137 + (x5 * 8767.176))) + (-1.2330927 - ((x3 - x0) * (4267.217 * (x1 - x2))))) / 0.13490903) - x7,-x7 - 7.41240226840264*(-x0 + x3)*(4267.217*x1 - 4267.217*x2) + 7.41240226840264*(8767.176*x5 - 4394.5137)*(x6 - 0.49675384) - 9.14017912663074,True,29,5
symbolfit,g0049,feynman-ii.34.2a,520,clean,0.0,iaaccn27,formal3h_13alg_ssr50_seed520-522_noise0-001-005_20260622-014658,symbolfit_s520_clean_g0049,/home/zhangziwen/workplace/scientific-intelligent-modelling/experiments/formal3h_13alg_ssr50_seed520-522_noise0-001-005_20260622-014658/symbolfit/seed520/tasks/symbolfit_s520_clean_g0049/iaaccn27/symbolfit/g0049_feynman-ii.34.2a/progress/minute_0060.json,37d6056abeea64d5ccad7792867e0d341f1918dd9bdb7bf6d25c88569675a5e5,60,3600.031,ok,True,True,8700927.77452285,278714.4774419935,3600.031,((x1 * 185.70009) + -92.83931) * ((-5.0051966 - (x3 * -10.008087)) / ((x4 + (0.18447046 + (8.6148405 * (x4 + x4)))) + (0.0074245767 * x4))),(185.70009*x1 - 92.83931)*(10.008087*x3 - 5.0051966)/(18.2371055767*x4 + 0.18447046),True,18,5
symbolfit,g0050,Vladislavleva-4,520,clean,0.0,iaaccn28,formal3h_13alg_ssr50_seed520-522_noise0-001-005_20260622-014658,symbolfit_s520_clean_g0050,/home/zhangziwen/workplace/scientific-intelligent-modelling/experiments/formal3h_13alg_ssr50_seed520-522_noise0-001-005_20260622-014658/symbolfit/seed520/tasks/symbolfit_s520_clean_g0050/iaaccn28/symbolfit/g0050_Vladislavleva-4/progress/minute_0060.json,eab8b4191cc4452fc4ef8aa2844445a74c03fc4e72364e528042e89e12f87fd5,60,3600.034,ok,True,True,23444.99273181707,52233.6575008063,3600.034,sin(exp(x2)) * ((((sin(exp(sin(x1))) - x0) * (exp(sin(exp(x3))) * x0)) * (x4 + x2)) + sin(exp(x4))),(x0*(-x0 + sin(exp(sin(x1))))*(x2 + x4)*exp(sin(exp(x3))) + sin(exp(x4)))*sin(exp(x2)),True,25,8
symbolfit,g0001,Keijzer-11,520,noise001,0.01,iaaccn26,formal3h_13alg_ssr50_seed520-522_noise0-001-005_20260622-014658,symbolfit_s520_noise001_g0001,/home/zhangziwen/workplace/scientific-intelligent-modelling/experiments/formal3h_13alg_ssr50_seed520-522_noise0-001-005_20260622-014658/symbolfit/seed520/tasks/symbolfit_s520_noise001_g0001/iaaccn26/symbolfit/g0001_Keijzer-11/progress/minute_0060.json,b68f4daaf8e60be25b5f8b8275e080c1730f6045f67f6c798841716f13f6371f,60,3600.069,ok,True,True,255.0112478339625,256.0163338528368,3600.069,(((x1 - 0.61140525) * ((x0 * 16.243801) + (cos((x1 / 0.7458249) + ((0.019543862 - sin(x0)) * 19.445923)) + -6.9819827))) + -0.30233538) + x0,x0 + (x1 - 0.61140525)*(16.243801*x0 + cos(1.34079728365197*x1 - 19.445923*sin(x0) + 0.380048435574626) - 6.9819827) - 0.30233538,True,22,8
symbolfit,g0002,Keijzer-2,520,noise001,0.01,iaaccn24,formal3h_13alg_ssr50_seed520-522_noise0-001-005_20260622-014658,symbolfit_s520_noise001_g0002,/home/zhangziwen/workplace/scientific-intelligent-modelling/experiments/formal3h_13alg_ssr50_seed520-522_noise0-001-005_20260622-014658/symbolfit/seed520/tasks/symbolfit_s520_noise001_g0002/iaaccn24/symbolfit/g0002_Keijzer-2/progress/minute_0060.json,7736219f097a1a27925153f5d9e4f479fbcadd82fda48b645fefada617e64514,60,3600.035,ok,True,True,444.4108438624233,115.75771691669068,3600.035,(sin(x0 / -0.039804235) * ((cos((x0 * sin(x0 + -0.9638309)) / 0.067904554) - -0.039804235) + 10.421981)) * cos((x0 - -0.12553833) / 0.3995654),-(cos(14.7265528023349*x0*sin(x0 - 0.9638309)) + 10.461785235)*sin(25.1229548815597*x0)*cos(2.5027192044156*x0 + 0.314187189381263),True,22,7
symbolfit,g0003,Korns-2,520,noise001,0.01,iaaccn22,formal3h_13alg_ssr50_seed520-522_noise0-001-005_20260622-014658,symbolfit_s520_noise001_g0003,/home/zhangziwen/workplace/scientific-intelligent-modelling/experiments/formal3h_13alg_ssr50_seed520-522_noise0-001-005_20260622-014658/symbolfit/seed520/tasks/symbolfit_s520_noise001_g0003/iaaccn22/symbolfit/g0003_Korns-2/progress/minute_0060.json,173af47c5afa8b65a42543f27817e7ce825dcae5893862b0533ad9a341e0f32e,60,3600.052,ok,True,True,4666.946683688552,341911.9412080556,3600.052,((((x0 * -0.193526) / (x1 + -0.02842827)) - (x3 * -0.94537365)) * ((x1 * (x3 / (x4 + -0.48776954))) - -0.56766325)) - (x4 + -0.48776954),-x4 + (-0.193526*x0/(x1 - 0.02842827) + 0.94537365*x3)*(x1*x3/(x4 - 0.48776954) + 0.56766325) + 0.48776954,True,28,7
symbolfit,g0004,Korns-4,520,noise001,0.01,iaaccn28,formal3h_13alg_ssr50_seed520-522_noise0-001-005_20260622-014658,symbolfit_s520_noise001_g0004,/home/zhangziwen/workplace/scientific-intelligent-modelling/experiments/formal3h_13alg_ssr50_seed520-522_noise0-001-005_20260622-014658/symbolfit/seed520/tasks/symbolfit_s520_noise001_g0004/iaaccn28/symbolfit/g0004_Korns-4/progress/minute_0060.json,83b31f1857de7825b828a284fc2de0a6a53dfb13e68ae283ee74a17ab3ee9e62,60,3600.038,ok,True,True,0.32064029415450557,0.32115411945126393,3600.038,sin(-0.91410106 - sin(1.276951 - sin(1.5498818 - ((x2 / 0.029753905) - x2)))) + -0.028457947,-sin(sin(sin(32.6090338394238*x2 - 1.5498818) + 1.276951) + 0.91410106) - 0.028457947,True,16,10
symbolfit,g0005,BPG3,520,noise001,0.01,iaaccn23,formal3h_13alg_ssr50_seed520-522_noise0-001-005_20260622-014658,symbolfit_s520_noise001_g0005,/home/zhangziwen/workplace/scientific-intelligent-modelling/experiments/formal3h_13alg_ssr50_seed520-522_noise0-001-005_20260622-014658/symbolfit/seed520/tasks/symbolfit_s520_noise001_g0005/iaaccn23/symbolfit/g0005_BPG3/progress/minute_0060.json,36eb27f23ded93cea63426f6a18c2e5b014b40984d079cbcae25c2eeab201bd1,60,3600.035,ok,True,True,2767.2891646535136,5429976.94160778,3600.035,(((x1 * (-71.00989 - (x1 * -23.51582))) - sin(x1 * (x1 * x1))) * 0.6241156) - (x1 - -0.0010292596),0.6241156*x1*(23.51582*x1 - 71.00989) - x1 - 0.6241156*sin(x1**3) - 0.0010292596,True,19,5
symbolfit,g0006,BPG5,520,noise001,0.01,iaaccn27,formal3h_13alg_ssr50_seed520-522_noise0-001-005_20260622-014658,symbolfit_s520_noise001_g0006,/home/zhangziwen/workplace/scientific-intelligent-modelling/experiments/formal3h_13alg_ssr50_seed520-522_noise0-001-005_20260622-014658/symbolfit/seed520/tasks/symbolfit_s520_noise001_g0006/iaaccn27/symbolfit/g0006_BPG5/progress/minute_0060.json,32d11d29bd16c0a4318f7a13ca5ed2ea56c2db3159e89513f23de58d44b3c1ea,60,3600.039,ok,True,True,6796231368.542077,120125804571951.77,3600.039,(0.41923907 - (x1 * 0.41945744)) * ((x1 * 133.67575) + (1.418622 + (sin((x1 * x1) + ((sin(x1) * 133.67575) + 0.77349734)) * 0.018545402))),(0.41923907 - 0.41945744*x1)*(133.67575*x1 + 0.018545402*sin(x1**2 + 133.67575*sin(x1) + 0.77349734) + 1.418622),True,23,8
symbolfit,g0007,BPG9,520,noise001,0.01,iaaccn25,formal3h_13alg_ssr50_seed520-522_noise0-001-005_20260622-014658,symbolfit_s520_noise001_g0007,/home/zhangziwen/workplace/scientific-intelligent-modelling/experiments/formal3h_13alg_ssr50_seed520-522_noise0-001-005_20260622-014658/symbolfit/seed520/tasks/symbolfit_s520_noise001_g0007/iaaccn25/symbolfit/g0007_BPG9/progress/minute_0060.json,07be7416bda27772f038793b09cdd80056d0031342a2719e475c8713f2845906,60,3600.032,ok,True,True,557461980943035.3,2.6928074253014646e+18,3600.031,(exp(x1 + ((x1 * 0.5055461) - 0.21453328)) * (sin(x1 * 3.1678321) * 8.484593)) - -0.725871,6.84637045000681*exp(1.5055461*x1)*sin(3.1678321*x1) + 0.725871,True,12,5
symbolfit,g0008,CRK0,520,noise001,0.01,iaaccn26,formal3h_13alg_ssr50_seed520-522_noise0-001-005_20260622-014658,symbolfit_s520_noise001_g0008,/home/zhangziwen/workplace/scientific-intelligent-modelling/experiments/formal3h_13alg_ssr50_seed520-522_noise0-001-005_20260622-014658/symbolfit/seed520/tasks/symbolfit_s520_noise001_g0008/iaaccn26/symbolfit/g0008_CRK0/progress/minute_0060.json,9efe17c658c174741e9422dc4f73db503d7126d06df8af74686d1d4e40a43ef4,60,3600.035,ok,True,True,59885351.10364241,496269601711.5055,3600.035,(((1.7714342 - (x1 * (((x1 - -0.080718145) - ((x0 * x0) / 1.6374434)) * 0.13851453))) * x1) + 6.678493) * ((x1 * -3.4949303) + 3.4786828),(3.4786828 - 3.4949303*x1)*(x1*(-x1*(-0.0845919498652595*x0**2 + 0.13851453*x1 + 0.0111806359171469) + 1.7714342) + 6.678493),True,25,9
symbolfit,g0009,CRK10,520,noise001,0.01,iaaccn29,formal3h_13alg_ssr50_seed520-522_noise0-001-005_20260622-014658,symbolfit_s520_noise001_g0009,/home/zhangziwen/workplace/scientific-intelligent-modelling/experiments/formal3h_13alg_ssr50_seed520-522_noise0-001-005_20260622-014658/symbolfit/seed520/tasks/symbolfit_s520_noise001_g0009/iaaccn29/symbolfit/g0009_CRK10/progress/minute_0060.json,5bf8ecec3854991dff67e842c86c1232bd07e3d36164f3836d760f9adfee33c7,60,3600.047,ok,True,True,269526.6278993701,7305439456.79954,3600.047,((x1 + ((cos(x1) * 2.1517944) - -0.4271548)) + ((-0.21823186 - (x1 * 1.3766195)) - x1)) * (x1 - -6.7461715),(x1 + 6.7461715)*(-1.3766195*x1 + 2.1517944*cos(x1) + 0.20892294),True,13,5
symbolfit,g0010,CRK11,520,noise001,0.01,iaaccn23,formal3h_13alg_ssr50_seed520-522_noise0-001-005_20260622-014658,symbolfit_s520_noise001_g0010,/home/zhangziwen/workplace/scientific-intelligent-modelling/experiments/formal3h_13alg_ssr50_seed520-522_noise0-001-005_20260622-014658/symbolfit/seed520/tasks/symbolfit_s520_noise001_g0010/iaaccn23/symbolfit/g0010_CRK11/progress/minute_0060.json,739fa64385560317bd78cb291c8a3ea715df8e40d195496a461d2428432cce4e,60,3600.036,ok,True,True,2963703.8119454463,17400517268.95302,3600.036,sin(x1) + (((((-3.1376278 - x1) * 16.32379) + (x1 + (x1 * sin(x1)))) * x1) - ((x1 - x1) - 0.12467202)),x1*(x1*sin(x1) - 15.32379*x1 - 51.217977305362) + sin(x1) + 0.12467202,True,15,6
symbolfit,g0011,CRK33,520,noise001,0.01,iaaccn22,formal3h_13alg_ssr50_seed520-522_noise0-001-005_20260622-014658,symbolfit_s520_noise001_g0011,/home/zhangziwen/workplace/scientific-intelligent-modelling/experiments/formal3h_13alg_ssr50_seed520-522_noise0-001-005_20260622-014658/symbolfit/seed520/tasks/symbolfit_s520_noise001_g0011/iaaccn22/symbolfit/g0011_CRK33/progress/minute_0060.json,7474d3fce12abe1f4c7a973a5c91d702fbb6020869f38492cd0d4850e5d76585,60,3600.051,ok,True,True,285101.0417061917,15914694545.673092,3600.051,cos(x1 * 1.5723401) * ((sin(x1) / exp(((((x1 * x1) * -0.0278889) / -0.5422863) / -0.19541968) + (-0.14144495 - x1))) + 13.472889),(1.15193708837859*exp(0.263168832896258*x1**2 + x1)*sin(x1) + 13.472889)*cos(1.5723401*x1),True,19,8
symbolfit,g0012,CRK34,520,noise001,0.01,iaaccn26,formal3h_13alg_ssr50_seed520-522_noise0-001-005_20260622-014658,symbolfit_s520_noise001_g0012,/home/zhangziwen/workplace/scientific-intelligent-modelling/experiments/formal3h_13alg_ssr50_seed520-522_noise0-001-005_20260622-014658/symbolfit/seed520/tasks/symbolfit_s520_noise001_g0012/iaaccn26/symbolfit/g0012_CRK34/progress/minute_0060.json,4cc3ab4cbc01d1ba185423058182b41b056108fd9c76e9419e7ed0f9e4caa7fc,60,3600.042,ok,True,True,637799.1227052782,24225209105.645863,3600.042,((x1 - ((x1 * 8.61757) - 7.610224)) / 1.2021419) * (((x1 + x1) - -3.9558098) - (0.5456554 / exp(x1 + sin(x0)))),(6.33055382230667 - 6.33666458177691*x1)*(2*x1 - 0.5456554*exp(-x1 - sin(x0)) + 3.9558098),True,22,8
symbolfit,g0013,I.11.19_4_0,520,noise001,0.01,iaaccn23,formal3h_13alg_ssr50_seed520-522_noise0-001-005_20260622-014658,symbolfit_s520_noise001_g0013,/home/zhangziwen/workplace/scientific-intelligent-modelling/experiments/formal3h_13alg_ssr50_seed520-522_noise0-001-005_20260622-014658/symbolfit/seed520/tasks/symbolfit_s520_noise001_g0013/iaaccn23/symbolfit/g0013_I.11.19_4_0/progress/minute_0060.json,641ecb0a3d8e1edc66a1a4bdbf2aa1cc2c66180812b7b49f66439bc67067085f,60,3600.066,ok,True,True,0.4767752803647805,43.646748523462584,3600.066,((x0 + ((exp((x5 - x1) - 0.5840963) * exp(x3)) * 0.20348471)) * -0.52393717) / (((x2 - -0.8056401) * 0.5950968) - 0.33073932),(-0.52393717*x0 - 0.0594485397688407*exp(x3)*exp(-x1 + x5))/(0.5950968*x2 + 0.14869452546168),True,22,7
symbolfit,g0014,II.11.27_1_0,520,noise001,0.01,iaaccn27,formal3h_13alg_ssr50_seed520-522_noise0-001-005_20260622-014658,symbolfit_s520_noise001_g0014,/home/zhangziwen/workplace/scientific-intelligent-modelling/experiments/formal3h_13alg_ssr50_seed520-522_noise0-001-005_20260622-014658/symbolfit/seed520/tasks/symbolfit_s520_noise001_g0014/iaaccn27/symbolfit/g0014_II.11.27_1_0/progress/minute_0060.json,2fa65e0416d0b53a03841666fa02600cb9e9f5ddba85f44f7f8e69f7d1ea9aab,60,3600.047,ok,True,True,0.47542733561523653,204.72187357884135,3600.047,(((x1 + 1.4496036) - ((x0 * -2.011022) - x0)) / (x1 + cos(log(x1 + (x1 + (x1 + (x1 + 0.20805176))))))) - 2.3786714,-2.3786714 + (3.011022*x0 + x1 + 1.4496036)/(x1 + cos(log(4*x1 + 0.20805176))),True,20,9
symbolfit,g0015,II.34.2_1_0,520,noise001,0.01,iaaccn28,formal3h_13alg_ssr50_seed520-522_noise0-001-005_20260622-014658,symbolfit_s520_noise001_g0015,/home/zhangziwen/workplace/scientific-intelligent-modelling/experiments/formal3h_13alg_ssr50_seed520-522_noise0-001-005_20260622-014658/symbolfit/seed520/tasks/symbolfit_s520_noise001_g0015/iaaccn28/symbolfit/g0015_II.34.2_1_0/progress/minute_0060.json,a79bc098fcb8ae4f182da08907003c45e5600a3beae960ac2325d0637ceb8a4f,60,3600.049,ok,True,True,0.9999992969483927,0.9999899100941163,3600.049,exp((((((x0 * 1.4544234) - x1) - x2) - ((x0 - 0.7834996) * x0)) * 1.817576) - ((sin(x2 * x2) * -1.4743986) + x2)),exp(-1.817576*x0*(x0 - 0.7834996) + 2.6435250656784*x0 - 1.817576*x1 - 2.817576*x2 + 1.4743986*sin(x2**2)),True,23,6
symbolfit,g0016,II.6.15b_3_0,520,noise001,0.01,iaaccn23,formal3h_13alg_ssr50_seed520-522_noise0-001-005_20260622-014658,symbolfit_s520_noise001_g0016,/home/zhangziwen/workplace/scientific-intelligent-modelling/experiments/formal3h_13alg_ssr50_seed520-522_noise0-001-005_20260622-014658/symbolfit/seed520/tasks/symbolfit_s520_noise001_g0016/iaaccn23/symbolfit/g0016_II.6.15b_3_0/progress/minute_0060.json,a05809c1cb2d934556ff3d5c55d08bae40b19872b7f3a5b857bf617a03f9f9f7,60,3600.052,ok,True,True,0.3512061858678135,0.17637292847863686,3600.052,(cos((-0.37299576 / cos((x0 / -0.2679016) * x0)) * sin((x0 / -0.15947263) * x0)) * -1.5128015) + 2.2844965,2.2844965 - 1.5128015*cos(0.37299576*sin(6.27066851534335*x0**2)/cos(3.73271380238117*x0**2)),True,21,9
symbolfit,g0017,III.21.20_3_0,520,noise001,0.01,iaaccn22,formal3h_13alg_ssr50_seed520-522_noise0-001-005_20260622-014658,symbolfit_s520_noise001_g0017,/home/zhangziwen/workplace/scientific-intelligent-modelling/experiments/formal3h_13alg_ssr50_seed520-522_noise0-001-005_20260622-014658/symbolfit/seed520/tasks/symbolfit_s520_noise001_g0017/iaaccn22/symbolfit/g0017_III.21.20_3_0/progress/minute_0060.json,02f09945f90929d9c90b84f228d8dc23d51e5116d3fcba15f6a8ebf8ac5af273,60,3600.055,ok,True,True,3.7853389509787714e+298,2.2452856982568035e+292,3600.055,((exp((x0 * ((x0 * (x3 + (26.959177 + x1))) + x2)) - 25.271732) + (sin(x2) * (x0 - -0.1209213))) + x1) * x0,x0*(x1 + (x0 + 0.1209213)*sin(x2) + 1.0583425189212e-11*exp(x0*(x0*(x1 + x3 + 26.959177) + x2))),True,23,9
symbolfit,g0018,MatSci21,520,noise001,0.01,iaaccn26,formal3h_13alg_ssr50_seed520-522_noise0-001-005_20260622-014658,symbolfit_s520_noise001_g0018,/home/zhangziwen/workplace/scientific-intelligent-modelling/experiments/formal3h_13alg_ssr50_seed520-522_noise0-001-005_20260622-014658/symbolfit/seed520/tasks/symbolfit_s520_noise001_g0018/iaaccn26/symbolfit/g0018_MatSci21/progress/minute_0060.json,3c095be7ee8090fd904c4f23eadf2f6770460f0258202541c570346eea837466,60,3600.028,ok,True,True,1.2717003891190677,1.162675185164196,3600.028,x0 + ((sin(x0) + (x0 * ((x0 * ((x0 * (x0 * 106.35438)) - -2.5914137)) + -47.208218))) + 1.4763618),x0*(x0*(106.35438*x0**2 + 2.5914137) - 47.208218) + x0 + sin(x0) + 1.4763618,True,18,8
symbolfit,g0019,PO19,520,noise001,0.01,iaaccn23,formal3h_13alg_ssr50_seed520-522_noise0-001-005_20260622-014658,symbolfit_s520_noise001_g0019,/home/zhangziwen/workplace/scientific-intelligent-modelling/experiments/formal3h_13alg_ssr50_seed520-522_noise0-001-005_20260622-014658/symbolfit/seed520/tasks/symbolfit_s520_noise001_g0019/iaaccn23/symbolfit/g0019_PO19/progress/minute_0060.json,c2b835ee3d6916e722306d3aed49bf2ae6ca00a17e5f1b4ddc1f34af98584280,60,3600.041,ok,True,True,387657974.4833299,4.8132552698877656e+16,3600.041,((((exp(((x2 - -0.20375234) - (sin(sin(x0)) * -3.8256176)) / -5.0584836) * -32.54601) + 22.239035) * -469.94482) - x0) - -8.902519,-x0 + 14691.0057551877*exp(-0.197687702298768*x2 - 0.756277553217727*sin(sin(x0))) - 10442.2167810487,True,17,8
symbolfit,g0020,PO41,520,noise001,0.01,iaaccn25,formal3h_13alg_ssr50_seed520-522_noise0-001-005_20260622-014658,symbolfit_s520_noise001_g0020,/home/zhangziwen/workplace/scientific-intelligent-modelling/experiments/formal3h_13alg_ssr50_seed520-522_noise0-001-005_20260622-014658/symbolfit/seed520/tasks/symbolfit_s520_noise001_g0020/iaaccn25/symbolfit/g0020_PO41/progress/minute_0060.json,9f17a0e1626733a37110a143fb454ebb92888340118bc6c8d4c922168fd3f40b,60,3600.396,ok,True,True,4883342.853615268,15819506603124.066,3600.396,(cos((sin(x0) * -3.2172105) - x2) * 298.4119) + (((1.7214049 - x2) - (x2 + sin(x2))) - (x2 - 2.0095127)),-3*x2 - sin(x2) + 298.4119*cos(x2 + 3.2172105*sin(x0)) + 3.7309176,True,18,7
symbolfit,g0021,Nguyen-12,520,noise001,0.01,iaaccn29,formal3h_13alg_ssr50_seed520-522_noise0-001-005_20260622-014658,symbolfit_s520_noise001_g0021,/home/zhangziwen/workplace/scientific-intelligent-modelling/experiments/formal3h_13alg_ssr50_seed520-522_noise0-001-005_20260622-014658/symbolfit/seed520/tasks/symbolfit_s520_noise001_g0021/iaaccn29/symbolfit/g0021_Nguyen-12/progress/minute_0060.json,bb665e4f4fb33bf703fc4f7dd91e086e05ce65315f79ae4d5ce1f5993a4d750b,60,3600.049,ok,True,True,4.848196461594826,6.065419921995164,3600.049,((((sin(x0 * (0.10367345 - (x0 / -0.3777513))) / -2.9813013) * 1.0604006) - (sin(x1) - sin(sin(x1 / -0.5423586)))) * 0.9711205) - 0.019828234,-0.9711205*sin(x1) - 0.34541183773418*sin(x0*(2.64724436421529*x0 + 0.10367345)) - 0.9711205*sin(sin(1.84379854952056*x1)) - 0.019828234,True,23,7
symbolfit,g0022,Nguyen-6,520,noise001,0.01,iaaccn25,formal3h_13alg_ssr50_seed520-522_noise0-001-005_20260622-014658,symbolfit_s520_noise001_g0022,/home/zhangziwen/workplace/scientific-intelligent-modelling/experiments/formal3h_13alg_ssr50_seed520-522_noise0-001-005_20260622-014658/symbolfit/seed520/tasks/symbolfit_s520_noise001_g0022/iaaccn25/symbolfit/g0022_Nguyen-6/progress/minute_0060.json,aa4c7f26be5e90c3c012b2f4a7b854cbd729cd80e54e687db2dc25e640232d64,60,3600.092,ok,True,True,21.23428368778146,14.2443679330368,3600.091,(((cos(((x0 * x0) - -1.2854071) + (x0 - (x0 * 0.51438874))) + -0.04504364) * -9.564723) - 0.3844618) + -1.0406885,-9.564723*cos(x0**2 + 0.48561126*x0 + 1.2854071) - 0.99432036048828,True,13,6
symbolfit,g0023,Nguyen-9,520,noise001,0.01,iaaccn22,formal3h_13alg_ssr50_seed520-522_noise0-001-005_20260622-014658,symbolfit_s520_noise001_g0023,/home/zhangziwen/workplace/scientific-intelligent-modelling/experiments/formal3h_13alg_ssr50_seed520-522_noise0-001-005_20260622-014658/symbolfit/seed520/tasks/symbolfit_s520_noise001_g0023/iaaccn22/symbolfit/g0023_Nguyen-9/progress/minute_0060.json,bf7793097bf7b99c0eec5ed652ec4118ad330ef2e2a258418a4c730cc63ea693,60,3600.037,ok,True,True,0.41912180012431244,0.0037549557045906063,3600.037,(x1 * 0.16103221) + (sin(x0 * 0.8779632) + sin(((x1 * 0.8642313) * x1) + 0.092684545)),0.16103221*x1 + sin(0.8779632*x0) + sin(0.8642313*x1**2 + 0.092684545),True,16,6
symbolfit,g0024,feynman_II_15_4,520,noise001,0.01,iaaccn29,formal3h_13alg_ssr50_seed520-522_noise0-001-005_20260622-014658,symbolfit_s520_noise001_g0024,/home/zhangziwen/workplace/scientific-intelligent-modelling/experiments/formal3h_13alg_ssr50_seed520-522_noise0-001-005_20260622-014658/symbolfit/seed520/tasks/symbolfit_s520_noise001_g0024/iaaccn29/symbolfit/g0024_feynman_II_15_4/progress/minute_0060.json,55448e8bfa7ed05d06b37b9815c5ca691c9a2f84089a3e0e56221d5f10859c31,60,3600.079,ok,True,True,3.566170164295977,3.5800313161664734,3600.079,cos((x2 - cos(-0.4628572 - sin(x2 / 0.92062676))) / 0.42712054) * (((x0 + -0.25400665) + x1) / 0.3301347),(3.02906662038253*x0 + 3.02906662038253*x1 - 0.769403064870188)*cos(2.34125944867929*x2 - 2.34125944867929*cos(sin(1.08621652492482*x2) + 0.4628572)),True,23,9
symbolfit,g0025,feynman_I_12_11,520,noise001,0.01,iaaccn22,formal3h_13alg_ssr50_seed520-522_noise0-001-005_20260622-014658,symbolfit_s520_noise001_g0025,/home/zhangziwen/workplace/scientific-intelligent-modelling/experiments/formal3h_13alg_ssr50_seed520-522_noise0-001-005_20260622-014658/symbolfit/seed520/tasks/symbolfit_s520_noise001_g0025/iaaccn22/symbolfit/g0025_feynman_I_12_11/progress/minute_0060.json,84e88816e922d567af6d3ef5b6a0a158ab3ac23009d49c3685cd8a11402cc80a,60,3600.06,ok,True,True,331.9677893191707,1063.6400397892317,3600.06,(((x0 + x0) * x1) + (((((x0 + x3) * exp(x2)) + -0.45495114) / 0.44970325) * cos(x4 * 2.9439306))) + 0.3118943,2*x0*x1 + (2.22368862132973*(x0 + x3)*exp(x2) - 1.01166967327899)*cos(2.9439306*x4) + 0.3118943,True,20,6
symbolfit,g0026,feynman_I_27_6,520,noise001,0.01,iaaccn23,formal3h_13alg_ssr50_seed520-522_noise0-001-005_20260622-014658,symbolfit_s520_noise001_g0026,/home/zhangziwen/workplace/scientific-intelligent-modelling/experiments/formal3h_13alg_ssr50_seed520-522_noise0-001-005_20260622-014658/symbolfit/seed520/tasks/symbolfit_s520_noise001_g0026/iaaccn23/symbolfit/g0026_feynman_I_27_6/progress/minute_0060.json,88f553e68a5ef72f2aafec4c0b37cc1882aaa958c0535a6d4167e9f3b4749c56,60,3600.076,ok,True,True,282.5940593469584,6348.034276823926,3600.076,((cos(0.64916766 - (cos(-2.5150197 - x2) - (x1 * -0.20372546))) + exp(x0 - x2)) / 1.5169654) * (cos(x0) + x1),(x1 + cos(x0))*(0.659210816542025*exp(x0 - x2) + 0.659210816542025*cos(0.20372546*x1 + cos(x2 + 2.5150197) - 0.64916766)),True,26,8
symbolfit,g0027,feynman_test_15,520,noise001,0.01,iaaccn22,formal3h_13alg_ssr50_seed520-522_noise0-001-005_20260622-014658,symbolfit_s520_noise001_g0027,/home/zhangziwen/workplace/scientific-intelligent-modelling/experiments/formal3h_13alg_ssr50_seed520-522_noise0-001-005_20260622-014658/symbolfit/seed520/tasks/symbolfit_s520_noise001_g0027/iaaccn22/symbolfit/g0027_feynman_test_15/progress/minute_0060.json,db798be80a440c709dd8a8d30799eef0b56e7fb63b121941607964205c497496,60,3600.042,ok,True,True,0.6528334712207217,1.6487531407058302,3600.042,((0.11198528 - x3) + sin((((x2 * (((x3 * 1.2465932) - 0.48593557) * x1)) * x2) + x3) + x3)) + (x2 * 1.3999528),1.3999528*x2 - x3 + sin(x1*x2**2*(1.2465932*x3 - 0.48593557) + 2*x3) + 0.11198528,True,23,7
symbolfit,g0028,strogatz_barmag1,520,noise001,0.01,iaaccn24,formal3h_13alg_ssr50_seed520-522_noise0-001-005_20260622-014658,symbolfit_s520_noise001_g0028,/home/zhangziwen/workplace/scientific-intelligent-modelling/experiments/formal3h_13alg_ssr50_seed520-522_noise0-001-005_20260622-014658/symbolfit/seed520/tasks/symbolfit_s520_noise001_g0028/iaaccn24/symbolfit/g0028_strogatz_barmag1/progress/minute_0060.json,1b43e2488eb5b8901d72ceeb28f0e9463e5fd1ce040806e7809f21805cb05f58,60,3600.056,ok,True,True,1.3162468106284454e+25,3.1308686238835994e+26,3600.056,exp((((x0 * x1) + ((0.9596428 + cos((x1 * 3.3199694) - 1.3692476)) - sin(x0 / -0.3080161))) - x0) - x0) + -0.40483665,2.61076374203855*exp(x0*x1 - 2*x0 + sin(3.24658353897735*x0) + cos(3.3199694*x1 - 1.3692476)) - 0.40483665,True,22,8
symbolfit,g0029,strogatz_barmag2,520,noise001,0.01,iaaccn26,formal3h_13alg_ssr50_seed520-522_noise0-001-005_20260622-014658,symbolfit_s520_noise001_g0029,/home/zhangziwen/workplace/scientific-intelligent-modelling/experiments/formal3h_13alg_ssr50_seed520-522_noise0-001-005_20260622-014658/symbolfit/seed520/tasks/symbolfit_s520_noise001_g0029/iaaccn26/symbolfit/g0029_strogatz_barmag2/progress/minute_0060.json,330973bddf06805ad88c8cc473a11d0d37c9f54b9cc9b51d5ac967b63208f0a8,60,3600.058,ok,True,True,10770.024994856443,3083.067046422151,3600.058,(cos(x0) * ((cos(x0) * sin(0.27811015 - ((x1 / 1.0054342) * 6.485004))) * 38.305904)) + (cos((x0 + 1.0031095) / 0.1277541) - x0),-x0 - 38.305904*sin(6.44995366181099*x1 - 0.27811015)*cos(x0)**2 + cos(7.82753743324089*x0 + 7.85187716088955),True,22,6
symbolfit,g0030,strogatz_predprey2,520,noise001,0.01,iaaccn26,formal3h_13alg_ssr50_seed520-522_noise0-001-005_20260622-014658,symbolfit_s520_noise001_g0030,/home/zhangziwen/workplace/scientific-intelligent-modelling/experiments/formal3h_13alg_ssr50_seed520-522_noise0-001-005_20260622-014658/symbolfit/seed520/tasks/symbolfit_s520_noise001_g0030/iaaccn26/symbolfit/g0030_strogatz_predprey2/progress/minute_0060.json,a21bcb5ff1fa60189b124f49a4676affed9d8b9fce821c55f032674aac1193f2,60,3600.093,ok,True,True,51978989.01865396,29513207957.174927,3600.092,(((x1 * (0.5267262 - (x1 + exp(sin(x0) * -9.855584)))) + sin(x0 / 1.929046)) / 0.047059488) - exp((x0 * -48.59199) + 0.17995523),21.2496999542366*x1*(-x1 + 0.5267262 - exp(-9.855584*sin(x0))) + 21.2496999542366*sin(0.518390955944026*x0) - 1.19716376490027*exp(-48.59199*x0),True,28,8
symbolfit,g0031,strogatz_shearflow1,520,noise001,0.01,iaaccn29,formal3h_13alg_ssr50_seed520-522_noise0-001-005_20260622-014658,symbolfit_s520_noise001_g0031,/home/zhangziwen/workplace/scientific-intelligent-modelling/experiments/formal3h_13alg_ssr50_seed520-522_noise0-001-005_20260622-014658/symbolfit/seed520/tasks/symbolfit_s520_noise001_g0031/iaaccn29/symbolfit/g0031_strogatz_shearflow1/progress/minute_0060.json,2528296d8697e289f00608187cda9c5c3907e44d2b3a465e53b23b4ae1f10af3,60,3600.044,ok,True,True,1899657.3579379905,5392649.481641307,3600.044,-1.0397152 - ((((x0 / 0.1199338) * ((x1 * -58.385513) - -10.027758)) * (-0.68532395 - cos(x1 / 0.0975832))) + x1),-8.33793309308969*x0*(10.027758 - 58.385513*x1)*(-cos(10.2476655817805*x1) - 0.68532395) - x1 - 1.0397152,True,21,7
symbolfit,g0032,strogatz_vdp1,520,noise001,0.01,iaaccn22,formal3h_13alg_ssr50_seed520-522_noise0-001-005_20260622-014658,symbolfit_s520_noise001_g0032,/home/zhangziwen/workplace/scientific-intelligent-modelling/experiments/formal3h_13alg_ssr50_seed520-522_noise0-001-005_20260622-014658/symbolfit/seed520/tasks/symbolfit_s520_noise001_g0032/iaaccn22/symbolfit/g0032_strogatz_vdp1/progress/minute_0060.json,53e5dfc404d6750a0a17c9a4916068784e1dc7ee7a1943aa0bdad2c4006bf5d2,60,3600.038,ok,True,True,186912.77337789544,31035.235980636007,3600.038,((((80.43054 - (sin(x0) * ((x0 - -0.39872923) * 63.99366))) * ((x1 + x0) * 10.0750675)) + -321.36847) * x0) - -5.8532686,x0*((10.0750675*x0 + 10.0750675*x1)*(-(63.99366*x0 + 25.5161427766818)*sin(x0) + 80.43054) - 321.36847) + 5.8532686,True,25,9
symbolfit,g0033,first_principles_hubble,520,noise001,0.01,iaaccn26,formal3h_13alg_ssr50_seed520-522_noise0-001-005_20260622-014658,symbolfit_s520_noise001_g0033,/home/zhangziwen/workplace/scientific-intelligent-modelling/experiments/formal3h_13alg_ssr50_seed520-522_noise0-001-005_20260622-014658/symbolfit/seed520/tasks/symbolfit_s520_noise001_g0033/iaaccn26/symbolfit/g0033_first_principles_hubble/progress/minute_0060.json,85804e47f67fa5bdfd91e8f8992bdd8386d566e9e6d2cb79efda109825650c45,60,3600.049,ok,True,True,0.9923806584416237,0.9981741946046891,3600.049,(sin((x0 / 0.3089812) + (x0 + (sin(sin(sin(exp(x0 - -2.763873)))) - 1.4485557))) + 0.92348623) * 0.95115805,0.95115805*sin(4.23644286448496*x0 + sin(sin(sin(15.8611543929717*exp(x0)))) - 1.4485557) + 0.878381361728651,True,17,10
symbolfit,g0034,first_principles_leavitt,520,noise001,0.01,iaaccn26,formal3h_13alg_ssr50_seed520-522_noise0-001-005_20260622-014658,symbolfit_s520_noise001_g0034,/home/zhangziwen/workplace/scientific-intelligent-modelling/experiments/formal3h_13alg_ssr50_seed520-522_noise0-001-005_20260622-014658/symbolfit/seed520/tasks/symbolfit_s520_noise001_g0034/iaaccn26/symbolfit/g0034_first_principles_leavitt/progress/minute_0060.json,1f51ebff9aa5e0c2c9604e8183fc750ea0d8e092fc26d078579e021458118e01,60,3600.072,ok,True,True,0.8734073709073653,0.8615396048932732,3600.072,1.2144551 / (cos(cos(x0 / cos((0.7117616 - cos(cos(-0.09107997 / (0.29239014 - x0)))) / -0.79082537))) - -0.60066295),1.2144551/(cos(cos(x0/cos(1.26450166868066*cos(cos(0.09107997/(0.29239014 - x0))) - 0.900023730902816))) + 0.60066295),True,28,17
symbolfit,g0035,feynman-ii.4.23,520,noise001,0.01,iaaccn27,formal3h_13alg_ssr50_seed520-522_noise0-001-005_20260622-014658,symbolfit_s520_noise001_g0035,/home/zhangziwen/workplace/scientific-intelligent-modelling/experiments/formal3h_13alg_ssr50_seed520-522_noise0-001-005_20260622-014658/symbolfit/seed520/tasks/symbolfit_s520_noise001_g0035/iaaccn27/symbolfit/g0035_feynman-ii.4.23/progress/minute_0060.json,06bc79b10a917cf9e75681482bc9f26c22211f8b63e7a26c52ce0c71639b8648,60,3600.035,ok,True,True,0.9999999946678144,0.9999999975064183,3600.035,(-1.4992981 + ((x0 + x0) + x0)) * ((14.5281315 / (0.025311995 + (x1 * 2.5040634))) - ((0.4834763 * (sin(x1) - 1.3011454)) / exp(1.8144602))),(3*x0 - 1.4992981)*(-0.0787707784402243*sin(x1) + 0.102492236021917 + 14.5281315/(2.5040634*x1 + 0.025311995)),True,21,7
symbolfit,g0036,feynman-iii.7.38,520,noise001,0.01,iaaccn27,formal3h_13alg_ssr50_seed520-522_noise0-001-005_20260622-014658,symbolfit_s520_noise001_g0036,/home/zhangziwen/workplace/scientific-intelligent-modelling/experiments/formal3h_13alg_ssr50_seed520-522_noise0-001-005_20260622-014658/symbolfit/seed520/tasks/symbolfit_s520_noise001_g0036/iaaccn27/symbolfit/g0036_feynman-iii.7.38/progress/minute_0060.json,cf315e8155a2eab88819c145659452260599c36eeb7277e9ecdee96fdb6f1294,60,3600.035,ok,True,True,1.0,1.0,3600.035,(((x1 + -0.49989632) * (x0 + -0.50032765)) * 19526.326) + (((x0 * -1.1073614) + 0.44752228) + ((sin(x1) + -0.5356095) * (x1 + -1.2381117))),-1.1073614*x0 + 19526.326*(x0 - 0.50032765)*(x1 - 0.49989632) + (x1 - 1.2381117)*(sin(x1) - 0.5356095) + 0.44752228,True,21,5
symbolfit,g0037,feynman-i.18.16,520,noise001,0.01,iaaccn29,formal3h_13alg_ssr50_seed520-522_noise0-001-005_20260622-014658,symbolfit_s520_noise001_g0037,/home/zhangziwen/workplace/scientific-intelligent-modelling/experiments/formal3h_13alg_ssr50_seed520-522_noise0-001-005_20260622-014658/symbolfit/seed520/tasks/symbolfit_s520_noise001_g0037/iaaccn29/symbolfit/g0037_feynman-i.18.16/progress/minute_0060.json,104b7c599c38fa7b17fe0e9a9d5d7f37b6d79e57d0e7218eb4faf6f792c7b054,60,3600.036,ok,True,True,10349048442.674538,349396183573.0254,3600.036,(((x3 * x3) - (x1 / -0.082906455)) - (-0.08558427 / sin(sin(-0.022193756 - x4)))) * (((x0 * 1057.2047) * x3) * (0.5078863 - x4)),1057.2047*x0*x3*(0.5078863 - x4)*(12.0617869863088*x1 + x3**2 - 0.08558427/sin(sin(x4 + 0.022193756))),True,25,8
symbolfit,g0038,feynman-ii.27.18,520,noise001,0.01,iaaccn26,formal3h_13alg_ssr50_seed520-522_noise0-001-005_20260622-014658,symbolfit_s520_noise001_g0038,/home/zhangziwen/workplace/scientific-intelligent-modelling/experiments/formal3h_13alg_ssr50_seed520-522_noise0-001-005_20260622-014658/symbolfit/seed520/tasks/symbolfit_s520_noise001_g0038/iaaccn26/symbolfit/g0038_feynman-ii.27.18/progress/minute_0060.json,ea198fe0673f62a1c8516d24520b1a2a5fd507134946bb298663a807e5ad5b80,60,3600.037,ok,True,True,1.005438495108348e+24,1.0036068899785225e+24,3600.037,((((x0 + x0) + x0) / 1.6306885) - ((x1 * ((x1 * 0.003987302) + -0.0027047354)) + -0.03364619)) * ((x0 + (x0 + 0.0047603184)) * 2.4063392),(4.8126784*x0 + 0.0114549407704013)*(1.83971371601627*x0 - x1*(0.003987302*x1 - 0.0027047354) + 0.03364619),True,19,6
symbolfit,g0039,feynman-ii.34.11,520,noise001,0.01,iaaccn28,formal3h_13alg_ssr50_seed520-522_noise0-001-005_20260622-014658,symbolfit_s520_noise001_g0039,/home/zhangziwen/workplace/scientific-intelligent-modelling/experiments/formal3h_13alg_ssr50_seed520-522_noise0-001-005_20260622-014658/symbolfit/seed520/tasks/symbolfit_s520_noise001_g0039/iaaccn28/symbolfit/g0039_feynman-ii.34.11/progress/minute_0060.json,3bb200883d12d7b2e281afbc02792cb668d153e5c6b109914533015401d2579c,60,3600.035,ok,True,True,0.9999999999309999,0.999999999996042,3600.035,exp((((x4 - ((x5 * 5.907302) - x5)) - x0) * 5.9747906) + ((-18.636997 - (cos(x2) * -22.287106)) - x3)),8.05480523501193e-9*exp(-5.9747906*x0 - x3 + 5.9747906*x4 - 29.3201018609612*x5 + 22.287106*cos(x2)),True,20,6
symbolfit,g0040,feynman-i.29.16,520,noise001,0.01,iaaccn27,formal3h_13alg_ssr50_seed520-522_noise0-001-005_20260622-014658,symbolfit_s520_noise001_g0040,/home/zhangziwen/workplace/scientific-intelligent-modelling/experiments/formal3h_13alg_ssr50_seed520-522_noise0-001-005_20260622-014658/symbolfit/seed520/tasks/symbolfit_s520_noise001_g0040/iaaccn27/symbolfit/g0040_feynman-i.29.16/progress/minute_0060.json,252595a2cfc966fa4b245d644d081df11cc3ae502ba75e8f1fe25c4db212917c,60,3600.038,ok,True,True,3.0308123285291875,0.1409228191503519,3600.038,x0 + ((x1 - ((x1 + ((x0 - sin(x0)) - (x0 * log(x1 - -0.37963152)))) * -1.7433978)) - 0.011669302),-1.7433978*x0*log(x1 + 0.37963152) + 2.7433978*x0 + 2.7433978*x1 - 1.7433978*sin(x0) - 0.011669302,True,19,5
symbolfit,g0041,feynman-bonus.20,520,noise001,0.01,iaaccn22,formal3h_13alg_ssr50_seed520-522_noise0-001-005_20260622-014658,symbolfit_s520_noise001_g0041,/home/zhangziwen/workplace/scientific-intelligent-modelling/experiments/formal3h_13alg_ssr50_seed520-522_noise0-001-005_20260622-014658/symbolfit/seed520/tasks/symbolfit_s520_noise001_g0041/iaaccn22/symbolfit/g0041_feynman-bonus.20/progress/minute_0060.json,fcc823fd9a4b40ae0d46a54035afc181624c6d3d4522e570d025977995d16de2,60,3600.03,ok,True,True,2.709380769410548e+91,1.341925385287359e+90,3600.03,((exp(((x3 * -218.56676) + 4.274323) + x2) + (1.9377794 - (sin(x3) * 3.2581863))) * x2) * (x2 + (-0.1274659 - x3)),x2*(x2 - x3 - 0.1274659)*(71.8314929240059*exp(x2 - 218.56676*x3) - 3.2581863*sin(x3) + 1.9377794),True,22,7
symbolfit,g0042,feynman-i.15.3t,520,noise001,0.01,iaaccn25,formal3h_13alg_ssr50_seed520-522_noise0-001-005_20260622-014658,symbolfit_s520_noise001_g0042,/home/zhangziwen/workplace/scientific-intelligent-modelling/experiments/formal3h_13alg_ssr50_seed520-522_noise0-001-005_20260622-014658/symbolfit/seed520/tasks/symbolfit_s520_noise001_g0042/iaaccn25/symbolfit/g0042_feynman-i.15.3t/progress/minute_0060.json,9d406e1411b4b902871708efe3f86adc83066251d17ef78b12d219e35cd1312f,60,3600.113,ok,True,True,538384087.0429685,39512291.75795668,3600.113,((x1 + ((x1 * cos(((((exp(x3) * 4.642913) + -0.10764438) * 1.4034817) + exp(x1)) + 4.642913)) * 0.00043925754)) * 4.642303) + 0.04718451,0.00203916659571462*x1*cos(exp(x1) + 6.5162434301921*exp(x3) + 4.49183608256215) + 4.642303*x1 + 0.04718451,True,17,7
symbolfit,g0043,feynman-i.39.22,520,noise001,0.01,iaaccn22,formal3h_13alg_ssr50_seed520-522_noise0-001-005_20260622-014658,symbolfit_s520_noise001_g0043,/home/zhangziwen/workplace/scientific-intelligent-modelling/experiments/formal3h_13alg_ssr50_seed520-522_noise0-001-005_20260622-014658/symbolfit/seed520/tasks/symbolfit_s520_noise001_g0043/iaaccn22/symbolfit/g0043_feynman-i.39.22/progress/minute_0060.json,eb9dc18196052603bcc223ed35ed2205a821c082afcd542ab59b47abfeb038bd,60,3600.036,ok,True,True,3.3258316816568885e+40,6.212557946486061e+41,3600.036,((x1 + 0.010454937) * (-0.010534919 - x3)) / ((-0.010534919 - x4) + ((exp(sin(cos(sin(x3) * (x1 * 0.9895204)))) * x4) * -0.01700849)),(x1 + 0.010454937)*(-x3 - 0.010534919)/(-0.01700849*x4*exp(sin(cos(0.9895204*x1*sin(x3)))) - x4 - 0.010534919),True,27,10
symbolfit,g0044,feynman-iii.10.19,520,noise001,0.01,iaaccn26,formal3h_13alg_ssr50_seed520-522_noise0-001-005_20260622-014658,symbolfit_s520_noise001_g0044,/home/zhangziwen/workplace/scientific-intelligent-modelling/experiments/formal3h_13alg_ssr50_seed520-522_noise0-001-005_20260622-014658/symbolfit/seed520/tasks/symbolfit_s520_noise001_g0044/iaaccn26/symbolfit/g0044_feynman-iii.10.19/progress/minute_0060.json,1c34924f50469d38702baadff460c22c76acf309fddd094a5e32b9f9386f1196,60,3600.034,ok,True,True,1.7482282248108022e+55,1.623732424986471e+49,3600.034,(exp((exp(x4) * x4) + exp(sin(exp(x4 * -1.1922315)) * 1.7645636)) * sin(x2 - 0.49903423)) * (exp(exp(x3)) + 16.419662),(exp(exp(x3)) + 16.419662)*exp(x4*exp(x4) + exp(1.7645636*sin(exp(-1.1922315*x4))))*sin(x2 - 0.49903423),True,24,9
symbolfit,g0045,feynman-i.13.12,520,noise001,0.01,iaaccn25,formal3h_13alg_ssr50_seed520-522_noise0-001-005_20260622-014658,symbolfit_s520_noise001_g0045,/home/zhangziwen/workplace/scientific-intelligent-modelling/experiments/formal3h_13alg_ssr50_seed520-522_noise0-001-005_20260622-014658/symbolfit/seed520/tasks/symbolfit_s520_noise001_g0045/iaaccn25/symbolfit/g0045_feynman-i.13.12/progress/minute_0060.json,464a7b93937f7325c45f1ce55a601813dd868bc9f54d5edafe3d225fde65c2ff,60,3600.05,ok,True,True,4.048811097337455e+22,2.8711542931058396e+21,3600.049,(sin((cos(x3) - (x2 * 0.49810013)) * (sin(x1 * x0) * 0.8613311)) * ((x3 - x2) / (x2 + x3))) * 1444.1403,1444.1403*(-x2 + x3)*sin(0.8613311*(-0.49810013*x2 + cos(x3))*sin(x0*x1))/(x2 + x3),True,25,6
symbolfit,g0046,feynman-i.32.5,520,noise001,0.01,iaaccn23,formal3h_13alg_ssr50_seed520-522_noise0-001-005_20260622-014658,symbolfit_s520_noise001_g0046,/home/zhangziwen/workplace/scientific-intelligent-modelling/experiments/formal3h_13alg_ssr50_seed520-522_noise0-001-005_20260622-014658/symbolfit/seed520/tasks/symbolfit_s520_noise001_g0046/iaaccn23/symbolfit/g0046_feynman-i.32.5/progress/minute_0060.json,35ac5c6287981880674b70d62fa36fee7348e3449eaf50363a115dc7194d181b,60,3600.033,ok,True,True,1.9503819636322175e+40,3.4923555605619894e+38,3600.033,x1 * ((x1 * (exp(cos(x0 * -6.279429) + 3.3962893) - 10.430508)) - (-7.4755554 / exp(x0 * (31.541563 - (x0 * 31.541563))))),x1*(x1*(29.8531182986836*exp(cos(6.279429*x0)) - 10.430508) + 7.4755554*exp(-x0*(31.541563 - 31.541563*x0))),True,25,9
symbolfit,g0047,feynman-i.43.31,520,noise001,0.01,iaaccn26,formal3h_13alg_ssr50_seed520-522_noise0-001-005_20260622-014658,symbolfit_s520_noise001_g0047,/home/zhangziwen/workplace/scientific-intelligent-modelling/experiments/formal3h_13alg_ssr50_seed520-522_noise0-001-005_20260622-014658/symbolfit/seed520/tasks/symbolfit_s520_noise001_g0047/iaaccn26/symbolfit/g0047_feynman-i.43.31/progress/minute_0060.json,5584b1efe04ebf54bf10a29f57d31352c31d5f44d0f4d6f491a3a41c295dff69,60,3600.028,ok,True,True,2.4311060604508068e+48,2.4310523706413185e+48,3600.028,((x0 + (((x1 * (cos(x1 * -229.00171) + -0.052195195)) * 0.016541537) + x1)) * 0.21967328) + (((x1 * 21.526655) * x0) - -0.0013891165),21.526655*x0*x1 + 0.21967328*x0 + 0.00363373368903136*x1*(cos(229.00171*x1) - 0.052195195) + 0.21967328*x1 + 0.0013891165,True,21,6
symbolfit,g0048,feynman-i.11.19,520,noise001,0.01,iaaccn24,formal3h_13alg_ssr50_seed520-522_noise0-001-005_20260622-014658,symbolfit_s520_noise001_g0048,/home/zhangziwen/workplace/scientific-intelligent-modelling/experiments/formal3h_13alg_ssr50_seed520-522_noise0-001-005_20260622-014658/symbolfit/seed520/tasks/symbolfit_s520_noise001_g0048/iaaccn24/symbolfit/g0048_feynman-i.11.19/progress/minute_0060.json,c61b991502b3f4372e19d9182c42ade148e0ec70a93a8545e84fc10bd630658e,60,3600.042,ok,True,True,2.9704507683640254e+294,9.823259149882701e+294,3600.042,(((x2 * 67525.68) - 33806.242) * ((x3 - -417.02487) + -417.52603)) + (exp(((x0 * x1) * 4.735153) + 5.7293625) + (x0 * -2485.048)),-2485.048*x0 + (67525.68*x2 - 33806.242)*(x3 - 0.50115999999997) + 307.773000535842*exp(4.735153*x0*x1),True,20,5
symbolfit,g0049,feynman-ii.34.2a,520,noise001,0.01,iaaccn29,formal3h_13alg_ssr50_seed520-522_noise0-001-005_20260622-014658,symbolfit_s520_noise001_g0049,/home/zhangziwen/workplace/scientific-intelligent-modelling/experiments/formal3h_13alg_ssr50_seed520-522_noise0-001-005_20260622-014658/symbolfit/seed520/tasks/symbolfit_s520_noise001_g0049/iaaccn29/symbolfit/g0049_feynman-ii.34.2a/progress/minute_0060.json,317ff84e4f4d7f8ca0e7aca33303cdaa7f8bdccbf5a923524c1f6f5204f766ec,60,3600.043,ok,True,True,7309170.900630942,234130.32113916354,3600.043,(((exp(x4 * -60.884674) * 8.114461) - -1.0456673) * (0.5858527 - sin(sin(sin(x4))))) * ((x1 + -0.4998431) * ((x3 * 1721.0176) + -861.0758)),(0.5858527 - sin(sin(sin(x4))))*(1.0456673 + 8.114461*exp(-60.884674*x4))*(x1 - 0.4998431)*(1721.0176*x3 - 861.0758),True,25,7
symbolfit,g0050,Vladislavleva-4,520,noise001,0.01,iaaccn23,formal3h_13alg_ssr50_seed520-522_noise0-001-005_20260622-014658,symbolfit_s520_noise001_g0050,/home/zhangziwen/workplace/scientific-intelligent-modelling/experiments/formal3h_13alg_ssr50_seed520-522_noise0-001-005_20260622-014658/symbolfit/seed520/tasks/symbolfit_s520_noise001_g0050/iaaccn23/symbolfit/g0050_Vladislavleva-4/progress/minute_0060.json,c362579760db0441fa19e7c924c2a4d1a07e7234e515a59673f4cb763f8f3db1,60,3600.038,ok,True,True,9141.176218056118,9195.44873072802,3600.038,(cos(cos(x3 * -3.2251241)) * (cos(cos(x4 * -3.1322129)) * exp(cos(x0 / 0.5890746) * (x0 / 0.648815)))) + 0.2109807,exp(1.54127139477355*x0*cos(1.69757786195501*x0))*cos(cos(3.2251241*x3))*cos(cos(3.1322129*x4)) + 0.2109807,True,21,7
symbolfit,g0001,Keijzer-11,520,noise005,0.05,iaaccn28,formal3h_13alg_ssr50_seed520-522_noise0-001-005_20260622-014658,symbolfit_s520_noise005_g0001,/home/zhangziwen/workplace/scientific-intelligent-modelling/experiments/formal3h_13alg_ssr50_seed520-522_noise0-001-005_20260622-014658/symbolfit/seed520/tasks/symbolfit_s520_noise005_g0001/iaaccn28/symbolfit/g0001_Keijzer-11/progress/minute_0060.json,083c183cecb8f2a4b4a2877689a41f44ddb4a954f03657a3c860acebd35a0c39,60,3600.082,ok,True,True,201.73293390786105,205.56539267299783,3600.082,((((x0 * 14.546017) + sin(sin((sin(x0 * 14.540048) + 19.334675) * x0) * 2.3824756)) + -6.135647) * (x1 + -0.56813496)) - -0.18583067,(x1 - 0.56813496)*(14.546017*x0 + sin(2.3824756*sin(x0*(sin(14.540048*x0) + 19.334675))) - 6.135647) + 0.18583067,True,23,11
symbolfit,g0002,Keijzer-2,520,noise005,0.05,iaaccn25,formal3h_13alg_ssr50_seed520-522_noise0-001-005_20260622-014658,symbolfit_s520_noise005_g0002,/home/zhangziwen/workplace/scientific-intelligent-modelling/experiments/formal3h_13alg_ssr50_seed520-522_noise0-001-005_20260622-014658/symbolfit/seed520/tasks/symbolfit_s520_noise005_g0002/iaaccn25/symbolfit/g0002_Keijzer-2/progress/minute_0060.json,aa76e75a98c242097480eb8e02aa9f560651e6e8978253be2f5d59338fefa956,60,3600.339,ok,True,True,9803.296651708928,9083.687570969136,3600.337,((sin((-25.11261 * x0) + -3.143419) * (sin((-3.312094 - exp(x0)) * -25.119776) + 24.944633)) * (-0.49944556 + x0)) - (-0.086281426 / cos(x0)),-(x0 - 0.49944556)*(sin(25.119776*exp(x0) + 83.199059370944) + 24.944633)*sin(25.11261*x0 + 3.143419) + 0.086281426/cos(x0),True,27,8
symbolfit,g0003,Korns-2,520,noise005,0.05,iaaccn24,formal3h_13alg_ssr50_seed520-522_noise0-001-005_20260622-014658,symbolfit_s520_noise005_g0003,/home/zhangziwen/workplace/scientific-intelligent-modelling/experiments/formal3h_13alg_ssr50_seed520-522_noise0-001-005_20260622-014658/symbolfit/seed520/tasks/symbolfit_s520_noise005_g0003/iaaccn24/symbolfit/g0003_Korns-2/progress/minute_0060.json,048d244b5fb01e6a65fce995df1c16ed4beae2b57d170c9dee861556bdd090b0,60,3600.044,ok,True,True,789.4121605001733,685.6474243079399,3600.043,((x0 + ((x3 + (((-0.07552366 / (x1 + -0.029925568)) + -0.02995499) / (cos(x4 * cos(x0)) - x1))) - x1)) * x0) / 0.9577788,1.04408241234824*x0*(x0 - x1 + x3 + (-0.02995499 - 0.07552366/(x1 - 0.029925568))/(-x1 + cos(x4*cos(x0)))),True,30,9
symbolfit,g0004,Korns-4,520,noise005,0.05,iaaccn26,formal3h_13alg_ssr50_seed520-522_noise0-001-005_20260622-014658,symbolfit_s520_noise005_g0004,/home/zhangziwen/workplace/scientific-intelligent-modelling/experiments/formal3h_13alg_ssr50_seed520-522_noise0-001-005_20260622-014658/symbolfit/seed520/tasks/symbolfit_s520_noise005_g0004/iaaccn26/symbolfit/g0004_Korns-4/progress/minute_0060.json,94530ae26f4e7658f7269ad224ee182a4b49de3c68efb27b4d65ea35ea241fd0,60,3600.055,ok,True,True,0.6011871348828555,0.659822628582284,3600.055,-0.008174493 - sin(0.7175307 + sin(((x1 * sin(x4 + ((x3 + x4) / 0.8291187))) / sin(cos(cos(-0.38441554)))) + cos(x4))),-sin(sin(1.77045790789516*x1*sin(1.20609992272518*x3 + 2.20609992272518*x4) + cos(x4)) + 0.7175307) - 0.008174493,True,22,11
symbolfit,g0005,BPG3,520,noise005,0.05,iaaccn27,formal3h_13alg_ssr50_seed520-522_noise0-001-005_20260622-014658,symbolfit_s520_noise005_g0005,/home/zhangziwen/workplace/scientific-intelligent-modelling/experiments/formal3h_13alg_ssr50_seed520-522_noise0-001-005_20260622-014658/symbolfit/seed520/tasks/symbolfit_s520_noise005_g0005/iaaccn27/symbolfit/g0005_BPG3/progress/minute_0060.json,617a48c57b59d84a71cad09936d882b296dec3e09738bcd33aad0b729a502cac,60,3600.041,ok,True,True,3705.863544153773,2778.2122305002604,3600.041,x1 * (-9.766695 * ((4.647253 - (x0 * (sin(sin(170.15863 * x1)) * (x1 + x1)))) - (x1 / 0.6898272))),x1*(19.53339*x0*x1*sin(sin(170.15863*x1)) + 14.158176134545*x1 - 45.388302638835),True,16,7
symbolfit,g0006,BPG5,520,noise005,0.05,iaaccn29,formal3h_13alg_ssr50_seed520-522_noise0-001-005_20260622-014658,symbolfit_s520_noise005_g0006,/home/zhangziwen/workplace/scientific-intelligent-modelling/experiments/formal3h_13alg_ssr50_seed520-522_noise0-001-005_20260622-014658/symbolfit/seed520/tasks/symbolfit_s520_noise005_g0006/iaaccn29/symbolfit/g0006_BPG5/progress/minute_0060.json,58487c8788bc32b8a2e42b31e5f9d4cfd995938cdfb08ae72fe1104fbaa36336,60,3600.04,ok,True,True,10127.322004546422,475.9110285533792,3600.04,log(exp(((x1 * -57.416443) - (sin(sin(x0 + 0.64468396)) + sin(x1 * (-1.003791 - sin(x1))))) * (x1 + -0.99944913))),log(exp((x1 - 0.99944913)*(-57.416443*x1 - sin(x1*(-sin(x1) - 1.003791)) - sin(sin(x0 + 0.64468396))))),True,28,11
symbolfit,g0007,BPG9,520,noise005,0.05,iaaccn23,formal3h_13alg_ssr50_seed520-522_noise0-001-005_20260622-014658,symbolfit_s520_noise005_g0007,/home/zhangziwen/workplace/scientific-intelligent-modelling/experiments/formal3h_13alg_ssr50_seed520-522_noise0-001-005_20260622-014658/symbolfit/seed520/tasks/symbolfit_s520_noise005_g0007/iaaccn23/symbolfit/g0007_BPG9/progress/minute_0060.json,9d049b406c9663d8c0420ff438c6a2cda78d9a1f0be73a8f4afc46f4380dc024,60,3600.048,ok,True,True,207.74861987841845,941351.2684120532,3600.048,(sin(sin(x1 * ((x1 * 2.2563977) + 0.9381255))) * (cos((x1 + (x1 * x1)) * (x1 + x1)) + 18.537477)) - -0.8565316,(cos(2*x1*(x1**2 + x1)) + 18.537477)*sin(sin(x1*(2.2563977*x1 + 0.9381255))) + 0.8565316,True,23,8
symbolfit,g0008,CRK0,520,noise005,0.05,iaaccn28,formal3h_13alg_ssr50_seed520-522_noise0-001-005_20260622-014658,symbolfit_s520_noise005_g0008,/home/zhangziwen/workplace/scientific-intelligent-modelling/experiments/formal3h_13alg_ssr50_seed520-522_noise0-001-005_20260622-014658/symbolfit/seed520/tasks/symbolfit_s520_noise005_g0008/iaaccn28/symbolfit/g0008_CRK0/progress/minute_0060.json,1db31d26daf1c3b04af7ec293c6ccf2fe1f4271688dbf81c86017dc3001a1f2f,60,3600.034,ok,True,True,151853.69614882456,229942205.9805168,3600.034,(23.10958 - (x1 * ((cos(cos(x0 - ((sin(x0) - x1) + 5.6873736))) + (x1 * 5.7071967)) + 15.735863))) - (x1 - 0.19397998),-x1*(5.7071967*x1 + cos(cos(x0 + x1 - sin(x0) - 5.6873736)) + 15.735863) - x1 + 23.30355998,True,23,9
symbolfit,g0009,CRK10,520,noise005,0.05,iaaccn26,formal3h_13alg_ssr50_seed520-522_noise0-001-005_20260622-014658,symbolfit_s520_noise005_g0009,/home/zhangziwen/workplace/scientific-intelligent-modelling/experiments/formal3h_13alg_ssr50_seed520-522_noise0-001-005_20260622-014658/symbolfit/seed520/tasks/symbolfit_s520_noise005_g0009/iaaccn26/symbolfit/g0009_CRK10/progress/minute_0060.json,15ad864d84cc714c5a0d96d96b94efca63de572f830e7826511d01aaa78206fc,60,3600.036,ok,True,True,14.607711393752297,165.83240074555988,3600.036,exp(((exp(x1 + (sin(x0) + 0.47612482)) * x0) * (-3.4920454 - cos(x1 + ((x0 - 0.66095555) / -4.7751555)))) + 2.7644565) + 0.0031586904,15.8704120772268*exp(1.6098239416428*x0*(-cos(-0.209417264003235*x0 + x1 + 0.138415502908753) - 3.4920454)*exp(x1 + sin(x0))) + 0.0031586904,True,24,10
symbolfit,g0010,CRK11,520,noise005,0.05,iaaccn25,formal3h_13alg_ssr50_seed520-522_noise0-001-005_20260622-014658,symbolfit_s520_noise005_g0010,/home/zhangziwen/workplace/scientific-intelligent-modelling/experiments/formal3h_13alg_ssr50_seed520-522_noise0-001-005_20260622-014658/symbolfit/seed520/tasks/symbolfit_s520_noise005_g0010/iaaccn25/symbolfit/g0010_CRK11/progress/minute_0060.json,c908bbf6725821ed5a12ffafe6b7d01204de26d4311028cbacb96104cb3eb5fb,60,3600.207,ok,True,True,19793193.368394077,562854842152.8882,3600.2,(x1 * (((-7.3353157 - ((x1 - x0) / 0.9776539)) - x1) / 0.14393412)) + 0.12127996,x1*(7.10642383972354*x0 - 14.0540468216822*x1 - 50.9630079372424) + 0.12127996,True,12,5
symbolfit,g0011,CRK33,520,noise005,0.05,iaaccn27,formal3h_13alg_ssr50_seed520-522_noise0-001-005_20260622-014658,symbolfit_s520_noise005_g0011,/home/zhangziwen/workplace/scientific-intelligent-modelling/experiments/formal3h_13alg_ssr50_seed520-522_noise0-001-005_20260622-014658/symbolfit/seed520/tasks/symbolfit_s520_noise005_g0011/iaaccn27/symbolfit/g0011_CRK33/progress/minute_0060.json,a60cf8b98eb8dbb0a3a478e804ba77fde8af1b022927df185c54f8115b3c553c,60,3600.032,ok,True,True,354204.6615163689,20076503954.951088,3600.032,((x1 * (x1 * ((cos(x1) * -1.7961398) - 13.525663))) + x1) - -13.471512,x1**2*(-1.7961398*cos(x1) - 13.525663) + x1 + 13.471512,True,13,6
symbolfit,g0012,CRK34,520,noise005,0.05,iaaccn28,formal3h_13alg_ssr50_seed520-522_noise0-001-005_20260622-014658,symbolfit_s520_noise005_g0012,/home/zhangziwen/workplace/scientific-intelligent-modelling/experiments/formal3h_13alg_ssr50_seed520-522_noise0-001-005_20260622-014658/symbolfit/seed520/tasks/symbolfit_s520_noise005_g0012/iaaccn28/symbolfit/g0012_CRK34/progress/minute_0060.json,3c2df2b8220250287398bdd19e4603683688cf32a41ca3bd635d1a5c81730bb6,60,3600.03,ok,True,True,4.114729557728975e+81,2.805516661952657e+92,3600.03,exp((((x1 - (-0.8191666 - (x1 * 0.52617574))) - (sin(x0) / 0.025665695)) + 1.2498062) + (cos(sin((x1 * 1.0885965) - x0)) + x0)),7.91668691900996*exp(x0 + 1.52617574*x1 - 38.9625139704964*sin(x0) + cos(sin(x0 - 1.0885965*x1))),True,19,8
symbolfit,g0013,I.11.19_4_0,520,noise005,0.05,iaaccn25,formal3h_13alg_ssr50_seed520-522_noise0-001-005_20260622-014658,symbolfit_s520_noise005_g0013,/home/zhangziwen/workplace/scientific-intelligent-modelling/experiments/formal3h_13alg_ssr50_seed520-522_noise0-001-005_20260622-014658/symbolfit/seed520/tasks/symbolfit_s520_noise005_g0013/iaaccn25/symbolfit/g0013_I.11.19_4_0/progress/minute_0060.json,68ec0668e052fb9076f800e856960953d8caf86d298fb33cced15a6203cf3c7e,60,3600.454,ok,True,True,46.39748782557879,11.056833527066912,3600.454,(x0 * (((sin(x2 * -1.9340016) + cos(sin(log(exp(x4))))) * -2.715978) - 1.0953134)) + (x5 * -0.41990632),x0*(2.715978*sin(1.9340016*x2) - 2.715978*cos(sin(log(exp(x4)))) - 1.0953134) - 0.41990632*x5,True,21,9
symbolfit,g0014,II.11.27_1_0,520,noise005,0.05,iaaccn23,formal3h_13alg_ssr50_seed520-522_noise0-001-005_20260622-014658,symbolfit_s520_noise005_g0014,/home/zhangziwen/workplace/scientific-intelligent-modelling/experiments/formal3h_13alg_ssr50_seed520-522_noise0-001-005_20260622-014658/symbolfit/seed520/tasks/symbolfit_s520_noise005_g0014/iaaccn23/symbolfit/g0014_II.11.27_1_0/progress/minute_0060.json,af0194ffbf970546ed1d384ebaa8ef3899a5cdd932b98e7d1d255cc8a19c179c,60,3600.053,ok,True,True,0.6889755471600254,1.276805591698598e+293,3600.053,(exp(exp(((2.113294 - (x1 / 0.00079012004)) - (x1 / 0.77695924)) - (x1 / 0.0010200286))) / (x2 + 0.3032812)) * (x0 / 0.69423026),1.44044426988821*x0*exp(8.27545578909965*exp(-2247.28221007142*x1))/(x2 + 0.3032812),True,15,6
symbolfit,g0015,II.34.2_1_0,520,noise005,0.05,iaaccn24,formal3h_13alg_ssr50_seed520-522_noise0-001-005_20260622-014658,symbolfit_s520_noise005_g0015,/home/zhangziwen/workplace/scientific-intelligent-modelling/experiments/formal3h_13alg_ssr50_seed520-522_noise0-001-005_20260622-014658/symbolfit/seed520/tasks/symbolfit_s520_noise005_g0015/iaaccn24/symbolfit/g0015_II.34.2_1_0/progress/minute_0060.json,84d3e91e5db786cbb267e3cde1f87cb4d49ee0975aeebd660cabac6b6e5eed6c,60,3600.08,ok,True,True,12.571294554545325,24.792291641945884,3600.08,x0 * (((exp(exp((1.1072515 - x2) - sin(x1))) - sin(x1)) * 0.5465244) + 0.06251073),x0*(0.5465244*exp(3.02602991104982*exp(-x2 - sin(x1))) - 0.5465244*sin(x1) + 0.06251073),True,22,10
symbolfit,g0016,II.6.15b_3_0,520,noise005,0.05,iaaccn29,formal3h_13alg_ssr50_seed520-522_noise0-001-005_20260622-014658,symbolfit_s520_noise005_g0016,/home/zhangziwen/workplace/scientific-intelligent-modelling/experiments/formal3h_13alg_ssr50_seed520-522_noise0-001-005_20260622-014658/symbolfit/seed520/tasks/symbolfit_s520_noise005_g0016/iaaccn29/symbolfit/g0016_II.6.15b_3_0/progress/minute_0060.json,3c267d43d66eae98480f199003563a39b8b8825e84af2d3d3a1ea843da9a7b59,60,3600.061,ok,True,True,0.5905694438958176,2.8862581240699123,3600.061,exp(sin(sin(sin(exp(x0 - -1.4233183)) - cos(x2))) + sin(sin(exp(sin(x3) * x3)) - sin(sin(sin(x1))))),exp(sin(sin(exp(x3*sin(x3))) - sin(sin(sin(x1)))) + sin(sin(sin(4.15087144937724*exp(x0)) - cos(x2)))),True,28,9
symbolfit,g0017,III.21.20_3_0,520,noise005,0.05,iaaccn23,formal3h_13alg_ssr50_seed520-522_noise0-001-005_20260622-014658,symbolfit_s520_noise005_g0017,/home/zhangziwen/workplace/scientific-intelligent-modelling/experiments/formal3h_13alg_ssr50_seed520-522_noise0-001-005_20260622-014658/symbolfit/seed520/tasks/symbolfit_s520_noise005_g0017/iaaccn23/symbolfit/g0017_III.21.20_3_0/progress/minute_0060.json,f14a77b0bfd1eeada1ac573d2f1888224991f6e2efbfdce272a0712b404a40a9,60,3600.047,ok,True,True,3.7794848773073234e+298,2.1546889002838993e+292,3600.047,(((x1 + x2) - 0.23181824) * x0) * (((exp(x3) + exp((x3 + ((x0 * x0) * 29.55679)) - 26.563505)) - -0.41371277) * x0),x0**2*(x1 + x2 - 0.23181824)*(exp(x3) + 2.90814702131255e-12*exp(29.55679*x0**2 + x3) + 0.41371277),True,22,8
symbolfit,g0018,MatSci21,520,noise005,0.05,iaaccn28,formal3h_13alg_ssr50_seed520-522_noise0-001-005_20260622-014658,symbolfit_s520_noise005_g0018,/home/zhangziwen/workplace/scientific-intelligent-modelling/experiments/formal3h_13alg_ssr50_seed520-522_noise0-001-005_20260622-014658/symbolfit/seed520/tasks/symbolfit_s520_noise005_g0018/iaaccn28/symbolfit/g0018_MatSci21/progress/minute_0060.json,99439f3cb7c904edbf627dbb90b436fd5acb374c731884ceb90ad9b887c7c929,60,3600.035,ok,True,True,1.0759219054392772e+16,1927749093104287.2,3600.035,(((((x1 + 0.6376907) + exp(x0 * 1.6178031)) * ((x1 * 38.3132) - 28.53315)) * x1) + ((x0 + -0.3233597) * x1)) + 1.6011839,x1*(x0 - 0.3233597) + x1*(38.3132*x1 - 28.53315)*(x1 + exp(1.6178031*x0) + 0.6376907) + 1.6011839,True,21,6
symbolfit,g0019,PO19,520,noise005,0.05,iaaccn23,formal3h_13alg_ssr50_seed520-522_noise0-001-005_20260622-014658,symbolfit_s520_noise005_g0019,/home/zhangziwen/workplace/scientific-intelligent-modelling/experiments/formal3h_13alg_ssr50_seed520-522_noise0-001-005_20260622-014658/symbolfit/seed520/tasks/symbolfit_s520_noise005_g0019/iaaccn23/symbolfit/g0019_PO19/progress/minute_0060.json,5a2242bfe43a8a60a10e3f633791f500f47604e60a7b6fd1201635100dd0d601,60,3600.034,ok,True,True,210361777.42375773,2.562591358645381e+16,3600.034,((((x2 * -1662.7654) - 4484.702) + exp(8.913443 - x0)) - -19.543465) * (sin(x0 + 1.0672864) + sin(sin((x1 + x1) + x1))),(sin(x0 + 1.0672864) + sin(sin(3*x1)))*(-1662.7654*x2 - 4465.158535 + 7431.20273413731*exp(-x0)),True,22,6
symbolfit,g0020,PO41,520,noise005,0.05,iaaccn28,formal3h_13alg_ssr50_seed520-522_noise0-001-005_20260622-014658,symbolfit_s520_noise005_g0020,/home/zhangziwen/workplace/scientific-intelligent-modelling/experiments/formal3h_13alg_ssr50_seed520-522_noise0-001-005_20260622-014658/symbolfit/seed520/tasks/symbolfit_s520_noise005_g0020/iaaccn28/symbolfit/g0020_PO41/progress/minute_0060.json,ffaeebce6d5ab03d56c3afa1bd1b8a2114574ff1470bdd57f8ad0db110019d86,60,3600.039,ok,True,True,5.980754619409907e+38,24410215719066.55,3600.039,((cos((x2 - x0) + (x0 * (4.7261925 - x0))) * (314.83264 - exp(x2 / (x0 - -0.1731634)))) + (x1 + 24.109901)) - 0.62798685,x1 + (314.83264 - exp(x2/(x0 + 0.1731634)))*cos(x0*(4.7261925 - x0) - x0 + x2) + 23.48191415,True,29,9
symbolfit,g0021,Nguyen-12,520,noise005,0.05,iaaccn26,formal3h_13alg_ssr50_seed520-522_noise0-001-005_20260622-014658,symbolfit_s520_noise005_g0021,/home/zhangziwen/workplace/scientific-intelligent-modelling/experiments/formal3h_13alg_ssr50_seed520-522_noise0-001-005_20260622-014658/symbolfit/seed520/tasks/symbolfit_s520_noise005_g0021/iaaccn26/symbolfit/g0021_Nguyen-12/progress/minute_0060.json,9859ba60f18bd3d1ac090da107762509569cc23d002fc10a902c53adb44b5fe2,60,3600.041,ok,True,True,4.967027312641412,5.723618163825538,3600.041,((sin(1.6690503 - sin(x0 + (x0 * (x0 * 1.6074231)))) + (-1.097419 - sin(sin(x1 * 1.9250115)))) * 0.8626391) - sin(x1),-sin(x1) - 0.8626391*sin(sin(1.6074231*x0**2 + x0) - 1.6690503) - 0.8626391*sin(sin(1.9250115*x1)) - 0.9466765384829,True,26,9
symbolfit,g0022,Nguyen-6,520,noise005,0.05,iaaccn27,formal3h_13alg_ssr50_seed520-522_noise0-001-005_20260622-014658,symbolfit_s520_noise005_g0022,/home/zhangziwen/workplace/scientific-intelligent-modelling/experiments/formal3h_13alg_ssr50_seed520-522_noise0-001-005_20260622-014658/symbolfit/seed520/tasks/symbolfit_s520_noise005_g0022/iaaccn27/symbolfit/g0022_Nguyen-6/progress/minute_0060.json,897713b38180ad1bd826094839916d969a08e6cbb6a7415f7d17f10ada3be0e3,60,3600.038,ok,True,True,15.991129941124266,12.255097721029651,3600.038,((x0 * 1.1507351) + sin(-1.7320734 - (((x0 * 0.9430991) * ((x0 + ((x0 * x0) * -0.85820276)) + -1.1552905)) * 3.5947163))) * 3.180573,3.6599969892123*x0 - 3.180573*sin(3.39017370728533*x0*(-0.85820276*x0**2 + x0 - 1.1552905) + 1.7320734),True,20,9
symbolfit,g0023,Nguyen-9,520,noise005,0.05,iaaccn24,formal3h_13alg_ssr50_seed520-522_noise0-001-005_20260622-014658,symbolfit_s520_noise005_g0023,/home/zhangziwen/workplace/scientific-intelligent-modelling/experiments/formal3h_13alg_ssr50_seed520-522_noise0-001-005_20260622-014658/symbolfit/seed520/tasks/symbolfit_s520_noise005_g0023/iaaccn24/symbolfit/g0023_Nguyen-9/progress/minute_0060.json,d45e72405190f8a3deaa9f4159b37bb77da72bac87926673a357d7418c89d9fd,60,3600.056,ok,True,True,0.20326619915387684,0.0017482192623827324,3600.056,cos(cos(x1 * -1.6693017) + 0.5822973) + (sin(((sin(sin(sin(x1) * 2.54289) + 1.1720293) * x0) / 0.90734446) + 0.11445859) + -0.058581166),sin(1.10211727087638*x0*sin(sin(2.54289*sin(x1)) + 1.1720293) + 0.11445859) + cos(cos(1.6693017*x1) + 0.5822973) - 0.058581166,True,23,10
symbolfit,g0024,feynman_II_15_4,520,noise005,0.05,iaaccn27,formal3h_13alg_ssr50_seed520-522_noise0-001-005_20260622-014658,symbolfit_s520_noise005_g0024,/home/zhangziwen/workplace/scientific-intelligent-modelling/experiments/formal3h_13alg_ssr50_seed520-522_noise0-001-005_20260622-014658/symbolfit/seed520/tasks/symbolfit_s520_noise005_g0024/iaaccn27/symbolfit/g0024_feynman_II_15_4/progress/minute_0060.json,fb72347c85bb4ecff581d31b7dd41f9724416ee78c605f584a3308c29f4da3f9,60,3600.027,ok,True,True,10.66034904928436,1.507652978882596,3600.027,(x0 + x1) * ((sin((x2 + x2) + x2) * 3.6699739) + -1.378988),(x0 + x1)*(3.6699739*sin(3*x2) - 1.378988),True,12,6
symbolfit,g0025,feynman_I_12_11,520,noise005,0.05,iaaccn24,formal3h_13alg_ssr50_seed520-522_noise0-001-005_20260622-014658,symbolfit_s520_noise005_g0025,/home/zhangziwen/workplace/scientific-intelligent-modelling/experiments/formal3h_13alg_ssr50_seed520-522_noise0-001-005_20260622-014658/symbolfit/seed520/tasks/symbolfit_s520_noise005_g0025/iaaccn24/symbolfit/g0025_feynman_I_12_11/progress/minute_0060.json,2214db707a42762817c2fc0b32e75ce9ade9ce30b899695a91af46a992d9f64c,60,3600.048,ok,True,True,1.3582683716161126,0.9247732792038832,3600.048,(x1 - ((x0 + x3) * ((-6.7991986 * sin(sin(x2))) * cos(x4 * 2.8013685)))) + 0.08158294,x1 + 6.7991986*(x0 + x3)*sin(sin(x2))*cos(2.8013685*x4) + 0.08158294,True,15,5
symbolfit,g0026,feynman_I_27_6,520,noise005,0.05,iaaccn28,formal3h_13alg_ssr50_seed520-522_noise0-001-005_20260622-014658,symbolfit_s520_noise005_g0026,/home/zhangziwen/workplace/scientific-intelligent-modelling/experiments/formal3h_13alg_ssr50_seed520-522_noise0-001-005_20260622-014658/symbolfit/seed520/tasks/symbolfit_s520_noise005_g0026/iaaccn28/symbolfit/g0026_feynman_I_27_6/progress/minute_0060.json,321908abb283049fb218afaaf9251f99a2bcdab6860e78c9f46a59031861e4a8,60,3600.045,ok,True,True,11.911088769944074,29.412983386082985,3600.045,((x0 * x1) + cos(cos(x1 + (((x1 + ((x0 * x0) + -1.5498594)) / -0.6538773) * (x0 * x1))))) / (x2 + 0.5426443),(x0*x1 + cos(cos(x0*x1*(-1.5293389141969*x0**2 - 1.5293389141969*x1 + 2.37026029195386) + x1)))/(x2 + 0.5426443),True,27,10
symbolfit,g0027,feynman_test_15,520,noise005,0.05,iaaccn22,formal3h_13alg_ssr50_seed520-522_noise0-001-005_20260622-014658,symbolfit_s520_noise005_g0027,/home/zhangziwen/workplace/scientific-intelligent-modelling/experiments/formal3h_13alg_ssr50_seed520-522_noise0-001-005_20260622-014658/symbolfit/seed520/tasks/symbolfit_s520_noise005_g0027/iaaccn22/symbolfit/g0027_feynman_test_15/progress/minute_0060.json,8bc6302c529180cba5ba48c52491eb3fcc0bb40407983ae7a32a5af20b182afa,60,3600.069,ok,True,True,0.20289638833031926,0.9571447330830506,3600.069,((x2 * 0.5512411) + x2) + ((cos(((cos(x0) - (x2 * -0.75040954)) + x2) * (0.5153754 - x3)) + -0.6361151) * 0.9726537),1.5512411*x2 + 0.9726537*cos((0.5153754 - x3)*(1.75040954*x2 + cos(x0))) - 0.61871970564087,True,20,7
symbolfit,g0028,strogatz_barmag1,520,noise005,0.05,iaaccn22,formal3h_13alg_ssr50_seed520-522_noise0-001-005_20260622-014658,symbolfit_s520_noise005_g0028,/home/zhangziwen/workplace/scientific-intelligent-modelling/experiments/formal3h_13alg_ssr50_seed520-522_noise0-001-005_20260622-014658/symbolfit/seed520/tasks/symbolfit_s520_noise005_g0028/iaaccn22/symbolfit/g0028_strogatz_barmag1/progress/minute_0060.json,c3179861243fdfa3ac9c11f1e8c9cf648b1fb436e0ccb2f7a778bccf20982f41,60,3600.033,ok,True,True,1e+300,8.648741336405532e+299,3600.032,exp(((((sin(exp(x0 + 0.28122523)) - 0.70524496) * x0) * exp(x0)) + cos((x0 - -1.3720998) - (x1 * 3.7667134))) + 1.1949215),3.30329845139509*exp(x0*(sin(1.3247519442168*exp(x0)) - 0.70524496)*exp(x0) + cos(x0 - 3.7667134*x1 + 1.3720998)),True,22,9
symbolfit,g0029,strogatz_barmag2,520,noise005,0.05,iaaccn28,formal3h_13alg_ssr50_seed520-522_noise0-001-005_20260622-014658,symbolfit_s520_noise005_g0029,/home/zhangziwen/workplace/scientific-intelligent-modelling/experiments/formal3h_13alg_ssr50_seed520-522_noise0-001-005_20260622-014658/symbolfit/seed520/tasks/symbolfit_s520_noise005_g0029/iaaccn28/symbolfit/g0029_strogatz_barmag2/progress/minute_0060.json,da7c894f78445b82e6623196f5cb728a34d16465dfb426999b8ad8efb795b301,60,3600.034,ok,True,True,4551.339038263033,3191.906926804833,3600.034,((sin((x1 * x1) + ((x1 * -7.425982) + 0.35810128)) * cos(x0 * -1.381331)) / 0.026421247) - (cos(sin(x0) * 6.819605) + 1.3681664),37.848327143681*sin(x1**2 - 7.425982*x1 + 0.35810128)*cos(1.381331*x0) - cos(6.819605*sin(x0)) - 1.3681664,True,24,6
symbolfit,g0030,strogatz_predprey2,520,noise005,0.05,iaaccn26,formal3h_13alg_ssr50_seed520-522_noise0-001-005_20260622-014658,symbolfit_s520_noise005_g0030,/home/zhangziwen/workplace/scientific-intelligent-modelling/experiments/formal3h_13alg_ssr50_seed520-522_noise0-001-005_20260622-014658/symbolfit/seed520/tasks/symbolfit_s520_noise005_g0030/iaaccn26/symbolfit/g0030_strogatz_predprey2/progress/minute_0060.json,494be35dffb2ef890aa54167ef6eb5efe4e1ed56f75beacaef54267433563830,60,3600.047,ok,True,True,221235.36719012732,7265837.717119163,3600.047,(((((x1 * 4.660446) + 1.0827947) * 4.5201526) - x0) * (((-0.22881618 / sin(sin(x0 + 0.15789843))) - -1.2233361) - x1)) + (x0 - -0.034436904),x0 + (-x0 + 21.0659271040596*x1 + 4.89439727847122)*(-x1 + 1.2233361 - 0.22881618/sin(sin(x0 + 0.15789843))) + 0.034436904,True,26,9
symbolfit,g0031,strogatz_shearflow1,520,noise005,0.05,iaaccn27,formal3h_13alg_ssr50_seed520-522_noise0-001-005_20260622-014658,symbolfit_s520_noise005_g0031,/home/zhangziwen/workplace/scientific-intelligent-modelling/experiments/formal3h_13alg_ssr50_seed520-522_noise0-001-005_20260622-014658/symbolfit/seed520/tasks/symbolfit_s520_noise005_g0031/iaaccn27/symbolfit/g0031_strogatz_shearflow1/progress/minute_0060.json,a342b9e5ebdf3500f3716bfcb2f5f01cbf2cdaa8d0ad588feb81348d290ef433,60,3600.048,ok,True,True,322.07645912078596,484.52299669142525,3600.048,((((-0.39825156 * (x0 / cos(x1 - (-0.5024278 - x1)))) + (cos(x1) * (x0 - x1))) / (0.026566345 + x1)) / 0.10662795) - -1.8568708,1.8568708 + 9.37840406760141*(-0.39825156*x0/cos(2*x1 + 0.5024278) + (x0 - x1)*cos(x1))/(x1 + 0.026566345),True,29,9
symbolfit,g0032,strogatz_vdp1,520,noise005,0.05,iaaccn25,formal3h_13alg_ssr50_seed520-522_noise0-001-005_20260622-014658,symbolfit_s520_noise005_g0032,/home/zhangziwen/workplace/scientific-intelligent-modelling/experiments/formal3h_13alg_ssr50_seed520-522_noise0-001-005_20260622-014658/symbolfit/seed520/tasks/symbolfit_s520_noise005_g0032/iaaccn25/symbolfit/g0032_strogatz_vdp1/progress/minute_0060.json,97df9c23a04e3a129ea842c49c9f9b2901ae7eff93edac9e1f2e9d139e1a452b,60,3600.854,ok,True,True,54522.24774962204,41792.88826558721,3600.852,(((((x0 * x1) * x1) * (cos(x1 * -0.96792394) / 0.04244618)) - x0) * ((x1 + (x0 * -138.03726)) - -116.43769)) + -0.9089244,(23.5592460852779*x0*x1**2*cos(0.96792394*x1) - x0)*(-138.03726*x0 + x1 + 116.43769) - 0.9089244,True,23,7
symbolfit,g0033,first_principles_hubble,520,noise005,0.05,iaaccn23,formal3h_13alg_ssr50_seed520-522_noise0-001-005_20260622-014658,symbolfit_s520_noise005_g0033,/home/zhangziwen/workplace/scientific-intelligent-modelling/experiments/formal3h_13alg_ssr50_seed520-522_noise0-001-005_20260622-014658/symbolfit/seed520/tasks/symbolfit_s520_noise005_g0033/iaaccn23/symbolfit/g0033_first_principles_hubble/progress/minute_0060.json,75659001bc928c4a1c94eedd23685335da52052637107ae55551c4ba9b31bf3d,60,3600.047,ok,True,True,0.9910424137589612,0.9987354766388852,3600.047,((x0 + x0) - cos(((x0 + 1.0734673) / cos(x0 / 0.23350021)) / 1.0042194)) * sin(cos(cos(x0) - x0) + sin(x0)),(2*x0 - cos(0.99579832853259*(x0 + 1.0734673)/cos(4.28265139461759*x0)))*sin(sin(x0) + cos(x0 - cos(x0))),True,30,9
symbolfit,g0034,first_principles_leavitt,520,noise005,0.05,iaaccn26,formal3h_13alg_ssr50_seed520-522_noise0-001-005_20260622-014658,symbolfit_s520_noise005_g0034,/home/zhangziwen/workplace/scientific-intelligent-modelling/experiments/formal3h_13alg_ssr50_seed520-522_noise0-001-005_20260622-014658/symbolfit/seed520/tasks/symbolfit_s520_noise005_g0034/iaaccn26/symbolfit/g0034_first_principles_leavitt/progress/minute_0060.json,2bbbae2ae28826be431460a0ed68e248d1c73edfbb99736fe0dd30f1f3cd0c5c,60,3600.026,ok,True,True,0.873491726246341,0.8695735557323729,3600.026,cos(sin((sin((0.019906227 / (0.11889254 - x0)) * x0) - x0) * 0.8018701)) - -0.06562562,cos(sin(0.8018701*x0 - 0.8018701*sin(0.019906227*x0/(0.11889254 - x0)))) + 0.06562562,True,21,11
symbolfit,g0035,feynman-ii.4.23,520,noise005,0.05,iaaccn28,formal3h_13alg_ssr50_seed520-522_noise0-001-005_20260622-014658,symbolfit_s520_noise005_g0035,/home/zhangziwen/workplace/scientific-intelligent-modelling/experiments/formal3h_13alg_ssr50_seed520-522_noise0-001-005_20260622-014658/symbolfit/seed520/tasks/symbolfit_s520_noise005_g0035/iaaccn28/symbolfit/g0035_feynman-ii.4.23/progress/minute_0060.json,f5c7162274fc4dfcd7da23e7e22d9537a08672e55126581346184b73daca5c60,60,3600.027,ok,True,True,0.9999999942200793,0.9999999972985708,3600.027,((18.935453 * (x0 - 0.49970216)) / (x1 + 0.010179003)) + 0.09907441,(18.935453*x0 - 9.46208676467848)/(x1 + 0.010179003) + 0.09907441,True,13,5
symbolfit,g0036,feynman-iii.7.38,520,noise005,0.05,iaaccn23,formal3h_13alg_ssr50_seed520-522_noise0-001-005_20260622-014658,symbolfit_s520_noise005_g0036,/home/zhangziwen/workplace/scientific-intelligent-modelling/experiments/formal3h_13alg_ssr50_seed520-522_noise0-001-005_20260622-014658/symbolfit/seed520/tasks/symbolfit_s520_noise005_g0036/iaaccn23/symbolfit/g0036_feynman-iii.7.38/progress/minute_0060.json,5dbaa02d46a904012606f2b7f712a8cbd03ea5021e48ece2b04ec46511d1cd71,60,3600.041,ok,True,True,1.0,1.0,3600.041,(((-122.03441 * x0) - -61.060863) * (-145.6777 * (x1 + -0.4997976))) + cos(((((x0 + sin(x1)) * -61.060863) - 0.12946004) * -61.060863) - x0),(61.060863 - 122.03441*x0)*(72.80936483352 - 145.6777*x1) + cos(3727.42899030477*x0 + 3728.42899030477*sin(x1) + 7.90494176641452),True,22,6
symbolfit,g0037,feynman-i.18.16,520,noise005,0.05,iaaccn25,formal3h_13alg_ssr50_seed520-522_noise0-001-005_20260622-014658,symbolfit_s520_noise005_g0037,/home/zhangziwen/workplace/scientific-intelligent-modelling/experiments/formal3h_13alg_ssr50_seed520-522_noise0-001-005_20260622-014658/symbolfit/seed520/tasks/symbolfit_s520_noise005_g0037/iaaccn25/symbolfit/g0037_feynman-i.18.16/progress/minute_0060.json,081a3b326e7d8422f4e17e735fce9b2c5314a4fa9183a2c95f927789cb8cf96e,60,3600.41,ok,True,True,1.0358623092264236e+296,8.572146223399392e+27,3600.409,((cos(x4 * (x4 - -2.2749088)) - x4) * exp((exp(x1 + 0.42537653) * x0) - ((x4 - x3) - cos(x4)))) / 0.060533404,16.5198045033119*(-x4 + cos(x4*(x4 + 2.2749088)))*exp(1.53016646478642*x0*exp(x1) + x3 - x4 + cos(x4)),True,25,6
symbolfit,g0038,feynman-ii.27.18,520,noise005,0.05,iaaccn23,formal3h_13alg_ssr50_seed520-522_noise0-001-005_20260622-014658,symbolfit_s520_noise005_g0038,/home/zhangziwen/workplace/scientific-intelligent-modelling/experiments/formal3h_13alg_ssr50_seed520-522_noise0-001-005_20260622-014658/symbolfit/seed520/tasks/symbolfit_s520_noise005_g0038/iaaccn23/symbolfit/g0038_feynman-ii.27.18/progress/minute_0060.json,802fdd24755f096ac0707266e3249f6a54b23faf53fb157372aeaa3eeca1ad51,60,3600.036,ok,True,True,1.0172395754285742e+24,1.0154734227877026e+24,3600.036,(((x0 * x1) * (x1 * (x2 * (cos(x0 * (x2 + x1)) * -0.34761897)))) + (x0 * 8.906891)) * (x0 + 0.01970756),(x0 + 0.01970756)*(-0.34761897*x0*x1**2*x2*cos(x0*(x1 + x2)) + 8.906891*x0),True,21,7
symbolfit,g0039,feynman-ii.34.11,520,noise005,0.05,iaaccn29,formal3h_13alg_ssr50_seed520-522_noise0-001-005_20260622-014658,symbolfit_s520_noise005_g0039,/home/zhangziwen/workplace/scientific-intelligent-modelling/experiments/formal3h_13alg_ssr50_seed520-522_noise0-001-005_20260622-014658/symbolfit/seed520/tasks/symbolfit_s520_noise005_g0039/iaaccn29/symbolfit/g0039_feynman-ii.34.11/progress/minute_0060.json,d90ef5944be332c82e74972ac91f6191f3734f666de4693b4dbee0aedb91574e,60,3600.042,ok,True,True,0.999999999999714,1.0000000000029077,3600.042,exp(exp(((x0 + sin(x6 - ((x4 + x2) / -0.22267994))) - (x5 / 0.20011437)) - -0.19916312)),exp(1.22038101821642*exp(x0 - 4.99714238412764*x5 + sin(4.49075026695265*x2 + 4.49075026695265*x4 + x6))),True,18,8
symbolfit,g0040,feynman-i.29.16,520,noise005,0.05,iaaccn25,formal3h_13alg_ssr50_seed520-522_noise0-001-005_20260622-014658,symbolfit_s520_noise005_g0040,/home/zhangziwen/workplace/scientific-intelligent-modelling/experiments/formal3h_13alg_ssr50_seed520-522_noise0-001-005_20260622-014658/symbolfit/seed520/tasks/symbolfit_s520_noise005_g0040/iaaccn25/symbolfit/g0040_feynman-i.29.16/progress/minute_0060.json,dece4f52e9fbd045a6507e953ee050e376115c69263af158ee3501fd196d5130,60,3600.046,ok,True,True,671.71182704296,124.87804280649793,3600.045,log(log(exp(exp(x1) * (x1 * (exp(x1) * 2.408851))) * (exp(exp(x0 * 2.9490092)) + 0.48459625))) + -0.10294417,log(log((exp(exp(2.9490092*x0)) + 0.48459625)*exp(2.408851*x1*exp(2*x1)))) - 0.10294417,True,20,9
symbolfit,g0041,feynman-bonus.20,520,noise005,0.05,iaaccn26,formal3h_13alg_ssr50_seed520-522_noise0-001-005_20260622-014658,symbolfit_s520_noise005_g0041,/home/zhangziwen/workplace/scientific-intelligent-modelling/experiments/formal3h_13alg_ssr50_seed520-522_noise0-001-005_20260622-014658/symbolfit/seed520/tasks/symbolfit_s520_noise005_g0041/iaaccn26/symbolfit/g0041_feynman-bonus.20/progress/minute_0060.json,00ff0751060791f3e23c440f44e361712ef4b0be56f8b5116fb7b0bce58e77e3,60,3600.05,ok,True,True,6.738215159891423e+45,7.076131635579398e+44,3600.049,exp(((sin(x2 * 1.1638031) - (x3 / (x3 + 0.024947856))) * 7.033138) - ((x2 + ((x3 + 0.029773507) / 0.37892857)) + 0.19895595)) + -0.095954336,0.75765372524858*exp(-x2 - 2.63901980259762*x3 - 7.033138*x3/(x3 + 0.024947856) + 7.033138*sin(1.1638031*x2)) - 0.095954336,True,26,8
symbolfit,g0042,feynman-i.15.3t,520,noise005,0.05,iaaccn24,formal3h_13alg_ssr50_seed520-522_noise0-001-005_20260622-014658,symbolfit_s520_noise005_g0042,/home/zhangziwen/workplace/scientific-intelligent-modelling/experiments/formal3h_13alg_ssr50_seed520-522_noise0-001-005_20260622-014658/symbolfit/seed520/tasks/symbolfit_s520_noise005_g0042/iaaccn24/symbolfit/g0042_feynman-i.15.3t/progress/minute_0060.json,f1782b686a2731384d9808dc243755fcb34641e20a48a1d6594cb5f889da9061,60,3600.034,ok,True,True,2109274.564996238,157627.01592075455,3600.034,0.044724096 - ((sin((sin(x2 * x1) / -0.14503404) + (x0 * -0.35910797)) * (cos(exp(x1) - x4) * 0.01322482)) + (x1 * -4.637922)),4.637922*x1 + 0.01322482*sin(0.35910797*x0 + 6.89493307915852*sin(x1*x2))*cos(x4 - exp(x1)) + 0.044724096,True,25,8
symbolfit,g0043,feynman-i.39.22,520,noise005,0.05,iaaccn25,formal3h_13alg_ssr50_seed520-522_noise0-001-005_20260622-014658,symbolfit_s520_noise005_g0043,/home/zhangziwen/workplace/scientific-intelligent-modelling/experiments/formal3h_13alg_ssr50_seed520-522_noise0-001-005_20260622-014658/symbolfit/seed520/tasks/symbolfit_s520_noise005_g0043/iaaccn25/symbolfit/g0043_feynman-i.39.22/progress/minute_0060.json,05d8c60f19df23b81934633bbaf294d9a8a8acb35aea34b73bd7ae8b8d2e88e0,60,3600.04,ok,True,True,3.2334799839034734e+40,6.0587441876899785e+41,3600.039,((0.99930245 / ((x4 * 1.0124823) + 0.010670732)) + -0.08610956) * ((x1 + 0.010627323) * (x3 + 0.011113477)),(-0.08610956 + 0.99930245/(1.0124823*x4 + 0.010670732))*(x1 + 0.010627323)*(x3 + 0.011113477),True,18,7
symbolfit,g0044,feynman-iii.10.19,520,noise005,0.05,iaaccn24,formal3h_13alg_ssr50_seed520-522_noise0-001-005_20260622-014658,symbolfit_s520_noise005_g0044,/home/zhangziwen/workplace/scientific-intelligent-modelling/experiments/formal3h_13alg_ssr50_seed520-522_noise0-001-005_20260622-014658/symbolfit/seed520/tasks/symbolfit_s520_noise005_g0044/iaaccn24/symbolfit/g0044_feynman-iii.10.19/progress/minute_0060.json,21d4380253a93d1227443f48f018643477f9c3b33cc31cc50c9d0a2c3849d115,60,3600.049,ok,True,True,1.1532128290583022e+55,6.85779481200167e+48,3600.049,(((409.57303 * x2) + -203.85286) / cos(-1.5051637 * sin(sin(sin(sin(-2.0898368 * ((cos(-0.121113606) - x3) - x5))) * -1.7442366)))) - x0,-x0 + (409.57303*x2 - 203.85286)/cos(1.5051637*sin(sin(1.7442366*sin(sin(2.0898368*x3 + 2.0898368*x5 - 2.07452813531023))))),True,29,13
symbolfit,g0045,feynman-i.13.12,520,noise005,0.05,iaaccn25,formal3h_13alg_ssr50_seed520-522_noise0-001-005_20260622-014658,symbolfit_s520_noise005_g0045,/home/zhangziwen/workplace/scientific-intelligent-modelling/experiments/formal3h_13alg_ssr50_seed520-522_noise0-001-005_20260622-014658/symbolfit/seed520/tasks/symbolfit_s520_noise005_g0045/iaaccn25/symbolfit/g0045_feynman-i.13.12/progress/minute_0060.json,181c923fbd3c16abf3bf0672f1bed77c2f9a16978a7df2b3ca6a2543d7c317a5,60,3600.299,ok,True,True,2.78050426663828e+22,1.2550673792176037e+24,3600.298,((x2 / (-0.200941 - x2)) + x3) * exp((x1 + 1.7709126) * (x0 + 1.7087997)),(x2/(-x2 - 0.200941) + x3)*exp((x0 + 1.7087997)*(x1 + 1.7709126)),True,20,7
symbolfit,g0046,feynman-i.32.5,520,noise005,0.05,iaaccn24,formal3h_13alg_ssr50_seed520-522_noise0-001-005_20260622-014658,symbolfit_s520_noise005_g0046,/home/zhangziwen/workplace/scientific-intelligent-modelling/experiments/formal3h_13alg_ssr50_seed520-522_noise0-001-005_20260622-014658/symbolfit/seed520/tasks/symbolfit_s520_noise005_g0046/iaaccn24/symbolfit/g0046_feynman-i.32.5/progress/minute_0060.json,7ab28adda88dd33c54173fdc809be2830ea8d06fd08697e9d68afdad18654785,60,3600.036,ok,True,True,2.783164765703634e+40,1.047273183349626e+39,3600.036,(((x0 * ((x0 * 23.76391) - 23.797325)) + 5.959264) * ((x0 * 0.0057465155) + (x1 * (13.664478 * (x1 - -0.02116813))))) + (x0 * 0.00340723),0.00340723*x0 + (0.0057465155*x0 + x1*(13.664478*x1 + 0.28925144668614))*(x0*(23.76391*x0 - 23.797325) + 5.959264),True,25,7
symbolfit,g0047,feynman-i.43.31,520,noise005,0.05,iaaccn28,formal3h_13alg_ssr50_seed520-522_noise0-001-005_20260622-014658,symbolfit_s520_noise005_g0047,/home/zhangziwen/workplace/scientific-intelligent-modelling/experiments/formal3h_13alg_ssr50_seed520-522_noise0-001-005_20260622-014658/symbolfit/seed520/tasks/symbolfit_s520_noise005_g0047/iaaccn28/symbolfit/g0047_feynman-i.43.31/progress/minute_0060.json,7729f5aa10d4612d64b9fd4a8539c02f3b6161987790be7036971f69a91f84a6,60,3600.039,ok,True,True,2.6024647225055387e+79,9.166878070717794e+71,3600.039,(((x0 + x0) - -0.019991891) * ((x1 + x1) + 0.020207047)) * ((((x1 - sin(exp(x1) * x1)) * -0.02990668) * x0) - -5.3839808),(2*x0 + 0.019991891)*(2*x1 + 0.020207047)*(x0*(-0.02990668*x1 + 0.02990668*sin(x1*exp(x1))) + 5.3839808),True,26,9
symbolfit,g0048,feynman-i.11.19,520,noise005,0.05,iaaccn23,formal3h_13alg_ssr50_seed520-522_noise0-001-005_20260622-014658,symbolfit_s520_noise005_g0048,/home/zhangziwen/workplace/scientific-intelligent-modelling/experiments/formal3h_13alg_ssr50_seed520-522_noise0-001-005_20260622-014658/symbolfit/seed520/tasks/symbolfit_s520_noise005_g0048/iaaccn23/symbolfit/g0048_feynman-i.11.19/progress/minute_0060.json,52a301be9546ecb7c75e40154b965bf0bef060f00c9fe817b22ab2ea5830f53a,60,3600.052,ok,True,True,4.960652616902257e+296,3.0551723471155936e+31,3600.052,((((x5 * 16.673458) + -8.331298) * ((x6 * -102.48424) + 51.096306)) * -11.820398) - ((exp(exp((x3 - -1.2084175) - x2)) - 50.33531) * 1.6285299),-11.820398*(51.096306 - 102.48424*x6)*(16.673458*x5 - 8.331298) - 1.6285299*exp(3.34818195994852*exp(-x2 + x3)) + 81.972557360769,True,25,8
symbolfit,g0049,feynman-ii.34.2a,520,noise005,0.05,iaaccn22,formal3h_13alg_ssr50_seed520-522_noise0-001-005_20260622-014658,symbolfit_s520_noise005_g0049,/home/zhangziwen/workplace/scientific-intelligent-modelling/experiments/formal3h_13alg_ssr50_seed520-522_noise0-001-005_20260622-014658/symbolfit/seed520/tasks/symbolfit_s520_noise005_g0049/iaaccn22/symbolfit/g0049_feynman-ii.34.2a/progress/minute_0060.json,486c50191882b8a22c90723949500b783cf9095e6d482944de998ffb06f003b1,60,3600.043,ok,True,True,3457052.678054486,110731.65135589728,3600.043,(x1 + -0.50024086) * (2.069084 - ((x3 + -0.49982977) * (-6165.015 * (1.0294927 - sin(sin(sin(sin(x4 * 2.9797177) * 2.509844)) * 2.069084))))),(x1 - 0.50024086)*(-(x3 - 0.49982977)*(6165.015*sin(2.069084*sin(sin(2.509844*sin(2.9797177*x4)))) - 6346.8379378905) + 2.069084),True,26,13
symbolfit,g0050,Vladislavleva-4,520,noise005,0.05,iaaccn28,formal3h_13alg_ssr50_seed520-522_noise0-001-005_20260622-014658,symbolfit_s520_noise005_g0050,/home/zhangziwen/workplace/scientific-intelligent-modelling/experiments/formal3h_13alg_ssr50_seed520-522_noise0-001-005_20260622-014658/symbolfit/seed520/tasks/symbolfit_s520_noise005_g0050/iaaccn28/symbolfit/g0050_Vladislavleva-4/progress/minute_0060.json,aefe6c32e1781d10ebbf3f5678f00b71106b5dc77d34ca0a8fe7c321016a0237,60,3600.034,ok,True,True,0.9251525508705538,1.1721336772542075,3600.034,((cos(-1.2980369 - (x4 * -2.598931)) * cos(cos(x2 * -3.280338))) + cos(cos(3.3320775 * x3))) * cos(sin(cos(x0 * -3.280338))),(cos(2.598931*x4 - 1.2980369)*cos(cos(3.280338*x2)) + cos(cos(3.3320775*x3)))*cos(sin(cos(3.280338*x0))),True,25,7
symbolfit,g0001,Keijzer-11,521,clean,0.0,iaaccn23,formal3h_13alg_ssr50_seed520-522_noise0-001-005_20260622-014658,symbolfit_s521_clean_g0001,/home/zhangziwen/workplace/scientific-intelligent-modelling/experiments/formal3h_13alg_ssr50_seed520-522_noise0-001-005_20260622-014658/symbolfit/seed521/tasks/symbolfit_s521_clean_g0001/iaaccn23/symbolfit/g0001_Keijzer-11/progress/minute_0060.json,584897b466f45c45a65fa3b03099962b3d6a4e42d5d148b9dbfb5a6d359093f4,60,3600.107,ok,True,True,172.1495057083455,229.90816565931533,3600.107,((cos(exp(cos(x1 + exp(cos(exp(x0 + 1.7101889)))) - sin(sin(x0)))) * (x0 + -0.44636115)) * (x1 - 0.5340477)) / 0.053793665,18.5895495315294*(x0 - 0.44636115)*(x1 - 0.5340477)*cos(exp(-sin(sin(x0)) + cos(x1 + exp(cos(5.53000599709889*exp(x0)))))),True,25,11
symbolfit,g0002,Keijzer-2,521,clean,0.0,iaaccn22,formal3h_13alg_ssr50_seed520-522_noise0-001-005_20260622-014658,symbolfit_s521_clean_g0002,/home/zhangziwen/workplace/scientific-intelligent-modelling/experiments/formal3h_13alg_ssr50_seed520-522_noise0-001-005_20260622-014658/symbolfit/seed521/tasks/symbolfit_s521_clean_g0002/iaaccn22/symbolfit/g0002_Keijzer-2/progress/minute_0060.json,ed95ad1cfdf200882974f0ff649e7d468e241f0506611d22b817618e3d2217fe,60,3600.041,ok,True,True,104726.28132946034,1270.0070991904154,3600.041,(sin(x0 * -21.991257) + sin(x0 * -28.273428)) / (cos(sin(x0 + -0.49993637) * 1.8391728) * 0.27378157),3.65254680948758*(-sin(21.991257*x0) - sin(28.273428*x0))/cos(1.8391728*sin(x0 - 0.49993637)),True,24,7
symbolfit,g0003,Korns-2,521,clean,0.0,iaaccn25,formal3h_13alg_ssr50_seed520-522_noise0-001-005_20260622-014658,symbolfit_s521_clean_g0003,/home/zhangziwen/workplace/scientific-intelligent-modelling/experiments/formal3h_13alg_ssr50_seed520-522_noise0-001-005_20260622-014658/symbolfit/seed521/tasks/symbolfit_s521_clean_g0003/iaaccn25/symbolfit/g0003_Korns-2/progress/minute_0060.json,56b39cceee55f7f661f3fd41e2cecec8ddd7797ab3b84671c6f9a2d0a5a3d2c4,60,3600.494,ok,True,True,0.9999166729427946,0.999999579632533,3600.493,sin(x0 * (x0 * (x0 * (x1 - -2.1134727)))) / ((x3 - ((x1 * -53.03541) - -1.7707086)) / -8.347869),sin(x0**3*(x1 + 2.1134727))/(-6.35316749699834*x1 - 0.119791050865796*x3 + 0.212115043971102),True,19,5
symbolfit,g0004,Korns-4,521,clean,0.0,iaaccn28,formal3h_13alg_ssr50_seed520-522_noise0-001-005_20260622-014658,symbolfit_s521_clean_g0004,/home/zhangziwen/workplace/scientific-intelligent-modelling/experiments/formal3h_13alg_ssr50_seed520-522_noise0-001-005_20260622-014658/symbolfit/seed521/tasks/symbolfit_s521_clean_g0004/iaaccn28/symbolfit/g0004_Korns-4/progress/minute_0060.json,7f21e733761f50a5e29a89f2459098b9b54ddf0999e2a272cf2bd3fd4aecb62d,60,3600.041,ok,True,True,0.32127336480478885,0.32031011667942233,3600.041,0.3316209 - (2.4649162 * cos(exp(sin((x2 / 0.010381968) + (x2 - (cos(sin(x2) * -0.4267669) * 0.95473737))) * -0.027485948))),0.3316209 - 2.4649162*cos(exp(-0.027485948*sin(97.3208516920877*x2 - 0.95473737*cos(0.4267669*sin(x2))))),True,20,12
symbolfit,g0005,BPG3,521,clean,0.0,iaaccn23,formal3h_13alg_ssr50_seed520-522_noise0-001-005_20260622-014658,symbolfit_s521_clean_g0005,/home/zhangziwen/workplace/scientific-intelligent-modelling/experiments/formal3h_13alg_ssr50_seed520-522_noise0-001-005_20260622-014658/symbolfit/seed521/tasks/symbolfit_s521_clean_g0005/iaaccn23/symbolfit/g0005_BPG3/progress/minute_0060.json,6e098eaeb4582a978a27b359918cc0f25f26a4f2c92d429aaec87972f6e8dde3,60,3600.027,ok,True,True,2773.360391470491,2773.045042002127,3600.027,(sin(sin(cos(sin(0.4003592 - sin(cos(cos(x1)))))) + x1) + ((x1 * 13.880557) - 46.09014)) * x1,x1*(13.880557*x1 + sin(x1 + sin(cos(sin(sin(cos(cos(x1))) - 0.4003592)))) - 46.09014),True,19,12
symbolfit,g0006,BPG5,521,clean,0.0,iaaccn26,formal3h_13alg_ssr50_seed520-522_noise0-001-005_20260622-014658,symbolfit_s521_clean_g0006,/home/zhangziwen/workplace/scientific-intelligent-modelling/experiments/formal3h_13alg_ssr50_seed520-522_noise0-001-005_20260622-014658/symbolfit/seed521/tasks/symbolfit_s521_clean_g0006/iaaccn26/symbolfit/g0006_BPG5/progress/minute_0060.json,545e9b16597c03219b011687a14b530ef6e61f25a531963796bb7d582171e449,60,3600.038,ok,True,True,6816643571.608705,120485515463081.52,3600.038,(0.9995092 - (x1 / 0.9999683)) * ((cos(sin(x0) * -0.5202321) * ((0.5942923 - x1) * 0.99920416)) + (((x1 / 0.9999683) / 0.99920416) / 0.017532442)),(0.9995092 - 1.00003170100492*x1)*(57.0843582496782*x1 + (0.593819338415968 - 0.99920416*x1)*cos(0.5202321*sin(x0))),True,21,7
symbolfit,g0007,BPG9,521,clean,0.0,iaaccn22,formal3h_13alg_ssr50_seed520-522_noise0-001-005_20260622-014658,symbolfit_s521_clean_g0007,/home/zhangziwen/workplace/scientific-intelligent-modelling/experiments/formal3h_13alg_ssr50_seed520-522_noise0-001-005_20260622-014658/symbolfit/seed521/tasks/symbolfit_s521_clean_g0007/iaaccn22/symbolfit/g0007_BPG9/progress/minute_0060.json,a0d3ee11c1efa61b223c2bb348eee1b49e1944da910186675e2c86bb6e3cec48,60,3600.041,ok,True,True,4543588659.448261,25568271594503.043,3600.04,exp(x1) + (((x1 * 15.599222) + (-0.12684874 - ((((x1 * 85.211174) - 67.88116) - sin(-0.3639246 - x1)) * (x1 * x1)))) * 0.9897909),-0.9897909*x1**2*(85.211174*x1 + sin(x1 + 0.3639246) - 67.88116) + 15.4399679826798*x1 + exp(x1) - 0.125553728528466,True,21,6
symbolfit,g0008,CRK0,521,clean,0.0,iaaccn23,formal3h_13alg_ssr50_seed520-522_noise0-001-005_20260622-014658,symbolfit_s521_clean_g0008,/home/zhangziwen/workplace/scientific-intelligent-modelling/experiments/formal3h_13alg_ssr50_seed520-522_noise0-001-005_20260622-014658/symbolfit/seed521/tasks/symbolfit_s521_clean_g0008/iaaccn23/symbolfit/g0008_CRK0/progress/minute_0060.json,3a9363d0ba6b3b52daa0a848e774869da279ef5cce5d0b876254be44d4a18c20,60,3600.031,ok,True,True,164603.90269857636,246031012.87233153,3600.031,(((x1 + 0.7476803) / 0.167783) + (19.475327 - cos(cos(((x1 + x0) - ((x1 * -0.23852824) + 3.1808677)) - 0.38889465)))) * (0.9953599 - x1),(0.9953599 - x1)*(5.96007938825745*x1 - cos(cos(x0 + 1.23852824*x1 - 3.56976235)) + 23.9315609450361),True,21,8
symbolfit,g0009,CRK10,521,clean,0.0,iaaccn26,formal3h_13alg_ssr50_seed520-522_noise0-001-005_20260622-014658,symbolfit_s521_clean_g0009,/home/zhangziwen/workplace/scientific-intelligent-modelling/experiments/formal3h_13alg_ssr50_seed520-522_noise0-001-005_20260622-014658/symbolfit/seed521/tasks/symbolfit_s521_clean_g0009/iaaccn26/symbolfit/g0009_CRK10/progress/minute_0060.json,00972b4a199e57a1e50ab368af750953bf2ceae685c271cc8227e139137422da,60,3600.029,ok,True,True,292961.5550777832,7950610121.304795,3600.029,((((x1 * (x1 * 0.53194195)) + (x1 * -9.902865)) - 6.563101) * x1) + 15.89467,x1*(0.53194195*x1**2 - 9.902865*x1 - 6.563101) + 15.89467,True,14,6
symbolfit,g0010,CRK11,521,clean,0.0,iaaccn24,formal3h_13alg_ssr50_seed520-522_noise0-001-005_20260622-014658,symbolfit_s521_clean_g0010,/home/zhangziwen/workplace/scientific-intelligent-modelling/experiments/formal3h_13alg_ssr50_seed520-522_noise0-001-005_20260622-014658/symbolfit/seed521/tasks/symbolfit_s521_clean_g0010/iaaccn24/symbolfit/g0010_CRK11/progress/minute_0060.json,cb16e9826fe54921cf1a12bb8516ec8295d255c26447b213e81f7a8ba65e71bc,60,3600.053,ok,True,True,2951634.4392543375,17329129438.316456,3600.053,0.12446028 + (((((-15.422388 * x1) + sin(sin(-0.8978437 - (x1 + (sin(exp(x1) * x0) * x1))))) + x1) + -49.58857) * x1),x1*(-14.422388*x1 - sin(sin(x1*sin(x0*exp(x1)) + x1 + 0.8978437)) - 49.58857) + 0.12446028,True,23,12
symbolfit,g0011,CRK33,521,clean,0.0,iaaccn27,formal3h_13alg_ssr50_seed520-522_noise0-001-005_20260622-014658,symbolfit_s521_clean_g0011,/home/zhangziwen/workplace/scientific-intelligent-modelling/experiments/formal3h_13alg_ssr50_seed520-522_noise0-001-005_20260622-014658/symbolfit/seed521/tasks/symbolfit_s521_clean_g0011/iaaccn27/symbolfit/g0011_CRK33/progress/minute_0060.json,758e4050b9943d8698c44e7db41f107a5d3bb27f6c7cc14cb4b5b47beefd755e,60,3600.052,ok,True,True,17702974.525878437,3754040991424.41,3600.052,((5.535376 - x0) - (((sin(x1 * x1) - x1) * 0.4036959) + (x0 * 0.25496787))) * (((x1 * -2.441874) * x1) - -2.4373841),(2.4373841 - 2.441874*x1**2)*(-1.25496787*x0 + 0.4036959*x1 - 0.4036959*sin(x1**2) + 5.535376),True,22,6
symbolfit,g0012,CRK34,521,clean,0.0,iaaccn26,formal3h_13alg_ssr50_seed520-522_noise0-001-005_20260622-014658,symbolfit_s521_clean_g0012,/home/zhangziwen/workplace/scientific-intelligent-modelling/experiments/formal3h_13alg_ssr50_seed520-522_noise0-001-005_20260622-014658/symbolfit/seed521/tasks/symbolfit_s521_clean_g0012/iaaccn26/symbolfit/g0012_CRK34/progress/minute_0060.json,8a560701eeca2a30a6d7c04843b214b89dc75a42d400c471c15ba27b758dcc28,60,3600.027,ok,True,True,617721.7304348075,23440101161.292477,3600.027,(21.64726 - (((x1 * (17.953865 - x1)) - (x1 + -5.709344)) * x1)) + -0.019835142,-x1*(x1*(17.953865 - x1) - x1 + 5.709344) + 21.627424858,True,17,7
symbolfit,g0013,I.11.19_4_0,521,clean,0.0,iaaccn28,formal3h_13alg_ssr50_seed520-522_noise0-001-005_20260622-014658,symbolfit_s521_clean_g0013,/home/zhangziwen/workplace/scientific-intelligent-modelling/experiments/formal3h_13alg_ssr50_seed520-522_noise0-001-005_20260622-014658/symbolfit/seed521/tasks/symbolfit_s521_clean_g0013/iaaccn28/symbolfit/g0013_I.11.19_4_0/progress/minute_0060.json,27db0649401970008c17c139c854e8b3ba38f8d152ca84374cb1db011bafa2bb,60,3600.069,ok,True,True,856.3343263579777,462.5119898245807,3600.069,(x0 - -0.16870905) * ((log(sin(x2 + 0.036377892)) + 0.15284196) - cos((x0 - 0.0783376) - (x1 + (x0 + (x4 - x5))))),(x0 + 0.16870905)*(log(sin(x2 + 0.036377892)) - cos(x1 + x4 - x5 + 0.0783376) + 0.15284196),True,21,7
symbolfit,g0014,II.11.27_1_0,521,clean,0.0,iaaccn28,formal3h_13alg_ssr50_seed520-522_noise0-001-005_20260622-014658,symbolfit_s521_clean_g0014,/home/zhangziwen/workplace/scientific-intelligent-modelling/experiments/formal3h_13alg_ssr50_seed520-522_noise0-001-005_20260622-014658/symbolfit/seed521/tasks/symbolfit_s521_clean_g0014/iaaccn28/symbolfit/g0014_II.11.27_1_0/progress/minute_0060.json,f99889a85fff6abd99f334c3f386ce9d2dd559cd217f7ad1ffc4140295c2a419,60,3600.049,ok,True,True,0.9327692225138443,1.262204353662383e+293,3600.049,exp(((x1 + (x1 * 1.8008668)) * -1.7056078) + ((exp(x1 * -1790.2628) / 0.13552724) - (sin(x0) * -1.7523925))),exp(-4.77718026084104*x1 + 1.7523925*sin(x0) + 7.37859045901031*exp(-1790.2628*x1)),True,15,6
symbolfit,g0015,II.34.2_1_0,521,clean,0.0,iaaccn22,formal3h_13alg_ssr50_seed520-522_noise0-001-005_20260622-014658,symbolfit_s521_clean_g0015,/home/zhangziwen/workplace/scientific-intelligent-modelling/experiments/formal3h_13alg_ssr50_seed520-522_noise0-001-005_20260622-014658/symbolfit/seed521/tasks/symbolfit_s521_clean_g0015/iaaccn22/symbolfit/g0015_II.34.2_1_0/progress/minute_0060.json,93ff108bf9b4bb96eb321e62056e37fdc1ebdd48c679c498b4ab25599f3780cf,60,3600.056,ok,True,True,200.50005367545876,55.63406663492989,3600.056,(exp((exp((x2 / 0.39144295) * -0.5696503) - sin(x1)) * 2.365706) + 0.3812577) * x0,x0*(exp(-2.365706*sin(x1) + 2.365706*exp(-1.4552575285875*x2)) + 0.3812577),True,16,8
symbolfit,g0016,II.6.15b_3_0,521,clean,0.0,iaaccn27,formal3h_13alg_ssr50_seed520-522_noise0-001-005_20260622-014658,symbolfit_s521_clean_g0016,/home/zhangziwen/workplace/scientific-intelligent-modelling/experiments/formal3h_13alg_ssr50_seed520-522_noise0-001-005_20260622-014658/symbolfit/seed521/tasks/symbolfit_s521_clean_g0016/iaaccn27/symbolfit/g0016_II.6.15b_3_0/progress/minute_0060.json,8d84f2e36e08c0fb87e55fa68e4f16f5641c8d8a307401fba2c8672be4a51f5c,60,3600.05,ok,True,True,0.2862870647599116,0.2987064929934834,3600.05,exp(exp((sin(x2 * (x2 * x3)) + -4.0722585) - (sin(((x0 + 0.54081666) * (x0 * 6.0743484)) - 3.0492887) * -3.905774))),exp(0.0170388627471316*exp(sin(x2**2*x3) + 3.905774*sin(6.0743484*x0*(x0 + 0.54081666) - 3.0492887))),True,22,10
symbolfit,g0017,III.21.20_3_0,521,clean,0.0,iaaccn28,formal3h_13alg_ssr50_seed520-522_noise0-001-005_20260622-014658,symbolfit_s521_clean_g0017,/home/zhangziwen/workplace/scientific-intelligent-modelling/experiments/formal3h_13alg_ssr50_seed520-522_noise0-001-005_20260622-014658/symbolfit/seed521/tasks/symbolfit_s521_clean_g0017/iaaccn28/symbolfit/g0017_III.21.20_3_0/progress/minute_0060.json,8f5c9cfc0cb3d79bc7398c922bb4959c2e007e81633229983a1163fabbb24b8d,60,3600.065,ok,True,True,1.0027914057532255,1.0000402191139315,3600.064,sin((x1 * (x3 * x2)) + 0.06449549) * (0.9880511 / (1.0046583 - x0)),0.9880511*sin(x1*x2*x3 + 0.06449549)/(1.0046583 - x0),True,16,5
symbolfit,g0018,MatSci21,521,clean,0.0,iaaccn25,formal3h_13alg_ssr50_seed520-522_noise0-001-005_20260622-014658,symbolfit_s521_clean_g0018,/home/zhangziwen/workplace/scientific-intelligent-modelling/experiments/formal3h_13alg_ssr50_seed520-522_noise0-001-005_20260622-014658/symbolfit/seed521/tasks/symbolfit_s521_clean_g0018/iaaccn25/symbolfit/g0018_MatSci21/progress/minute_0060.json,692436ce02b08c77ee656bfb41d7a3e186efad51f446cdb9e1b5850b576ebaba,60,3600.15,ok,True,True,1.7308750526693437e+26,5.39246403310106e+25,3600.146,((((sin(x1) * 6.6850576) - (x1 * (x1 * -1.3431412))) * ((x1 * ((x1 * x1) * 15.331746)) - 6.3376184)) + x1) + 1.1970026,x1 + (1.3431412*x1**2 + 6.6850576*sin(x1))*(15.331746*x1**3 - 6.3376184) + 1.1970026,True,21,6
symbolfit,g0019,PO19,521,clean,0.0,iaaccn22,formal3h_13alg_ssr50_seed520-522_noise0-001-005_20260622-014658,symbolfit_s521_clean_g0019,/home/zhangziwen/workplace/scientific-intelligent-modelling/experiments/formal3h_13alg_ssr50_seed520-522_noise0-001-005_20260622-014658/symbolfit/seed521/tasks/symbolfit_s521_clean_g0019/iaaccn22/symbolfit/g0019_PO19/progress/minute_0060.json,e2189b878b6c36eb29f9e680ba671385bb6b57a2808383d3baa7d3e51d0f69ac,60,3600.034,ok,True,True,3.2880204726034476e+68,4.460203550165917e+84,3600.034,((((x2 * -2017.7787) + (((sin(sin(sin(x0))) * -8432.407) - -3625.5144) + 54.956863)) / 1.2563096) * exp(x1 + x1)) - 2.1822712,(-1606.11580139163*x2 - 6712.04534296323*sin(sin(sin(x0))) + 2929.58938067495)*exp(2*x1) - 2.1822712,True,18,8
symbolfit,g0020,PO41,521,clean,0.0,iaaccn23,formal3h_13alg_ssr50_seed520-522_noise0-001-005_20260622-014658,symbolfit_s521_clean_g0020,/home/zhangziwen/workplace/scientific-intelligent-modelling/experiments/formal3h_13alg_ssr50_seed520-522_noise0-001-005_20260622-014658/symbolfit/seed521/tasks/symbolfit_s521_clean_g0020/iaaccn23/symbolfit/g0020_PO41/progress/minute_0060.json,b7a07904f37b6b3ccd0ba591921959e0ba29333d315e28578106a93068f2275f,60,3600.037,ok,True,True,991499351953749.5,40956672826514.86,3600.036,((sin(-1.6763246 * x0) * 617.06775) - -447.1625) - (((x2 * (exp(exp(1.5489796 - (x0 * 3.8220108))) + 243.01349)) - x1) - 1.0306454),x1 - x2*(exp(4.70666505041179*exp(-3.8220108*x0)) + 243.01349) - 617.06775*sin(1.6763246*x0) + 448.1931454,True,21,8
symbolfit,g0021,Nguyen-12,521,clean,0.0,iaaccn22,formal3h_13alg_ssr50_seed520-522_noise0-001-005_20260622-014658,symbolfit_s521_clean_g0021,/home/zhangziwen/workplace/scientific-intelligent-modelling/experiments/formal3h_13alg_ssr50_seed520-522_noise0-001-005_20260622-014658/symbolfit/seed521/tasks/symbolfit_s521_clean_g0021/iaaccn22/symbolfit/g0021_Nguyen-12/progress/minute_0060.json,7f37428e0f33a94d5418916a5ac6a90244e029f9161e5695d3272e5ae6c3d1c1,60,3600.035,ok,True,True,5.073775787994838,6.451484403240074,3600.034,sin((cos(x1) * (exp(sin((x0 * 2.7570477) * x0)) + 0.5142505)) * (-0.06125388 - sin(x1))) - (x1 * 0.9960405),-0.9960405*x1 + sin((exp(sin(2.7570477*x0**2)) + 0.5142505)*(-sin(x1) - 0.06125388)*cos(x1)),True,23,9
symbolfit,g0022,Nguyen-6,521,clean,0.0,iaaccn28,formal3h_13alg_ssr50_seed520-522_noise0-001-005_20260622-014658,symbolfit_s521_clean_g0022,/home/zhangziwen/workplace/scientific-intelligent-modelling/experiments/formal3h_13alg_ssr50_seed520-522_noise0-001-005_20260622-014658/symbolfit/seed521/tasks/symbolfit_s521_clean_g0022/iaaccn28/symbolfit/g0022_Nguyen-6/progress/minute_0060.json,190772e87cd143e87d95a1b9cb902c93b87f44c5e53f22a2e07017b706b6b056,60,3600.038,ok,True,True,20.951397017687498,12.423515587655611,3600.038,(((8.442751 - x0) + (x0 - sin(0.9870302 / cos(cos(x0))))) - -0.9448412) * sin(((x0 - -1.040149) * 1.0264121) * (x0 + -0.42628178)),(9.3875922 - sin(0.9870302/cos(cos(x0))))*sin((x0 - 0.42628178)*(1.0264121*x0 + 1.0676215194029)),True,23,9
symbolfit,g0023,Nguyen-9,521,clean,0.0,iaaccn26,formal3h_13alg_ssr50_seed520-522_noise0-001-005_20260622-014658,symbolfit_s521_clean_g0023,/home/zhangziwen/workplace/scientific-intelligent-modelling/experiments/formal3h_13alg_ssr50_seed520-522_noise0-001-005_20260622-014658/symbolfit/seed521/tasks/symbolfit_s521_clean_g0023/iaaccn26/symbolfit/g0023_Nguyen-9/progress/minute_0060.json,76c857818f13ad6824d677b71657588804460c0f770787b742348924c0f837d6,60,3600.051,ok,True,True,0.2717712539702209,0.002014191251825791,3600.05,((x1 / (sin((sin(x0) / (exp(x0 * 0.42519882) + (x0 * x1))) - (x1 * 1.8137119)) - -2.1081066)) + sin(x0)) - -0.0073868465,x1/(2.1081066 - sin(1.8137119*x1 - sin(x0)/(x0*x1 + exp(0.42519882*x0)))) + sin(x0) + 0.0073868465,True,31,13
symbolfit,g0024,feynman_II_15_4,521,clean,0.0,iaaccn23,formal3h_13alg_ssr50_seed520-522_noise0-001-005_20260622-014658,symbolfit_s521_clean_g0024,/home/zhangziwen/workplace/scientific-intelligent-modelling/experiments/formal3h_13alg_ssr50_seed520-522_noise0-001-005_20260622-014658/symbolfit/seed521/tasks/symbolfit_s521_clean_g0024/iaaccn23/symbolfit/g0024_feynman_II_15_4/progress/minute_0060.json,a50f9b9a80a2404dfcce094a4bf2c423e373855bcd93e5a0a8464fa6c61c3ff2,60,3600.059,ok,True,True,2394119.573230346,9208641.76125696,3600.059,sin((sin(x2 + -0.18478149) * 3.3021216) + x2) * (exp((x0 + (x1 + 0.9380812)) - sin(x2 + 1.311464)) - 0.56336784),(2.5550740356324*exp(x0 + x1 - sin(x2 + 1.311464)) - 0.56336784)*sin(x2 + 3.3021216*sin(x2 - 0.18478149)),True,24,9
symbolfit,g0025,feynman_I_12_11,521,clean,0.0,iaaccn27,formal3h_13alg_ssr50_seed520-522_noise0-001-005_20260622-014658,symbolfit_s521_clean_g0025,/home/zhangziwen/workplace/scientific-intelligent-modelling/experiments/formal3h_13alg_ssr50_seed520-522_noise0-001-005_20260622-014658/symbolfit/seed521/tasks/symbolfit_s521_clean_g0025/iaaccn27/symbolfit/g0025_feynman_I_12_11/progress/minute_0060.json,5dd4474caae83ddc164222e3656608f985c7965ab331071e7c310e60df12abad,60,3600.058,ok,True,True,18.56857363740291,27.40788248462376,3600.058,((x0 + x3) * (sin(x1) + (cos(x4 / -0.3240438) * ((x2 * (x2 + 2.5651453)) + (x0 + x3))))) + x0,x0 + (x0 + x3)*((x0 + x2*(x2 + 2.5651453) + x3)*cos(3.08600257125734*x4) + sin(x1)),True,22,8
symbolfit,g0026,feynman_I_27_6,521,clean,0.0,iaaccn27,formal3h_13alg_ssr50_seed520-522_noise0-001-005_20260622-014658,symbolfit_s521_clean_g0026,/home/zhangziwen/workplace/scientific-intelligent-modelling/experiments/formal3h_13alg_ssr50_seed520-522_noise0-001-005_20260622-014658/symbolfit/seed521/tasks/symbolfit_s521_clean_g0026/iaaccn27/symbolfit/g0026_feynman_I_27_6/progress/minute_0060.json,168449831c7e0f7b8b30c6cf8ed7cf86b57a4302562102d494d844ec6b4b169e,60,3600.049,ok,True,True,169.66348369156736,19454.88302084499,3600.049,(((x1 + 0.49767363) + exp(-0.83545923 * (((-0.032817014 / -1.8488984) - (x0 - (x2 / 0.412688))) - x1))) * 0.53561264) + -0.087149404,0.53561264*x1 + 0.527728651145534*exp(0.83545923*x0 + 0.83545923*x1 - 2.02443305838793*x2) + 0.179410882822683,True,18,6
symbolfit,g0027,feynman_test_15,521,clean,0.0,iaaccn29,formal3h_13alg_ssr50_seed520-522_noise0-001-005_20260622-014658,symbolfit_s521_clean_g0027,/home/zhangziwen/workplace/scientific-intelligent-modelling/experiments/formal3h_13alg_ssr50_seed520-522_noise0-001-005_20260622-014658/symbolfit/seed521/tasks/symbolfit_s521_clean_g0027/iaaccn29/symbolfit/g0027_feynman_test_15/progress/minute_0060.json,c76cad6b5a308ac029b527e0a357a64e4ce5c657e7a5d28fe94de648968dcc48,60,3600.149,ok,True,True,2.445240374775962,14.491859919339895,3600.149,(x2 + exp(x2 / exp(exp(cos(exp(exp(cos(cos(log(exp((x3 * 1.3511392) - 0.707471))) + -0.737437))) / 0.60015684))))) + -0.66307205,x2 + exp(x2*exp(-exp(cos(1.66623111385351*exp(exp(cos(cos(log(0.492889139201638*exp(1.3511392*x3))) - 0.737437))))))) - 0.66307205,True,26,18
symbolfit,g0028,strogatz_barmag1,521,clean,0.0,iaaccn26,formal3h_13alg_ssr50_seed520-522_noise0-001-005_20260622-014658,symbolfit_s521_clean_g0028,/home/zhangziwen/workplace/scientific-intelligent-modelling/experiments/formal3h_13alg_ssr50_seed520-522_noise0-001-005_20260622-014658/symbolfit/seed521/tasks/symbolfit_s521_clean_g0028/iaaccn26/symbolfit/g0028_strogatz_barmag1/progress/minute_0060.json,cb6bbc300505787e140d044d3973b2afc867763fffc07f954d6b59e542bae10d,60,3600.088,ok,True,True,197958696109231.56,3396752900747.707,3600.088,exp((((exp(cos(x1 + -0.5286715)) - 0.9412712) * (1.4794028 * cos(x0))) + -1.5718455) * (((x0 + 0.66027033) * 2.9670353) - x1)),exp((1.4794028*(exp(cos(x1 - 0.5286715)) - 0.9412712)*cos(x0) - 1.5718455)*(2.9670353*x0 - x1 + 1.95904537665265)),True,23,9
symbolfit,g0029,strogatz_barmag2,521,clean,0.0,iaaccn23,formal3h_13alg_ssr50_seed520-522_noise0-001-005_20260622-014658,symbolfit_s521_clean_g0029,/home/zhangziwen/workplace/scientific-intelligent-modelling/experiments/formal3h_13alg_ssr50_seed520-522_noise0-001-005_20260622-014658/symbolfit/seed521/tasks/symbolfit_s521_clean_g0029/iaaccn23/symbolfit/g0029_strogatz_barmag2/progress/minute_0060.json,ed811cc02c4540465474fcbcc94f7bd021f0d11f62a1f391568f5cec5232f6f0,60,3600.035,ok,True,True,3436631.4182385826,1976761.4086466637,3600.035,(41.78607 - (x0 * ((x1 * (x0 * -4.4869905)) + 27.2399))) * cos((x1 * (x1 + 5.468236)) + 1.4018723),(-x0*(-4.4869905*x0*x1 + 27.2399) + 41.78607)*cos(x1*(x1 + 5.468236) + 1.4018723),True,20,6
symbolfit,g0030,strogatz_predprey2,521,clean,0.0,iaaccn26,formal3h_13alg_ssr50_seed520-522_noise0-001-005_20260622-014658,symbolfit_s521_clean_g0030,/home/zhangziwen/workplace/scientific-intelligent-modelling/experiments/formal3h_13alg_ssr50_seed520-522_noise0-001-005_20260622-014658/symbolfit/seed521/tasks/symbolfit_s521_clean_g0030/iaaccn26/symbolfit/g0030_strogatz_predprey2/progress/minute_0060.json,f94846e1b8c2c2699a59793c484a70da9a9ca87a750c923930f0360e8bbad93b,60,3600.049,ok,True,True,2868.6049287456635,4307.168175143992,3600.049,((17.813337 - (x0 * 18.761108)) * (x0 + (sin(x0) - x1))) - cos(x1 * ((sin(sin(x0)) * (x0 + -1.2128285)) * 21.338993)),(17.813337 - 18.761108*x0)*(x0 - x1 + sin(x0)) - cos(21.338993*x1*(x0 - 1.2128285)*sin(sin(x0))),True,26,7
symbolfit,g0031,strogatz_shearflow1,521,clean,0.0,iaaccn25,formal3h_13alg_ssr50_seed520-522_noise0-001-005_20260622-014658,symbolfit_s521_clean_g0031,/home/zhangziwen/workplace/scientific-intelligent-modelling/experiments/formal3h_13alg_ssr50_seed520-522_noise0-001-005_20260622-014658/symbolfit/seed521/tasks/symbolfit_s521_clean_g0031/iaaccn25/symbolfit/g0031_strogatz_shearflow1/progress/minute_0060.json,419c9e545da9fba8a8516753f880ebf4b4b7431a4c59906207b4a036c7deb362,60,3600.466,ok,True,True,1828264.3141510345,2031324.1354931265,3600.463,(((0.22817229 - x1) / (x1 + (0.039531164 - x1))) * (0.8975468 - x1)) * 11.2509,11.2509*(0.8975468 - x1)*(5.77195981378135 - 25.2964977201278*x1),True,12,4
symbolfit,g0032,strogatz_vdp1,521,clean,0.0,iaaccn25,formal3h_13alg_ssr50_seed520-522_noise0-001-005_20260622-014658,symbolfit_s521_clean_g0032,/home/zhangziwen/workplace/scientific-intelligent-modelling/experiments/formal3h_13alg_ssr50_seed520-522_noise0-001-005_20260622-014658/symbolfit/seed521/tasks/symbolfit_s521_clean_g0032/iaaccn25/symbolfit/g0032_strogatz_vdp1/progress/minute_0060.json,afe074cc20f40ee7fdb7c698069e41ed961b96a0f0891dbd0674fbf13bec1cad,60,3600.048,ok,True,True,73536588491.16055,1.5105291617770846e+16,3600.047,(x1 * 52.6062) + (((x1 + -4.86202) + (exp(exp(x1 + x0)) * (((x1 - -0.96471363) - (x0 - -0.040913034)) - x0))) / 0.45823377),54.7884922391774*x1 + 2.1822922391774*(-2*x0 + x1 + 0.923800596)*exp(exp(x0 + x1)) - 10.6103485127253,True,18,6
symbolfit,g0033,first_principles_hubble,521,clean,0.0,iaaccn25,formal3h_13alg_ssr50_seed520-522_noise0-001-005_20260622-014658,symbolfit_s521_clean_g0033,/home/zhangziwen/workplace/scientific-intelligent-modelling/experiments/formal3h_13alg_ssr50_seed520-522_noise0-001-005_20260622-014658/symbolfit/seed521/tasks/symbolfit_s521_clean_g0033/iaaccn25/symbolfit/g0033_first_principles_hubble/progress/minute_0060.json,d7b760fa9817d75311d24e79cdfcd83989548795c08cfb7ae73000dfc6c233ec,60,3600.165,ok,True,True,0.9918084831141689,0.9956229166924975,3600.161,((sin(((x0 / 0.11277491) + 1.2505544) * 2.3528965) * cos(x0)) * 0.5145364) + (sin(x0 + 0.008399578) * 2.5635579),2.5635579*sin(x0 + 0.008399578) + 0.5145364*sin(20.8636522077473*x0 + 2.9424250708196)*cos(x0),True,17,6
symbolfit,g0034,first_principles_leavitt,521,clean,0.0,iaaccn24,formal3h_13alg_ssr50_seed520-522_noise0-001-005_20260622-014658,symbolfit_s521_clean_g0034,/home/zhangziwen/workplace/scientific-intelligent-modelling/experiments/formal3h_13alg_ssr50_seed520-522_noise0-001-005_20260622-014658/symbolfit/seed521/tasks/symbolfit_s521_clean_g0034/iaaccn24/symbolfit/g0034_first_principles_leavitt/progress/minute_0060.json,aa863dc9a02598b2a593d7660a0b2161e4499a5c218e4d67e0bccf8b5f8f645c,60,3600.048,ok,True,True,0.8733397012339413,0.8697365299665639,3600.048,cos(sin((x0 * -0.7883886) + (-0.11197036 - (x0 * ((-0.06431553 / (x0 + -0.16128176)) * x0))))) + 0.07549686,cos(sin(-0.06431553*x0**2/(x0 - 0.16128176) + 0.7883886*x0 + 0.11197036)) + 0.07549686,True,19,8
symbolfit,g0035,feynman-ii.4.23,521,clean,0.0,iaaccn23,formal3h_13alg_ssr50_seed520-522_noise0-001-005_20260622-014658,symbolfit_s521_clean_g0035,/home/zhangziwen/workplace/scientific-intelligent-modelling/experiments/formal3h_13alg_ssr50_seed520-522_noise0-001-005_20260622-014658/symbolfit/seed521/tasks/symbolfit_s521_clean_g0035/iaaccn23/symbolfit/g0035_feynman-ii.4.23/progress/minute_0060.json,2d26e6a47ada42658295ecd7f45eea3cad5c4dab396861fb2b90eeba2eafea10,60,3600.041,ok,True,True,0.999999994622049,0.9999999974009716,3600.041,(exp((x1 / exp(sin(x1 * 13.163843))) * -70.709785) - -0.03764532) * (((x0 * 1530.6774) + -715.00684) - 50.096443),(0.03764532 + exp(-70.709785*x1*exp(-sin(13.163843*x1))))*(1530.6774*x0 - 765.103283),True,19,9
symbolfit,g0036,feynman-iii.7.38,521,clean,0.0,iaaccn25,formal3h_13alg_ssr50_seed520-522_noise0-001-005_20260622-014658,symbolfit_s521_clean_g0036,/home/zhangziwen/workplace/scientific-intelligent-modelling/experiments/formal3h_13alg_ssr50_seed520-522_noise0-001-005_20260622-014658/symbolfit/seed521/tasks/symbolfit_s521_clean_g0036/iaaccn25/symbolfit/g0036_feynman-iii.7.38/progress/minute_0060.json,6eff061398f551ee9055f85b3efb97d0784a72851bf4c764cd328469efa45146,60,3600.189,ok,True,True,1.0,1.0,3600.188,exp(x0 + (x0 + x0)) * ((x0 / 0.012559097) * (((x1 * (((-0.55237836 - x0) / -0.7449167) * exp(x1))) - 0.71880263) - x0)),79.6235589230659*x0*(-x0 + x1*(1.34243197930722*x0 + 0.741530375141274)*exp(x1) - 0.71880263)*exp(3*x0),True,21,6
symbolfit,g0037,feynman-i.18.16,521,clean,0.0,iaaccn23,formal3h_13alg_ssr50_seed520-522_noise0-001-005_20260622-014658,symbolfit_s521_clean_g0037,/home/zhangziwen/workplace/scientific-intelligent-modelling/experiments/formal3h_13alg_ssr50_seed520-522_noise0-001-005_20260622-014658/symbolfit/seed521/tasks/symbolfit_s521_clean_g0037/iaaccn23/symbolfit/g0037_feynman-i.18.16/progress/minute_0060.json,e478bbd69c5f153d89677e791a3f3220b9ce59ef7d3535f84cc9fb5b91ef6c67,60,3600.044,ok,True,True,24623464.63239714,59445111.43218603,3600.044,(sin(x3) + 1.294979) * (((x0 * (x3 * (sin(sin(cos(x4 * -3.2667506))) / 0.002470053))) * (x1 / 0.11914117)) - -0.09165976),(3398.06644956297*x0*x1*x3*sin(sin(cos(3.2667506*x4))) + 0.09165976)*(sin(x3) + 1.294979),True,18,8
symbolfit,g0038,feynman-ii.27.18,521,clean,0.0,iaaccn26,formal3h_13alg_ssr50_seed520-522_noise0-001-005_20260622-014658,symbolfit_s521_clean_g0038,/home/zhangziwen/workplace/scientific-intelligent-modelling/experiments/formal3h_13alg_ssr50_seed520-522_noise0-001-005_20260622-014658/symbolfit/seed521/tasks/symbolfit_s521_clean_g0038/iaaccn26/symbolfit/g0038_feynman-ii.27.18/progress/minute_0060.json,96e0fafa12fa41ff0b523b6c3544fccb4110327937db6f57229ac4cc6c0412be,60,3600.022,ok,True,True,1.0065322039402433e+24,1.0047373649580517e+24,3600.022,(x0 * (((((x0 + x0) + x0) + ((0.17909248 - x0) - x0)) - x0) + (x0 * 8.8592825))) + 0.00090509496,x0*(8.8592825*x0 + 0.17909248) + 0.00090509496,True,9,5
symbolfit,g0039,feynman-ii.34.11,521,clean,0.0,iaaccn23,formal3h_13alg_ssr50_seed520-522_noise0-001-005_20260622-014658,symbolfit_s521_clean_g0039,/home/zhangziwen/workplace/scientific-intelligent-modelling/experiments/formal3h_13alg_ssr50_seed520-522_noise0-001-005_20260622-014658/symbolfit/seed521/tasks/symbolfit_s521_clean_g0039/iaaccn23/symbolfit/g0039_feynman-ii.34.11/progress/minute_0060.json,b82f681ae895b7bb76e29b23f1cd21dcb02ba9d1133ba2e8dae73c64442eaf73,60,3600.035,ok,True,True,1.0003401031445163,0.9999998061817006,3600.034,((cos(x2 * -3.237052) / ((x2 - (x5 * -19.029528)) / exp(x4 * 8.639927))) - sin(exp(x2 + x2))) * (0.50497264 - x0),(0.50497264 - x0)*(-sin(exp(2*x2)) + exp(8.639927*x4)*cos(3.237052*x2)/(x2 + 19.029528*x5)),True,30,7
symbolfit,g0040,feynman-i.29.16,521,clean,0.0,iaaccn25,formal3h_13alg_ssr50_seed520-522_noise0-001-005_20260622-014658,symbolfit_s521_clean_g0040,/home/zhangziwen/workplace/scientific-intelligent-modelling/experiments/formal3h_13alg_ssr50_seed520-522_noise0-001-005_20260622-014658/symbolfit/seed521/tasks/symbolfit_s521_clean_g0040/iaaccn25/symbolfit/g0040_feynman-i.29.16/progress/minute_0060.json,fa9ee7597012afc0e0d18caf2a55d56db3dea21cf040ae2789a053160f1212c8,60,3600.213,ok,True,True,0.6747252094666139,0.8891631076817267,3600.212,(exp(sin(x0 + x1)) - sin(cos(exp(x1 - cos(0.305288)) * exp(x0)))) - cos(exp(sin(exp(cos(x1 - x0))))),exp(sin(x0 + x1)) - sin(cos(0.385289442452076*exp(x0)*exp(x1))) - cos(exp(sin(exp(cos(x0 - x1))))),True,28,10
symbolfit,g0041,feynman-bonus.20,521,clean,0.0,iaaccn23,formal3h_13alg_ssr50_seed520-522_noise0-001-005_20260622-014658,symbolfit_s521_clean_g0041,/home/zhangziwen/workplace/scientific-intelligent-modelling/experiments/formal3h_13alg_ssr50_seed520-522_noise0-001-005_20260622-014658/symbolfit/seed521/tasks/symbolfit_s521_clean_g0041/iaaccn23/symbolfit/g0041_feynman-bonus.20/progress/minute_0060.json,7758fbc69338251159c42a33e339e7bfbdc458909425dc3688a0e76caf11d162,60,3600.032,ok,True,True,1.5401598886726428e+240,1.1408674556361665e+241,3600.032,x2 * ((x2 * (x2 * exp((5.1973124 - sin(sin(sin(sin(sin(x3 * 121.880905)))))) - (sin(x3) * 143.83585)))) + 0.091491625),x2*(180.785708694037*x2**2*exp(-143.83585*sin(x3) - sin(sin(sin(sin(sin(121.880905*x3)))))) + 0.091491625),True,25,13
symbolfit,g0042,feynman-i.15.3t,521,clean,0.0,iaaccn28,formal3h_13alg_ssr50_seed520-522_noise0-001-005_20260622-014658,symbolfit_s521_clean_g0042,/home/zhangziwen/workplace/scientific-intelligent-modelling/experiments/formal3h_13alg_ssr50_seed520-522_noise0-001-005_20260622-014658/symbolfit/seed521/tasks/symbolfit_s521_clean_g0042/iaaccn28/symbolfit/g0042_feynman-i.15.3t/progress/minute_0060.json,31382ced5feab9af98d74ed0ad29bcdf32a956d965a8ebb8214facdca8b4c08d,60,3600.049,ok,True,True,2294044.507710347,174112.36463287083,3600.049,x1 + ((-3.6452155 - (sin((3.1209538 * x3) - ((x4 + -0.51162034) * ((-0.012893942 - x1) + exp(0.18986313)))) * -0.0025282223)) * (-0.012893942 - x1)),x1 + (-x1 - 0.012893942)*(0.0025282223*sin(3.1209538*x3 - (1.19619015699098 - x1)*(x4 - 0.51162034)) - 3.6452155),True,27,10
symbolfit,g0043,feynman-i.39.22,521,clean,0.0,iaaccn25,formal3h_13alg_ssr50_seed520-522_noise0-001-005_20260622-014658,symbolfit_s521_clean_g0043,/home/zhangziwen/workplace/scientific-intelligent-modelling/experiments/formal3h_13alg_ssr50_seed520-522_noise0-001-005_20260622-014658/symbolfit/seed521/tasks/symbolfit_s521_clean_g0043/iaaccn25/symbolfit/g0043_feynman-i.39.22/progress/minute_0060.json,c5bbe054f9a9996db625fcc43d962cba4e7cff27740060459cb187125051091f,60,3600.041,ok,True,True,1.910848301492557e+80,7.603575463975317e+80,3600.04,x1 * ((((x1 / -3.3659506) - (((x3 + 0.015791541) / (-0.010505828 - x4)) - 0.16008325)) + x3) - x3),x1*(-0.297092892569487*x1 - (x3 + 0.015791541)/(-x4 - 0.010505828) + 0.16008325),True,19,7
symbolfit,g0044,feynman-iii.10.19,521,clean,0.0,iaaccn26,formal3h_13alg_ssr50_seed520-522_noise0-001-005_20260622-014658,symbolfit_s521_clean_g0044,/home/zhangziwen/workplace/scientific-intelligent-modelling/experiments/formal3h_13alg_ssr50_seed520-522_noise0-001-005_20260622-014658/symbolfit/seed521/tasks/symbolfit_s521_clean_g0044/iaaccn26/symbolfit/g0044_feynman-iii.10.19/progress/minute_0060.json,a8ccfb3da7142e0bd14fde89b0ec5f085f35841654f0fbcf878913be7bd80164,60,3600.053,ok,True,True,3.3169903411234467e+55,1.9901998383093548e+49,3600.053,(((cos((x5 * -12.385141) * cos(x4 - -1.5903169)) + cos(x3 * -6.2163553)) * 235.77669) + 606.1745) * (x2 + (x2 + -0.99851465)),(2*x2 - 0.99851465)*(235.77669*cos(6.2163553*x3) + 235.77669*cos(12.385141*x5*cos(x4 + 1.5903169)) + 606.1745),True,24,8
symbolfit,g0045,feynman-i.13.12,521,clean,0.0,iaaccn29,formal3h_13alg_ssr50_seed520-522_noise0-001-005_20260622-014658,symbolfit_s521_clean_g0045,/home/zhangziwen/workplace/scientific-intelligent-modelling/experiments/formal3h_13alg_ssr50_seed520-522_noise0-001-005_20260622-014658/symbolfit/seed521/tasks/symbolfit_s521_clean_g0045/iaaccn29/symbolfit/g0045_feynman-i.13.12/progress/minute_0060.json,a31d97ba026d4149737b7b75cab4d3bd046f120d43b3c8938a21fe6429a1f837,60,3600.038,ok,True,True,3.6814876423794054e+22,4.729148518501154e+21,3600.038,((((x3 - x2) * ((x0 * (863.12555 - (((x3 + -0.5417062) + x2) / 0.0016682227))) * x1)) / (x3 + x2)) - x2) - x0,x0*x1*(-x2 + x3)*(-599.440350499966*x2 - 599.440350499966*x3 + 1187.846104396)/(x2 + x3) - x0 - x2,True,28,5
symbolfit,g0046,feynman-i.32.5,521,clean,0.0,iaaccn28,formal3h_13alg_ssr50_seed520-522_noise0-001-005_20260622-014658,symbolfit_s521_clean_g0046,/home/zhangziwen/workplace/scientific-intelligent-modelling/experiments/formal3h_13alg_ssr50_seed520-522_noise0-001-005_20260622-014658/symbolfit/seed521/tasks/symbolfit_s521_clean_g0046/iaaccn28/symbolfit/g0046_feynman-i.32.5/progress/minute_0060.json,738e71251f04c00ebc10c2dff8649e85a9c29d104a781266f5a6247cb08928cd,60,3600.048,ok,True,True,6748444562.305866,7336867.938875862,3600.048,((exp(cos(x0 / -0.1644815) - (sin(x1 * 1.308428) * -4.0902524)) - exp((3.55757 - x0) * x1)) + 0.45949215) * 0.6035924,-0.6035924*exp(x1*(3.55757 - x0)) + 0.6035924*exp(4.0902524*sin(1.308428*x1) + cos(6.0797110921289*x0)) + 0.27734596959966,True,26,8
symbolfit,g0047,feynman-i.43.31,521,clean,0.0,iaaccn26,formal3h_13alg_ssr50_seed520-522_noise0-001-005_20260622-014658,symbolfit_s521_clean_g0047,/home/zhangziwen/workplace/scientific-intelligent-modelling/experiments/formal3h_13alg_ssr50_seed520-522_noise0-001-005_20260622-014658/symbolfit/seed521/tasks/symbolfit_s521_clean_g0047/iaaccn26/symbolfit/g0047_feynman-i.43.31/progress/minute_0060.json,54224c430fc48eb7c79049901fa58320dd232ee3e28f1c178fc45460508d951f,60,3600.027,ok,True,True,2.4309992484418134e+48,2.4309460471291433e+48,3600.027,(x0 + 0.010109845) * ((x1 - -0.010112307) * 21.526186),(x0 + 0.010109845)*(21.526186*x1 + 0.217679401371102),True,9,4
symbolfit,g0048,feynman-i.11.19,521,clean,0.0,iaaccn22,formal3h_13alg_ssr50_seed520-522_noise0-001-005_20260622-014658,symbolfit_s521_clean_g0048,/home/zhangziwen/workplace/scientific-intelligent-modelling/experiments/formal3h_13alg_ssr50_seed520-522_noise0-001-005_20260622-014658/symbolfit/seed521/tasks/symbolfit_s521_clean_g0048/iaaccn22/symbolfit/g0048_feynman-i.11.19/progress/minute_0060.json,ba0ae4e14132b2cce300922c3f6a58340d4c7deecf5a9c7b1b113cee12420f84,60,3600.06,ok,True,True,4897322074.63753,13646089349.993498,3600.06,((((x6 - x2) * 32222.018) * (x5 - x3)) + 9.2946615) - (((x0 * (x1 * -16505.104)) - (x1 * -8296.005)) * x1),-x1*(-16505.104*x0*x1 + 8296.005*x1) + (-32222.018*x2 + 32222.018*x6)*(-x3 + x5) + 9.2946615,True,26,5
symbolfit,g0049,feynman-ii.34.2a,521,clean,0.0,iaaccn25,formal3h_13alg_ssr50_seed520-522_noise0-001-005_20260622-014658,symbolfit_s521_clean_g0049,/home/zhangziwen/workplace/scientific-intelligent-modelling/experiments/formal3h_13alg_ssr50_seed520-522_noise0-001-005_20260622-014658/symbolfit/seed521/tasks/symbolfit_s521_clean_g0049/iaaccn25/symbolfit/g0049_feynman-ii.34.2a/progress/minute_0060.json,182441ee67f8540a7e5095efa0c9f39a459029171bc87fcecec1852fb24d27c7,60,3600.32,ok,True,True,212020.2729699472,6788.130793860067,3600.318,(cos(x0) + ((0.7381696 - cos(cos(-0.20737001 - x1))) * -64.41493)) * ((x3 * 74.24383) + -37.113968),(74.24383*x3 - 37.113968)*(cos(x0) + 64.41493*cos(cos(x1 + 0.20737001)) - 47.549143112128),True,17,7
symbolfit,g0050,Vladislavleva-4,521,clean,0.0,iaaccn23,formal3h_13alg_ssr50_seed520-522_noise0-001-005_20260622-014658,symbolfit_s521_clean_g0050,/home/zhangziwen/workplace/scientific-intelligent-modelling/experiments/formal3h_13alg_ssr50_seed520-522_noise0-001-005_20260622-014658/symbolfit/seed521/tasks/symbolfit_s521_clean_g0050/iaaccn23/symbolfit/g0050_Vladislavleva-4/progress/minute_0060.json,613825e510cd307b9b23e8cbfc15bd3e1a0d1a1ea0db4bf09dfd4058cf3f40bc,60,3600.031,ok,True,True,1.952933339924258,2.2688194549500884,3600.031,((sin(3.1261542 * x4) * (sin(x2 * 3.1158872) * sin(3.119394 * x0))) + sin(exp(x1))) * sin(0.8845422 * exp(x3)),(sin(3.119394*x0)*sin(3.1158872*x2)*sin(3.1261542*x4) + sin(exp(x1)))*sin(0.8845422*exp(x3)),True,23,6
symbolfit,g0001,Keijzer-11,521,noise001,0.01,iaaccn26,formal3h_13alg_ssr50_seed520-522_noise0-001-005_20260622-014658,symbolfit_s521_noise001_g0001,/home/zhangziwen/workplace/scientific-intelligent-modelling/experiments/formal3h_13alg_ssr50_seed520-522_noise0-001-005_20260622-014658/symbolfit/seed521/tasks/symbolfit_s521_noise001_g0001/iaaccn26/symbolfit/g0001_Keijzer-11/progress/minute_0060.json,2909f41cc50f503a49fd33ea779f2471ac96b4e53e5124c387090c05146aa872,60,3600.092,ok,True,True,249.2022077197007,247.79971286986887,3600.091,((0.5914575 - x1) * (6.99367 - ((x0 * 16.082851) + cos(sin(x0) * 17.405699)))) - (((x0 * 0.62526125) / -0.8013311) - -0.22312868),0.780278276981887*x0 + (0.5914575 - x1)*(-16.082851*x0 - cos(17.405699*sin(x0)) + 6.99367) - 0.22312868,True,23,8
symbolfit,g0002,Keijzer-2,521,noise001,0.01,iaaccn25,formal3h_13alg_ssr50_seed520-522_noise0-001-005_20260622-014658,symbolfit_s521_noise001_g0002,/home/zhangziwen/workplace/scientific-intelligent-modelling/experiments/formal3h_13alg_ssr50_seed520-522_noise0-001-005_20260622-014658/symbolfit/seed521/tasks/symbolfit_s521_noise001_g0002/iaaccn25/symbolfit/g0002_Keijzer-2/progress/minute_0060.json,a0b0408f1b53b8ee931c30e8e51638de50e1b127ee93e1e1ebe9b3b7de214d9c,60,3600.906,ok,True,True,55833.521329805146,150.06225666282765,3600.905,(sin((((x0 - -0.53028613) - -0.5799071) * 7.090342) * (x0 - -0.663539)) / (cos(x0) - 0.48227283)) - ((x0 + -0.7994131) * x0),-x0*(x0 - 0.7994131) + sin((x0 + 0.663539)*(7.090342*x0 + 7.87164968678466))/(cos(x0) - 0.48227283),True,24,7
symbolfit,g0003,Korns-2,521,noise001,0.01,iaaccn27,formal3h_13alg_ssr50_seed520-522_noise0-001-005_20260622-014658,symbolfit_s521_noise001_g0003,/home/zhangziwen/workplace/scientific-intelligent-modelling/experiments/formal3h_13alg_ssr50_seed520-522_noise0-001-005_20260622-014658/symbolfit/seed521/tasks/symbolfit_s521_noise001_g0003/iaaccn27/symbolfit/g0003_Korns-2/progress/minute_0060.json,01ed29cc74c3d01b1e7ed77071c7f8604e6ad33bddbf5cba477ea2f1c706a8ba,60,3600.037,ok,True,True,1.587079803266176e+296,6.296576309719399e+295,3600.037,((((-0.0085386075 / (0.030820092 - x1)) + (exp((x0 * x0) * exp(x1 / 0.7659823)) * (x1 + -0.6334319))) * x0) / -0.60837835) + -0.2565992,-1.64371398160372*x0*((x1 - 0.6334319)*exp(x0**2*exp(1.30551319527879*x1)) - 0.0085386075/(0.030820092 - x1)) - 0.2565992,True,28,9
symbolfit,g0004,Korns-4,521,noise001,0.01,iaaccn26,formal3h_13alg_ssr50_seed520-522_noise0-001-005_20260622-014658,symbolfit_s521_noise001_g0004,/home/zhangziwen/workplace/scientific-intelligent-modelling/experiments/formal3h_13alg_ssr50_seed520-522_noise0-001-005_20260622-014658/symbolfit/seed521/tasks/symbolfit_s521_noise001_g0004/iaaccn26/symbolfit/g0004_Korns-4/progress/minute_0060.json,1294b929e870fa24e7ceefd0bd15b46d1868de42f0273b271f12a593ae3fb9ec,60,3600.036,ok,True,True,238.28648450532262,322.03700142187006,3600.036,-1.0026683 - (x0 * ((0.055792425 * sin(cos(0.99574107 / cos(x2 + 0.55577165)) / cos(x4 * (x3 + x3)))) * (0.25267255 + x2))),-0.055792425*x0*(x2 + 0.25267255)*sin(cos(0.99574107/cos(x2 + 0.55577165))/cos(2*x3*x4)) - 1.0026683,True,26,10
symbolfit,g0005,BPG3,521,noise001,0.01,iaaccn22,formal3h_13alg_ssr50_seed520-522_noise0-001-005_20260622-014658,symbolfit_s521_noise001_g0005,/home/zhangziwen/workplace/scientific-intelligent-modelling/experiments/formal3h_13alg_ssr50_seed520-522_noise0-001-005_20260622-014658/symbolfit/seed521/tasks/symbolfit_s521_noise001_g0005/iaaccn22/symbolfit/g0005_BPG3/progress/minute_0060.json,47caeb5e54546e0ef795fd7c5fb48185b666c2a5035574f86755a4c9ea17c633,60,3600.061,ok,True,True,1020.492634833702,2772.9408770015457,3600.06,x1 * (((7.486499 - (x1 * 2.3311665)) / -0.16509654) - ((x0 * (exp(x1 + 0.5113751) * -1.8003893)) * (x1 * 2.3342452))),x1*(7.00809986265054*x0*x1*exp(x1) + 14.1200203226549*x1 - 45.3461895688426),True,13,5
symbolfit,g0006,BPG5,521,noise001,0.01,iaaccn23,formal3h_13alg_ssr50_seed520-522_noise0-001-005_20260622-014658,symbolfit_s521_noise001_g0006,/home/zhangziwen/workplace/scientific-intelligent-modelling/experiments/formal3h_13alg_ssr50_seed520-522_noise0-001-005_20260622-014658/symbolfit/seed521/tasks/symbolfit_s521_noise001_g0006/iaaccn23/symbolfit/g0006_BPG5/progress/minute_0060.json,3194a56f2bae8b8098bc663f834b344c3f8ce1fa819f4c6f79c16b108d24a401,60,3600.031,ok,True,True,9.908811726682096,124634.38989270508,3600.031,exp(sin(x1 * (x1 - 0.9899714))) * ((sin(x1 * 3.1766694) - -0.033502903) * 17.613691),(17.613691*sin(3.1766694*x1) + 0.590109781044973)*exp(sin(x1*(x1 - 0.9899714))),True,16,6
symbolfit,g0007,BPG9,521,noise001,0.01,iaaccn25,formal3h_13alg_ssr50_seed520-522_noise0-001-005_20260622-014658,symbolfit_s521_noise001_g0007,/home/zhangziwen/workplace/scientific-intelligent-modelling/experiments/formal3h_13alg_ssr50_seed520-522_noise0-001-005_20260622-014658/symbolfit/seed521/tasks/symbolfit_s521_noise001_g0007/iaaccn25/symbolfit/g0007_BPG9/progress/minute_0060.json,106c5c29226802ce326ebc8191686468e7ef2b8b58e27473223200d84ae487f3,60,3600.145,ok,True,True,20970635271283.527,1.0822077907918224e+17,3600.144,(x1 * cos(x1 * 1.5723726)) * exp((x1 + 1.4695177) - -1.78469),25.8990865566358*x1*exp(x1)*cos(1.5723726*x1),True,9,4
symbolfit,g0008,CRK0,521,noise001,0.01,iaaccn24,formal3h_13alg_ssr50_seed520-522_noise0-001-005_20260622-014658,symbolfit_s521_noise001_g0008,/home/zhangziwen/workplace/scientific-intelligent-modelling/experiments/formal3h_13alg_ssr50_seed520-522_noise0-001-005_20260622-014658/symbolfit/seed521/tasks/symbolfit_s521_noise001_g0008/iaaccn24/symbolfit/g0008_CRK0/progress/minute_0060.json,467b3dbfe0a39bd6063e2f20291088eab09927ef4f7be4cb95af96adcf48fcf1,60,3600.028,ok,True,True,158898.6638927674,237154048.99393803,3600.028,(((cos(x1 + 0.5806376) / 0.19474018) / 0.17168209) - cos(x1 + ((x1 + x1) + -0.15452488))) + (x1 - (x1 + 0.7982369)),29.9102085584573*cos(x1 + 0.5806376) - cos(3*x1 - 0.15452488) - 0.7982369,True,16,6
symbolfit,g0009,CRK10,521,noise001,0.01,iaaccn26,formal3h_13alg_ssr50_seed520-522_noise0-001-005_20260622-014658,symbolfit_s521_noise001_g0009,/home/zhangziwen/workplace/scientific-intelligent-modelling/experiments/formal3h_13alg_ssr50_seed520-522_noise0-001-005_20260622-014658/symbolfit/seed521/tasks/symbolfit_s521_noise001_g0009/iaaccn26/symbolfit/g0009_CRK10/progress/minute_0060.json,48b28fbcaf02be8732af92afe0ce5235c5dfedc2d96e7bc940855b82b1cad210,60,3600.028,ok,True,True,3792589615680.642,9.176507796299028e+17,3600.028,(19.19047 - ((x1 + 0.16128942) - ((x0 * x0) * x0))) * ((x1 * -1.3004711) + (x1 + (((x1 * x1) * -0.5364487) - -0.8347671))),(x0**3 - x1 + 19.02918058)*(-0.5364487*x1**2 - 0.3004711*x1 + 0.8347671),True,19,5
symbolfit,g0010,CRK11,521,noise001,0.01,iaaccn25,formal3h_13alg_ssr50_seed520-522_noise0-001-005_20260622-014658,symbolfit_s521_noise001_g0010,/home/zhangziwen/workplace/scientific-intelligent-modelling/experiments/formal3h_13alg_ssr50_seed520-522_noise0-001-005_20260622-014658/symbolfit/seed521/tasks/symbolfit_s521_noise001_g0010/iaaccn25/symbolfit/g0010_CRK11/progress/minute_0060.json,3fcd1c96c450ad2e5997e1244f76221ed1c1d3a6a4dc73bd29e310e110e83404,60,3600.333,ok,True,True,2956512.9280054336,17357832374.37881,3600.332,(((-6.9680486 - (x1 + x1)) * 7.229611) * x1) - -0.124616385,x1*(-14.459222*x1 - 50.3762808070946) + 0.124616385,True,9,5
symbolfit,g0011,CRK33,521,noise001,0.01,iaaccn24,formal3h_13alg_ssr50_seed520-522_noise0-001-005_20260622-014658,symbolfit_s521_noise001_g0011,/home/zhangziwen/workplace/scientific-intelligent-modelling/experiments/formal3h_13alg_ssr50_seed520-522_noise0-001-005_20260622-014658/symbolfit/seed521/tasks/symbolfit_s521_noise001_g0011/iaaccn24/symbolfit/g0011_CRK33/progress/minute_0060.json,3b458d7e1d90a1191f64e9604542f6ba34becff41ff841e44bfa3e166c00ba38,60,3600.035,ok,True,True,358159.0933589719,20287478713.008957,3600.035,log(exp(((1.998094 - x1) - x1) * (((x1 - -7.5526624) + (x1 * (7.317747 - x1))) * 0.89160174))),log(exp((1.998094 - 2*x1)*(0.89160174*x1*(7.317747 - x1) + 0.89160174*x1 + 6.73396693747258))),True,21,8
symbolfit,g0012,CRK34,521,noise001,0.01,iaaccn26,formal3h_13alg_ssr50_seed520-522_noise0-001-005_20260622-014658,symbolfit_s521_noise001_g0012,/home/zhangziwen/workplace/scientific-intelligent-modelling/experiments/formal3h_13alg_ssr50_seed520-522_noise0-001-005_20260622-014658/symbolfit/seed521/tasks/symbolfit_s521_noise001_g0012/iaaccn26/symbolfit/g0012_CRK34/progress/minute_0060.json,db26167d5dcee6ba31d5e8e6735f164d28f4e3457240c9887aa8ec5ff7507f94,60,3600.039,ok,True,True,676009.8656695292,25694683536.406796,3600.039,(x1 * ((((x1 * -0.5738726) + (0.14985095 + x1)) * -37.974613) + (cos(x1 + -2.3424602) * x1))) - -21.610823,x1*(x1*cos(x1 - 2.3424602) - 16.1820231036962*x1 - 5.69053183393235) + 21.610823,True,15,7
symbolfit,g0013,I.11.19_4_0,521,noise001,0.01,iaaccn22,formal3h_13alg_ssr50_seed520-522_noise0-001-005_20260622-014658,symbolfit_s521_noise001_g0013,/home/zhangziwen/workplace/scientific-intelligent-modelling/experiments/formal3h_13alg_ssr50_seed520-522_noise0-001-005_20260622-014658/symbolfit/seed521/tasks/symbolfit_s521_noise001_g0013/iaaccn22/symbolfit/g0013_I.11.19_4_0/progress/minute_0060.json,89e842d9f14cee6f94e67ef4a6c65e9a0313b1725a64b02e166abb735c4ac9f9,60,3600.077,ok,True,True,0.05565894790668732,0.13841403909746824,3600.077,((((((((x4 * x4) * 0.83622235) + (x1 + (x5 * -0.0055675767))) - x3) - 0.35935104) - x5) * 0.23089053) - x0) / (x2 + 0.2639314),(-x0 + 0.23089053*x1 - 0.23089053*x3 + 0.193075821589345*x4**2 - 0.232176030735079*x5 - 0.0829707520816512)/(x2 + 0.2639314),True,25,5
symbolfit,g0014,II.11.27_1_0,521,noise001,0.01,iaaccn29,formal3h_13alg_ssr50_seed520-522_noise0-001-005_20260622-014658,symbolfit_s521_noise001_g0014,/home/zhangziwen/workplace/scientific-intelligent-modelling/experiments/formal3h_13alg_ssr50_seed520-522_noise0-001-005_20260622-014658/symbolfit/seed521/tasks/symbolfit_s521_noise001_g0014/iaaccn29/symbolfit/g0014_II.11.27_1_0/progress/minute_0060.json,34aeb0f394fc27afb05074cb7732b7c12b0e0a808a3021fd5db263f8ed600eeb,60,3600.067,ok,True,True,1.5643102528729964,1.2712127355928562e+293,3600.067,exp((exp(((exp(sin(sin(x1 + x1) / -0.0008727568)) * (x1 + sin(x1))) / -0.0008727568) + 2.074828) + x0) - 0.22524494) - x1,-x1 + 0.79832065414853*exp(x0 + 7.96317667484864*exp(-1145.79456728381*(x1 + sin(x1))*exp(-sin(1145.79456728381*sin(2*x1))))),True,28,14
symbolfit,g0015,II.34.2_1_0,521,noise001,0.01,iaaccn22,formal3h_13alg_ssr50_seed520-522_noise0-001-005_20260622-014658,symbolfit_s521_noise001_g0015,/home/zhangziwen/workplace/scientific-intelligent-modelling/experiments/formal3h_13alg_ssr50_seed520-522_noise0-001-005_20260622-014658/symbolfit/seed521/tasks/symbolfit_s521_noise001_g0015/iaaccn22/symbolfit/g0015_II.34.2_1_0/progress/minute_0060.json,cfef5df115d0bad7ffc98b13ffe10740326f664a8243532142f4e5905a0b88d4,60,3600.095,ok,True,True,9.494116632238244,1.3542299458315281,3600.095,(x0 * exp(exp(0.66391844 - (x2 * 1.6373962)) + cos((x1 + (x1 - -0.5870639)) - -0.5870647))) + 0.0125813335,x0*exp(cos(2*x1 + 1.1741286) + 1.94238857506398*exp(-1.6373962*x2)) + 0.0125813335,True,18,8
symbolfit,g0016,II.6.15b_3_0,521,noise001,0.01,iaaccn27,formal3h_13alg_ssr50_seed520-522_noise0-001-005_20260622-014658,symbolfit_s521_noise001_g0016,/home/zhangziwen/workplace/scientific-intelligent-modelling/experiments/formal3h_13alg_ssr50_seed520-522_noise0-001-005_20260622-014658/symbolfit/seed521/tasks/symbolfit_s521_noise001_g0016/iaaccn27/symbolfit/g0016_II.6.15b_3_0/progress/minute_0060.json,f3fe22e79c594bb8061be12e16f3d837ce8c803bca2981cc79e2f36438227a15,60,3600.038,ok,True,True,0.3931293509018266,0.13862129194703635,3600.037,exp(sin((x0 * (cos(x0) * (sin(x0) / (sin((x0 / 0.26054838) + 0.52024186) + (x0 * -0.03089386))))) - 0.27896076)),exp(sin(x0*sin(x0)*cos(x0)/(-0.03089386*x0 + sin(3.83805878969579*x0 + 0.52024186)) - 0.27896076)),True,22,10
symbolfit,g0017,III.21.20_3_0,521,noise001,0.01,iaaccn27,formal3h_13alg_ssr50_seed520-522_noise0-001-005_20260622-014658,symbolfit_s521_noise001_g0017,/home/zhangziwen/workplace/scientific-intelligent-modelling/experiments/formal3h_13alg_ssr50_seed520-522_noise0-001-005_20260622-014658/symbolfit/seed521/tasks/symbolfit_s521_noise001_g0017/iaaccn27/symbolfit/g0017_III.21.20_3_0/progress/minute_0060.json,03e4a8ae5955b5b41a4579b7e8023ffd6723f3b8013a52eb4a89239d5f481d13,60,3600.053,ok,True,True,346721750088712.1,2.5359329345395296,3600.053,((((x1 + 0.30509853) / sin(x0 + 2.1312015)) / (3.197694 - x3)) / (3.197694 - x3)) * exp(x2 + 0.35014665),1.4192756701094*(x1 + 0.30509853)*exp(x2)/((3.197694 - x3)**2*sin(x0 + 2.1312015)),True,20,5
symbolfit,g0018,MatSci21,521,noise001,0.01,iaaccn26,formal3h_13alg_ssr50_seed520-522_noise0-001-005_20260622-014658,symbolfit_s521_noise001_g0018,/home/zhangziwen/workplace/scientific-intelligent-modelling/experiments/formal3h_13alg_ssr50_seed520-522_noise0-001-005_20260622-014658/symbolfit/seed521/tasks/symbolfit_s521_noise001_g0018/iaaccn26/symbolfit/g0018_MatSci21/progress/minute_0060.json,1393a4d30f0cad2073c481c9390e58a7632f42c2d8b6d89aafed1ad759f4f5e9,60,3600.042,ok,True,True,1.5526498053493028e+16,4996700299831963.0,3600.042,x0 + (((((x1 * ((x0 * x1) * 3.2365296)) + -1.3801174) * ((x0 * (x0 + -2.0995)) + 34.341095)) * x1) - (-1.4840542 - x1)),x0 + x1*(3.2365296*x0*x1**2 - 1.3801174)*(x0*(x0 - 2.0995) + 34.341095) + x1 + 1.4840542,True,21,6
symbolfit,g0019,PO19,521,noise001,0.01,iaaccn23,formal3h_13alg_ssr50_seed520-522_noise0-001-005_20260622-014658,symbolfit_s521_noise001_g0019,/home/zhangziwen/workplace/scientific-intelligent-modelling/experiments/formal3h_13alg_ssr50_seed520-522_noise0-001-005_20260622-014658/symbolfit/seed521/tasks/symbolfit_s521_noise001_g0019/iaaccn23/symbolfit/g0019_PO19/progress/minute_0060.json,7840f7b1c04eb23e177193a9262141aab9b366bebd4506eace9e67311adc7e91,60,3600.041,ok,True,True,365975207.6060927,5.092172219615099e+16,3600.041,((x1 + (x2 * -380.75974)) + ((exp(x0 / 0.1753739) + (sin(sin(x0)) * -1554.0228)) + 682.88873)) * (x0 + 6.0537496),(x0 + 6.0537496)*(x1 - 380.75974*x2 + exp(5.70210276443644*x0) - 1554.0228*sin(sin(x0)) + 682.88873),True,19,6
symbolfit,g0020,PO41,521,noise001,0.01,iaaccn24,formal3h_13alg_ssr50_seed520-522_noise0-001-005_20260622-014658,symbolfit_s521_noise001_g0020,/home/zhangziwen/workplace/scientific-intelligent-modelling/experiments/formal3h_13alg_ssr50_seed520-522_noise0-001-005_20260622-014658/symbolfit/seed521/tasks/symbolfit_s521_noise001_g0020/iaaccn24/symbolfit/g0020_PO41/progress/minute_0060.json,83c674a3a7d90ff0301b88b76fc28a20c87aaddd5d19386210ce97f4b7298f25,60,3600.044,ok,True,True,1.2113770114100036e+31,1.2091353294288139e+42,3600.043,((cos((sin(x0) * -3.203156) - x2) * 294.7916) + 0.79902685) + (exp(x1) - (cos(x0 * 18.432251) / 0.14113928)),exp(x1) - 7.08519981113691*cos(18.432251*x0) + 294.7916*cos(x2 + 3.203156*sin(x0)) + 0.79902685,True,19,7
symbolfit,g0021,Nguyen-12,521,noise001,0.01,iaaccn29,formal3h_13alg_ssr50_seed520-522_noise0-001-005_20260622-014658,symbolfit_s521_noise001_g0021,/home/zhangziwen/workplace/scientific-intelligent-modelling/experiments/formal3h_13alg_ssr50_seed520-522_noise0-001-005_20260622-014658/symbolfit/seed521/tasks/symbolfit_s521_noise001_g0021/iaaccn29/symbolfit/g0021_Nguyen-12/progress/minute_0060.json,60c57ba710029e8aa0290f58df24a346cf29c4ce25c838890c58eab50c3913f1,60,3600.039,ok,True,True,4.766098842247915,5.931199653771246,3600.039,(((x1 - 2.1675475) * x1) - (((x0 / 0.8683668) * ((x0 - 1.0481331) / -1.0914329)) * (x0 / cos(x0)))) * 1.4033432,-1.61607191799594*x0**2*(0.960327565716592 - 0.916226732765706*x0)/cos(x0) + 1.4033432*x1*(x1 - 2.1675475),True,21,5
symbolfit,g0022,Nguyen-6,521,noise001,0.01,iaaccn28,formal3h_13alg_ssr50_seed520-522_noise0-001-005_20260622-014658,symbolfit_s521_noise001_g0022,/home/zhangziwen/workplace/scientific-intelligent-modelling/experiments/formal3h_13alg_ssr50_seed520-522_noise0-001-005_20260622-014658/symbolfit/seed521/tasks/symbolfit_s521_noise001_g0022/iaaccn28/symbolfit/g0022_Nguyen-6/progress/minute_0060.json,e04812615b748677bdf3d299c3b0162963eab955ca8dcd2e912b7b8c52bfd135,60,3600.032,ok,True,True,21.14845423320904,12.41308167407439,3600.032,sin(sin(x0)) + ((exp(x0) * 21.928364) + ((x0 * ((-1.1362575 * (exp(x0 + x0) * x0)) + -18.44087)) + -25.629467)),x0*(-1.1362575*x0*exp(2*x0) - 18.44087) + 21.928364*exp(x0) + sin(sin(x0)) - 25.629467,True,20,7
symbolfit,g0023,Nguyen-9,521,noise001,0.01,iaaccn29,formal3h_13alg_ssr50_seed520-522_noise0-001-005_20260622-014658,symbolfit_s521_noise001_g0023,/home/zhangziwen/workplace/scientific-intelligent-modelling/experiments/formal3h_13alg_ssr50_seed520-522_noise0-001-005_20260622-014658/symbolfit/seed521/tasks/symbolfit_s521_noise001_g0023/iaaccn29/symbolfit/g0023_Nguyen-9/progress/minute_0060.json,d1f281880a724169cd2a28bbdacf6c16ec34c9d10fc8d62ad641b05f56e3b259,60,3600.026,ok,True,True,0.2846868640236861,0.0021702154274006913,3600.026,(sin(x0 - -0.11716474) + -0.04307021) + sin((x1 / 1.0325729) * (x1 + 0.08902904)),sin(0.968454624365989*x1*(x1 + 0.08902904)) + sin(x0 + 0.11716474) - 0.04307021,True,13,5
symbolfit,g0024,feynman_II_15_4,521,noise001,0.01,iaaccn28,formal3h_13alg_ssr50_seed520-522_noise0-001-005_20260622-014658,symbolfit_s521_noise001_g0024,/home/zhangziwen/workplace/scientific-intelligent-modelling/experiments/formal3h_13alg_ssr50_seed520-522_noise0-001-005_20260622-014658/symbolfit/seed521/tasks/symbolfit_s521_noise001_g0024/iaaccn28/symbolfit/g0024_feynman_II_15_4/progress/minute_0060.json,1dbc084b8be9d8a1ef7aa878d2a9b79b0cd6acfef020ea44be41e413c7652e2f,60,3600.042,ok,True,True,87158.65912152472,1445540.8801998633,3600.042,(-0.7858343 - (exp(x0) * (exp(x1) * -1.0224615))) * sin((x2 / 0.25037023) - 0.56805336),(1.0224615*exp(x0)*exp(x1) - 0.7858343)*sin(3.99408507952403*x2 - 0.56805336),True,15,5
symbolfit,g0025,feynman_I_12_11,521,noise001,0.01,iaaccn23,formal3h_13alg_ssr50_seed520-522_noise0-001-005_20260622-014658,symbolfit_s521_noise001_g0025,/home/zhangziwen/workplace/scientific-intelligent-modelling/experiments/formal3h_13alg_ssr50_seed520-522_noise0-001-005_20260622-014658/symbolfit/seed521/tasks/symbolfit_s521_noise001_g0025/iaaccn23/symbolfit/g0025_feynman_I_12_11/progress/minute_0060.json,54abe57125ff660da742fd2690585455e600864a89b717aec8b2aba9da2d04e3,60,3600.065,ok,True,True,36.2928364464129,41.565294577272496,3600.065,((cos((x4 * 3.4161663) + -0.38512373) * (cos(x4) + (x3 + (x2 + x3)))) * ((x2 * (x0 + x3)) + x0)) + x1,x1 + (x0 + x2*(x0 + x3))*(x2 + 2*x3 + cos(x4))*cos(3.4161663*x4 - 0.38512373),True,23,6
symbolfit,g0026,feynman_I_27_6,521,noise001,0.01,iaaccn23,formal3h_13alg_ssr50_seed520-522_noise0-001-005_20260622-014658,symbolfit_s521_noise001_g0026,/home/zhangziwen/workplace/scientific-intelligent-modelling/experiments/formal3h_13alg_ssr50_seed520-522_noise0-001-005_20260622-014658/symbolfit/seed521/tasks/symbolfit_s521_noise001_g0026/iaaccn23/symbolfit/g0026_feynman_I_27_6/progress/minute_0060.json,6ba1543b4d4616c10f12e1acd256a1bbe0f95e382c202c1412e5c576fb0daad6,60,3600.065,ok,True,True,19.961332747821526,46.44942464314573,3600.065,exp(((x0 - 0.6847466) * 0.4449034) + ((x1 - x2) / ((x1 * 0.7309475) + exp(x2 + ((x0 - 0.66015357) - (x0 / 0.6000718)))))),0.737384295540906*exp(0.4449034*x0 + (x1 - x2)/(0.7309475*x1 + 0.516771967726594*exp(-0.666467246086218*x0 + x2))),True,27,11
symbolfit,g0027,feynman_test_15,521,noise001,0.01,iaaccn25,formal3h_13alg_ssr50_seed520-522_noise0-001-005_20260622-014658,symbolfit_s521_noise001_g0027,/home/zhangziwen/workplace/scientific-intelligent-modelling/experiments/formal3h_13alg_ssr50_seed520-522_noise0-001-005_20260622-014658/symbolfit/seed521/tasks/symbolfit_s521_noise001_g0027/iaaccn25/symbolfit/g0027_feynman_test_15/progress/minute_0060.json,082f05f877bb80a53da7e04ecad04803638ddf67d7f62a2a4bda448611587e92,60,3600.116,ok,True,True,452972.07935706887,2766947.6184621723,3600.115,x2 + exp(((x2 + -1.4975405) + x1) - ((x3 / (-0.6125157 / cos(-0.968161 / cos(x3)))) + (x1 * 1.0220321))),x2 + 0.223679624203755*exp(-0.0220321000000001*x1 + x2 + 1.63261121306768*x3*cos(0.968161/cos(x3))),True,20,10
symbolfit,g0028,strogatz_barmag1,521,noise001,0.01,iaaccn27,formal3h_13alg_ssr50_seed520-522_noise0-001-005_20260622-014658,symbolfit_s521_noise001_g0028,/home/zhangziwen/workplace/scientific-intelligent-modelling/experiments/formal3h_13alg_ssr50_seed520-522_noise0-001-005_20260622-014658/symbolfit/seed521/tasks/symbolfit_s521_noise001_g0028/iaaccn27/symbolfit/g0028_strogatz_barmag1/progress/minute_0060.json,f96c30a7f7db8c3cc61dc0e845cae2ed95942b98c4c7ff8751bd2a8c3c40490f,60,3600.04,ok,True,True,13636.551910460326,9568.730969652272,3600.04,(exp(sin(x1 + sin(((5.3891196 - sin(x0)) * x1) - x0)) * 1.8420113) + 2.705648) * (sin(exp(x0 + 0.49558732)) + x0),(x0 + sin(1.64146201947886*exp(x0)))*(exp(1.8420113*sin(x1 - sin(x0 - x1*(5.3891196 - sin(x0))))) + 2.705648),True,30,14
symbolfit,g0029,strogatz_barmag2,521,noise001,0.01,iaaccn26,formal3h_13alg_ssr50_seed520-522_noise0-001-005_20260622-014658,symbolfit_s521_noise001_g0029,/home/zhangziwen/workplace/scientific-intelligent-modelling/experiments/formal3h_13alg_ssr50_seed520-522_noise0-001-005_20260622-014658/symbolfit/seed521/tasks/symbolfit_s521_noise001_g0029/iaaccn26/symbolfit/g0029_strogatz_barmag2/progress/minute_0060.json,1150b9fa5650f9659f3fd09416686187695f3b436572598714996fb923968c08,60,3600.037,ok,True,True,1.1925114469408628e+44,3.0302516233788973e+45,3600.037,(sin((x1 * 6.438967) - 22.249975) * (44.390232 / exp(x0))) - (exp((x0 + 3.3882132) * (x0 + -0.60213923)) - exp(x0)),exp(x0) - exp((x0 - 0.60213923)*(x0 + 3.3882132)) + 44.390232*exp(-x0)*sin(6.438967*x1 - 22.249975),True,25,6
symbolfit,g0030,strogatz_predprey2,521,noise001,0.01,iaaccn27,formal3h_13alg_ssr50_seed520-522_noise0-001-005_20260622-014658,symbolfit_s521_noise001_g0030,/home/zhangziwen/workplace/scientific-intelligent-modelling/experiments/formal3h_13alg_ssr50_seed520-522_noise0-001-005_20260622-014658/symbolfit/seed521/tasks/symbolfit_s521_noise001_g0030/iaaccn27/symbolfit/g0030_strogatz_predprey2/progress/minute_0060.json,01c812c097c995b59b3154de6edcc6dbe7603be7d507d7c9d5324055b3a1dc4c,60,3600.042,ok,True,True,397.73459519226157,527.1675183776385,3600.042,(log(x0 + ((1.80116 - x1) - exp(sin(x0 * -2.9626284) * sin(exp(x1))))) / 0.09963336) + 1.0903494,10.0367989195587*log(x0 - x1 + 1.80116 - exp(-sin(2.9626284*x0)*sin(exp(x1)))) + 1.0903494,True,23,10
symbolfit,g0031,strogatz_shearflow1,521,noise001,0.01,iaaccn29,formal3h_13alg_ssr50_seed520-522_noise0-001-005_20260622-014658,symbolfit_s521_noise001_g0031,/home/zhangziwen/workplace/scientific-intelligent-modelling/experiments/formal3h_13alg_ssr50_seed520-522_noise0-001-005_20260622-014658/symbolfit/seed521/tasks/symbolfit_s521_noise001_g0031/iaaccn29/symbolfit/g0031_strogatz_shearflow1/progress/minute_0060.json,5f68ca3d8ed88f7e34d734f840837110fe042478d21b5ece7039f1dbcccc3e1d,60,3600.034,ok,True,True,1607608.0712994551,5223414.782900666,3600.034,((x1 + -0.18626216) * ((((cos(cos(x1) * -36.7659) + cos(x0)) * (cos(x1 * -35.016113) + 1.2274982)) * x0) * -273.65298)) - -1.3551104,-273.65298*x0*(x1 - 0.18626216)*(cos(x0) + cos(36.7659*cos(x1)))*(cos(35.016113*x1) + 1.2274982) + 1.3551104,True,22,7
symbolfit,g0032,strogatz_vdp1,521,noise001,0.01,iaaccn27,formal3h_13alg_ssr50_seed520-522_noise0-001-005_20260622-014658,symbolfit_s521_noise001_g0032,/home/zhangziwen/workplace/scientific-intelligent-modelling/experiments/formal3h_13alg_ssr50_seed520-522_noise0-001-005_20260622-014658/symbolfit/seed521/tasks/symbolfit_s521_noise001_g0032/iaaccn27/symbolfit/g0032_strogatz_vdp1/progress/minute_0060.json,207b6d7865398f7be69afcc8ba514d6a0764d068bfcb3f25565a89dded4c733e,60,3600.047,ok,True,True,1033689.9568385358,243657.11684655098,3600.047,(((x0 + (x1 * -0.076466985)) * ((((x1 * 7.35007) + (x0 * 14.322104)) * ((1.1443365 - x0) * 34.450073)) - 179.1384)) * 3.368124) + 13.1985235,3.368124*(x0 - 0.076466985*x1)*((39.4224759615645 - 34.450073*x0)*(14.322104*x0 + 7.35007*x1) - 179.1384) + 13.1985235,True,24,7
symbolfit,g0033,first_principles_hubble,521,noise001,0.01,iaaccn24,formal3h_13alg_ssr50_seed520-522_noise0-001-005_20260622-014658,symbolfit_s521_noise001_g0033,/home/zhangziwen/workplace/scientific-intelligent-modelling/experiments/formal3h_13alg_ssr50_seed520-522_noise0-001-005_20260622-014658/symbolfit/seed521/tasks/symbolfit_s521_noise001_g0033/iaaccn24/symbolfit/g0033_first_principles_hubble/progress/minute_0060.json,891e04650b59fd3010afe08128e368ef0438f021b6a2182a63c7b78687fbf9c0,60,3600.026,ok,True,True,0.9898889437858799,1.0040889881052515,3600.026,(((x0 + 2.9862678) + (x0 + (-1.7008567 / cos(sin(exp((exp(x0) * x0) / sin(cos(exp(x0))))))))) + -0.3370698) * cos(x0),(2*x0 + 2.649198 - 1.7008567/cos(sin(exp(x0*exp(x0)/sin(cos(exp(x0)))))))*cos(x0),True,25,13
symbolfit,g0034,first_principles_leavitt,521,noise001,0.01,iaaccn25,formal3h_13alg_ssr50_seed520-522_noise0-001-005_20260622-014658,symbolfit_s521_noise001_g0034,/home/zhangziwen/workplace/scientific-intelligent-modelling/experiments/formal3h_13alg_ssr50_seed520-522_noise0-001-005_20260622-014658/symbolfit/seed521/tasks/symbolfit_s521_noise001_g0034/iaaccn25/symbolfit/g0034_first_principles_leavitt/progress/minute_0060.json,23e5374f248e13c93708ca7a106251a32c94a40dbfdf1441a4ca26d835b5d9bc,60,3600.024,ok,True,True,0.8735397082888567,0.8606411308552985,3600.024,sin(cos(sin(x0 + 0.084850416))) - -0.22747403,sin(cos(sin(x0 + 0.084850416))) + 0.22747403,True,8,6
symbolfit,g0035,feynman-ii.4.23,521,noise001,0.01,iaaccn23,formal3h_13alg_ssr50_seed520-522_noise0-001-005_20260622-014658,symbolfit_s521_noise001_g0035,/home/zhangziwen/workplace/scientific-intelligent-modelling/experiments/formal3h_13alg_ssr50_seed520-522_noise0-001-005_20260622-014658/symbolfit/seed521/tasks/symbolfit_s521_noise001_g0035/iaaccn23/symbolfit/g0035_feynman-ii.4.23/progress/minute_0060.json,68879792de83e415381a84aa33f7a3635f3862041b023cbf3b5d047ad4e892ac,60,3600.036,ok,True,True,0.9999999946496267,0.9999999974983225,3600.036,(((x0 + (x0 * 16.663082)) + -8.828222) / (x1 + exp(x1 + -4.5826883))) + exp(-4.5826883 + (x1 + sin(sin(x1 + x1)))),(17.663082*x0 - 8.828222)/(x1 + 0.0102273650813537*exp(x1)) + 0.0102273650813537*exp(x1 + sin(sin(2*x1))),True,25,8
symbolfit,g0036,feynman-iii.7.38,521,noise001,0.01,iaaccn28,formal3h_13alg_ssr50_seed520-522_noise0-001-005_20260622-014658,symbolfit_s521_noise001_g0036,/home/zhangziwen/workplace/scientific-intelligent-modelling/experiments/formal3h_13alg_ssr50_seed520-522_noise0-001-005_20260622-014658/symbolfit/seed521/tasks/symbolfit_s521_noise001_g0036/iaaccn28/symbolfit/g0036_feynman-iii.7.38/progress/minute_0060.json,8acb701fc6f2d74eb6a41005e3ea71efa72630361ac2cc00832058498ad3943f,60,3600.033,ok,True,True,1.0,1.0,3600.032,(((((x0 + 338.75772) + cos(x0)) * x0) + -170.20886) * ((x1 * 60.087368) - 30.038204)) - (x0 * (x0 + sin(x1 * -0.74824417))),-x0*(x0 - sin(0.74824417*x1)) + (60.087368*x1 - 30.038204)*(x0*(x0 + cos(x0) + 338.75772) - 170.20886),True,27,7
symbolfit,g0037,feynman-i.18.16,521,noise001,0.01,iaaccn26,formal3h_13alg_ssr50_seed520-522_noise0-001-005_20260622-014658,symbolfit_s521_noise001_g0037,/home/zhangziwen/workplace/scientific-intelligent-modelling/experiments/formal3h_13alg_ssr50_seed520-522_noise0-001-005_20260622-014658/symbolfit/seed521/tasks/symbolfit_s521_noise001_g0037/iaaccn26/symbolfit/g0037_feynman-i.18.16/progress/minute_0060.json,99757188ecad6015d4de4a22ea219352323336ad109a89f7cefc830e4acb3eb3,60,3600.037,ok,True,True,547561080018691.2,3.5037646489303736e+19,3600.037,((0.07279234 + (x3 * 7.239516)) * cos(-7.8563266 - (x4 * 6.2782807))) * ((x0 * ((x1 * -730.6351) - 4.361442)) - exp(x1 + x1)),(7.239516*x3 + 0.07279234)*(x0*(-730.6351*x1 - 4.361442) - exp(2*x1))*cos(6.2782807*x4 + 7.8563266),True,26,6
symbolfit,g0038,feynman-ii.27.18,521,noise001,0.01,iaaccn22,formal3h_13alg_ssr50_seed520-522_noise0-001-005_20260622-014658,symbolfit_s521_noise001_g0038,/home/zhangziwen/workplace/scientific-intelligent-modelling/experiments/formal3h_13alg_ssr50_seed520-522_noise0-001-005_20260622-014658/symbolfit/seed521/tasks/symbolfit_s521_noise001_g0038/iaaccn22/symbolfit/g0038_feynman-ii.27.18/progress/minute_0060.json,c2a880b6fc315dab467ca7f9c84f37740a4b1446aec86c9c12fadbb77771d395,60,3600.047,ok,True,True,9.767397815702762e+25,2.0385583116962107e+27,3600.047,(((((x0 * 4.663393) + 0.17747387) + (x0 * 4.193749)) + (x2 * (0.0037338561 / ((x1 + (x0 * x1)) + 0.17832805)))) * x0) + 0.0010045596,x0*(8.857142*x0 + 0.0037338561*x2/(x0*x1 + x1 + 0.17832805) + 0.17747387) + 0.0010045596,True,20,8
symbolfit,g0039,feynman-ii.34.11,521,noise001,0.01,iaaccn25,formal3h_13alg_ssr50_seed520-522_noise0-001-005_20260622-014658,symbolfit_s521_noise001_g0039,/home/zhangziwen/workplace/scientific-intelligent-modelling/experiments/formal3h_13alg_ssr50_seed520-522_noise0-001-005_20260622-014658/symbolfit/seed521/tasks/symbolfit_s521_noise001_g0039/iaaccn25/symbolfit/g0039_feynman-ii.34.11/progress/minute_0060.json,2002ac7a38afa3fab51cd537c1c1a5cf9ea921a12f2a032d183a092f95413f8a,60,3600.061,ok,True,True,7.571667109790866e+35,1.186804588157827e+39,3600.06,(x0 - 0.49994272) * (((((x4 * 765.61523) + -382.32474) - 0.06752108) - (x1 + x3)) * ((x2 - 0.500769) / ((x5 + 0.011435293) / 1.1133537))),(x0 - 0.49994272)*(x2 - 0.500769)*(-x1 - x3 + 765.61523*x4 - 382.39226108)/(0.898187161905511*x5 + 0.010271033365228),True,25,5
symbolfit,g0040,feynman-i.29.16,521,noise001,0.01,iaaccn23,formal3h_13alg_ssr50_seed520-522_noise0-001-005_20260622-014658,symbolfit_s521_noise001_g0040,/home/zhangziwen/workplace/scientific-intelligent-modelling/experiments/formal3h_13alg_ssr50_seed520-522_noise0-001-005_20260622-014658/symbolfit/seed521/tasks/symbolfit_s521_noise001_g0040/iaaccn23/symbolfit/g0040_feynman-i.29.16/progress/minute_0060.json,67932df33cc79516112b12eec16054607dc50b11c86e6b8bd7086d6e5af6f641,60,3600.04,ok,True,True,2.5391601241473167,1.1024164511749772,3600.039,log((x0 * (x0 * 10.651888)) + (0.101756684 + exp(((sin(cos((x3 - x2) * 6.28696)) * x0) + x1) * 2.8241205))),log(10.651888*x0**2 + exp(2.8241205*x0*sin(cos(6.28696*x2 - 6.28696*x3)) + 2.8241205*x1) + 0.101756684),True,25,10
symbolfit,g0041,feynman-bonus.20,521,noise001,0.01,iaaccn23,formal3h_13alg_ssr50_seed520-522_noise0-001-005_20260622-014658,symbolfit_s521_noise001_g0041,/home/zhangziwen/workplace/scientific-intelligent-modelling/experiments/formal3h_13alg_ssr50_seed520-522_noise0-001-005_20260622-014658/symbolfit/seed521/tasks/symbolfit_s521_noise001_g0041/iaaccn23/symbolfit/g0041_feynman-bonus.20/progress/minute_0060.json,0e1c333322ef9558632ecb043b05fa12b88d3cda574a3688e624df8ec6d0f734,60,3600.06,ok,True,True,3.2688699047335845e+55,1.1889439229927921e+56,3600.06,exp(exp(sin(sin(sin(sin(sin(sin(x3 / -0.03724725))))))) * (((x2 * 9.866282) + ((x3 * -204.21361) + -1.3836908)) / (x2 + 0.63696426))),exp((9.866282*x2 - 204.21361*x3 - 1.3836908)*exp(-sin(sin(sin(sin(sin(sin(26.8476196229252*x3)))))))/(x2 + 0.63696426)),True,27,12
symbolfit,g0042,feynman-i.15.3t,521,noise001,0.01,iaaccn29,formal3h_13alg_ssr50_seed520-522_noise0-001-005_20260622-014658,symbolfit_s521_noise001_g0042,/home/zhangziwen/workplace/scientific-intelligent-modelling/experiments/formal3h_13alg_ssr50_seed520-522_noise0-001-005_20260622-014658/symbolfit/seed521/tasks/symbolfit_s521_noise001_g0042/iaaccn29/symbolfit/g0042_feynman-i.15.3t/progress/minute_0060.json,0a615537ccf2b6cdcfbc2062384c4f80c8d752226f73a21d731e1800bbf9c3ef,60,3600.049,ok,True,True,538344613.1466905,39509255.3334421,3600.049,(x1 * 4.643901) - (-0.0463382 - ((x2 - (0.0006788344 / ((x0 + -0.15537032) / (x1 + (-0.15542111 - exp(x3 / 0.4819598)))))) * 0.0009340054)),4.643901*x1 + 0.0009340054*x2 + 0.0463382 - 6.3403499530576e-7*(x1 - exp(2.07486184532403*x3) - 0.15542111)/(x0 - 0.15537032),True,24,7
symbolfit,g0043,feynman-i.39.22,521,noise001,0.01,iaaccn24,formal3h_13alg_ssr50_seed520-522_noise0-001-005_20260622-014658,symbolfit_s521_noise001_g0043,/home/zhangziwen/workplace/scientific-intelligent-modelling/experiments/formal3h_13alg_ssr50_seed520-522_noise0-001-005_20260622-014658/symbolfit/seed521/tasks/symbolfit_s521_noise001_g0043/iaaccn24/symbolfit/g0043_feynman-i.39.22/progress/minute_0060.json,6213f7eaffa753e57e5f23c97033e0ed0f95c8b7d6176e2ae78730864aed345d,60,3600.026,ok,True,True,3.3428441271336305e+40,6.2307964979370185e+41,3600.026,(((((0.64462173 - (x3 + x3)) + -0.010011648) * 0.01542014) + x3) / (x4 + 0.010180984)) * (x1 - -0.010011648),(x1 + 0.010011648)*(0.96915972*x3 + 0.00978577630985148)/(x4 + 0.010180984),True,14,4
symbolfit,g0044,feynman-iii.10.19,521,noise001,0.01,iaaccn23,formal3h_13alg_ssr50_seed520-522_noise0-001-005_20260622-014658,symbolfit_s521_noise001_g0044,/home/zhangziwen/workplace/scientific-intelligent-modelling/experiments/formal3h_13alg_ssr50_seed520-522_noise0-001-005_20260622-014658/symbolfit/seed521/tasks/symbolfit_s521_noise001_g0044/iaaccn23/symbolfit/g0044_feynman-iii.10.19/progress/minute_0060.json,1a22889f017e294ad3735315fd196cd055184378dc982d1b2604676b6d56849b,60,3600.034,ok,True,True,2.9518346402892805e+54,1.9641899509424538e+48,3600.034,((exp(x4 * 7.151007) + 641.7553) * x2) - ((x0 + 318.01138) + (exp(x4 * (x4 + 5.4718)) + 0.4124564)),-x0 + x2*(exp(7.151007*x4) + 641.7553) - exp(x4*(x4 + 5.4718)) - 318.4238364,True,21,6
symbolfit,g0045,feynman-i.13.12,521,noise001,0.01,iaaccn22,formal3h_13alg_ssr50_seed520-522_noise0-001-005_20260622-014658,symbolfit_s521_noise001_g0045,/home/zhangziwen/workplace/scientific-intelligent-modelling/experiments/formal3h_13alg_ssr50_seed520-522_noise0-001-005_20260622-014658/symbolfit/seed521/tasks/symbolfit_s521_noise001_g0045/iaaccn22/symbolfit/g0045_feynman-i.13.12/progress/minute_0060.json,cadcf66a0cc4b9edeaaab66373798a11d1d56541a8f2ab5372902773994dc208,60,3600.04,ok,True,True,3.3745756372900845e+22,3.4352622667447336e+23,3600.04,((((sin(sin(x3)) - sin(x2)) * (((1.0198237 - sin(x3)) * 71.52744) - (x2 * 67.94317))) - 0.5448261) * (x1 * x0)) * 64.07307,64.07307*x0*x1*((-sin(x2) + sin(sin(x3)))*(-67.94317*x2 - 71.52744*sin(x3) + 72.945378512328) - 0.5448261),True,24,7
symbolfit,g0046,feynman-i.32.5,521,noise001,0.01,iaaccn26,formal3h_13alg_ssr50_seed520-522_noise0-001-005_20260622-014658,symbolfit_s521_noise001_g0046,/home/zhangziwen/workplace/scientific-intelligent-modelling/experiments/formal3h_13alg_ssr50_seed520-522_noise0-001-005_20260622-014658/symbolfit/seed521/tasks/symbolfit_s521_noise001_g0046/iaaccn26/symbolfit/g0046_feynman-i.32.5/progress/minute_0060.json,0ab9740bc29308f313919e70865915c165554d285ee9d459a0a5d4649f6d98c3,60,3600.037,ok,True,True,2.0921636640483235e+40,4.786399669494327e+38,3600.037,((((x1 + 0.10422782) * cos((x0 * -4.468229) + -0.9152572)) + x1) + x1) * (((cos(x0 * -6.2450542) * x1) + x1) / 0.07204818),(2*x1 + (x1 + 0.10422782)*cos(4.468229*x0 + 0.9152572))*(13.8796011224711*x1*cos(6.2450542*x0) + 13.8796011224711*x1),True,26,7
symbolfit,g0047,feynman-i.43.31,521,noise001,0.01,iaaccn29,formal3h_13alg_ssr50_seed520-522_noise0-001-005_20260622-014658,symbolfit_s521_noise001_g0047,/home/zhangziwen/workplace/scientific-intelligent-modelling/experiments/formal3h_13alg_ssr50_seed520-522_noise0-001-005_20260622-014658/symbolfit/seed521/tasks/symbolfit_s521_noise001_g0047/iaaccn29/symbolfit/g0047_feynman-i.43.31/progress/minute_0060.json,cfd349fd859f75ad1e3716522192e04a216090a6b457b5f005590d636a9d53b9,60,3600.04,ok,True,True,2.4314221202556047e+48,2.431278192413652e+48,3600.04,(x1 + (0.010119399 / cos((sin(x1 / 0.109115764) * ((x1 * x1) * (x1 * 0.31427336))) * 1.6457707))) * ((x0 * 21.52774) + 0.21678795),(21.52774*x0 + 0.21678795)*(x1 + 0.010119399/cos(0.517221887678552*x1**3*sin(9.16457863961801*x1))),True,22,9
symbolfit,g0048,feynman-i.11.19,521,noise001,0.01,iaaccn22,formal3h_13alg_ssr50_seed520-522_noise0-001-005_20260622-014658,symbolfit_s521_noise001_g0048,/home/zhangziwen/workplace/scientific-intelligent-modelling/experiments/formal3h_13alg_ssr50_seed520-522_noise0-001-005_20260622-014658/symbolfit/seed521/tasks/symbolfit_s521_noise001_g0048/iaaccn22/symbolfit/g0048_feynman-i.11.19/progress/minute_0060.json,f1930f0fb863c9ae7f77b8a49e9f3edc8824ca920823e688f96d71d6b5fc4544,60,3600.041,ok,True,True,8259761295.182831,7752787611.9267,3600.041,(((((x5 + (x2 * -0.993672)) / 0.011188873) * ((x3 + (x6 * -1.0042992)) * -184.22047)) - -1.5988656) / 0.2154735) - -1.6262921,4.64094192557321*(-88.8089443860879*x2 + 89.374506261712*x5)*(-184.22047*x3 + 185.012470644624*x6) + 9.04653449639677,True,18,5
symbolfit,g0049,feynman-ii.34.2a,521,noise001,0.01,iaaccn24,formal3h_13alg_ssr50_seed520-522_noise0-001-005_20260622-014658,symbolfit_s521_noise001_g0049,/home/zhangziwen/workplace/scientific-intelligent-modelling/experiments/formal3h_13alg_ssr50_seed520-522_noise0-001-005_20260622-014658/symbolfit/seed521/tasks/symbolfit_s521_noise001_g0049/iaaccn24/symbolfit/g0049_feynman-ii.34.2a/progress/minute_0060.json,9ec53746cda7bee220b354a9f0ca20979f004b30a1715324cc6045306b4bc3b0,60,3600.033,ok,True,True,1707734.8355602846,54695.94971196103,3600.033,(0.5058577 - x1) * (((((x3 * 3.6744373) - 1.698669) / (0.045396324 + x4)) - 1.0953503) * (-191.62355 * 0.28441864)),(0.5058577 - x1)*(-54.501309482972*(3.6744373*x3 - 1.698669)/(x4 + 0.045396324) + 59.6980256925662),True,20,6
symbolfit,g0050,Vladislavleva-4,521,noise001,0.01,iaaccn26,formal3h_13alg_ssr50_seed520-522_noise0-001-005_20260622-014658,symbolfit_s521_noise001_g0050,/home/zhangziwen/workplace/scientific-intelligent-modelling/experiments/formal3h_13alg_ssr50_seed520-522_noise0-001-005_20260622-014658/symbolfit/seed521/tasks/symbolfit_s521_noise001_g0050/iaaccn26/symbolfit/g0050_Vladislavleva-4/progress/minute_0060.json,5e2c9befc8cd582230f1cf152e181948d3d8e412b5300d248ce94e9f04cce564,60,3600.034,ok,True,True,2.113848018487547,2.780516376598911,3600.034,(cos((x2 + -0.49712715) / -0.46437874) * 0.8976278) + ((sin(x3 * 3.1602156) * 0.6980339) * sin(x4 * 3.1397367)),0.6980339*sin(3.1602156*x3)*sin(3.1397367*x4) + 0.8976278*cos(2.15341468905316*x2 - 1.07052090713714),True,19,6
symbolfit,g0001,Keijzer-11,521,noise005,0.05,iaaccn22,formal3h_13alg_ssr50_seed520-522_noise0-001-005_20260622-014658,symbolfit_s521_noise005_g0001,/home/zhangziwen/workplace/scientific-intelligent-modelling/experiments/formal3h_13alg_ssr50_seed520-522_noise0-001-005_20260622-014658/symbolfit/seed521/tasks/symbolfit_s521_noise005_g0001/iaaccn22/symbolfit/g0001_Keijzer-11/progress/minute_0060.json,a8a12784e81ce6d9dcf32fdb476a00f5e1570856fc2968a4a07c16514ed517a5,60,3600.156,ok,True,True,205.93797922026417,206.32166067390406,3600.156,((sin(sin(x0)) * 0.5471134) * cos(x0)) + (((x1 + -0.5743131) * 0.8865709) * ((x0 * 16.535925) - (cos(x0 / 0.044427082) + 6.960189))),(0.8865709*x1 - 0.50916928194879)*(16.535925*x0 - cos(22.5087931725968*x0) - 6.960189) + 0.5471134*sin(sin(x0))*cos(x0),True,25,7
symbolfit,g0002,Keijzer-2,521,noise005,0.05,iaaccn23,formal3h_13alg_ssr50_seed520-522_noise0-001-005_20260622-014658,symbolfit_s521_noise005_g0002,/home/zhangziwen/workplace/scientific-intelligent-modelling/experiments/formal3h_13alg_ssr50_seed520-522_noise0-001-005_20260622-014658/symbolfit/seed521/tasks/symbolfit_s521_noise005_g0002/iaaccn23/symbolfit/g0002_Keijzer-2/progress/minute_0060.json,e67738148ab56fc7fa90a3b1d6786f862a428fe5209abc3f9986af1a1c38d613,60,3600.039,ok,True,True,123.98795382199167,97.31213058017323,3600.039,((sin((x0 + 0.07570741) * 8.191427) * 3.9552133) + 4.4888587) * cos(exp(exp(sin((x0 * 2.115257) + 0.51178783))) - 2.9335744),(3.9552133*sin(8.191427*x0 + 0.62015172237407) + 4.4888587)*cos(exp(exp(sin(2.115257*x0 + 0.51178783))) - 2.9335744),True,22,9
symbolfit,g0003,Korns-2,521,noise005,0.05,iaaccn27,formal3h_13alg_ssr50_seed520-522_noise0-001-005_20260622-014658,symbolfit_s521_noise005_g0003,/home/zhangziwen/workplace/scientific-intelligent-modelling/experiments/formal3h_13alg_ssr50_seed520-522_noise0-001-005_20260622-014658/symbolfit/seed521/tasks/symbolfit_s521_noise005_g0003/iaaccn27/symbolfit/g0003_Korns-2/progress/minute_0060.json,b0cc2d95244e01f93f774186cf86f9fd30a3b35fe91806f125566be93f6a5d3c,60,3600.045,ok,True,True,1873775.5209664146,2425466.4677101816,3600.045,((((((0.13854942 / (-0.29325145 - ((x1 / 0.050430633) - x2))) + x1) - exp(-0.36533278)) / 0.35430446) * (-0.730636 - x0)) * x0) - x0,x0*(-x0 - 0.730636)*(2.82243130667901*x1 - 1.95867044561274 + 0.391046220530219/(-19.8292176899703*x1 + x2 - 0.29325145)) - x0,True,26,8
symbolfit,g0004,Korns-4,521,noise005,0.05,iaaccn25,formal3h_13alg_ssr50_seed520-522_noise0-001-005_20260622-014658,symbolfit_s521_noise005_g0004,/home/zhangziwen/workplace/scientific-intelligent-modelling/experiments/formal3h_13alg_ssr50_seed520-522_noise0-001-005_20260622-014658/symbolfit/seed521/tasks/symbolfit_s521_noise005_g0004/iaaccn25/symbolfit/g0004_Korns-4/progress/minute_0060.json,43c1f2ff80800379617db0a63c847c9991b6c5666476bae3411e86f7dbaa132b,60,3600.174,ok,True,True,507771.7834426597,1127246.015787036,3600.173,(x0 * ((((x1 * x3) * 0.06540502) + 1.2536198) - 1.2765392)) - 0.99657375,x0*(0.06540502*x1*x3 - 0.0229193999999999) - 0.99657375,True,10,5
symbolfit,g0005,BPG3,521,noise005,0.05,iaaccn26,formal3h_13alg_ssr50_seed520-522_noise0-001-005_20260622-014658,symbolfit_s521_noise005_g0005,/home/zhangziwen/workplace/scientific-intelligent-modelling/experiments/formal3h_13alg_ssr50_seed520-522_noise0-001-005_20260622-014658/symbolfit/seed521/tasks/symbolfit_s521_noise005_g0005/iaaccn26/symbolfit/g0005_BPG3/progress/minute_0060.json,f8e1a28efd213cfc0496010d61b4b967bbb9745a682d6844a9b27d1715892879,60,3600.046,ok,True,True,20754.016027044807,3455135116.6073956,3600.046,((((((x0 - x1) * -13.1563015) + -44.47763) / cos(x0 + sin(x0))) + x0) + sin(x0)) * x1,x1*(x0 + (-13.1563015*x0 + 13.1563015*x1 - 44.47763)/cos(x0 + sin(x0)) + sin(x0)),True,22,8
symbolfit,g0006,BPG5,521,noise005,0.05,iaaccn25,formal3h_13alg_ssr50_seed520-522_noise0-001-005_20260622-014658,symbolfit_s521_noise005_g0006,/home/zhangziwen/workplace/scientific-intelligent-modelling/experiments/formal3h_13alg_ssr50_seed520-522_noise0-001-005_20260622-014658/symbolfit/seed521/tasks/symbolfit_s521_noise005_g0006/iaaccn25/symbolfit/g0006_BPG5/progress/minute_0060.json,66ee708813518c54cce7b86bc68260ec192217836be6c68e75375f27900c0ada,60,3600.224,ok,True,True,6790104629.384079,120017521129236.31,3600.223,(((((x1 + x1) / -0.09743288) * (0.97199076 - x1)) * -2.7303755) + (x1 * 0.97192043)) + 0.5727506,56.0462854018069*x1*(0.97199076 - x1) + 0.97192043*x1 + 0.5727506,True,13,5
symbolfit,g0007,BPG9,521,noise005,0.05,iaaccn27,formal3h_13alg_ssr50_seed520-522_noise0-001-005_20260622-014658,symbolfit_s521_noise005_g0007,/home/zhangziwen/workplace/scientific-intelligent-modelling/experiments/formal3h_13alg_ssr50_seed520-522_noise0-001-005_20260622-014658/symbolfit/seed521/tasks/symbolfit_s521_noise005_g0007/iaaccn27/symbolfit/g0007_BPG9/progress/minute_0060.json,e2e8555c2b0bb71d8663cbeac161a1d31691c026022bac97be5b8948bf764233,60,3600.038,ok,True,True,827.7495614458797,35141.695144289115,3600.038,((sin((x1 - 0.5632769) * ((x0 * 2.4800797) + 0.56115705)) + -9.097193) + exp((sin(x1) * 2.326618) + 2.309321)) * cos(x1 / -0.6361336),(10.0675864425087*exp(2.326618*sin(x1)) + sin((2.4800797*x0 + 0.56115705)*(x1 - 0.5632769)) - 9.097193)*cos(1.57199682582401*x1),True,24,7
symbolfit,g0008,CRK0,521,noise005,0.05,iaaccn24,formal3h_13alg_ssr50_seed520-522_noise0-001-005_20260622-014658,symbolfit_s521_noise005_g0008,/home/zhangziwen/workplace/scientific-intelligent-modelling/experiments/formal3h_13alg_ssr50_seed520-522_noise0-001-005_20260622-014658/symbolfit/seed521/tasks/symbolfit_s521_noise005_g0008/iaaccn24/symbolfit/g0008_CRK0/progress/minute_0060.json,8604dc49673968a3968729e328af59a8da7baac68ed0d30d7b3b9f8be08d24dd,60,3600.038,ok,True,True,151429.8213216766,225840945.7962451,3600.038,(28.309847 - cos(cos(sin(cos(x1 * 28.30786))) - (-0.10531709 - (x1 * -2.9324596)))) * (cos(-0.575411 - x1) * 1.0014623),1.0014623*(28.309847 - cos(-2.9324596*x1 + cos(sin(cos(28.30786*x1))) + 0.10531709))*cos(x1 + 0.575411),True,22,10
symbolfit,g0009,CRK10,521,noise005,0.05,iaaccn22,formal3h_13alg_ssr50_seed520-522_noise0-001-005_20260622-014658,symbolfit_s521_noise005_g0009,/home/zhangziwen/workplace/scientific-intelligent-modelling/experiments/formal3h_13alg_ssr50_seed520-522_noise0-001-005_20260622-014658/symbolfit/seed521/tasks/symbolfit_s521_noise005_g0009/iaaccn22/symbolfit/g0009_CRK10/progress/minute_0060.json,0e77bccecd953491a9457cb9f3a8326c50c1816ac58695b3dd7823d9a7208042,60,3600.033,ok,True,True,13.729872039193415,1.0,3600.033,exp((cos(x0 * sin(cos(-1.5678934))) + 1.7700944) - (exp(x0) * ((x0 * exp(exp(x1 * 0.5397127))) * 3.1542733))),5.87140759609938*exp(-3.1542733*x0*exp(x0)*exp(exp(0.5397127*x1)) + cos(0.00290291864061138*x0)),True,18,8
symbolfit,g0010,CRK11,521,noise005,0.05,iaaccn22,formal3h_13alg_ssr50_seed520-522_noise0-001-005_20260622-014658,symbolfit_s521_noise005_g0010,/home/zhangziwen/workplace/scientific-intelligent-modelling/experiments/formal3h_13alg_ssr50_seed520-522_noise0-001-005_20260622-014658/symbolfit/seed521/tasks/symbolfit_s521_noise005_g0010/iaaccn22/symbolfit/g0010_CRK11/progress/minute_0060.json,e2779483894bc2d15c38b2b0e397d26508df47a15a61aedeb1aab2a9a624a79c,60,3600.044,ok,True,True,80803835520.31064,3737530058451175.5,3600.044,((((x0 * (x1 + x1)) * x0) + (x1 * -14.265237)) * (x1 + 3.6046128)) + (x1 - -0.11749917),x1 + (x1 + 3.6046128)*(2*x0**2*x1 - 14.265237*x1) + 0.11749917,True,17,6
symbolfit,g0011,CRK33,521,noise005,0.05,iaaccn23,formal3h_13alg_ssr50_seed520-522_noise0-001-005_20260622-014658,symbolfit_s521_noise005_g0011,/home/zhangziwen/workplace/scientific-intelligent-modelling/experiments/formal3h_13alg_ssr50_seed520-522_noise0-001-005_20260622-014658/symbolfit/seed521/tasks/symbolfit_s521_noise005_g0011/iaaccn23/symbolfit/g0011_CRK33/progress/minute_0060.json,0d441d2987656b88d52522026a4437c5e8d0bfb3630afc26fe3c9045d82f45f0,60,3600.032,ok,True,True,146746.9380350044,8122763781.816617,3600.032,((cos(x0) * (((((x1 - sin(-1.2234707)) * x1) - 0.39734358) - 0.39734358) - -30.434061)) * (-0.53978395 + cos(x1))) - 0.03809231,(x1*(x1 + 0.940286389139985) + 29.63937384)*(cos(x1) - 0.53978395)*cos(x0) - 0.03809231,True,16,6
symbolfit,g0012,CRK34,521,noise005,0.05,iaaccn26,formal3h_13alg_ssr50_seed520-522_noise0-001-005_20260622-014658,symbolfit_s521_noise005_g0012,/home/zhangziwen/workplace/scientific-intelligent-modelling/experiments/formal3h_13alg_ssr50_seed520-522_noise0-001-005_20260622-014658/symbolfit/seed521/tasks/symbolfit_s521_noise005_g0012/iaaccn26/symbolfit/g0012_CRK34/progress/minute_0060.json,a6c9f6a53a92f01bf187ce56ed42dd778fea5d369184beba5666171e0ecba169,60,3600.034,ok,True,True,259010.92096186976,9721430237.615488,3600.034,((cos(x1 - 2.5608468) * ((((x1 - -0.91996866) * -2.2876825) + -3.6491587) - sin(x0))) / 0.22706002) - -0.33897042,4.40412187050807*(-2.2876825*x1 - sin(x0) - 5.75375490403045)*cos(x1 - 2.5608468) + 0.33897042,True,17,6
symbolfit,g0013,I.11.19_4_0,521,noise005,0.05,iaaccn27,formal3h_13alg_ssr50_seed520-522_noise0-001-005_20260622-014658,symbolfit_s521_noise005_g0013,/home/zhangziwen/workplace/scientific-intelligent-modelling/experiments/formal3h_13alg_ssr50_seed520-522_noise0-001-005_20260622-014658/symbolfit/seed521/tasks/symbolfit_s521_noise005_g0013/iaaccn27/symbolfit/g0013_I.11.19_4_0/progress/minute_0060.json,8a008ac5d96192aa020019ad71b5e1db0d06fa6652ebde2c4afa63d52be56b48,60,3600.054,ok,True,True,0.08226575693914542,0.17242294928714275,3600.054,((-0.9017528 * x0) + sin((x4 - (cos(x1) - (x5 * -0.9465521))) * ((x3 + 0.35906833) * 0.26657724))) / (0.2546045 + x2),(-0.9017528*x0 + sin((0.26657724*x3 + 0.0957194443828092)*(x4 - 0.9465521*x5 - cos(x1))))/(x2 + 0.2546045),True,26,8
symbolfit,g0014,II.11.27_1_0,521,noise005,0.05,iaaccn26,formal3h_13alg_ssr50_seed520-522_noise0-001-005_20260622-014658,symbolfit_s521_noise005_g0014,/home/zhangziwen/workplace/scientific-intelligent-modelling/experiments/formal3h_13alg_ssr50_seed520-522_noise0-001-005_20260622-014658/symbolfit/seed521/tasks/symbolfit_s521_noise005_g0014/iaaccn26/symbolfit/g0014_II.11.27_1_0/progress/minute_0060.json,9dbb713fe2875ac95ca8d357fac5c18202d8213a7139638c170a27802db54379,60,3600.07,ok,True,True,0.6920019749375687,4.872409989164318e+292,3600.07,(exp(4.740221 - (exp(0.8925058 - x0) * (((x1 + (x1 / 0.0040251086)) * 37.62982) - (x0 - (x3 / 2.1227984))))) / 0.041012075) - 0.041012075,-0.041012075 + 2790.87304003702*exp(-2.4412392506903*(-x0 + 9386.40117985847*x1 + 0.471076292501445*x3)*exp(-x0)),True,21,7
symbolfit,g0015,II.34.2_1_0,521,noise005,0.05,iaaccn23,formal3h_13alg_ssr50_seed520-522_noise0-001-005_20260622-014658,symbolfit_s521_noise005_g0015,/home/zhangziwen/workplace/scientific-intelligent-modelling/experiments/formal3h_13alg_ssr50_seed520-522_noise0-001-005_20260622-014658/symbolfit/seed521/tasks/symbolfit_s521_noise005_g0015/iaaccn23/symbolfit/g0015_II.34.2_1_0/progress/minute_0060.json,c1802e83ad8210212720f4374564bcd40fb349528b8508d3e05cb766c5636984,60,3600.045,ok,True,True,0.5312232986749325,0.6355056993304178,3600.045,((x0 + x0) / exp((x2 * 0.898184) - exp(0.62990934 - (x1 * 1.7458419)))) * exp(-0.22751309 - sin(x2)),1.59302399017447*x0*exp(-0.898184*x2 + 1.87744036280526*exp(-1.7458419*x1))*exp(-sin(x2)),True,19,7
symbolfit,g0016,II.6.15b_3_0,521,noise005,0.05,iaaccn25,formal3h_13alg_ssr50_seed520-522_noise0-001-005_20260622-014658,symbolfit_s521_noise005_g0016,/home/zhangziwen/workplace/scientific-intelligent-modelling/experiments/formal3h_13alg_ssr50_seed520-522_noise0-001-005_20260622-014658/symbolfit/seed521/tasks/symbolfit_s521_noise005_g0016/iaaccn25/symbolfit/g0016_II.6.15b_3_0/progress/minute_0060.json,6dd049ec12032c77a2007ca0e2638a05cbf5a88afdfbff4741046ddd756664b7,60,3600.237,ok,True,True,0.8435750778016239,3.4719236909151636,3600.236,log(exp(cos(exp(x0) * (x0 + (x0 + 2.044924))) + x2) + 1.3365841) * 1.0124559,1.0124559*log(exp(x2 + cos((2*x0 + 2.044924)*exp(x0))) + 1.3365841),True,17,10
symbolfit,g0017,III.21.20_3_0,521,noise005,0.05,iaaccn25,formal3h_13alg_ssr50_seed520-522_noise0-001-005_20260622-014658,symbolfit_s521_noise005_g0017,/home/zhangziwen/workplace/scientific-intelligent-modelling/experiments/formal3h_13alg_ssr50_seed520-522_noise0-001-005_20260622-014658/symbolfit/seed521/tasks/symbolfit_s521_noise005_g0017/iaaccn25/symbolfit/g0017_III.21.20_3_0/progress/minute_0060.json,bebecb5a5fcef969c72cd89059ee5b085dc5020f99d5146ceaf83332397b55d6,60,3600.474,ok,True,True,3.5620224210421307e+298,2.210872413031641e+115,3600.473,exp(((x2 + ((x0 + -0.36491615) * (((x0 + x3) + cos(x2)) + x0))) - 1.641161) * 2.743352) * x1,0.0110836712568647*x1*exp(2.743352*x2 + 2.743352*(x0 - 0.36491615)*(2*x0 + x3 + cos(x2))),True,20,7
symbolfit,g0018,MatSci21,521,noise005,0.05,iaaccn27,formal3h_13alg_ssr50_seed520-522_noise0-001-005_20260622-014658,symbolfit_s521_noise005_g0018,/home/zhangziwen/workplace/scientific-intelligent-modelling/experiments/formal3h_13alg_ssr50_seed520-522_noise0-001-005_20260622-014658/symbolfit/seed521/tasks/symbolfit_s521_noise005_g0018/iaaccn27/symbolfit/g0018_MatSci21/progress/minute_0060.json,19c4a96d5be1cfe2da2fdf3cbce2f382da0e8176b327e2620eeec652ffbd4c5e,60,3600.045,ok,True,True,1.864137721271429,0.991647431078395,3600.045,((exp(sin(x0 * 0.64738005) + x0) * (x0 + -0.7405274)) - -0.034129247) * (((sin(x1) + (x0 - x0)) * 61.535503) + -1.9134679),((x0 - 0.7405274)*exp(x0 + sin(0.64738005*x0)) + 0.034129247)*(61.535503*sin(x1) - 1.9134679),True,20,8
symbolfit,g0019,PO19,521,noise005,0.05,iaaccn23,formal3h_13alg_ssr50_seed520-522_noise0-001-005_20260622-014658,symbolfit_s521_noise005_g0019,/home/zhangziwen/workplace/scientific-intelligent-modelling/experiments/formal3h_13alg_ssr50_seed520-522_noise0-001-005_20260622-014658/symbolfit/seed521/tasks/symbolfit_s521_noise005_g0019/iaaccn23/symbolfit/g0019_PO19/progress/minute_0060.json,98b1008a844d8de79345b563b7534dd8b8374c3f3048308ff07a90ee45f6550e,60,3600.035,ok,True,True,1611532177.4601736,2.0862042023021104e+17,3600.035,(((x2 / 341.39948) + ((((((exp(x0) * x0) + -3.9835417) * x0) - x2) * 4896.6733) + -4312.787)) - (cos(x0) * -13196.329)) - x1,4896.6733*x0*(x0*exp(x0) - 3.9835417) - x1 - 4896.67037088013*x2 + 13196.329*cos(x0) - 4312.787,True,21,6
symbolfit,g0020,PO41,521,noise005,0.05,iaaccn26,formal3h_13alg_ssr50_seed520-522_noise0-001-005_20260622-014658,symbolfit_s521_noise005_g0020,/home/zhangziwen/workplace/scientific-intelligent-modelling/experiments/formal3h_13alg_ssr50_seed520-522_noise0-001-005_20260622-014658/symbolfit/seed521/tasks/symbolfit_s521_noise005_g0020/iaaccn26/symbolfit/g0020_PO41/progress/minute_0060.json,54c09469a82735ed70574b3e91ebfb09285165244842abbbdb269254d8f6edcd,60,3600.045,ok,True,True,4270131.191253642,13953496100797.736,3600.045,cos(x2 + (sin(x0) * 3.1994078)) * (((x0 / 0.011615107) * ((x2 + (0.9704094 - x0)) - 0.50158787)) + ((283.76248 - x2) - x2)),(86.0947729538781*x0*(-x0 + x2 + 0.46882153) - 2*x2 + 283.76248)*cos(x2 + 3.1994078*sin(x0)),True,22,6
symbolfit,g0021,Nguyen-12,521,noise005,0.05,iaaccn27,formal3h_13alg_ssr50_seed520-522_noise0-001-005_20260622-014658,symbolfit_s521_noise005_g0021,/home/zhangziwen/workplace/scientific-intelligent-modelling/experiments/formal3h_13alg_ssr50_seed520-522_noise0-001-005_20260622-014658/symbolfit/seed521/tasks/symbolfit_s521_noise005_g0021/iaaccn27/symbolfit/g0021_Nguyen-12/progress/minute_0060.json,0786742abe497713933b04769a5d5c50c24bf8ae3a087876826a47111a11c88f,60,3600.062,ok,True,True,5.057327022900064,6.186635935797126,3600.062,(sin(sin(sin(sin(sin(sin((x1 / 1.0240153) / 1.0240198)))))) * -2.9938593) - (sin(sin(x0 / 0.34063354)) * ((x0 + -0.04535582) * 0.6516592)),-(0.6516592*x0 - 0.029556537376544)*sin(sin(2.93570621378036*x0)) - 2.9938593*sin(sin(sin(sin(sin(sin(0.953641627828846*x1)))))),True,24,10
symbolfit,g0022,Nguyen-6,521,noise005,0.05,iaaccn27,formal3h_13alg_ssr50_seed520-522_noise0-001-005_20260622-014658,symbolfit_s521_noise005_g0022,/home/zhangziwen/workplace/scientific-intelligent-modelling/experiments/formal3h_13alg_ssr50_seed520-522_noise0-001-005_20260622-014658/symbolfit/seed521/tasks/symbolfit_s521_noise005_g0022/iaaccn27/symbolfit/g0022_Nguyen-6/progress/minute_0060.json,2f13b3895cba51b482ceb5937408c162a167fd4f8325e8740ffb2cd1c86a41f3,60,3600.035,ok,True,True,25.642697929976343,21.076873270430262,3600.035,(sin((1.8656971 + (x0 / 0.97935176)) + x0) * -8.024409) + (3.8303165 + (x0 / cos((x0 + (1.7186246 / 1.0255431)) + (x0 / 0.97935176)))),x0/cos(2.02108357879502*x0 + 1.67581898800743) - 8.024409*sin(2.02108357879502*x0 + 1.8656971) + 3.8303165,True,20,7
symbolfit,g0023,Nguyen-9,521,noise005,0.05,iaaccn27,formal3h_13alg_ssr50_seed520-522_noise0-001-005_20260622-014658,symbolfit_s521_noise005_g0023,/home/zhangziwen/workplace/scientific-intelligent-modelling/experiments/formal3h_13alg_ssr50_seed520-522_noise0-001-005_20260622-014658/symbolfit/seed521/tasks/symbolfit_s521_noise005_g0023/iaaccn27/symbolfit/g0023_Nguyen-9/progress/minute_0060.json,49c60dccd145f5110309292bfe47ecb5db037686990e89db603bb7ca8c052bfe,60,3600.026,ok,True,True,0.3327225295901215,0.001563189621944191,3600.026,sin(x0) + sin((0.013553994 + (x1 * x1)) / cos(-1.4695389 / (x0 + exp(x1)))),sin(x0) + sin((x1**2 + 0.013553994)/cos(1.4695389/(x0 + exp(x1)))),True,21,10
symbolfit,g0024,feynman_II_15_4,521,noise005,0.05,iaaccn29,formal3h_13alg_ssr50_seed520-522_noise0-001-005_20260622-014658,symbolfit_s521_noise005_g0024,/home/zhangziwen/workplace/scientific-intelligent-modelling/experiments/formal3h_13alg_ssr50_seed520-522_noise0-001-005_20260622-014658/symbolfit/seed521/tasks/symbolfit_s521_noise005_g0024/iaaccn29/symbolfit/g0024_feynman_II_15_4/progress/minute_0060.json,ffed34c72a88de37fc861701489c33bb62400f11d11e2d97ac07090d93406552,60,3600.042,ok,True,True,19.18795450717556,26.67432560890641,3600.042,((x1 - -0.23203929) * ((x0 + ((x0 + 0.39502567) / (exp(x0) + 0.6512269))) * sin((x2 - 0.14269207) * 4.00053))) * 3.512378,3.512378*(x0 + (x0 + 0.39502567)/(exp(x0) + 0.6512269))*(x1 + 0.23203929)*sin(4.00053*x2 - 0.5708439067971),True,23,7
symbolfit,g0025,feynman_I_12_11,521,noise005,0.05,iaaccn24,formal3h_13alg_ssr50_seed520-522_noise0-001-005_20260622-014658,symbolfit_s521_noise005_g0025,/home/zhangziwen/workplace/scientific-intelligent-modelling/experiments/formal3h_13alg_ssr50_seed520-522_noise0-001-005_20260622-014658/symbolfit/seed521/tasks/symbolfit_s521_noise005_g0025/iaaccn24/symbolfit/g0025_feynman_I_12_11/progress/minute_0060.json,1f455fb2c730db8d418926bfdae0c5a542a1aa2890640b087cf6de39a7908a85,60,3600.06,ok,True,True,1875.5754275651473,757.2541459386917,3600.06,log(exp(exp(x2 + x3) * ((((x4 + (cos(x4) / -1.2328694)) * -1.292623) * (exp(x0) + -0.41881076)) - 0.1506152))) + x1,x1 + log(exp(((-1.292623*x4 + 1.04846709635262*cos(x4))*(exp(x0) - 0.41881076) - 0.1506152)*exp(x2 + x3))),True,24,10
symbolfit,g0026,feynman_I_27_6,521,noise005,0.05,iaaccn25,formal3h_13alg_ssr50_seed520-522_noise0-001-005_20260622-014658,symbolfit_s521_noise005_g0026,/home/zhangziwen/workplace/scientific-intelligent-modelling/experiments/formal3h_13alg_ssr50_seed520-522_noise0-001-005_20260622-014658/symbolfit/seed521/tasks/symbolfit_s521_noise005_g0026/iaaccn25/symbolfit/g0026_feynman_I_27_6/progress/minute_0060.json,a914443f634c51aa1640a35089e1b4da8573d93e49ea40c1bc8239ca1c20f681,60,3600.226,ok,True,True,9.926580270175165,19.407703167923984,3600.226,(cos(x1) + (x1 - sin(sin(x2)))) * (sin(((cos(x1) - x2) + 0.8440441) * (x1 * x0)) + 0.8440441),(sin(x0*x1*(-x2 + cos(x1) + 0.8440441)) + 0.8440441)*(x1 - sin(sin(x2)) + cos(x1)),True,23,7
symbolfit,g0027,feynman_test_15,521,noise005,0.05,iaaccn26,formal3h_13alg_ssr50_seed520-522_noise0-001-005_20260622-014658,symbolfit_s521_noise005_g0027,/home/zhangziwen/workplace/scientific-intelligent-modelling/experiments/formal3h_13alg_ssr50_seed520-522_noise0-001-005_20260622-014658/symbolfit/seed521/tasks/symbolfit_s521_noise005_g0027/iaaccn26/symbolfit/g0027_feynman_test_15/progress/minute_0060.json,6ebfe68b3418b49841ae73c4d1f78c786fcd4b6b909f92fbd1b0fa898f896f44,60,3600.078,ok,True,True,46.000768881325044,8.323351405650651,3600.078,((((x3 * (exp(sin(sin(((0.82734716 - x3) * 0.9263843) / 0.37144893))) - cos(x3))) / 1.0659477) + 0.72322196) * (x2 + 0.2432267)) / 0.7701182,1.29850197021704*(x2 + 0.2432267)*(0.938132330507397*x3*(-cos(x3) + exp(-sin(sin(2.49397487832311*x3 - 2.06338303269197)))) + 0.72322196),True,25,11
symbolfit,g0028,strogatz_barmag1,521,noise005,0.05,iaaccn25,formal3h_13alg_ssr50_seed520-522_noise0-001-005_20260622-014658,symbolfit_s521_noise005_g0028,/home/zhangziwen/workplace/scientific-intelligent-modelling/experiments/formal3h_13alg_ssr50_seed520-522_noise0-001-005_20260622-014658/symbolfit/seed521/tasks/symbolfit_s521_noise005_g0028/iaaccn25/symbolfit/g0028_strogatz_barmag1/progress/minute_0060.json,aec9009663b484c788a58ebeac678df807544940a2ff4ae8b8f5dc4ece60364f,60,3600.095,ok,True,True,748.9950498300884,256.18592268542795,3600.095,((cos(x0 * -1.5359771) * cos(x0)) * exp(exp(cos(cos(x1 / -0.24666299))) / 1.0805258)) - 0.17435804,exp(0.925475356534754*exp(cos(cos(4.05411448227397*x1))))*cos(x0)*cos(1.5359771*x0) - 0.17435804,True,18,9
symbolfit,g0029,strogatz_barmag2,521,noise005,0.05,iaaccn23,formal3h_13alg_ssr50_seed520-522_noise0-001-005_20260622-014658,symbolfit_s521_noise005_g0029,/home/zhangziwen/workplace/scientific-intelligent-modelling/experiments/formal3h_13alg_ssr50_seed520-522_noise0-001-005_20260622-014658/symbolfit/seed521/tasks/symbolfit_s521_noise005_g0029/iaaccn23/symbolfit/g0029_strogatz_barmag2/progress/minute_0060.json,6ed9dc310185b66de5d920336a643587ce88dbac46202d2bbd640768fca5ba26,60,3600.044,ok,True,True,173202.93645533343,47149.57544972132,3600.044,((-41.18848 - (x0 * -27.746244)) * cos((x1 * 6.447319) + 23.293371)) - ((0.6067177 - sin((x0 + exp(x0)) * x0)) * 2.2912354),(27.746244*x0 - 41.18848)*cos(6.447319*x1 + 23.293371) + 2.2912354*sin(x0*(x0 + exp(x0))) - 1.39013307204658,True,23,7
symbolfit,g0030,strogatz_predprey2,521,noise005,0.05,iaaccn28,formal3h_13alg_ssr50_seed520-522_noise0-001-005_20260622-014658,symbolfit_s521_noise005_g0030,/home/zhangziwen/workplace/scientific-intelligent-modelling/experiments/formal3h_13alg_ssr50_seed520-522_noise0-001-005_20260622-014658/symbolfit/seed521/tasks/symbolfit_s521_noise005_g0030/iaaccn28/symbolfit/g0030_strogatz_predprey2/progress/minute_0060.json,4b4ce833d4df1faf0dd5caa334a307c695adae27f5202f96495ca202fa3f5ef6,60,3600.034,ok,True,True,25.126672066085828,6.160246997038151,3600.034,(log((1.0530974 + sin(((x1 - x0) - x0) * -1.9328123)) + (x0 / 0.37924668)) / 0.15279286) - (1.2023352 / cos(x1 + 0.46120173)),6.54480844196515*log(2.63680620750589*x0 + sin(3.8656246*x0 - 1.9328123*x1) + 1.0530974) - 1.2023352/cos(x1 + 0.46120173),True,25,8
symbolfit,g0031,strogatz_shearflow1,521,noise005,0.05,iaaccn29,formal3h_13alg_ssr50_seed520-522_noise0-001-005_20260622-014658,symbolfit_s521_noise005_g0031,/home/zhangziwen/workplace/scientific-intelligent-modelling/experiments/formal3h_13alg_ssr50_seed520-522_noise0-001-005_20260622-014658/symbolfit/seed521/tasks/symbolfit_s521_noise005_g0031/iaaccn29/symbolfit/g0031_strogatz_shearflow1/progress/minute_0060.json,f36aac36d87b282e9de8e1290e9cd5fedd4ec4ce49179d4ebaa384dd5fa467e2,60,3600.041,ok,True,True,2.0638433298882822e+19,1605384129.9633691,3600.041,((exp(4.584298 - (21.383854 * sin(sin(x1)))) - exp(cos(x1) / (x1 + -0.5278713))) + x1) + (cos(-0.8590014) / (x1 + -0.5278713)),x1 - exp(cos(x1)/(x1 - 0.5278713)) + 97.9344130472666*exp(-21.383854*sin(sin(x1))) + 0.653193924315648/(x1 - 0.5278713),True,28,7
symbolfit,g0032,strogatz_vdp1,521,noise005,0.05,iaaccn22,formal3h_13alg_ssr50_seed520-522_noise0-001-005_20260622-014658,symbolfit_s521_noise005_g0032,/home/zhangziwen/workplace/scientific-intelligent-modelling/experiments/formal3h_13alg_ssr50_seed520-522_noise0-001-005_20260622-014658/symbolfit/seed521/tasks/symbolfit_s521_noise005_g0032/iaaccn22/symbolfit/g0032_strogatz_vdp1/progress/minute_0060.json,75b8ea8f9c3abb187eb2ba02e8a12390ef768951dd91bcd9f4d2d1c3fa06fa92,60,3600.046,ok,True,True,282276.0989953533,76804.97639247439,3600.046,(1.1020232 * (((((((cos(-1.4895351 * x0) * 1079.6294) * x0) - 412.85526) * x0) + exp(x1)) - (x1 * -184.41394)) + -11.059869)) + x0,1.1020232*x0*(1079.6294*x0*cos(1.4895351*x0) - 412.85526) + x0 + 203.228440283408*x1 + 1.1020232*exp(x1) - 12.1882322269608,True,22,7
symbolfit,g0033,first_principles_hubble,521,noise005,0.05,iaaccn25,formal3h_13alg_ssr50_seed520-522_noise0-001-005_20260622-014658,symbolfit_s521_noise005_g0033,/home/zhangziwen/workplace/scientific-intelligent-modelling/experiments/formal3h_13alg_ssr50_seed520-522_noise0-001-005_20260622-014658/symbolfit/seed521/tasks/symbolfit_s521_noise005_g0033/iaaccn25/symbolfit/g0033_first_principles_hubble/progress/minute_0060.json,40423ad80109c9026300aad6abc16b61ae9c52d6a7f1298685bea8df99b0965e,60,3600.137,ok,True,True,0.9900633081252448,0.9943661703730029,3600.137,((x0 / (x0 + -0.16985817)) + sin(sin(cos(x0)) / ((x0 / cos(x0 - 0.044470046)) + -0.14833559))) * (x0 * 1.1853441),1.1853441*x0*(x0/(x0 - 0.16985817) + sin(sin(cos(x0))/(x0/cos(x0 - 0.044470046) - 0.14833559))),True,28,11
symbolfit,g0034,first_principles_leavitt,521,noise005,0.05,iaaccn29,formal3h_13alg_ssr50_seed520-522_noise0-001-005_20260622-014658,symbolfit_s521_noise005_g0034,/home/zhangziwen/workplace/scientific-intelligent-modelling/experiments/formal3h_13alg_ssr50_seed520-522_noise0-001-005_20260622-014658/symbolfit/seed521/tasks/symbolfit_s521_noise005_g0034/iaaccn29/symbolfit/g0034_first_principles_leavitt/progress/minute_0060.json,8b40793f5e5ec1b453df4f34b8248ff0b35b3f11f01d41daa08b7665f8e82b55,60,3600.031,ok,True,True,0.8735748051425543,0.8743797292483824,3600.031,exp(cos(1.6086744 - (sin((x0 + -0.5605447) * (x0 + 0.8436279)) * ((0.00026712776 * exp(x0 * (x0 * exp(x0)))) - 0.22590423)))),exp(cos((0.00026712776*exp(x0**2*exp(x0)) - 0.22590423)*sin((x0 - 0.5605447)*(x0 + 0.8436279)) - 1.6086744)),True,24,10
symbolfit,g0035,feynman-ii.4.23,521,noise005,0.05,iaaccn23,formal3h_13alg_ssr50_seed520-522_noise0-001-005_20260622-014658,symbolfit_s521_noise005_g0035,/home/zhangziwen/workplace/scientific-intelligent-modelling/experiments/formal3h_13alg_ssr50_seed520-522_noise0-001-005_20260622-014658/symbolfit/seed521/tasks/symbolfit_s521_noise005_g0035/iaaccn23/symbolfit/g0035_feynman-ii.4.23/progress/minute_0060.json,2e856ef4e6ce4804ad980894343f867fd6109de4c94eed0537d5d5bcd62cf46f,60,3600.038,ok,True,True,0.9999999947227945,0.9999999975368153,3600.038,(x0 + -0.49994823) * ((17.215557 / (x1 - -0.010116799)) + (sin((exp((x1 * 1.9842826) - -0.010116799) * x1) / 0.008485005) - (x1 + x1))),(x0 - 0.49994823)*(-2*x1 + sin(119.053335481058*x1*exp(1.9842826*x1)) + 17.215557/(x1 + 0.010116799)),True,23,7
symbolfit,g0036,feynman-iii.7.38,521,noise005,0.05,iaaccn26,formal3h_13alg_ssr50_seed520-522_noise0-001-005_20260622-014658,symbolfit_s521_noise005_g0036,/home/zhangziwen/workplace/scientific-intelligent-modelling/experiments/formal3h_13alg_ssr50_seed520-522_noise0-001-005_20260622-014658/symbolfit/seed521/tasks/symbolfit_s521_noise005_g0036/iaaccn26/symbolfit/g0036_feynman-iii.7.38/progress/minute_0060.json,ff062a1b7941a530b5282e39f7213e56bb3785d06fa63d78b5f1798083fe4871,60,3600.044,ok,True,True,1.0,1.0,3600.044,(sin((x1 * (-1.1804087 - (cos(x1) + -22426.473))) - -0.4268459) + ((-11222.318 - (x0 * -22426.479)) * ((x1 + -0.50002956) * 1.0869365))) + -0.32475752,(22426.479*x0 - 11222.318)*(1.0869365*x1 - 0.54350037984294) + sin(x1*(22425.2925913 - cos(x1)) + 0.4268459) - 0.32475752,True,24,8
symbolfit,g0037,feynman-i.18.16,521,noise005,0.05,iaaccn24,formal3h_13alg_ssr50_seed520-522_noise0-001-005_20260622-014658,symbolfit_s521_noise005_g0037,/home/zhangziwen/workplace/scientific-intelligent-modelling/experiments/formal3h_13alg_ssr50_seed520-522_noise0-001-005_20260622-014658/symbolfit/seed521/tasks/symbolfit_s521_noise005_g0037/iaaccn24/symbolfit/g0037_feynman-i.18.16/progress/minute_0060.json,00adec1dd64f4b05501ad61aea5ccd1758b8be5f7239eac45fef0412d57f1193,60,3600.066,ok,True,True,1530244.6073463496,436358.71733322705,3600.066,(x0 * (sin((x4 - 0.5003917) * 6.256585) * (x3 * ((((cos(x1) - exp(sin(x1))) * 2520.4683) / 0.8010749) - 187.32187)))) - x4,x0*x3*(-3146.35784993388*exp(sin(x1)) + 3146.35784993388*cos(x1) - 187.32187)*sin(6.256585*x4 - 3.1307432043445) - x4,True,24,7
symbolfit,g0038,feynman-ii.27.18,521,noise005,0.05,iaaccn23,formal3h_13alg_ssr50_seed520-522_noise0-001-005_20260622-014658,symbolfit_s521_noise005_g0038,/home/zhangziwen/workplace/scientific-intelligent-modelling/experiments/formal3h_13alg_ssr50_seed520-522_noise0-001-005_20260622-014658/symbolfit/seed521/tasks/symbolfit_s521_noise005_g0038/iaaccn23/symbolfit/g0038_feynman-ii.27.18/progress/minute_0060.json,bffa8353d3e0aca657f559d6703dbecb39bc0e5b0726426f6c493e5c8941ddac,60,3600.038,ok,True,True,6.625279503988533e+24,1.2655856657217985e+26,3600.038,(((((x1 - x2) / -13.827364) + (((-0.87779546 + x1) - x2) * x1)) / -13.827378) + ((x0 * 8.882088) - -0.14312172)) * x0,x0*(8.882088*x0 - 0.0723202909474233*x1*(x1 - x2 - 0.87779546) + 0.00523022977824431*x1 - 0.00523022977824431*x2 + 0.14312172),True,22,6
symbolfit,g0039,feynman-ii.34.11,521,noise005,0.05,iaaccn29,formal3h_13alg_ssr50_seed520-522_noise0-001-005_20260622-014658,symbolfit_s521_noise005_g0039,/home/zhangziwen/workplace/scientific-intelligent-modelling/experiments/formal3h_13alg_ssr50_seed520-522_noise0-001-005_20260622-014658/symbolfit/seed521/tasks/symbolfit_s521_noise005_g0039/iaaccn29/symbolfit/g0039_feynman-ii.34.11/progress/minute_0060.json,6040579697ac308c22f934e843a95b6fb63d4fefc83424ebe81c95fde2a38b82,60,3600.037,ok,True,True,0.9999999999758218,1.0000000000037261,3600.037,(x4 + -0.46412188) * ((x2 - 0.5378397) * (exp(x0 * 9.198401) + -399.80917)),(x2 - 0.5378397)*(x4 - 0.46412188)*(exp(9.198401*x0) - 399.80917),True,13,5
symbolfit,g0040,feynman-i.29.16,521,noise005,0.05,iaaccn25,formal3h_13alg_ssr50_seed520-522_noise0-001-005_20260622-014658,symbolfit_s521_noise005_g0040,/home/zhangziwen/workplace/scientific-intelligent-modelling/experiments/formal3h_13alg_ssr50_seed520-522_noise0-001-005_20260622-014658/symbolfit/seed521/tasks/symbolfit_s521_noise005_g0040/iaaccn25/symbolfit/g0040_feynman-i.29.16/progress/minute_0060.json,a0d0542179cb0a4cebfa9e3d03a7125f69d73708f4ab649c39661da51d26eec6,60,3600.039,ok,True,True,3.4286135854438804,0.8809114429353043,3600.039,(x0 / ((x1 / (x0 - x1)) + 0.5483655)) + (((x1 / 0.35346153) + 0.030743418) + x0),x0 + x0/(x1/(x0 - x1) + 0.5483655) + 2.82916220048049*x1 + 0.030743418,True,21,9
symbolfit,g0041,feynman-bonus.20,521,noise005,0.05,iaaccn29,formal3h_13alg_ssr50_seed520-522_noise0-001-005_20260622-014658,symbolfit_s521_noise005_g0041,/home/zhangziwen/workplace/scientific-intelligent-modelling/experiments/formal3h_13alg_ssr50_seed520-522_noise0-001-005_20260622-014658/symbolfit/seed521/tasks/symbolfit_s521_noise005_g0041/iaaccn29/symbolfit/g0041_feynman-bonus.20/progress/minute_0060.json,e6f6dcf9902b3eb39c50128306e12bc3391e305444d2a55eb4d677809f07cbde,60,3600.047,ok,True,True,1.0,1.0,3600.047,exp((x3 / -0.044027284) + (((sin(sin(x2)) + (x3 / -0.039216004)) / (x3 + 0.14875971)) - ((0.6211446 - x2) * exp(-0.11187793 - x2)))),exp(-22.7131884855764*x3 - 0.894153400144256*(0.6211446 - x2)*exp(-x2) + (-25.4997934006739*x3 + sin(sin(x2)))/(x3 + 0.14875971)),True,29,7
symbolfit,g0042,feynman-i.15.3t,521,noise005,0.05,iaaccn29,formal3h_13alg_ssr50_seed520-522_noise0-001-005_20260622-014658,symbolfit_s521_noise005_g0042,/home/zhangziwen/workplace/scientific-intelligent-modelling/experiments/formal3h_13alg_ssr50_seed520-522_noise0-001-005_20260622-014658/symbolfit/seed521/tasks/symbolfit_s521_noise005_g0042/iaaccn29/symbolfit/g0042_feynman-i.15.3t/progress/minute_0060.json,24c812309f61ce827937c2424d7ccd44efa82cf08b2fc606e179c7bded8069f0,60,3600.039,ok,True,True,2078548.5530093315,159628.73690026978,3600.039,((sin(exp(exp(cos(x0 + ((x2 * -0.1504395) / (cos(x4) * cos(x2)))) * 0.80630046))) * -0.008519217) + (x1 * 4.6434846)) + 0.048710193,4.6434846*x1 - 0.008519217*sin(exp(exp(0.80630046*cos(x0 - 0.1504395*x2/(cos(x2)*cos(x4)))))) + 0.048710193,True,26,12
symbolfit,g0043,feynman-i.39.22,521,noise005,0.05,iaaccn27,formal3h_13alg_ssr50_seed520-522_noise0-001-005_20260622-014658,symbolfit_s521_noise005_g0043,/home/zhangziwen/workplace/scientific-intelligent-modelling/experiments/formal3h_13alg_ssr50_seed520-522_noise0-001-005_20260622-014658/symbolfit/seed521/tasks/symbolfit_s521_noise005_g0043/iaaccn27/symbolfit/g0043_feynman-i.39.22/progress/minute_0060.json,45f5a25b263210f835aba7ae5432b2a0a8dee6bcdeff3cab4f70d6710eeb7d71,60,3600.056,ok,True,True,3.4647499110595133e+44,2.370046468323309e+47,3600.056,(x3 + 0.0095422305) * (((x2 / (x4 - (cos(cos(x1)) / 0.17252485))) + (0.9779813 / sin(0.010239778 + x4))) * (x1 + 0.010239778)),(x1 + 0.010239778)*(x3 + 0.0095422305)*(x2/(x4 - 5.79626645089099*cos(cos(x1))) + 0.9779813/sin(x4 + 0.010239778)),True,27,9
symbolfit,g0044,feynman-iii.10.19,521,noise005,0.05,iaaccn22,formal3h_13alg_ssr50_seed520-522_noise0-001-005_20260622-014658,symbolfit_s521_noise005_g0044,/home/zhangziwen/workplace/scientific-intelligent-modelling/experiments/formal3h_13alg_ssr50_seed520-522_noise0-001-005_20260622-014658/symbolfit/seed521/tasks/symbolfit_s521_noise005_g0044/iaaccn22/symbolfit/g0044_feynman-iii.10.19/progress/minute_0060.json,fab18b24e44bd1a638eff2b57c1c4c44b6138ed780adb3d79d7c7f2585f97969,60,3600.04,ok,True,True,3.916777936881964e+54,2.602665801958665e+48,3600.04,(((x2 * (exp((x2 * 3.8427129) + cos((x5 * 7.370008) + 194.18974)) + 202.53947)) * 3.4915009) + -368.6735) - -0.7189976,3.4915009*x2*(exp(3.8427129*x2 + cos(7.370008*x5 + 194.18974)) + 202.53947) - 367.9545024,True,18,9
symbolfit,g0045,feynman-i.13.12,521,noise005,0.05,iaaccn24,formal3h_13alg_ssr50_seed520-522_noise0-001-005_20260622-014658,symbolfit_s521_noise005_g0045,/home/zhangziwen/workplace/scientific-intelligent-modelling/experiments/formal3h_13alg_ssr50_seed520-522_noise0-001-005_20260622-014658/symbolfit/seed521/tasks/symbolfit_s521_noise005_g0045/iaaccn24/symbolfit/g0045_feynman-i.13.12/progress/minute_0060.json,3ef6bc2c86c9a5a1ff74b262ab97f1cc185334509e19dad5130b2338e39682c7,60,3600.044,ok,True,True,2.7046042630556125e+22,7.229248613162169e+22,3600.044,(((x0 * ((cos(0.7880681 - x2) + -0.56150395) / (x3 - -0.019151935))) / -0.036391776) - (x0 * -88.96647)) * exp((x1 + x1) - x2),(88.96647*x0 - 27.4787358550459*x0*(cos(x2 - 0.7880681) - 0.56150395)/(x3 + 0.019151935))*exp(2*x1 - x2),True,27,7
symbolfit,g0046,feynman-i.32.5,521,noise005,0.05,iaaccn23,formal3h_13alg_ssr50_seed520-522_noise0-001-005_20260622-014658,symbolfit_s521_noise005_g0046,/home/zhangziwen/workplace/scientific-intelligent-modelling/experiments/formal3h_13alg_ssr50_seed520-522_noise0-001-005_20260622-014658/symbolfit/seed521/tasks/symbolfit_s521_noise005_g0046/iaaccn23/symbolfit/g0046_feynman-i.32.5/progress/minute_0060.json,05301a88fe8f3c2f5a800cb926a342bf1ba11636893afa44535df37b150f810c,60,3600.046,ok,True,True,2.7960823017353674e+40,1.0523833639116305e+39,3600.046,(((x1 - -0.0194908) * (((x0 * (x0 + 0.6732949)) + ((((x0 * 194.62708) + -196.53348) * x0) + 49.014492)) * x1)) * 1.6651732) + 0.0074788034,1.6651732*x1*(x1 + 0.0194908)*(x0*(x0 + 0.6732949) + x0*(194.62708*x0 - 196.53348) + 49.014492) + 0.0074788034,True,22,7
symbolfit,g0047,feynman-i.43.31,521,noise005,0.05,iaaccn27,formal3h_13alg_ssr50_seed520-522_noise0-001-005_20260622-014658,symbolfit_s521_noise005_g0047,/home/zhangziwen/workplace/scientific-intelligent-modelling/experiments/formal3h_13alg_ssr50_seed520-522_noise0-001-005_20260622-014658/symbolfit/seed521/tasks/symbolfit_s521_noise005_g0047/iaaccn27/symbolfit/g0047_feynman-i.43.31/progress/minute_0060.json,f93462e41ee04cad75772bbc1055e3775f0a89d2150fc38dbb1f9620b78119e2,60,3600.066,ok,True,True,9.478094030406361e+46,1.917128294311797e+44,3600.066,((x1 + 0.010220655) * (x0 + 0.0100091975)) * ((cos(cos(cos((exp(x1 * x1) * 1.0642318) / -0.10494278))) * -0.18067248) + 21.66684),(21.66684 - 0.18067248*cos(cos(cos(10.1410673511794*exp(x1**2)))))*(x0 + 0.0100091975)*(x1 + 0.010220655),True,20,10
symbolfit,g0048,feynman-i.11.19,521,noise005,0.05,iaaccn25,formal3h_13alg_ssr50_seed520-522_noise0-001-005_20260622-014658,symbolfit_s521_noise005_g0048,/home/zhangziwen/workplace/scientific-intelligent-modelling/experiments/formal3h_13alg_ssr50_seed520-522_noise0-001-005_20260622-014658/symbolfit/seed521/tasks/symbolfit_s521_noise005_g0048/iaaccn25/symbolfit/g0048_feynman-i.11.19/progress/minute_0060.json,1388dfd34a42884a5e6b8b6a47703377cfba3a83b57bb4442872c97954f6a3d3,60,3600.163,ok,True,True,2.762519126274202e+296,139644.89869988625,3600.163,(x0 - 0.49561143) * (exp(exp(x1 + 1.3171576)) - (exp(cos(x1 * -4.9453545) - -7.993534) - x1)),(x0 - 0.49561143)*(x1 + exp(3.7327961840164*exp(x1)) - 2961.74529427207*exp(cos(4.9453545*x1))),True,18,7
symbolfit,g0049,feynman-ii.34.2a,521,noise005,0.05,iaaccn22,formal3h_13alg_ssr50_seed520-522_noise0-001-005_20260622-014658,symbolfit_s521_noise005_g0049,/home/zhangziwen/workplace/scientific-intelligent-modelling/experiments/formal3h_13alg_ssr50_seed520-522_noise0-001-005_20260622-014658/symbolfit/seed521/tasks/symbolfit_s521_noise005_g0049/iaaccn22/symbolfit/g0049_feynman-ii.34.2a/progress/minute_0060.json,109f1a93e4b46a0f05a26207e6e7bd287d80979626c38202f861d103a3ecfb3c,60,3600.035,ok,True,True,755926.8992328332,24208.34378271136,3600.035,((-21.15445 + (42.846127 * x1)) * (-0.49897888 + x3)) * (((1.2585351 / -0.008515854) * sin(x4)) + 70.18642),(70.18642 - 147.787303539962*sin(x4))*(42.846127*x1 - 21.15445)*(x3 - 0.49897888),True,15,5
symbolfit,g0050,Vladislavleva-4,521,noise005,0.05,iaaccn26,formal3h_13alg_ssr50_seed520-522_noise0-001-005_20260622-014658,symbolfit_s521_noise005_g0050,/home/zhangziwen/workplace/scientific-intelligent-modelling/experiments/formal3h_13alg_ssr50_seed520-522_noise0-001-005_20260622-014658/symbolfit/seed521/tasks/symbolfit_s521_noise005_g0050/iaaccn26/symbolfit/g0050_Vladislavleva-4/progress/minute_0060.json,0333b3d6f230b20069d8882a7a17569084b03616f078499fd24f5fa6dd1a82c6,60,3600.029,ok,True,True,22630.022103147043,32530.649990885227,3600.029,((0.8963752 - (x0 * x0)) * x0) + (-0.009095715 + cos((x2 * -2.1098528) + 1.0479082)),x0*(0.8963752 - x0**2) + cos(2.1098528*x2 - 1.0479082) - 0.009095715,True,17,6
symbolfit,g0001,Keijzer-11,522,clean,0.0,iaaccn22,formal3h_13alg_ssr50_seed520-522_noise0-001-005_20260622-014658,symbolfit_s522_clean_g0001,/home/zhangziwen/workplace/scientific-intelligent-modelling/experiments/formal3h_13alg_ssr50_seed520-522_noise0-001-005_20260622-014658/symbolfit/seed522/tasks/symbolfit_s522_clean_g0001/iaaccn22/symbolfit/g0001_Keijzer-11/progress/minute_0060.json,e238e9b0bf081780d81a47a9129e141349cf68f47e5ab6ad2eb990913755c66c,60,3600.141,ok,True,True,1.7565942771255714,1.2608071638993246,3600.141,log(exp(sin((((x0 + 2.5697196) * 1.1297684) + x1) * 2.840902) * 4.9989905) - (-1.497547 - sin(x1))) + sin(x0 * -1.2869979),log(exp(4.9989905*sin(3.2095613070968*x0 + 2.840902*x1 + 8.24767259824826)) + sin(x1) + 1.497547) - sin(1.2869979*x0),True,24,9
symbolfit,g0002,Keijzer-2,522,clean,0.0,iaaccn26,formal3h_13alg_ssr50_seed520-522_noise0-001-005_20260622-014658,symbolfit_s522_clean_g0002,/home/zhangziwen/workplace/scientific-intelligent-modelling/experiments/formal3h_13alg_ssr50_seed520-522_noise0-001-005_20260622-014658/symbolfit/seed522/tasks/symbolfit_s522_clean_g0002/iaaccn26/symbolfit/g0002_Keijzer-2/progress/minute_0060.json,f8efb9229a0581393f3863383e4b608d9a3b55c9009518e4418e588922709823,60,3600.026,ok,True,True,2570.259947811423,953.4262932720361,3600.026,sin(x0 / -0.039835982) * (((sin(x0 - -2.698217) / 0.04079257) + x0) - -0.56607807),-(x0 + 24.5142681620697*sin(x0 + 2.698217) + 0.56607807)*sin(25.1029333229441*x0),True,15,6
symbolfit,g0003,Korns-2,522,clean,0.0,iaaccn25,formal3h_13alg_ssr50_seed520-522_noise0-001-005_20260622-014658,symbolfit_s522_clean_g0003,/home/zhangziwen/workplace/scientific-intelligent-modelling/experiments/formal3h_13alg_ssr50_seed520-522_noise0-001-005_20260622-014658/symbolfit/seed522/tasks/symbolfit_s522_clean_g0003/iaaccn25/symbolfit/g0003_Korns-2/progress/minute_0060.json,f50ed603fa6baa8cfe8cb5b93e53e45ec553006e6cab8b9b37042466cb851ece,60,3600.266,ok,True,True,1.5479610804024457,1.3517648909597217,3600.265,(x0 - x1) + ((cos(x1 / sin((0.38712707 - x4) / 0.5906982)) / ((sin(x1 / -0.31682044) + x0) - 0.8435221)) * x0),x0 + x0*cos(x1/sin(1.6929118795351*x4 - 0.655372015692616))/(x0 - sin(3.15636200745129*x1) - 0.8435221) - x1,True,29,9
symbolfit,g0004,Korns-4,522,clean,0.0,iaaccn23,formal3h_13alg_ssr50_seed520-522_noise0-001-005_20260622-014658,symbolfit_s522_clean_g0004,/home/zhangziwen/workplace/scientific-intelligent-modelling/experiments/formal3h_13alg_ssr50_seed520-522_noise0-001-005_20260622-014658/symbolfit/seed522/tasks/symbolfit_s522_clean_g0004/iaaccn23/symbolfit/g0004_Korns-4/progress/minute_0060.json,0187be4dbe5fb68533b00472f22c3b8847c85f403efc293e4af25b3085d90feb,60,3600.061,ok,True,True,47.1263204135087,49.490358801796205,3600.06,sin(exp(sin(cos(sin((exp((exp(x0) * 0.09537499) - x2) - x2) + -0.08167192)) + sin(x1 + x0)) * -1.0651617)) - 1.3521364,sin(exp(-1.0651617*sin(sin(x0 + x1) + cos(sin(x2 - exp(-x2 + 0.09537499*exp(x0)) + 0.08167192))))) - 1.3521364,True,28,15
symbolfit,g0005,BPG3,522,clean,0.0,iaaccn28,formal3h_13alg_ssr50_seed520-522_noise0-001-005_20260622-014658,symbolfit_s522_clean_g0005,/home/zhangziwen/workplace/scientific-intelligent-modelling/experiments/formal3h_13alg_ssr50_seed520-522_noise0-001-005_20260622-014658/symbolfit/seed522/tasks/symbolfit_s522_clean_g0005/iaaccn28/symbolfit/g0005_BPG3/progress/minute_0060.json,ebf34bb8c29e81fd0e72be206f2bf72d5e99b3d8262594bab982e1e49223e70e,60,3600.046,ok,True,True,687.41118605482,2774.3889459239304,3600.046,(((x1 * (((x0 * (((x1 - ((x0 * x1) - x0)) * 0.31717417) + 0.42575136)) - -0.67107886) * 15.209838)) + -32.77782) * x1) / 0.72250247,1.38407831325476*x1*(x1*(15.209838*x0*(-0.31717417*x0*x1 + 0.31717417*x0 + 0.31717417*x1 + 0.42575136) + 10.2070007458247) - 32.77782),True,24,8
symbolfit,g0006,BPG5,522,clean,0.0,iaaccn23,formal3h_13alg_ssr50_seed520-522_noise0-001-005_20260622-014658,symbolfit_s522_clean_g0006,/home/zhangziwen/workplace/scientific-intelligent-modelling/experiments/formal3h_13alg_ssr50_seed520-522_noise0-001-005_20260622-014658/symbolfit/seed522/tasks/symbolfit_s522_clean_g0006/iaaccn23/symbolfit/g0006_BPG5/progress/minute_0060.json,5c18ee5640a0a8889cabff8ad3ef7bb4a922396da740c75722464f68edaa72f6,60,3600.048,ok,True,True,6800236448.686581,120200802322486.14,3600.047,(((((sin(x0) * (x1 - 0.9888846)) * -0.00031106456) - x1) * (x1 - 0.9888844)) * 56.088257) + 0.59382457,56.088257*(-x1 - 0.00031106456*(x1 - 0.9888846)*sin(x0))*(x1 - 0.9888844) + 0.59382457,True,18,6
symbolfit,g0007,BPG9,522,clean,0.0,iaaccn24,formal3h_13alg_ssr50_seed520-522_noise0-001-005_20260622-014658,symbolfit_s522_clean_g0007,/home/zhangziwen/workplace/scientific-intelligent-modelling/experiments/formal3h_13alg_ssr50_seed520-522_noise0-001-005_20260622-014658/symbolfit/seed522/tasks/symbolfit_s522_clean_g0007/iaaccn24/symbolfit/g0007_BPG9/progress/minute_0060.json,867d35ae80897c3c78c5a1df636da583d0b5c93be5573e1ed2c861d26bf99c93,60,3600.04,ok,True,True,121868.40702019261,692149915.6780282,3600.04,(((x1 * cos(x1 * (sin(x1) + 1.2023259))) + -18.381752) * x1) - ((-28.59466 * sin(x1 * (1.4542936 + x1))) + -0.6199756),x1*(x1*cos(x1*(sin(x1) + 1.2023259)) - 18.381752) + 28.59466*sin(x1*(x1 + 1.4542936)) + 0.6199756,True,23,9
symbolfit,g0008,CRK0,522,clean,0.0,iaaccn23,formal3h_13alg_ssr50_seed520-522_noise0-001-005_20260622-014658,symbolfit_s522_clean_g0008,/home/zhangziwen/workplace/scientific-intelligent-modelling/experiments/formal3h_13alg_ssr50_seed520-522_noise0-001-005_20260622-014658/symbolfit/seed522/tasks/symbolfit_s522_clean_g0008/iaaccn23/symbolfit/g0008_CRK0/progress/minute_0060.json,ae8fd523017fc970af72bb12389e3cea37d1a13c634c5e662cc806ebec037cac,60,3600.032,ok,True,True,57132.814053795395,330064999.7919115,3600.032,(((((x1 * -7.2849035) - x0) + -16.899023) + (x1 * (x0 + sin(x1)))) * x1) + 23.209118,x1*(-x0 + x1*(x0 + sin(x1)) - 7.2849035*x1 - 16.899023) + 23.209118,True,18,7
symbolfit,g0009,CRK10,522,clean,0.0,iaaccn25,formal3h_13alg_ssr50_seed520-522_noise0-001-005_20260622-014658,symbolfit_s522_clean_g0009,/home/zhangziwen/workplace/scientific-intelligent-modelling/experiments/formal3h_13alg_ssr50_seed520-522_noise0-001-005_20260622-014658/symbolfit/seed522/tasks/symbolfit_s522_clean_g0009/iaaccn25/symbolfit/g0009_CRK10/progress/minute_0060.json,53a4a3b8509954e3a9ef80a1dadf417c9cba32e69825a5609b233aa36db78551,60,3600.121,ok,True,True,32.254874328346546,1.0,3600.121,exp(exp((sin(x1 * 1.4498951) * (x0 * -1.4077772)) + 1.0172213) + ((x1 * 0.9574704) + (x0 * -22.206823))),exp(-22.206823*x0 + 0.9574704*x1 + 2.76549958392338*exp(-1.4077772*x0*sin(1.4498951*x1))),True,18,8
symbolfit,g0010,CRK11,522,clean,0.0,iaaccn28,formal3h_13alg_ssr50_seed520-522_noise0-001-005_20260622-014658,symbolfit_s522_clean_g0010,/home/zhangziwen/workplace/scientific-intelligent-modelling/experiments/formal3h_13alg_ssr50_seed520-522_noise0-001-005_20260622-014658/symbolfit/seed522/tasks/symbolfit_s522_clean_g0010/iaaccn28/symbolfit/g0010_CRK11/progress/minute_0060.json,478367426b0f1ca320aa56ec046b2b6d9104b8bf8fbe1c74b1354a254a1f438a,60,3600.051,ok,True,True,2959172.7612031302,17373756829.09532,3600.051,x1 + (((x1 + 3.201355) * (((-4.815057 - (x1 + 0.012975608)) - (x1 * -1.0873048)) * (x1 * 3.254534))) + ((-0.29979914 - x1) - -0.42429143)),3.254534*x1*(0.0873048000000001*x1 - 4.828032608)*(x1 + 3.201355) + 0.12449229,True,13,5
symbolfit,g0011,CRK33,522,clean,0.0,iaaccn28,formal3h_13alg_ssr50_seed520-522_noise0-001-005_20260622-014658,symbolfit_s522_clean_g0011,/home/zhangziwen/workplace/scientific-intelligent-modelling/experiments/formal3h_13alg_ssr50_seed520-522_noise0-001-005_20260622-014658/symbolfit/seed522/tasks/symbolfit_s522_clean_g0011/iaaccn28/symbolfit/g0011_CRK33/progress/minute_0060.json,19b1d79ffe33318bf060568d3f5758cdf82fa73561ea3c5bf541f44b99a1e484,60,3600.042,ok,True,True,252266.47798236544,14155234802.621979,3600.042,(-17.784021 - (cos(x1) * (-30.323645 - exp(x1 * cos(sin(x1 * (x1 * 0.20428969))))))) + -0.06410363,-(-exp(x1*cos(sin(0.20428969*x1**2))) - 30.323645)*cos(x1) - 17.84812463,True,20,11
symbolfit,g0012,CRK34,522,clean,0.0,iaaccn26,formal3h_13alg_ssr50_seed520-522_noise0-001-005_20260622-014658,symbolfit_s522_clean_g0012,/home/zhangziwen/workplace/scientific-intelligent-modelling/experiments/formal3h_13alg_ssr50_seed520-522_noise0-001-005_20260622-014658/symbolfit/seed522/tasks/symbolfit_s522_clean_g0012/iaaccn26/symbolfit/g0012_CRK34/progress/minute_0060.json,4fe061679e7a50213b593e2ebfff90710a4653bd7094c4de520336492d97e33c,60,3600.043,ok,True,True,329.0434594323986,5.839968717602142,3600.043,exp(((x0 * 3.8820863) / (-0.40511912 / (sin(x1) + 2.9517224))) + (3.0759645 + x1)) - -0.0013198045,21.6707732958663*exp(3.8820863*x0*(-2.46840978525032*sin(x1) - 7.28606045550257) + x1) + 0.0013198045,True,16,9
symbolfit,g0013,I.11.19_4_0,522,clean,0.0,iaaccn25,formal3h_13alg_ssr50_seed520-522_noise0-001-005_20260622-014658,symbolfit_s522_clean_g0013,/home/zhangziwen/workplace/scientific-intelligent-modelling/experiments/formal3h_13alg_ssr50_seed520-522_noise0-001-005_20260622-014658/symbolfit/seed522/tasks/symbolfit_s522_clean_g0013/iaaccn25/symbolfit/g0013_I.11.19_4_0/progress/minute_0060.json,23fb711bd053304ff9aeb23e22072fd7f68f8f8044eb38a7b98fd8f6ad1ce4d3,60,3600.293,ok,True,True,8861.787567630317,4510.735392727472,3600.293,(((x0 - -0.47523972) - (x2 + -0.61263233)) * ((cos(x2 - 1.7235416) - x0) + -0.29859617)) - 0.32595932,(-x0 + cos(x2 - 1.7235416) - 0.29859617)*(x0 - x2 + 1.08787205) - 0.32595932,True,18,6
symbolfit,g0014,II.11.27_1_0,522,clean,0.0,iaaccn24,formal3h_13alg_ssr50_seed520-522_noise0-001-005_20260622-014658,symbolfit_s522_clean_g0014,/home/zhangziwen/workplace/scientific-intelligent-modelling/experiments/formal3h_13alg_ssr50_seed520-522_noise0-001-005_20260622-014658/symbolfit/seed522/tasks/symbolfit_s522_clean_g0014/iaaccn24/symbolfit/g0014_II.11.27_1_0/progress/minute_0060.json,a1649aeec70e9068c7fd749d4259b58b1cdc766ad4068d74f38547a998420709,60,3600.052,ok,True,True,0.7002642659083747,2.5184339982589708e+75,3600.052,((exp((x1 - (x1 * exp(10.054961 - (log(x0 - -0.0031727985) + 0.97214913)))) + 6.770631) * 4.1947603) * exp(x1)) + x0,x0 + 3657.25153961745*exp(x1)*exp(x1 - 8802.68326089805*x1/(x0 + 0.0031727985)),True,17,8
symbolfit,g0015,II.34.2_1_0,522,clean,0.0,iaaccn22,formal3h_13alg_ssr50_seed520-522_noise0-001-005_20260622-014658,symbolfit_s522_clean_g0015,/home/zhangziwen/workplace/scientific-intelligent-modelling/experiments/formal3h_13alg_ssr50_seed520-522_noise0-001-005_20260622-014658/symbolfit/seed522/tasks/symbolfit_s522_clean_g0015/iaaccn22/symbolfit/g0015_II.34.2_1_0/progress/minute_0060.json,655ac17d65cbc2fde8999d5f8b8183e64d83fea9d4ea131a12c7fd732fa65d71,60,3600.088,ok,True,True,9.414103610266872e+97,3.836468157603167e+103,3600.088,exp(((((exp(sin(sin(x1 / sin(exp(x0))) / -0.5902676)) - x1) + (x0 + x0)) - sin(x2)) - 0.4902623) - sin(x2)),0.612465723354122*exp(2*x0 - x1 - 2*sin(x2) + exp(-sin(1.69414685813689*sin(x1/sin(exp(x0)))))),True,28,13
symbolfit,g0016,II.6.15b_3_0,522,clean,0.0,iaaccn24,formal3h_13alg_ssr50_seed520-522_noise0-001-005_20260622-014658,symbolfit_s522_clean_g0016,/home/zhangziwen/workplace/scientific-intelligent-modelling/experiments/formal3h_13alg_ssr50_seed520-522_noise0-001-005_20260622-014658/symbolfit/seed522/tasks/symbolfit_s522_clean_g0016/iaaccn24/symbolfit/g0016_II.6.15b_3_0/progress/minute_0060.json,3924aa57bc0d855a1b67aa40423faf588e2869ae1251d2e67499df38a9798e8a,60,3600.046,ok,True,True,0.338940571075703,1.0666360084362965,3600.046,(x2 * 0.64855075) + exp(((x2 + x1) / -1.9128665) - (cos((x0 + -0.21083878) / 0.12937407) * (x0 - -0.28936946))),0.64855075*x2 + exp(-0.522775635414181*x1 - 0.522775635414181*x2 - (x0 + 0.28936946)*cos(7.72952416199011*x0 - 1.62968344429452)),True,23,8
symbolfit,g0017,III.21.20_3_0,522,clean,0.0,iaaccn27,formal3h_13alg_ssr50_seed520-522_noise0-001-005_20260622-014658,symbolfit_s522_clean_g0017,/home/zhangziwen/workplace/scientific-intelligent-modelling/experiments/formal3h_13alg_ssr50_seed520-522_noise0-001-005_20260622-014658/symbolfit/seed522/tasks/symbolfit_s522_clean_g0017/iaaccn27/symbolfit/g0017_III.21.20_3_0/progress/minute_0060.json,5db72406477d74a65042d3e25b09be6c16960a5ba5b89ab655e4ba87afa4b454,60,3600.038,ok,True,True,104.4552945700879,6.849913334078936e+158,3600.038,x0 + exp((((x1 + x3) + x0) + (x2 + -59.462845)) + (x0 * 60.1652)),x0 + 1.4983543679679e-26*exp(61.1652*x0 + x1 + x2 + x3),True,12,6
symbolfit,g0018,MatSci21,522,clean,0.0,iaaccn26,formal3h_13alg_ssr50_seed520-522_noise0-001-005_20260622-014658,symbolfit_s522_clean_g0018,/home/zhangziwen/workplace/scientific-intelligent-modelling/experiments/formal3h_13alg_ssr50_seed520-522_noise0-001-005_20260622-014658/symbolfit/seed522/tasks/symbolfit_s522_clean_g0018/iaaccn26/symbolfit/g0018_MatSci21/progress/minute_0060.json,8e9c6e63e75df6b16c0cacfe0f84c9f3ef3949b1708a7950e662113dcb0e0a67,60,3600.037,ok,True,True,291721.9873185199,10342.570945449219,3600.037,exp(x0 - -0.78956366) + (((((x0 * x0) * 52.66026) * x0) - 23.550518) * ((x1 + x1) + 0.0322858)),(52.66026*x0**3 - 23.550518)*(2*x1 + 0.0322858) + 2.20243520598398*exp(x0),True,18,6
symbolfit,g0019,PO19,522,clean,0.0,iaaccn23,formal3h_13alg_ssr50_seed520-522_noise0-001-005_20260622-014658,symbolfit_s522_clean_g0019,/home/zhangziwen/workplace/scientific-intelligent-modelling/experiments/formal3h_13alg_ssr50_seed520-522_noise0-001-005_20260622-014658/symbolfit/seed522/tasks/symbolfit_s522_clean_g0019/iaaccn23/symbolfit/g0019_PO19/progress/minute_0060.json,884c83b8fcd6056f199f22702be1b355466b2e554be0354fe97cb6faa603fd4e,60,3600.056,ok,True,True,119837595.77385189,1.6948258321330198e+16,3600.056,(2550.3894 + (((-320.42303 + (x0 * -4359.6763)) * (x2 + sin(x0 + (x0 + sin(sin(x2 + 0.21448748)))))) - x0)) + x1,-x0 + x1 + (-4359.6763*x0 - 320.42303)*(x2 + sin(2*x0 + sin(sin(x2 + 0.21448748)))) + 2550.3894,True,24,9
symbolfit,g0020,PO41,522,clean,0.0,iaaccn28,formal3h_13alg_ssr50_seed520-522_noise0-001-005_20260622-014658,symbolfit_s522_clean_g0020,/home/zhangziwen/workplace/scientific-intelligent-modelling/experiments/formal3h_13alg_ssr50_seed520-522_noise0-001-005_20260622-014658/symbolfit/seed522/tasks/symbolfit_s522_clean_g0020/iaaccn28/symbolfit/g0020_PO41/progress/minute_0060.json,95f5597559f52b133e6d7d4f3c6674317be5d9ed0f41634413b4759df1f7e684,60,3600.067,ok,True,True,1.6499281421534087e+45,2.2052547110774696e+57,3600.067,((((x0 - 0.029960841) * -1410.9976) - (-352.5916 / (x2 + x0))) * ((cos(x1) * (0.82501644 - exp(x1))) * -1.3498869)) - 14.674798,-1.3498869*(0.82501644 - exp(x1))*(-1410.9976*x0 + 42.2746747449816 + 352.5916/(x0 + x2))*cos(x1) - 14.674798,True,24,7
symbolfit,g0021,Nguyen-12,522,clean,0.0,iaaccn23,formal3h_13alg_ssr50_seed520-522_noise0-001-005_20260622-014658,symbolfit_s522_clean_g0021,/home/zhangziwen/workplace/scientific-intelligent-modelling/experiments/formal3h_13alg_ssr50_seed520-522_noise0-001-005_20260622-014658/symbolfit/seed522/tasks/symbolfit_s522_clean_g0021/iaaccn23/symbolfit/g0021_Nguyen-12/progress/minute_0060.json,b0d94ce7d76d99cd3e8ed96a189dfc2967612e2978c984f871bb8ec669559a6c,60,3600.07,ok,True,True,4.94134853092356,6.6433205039423955,3600.07,(((x1 + -2.0346382) * x1) - (((x0 - 0.07985033) * 0.33379206) * cos(((x0 * (x0 + x0)) - 0.443522) - sin(x1)))) * 1.57122,1.57122*x1*(x1 - 2.0346382) - 1.57122*(0.33379206*x0 - 0.0266534061423798)*cos(-2*x0**2 + sin(x1) + 0.443522),True,24,7
symbolfit,g0022,Nguyen-6,522,clean,0.0,iaaccn25,formal3h_13alg_ssr50_seed520-522_noise0-001-005_20260622-014658,symbolfit_s522_clean_g0022,/home/zhangziwen/workplace/scientific-intelligent-modelling/experiments/formal3h_13alg_ssr50_seed520-522_noise0-001-005_20260622-014658/symbolfit/seed522/tasks/symbolfit_s522_clean_g0022/iaaccn25/symbolfit/g0022_Nguyen-6/progress/minute_0060.json,ea6faf47564efbbfb8d679810f48befca7271806ec1eb69ca80de7820e7ca3a1,60,3600.376,ok,True,True,20.575851390185704,27.153427761896648,3600.373,(x0 + ((sin(x0) * exp(exp(sin(sin(x0 * 1.5111982))))) + (((x0 / 0.51535106) + -4.806327) - -1.069586))) - (x0 * -0.16460164),3.10502648360079*x0 + exp(exp(sin(sin(1.5111982*x0))))*sin(x0) - 3.736741,True,15,8
symbolfit,g0023,Nguyen-9,522,clean,0.0,iaaccn22,formal3h_13alg_ssr50_seed520-522_noise0-001-005_20260622-014658,symbolfit_s522_clean_g0023,/home/zhangziwen/workplace/scientific-intelligent-modelling/experiments/formal3h_13alg_ssr50_seed520-522_noise0-001-005_20260622-014658/symbolfit/seed522/tasks/symbolfit_s522_clean_g0023/iaaccn22/symbolfit/g0023_Nguyen-9/progress/minute_0060.json,abcc057833f59491c9e28afbec44eeb0f5e1e211fb628109534d4dec6e29eafc,60,3600.036,ok,True,True,0.3976735345696263,0.0031467975931915235,3600.036,(((x1 * 0.048801467) + sin((x1 * 0.8838498) * (x1 - -0.10846614))) + sin((x0 * 0.89865726) + (cos(sin(x0)) * 0.019210877))) + 0.07106059,0.048801467*x1 + sin(0.8838498*x1*(x1 + 0.10846614)) + sin(0.89865726*x0 + 0.019210877*cos(sin(x0))) + 0.07106059,True,22,7
symbolfit,g0024,feynman_II_15_4,522,clean,0.0,iaaccn29,formal3h_13alg_ssr50_seed520-522_noise0-001-005_20260622-014658,symbolfit_s522_clean_g0024,/home/zhangziwen/workplace/scientific-intelligent-modelling/experiments/formal3h_13alg_ssr50_seed520-522_noise0-001-005_20260622-014658/symbolfit/seed522/tasks/symbolfit_s522_clean_g0024/iaaccn29/symbolfit/g0024_feynman_II_15_4/progress/minute_0060.json,219d83590fb8d941d39fa9f945ee885f8de984ad709fffba0bb3c4817495eb68,60,3600.042,ok,True,True,11.617100295809305,7.64421426305968,3600.042,(((x0 * (x0 + -6.5380926)) * x1) - 0.76763314) * sin((x2 * 3.9981627) + 8.855193),(x0*x1*(x0 - 6.5380926) - 0.76763314)*sin(3.9981627*x2 + 8.855193),True,15,5
symbolfit,g0025,feynman_I_12_11,522,clean,0.0,iaaccn25,formal3h_13alg_ssr50_seed520-522_noise0-001-005_20260622-014658,symbolfit_s522_clean_g0025,/home/zhangziwen/workplace/scientific-intelligent-modelling/experiments/formal3h_13alg_ssr50_seed520-522_noise0-001-005_20260622-014658/symbolfit/seed522/tasks/symbolfit_s522_clean_g0025/iaaccn25/symbolfit/g0025_feynman_I_12_11/progress/minute_0060.json,1e4f347483529ba4f5582e2b74469c018c236fdda936324330b569b83fd07812,60,3600.047,ok,True,True,5541019.206633155,216909882.34282124,3600.046,x0 + (cos((((0.004231865 - cos(x1)) - cos(0.9542824 - x2)) * x4) - x4) * exp((x0 + (x3 + -0.45872796)) + x2)),x0 + 0.632087174507523*exp(x0 + x2 + x3)*cos(x4*(-cos(x1) - cos(x2 - 0.9542824) + 0.004231865) - x4),True,28,10
symbolfit,g0026,feynman_I_27_6,522,clean,0.0,iaaccn27,formal3h_13alg_ssr50_seed520-522_noise0-001-005_20260622-014658,symbolfit_s522_clean_g0026,/home/zhangziwen/workplace/scientific-intelligent-modelling/experiments/formal3h_13alg_ssr50_seed520-522_noise0-001-005_20260622-014658/symbolfit/seed522/tasks/symbolfit_s522_clean_g0026/iaaccn27/symbolfit/g0026_feynman_I_27_6/progress/minute_0060.json,10abc067b8a2230deb4c80263805b4f7d55f7ffd45b3527b9cc13e8d1442577f,60,3600.045,ok,True,True,8224.778576683026,32225.462158557773,3600.045,exp(sin((sin(x0 - -0.45992023) + (((x1 + -0.9828136) - (x1 * x1)) - x2)) * 1.3690548) + x1),exp(x1 - sin(1.3690548*x1**2 - 1.3690548*x1 + 1.3690548*x2 - 1.3690548*sin(x0 + 0.45992023) + 1.34552567658528)),True,25,9
symbolfit,g0027,feynman_test_15,522,clean,0.0,iaaccn22,formal3h_13alg_ssr50_seed520-522_noise0-001-005_20260622-014658,symbolfit_s522_clean_g0027,/home/zhangziwen/workplace/scientific-intelligent-modelling/experiments/formal3h_13alg_ssr50_seed520-522_noise0-001-005_20260622-014658/symbolfit/seed522/tasks/symbolfit_s522_clean_g0027/iaaccn22/symbolfit/g0027_feynman_test_15/progress/minute_0060.json,a859b0be15d9f5c94917b47844cd71c8e06bbabd23bf339727e701df75d7dd78,60,3600.047,ok,True,True,0.7797620308961636,0.851440245285273,3600.047,(x2 - -0.25226033) * ((sin((x3 + 0.60602736) + (x3 * (sin(x3 + 0.6769327) * sin(x3 + x3)))) + 0.23587053) / 0.79576486),(x2 + 0.25226033)*(1.25665262474646*sin(x3*sin(2*x3)*sin(x3 + 0.6769327) + x3 + 0.60602736) + 0.296407320624839),True,22,9
symbolfit,g0028,strogatz_barmag1,522,clean,0.0,iaaccn27,formal3h_13alg_ssr50_seed520-522_noise0-001-005_20260622-014658,symbolfit_s522_clean_g0028,/home/zhangziwen/workplace/scientific-intelligent-modelling/experiments/formal3h_13alg_ssr50_seed520-522_noise0-001-005_20260622-014658/symbolfit/seed522/tasks/symbolfit_s522_clean_g0028/iaaccn27/symbolfit/g0028_strogatz_barmag1/progress/minute_0060.json,e5ae52bdb5231e879cfa4fae3435092c6cca1c8772c44b3385170d2c3f109f98,60,3600.041,ok,True,True,291049654871.74164,132250449360.57964,3600.041,((cos(-1.9704701 * x0) * exp((sin(x1 * 5.2183547) + x1) + -0.26030606)) - -0.3194488) * ((exp(x1) + 1.969354) + sin(sin(x0))),(0.770815633864782*exp(x1 + sin(5.2183547*x1))*cos(1.9704701*x0) + 0.3194488)*(exp(x1) + sin(sin(x0)) + 1.969354),True,23,8
symbolfit,g0029,strogatz_barmag2,522,clean,0.0,iaaccn29,formal3h_13alg_ssr50_seed520-522_noise0-001-005_20260622-014658,symbolfit_s522_clean_g0029,/home/zhangziwen/workplace/scientific-intelligent-modelling/experiments/formal3h_13alg_ssr50_seed520-522_noise0-001-005_20260622-014658/symbolfit/seed522/tasks/symbolfit_s522_clean_g0029/iaaccn29/symbolfit/g0029_strogatz_barmag2/progress/minute_0060.json,7a090f2bf04414020713542dbe580f7bd7a4ebac73a42bf8ea92f282ce7e3cbc,60,3600.038,ok,True,True,254866.70815958094,94233.78830257028,3600.038,((1.3349457 - x0) * (sin(((x1 + x1) + -1.084714) / 0.31374827) * 33.24843)) - exp(sin((x0 + x1) * 7.1356187) + 0.24071941),33.24843*(1.3349457 - x0)*sin(6.37453714087412*x1 - 3.45727484011306) - 1.27216402871951*exp(sin(7.1356187*x0 + 7.1356187*x1)),True,25,7
symbolfit,g0030,strogatz_predprey2,522,clean,0.0,iaaccn25,formal3h_13alg_ssr50_seed520-522_noise0-001-005_20260622-014658,symbolfit_s522_clean_g0030,/home/zhangziwen/workplace/scientific-intelligent-modelling/experiments/formal3h_13alg_ssr50_seed520-522_noise0-001-005_20260622-014658/symbolfit/seed522/tasks/symbolfit_s522_clean_g0030/iaaccn25/symbolfit/g0030_strogatz_predprey2/progress/minute_0060.json,0709578fff9cbeab700bfd06e53db78d3d414d775b2bde9d151730938785b898,60,3600.044,ok,True,True,90.64116870581606,11.700323196848343,3600.044,sin(x1) + ((sin(sin(sin(sin(sin(x0 + (x0 + 0.71035576)) - x1)) + x0)) * (sin(x1) + 26.153769)) + -14.616349),(sin(x1) + 26.153769)*sin(sin(x0 - sin(sin(x1 - sin(2*x0 + 0.71035576))))) + sin(x1) - 14.616349,True,27,14
symbolfit,g0031,strogatz_shearflow1,522,clean,0.0,iaaccn22,formal3h_13alg_ssr50_seed520-522_noise0-001-005_20260622-014658,symbolfit_s522_clean_g0031,/home/zhangziwen/workplace/scientific-intelligent-modelling/experiments/formal3h_13alg_ssr50_seed520-522_noise0-001-005_20260622-014658/symbolfit/seed522/tasks/symbolfit_s522_clean_g0031/iaaccn22/symbolfit/g0031_strogatz_shearflow1/progress/minute_0060.json,bd2b53441efd463c5dff5aea47264bde3c6612bfdff9c591ff5f36aeeab98ee7,60,3600.036,ok,True,True,34.04648678550443,9.367149243632241,3600.036,x1 + (x1 + ((-3.5237572 / exp(x1 / (x1 + -0.6496086))) - (((sin(x1) / (x1 + -0.7259855)) + -1.851538) / (x1 + 0.015291106)))),2*x1 - (-1.851538 + sin(x1)/(x1 - 0.7259855))/(x1 + 0.015291106) - 3.5237572*exp(-x1/(x1 - 0.6496086)),True,32,7
symbolfit,g0032,strogatz_vdp1,522,clean,0.0,iaaccn23,formal3h_13alg_ssr50_seed520-522_noise0-001-005_20260622-014658,symbolfit_s522_clean_g0032,/home/zhangziwen/workplace/scientific-intelligent-modelling/experiments/formal3h_13alg_ssr50_seed520-522_noise0-001-005_20260622-014658/symbolfit/seed522/tasks/symbolfit_s522_clean_g0032/iaaccn23/symbolfit/g0032_strogatz_vdp1/progress/minute_0060.json,e7b50db8c9777a4408e847c3b9161b17ce66aa4b5a2710fbe23c9e5308a51093,60,3600.035,ok,True,True,2842965.7549933805,3441842.6963825407,3600.035,(((x1 * 766.2337) - 58.260654) * x0) - (((sin(sin(sin(x1))) + -0.061023314) * (exp((x0 * 3.9434152) - -3.3464608) + -17.75389)) + 4.64301),x0*(766.2337*x1 - 58.260654) - (28.4020350701631*exp(3.9434152*x0) - 17.75389)*(sin(sin(sin(x1))) - 0.061023314) - 4.64301,True,25,7
symbolfit,g0033,first_principles_hubble,522,clean,0.0,iaaccn28,formal3h_13alg_ssr50_seed520-522_noise0-001-005_20260622-014658,symbolfit_s522_clean_g0033,/home/zhangziwen/workplace/scientific-intelligent-modelling/experiments/formal3h_13alg_ssr50_seed520-522_noise0-001-005_20260622-014658/symbolfit/seed522/tasks/symbolfit_s522_clean_g0033/iaaccn28/symbolfit/g0033_first_principles_hubble/progress/minute_0060.json,96b01341b2c475c75a22b77ee712b8aa537e24a4f501ae3308e447077e331a1c,60,3600.037,ok,True,True,0.9936325998506911,0.9952130983672638,3600.037,(sin(sin(x0) / 0.50599813) * 1.8174253) + (sin(sin(sin(x0 * 20.438705) * 2.8690863) * -11.8618555) * -0.6986),1.8174253*sin(1.97629188866765*sin(x0)) + 0.6986*sin(11.8618555*sin(2.8690863*sin(20.438705*x0))),True,20,9
symbolfit,g0034,first_principles_leavitt,522,clean,0.0,iaaccn25,formal3h_13alg_ssr50_seed520-522_noise0-001-005_20260622-014658,symbolfit_s522_clean_g0034,/home/zhangziwen/workplace/scientific-intelligent-modelling/experiments/formal3h_13alg_ssr50_seed520-522_noise0-001-005_20260622-014658/symbolfit/seed522/tasks/symbolfit_s522_clean_g0034/iaaccn25/symbolfit/g0034_first_principles_leavitt/progress/minute_0060.json,0472eca5edb1353b5c59309936f974212a6fb08a65865aa3cc01454fa24b64d8,60,3600.627,ok,True,True,0.8733573338419317,0.8714629615733686,3600.625,cos(exp(((x0 + -1.8962975) / 1.6933311) / (((0.021168392 - (x0 * -0.50875765)) * 2.3848705) - -0.29116365))) + 0.064928874,cos(exp((0.590551959979947*x0 - 1.11986220533007)/(1.21332111113432*x0 + 0.341647523613236))) + 0.064928874,True,17,8
symbolfit,g0035,feynman-ii.4.23,522,clean,0.0,iaaccn29,formal3h_13alg_ssr50_seed520-522_noise0-001-005_20260622-014658,symbolfit_s522_clean_g0035,/home/zhangziwen/workplace/scientific-intelligent-modelling/experiments/formal3h_13alg_ssr50_seed520-522_noise0-001-005_20260622-014658/symbolfit/seed522/tasks/symbolfit_s522_clean_g0035/iaaccn29/symbolfit/g0035_feynman-ii.4.23/progress/minute_0060.json,7c4d6b57032eb1ceddeeca6fd76b25191768bbcd4bd474b7ab1ddfc749ff3a91,60,3600.038,ok,True,True,0.9999999947117417,0.9999999975271027,3600.038,((((x0 * 11.985429) - 5.9903054) / (((-10.430046 * x1) + (x1 - 0.095413126)) * -0.62912583)) / 0.11693768) + exp((x0 - -0.7364579) - 11.985429),8.55156353367024*(11.985429*x0 - 5.9903054)/(5.93268551668818*x1 + 0.0600268620876446) + 1.30206877499775e-5*exp(x0),True,19,6
symbolfit,g0036,feynman-iii.7.38,522,clean,0.0,iaaccn26,formal3h_13alg_ssr50_seed520-522_noise0-001-005_20260622-014658,symbolfit_s522_clean_g0036,/home/zhangziwen/workplace/scientific-intelligent-modelling/experiments/formal3h_13alg_ssr50_seed520-522_noise0-001-005_20260622-014658/symbolfit/seed522/tasks/symbolfit_s522_clean_g0036/iaaccn26/symbolfit/g0036_feynman-iii.7.38/progress/minute_0060.json,197f195d98343cbd8a2b7986ea47ec89a73ccbef1b8d1ad119181189c0aa0bd2,60,3600.034,ok,True,True,1.0,1.0,3600.034,(x1 - 0.49994802) * ((-0.0005532607 * exp(((x1 - cos(sin(x0))) * (cos(0.995014) - x0)) * -1.390604)) + ((x0 - 0.50036854) * 18796.125)),(x1 - 0.49994802)*(18796.125*x0 - 9404.9896239075 - 0.0005532607*exp(-1.390604*(0.544491146817915 - x0)*(x1 - cos(sin(x0))))),True,26,10
symbolfit,g0037,feynman-i.18.16,522,clean,0.0,iaaccn28,formal3h_13alg_ssr50_seed520-522_noise0-001-005_20260622-014658,symbolfit_s522_clean_g0037,/home/zhangziwen/workplace/scientific-intelligent-modelling/experiments/formal3h_13alg_ssr50_seed520-522_noise0-001-005_20260622-014658/symbolfit/seed522/tasks/symbolfit_s522_clean_g0037/iaaccn28/symbolfit/g0037_feynman-i.18.16/progress/minute_0060.json,97308cf8a7ff928b768d442a183fcde2272074ccba66ebe888af6ea7afdd6db0,60,3600.046,ok,True,True,29593401.58114229,431260285.98289794,3600.046,sin((x4 + -0.49994215) * 6.278936) * ((3.2589593 - ((x1 + (x0 + x3)) * 13.852983)) + ((x3 * (x1 * x0)) * -5432.943)),(-5432.943*x0*x1*x3 - 13.852983*x0 - 13.852983*x1 - 13.852983*x3 + 3.2589593)*sin(6.278936*x4 - 3.1391047635524),True,23,5
symbolfit,g0038,feynman-ii.27.18,522,clean,0.0,iaaccn27,formal3h_13alg_ssr50_seed520-522_noise0-001-005_20260622-014658,symbolfit_s522_clean_g0038,/home/zhangziwen/workplace/scientific-intelligent-modelling/experiments/formal3h_13alg_ssr50_seed520-522_noise0-001-005_20260622-014658/symbolfit/seed522/tasks/symbolfit_s522_clean_g0038/iaaccn27/symbolfit/g0038_feynman-ii.27.18/progress/minute_0060.json,f7711fb2df72908fad82339db3337733cb1d5fc7926c3040c3a50f4f451d781f,60,3600.021,ok,True,True,1.006532205212316e+24,1.0047373657968266e+24,3600.021,((((x0 + x0) - -0.010107291) - x0) * (x0 - -0.010107949)) * 8.8592825,8.8592825*(x0 + 0.010107291)*(x0 + 0.010107949),True,8,3
symbolfit,g0039,feynman-ii.34.11,522,clean,0.0,iaaccn26,formal3h_13alg_ssr50_seed520-522_noise0-001-005_20260622-014658,symbolfit_s522_clean_g0039,/home/zhangziwen/workplace/scientific-intelligent-modelling/experiments/formal3h_13alg_ssr50_seed520-522_noise0-001-005_20260622-014658/symbolfit/seed522/tasks/symbolfit_s522_clean_g0039/iaaccn26/symbolfit/g0039_feynman-ii.34.11/progress/minute_0060.json,dbe2428d89369a50809e057fbbb927e1fd67767f28732fa36e369fd91465b8a3,60,3600.039,ok,True,True,1.0000000002248082,1.000000000013465,3600.039,(sin(x2 + -0.5002047) * ((((x0 / -0.07379754) + 6.8102117) / (x5 + 0.015983326)) / 0.02200088)) * cos(x4 + (x4 + 0.56574064)),45.4527273454516*(6.8102117 - 13.5505871875946*x0)*sin(x2 - 0.5002047)*cos(2*x4 + 0.56574064)/(x5 + 0.015983326),True,22,5
symbolfit,g0040,feynman-i.29.16,522,clean,0.0,iaaccn25,formal3h_13alg_ssr50_seed520-522_noise0-001-005_20260622-014658,symbolfit_s522_clean_g0040,/home/zhangziwen/workplace/scientific-intelligent-modelling/experiments/formal3h_13alg_ssr50_seed520-522_noise0-001-005_20260622-014658/symbolfit/seed522/tasks/symbolfit_s522_clean_g0040/iaaccn25/symbolfit/g0040_feynman-i.29.16/progress/minute_0060.json,31a2fe3e9d8491d337201f0e43e90e6417114e9178fdd2975fc47700035768dc,60,3600.137,ok,True,True,40.690981105589,0.6223962494319719,3600.136,(((x1 * -0.7117295) + (x0 + 1.8530143)) * ((x0 + (x1 * -1.5989475)) + 0.05530746)) + (x1 * 4.8224654),4.8224654*x1 + (x0 - 1.5989475*x1 + 0.05530746)*(x0 - 0.7117295*x1 + 1.8530143),True,17,5
symbolfit,g0041,feynman-bonus.20,522,clean,0.0,iaaccn28,formal3h_13alg_ssr50_seed520-522_noise0-001-005_20260622-014658,symbolfit_s522_clean_g0041,/home/zhangziwen/workplace/scientific-intelligent-modelling/experiments/formal3h_13alg_ssr50_seed520-522_noise0-001-005_20260622-014658/symbolfit/seed522/tasks/symbolfit_s522_clean_g0041/iaaccn28/symbolfit/g0041_feynman-bonus.20/progress/minute_0060.json,7e676258b56216491ad544650ee5cae814eb280f676dfdbbe0927533ed819324,60,3600.038,ok,True,True,7.318391954452769e+47,7.68540386462035e+46,3600.038,x2 * (exp((sin(x2 - -0.12727666) * 2.3593917) + (x3 / -0.025623702)) + exp(((sin(x3) / -0.012859485) + (x2 - -0.7234809)) * 3.0041611)),x2*(8.78858021917666*exp(3.0041611*x2 - 233.61441768469*sin(x3)) + exp(-39.026367072174*x3 + 2.3593917*sin(x2 + 0.12727666))),True,25,8
symbolfit,g0042,feynman-i.15.3t,522,clean,0.0,iaaccn27,formal3h_13alg_ssr50_seed520-522_noise0-001-005_20260622-014658,symbolfit_s522_clean_g0042,/home/zhangziwen/workplace/scientific-intelligent-modelling/experiments/formal3h_13alg_ssr50_seed520-522_noise0-001-005_20260622-014658/symbolfit/seed522/tasks/symbolfit_s522_clean_g0042/iaaccn27/symbolfit/g0042_feynman-i.15.3t/progress/minute_0060.json,983b7b54c9ee92ce8056de4792c0cc5de4e8d5433b4933972084c051048b48f0,60,3600.039,ok,True,True,2290746.280818739,173856.06918427744,3600.039,(0.04696735 - (x1 + (sin(x3 * (2.6668868 * (cos(sin(x4)) + 0.27299777))) * (x1 * 0.002545154)))) + (x1 * 5.645232),-0.002545154*x1*sin(x3*(2.6668868*cos(sin(x4)) + 0.728054149242436)) + 4.645232*x1 + 0.04696735,True,18,9
symbolfit,g0043,feynman-i.39.22,522,clean,0.0,iaaccn28,formal3h_13alg_ssr50_seed520-522_noise0-001-005_20260622-014658,symbolfit_s522_clean_g0043,/home/zhangziwen/workplace/scientific-intelligent-modelling/experiments/formal3h_13alg_ssr50_seed520-522_noise0-001-005_20260622-014658/symbolfit/seed522/tasks/symbolfit_s522_clean_g0043/iaaccn28/symbolfit/g0043_feynman-i.39.22/progress/minute_0060.json,22322b5fc8041199ca73b16372f458f7f600038aaaae5cc9a2dd55c33fee99e0,60,3600.061,ok,True,True,20150.013914218856,21965.28373750836,3600.061,(x1 + 0.010411242) * ((log(exp(log(exp(log(log(exp(exp((x3 + x3) - -0.020738902)))))))) / 0.22196068) / ((x4 * 9.354343) + 0.09463131)),4.50530247068985*(x1 + 0.010411242)*log(log(exp(1.02095544740872*exp(2*x3))))/(9.354343*x4 + 0.09463131),True,21,8
symbolfit,g0044,feynman-iii.10.19,522,clean,0.0,iaaccn26,formal3h_13alg_ssr50_seed520-522_noise0-001-005_20260622-014658,symbolfit_s522_clean_g0044,/home/zhangziwen/workplace/scientific-intelligent-modelling/experiments/formal3h_13alg_ssr50_seed520-522_noise0-001-005_20260622-014658/symbolfit/seed522/tasks/symbolfit_s522_clean_g0044/iaaccn26/symbolfit/g0044_feynman-iii.10.19/progress/minute_0060.json,103f3d59d75fd8c334c7e5730e92a5420020bb8a498f158d1def5b54e82da6e3,60,3600.041,ok,True,True,4.9651308645384156e+54,3.370015394701356e+48,3600.041,x4 + (((((986.8558 * x2) - 495.80707) / sin(exp(x4))) - (x3 + (x3 + (344.5222 * x2)))) - (x3 + -176.20811)),-344.5222*x2 - 3*x3 + x4 + (986.8558*x2 - 495.80707)/sin(exp(x4)) + 176.20811,True,20,6
symbolfit,g0045,feynman-i.13.12,522,clean,0.0,iaaccn25,formal3h_13alg_ssr50_seed520-522_noise0-001-005_20260622-014658,symbolfit_s522_clean_g0045,/home/zhangziwen/workplace/scientific-intelligent-modelling/experiments/formal3h_13alg_ssr50_seed520-522_noise0-001-005_20260622-014658/symbolfit/seed522/tasks/symbolfit_s522_clean_g0045/iaaccn25/symbolfit/g0045_feynman-i.13.12/progress/minute_0060.json,9f19062339c84ca764a7f92eeb13e5179963b08d5e0a8fe509e0dc74c22206ed,60,3600.639,ok,True,True,5.325230984090159e+21,1.4215176651408421e+22,3600.633,exp(((x2 / -0.018273916) - -1.2742629) + ((((x1 + x1) + x3) + 1.5886971) + (x0 - -0.4771408))) - 15.810061,28.2219713367475*exp(x0 + 2*x1 - 54.7228081818916*x2 + x3) - 15.810061,True,14,6
symbolfit,g0046,feynman-i.32.5,522,clean,0.0,iaaccn24,formal3h_13alg_ssr50_seed520-522_noise0-001-005_20260622-014658,symbolfit_s522_clean_g0046,/home/zhangziwen/workplace/scientific-intelligent-modelling/experiments/formal3h_13alg_ssr50_seed520-522_noise0-001-005_20260622-014658/symbolfit/seed522/tasks/symbolfit_s522_clean_g0046/iaaccn24/symbolfit/g0046_feynman-i.32.5/progress/minute_0060.json,1eca07166948e54b1fea45df9a776860906ae50868ad7338523c3dc8f85fdad5,60,3600.056,ok,True,True,3.005728383819413e+40,1.2105139374023868e+39,3600.056,((58.326756 / (x0 - ((x0 * x0) + -2.581006))) - 20.598856) * ((cos(x0 * x0) - (x1 * (-41.310207 - 0.8309292))) * x1),x1*(-20.598856 + 58.326756/(-x0**2 + x0 + 2.581006))*(42.1411362*x1 + cos(x0**2)),True,24,8
symbolfit,g0047,feynman-i.43.31,522,clean,0.0,iaaccn28,formal3h_13alg_ssr50_seed520-522_noise0-001-005_20260622-014658,symbolfit_s522_clean_g0047,/home/zhangziwen/workplace/scientific-intelligent-modelling/experiments/formal3h_13alg_ssr50_seed520-522_noise0-001-005_20260622-014658/symbolfit/seed522/tasks/symbolfit_s522_clean_g0047/iaaccn28/symbolfit/g0047_feynman-i.43.31/progress/minute_0060.json,b3a8a695061671a22f14fc75fe1457cbba29b7303b14bdb5fb1f9d7dc5432fe6,60,3600.024,ok,True,True,2.4309992484418134e+48,2.4309460471291433e+48,3600.024,((x1 + 0.010112307) * 21.526186) * (x0 + 0.010109845),(x0 + 0.010109845)*(21.526186*x1 + 0.217679401371102),True,9,4
symbolfit,g0048,feynman-i.11.19,522,clean,0.0,iaaccn27,formal3h_13alg_ssr50_seed520-522_noise0-001-005_20260622-014658,symbolfit_s522_clean_g0048,/home/zhangziwen/workplace/scientific-intelligent-modelling/experiments/formal3h_13alg_ssr50_seed520-522_noise0-001-005_20260622-014658/symbolfit/seed522/tasks/symbolfit_s522_clean_g0048/iaaccn27/symbolfit/g0048_feynman-i.11.19/progress/minute_0060.json,4205dd6c57d2ffb97a8f8595c921d334298df0c5bc0b63ebf3b9af6595185d0e,60,3600.042,ok,True,True,1465500144.5916314,1374005514.256152,3600.042,(((0.50217396 - x5) * (((((x6 * 0.79281837) - 0.69899833) + (x6 * 0.6095706)) * -46016.848) - (1.9947324 / (0.8433293 - x5)))) + -2.770796) - x3,-x3 + (0.50217396 - x5)*(-64533.5200693666*x6 + 32165.6999038638 - 1.9947324/(0.8433293 - x5)) - 2.770796,True,25,8
symbolfit,g0049,feynman-ii.34.2a,522,clean,0.0,iaaccn25,formal3h_13alg_ssr50_seed520-522_noise0-001-005_20260622-014658,symbolfit_s522_clean_g0049,/home/zhangziwen/workplace/scientific-intelligent-modelling/experiments/formal3h_13alg_ssr50_seed520-522_noise0-001-005_20260622-014658/symbolfit/seed522/tasks/symbolfit_s522_clean_g0049/iaaccn25/symbolfit/g0049_feynman-ii.34.2a/progress/minute_0060.json,1dfc25e80da8a3a87e6fdc2f12f41a0d5966ac7e9e49118af1df1f9ff1401dc4,60,3600.385,ok,True,True,20.14787193505267,1.6616721300092976,3600.383,((0.49402276 - x3) / 0.30204412) * ((((x2 - x1) / ((x4 + 0.07647462) * 0.07719227)) / 0.19881296) - 2.196348),(1.63559800468885 - 3.31077459809514*x3)*(5.02985318462136*(-x1 + x2)/(0.07719227*x4 + 0.0059032495151874) - 2.196348),True,22,7
symbolfit,g0050,Vladislavleva-4,522,clean,0.0,iaaccn27,formal3h_13alg_ssr50_seed520-522_noise0-001-005_20260622-014658,symbolfit_s522_clean_g0050,/home/zhangziwen/workplace/scientific-intelligent-modelling/experiments/formal3h_13alg_ssr50_seed520-522_noise0-001-005_20260622-014658/symbolfit/seed522/tasks/symbolfit_s522_clean_g0050/iaaccn27/symbolfit/g0050_Vladislavleva-4/progress/minute_0060.json,6a117ab957bc13f3edbf7c62f5d7500a268b4508aaff71f3def8447774da8edf,60,3600.05,ok,True,True,2.476341559637507,2.179234014133393,3600.05,(sin((x2 / 0.5356005) + 0.6436088) * (sin((x3 * 1.9262187) + 0.6165623) * 1.6107886)) * cos((x4 - 0.5004917) * 1.9109637),1.6107886*sin(1.86706323089691*x2 + 0.6436088)*sin(1.9262187*x3 + 0.6165623)*cos(1.9109637*x4 - 0.95642147085129),True,20,5
symbolfit,g0001,Keijzer-11,522,noise001,0.01,iaaccn25,formal3h_13alg_ssr50_seed520-522_noise0-001-005_20260622-014658,symbolfit_s522_noise001_g0001,/home/zhangziwen/workplace/scientific-intelligent-modelling/experiments/formal3h_13alg_ssr50_seed520-522_noise0-001-005_20260622-014658/symbolfit/seed522/tasks/symbolfit_s522_noise001_g0001/iaaccn25/symbolfit/g0001_Keijzer-11/progress/minute_0060.json,b42445bc507242ff564d8eba96d673e765aef55400885b5316a79a07fa773a65,60,3601.529,ok,True,True,1403.6541830311742,3200.211951175805,3601.527,(x0 * (x0 * exp(x0))) + ((x1 + ((x1 - 1.0417075) * 3.6823752)) * ((x0 * exp(x0)) - 0.67634004)),x0**2*exp(x0) + (4.6823752*x1 - 3.835957863654)*(x0*exp(x0) - 0.67634004),True,19,6
symbolfit,g0002,Keijzer-2,522,noise001,0.01,iaaccn29,formal3h_13alg_ssr50_seed520-522_noise0-001-005_20260622-014658,symbolfit_s522_noise001_g0002,/home/zhangziwen/workplace/scientific-intelligent-modelling/experiments/formal3h_13alg_ssr50_seed520-522_noise0-001-005_20260622-014658/symbolfit/seed522/tasks/symbolfit_s522_noise001_g0002/iaaccn29/symbolfit/g0002_Keijzer-2/progress/minute_0060.json,18ae96c3074304e0ee5596a03f5e53862508ba41bdf415c1cbe3c33e0bf2ea93,60,3600.031,ok,True,True,545.498182294071,432.5585659730761,3600.031,exp(sin(exp(x0 + 2.450721)) + 1.6679547) - exp(cos(sin(exp(x0 + 2.261708) / 1.026357) + 0.68274516) + 1.3147506),5.30131392388283*exp(sin(11.5967049299809*exp(x0))) - 3.72382214818629*exp(cos(sin(9.35295522827182*exp(x0)) + 0.68274516)),True,20,9
symbolfit,g0003,Korns-2,522,noise001,0.01,iaaccn23,formal3h_13alg_ssr50_seed520-522_noise0-001-005_20260622-014658,symbolfit_s522_noise001_g0003,/home/zhangziwen/workplace/scientific-intelligent-modelling/experiments/formal3h_13alg_ssr50_seed520-522_noise0-001-005_20260622-014658/symbolfit/seed522/tasks/symbolfit_s522_noise001_g0003/iaaccn23/symbolfit/g0003_Korns-2/progress/minute_0060.json,40a462a2bcf7075e86102b6e7628a68d5de8a8e1a2fefe854afe67891aa74b75,60,3600.034,ok,True,True,39832976.117191374,333546693.2751679,3600.034,x0 * ((x0 * ((-0.14142978 / ((x1 / 1.1512989) + -0.025190415)) - ((x1 / cos(x0 / cos(x0))) - (x2 + x0)))) / 0.97096324),1.02990510742714*x0**2*(x0 - x1/cos(x0/cos(x0)) + x2 - 0.14142978/(0.868584170453042*x1 - 0.025190415)),True,29,9
symbolfit,g0004,Korns-4,522,noise001,0.01,iaaccn26,formal3h_13alg_ssr50_seed520-522_noise0-001-005_20260622-014658,symbolfit_s522_noise001_g0004,/home/zhangziwen/workplace/scientific-intelligent-modelling/experiments/formal3h_13alg_ssr50_seed520-522_noise0-001-005_20260622-014658/symbolfit/seed522/tasks/symbolfit_s522_noise001_g0004/iaaccn26/symbolfit/g0004_Korns-4/progress/minute_0060.json,bc33e4a3c94269341bfc3ac3a7816f3be9f95a51f631885f580232b9b499a4ed,60,3600.033,ok,True,True,0.32222310017936945,0.32189066258868587,3600.033,-0.33668178 - sin(cos(cos((sin((x3 + -0.36633688) / exp(-0.32908043 - (x3 + (0.98183113 + x2)))) * -0.06018079) + 0.6944102))),-sin(cos(cos(0.06018079*sin(3.7095536521943*(x3 - 0.36633688)*exp(x2 + x3)) - 0.6944102))) - 0.33668178,True,21,12
symbolfit,g0005,BPG3,522,noise001,0.01,iaaccn26,formal3h_13alg_ssr50_seed520-522_noise0-001-005_20260622-014658,symbolfit_s522_noise001_g0005,/home/zhangziwen/workplace/scientific-intelligent-modelling/experiments/formal3h_13alg_ssr50_seed520-522_noise0-001-005_20260622-014658/symbolfit/seed522/tasks/symbolfit_s522_noise001_g0005/iaaccn26/symbolfit/g0005_BPG3/progress/minute_0060.json,bf6cbe5055a44a7ee7236a4af1f4cc38ae9980072bde3e98417de3ba06df2dd5,60,3600.048,ok,True,True,3278.2630909609034,120760.746481575,3600.048,(x1 / (-0.16550006 / ((x1 * -2.2897668) + 7.455457))) + (x0 * ((sin(sin((x1 + x1) * -2.5191228) - x1) - x1) * 0.613597)),x0*(-0.613597*x1 - 0.613597*sin(x1 + sin(5.0382456*x1))) + x1*(13.8354439267273*x1 - 45.0480622182252),True,23,9
symbolfit,g0006,BPG5,522,noise001,0.01,iaaccn25,formal3h_13alg_ssr50_seed520-522_noise0-001-005_20260622-014658,symbolfit_s522_noise001_g0006,/home/zhangziwen/workplace/scientific-intelligent-modelling/experiments/formal3h_13alg_ssr50_seed520-522_noise0-001-005_20260622-014658/symbolfit/seed522/tasks/symbolfit_s522_noise001_g0006/iaaccn25/symbolfit/g0006_BPG5/progress/minute_0060.json,413c13b9099adfb725a2fa2123844f094f3dfb9b59119a6033263a6e73dffbe5,60,3600.418,ok,True,True,3.24578843548439,28861.547982262855,3600.417,cos(((x1 + x1) + -0.970024) * 1.521261) * 14.168055,14.168055*cos(3.042522*x1 - 1.475659680264),True,8,5
symbolfit,g0007,BPG9,522,noise001,0.01,iaaccn26,formal3h_13alg_ssr50_seed520-522_noise0-001-005_20260622-014658,symbolfit_s522_noise001_g0007,/home/zhangziwen/workplace/scientific-intelligent-modelling/experiments/formal3h_13alg_ssr50_seed520-522_noise0-001-005_20260622-014658/symbolfit/seed522/tasks/symbolfit_s522_noise001_g0007/iaaccn26/symbolfit/g0007_BPG9/progress/minute_0060.json,8f44bc0cd7d5589993843d18d6013e798811edb888b32dd369dabbfb8d6f7cb9,60,3600.042,ok,True,True,5330745.061113362,30101088184.50787,3600.042,((sin(x1 / 0.32054716) * (((x1 * (x1 / 0.04646974)) + 9.887164) - (0.54880404 - x1))) - (cos(x1) * -0.40377584)) - x1,-x1 + (21.519380138559*x1**2 + x1 + 9.33835996)*sin(3.11966576150604*x1) + 0.40377584*cos(x1),True,21,6
symbolfit,g0008,CRK0,522,noise001,0.01,iaaccn29,formal3h_13alg_ssr50_seed520-522_noise0-001-005_20260622-014658,symbolfit_s522_noise001_g0008,/home/zhangziwen/workplace/scientific-intelligent-modelling/experiments/formal3h_13alg_ssr50_seed520-522_noise0-001-005_20260622-014658/symbolfit/seed522/tasks/symbolfit_s522_noise001_g0008/iaaccn29/symbolfit/g0008_CRK0/progress/minute_0060.json,0352bb113b5258aaf764c8da02ebca16ec8bb736b5b9375e9473af9248d96da6,60,3600.021,ok,True,True,163011.28024212611,243396156.69674549,3600.021,(0.9954744 - x1) * ((x1 * 5.5744853) + 23.486889),(0.9954744 - x1)*(5.5744853*x1 + 23.486889),True,11,4
symbolfit,g0009,CRK10,522,noise001,0.01,iaaccn24,formal3h_13alg_ssr50_seed520-522_noise0-001-005_20260622-014658,symbolfit_s522_noise001_g0009,/home/zhangziwen/workplace/scientific-intelligent-modelling/experiments/formal3h_13alg_ssr50_seed520-522_noise0-001-005_20260622-014658/symbolfit/seed522/tasks/symbolfit_s522_noise001_g0009/iaaccn24/symbolfit/g0009_CRK10/progress/minute_0060.json,4664906d118e68c276140086a49466d416a2ab3cb3ec601e0e1de59821df2416,60,3600.072,ok,True,True,28.53310680587856,1.0,3600.072,1.1527771 * exp(((x0 / -0.044226535) - sin((-0.91916126 - sin(sin(x0) * -2.9506922)) * x1)) + 2.6302936),15.9980605749728*exp(-22.6108601996516*x0 - sin(x1*(sin(2.9506922*sin(x0)) - 0.91916126))),True,19,11
symbolfit,g0010,CRK11,522,noise001,0.01,iaaccn24,formal3h_13alg_ssr50_seed520-522_noise0-001-005_20260622-014658,symbolfit_s522_noise001_g0010,/home/zhangziwen/workplace/scientific-intelligent-modelling/experiments/formal3h_13alg_ssr50_seed520-522_noise0-001-005_20260622-014658/symbolfit/seed522/tasks/symbolfit_s522_noise001_g0010/iaaccn24/symbolfit/g0010_CRK11/progress/minute_0060.json,a3ee12bfe2c224bb3c5a67d4d13981ef24b4a5363b7fcea6fa59f721e8fd84ef,60,3600.03,ok,True,True,6056751.328631078,65422596312.30797,3600.03,(x1 + -0.002518771) * (((((x1 + 3.2632785) * -14.197797) - (sin(x1) + 4.1394095)) - x0) - (x1 / -1.8650439)),(x1 - 0.002518771)*(-x0 - 13.6616165915925*x1 - sin(x1) - 50.4707751974645),True,16,5
symbolfit,g0011,CRK33,522,noise001,0.01,iaaccn24,formal3h_13alg_ssr50_seed520-522_noise0-001-005_20260622-014658,symbolfit_s522_noise001_g0011,/home/zhangziwen/workplace/scientific-intelligent-modelling/experiments/formal3h_13alg_ssr50_seed520-522_noise0-001-005_20260622-014658/symbolfit/seed522/tasks/symbolfit_s522_noise001_g0011/iaaccn24/symbolfit/g0011_CRK33/progress/minute_0060.json,f54b106db0ca5375f5a7cfc7c34ed8c927bfdf62d491c6b3962799238e88c51c,60,3600.029,ok,True,True,472763.8180952513,26929236843.00637,3600.029,(13.6428995 - (x1 * (x1 * 13.669434))) * cos((sin(x1) * 0.45901304) + (0.8894478 - 13.60866)),(13.6428995 - 13.669434*x1**2)*cos(0.45901304*sin(x1) - 12.7192122),True,15,6
symbolfit,g0012,CRK34,522,noise001,0.01,iaaccn27,formal3h_13alg_ssr50_seed520-522_noise0-001-005_20260622-014658,symbolfit_s522_noise001_g0012,/home/zhangziwen/workplace/scientific-intelligent-modelling/experiments/formal3h_13alg_ssr50_seed520-522_noise0-001-005_20260622-014658/symbolfit/seed522/tasks/symbolfit_s522_noise001_g0012/iaaccn27/symbolfit/g0012_CRK34/progress/minute_0060.json,ff19cc26bdf4c63d6a2f73d1e2e6db60461b8f89ba8bfc96f5e9cd38f9a696e9,60,3600.045,ok,True,True,252.96494426617082,1.0,3600.045,exp(((-26.420195 - (x1 * (((((exp(-0.696993 + x0) * 1.1879587) - -0.689289) - x1) - x0) - -7.0276856))) * (x0 - 0.11648964)) - x0),exp(-x0 + (x0 - 0.11648964)*(-x1*(-x0 - x1 + 0.591699399617631*exp(x0) + 7.7169746) - 26.420195)),True,26,9
symbolfit,g0013,I.11.19_4_0,522,noise001,0.01,iaaccn26,formal3h_13alg_ssr50_seed520-522_noise0-001-005_20260622-014658,symbolfit_s522_noise001_g0013,/home/zhangziwen/workplace/scientific-intelligent-modelling/experiments/formal3h_13alg_ssr50_seed520-522_noise0-001-005_20260622-014658/symbolfit/seed522/tasks/symbolfit_s522_noise001_g0013/iaaccn26/symbolfit/g0013_I.11.19_4_0/progress/minute_0060.json,67e9ea9cb1b87502f2db53ddf0ed2237b713a9a6e505f754bb53b901f6939710,60,3600.043,ok,True,True,0.10272296064672055,0.18339006334678165,3600.043,(((((-0.43752635 - (x5 - x4)) - x3) * 0.48714468) * (cos(x1) * 0.5083498)) - (x0 / 1.1567354)) / (x2 + 0.2507851),(-0.864501942276514*x0 + 0.5083498*(-0.48714468*x3 + 0.48714468*x4 - 0.48714468*x5 - 0.213138633762318)*cos(x1))/(x2 + 0.2507851),True,25,6
symbolfit,g0014,II.11.27_1_0,522,noise001,0.01,iaaccn24,formal3h_13alg_ssr50_seed520-522_noise0-001-005_20260622-014658,symbolfit_s522_noise001_g0014,/home/zhangziwen/workplace/scientific-intelligent-modelling/experiments/formal3h_13alg_ssr50_seed520-522_noise0-001-005_20260622-014658/symbolfit/seed522/tasks/symbolfit_s522_noise001_g0014/iaaccn24/symbolfit/g0014_II.11.27_1_0/progress/minute_0060.json,d7a0d163532c12da7c98e08ee1fca52ec367b3158d881e671436b9957b10241b,60,3600.057,ok,True,True,53980.6175295173,8.208156312167137e+292,3600.057,exp((((x0 * 2.8599868) + (7.3885455 - (x0 / -15.51427))) - (x1 * 17687.918)) - x2),1617.3519628631*exp(2.92444358720301*x0 - 17687.918*x1 - x2),True,13,5
symbolfit,g0015,II.34.2_1_0,522,noise001,0.01,iaaccn22,formal3h_13alg_ssr50_seed520-522_noise0-001-005_20260622-014658,symbolfit_s522_noise001_g0015,/home/zhangziwen/workplace/scientific-intelligent-modelling/experiments/formal3h_13alg_ssr50_seed520-522_noise0-001-005_20260622-014658/symbolfit/seed522/tasks/symbolfit_s522_noise001_g0015/iaaccn22/symbolfit/g0015_II.34.2_1_0/progress/minute_0060.json,e93fdd5dc28f100456f58c5f87a3805850bf37707ba586772b22481cd12a3bfb,60,3600.048,ok,True,True,0.5160075611557687,0.5941535883000972,3600.048,(0.73749316 / (x1 - -0.25072795)) * ((x0 / (x2 - -0.24165985)) - -0.025895793),0.73749316*(x0/(x2 + 0.24165985) + 0.025895793)/(x1 + 0.25072795),True,16,6
symbolfit,g0016,II.6.15b_3_0,522,noise001,0.01,iaaccn23,formal3h_13alg_ssr50_seed520-522_noise0-001-005_20260622-014658,symbolfit_s522_noise001_g0016,/home/zhangziwen/workplace/scientific-intelligent-modelling/experiments/formal3h_13alg_ssr50_seed520-522_noise0-001-005_20260622-014658/symbolfit/seed522/tasks/symbolfit_s522_noise001_g0016/iaaccn23/symbolfit/g0016_II.6.15b_3_0/progress/minute_0060.json,189619daf08d0c4e65cd8b08bd016174b8c7bab1a4da1997c0eca12be22a2c6f,60,3600.076,ok,True,True,1.7783880724066972,2.4860753881415123,3600.075,cos(cos(x0 * (((1.1183887 * x0) * 2.4269724) + x0)) * 1.7543352) + cos((-1.2570022 * cos((x0 * x0) + 2.4269724)) * x1),cos(1.2570022*x1*cos(x0**2 + 2.4269724)) + cos(1.7543352*cos(3.71429850737188*x0**2)),True,20,7
symbolfit,g0017,III.21.20_3_0,522,noise001,0.01,iaaccn27,formal3h_13alg_ssr50_seed520-522_noise0-001-005_20260622-014658,symbolfit_s522_noise001_g0017,/home/zhangziwen/workplace/scientific-intelligent-modelling/experiments/formal3h_13alg_ssr50_seed520-522_noise0-001-005_20260622-014658/symbolfit/seed522/tasks/symbolfit_s522_noise001_g0017/iaaccn27/symbolfit/g0017_III.21.20_3_0/progress/minute_0060.json,b313229f9e0423ccca09a0dc9b4a3d5a75d2a272601d7dda2d7987ae1bd6124c,60,3600.037,ok,True,True,1288976.7305113722,2.129808014952947,3600.037,(((x3 + x2) * 0.28077054) / cos(x0 * 1.5640754)) * (x1 + (x3 * x2)),(x1 + x2*x3)*(0.28077054*x2 + 0.28077054*x3)/cos(1.5640754*x0),True,19,5
symbolfit,g0018,MatSci21,522,noise001,0.01,iaaccn22,formal3h_13alg_ssr50_seed520-522_noise0-001-005_20260622-014658,symbolfit_s522_noise001_g0018,/home/zhangziwen/workplace/scientific-intelligent-modelling/experiments/formal3h_13alg_ssr50_seed520-522_noise0-001-005_20260622-014658/symbolfit/seed522/tasks/symbolfit_s522_noise001_g0018/iaaccn22/symbolfit/g0018_MatSci21/progress/minute_0060.json,e4412e6e0f6b83e6c2f9d74b594bf2fbff3e8ce74ca3cdbfae33166a5a8997d8,60,3600.064,ok,True,True,14.747681163505822,0.7617994125818975,3600.064,((x0 + (((exp((x0 * 3.9828744) + (sin(x0 + x1) * 0.9062379)) + x1) - 48.250732) * sin(x0))) - x0) + 1.5579923,(x1 + exp(3.9828744*x0 + 0.9062379*sin(x0 + x1)) - 48.250732)*sin(x0) + 1.5579923,True,19,9
symbolfit,g0019,PO19,522,noise001,0.01,iaaccn24,formal3h_13alg_ssr50_seed520-522_noise0-001-005_20260622-014658,symbolfit_s522_noise001_g0019,/home/zhangziwen/workplace/scientific-intelligent-modelling/experiments/formal3h_13alg_ssr50_seed520-522_noise0-001-005_20260622-014658/symbolfit/seed522/tasks/symbolfit_s522_noise001_g0019/iaaccn24/symbolfit/g0019_PO19/progress/minute_0060.json,1b73fe8c80b350d023f22a4ee86f8c99185886f4cf6ca00ae8588af3266b9508,60,3600.037,ok,True,True,107304897.78583828,1.4002123712660204e+16,3600.037,(((3431.9724 * cos(x0 - (-1.5783856 - (x0 * x2)))) + (1576.9883 + x1)) * 1.235367) - ((exp(x2) - (x2 * -450.54324)) + -329.69174),1.235367*x1 - 450.54324*x2 - exp(x2) + 4239.7454478708*cos(x0*x2 + x0 + 1.5783856) + 2277.8510452061,True,21,6
symbolfit,g0020,PO41,522,noise001,0.01,iaaccn29,formal3h_13alg_ssr50_seed520-522_noise0-001-005_20260622-014658,symbolfit_s522_noise001_g0020,/home/zhangziwen/workplace/scientific-intelligent-modelling/experiments/formal3h_13alg_ssr50_seed520-522_noise0-001-005_20260622-014658/symbolfit/seed522/tasks/symbolfit_s522_noise001_g0020/iaaccn29/symbolfit/g0020_PO41/progress/minute_0060.json,f733f1fe8da806426753a427119350ea2e54ab9ebc8b74986e4f1ac2dd9f322d,60,3600.034,ok,True,True,5585552560.312818,5.539795221009057e+16,3600.034,(((x2 * -275.31927) + x1) + (((exp(sin(x0) * (3.0563357 + (x0 * 3.5176444))) + -835.6027) * x0) + 421.3314)) * (0.9012637 + x1),(x1 + 0.9012637)*(x0*(exp((3.5176444*x0 + 3.0563357)*sin(x0)) - 835.6027) + x1 - 275.31927*x2 + 421.3314),True,23,9
symbolfit,g0021,Nguyen-12,522,noise001,0.01,iaaccn24,formal3h_13alg_ssr50_seed520-522_noise0-001-005_20260622-014658,symbolfit_s522_noise001_g0021,/home/zhangziwen/workplace/scientific-intelligent-modelling/experiments/formal3h_13alg_ssr50_seed520-522_noise0-001-005_20260622-014658/symbolfit/seed522/tasks/symbolfit_s522_noise001_g0021/iaaccn24/symbolfit/g0021_Nguyen-12/progress/minute_0060.json,231d905119b55419e5c6a58b8fd1cf910f6d1503cbd17f19a26712fcff186e4c,60,3600.08,ok,True,True,4.567479716785669,5.5744420435192,3600.08,((sin((-0.1021045 - x1) - x1) + (0.0443264 - x1)) - (sin(sin(x0 * 3.0340917)) * (x0 * x0))) * 0.89445597,-0.89445597*x0**2*sin(sin(3.0340917*x0)) - 0.89445597*x1 - 0.89445597*sin(2*x1 + 0.1021045) + 0.039648013108608,True,23,6
symbolfit,g0022,Nguyen-6,522,noise001,0.01,iaaccn22,formal3h_13alg_ssr50_seed520-522_noise0-001-005_20260622-014658,symbolfit_s522_noise001_g0022,/home/zhangziwen/workplace/scientific-intelligent-modelling/experiments/formal3h_13alg_ssr50_seed520-522_noise0-001-005_20260622-014658/symbolfit/seed522/tasks/symbolfit_s522_noise001_g0022/iaaccn22/symbolfit/g0022_Nguyen-6/progress/minute_0060.json,927a83ecf768b1e2dafea43e0d17dc3dec7bbd133910f7c69e197d1c91d90666,60,3600.036,ok,True,True,20.37280149040124,16.525645135052713,3600.036,((x0 * exp(cos((0.90912163 - x0) * 1.6122183) + 1.423161)) - cos(cos(cos(exp(exp((cos(x0) - x0) * x0)))))) + -2.7509496,4.15021856864867*x0*exp(cos(1.6122183*x0 - 1.46570252881183)) - cos(cos(cos(exp(exp(x0*(-x0 + cos(x0))))))) - 2.7509496,True,27,11
symbolfit,g0023,Nguyen-9,522,noise001,0.01,iaaccn28,formal3h_13alg_ssr50_seed520-522_noise0-001-005_20260622-014658,symbolfit_s522_noise001_g0023,/home/zhangziwen/workplace/scientific-intelligent-modelling/experiments/formal3h_13alg_ssr50_seed520-522_noise0-001-005_20260622-014658/symbolfit/seed522/tasks/symbolfit_s522_noise001_g0023/iaaccn28/symbolfit/g0023_Nguyen-9/progress/minute_0060.json,ef7bb8e209a8af3b38c32ec58788cabb6353a44c14f61c919b2e7b9b3d94bfd2,60,3600.048,ok,True,True,0.39615979252162176,0.0034010363757314708,3600.048,(sin(((x1 + 0.17417973) * x1) * 0.80160326) + (sin(((x0 * 0.5266121) - -0.09408261) - (x0 * -0.30633363)) - 0.013434084)) * 1.0931631,1.0931631*sin(0.80160326*x1*(x1 + 0.17417973)) + 1.0931631*sin(0.83294573*x0 + 0.09408261) - 0.0146856449111004,True,19,6
symbolfit,g0024,feynman_II_15_4,522,noise001,0.01,iaaccn27,formal3h_13alg_ssr50_seed520-522_noise0-001-005_20260622-014658,symbolfit_s522_noise001_g0024,/home/zhangziwen/workplace/scientific-intelligent-modelling/experiments/formal3h_13alg_ssr50_seed520-522_noise0-001-005_20260622-014658/symbolfit/seed522/tasks/symbolfit_s522_noise001_g0024/iaaccn27/symbolfit/g0024_feynman_II_15_4/progress/minute_0060.json,4cf0ff77dff662924f9b9ea8c282a95b26c1d356fd7c70ec2975f6b7c60e797f,60,3600.026,ok,True,True,25.95812216715893,35.098756183217134,3600.026,((x0 + 0.2501131) * (((x1 * -3.9710665) - 0.008926499) + -0.98401076)) * cos(x2 + ((x2 + x2) + (0.9999587 + x2))),(x0 + 0.2501131)*(-3.9710665*x1 - 0.992937259)*cos(4*x2 + 0.9999587),True,15,5
symbolfit,g0025,feynman_I_12_11,522,noise001,0.01,iaaccn25,formal3h_13alg_ssr50_seed520-522_noise0-001-005_20260622-014658,symbolfit_s522_noise001_g0025,/home/zhangziwen/workplace/scientific-intelligent-modelling/experiments/formal3h_13alg_ssr50_seed520-522_noise0-001-005_20260622-014658/symbolfit/seed522/tasks/symbolfit_s522_noise001_g0025/iaaccn25/symbolfit/g0025_feynman_I_12_11/progress/minute_0060.json,791d36aa658f135ebe39f27359505d7099707c5dfd4820a5c8156d9b87e193f9,60,3600.03,ok,True,True,3.2550861006342076,3.692112485047758,3600.03,((cos(x4 * -3.0135934) * (x3 * 5.47766)) - (x4 - (x1 + 1.113434))) * (x0 - -0.33169213),(x0 + 0.33169213)*(x1 + 5.47766*x3*cos(3.0135934*x4) - x4 + 1.113434),True,17,6
symbolfit,g0026,feynman_I_27_6,522,noise001,0.01,iaaccn27,formal3h_13alg_ssr50_seed520-522_noise0-001-005_20260622-014658,symbolfit_s522_noise001_g0026,/home/zhangziwen/workplace/scientific-intelligent-modelling/experiments/formal3h_13alg_ssr50_seed520-522_noise0-001-005_20260622-014658/symbolfit/seed522/tasks/symbolfit_s522_noise001_g0026/iaaccn27/symbolfit/g0026_feynman_I_27_6/progress/minute_0060.json,60ae1450a551ec8739efee98b747348494210a86b9148bb45ddbdf77bc980279,60,3600.057,ok,True,True,2.123563298626287,2.40131722236416,3600.057,exp((sin(sin(x1)) + -0.36640987) - sin(x2 - (x0 * cos(((x2 * (1.0501367 - x1)) + (x1 * -0.23172517)) + x0)))),0.693218613460619*exp(sin(x0*cos(x0 - 0.23172517*x1 + x2*(1.0501367 - x1)) - x2) + sin(sin(x1))),True,27,12
symbolfit,g0027,feynman_test_15,522,noise001,0.01,iaaccn23,formal3h_13alg_ssr50_seed520-522_noise0-001-005_20260622-014658,symbolfit_s522_noise001_g0027,/home/zhangziwen/workplace/scientific-intelligent-modelling/experiments/formal3h_13alg_ssr50_seed520-522_noise0-001-005_20260622-014658/symbolfit/seed522/tasks/symbolfit_s522_noise001_g0027/iaaccn23/symbolfit/g0027_feynman_test_15/progress/minute_0060.json,efabebc3245958b9230c11ee3aed04c980b9e818863ea13c6b9f1cbc4930eadc,60,3600.075,ok,True,True,0.20984780368922795,0.7212108462029506,3600.075,(x2 / 0.75212634) + cos(-0.44092986 - (cos(cos(exp(2.185199 - exp(0.6231514 - exp(x3)))) * 0.9300788) * 0.96007985)),1.32956386024188*x2 + cos(0.96007985*cos(0.9300788*cos(8.89241796848446*exp(-1.86479550818816*exp(-exp(x3))))) + 0.44092986),True,23,14
symbolfit,g0028,strogatz_barmag1,522,noise001,0.01,iaaccn27,formal3h_13alg_ssr50_seed520-522_noise0-001-005_20260622-014658,symbolfit_s522_noise001_g0028,/home/zhangziwen/workplace/scientific-intelligent-modelling/experiments/formal3h_13alg_ssr50_seed520-522_noise0-001-005_20260622-014658/symbolfit/seed522/tasks/symbolfit_s522_noise001_g0028/iaaccn27/symbolfit/g0028_strogatz_barmag1/progress/minute_0060.json,a85f3c162a6ce5401a216a45420d14145a6cd36fc1035b06a4d4f30ca354623a,60,3600.051,ok,True,True,0.9999999998806467,0.9999999920684135,3600.051,(exp(sin((cos(x0) * 8.505004) + x0) + (cos(cos(x1 * -3.9142325)) / 0.5343884)) + -0.9868992) / exp(x0 * (x0 - -0.8454796)),(exp(sin(x0 + 8.505004*cos(x0)) + 1.87129810452472*cos(cos(3.9142325*x1))) - 0.9868992)*exp(-x0*(x0 + 0.8454796)),True,26,9
symbolfit,g0029,strogatz_barmag2,522,noise001,0.01,iaaccn25,formal3h_13alg_ssr50_seed520-522_noise0-001-005_20260622-014658,symbolfit_s522_noise001_g0029,/home/zhangziwen/workplace/scientific-intelligent-modelling/experiments/formal3h_13alg_ssr50_seed520-522_noise0-001-005_20260622-014658/symbolfit/seed522/tasks/symbolfit_s522_noise001_g0029/iaaccn25/symbolfit/g0029_strogatz_barmag2/progress/minute_0060.json,0731ee18a1da7ae0fec85b18de122ebf91d31f6b990a6f205e68b6bf44c934cf,60,3600.61,ok,True,True,20535.427926378045,12229.655576434943,3600.607,(cos(1.1813906 * x0) * ((sin(x1 * -5.9227943) * 36.3551) - -8.450355)) - (x0 + (x1 * (0.9533816 + ((8.209542 - x0) + 0.77583647)))),-x0 - x1*(9.93876007 - x0) + (8.450355 - 36.3551*sin(5.9227943*x1))*cos(1.1813906*x0),True,25,7
symbolfit,g0030,strogatz_predprey2,522,noise001,0.01,iaaccn22,formal3h_13alg_ssr50_seed520-522_noise0-001-005_20260622-014658,symbolfit_s522_noise001_g0030,/home/zhangziwen/workplace/scientific-intelligent-modelling/experiments/formal3h_13alg_ssr50_seed520-522_noise0-001-005_20260622-014658/symbolfit/seed522/tasks/symbolfit_s522_noise001_g0030/iaaccn22/symbolfit/g0030_strogatz_predprey2/progress/minute_0060.json,6dc5a6b2c7b3eb7281507573dc889594eefe52b5018df186f0f56bdc04b0e01b,60,3600.044,ok,True,True,7.7925434718826e+16,7.965969557429315e+22,3600.044,sin((x1 + x1) * exp(x0)) + (7.296493 + (((x1 * 1.1036869) + (-0.99637395 * exp(x1 + x1))) / (x0 + 0.10897161))),sin(2*x1*exp(x0)) + 7.296493 + (1.1036869*x1 - 0.99637395*exp(2*x1))/(x0 + 0.10897161),True,24,7
symbolfit,g0031,strogatz_shearflow1,522,noise001,0.01,iaaccn28,formal3h_13alg_ssr50_seed520-522_noise0-001-005_20260622-014658,symbolfit_s522_noise001_g0031,/home/zhangziwen/workplace/scientific-intelligent-modelling/experiments/formal3h_13alg_ssr50_seed520-522_noise0-001-005_20260622-014658/symbolfit/seed522/tasks/symbolfit_s522_noise001_g0031/iaaccn28/symbolfit/g0031_strogatz_shearflow1/progress/minute_0060.json,675f287bfb19c97d7ffe399e950561c9159b25170dc3d23df8c44eae7218db59,60,3600.046,ok,True,True,1.4995984842597567e+102,2.9930853422971985e+138,3600.046,(exp((4.633787 / exp(x1)) + (x1 * -23.2876)) + (((3.8116817 / (0.6875682 - x1)) + 7.1013713) + (-4.305022 / (0.54090565 - x1)))) + x1,x1 + exp(-23.2876*x1 + 4.633787*exp(-x1)) + 7.1013713 + 3.8116817/(0.6875682 - x1) - 4.305022/(0.54090565 - x1),True,32,7
symbolfit,g0032,strogatz_vdp1,522,noise001,0.01,iaaccn23,formal3h_13alg_ssr50_seed520-522_noise0-001-005_20260622-014658,symbolfit_s522_noise001_g0032,/home/zhangziwen/workplace/scientific-intelligent-modelling/experiments/formal3h_13alg_ssr50_seed520-522_noise0-001-005_20260622-014658/symbolfit/seed522/tasks/symbolfit_s522_noise001_g0032/iaaccn23/symbolfit/g0032_strogatz_vdp1/progress/minute_0060.json,e68a53c5afec29d5da647e73a7ff0d630b0b44dad2a37338145da7616ca058bb,60,3600.043,ok,True,True,1.0569229672665485e+54,2.510635290892527e+177,3600.043,(((x1 * -317.1576) + 30.441055) * cos(log((x0 * 0.6483225) + x1) - (x0 * 5.6884494))) - exp(exp(x0 * (x0 + 0.44860464))),(30.441055 - 317.1576*x1)*cos(5.6884494*x0 - log(0.6483225*x0 + x1)) - exp(exp(x0*(x0 + 0.44860464))),True,29,9
symbolfit,g0033,first_principles_hubble,522,noise001,0.01,iaaccn24,formal3h_13alg_ssr50_seed520-522_noise0-001-005_20260622-014658,symbolfit_s522_noise001_g0033,/home/zhangziwen/workplace/scientific-intelligent-modelling/experiments/formal3h_13alg_ssr50_seed520-522_noise0-001-005_20260622-014658/symbolfit/seed522/tasks/symbolfit_s522_noise001_g0033/iaaccn24/symbolfit/g0033_first_principles_hubble/progress/minute_0060.json,388a59702f808b60dfecb346e73982ff2879fe4f91dfa35fd70e1b27b6d85a1f,60,3600.054,ok,True,True,0.9936992141229152,0.999541743839186,3600.054,sin(x0 + x0) + sin((((x0 - -0.107203476) * sin(cos(x0))) + (0.45092764 / sin((x0 / -0.04772991) + -0.047250118))) + x0),sin(2*x0) + sin(x0 + (x0 + 0.107203476)*sin(cos(x0)) - 0.45092764/sin(20.9512232476449*x0 + 0.047250118)),True,25,9
symbolfit,g0034,first_principles_leavitt,522,noise001,0.01,iaaccn27,formal3h_13alg_ssr50_seed520-522_noise0-001-005_20260622-014658,symbolfit_s522_noise001_g0034,/home/zhangziwen/workplace/scientific-intelligent-modelling/experiments/formal3h_13alg_ssr50_seed520-522_noise0-001-005_20260622-014658/symbolfit/seed522/tasks/symbolfit_s522_noise001_g0034/iaaccn27/symbolfit/g0034_first_principles_leavitt/progress/minute_0060.json,9be549eb43f86c01d9744377aa0090287b8cda0f93a8c2b1a6a3c7b64d005297,60,3600.049,ok,True,True,0.8738461235784705,0.8646868077686325,3600.049,cos(sin(sin(sin(sin(sin(x0) + cos(cos((1.6903864 / (x0 + -0.31953982)) + -0.08728269) - -0.16239709)) + 0.12735355) * x0))) + 0.06044651,cos(sin(sin(x0*sin(sin(sin(x0) + cos(cos(0.08728269 - 1.6903864/(x0 - 0.31953982)) + 0.16239709)) + 0.12735355)))) + 0.06044651,True,27,17
symbolfit,g0035,feynman-ii.4.23,522,noise001,0.01,iaaccn26,formal3h_13alg_ssr50_seed520-522_noise0-001-005_20260622-014658,symbolfit_s522_noise001_g0035,/home/zhangziwen/workplace/scientific-intelligent-modelling/experiments/formal3h_13alg_ssr50_seed520-522_noise0-001-005_20260622-014658/symbolfit/seed522/tasks/symbolfit_s522_noise001_g0035/iaaccn26/symbolfit/g0035_feynman-ii.4.23/progress/minute_0060.json,6cdc458898667f6b6c4dbb487deec9a1aab0db140b12a51f8c0c6e1f7f751712,60,3600.053,ok,True,True,0.9999999947805362,0.9999999975589147,3600.053,(-0.32888454 + ((((12.602423 / (x1 + 0.010154559)) + sin(x1)) + (-0.22762129 + -0.4135197)) * ((-0.9995069 + (x0 + x0)) / 1.4740225))) + exp(-1.2407651),(1.35683139165108*x0 - 0.678081169045927)*(sin(x1) - 0.64114099 + 12.602423/(x1 + 0.010154559)) - 0.0397216452481128,True,19,7
symbolfit,g0036,feynman-iii.7.38,522,noise001,0.01,iaaccn29,formal3h_13alg_ssr50_seed520-522_noise0-001-005_20260622-014658,symbolfit_s522_noise001_g0036,/home/zhangziwen/workplace/scientific-intelligent-modelling/experiments/formal3h_13alg_ssr50_seed520-522_noise0-001-005_20260622-014658/symbolfit/seed522/tasks/symbolfit_s522_noise001_g0036/iaaccn29/symbolfit/g0036_feynman-iii.7.38/progress/minute_0060.json,8411d7e57d9e7518b7ee7d35ca49798606d5335fb56d79504d04aea824c12368,60,3600.048,ok,True,True,1.0,1.0,3600.048,(x0 + ((x0 * 0.46731645) - 0.7342083)) * ((((x1 * 6.6128144) - 3.3060873) * (1944.5461 - sin((x0 * x0) / -0.14132102))) - x0),(-x0 + (6.6128144*x1 - 3.3060873)*(sin(7.07608818560749*x0**2) + 1944.5461))*(1.46731645*x0 - 0.7342083),True,24,8
symbolfit,g0037,feynman-i.18.16,522,noise001,0.01,iaaccn23,formal3h_13alg_ssr50_seed520-522_noise0-001-005_20260622-014658,symbolfit_s522_noise001_g0037,/home/zhangziwen/workplace/scientific-intelligent-modelling/experiments/formal3h_13alg_ssr50_seed520-522_noise0-001-005_20260622-014658/symbolfit/seed522/tasks/symbolfit_s522_noise001_g0037/iaaccn23/symbolfit/g0037_feynman-i.18.16/progress/minute_0060.json,111c01bdf3c69828a4eb0f2db918fcc429cf9febbc082447a2b42869bd19a560,60,3600.051,ok,True,True,29342404.9629152,423983553.09719616,3600.051,((x1 + ((sin(x0) + 0.8356359) + ((((x1 * (x0 * 344.37698)) + 0.9796834) * x3) + -1.0878159))) * 15.693738) * sin(x4 * 6.282694),(15.693738*x1 + 15.693738*x3*(344.37698*x0*x1 + 0.9796834) + 15.693738*sin(x0) - 3.95764684884)*sin(6.282694*x4),True,23,6
symbolfit,g0038,feynman-ii.27.18,522,noise001,0.01,iaaccn27,formal3h_13alg_ssr50_seed520-522_noise0-001-005_20260622-014658,symbolfit_s522_noise001_g0038,/home/zhangziwen/workplace/scientific-intelligent-modelling/experiments/formal3h_13alg_ssr50_seed520-522_noise0-001-005_20260622-014658/symbolfit/seed522/tasks/symbolfit_s522_noise001_g0038/iaaccn27/symbolfit/g0038_feynman-ii.27.18/progress/minute_0060.json,c4117b2e0f8d33192498ef87bec8516b84de1248beffdf7ca85314787597c541,60,3600.051,ok,True,True,9.784928207740367e+23,9.76189552410704e+23,3600.051,sin(x0 - 0.03057245) + (((x0 + (x0 + 0.046297193)) * (x0 * 4.365381)) + (0.023281988 - sin(sin(x0 - 0.007658038)))),4.365381*x0*(2*x0 + 0.046297193) + sin(x0 - 0.03057245) - sin(sin(x0 - 0.007658038)) + 0.023281988,True,21,6
symbolfit,g0039,feynman-ii.34.11,522,noise001,0.01,iaaccn24,formal3h_13alg_ssr50_seed520-522_noise0-001-005_20260622-014658,symbolfit_s522_noise001_g0039,/home/zhangziwen/workplace/scientific-intelligent-modelling/experiments/formal3h_13alg_ssr50_seed520-522_noise0-001-005_20260622-014658/symbolfit/seed522/tasks/symbolfit_s522_noise001_g0039/iaaccn24/symbolfit/g0039_feynman-ii.34.11/progress/minute_0060.json,5687ce45a8d6766e9f85d274ddd4dcb254c032d8fbffc4c7c480d74dd424b82b,60,3600.04,ok,True,True,0.9999999998942036,0.9999999999962145,3600.04,(exp((x2 * ((-4.237351 * x2) + 0.8268499)) + (sin((0.4169598 - x0) - (x2 - x4)) / (x5 + 0.102491416))) + -4.237351) - 0.6066421,exp(x2*(0.8268499 - 4.237351*x2) - sin(x0 + x2 - x4 - 0.4169598)/(x5 + 0.102491416)) - 4.8439931,True,26,8
symbolfit,g0040,feynman-i.29.16,522,noise001,0.01,iaaccn23,formal3h_13alg_ssr50_seed520-522_noise0-001-005_20260622-014658,symbolfit_s522_noise001_g0040,/home/zhangziwen/workplace/scientific-intelligent-modelling/experiments/formal3h_13alg_ssr50_seed520-522_noise0-001-005_20260622-014658/symbolfit/seed522/tasks/symbolfit_s522_noise001_g0040/iaaccn23/symbolfit/g0040_feynman-i.29.16/progress/minute_0060.json,ce4183974a41343d0acf42e2647f9257856ba298c07c85d509e03cfd3e2264d7,60,3600.044,ok,True,True,3.387667207742107,0.7993898295366206,3600.043,((((x0 / 6.740329) * ((x0 / (x1 - (x0 * -0.9549071))) / 0.040245846)) + (x1 * 2.8533404)) - x0) - -0.029141085,3.68636083789927*x0**2/(0.9549071*x0 + x1) - x0 + 2.8533404*x1 + 0.029141085,True,20,6
symbolfit,g0041,feynman-bonus.20,522,noise001,0.01,iaaccn28,formal3h_13alg_ssr50_seed520-522_noise0-001-005_20260622-014658,symbolfit_s522_noise001_g0041,/home/zhangziwen/workplace/scientific-intelligent-modelling/experiments/formal3h_13alg_ssr50_seed520-522_noise0-001-005_20260622-014658/symbolfit/seed522/tasks/symbolfit_s522_noise001_g0041/iaaccn28/symbolfit/g0041_feynman-bonus.20/progress/minute_0060.json,c134ea601f294736c35f0b11449d1c45b01917941e9669afd5ea51d87bdb27d6,60,3600.036,ok,True,True,2.707805023147524e+46,3.07416154584814e+44,3600.036,exp(((exp((x3 * -84.98245) + 0.74995255) + (x2 * 1.7056426)) - -0.41259065) + ((x3 * -84.938194) + x2)) * ((x2 + -0.056570932) / 0.9208568),1.51072648345645*(1.08594517627496*x2 - 0.061432930722779)*exp(2.7056426*x2 - 84.938194*x3 + 2.11689956734506*exp(-84.98245*x3)),True,21,7
symbolfit,g0042,feynman-i.15.3t,522,noise001,0.01,iaaccn25,formal3h_13alg_ssr50_seed520-522_noise0-001-005_20260622-014658,symbolfit_s522_noise001_g0042,/home/zhangziwen/workplace/scientific-intelligent-modelling/experiments/formal3h_13alg_ssr50_seed520-522_noise0-001-005_20260622-014658/symbolfit/seed522/tasks/symbolfit_s522_noise001_g0042/iaaccn25/symbolfit/g0042_feynman-i.15.3t/progress/minute_0060.json,8b49c6442845ddf28be822d6938137291a0fe80e2c51fb99768a2c1767d38112,60,3600.29,ok,True,True,2306654.5837767837,175003.94561604355,3600.29,(x1 * ((cos(0.5318903 - cos(cos((x0 / 6.615009) + ((x0 - cos(x1 * x1)) * 0.27734575)))) - -1.4573834) * 1.8893186)) - -0.047131956,x1*(1.8893186*cos(cos(cos(0.428517124067669*x0 - 0.27734575*cos(x1**2))) - 0.5318903) + 2.75346156495124) + 0.047131956,True,23,13
symbolfit,g0043,feynman-i.39.22,522,noise001,0.01,iaaccn24,formal3h_13alg_ssr50_seed520-522_noise0-001-005_20260622-014658,symbolfit_s522_noise001_g0043,/home/zhangziwen/workplace/scientific-intelligent-modelling/experiments/formal3h_13alg_ssr50_seed520-522_noise0-001-005_20260622-014658/symbolfit/seed522/tasks/symbolfit_s522_noise001_g0043/iaaccn24/symbolfit/g0043_feynman-i.39.22/progress/minute_0060.json,99d7ef9d30e514eb5f3ac44f00f69744b2766afa187e84d3c3966f28ad665891,60,3600.032,ok,True,True,3.3143423623683996e+40,6.190471383458513e+41,3600.031,((0.48873544 / ((sin(0.010315131) + x4) / ((0.0102575505 + x3) * ((x1 + x1) + (0.0102575505 + 0.0102575505))))) - 0.010257563) - -0.00130561,0.48873544*(2*x1 + 0.020515101)*(x3 + 0.0102575505)/(x4 + 0.010314948076003) - 0.008951953,True,17,5
symbolfit,g0044,feynman-iii.10.19,522,noise001,0.01,iaaccn25,formal3h_13alg_ssr50_seed520-522_noise0-001-005_20260622-014658,symbolfit_s522_noise001_g0044,/home/zhangziwen/workplace/scientific-intelligent-modelling/experiments/formal3h_13alg_ssr50_seed520-522_noise0-001-005_20260622-014658/symbolfit/seed522/tasks/symbolfit_s522_noise001_g0044/iaaccn25/symbolfit/g0044_feynman-iii.10.19/progress/minute_0060.json,a175df2663441c29d64f275dcf761ae856b9a111f01b0eb88f4accb0978999aa,60,3600.151,ok,True,True,3.105537454874939e+54,2.0631596111138392e+48,3600.147,((((exp(exp((sin(x4 + -0.5704242) + x2) * 1.1228943)) - (x3 + (-129.89146 * x2))) - exp(x4)) + -51.12811) * 4.8211465) - 84.65235,626.22575775889*x2 - 4.8211465*x3 - 4.8211465*exp(x4) + 4.8211465*exp(exp(1.1228943*x2 + 1.1228943*sin(x4 - 0.5704242))) - 331.148458578115,True,26,9
symbolfit,g0045,feynman-i.13.12,522,noise001,0.01,iaaccn24,formal3h_13alg_ssr50_seed520-522_noise0-001-005_20260622-014658,symbolfit_s522_noise001_g0045,/home/zhangziwen/workplace/scientific-intelligent-modelling/experiments/formal3h_13alg_ssr50_seed520-522_noise0-001-005_20260622-014658/symbolfit/seed522/tasks/symbolfit_s522_noise001_g0045/iaaccn24/symbolfit/g0045_feynman-i.13.12/progress/minute_0060.json,bf74923418355e5faa9dd29141ac6144af5d2f4762804e167b303b02af894d23,60,3600.037,ok,True,True,3.552325471453817e+22,1.227649074380575e+22,3600.037,(((1185.3928 / (x2 + (exp(x2 / 0.19785398) * x3))) * (x0 * (x1 * (x3 - x2)))) - x0) - (x0 * 11.98286),1185.3928*x0*x1*(-x2 + x3)/(x2 + x3*exp(5.05423241928214*x2)) - 12.98286*x0,True,23,8
symbolfit,g0046,feynman-i.32.5,522,noise001,0.01,iaaccn25,formal3h_13alg_ssr50_seed520-522_noise0-001-005_20260622-014658,symbolfit_s522_noise001_g0046,/home/zhangziwen/workplace/scientific-intelligent-modelling/experiments/formal3h_13alg_ssr50_seed520-522_noise0-001-005_20260622-014658/symbolfit/seed522/tasks/symbolfit_s522_noise001_g0046/iaaccn25/symbolfit/g0046_feynman-i.32.5/progress/minute_0060.json,ff5dececa5d860bb453f653cbac40e7651546264366f2af1e8970732b104ef64,60,3600.32,ok,True,True,9.67010185483838e+40,3.703281175831547e+40,3600.318,(exp(exp(1.5464454 - sin(x0 * 3.1579058))) * x1) * (x1 - -0.068425864),x1*(x1 + 0.068425864)*exp(4.69475252058295*exp(-sin(3.1579058*x0))),True,15,8
symbolfit,g0047,feynman-i.43.31,522,noise001,0.01,iaaccn28,formal3h_13alg_ssr50_seed520-522_noise0-001-005_20260622-014658,symbolfit_s522_noise001_g0047,/home/zhangziwen/workplace/scientific-intelligent-modelling/experiments/formal3h_13alg_ssr50_seed520-522_noise0-001-005_20260622-014658/symbolfit/seed522/tasks/symbolfit_s522_noise001_g0047/iaaccn28/symbolfit/g0047_feynman-i.43.31/progress/minute_0060.json,e6f014b775d205c3c313dae2fb21dbee5d1873ffccaa39321ccd2f00303d0a55,60,3600.024,ok,True,True,2.4310079806001924e+48,2.430954696656016e+48,3600.024,(((x0 + (x1 * 21.526224)) - (x0 + -0.2180171)) * (x0 - -0.010026309)) + 0.00031462844,(x0 + 0.010026309)*(21.526224*x1 + 0.2180171) + 0.00031462844,True,11,5
symbolfit,g0048,feynman-i.11.19,522,noise001,0.01,iaaccn24,formal3h_13alg_ssr50_seed520-522_noise0-001-005_20260622-014658,symbolfit_s522_noise001_g0048,/home/zhangziwen/workplace/scientific-intelligent-modelling/experiments/formal3h_13alg_ssr50_seed520-522_noise0-001-005_20260622-014658/symbolfit/seed522/tasks/symbolfit_s522_noise001_g0048/iaaccn24/symbolfit/g0048_feynman-i.11.19/progress/minute_0060.json,bdfb8e89838394f104c0173324716eecd1d7d3b22f3b0710dce943065a5d951a,60,3600.045,ok,True,True,7.087759097601676e+29,4.349656083347913e+32,3600.045,(((((x4 + 14.50747) - cos(x4 + x5)) * ((x5 - 0.503582) * ((x6 * 858.98096) - 427.41806))) / 0.22209442) + -2.849848) - 2.960215,4.50258948423828*(x5 - 0.503582)*(858.98096*x6 - 427.41806)*(x4 - cos(x4 + x5) + 14.50747) - 5.810063,True,21,7
symbolfit,g0049,feynman-ii.34.2a,522,noise001,0.01,iaaccn24,formal3h_13alg_ssr50_seed520-522_noise0-001-005_20260622-014658,symbolfit_s522_noise001_g0049,/home/zhangziwen/workplace/scientific-intelligent-modelling/experiments/formal3h_13alg_ssr50_seed520-522_noise0-001-005_20260622-014658/symbolfit/seed522/tasks/symbolfit_s522_noise001_g0049/iaaccn24/symbolfit/g0049_feynman-ii.34.2a/progress/minute_0060.json,505f653cb8267af40236fd297eb6db73721c957e9e853f686815a522d1198b96,60,3600.031,ok,True,True,1836732.6613640809,58828.03681965058,3600.031,(((sin(x1 + -0.50910795) / (x4 + 0.17259686)) * 1569.9672) * (x3 + -0.4578819)) * 0.5220053,819.53119922616*(x3 - 0.4578819)*sin(x1 - 0.50910795)/(x4 + 0.17259686),True,14,4
symbolfit,g0050,Vladislavleva-4,522,noise001,0.01,iaaccn22,formal3h_13alg_ssr50_seed520-522_noise0-001-005_20260622-014658,symbolfit_s522_noise001_g0050,/home/zhangziwen/workplace/scientific-intelligent-modelling/experiments/formal3h_13alg_ssr50_seed520-522_noise0-001-005_20260622-014658/symbolfit/seed522/tasks/symbolfit_s522_noise001_g0050/iaaccn22/symbolfit/g0050_Vladislavleva-4/progress/minute_0060.json,bf8f5f60225505b940151e50eb6136896c27823fd56542addba4c1ea19eb21f3,60,3600.043,ok,True,True,1.8674946730665656,2.101038941025061,3600.043,(sin((x0 * 1.8126346) - -0.6771255) * ((cos(1.7461213 - exp(x2)) * sin(exp(cos(-0.6287724 - x4)))) - 0.059876196)) * 1.5312531,1.5312531*(sin(exp(cos(x4 + 0.6287724)))*cos(exp(x2) - 1.7461213) - 0.059876196)*sin(1.8126346*x0 + 0.6771255),True,22,8
symbolfit,g0001,Keijzer-11,522,noise005,0.05,iaaccn23,formal3h_13alg_ssr50_seed520-522_noise0-001-005_20260622-014658,symbolfit_s522_noise005_g0001,/home/zhangziwen/workplace/scientific-intelligent-modelling/experiments/formal3h_13alg_ssr50_seed520-522_noise0-001-005_20260622-014658/symbolfit/seed522/tasks/symbolfit_s522_noise005_g0001/iaaccn23/symbolfit/g0001_Keijzer-11/progress/minute_0060.json,0a82b51b9fda3ffefb795550548a3b1f27f2ab93217520a04be654ce349cd400,60,3600.083,ok,True,True,130.9995232705093,106.58030087393563,3600.083,(0.06393809 / sin((x1 + x0) + -0.19045585)) + (((x0 * 3.253868) + -1.3308834) * ((x1 * ((sin(x1) * 2.7472355) + x1)) + -1.117624)),(3.253868*x0 - 1.3308834)*(x1*(x1 + 2.7472355*sin(x1)) - 1.117624) + 0.06393809/sin(x0 + x1 - 0.19045585),True,26,8
symbolfit,g0002,Keijzer-2,522,noise005,0.05,iaaccn24,formal3h_13alg_ssr50_seed520-522_noise0-001-005_20260622-014658,symbolfit_s522_noise005_g0002,/home/zhangziwen/workplace/scientific-intelligent-modelling/experiments/formal3h_13alg_ssr50_seed520-522_noise0-001-005_20260622-014658/symbolfit/seed522/tasks/symbolfit_s522_noise005_g0002/iaaccn24/symbolfit/g0002_Keijzer-2/progress/minute_0060.json,70c821315dadcd4d9310adee868cd4b8a90c5ab502dbc22dac979dd4f24232d0,60,3600.034,ok,True,True,2858.8461172339607,5889.7159402632915,3600.034,((-1.0579418 - x0) - (x0 + (-0.84920865 / (x0 + -0.036845315)))) * (sin(x0 + ((x0 + 0.43522093) / -0.036845315)) * (x0 * 5.477836)),-5.477836*x0*(-2*x0 - 1.0579418 + 0.84920865/(x0 - 0.036845315))*sin(26.1404926243676*x0 + 11.8121104406354),True,21,6
symbolfit,g0003,Korns-2,522,noise005,0.05,iaaccn27,formal3h_13alg_ssr50_seed520-522_noise0-001-005_20260622-014658,symbolfit_s522_noise005_g0003,/home/zhangziwen/workplace/scientific-intelligent-modelling/experiments/formal3h_13alg_ssr50_seed520-522_noise0-001-005_20260622-014658/symbolfit/seed522/tasks/symbolfit_s522_noise005_g0003/iaaccn27/symbolfit/g0003_Korns-2/progress/minute_0060.json,99b3abbccd0bb2ca68bcf0517a4fe163bf47eea23c13841218d44aad977dc293,60,3600.037,ok,True,True,233385845.9690876,508592306.1117759,3600.037,(x0 * (x2 - x1)) * ((((x2 * x2) - 0.2511404) / (x3 + -0.2430163)) - (cos(x0 * (-2.71271 - sin(x1))) / 0.2511404)),x0*(-x1 + x2)*((x2**2 - 0.2511404)/(x3 - 0.2430163) - 3.98183645482766*cos(x0*(-sin(x1) - 2.71271))),True,30,9
symbolfit,g0004,Korns-4,522,noise005,0.05,iaaccn24,formal3h_13alg_ssr50_seed520-522_noise0-001-005_20260622-014658,symbolfit_s522_noise005_g0004,/home/zhangziwen/workplace/scientific-intelligent-modelling/experiments/formal3h_13alg_ssr50_seed520-522_noise0-001-005_20260622-014658/symbolfit/seed522/tasks/symbolfit_s522_noise005_g0004/iaaccn24/symbolfit/g0004_Korns-4/progress/minute_0060.json,f00305b55a9e6b877762b291d1c938f87478e2f66b31364befe9639ff0b4c31a,60,3600.038,ok,True,True,43.176159899727004,57.720173363325515,3600.038,-0.01362289 - cos(((x3 * 1.134364) + 0.6047422) * (-0.0759766 / sin(exp(sin(exp(sin(exp(sin(exp(exp(exp(x1 / 0.9168259)))))))))))),-cos(0.0759766*(1.134364*x3 + 0.6047422)/sin(exp(sin(exp(sin(exp(sin(exp(exp(exp(1.09071962299494*x1))))))))))) - 0.01362289,True,27,17
symbolfit,g0005,BPG3,522,noise005,0.05,iaaccn24,formal3h_13alg_ssr50_seed520-522_noise0-001-005_20260622-014658,symbolfit_s522_noise005_g0005,/home/zhangziwen/workplace/scientific-intelligent-modelling/experiments/formal3h_13alg_ssr50_seed520-522_noise0-001-005_20260622-014658/symbolfit/seed522/tasks/symbolfit_s522_noise005_g0005/iaaccn24/symbolfit/g0005_BPG3/progress/minute_0060.json,c100c39c1cc7e9c16205d695b5665875677c17189738ee0780a5cabb0fca6590,60,3600.029,ok,True,True,3208.88508243359,52608138.04714075,3600.029,(((x1 * 16.88877) + (((-44.536167 - exp(x1)) - (x0 / 0.6816839)) - x1)) * x1) - -0.003254458,x1*(-1.46695557867804*x0 + 15.88877*x1 - exp(x1) - 44.536167) + 0.003254458,True,16,6
symbolfit,g0006,BPG5,522,noise005,0.05,iaaccn29,formal3h_13alg_ssr50_seed520-522_noise0-001-005_20260622-014658,symbolfit_s522_noise005_g0006,/home/zhangziwen/workplace/scientific-intelligent-modelling/experiments/formal3h_13alg_ssr50_seed520-522_noise0-001-005_20260622-014658/symbolfit/seed522/tasks/symbolfit_s522_noise005_g0006/iaaccn29/symbolfit/g0006_BPG5/progress/minute_0060.json,656fe1b880d4370909c1415b9f749d69ba47ac9f17a0c3bffd862bfcd0e55127,60,3600.044,ok,True,True,2.977885991731432e+298,475.9110285533792,3600.044,(0.766357 + (x1 * -0.7667781)) * ((x1 * (exp(((x1 * x1) * (x1 * x1)) - x1) + 72.59905)) + 0.75572294),(0.766357 - 0.7667781*x1)*(x1*(exp(x1**4 - x1) + 72.59905) + 0.75572294),True,20,8
symbolfit,g0007,BPG9,522,noise005,0.05,iaaccn22,formal3h_13alg_ssr50_seed520-522_noise0-001-005_20260622-014658,symbolfit_s522_noise005_g0007,/home/zhangziwen/workplace/scientific-intelligent-modelling/experiments/formal3h_13alg_ssr50_seed520-522_noise0-001-005_20260622-014658/symbolfit/seed522/tasks/symbolfit_s522_noise005_g0007/iaaccn22/symbolfit/g0007_BPG9/progress/minute_0060.json,fb6421cb5b0e00dd98234e0bc385df639de1843471d09dc95c78deb66caca0fe,60,3600.046,ok,True,True,2094930430985.0835,1.2490261833173246e+16,3600.046,((cos(x1 + ((x1 * 1.2821434) + -0.69121706)) * x1) * (exp((x1 * 0.8924876) + 2.5216818) + 12.7016)) + 0.78655154,x1*(12.4495166641439*exp(0.8924876*x1) + 12.7016)*cos(2.2821434*x1 - 0.69121706) + 0.78655154,True,18,7
symbolfit,g0008,CRK0,522,noise005,0.05,iaaccn28,formal3h_13alg_ssr50_seed520-522_noise0-001-005_20260622-014658,symbolfit_s522_noise005_g0008,/home/zhangziwen/workplace/scientific-intelligent-modelling/experiments/formal3h_13alg_ssr50_seed520-522_noise0-001-005_20260622-014658/symbolfit/seed522/tasks/symbolfit_s522_noise005_g0008/iaaccn28/symbolfit/g0008_CRK0/progress/minute_0060.json,6d9b85805fcb76bcb6fbbf406afe902dfeaf78f00386c0b640745b8e257db43c,60,3600.038,ok,True,True,126975357.48743561,1141265925679.2993,3600.038,(exp(x1) * ((x1 * 8.820335) + -29.640656)) + ((x1 * 3.465201) - ((((x0 - x1) * -0.11580071) * x0) + -53.008602)),-x0*(-0.11580071*x0 + 0.11580071*x1) + 3.465201*x1 + (8.820335*x1 - 29.640656)*exp(x1) + 53.008602,True,23,5
symbolfit,g0009,CRK10,522,noise005,0.05,iaaccn28,formal3h_13alg_ssr50_seed520-522_noise0-001-005_20260622-014658,symbolfit_s522_noise005_g0009,/home/zhangziwen/workplace/scientific-intelligent-modelling/experiments/formal3h_13alg_ssr50_seed520-522_noise0-001-005_20260622-014658/symbolfit/seed522/tasks/symbolfit_s522_noise005_g0009/iaaccn28/symbolfit/g0009_CRK10/progress/minute_0060.json,01c09ea8803abe517ec779ba67cacbce96e544487c41a6916691dccdf419504f,60,3600.035,ok,True,True,303023.14914077317,7984022561.018244,3600.035,(((((x1 * -9.027214) + -6.997272) * x1) + 15.974531) - ((x0 * -0.011457174) + x0)) + x0,0.011457174*x0 + x1*(-9.027214*x1 - 6.997272) + 15.974531,True,12,5
symbolfit,g0010,CRK11,522,noise005,0.05,iaaccn23,formal3h_13alg_ssr50_seed520-522_noise0-001-005_20260622-014658,symbolfit_s522_noise005_g0010,/home/zhangziwen/workplace/scientific-intelligent-modelling/experiments/formal3h_13alg_ssr50_seed520-522_noise0-001-005_20260622-014658/symbolfit/seed522/tasks/symbolfit_s522_noise005_g0010/iaaccn23/symbolfit/g0010_CRK11/progress/minute_0060.json,32862a002539951cea947bfde3f799756a4b48d3f37584f124875ef96a6a4e8f,60,3600.037,ok,True,True,3734592.5329479952,21430824105.910057,3600.037,(((x1 * 20.578653) / sin(1.9790903 - (sin(x0 * (x0 * x0)) * 0.5042867))) + -0.056127056) * (((x1 * 0.36259195) - x1) + -2.2672813),(-0.63740805*x1 - 2.2672813)*(-20.578653*x1/sin(0.5042867*sin(x0**3) - 1.9790903) - 0.056127056),True,22,10
symbolfit,g0011,CRK33,522,noise005,0.05,iaaccn24,formal3h_13alg_ssr50_seed520-522_noise0-001-005_20260622-014658,symbolfit_s522_noise005_g0011,/home/zhangziwen/workplace/scientific-intelligent-modelling/experiments/formal3h_13alg_ssr50_seed520-522_noise0-001-005_20260622-014658/symbolfit/seed522/tasks/symbolfit_s522_noise005_g0011/iaaccn24/symbolfit/g0011_CRK33/progress/minute_0060.json,ca0f501bfc5402f885ee48a64fa40917da36314fbb562a5160d76b0ea4c746f4,60,3600.024,ok,True,True,359711.5513759076,20372204643.016544,3600.024,(((x1 * ((x1 * 1.2173443) + -16.442984)) * x1) + exp(x1)) + 12.483715,x1**2*(1.2173443*x1 - 16.442984) + exp(x1) + 12.483715,True,13,5
symbolfit,g0012,CRK34,522,noise005,0.05,iaaccn29,formal3h_13alg_ssr50_seed520-522_noise0-001-005_20260622-014658,symbolfit_s522_noise005_g0012,/home/zhangziwen/workplace/scientific-intelligent-modelling/experiments/formal3h_13alg_ssr50_seed520-522_noise0-001-005_20260622-014658/symbolfit/seed522/tasks/symbolfit_s522_noise005_g0012/iaaccn29/symbolfit/g0012_CRK34/progress/minute_0060.json,8423daf2a353ad0dd2bc678b027a5d2d610ba227fe7d5a9c3f67b0a5743562aa,60,3600.034,ok,True,True,518985.9181543196,19643544268.80544,3600.034,(((0.9989246 - x1) / (0.16959496 / ((sin(x1) + 1.6088437) - (((-1.2269498 - x1) / 0.88943195) / 0.66602963)))) - 0.45779327) + 0.45929012,(0.9989246 - x1)*(9.95361370280041*x1 + 5.89640163835057*sin(x1) + 21.6989729704582) + 0.00149685000000005,True,17,6
symbolfit,g0013,I.11.19_4_0,522,noise005,0.05,iaaccn23,formal3h_13alg_ssr50_seed520-522_noise0-001-005_20260622-014658,symbolfit_s522_noise005_g0013,/home/zhangziwen/workplace/scientific-intelligent-modelling/experiments/formal3h_13alg_ssr50_seed520-522_noise0-001-005_20260622-014658/symbolfit/seed522/tasks/symbolfit_s522_noise005_g0013/iaaccn23/symbolfit/g0013_I.11.19_4_0/progress/minute_0060.json,b1ddb2dee94644692735be1117aaacdaed907a61de8af6547a143d9b79dddb6a,60,3600.091,ok,True,True,58694.26070990117,0.9387133748561037,3600.091,(x0 / (((((((x4 * (x1 + x1)) * 0.28796923) + 0.23987027) * x0) * cos(x3)) + exp(x2)) + -0.8201359)) * -1.679319,-1.679319*x0/(x0*(0.57593846*x1*x4 + 0.23987027)*cos(x3) + exp(x2) - 0.8201359),True,19,7
symbolfit,g0014,II.11.27_1_0,522,noise005,0.05,iaaccn25,formal3h_13alg_ssr50_seed520-522_noise0-001-005_20260622-014658,symbolfit_s522_noise005_g0014,/home/zhangziwen/workplace/scientific-intelligent-modelling/experiments/formal3h_13alg_ssr50_seed520-522_noise0-001-005_20260622-014658/symbolfit/seed522/tasks/symbolfit_s522_noise005_g0014/iaaccn25/symbolfit/g0014_II.11.27_1_0/progress/minute_0060.json,4c3861c0aec62e1dbcf392c36f3e588e84415ce73b40c737fee3f11b49bcff0b,60,3600.966,ok,True,True,0.8604270284738085,1.2534611897340944e+293,3600.964,exp(exp(((((x1 * 23.143318) * exp(cos(x1))) * -25.879847) + 2.3001509) / 1.1171199) + 0.14488725),1.15590923415431*exp(7.8381349602841*exp(-536.151516871507*x1*exp(cos(x1)))),True,12,8
symbolfit,g0015,II.34.2_1_0,522,noise005,0.05,iaaccn28,formal3h_13alg_ssr50_seed520-522_noise0-001-005_20260622-014658,symbolfit_s522_noise005_g0015,/home/zhangziwen/workplace/scientific-intelligent-modelling/experiments/formal3h_13alg_ssr50_seed520-522_noise0-001-005_20260622-014658/symbolfit/seed522/tasks/symbolfit_s522_noise005_g0015/iaaccn28/symbolfit/g0015_II.34.2_1_0/progress/minute_0060.json,e4562d9efed8deaf3ed48bb9b17acd62aa517e94a263b253a5909f5473d164cb,60,3600.069,ok,True,True,17.496316059998552,84442689518682.62,3600.069,exp((((((x2 - x0) + ((x2 * -0.38883266) * x2)) - 0.068727285) * 4.3359933) * ((x0 * 0.39015138) + -0.8616972)) - (sin(x1) + x1)),exp(-x1 + (0.39015138*x0 - 0.8616972)*(-4.3359933*x0 - 1.68597580858118*x2**2 + 4.3359933*x2 - 0.298001047287191) - sin(x1)),True,28,7
symbolfit,g0016,II.6.15b_3_0,522,noise005,0.05,iaaccn22,formal3h_13alg_ssr50_seed520-522_noise0-001-005_20260622-014658,symbolfit_s522_noise005_g0016,/home/zhangziwen/workplace/scientific-intelligent-modelling/experiments/formal3h_13alg_ssr50_seed520-522_noise0-001-005_20260622-014658/symbolfit/seed522/tasks/symbolfit_s522_noise005_g0016/iaaccn22/symbolfit/g0016_II.6.15b_3_0/progress/minute_0060.json,f370b6322afcb8b8ac4920893b046e4d36d49160f8f85244d9cad671dcadc547,60,3600.051,ok,True,True,0.36285498400306954,0.2135340723547334,3600.051,((cos(cos(exp((-1.6117506 + x0) - cos(5.0634255 * exp(x0))))) * 3.6987894) - 1.376223) + 0.08431702,3.6987894*cos(cos(0.199537996927121*exp(x0 - cos(5.0634255*exp(x0))))) - 1.29190598,True,18,12
symbolfit,g0017,III.21.20_3_0,522,noise005,0.05,iaaccn24,formal3h_13alg_ssr50_seed520-522_noise0-001-005_20260622-014658,symbolfit_s522_noise005_g0017,/home/zhangziwen/workplace/scientific-intelligent-modelling/experiments/formal3h_13alg_ssr50_seed520-522_noise0-001-005_20260622-014658/symbolfit/seed522/tasks/symbolfit_s522_noise005_g0017/iaaccn24/symbolfit/g0017_III.21.20_3_0/progress/minute_0060.json,2967cf2a97a79e52dd139b59347f8352fc6c639c19585c65216ae858bd8b4ed9,60,3600.035,ok,True,True,104.4552945700879,1.2559890920446888e+150,3600.035,x0 + exp(((x3 + x1) + ((x0 - 0.970415) / 0.017326716)) + x2),x0 + 4.7481964861409e-25*exp(57.7143412519718*x0 + x1 + x2 + x3),True,12,6
symbolfit,g0018,MatSci21,522,noise005,0.05,iaaccn22,formal3h_13alg_ssr50_seed520-522_noise0-001-005_20260622-014658,symbolfit_s522_noise005_g0018,/home/zhangziwen/workplace/scientific-intelligent-modelling/experiments/formal3h_13alg_ssr50_seed520-522_noise0-001-005_20260622-014658/symbolfit/seed522/tasks/symbolfit_s522_noise005_g0018/iaaccn22/symbolfit/g0018_MatSci21/progress/minute_0060.json,447acd6f2897efc0fa5539fcc1dd7300b8a713977ee78b0618aba30e24fab89d,60,3600.032,ok,True,True,7210302099.301208,2953687437.746339,3600.032,(((((((exp(x0) - 1.4409615) * (x1 * 60.49892)) - 27.507748) * x1) + 0.95765173) - x1) * 1.3321512) - x0,-x0 + 1.3321512*x1*(60.49892*x1*(exp(x0) - 1.4409615) - 27.507748) - 1.3321512*x1 + 1.27573690130158,True,20,7
symbolfit,g0019,PO19,522,noise005,0.05,iaaccn23,formal3h_13alg_ssr50_seed520-522_noise0-001-005_20260622-014658,symbolfit_s522_noise005_g0019,/home/zhangziwen/workplace/scientific-intelligent-modelling/experiments/formal3h_13alg_ssr50_seed520-522_noise0-001-005_20260622-014658/symbolfit/seed522/tasks/symbolfit_s522_noise005_g0019/iaaccn23/symbolfit/g0019_PO19/progress/minute_0060.json,5fddcc719671fe17603a388c9fa4973b6c534fd5af83a5873df990c4f52f741e,60,3600.042,ok,True,True,159835604.35106304,2.2790420588482616e+16,3600.042,((((1.0670766 / cos(cos(-0.11414664 - x2))) + -0.6050285) - x0) - ((cos((x0 * -2.016994) + 0.8983789) * 1.8827591) * x0)) * 2165.3965,-4076.91996548315*x0*cos(2.016994*x0 - 0.8983789) - 2165.3965*x0 - 1310.12659630025 + 2310.6439348719/cos(cos(x2 + 0.11414664)),True,23,7
symbolfit,g0020,PO41,522,noise005,0.05,iaaccn22,formal3h_13alg_ssr50_seed520-522_noise0-001-005_20260622-014658,symbolfit_s522_noise005_g0020,/home/zhangziwen/workplace/scientific-intelligent-modelling/experiments/formal3h_13alg_ssr50_seed520-522_noise0-001-005_20260622-014658/symbolfit/seed522/tasks/symbolfit_s522_noise005_g0020/iaaccn22/symbolfit/g0020_PO41/progress/minute_0060.json,efbe10737c9c10c7aa1597c04cb2dd6d926d1bc3b49e79e92ff0d477ce7cc70b,60,3600.044,ok,True,True,4625883727.107872,4.517576551222071e+16,3600.044,(x1 + cos(sin((x1 + x1) + x1) - x0)) * (((x2 * -256.98395) + (395.85324 - (x0 * 785.00903))) - (x1 * -0.5363154)),(x1 + cos(x0 - sin(3*x1)))*(-785.00903*x0 + 0.5363154*x1 - 256.98395*x2 + 395.85324),True,23,8
symbolfit,g0021,Nguyen-12,522,noise005,0.05,iaaccn25,formal3h_13alg_ssr50_seed520-522_noise0-001-005_20260622-014658,symbolfit_s522_noise005_g0021,/home/zhangziwen/workplace/scientific-intelligent-modelling/experiments/formal3h_13alg_ssr50_seed520-522_noise0-001-005_20260622-014658/symbolfit/seed522/tasks/symbolfit_s522_noise005_g0021/iaaccn25/symbolfit/g0021_Nguyen-12/progress/minute_0060.json,f342aac0ee592f5a3f2d245d5f2388180a304f9d88b579d40dac805beb5418c8,60,3600.051,ok,True,True,4.845635152455882,6.744796743690267,3600.051,((sin(x0 * (x0 * 2.7018514)) * 0.8455701) - (sin(sin(x1) * -3.420075) + (x1 * -4.0101485))) / -2.5268397,-1.58702132944959*x1 - 0.334635434135375*sin(2.7018514*x0**2) - 0.395751261941943*sin(3.420075*sin(x1)),True,19,6
symbolfit,g0022,Nguyen-6,522,noise005,0.05,iaaccn26,formal3h_13alg_ssr50_seed520-522_noise0-001-005_20260622-014658,symbolfit_s522_noise005_g0022,/home/zhangziwen/workplace/scientific-intelligent-modelling/experiments/formal3h_13alg_ssr50_seed520-522_noise0-001-005_20260622-014658/symbolfit/seed522/tasks/symbolfit_s522_noise005_g0022/iaaccn26/symbolfit/g0022_Nguyen-6/progress/minute_0060.json,77a04cc281fc669983871e0d6f7e3d9e1444c21e70d289e410fcd68bda14477a,60,3600.027,ok,True,True,19.84894890567549,19.215011832648074,3600.027,cos(exp(x0 * 1.0418046)) * ((cos(sin(exp(x0 + x0) + 0.051222853)) - 8.373611) + sin(exp(x0 * 2.8929288))),(sin(exp(2.8929288*x0)) + cos(sin(exp(2*x0) + 0.051222853)) - 8.373611)*cos(exp(1.0418046*x0)),True,21,8
symbolfit,g0023,Nguyen-9,522,noise005,0.05,iaaccn29,formal3h_13alg_ssr50_seed520-522_noise0-001-005_20260622-014658,symbolfit_s522_noise005_g0023,/home/zhangziwen/workplace/scientific-intelligent-modelling/experiments/formal3h_13alg_ssr50_seed520-522_noise0-001-005_20260622-014658/symbolfit/seed522/tasks/symbolfit_s522_noise005_g0023/iaaccn29/symbolfit/g0023_Nguyen-9/progress/minute_0060.json,0588238af017b9ef1bca3094b83f1399822c9db3b98ddc792b9bb2cecd75b50a,60,3600.039,ok,True,True,0.24452892389927905,0.0034908394101915343,3600.039,((sin((x1 / 0.9287147) * x1) + sin(x0 + 0.12046824)) - 0.045815293) / cos(cos(0.9129827 / sin(sin(x0 + 0.18299451))) * -0.27251917),(sin(1.07675694160973*x1**2) + sin(x0 + 0.12046824) - 0.045815293)/cos(0.27251917*cos(0.9129827/sin(sin(x0 + 0.18299451)))),True,28,11
symbolfit,g0024,feynman_II_15_4,522,noise005,0.05,iaaccn23,formal3h_13alg_ssr50_seed520-522_noise0-001-005_20260622-014658,symbolfit_s522_noise005_g0024,/home/zhangziwen/workplace/scientific-intelligent-modelling/experiments/formal3h_13alg_ssr50_seed520-522_noise0-001-005_20260622-014658/symbolfit/seed522/tasks/symbolfit_s522_noise005_g0024/iaaccn23/symbolfit/g0024_feynman_II_15_4/progress/minute_0060.json,4a726b12a37d46625cdf5891d3ccfe8a0fff6f9f598d944bc4cab3c29f2b7b7e,60,3600.05,ok,True,True,37.34710601488399,52.89526303885799,3600.05,((x0 + ((x0 + 0.48098037) * (x2 + x1))) * (x1 + (1.4735354 - x2))) * sin((x2 / 0.24979094) - 0.57888615),(x0 + (x0 + 0.48098037)*(x1 + x2))*(x1 - x2 + 1.4735354)*sin(4.00334775953043*x2 - 0.57888615),True,22,5
symbolfit,g0025,feynman_I_12_11,522,noise005,0.05,iaaccn26,formal3h_13alg_ssr50_seed520-522_noise0-001-005_20260622-014658,symbolfit_s522_noise005_g0025,/home/zhangziwen/workplace/scientific-intelligent-modelling/experiments/formal3h_13alg_ssr50_seed520-522_noise0-001-005_20260622-014658/symbolfit/seed522/tasks/symbolfit_s522_noise005_g0025/iaaccn26/symbolfit/g0025_feynman_I_12_11/progress/minute_0060.json,142f3f257b3150ba5749e037b8f658a0112ebbb29323207f437ff1e0bfa62eb2,60,3600.041,ok,True,True,8693803.049852716,564354604.5896221,3600.041,((x0 + -0.18600875) - (cos(x4 * 2.9448898) * ((exp((x0 + x3) + x2) - (x3 + 1.0642914)) * -0.80171317))) + x1,x0 + x1 - (0.80171317*x3 - 0.80171317*exp(x0 + x2 + x3) + 0.853256432097738)*cos(2.9448898*x4) - 0.18600875,True,22,7
symbolfit,g0026,feynman_I_27_6,522,noise005,0.05,iaaccn24,formal3h_13alg_ssr50_seed520-522_noise0-001-005_20260622-014658,symbolfit_s522_noise005_g0026,/home/zhangziwen/workplace/scientific-intelligent-modelling/experiments/formal3h_13alg_ssr50_seed520-522_noise0-001-005_20260622-014658/symbolfit/seed522/tasks/symbolfit_s522_noise005_g0026/iaaccn24/symbolfit/g0026_feynman_I_27_6/progress/minute_0060.json,00e9d7f183ba81e2d5f243ba8a30d456ddd0af0a88af84d0ee5c2c053ec1705a,60,3600.055,ok,True,True,956.1778673250269,1617.8151160701866,3600.055,sin(x1) + (((((x1 + sin(sin(cos(x0)) - x2)) * 0.786806) * (x0 - sin(x2))) + 0.5525015) * (1.3165885 - x2)),(1.3165885 - x2)*((x0 - sin(x2))*(0.786806*x1 - 0.786806*sin(x2 - sin(cos(x0)))) + 0.5525015) + sin(x1),True,32,12
symbolfit,g0027,feynman_test_15,522,noise005,0.05,iaaccn28,formal3h_13alg_ssr50_seed520-522_noise0-001-005_20260622-014658,symbolfit_s522_noise005_g0027,/home/zhangziwen/workplace/scientific-intelligent-modelling/experiments/formal3h_13alg_ssr50_seed520-522_noise0-001-005_20260622-014658/symbolfit/seed522/tasks/symbolfit_s522_noise005_g0027/iaaccn28/symbolfit/g0027_feynman_test_15/progress/minute_0060.json,4f6e807fa1df1c59e2d80173493549b1bcdf6616c3ce1256e2dcf523f060162b,60,3600.065,ok,True,True,0.10381426314808878,0.2259591763931719,3600.065,(((x2 + log(cos(cos((sin(x3 * 3.0436444) * 1.0715874) * sin(x2))))) * 0.98229814) + sin(exp(x3 * 0.79081696))) * 1.0794231,1.06031530340303*x2 + 1.06031530340303*log(cos(cos(1.0715874*sin(x2)*sin(3.0436444*x3)))) + 1.0794231*sin(exp(0.79081696*x3)),True,24,9
symbolfit,g0028,strogatz_barmag1,522,noise005,0.05,iaaccn26,formal3h_13alg_ssr50_seed520-522_noise0-001-005_20260622-014658,symbolfit_s522_noise005_g0028,/home/zhangziwen/workplace/scientific-intelligent-modelling/experiments/formal3h_13alg_ssr50_seed520-522_noise0-001-005_20260622-014658/symbolfit/seed522/tasks/symbolfit_s522_noise005_g0028/iaaccn26/symbolfit/g0028_strogatz_barmag1/progress/minute_0060.json,3969eed05c2c48d139d51b35623d3348e20520067e5fd8fc3d09364e0f4b64bc,60,3600.034,ok,True,True,117.85139855379848,80.70391080839205,3600.034,(exp(sin((x1 * 4.1369796) - x0) + (exp(sin(x0)) * cos(x0 * exp(x0 * x0)))) - x0) - -1.0418904,-x0 + exp(exp(sin(x0))*cos(x0*exp(x0**2)) - sin(x0 - 4.1369796*x1)) + 1.0418904,True,26,9
symbolfit,g0029,strogatz_barmag2,522,noise005,0.05,iaaccn29,formal3h_13alg_ssr50_seed520-522_noise0-001-005_20260622-014658,symbolfit_s522_noise005_g0029,/home/zhangziwen/workplace/scientific-intelligent-modelling/experiments/formal3h_13alg_ssr50_seed520-522_noise0-001-005_20260622-014658/symbolfit/seed522/tasks/symbolfit_s522_noise005_g0029/iaaccn29/symbolfit/g0029_strogatz_barmag2/progress/minute_0060.json,e80c80a364a08287b1cf3ded34e808e79dd6bb2daa259f7126af1155bae8aa05,60,3600.037,ok,True,True,243625.38802228542,86000.61937258267,3600.037,(sin(0.29296938 - (6.379362 * x1)) * ((1.343069 - x0) * 32.593304)) - (exp(sin((x0 + x1) * 7.2057323) + sin(0.39911672)) + -0.85345936),-(43.775056209976 - 32.593304*x0)*sin(6.379362*x1 - 0.29296938) - 1.47492130488888*exp(sin(7.2057323*x0 + 7.2057323*x1)) + 0.85345936,True,26,7
symbolfit,g0030,strogatz_predprey2,522,noise005,0.05,iaaccn25,formal3h_13alg_ssr50_seed520-522_noise0-001-005_20260622-014658,symbolfit_s522_noise005_g0030,/home/zhangziwen/workplace/scientific-intelligent-modelling/experiments/formal3h_13alg_ssr50_seed520-522_noise0-001-005_20260622-014658/symbolfit/seed522/tasks/symbolfit_s522_noise005_g0030/iaaccn25/symbolfit/g0030_strogatz_predprey2/progress/minute_0060.json,76c53db070d9831273889bd9b3280e630396df55ee9b947f338a592cda72f97d,60,3600.133,ok,True,True,10125860235.91947,1.482290766581277e+17,3600.126,(((((x1 + (x0 / -0.84613776)) * exp(x1 + 0.6645728)) * -1.756422) - (x0 * -8.299064)) / (x0 + 0.29566875)) + -0.9443996,-0.9443996 + (8.299064*x0 - 3.41388720629165*(-1.18184064968333*x0 + x1)*exp(x1))/(x0 + 0.29566875),True,21,7
symbolfit,g0031,strogatz_shearflow1,522,noise005,0.05,iaaccn28,formal3h_13alg_ssr50_seed520-522_noise0-001-005_20260622-014658,symbolfit_s522_noise005_g0031,/home/zhangziwen/workplace/scientific-intelligent-modelling/experiments/formal3h_13alg_ssr50_seed520-522_noise0-001-005_20260622-014658/symbolfit/seed522/tasks/symbolfit_s522_noise005_g0031/iaaccn28/symbolfit/g0031_strogatz_shearflow1/progress/minute_0060.json,53e3fb7ecb77d5598a34ad67c51844a76ced34376365a3bdf5c0f45177bb0f24,60,3600.038,ok,True,True,255974889.7823972,779275.2236641574,3600.038,(exp(4.9560328 * (cos((x1 + 0.042284854) * -9.663304) + (x1 * 0.78739285))) + exp(exp(sin(x1)) + x1)) * cos(x1 * -5.356347),(exp(x1 + exp(sin(x1))) + exp(3.90234479108548*x1 + 4.9560328*cos(9.663304*x1 + 0.408611398797616)))*cos(5.356347*x1),True,25,9
symbolfit,g0032,strogatz_vdp1,522,noise005,0.05,iaaccn22,formal3h_13alg_ssr50_seed520-522_noise0-001-005_20260622-014658,symbolfit_s522_noise005_g0032,/home/zhangziwen/workplace/scientific-intelligent-modelling/experiments/formal3h_13alg_ssr50_seed520-522_noise0-001-005_20260622-014658/symbolfit/seed522/tasks/symbolfit_s522_noise005_g0032/iaaccn22/symbolfit/g0032_strogatz_vdp1/progress/minute_0060.json,1c72cf0c689d50d673de80e277002fe021025ba2e32d74a0a03ce7a8be1c2cc9,60,3600.05,ok,True,True,207383.37734685285,52917.183386951554,3600.05,(((cos(x0 / -0.707205) * (((x1 / (x0 + 1.0086122)) + x0) * 462.06012)) + -210.96555) * (x0 + x0)) + 11.414136,2*x0*((462.06012*x0 + 462.06012*x1/(x0 + 1.0086122))*cos(1.41401715202805*x0) - 210.96555) + 11.414136,True,24,9
symbolfit,g0033,first_principles_hubble,522,noise005,0.05,iaaccn23,formal3h_13alg_ssr50_seed520-522_noise0-001-005_20260622-014658,symbolfit_s522_noise005_g0033,/home/zhangziwen/workplace/scientific-intelligent-modelling/experiments/formal3h_13alg_ssr50_seed520-522_noise0-001-005_20260622-014658/symbolfit/seed522/tasks/symbolfit_s522_noise005_g0033/iaaccn23/symbolfit/g0033_first_principles_hubble/progress/minute_0060.json,d76f5e5826cf6dde94af5288c6e3ff57dddaca6e6cbcc1b3ad6c8b99545b793b,60,3600.035,ok,True,True,0.9911722166326353,0.9962470723011267,3600.035,sin((x0 / (x0 + -0.3407041)) + ((x0 - 1.4020429) + -0.2348837)) + ((sin((x0 / (x0 + -0.43129912)) + x0) * 0.4232067) + 0.90871435),0.4232067*sin(x0 + x0/(x0 - 0.43129912)) + sin(x0 + x0/(x0 - 0.3407041) - 1.6369266) + 0.90871435,True,25,8
symbolfit,g0034,first_principles_leavitt,522,noise005,0.05,iaaccn25,formal3h_13alg_ssr50_seed520-522_noise0-001-005_20260622-014658,symbolfit_s522_noise005_g0034,/home/zhangziwen/workplace/scientific-intelligent-modelling/experiments/formal3h_13alg_ssr50_seed520-522_noise0-001-005_20260622-014658/symbolfit/seed522/tasks/symbolfit_s522_noise005_g0034/iaaccn25/symbolfit/g0034_first_principles_leavitt/progress/minute_0060.json,afba50ce015752da77a5a1c3bb3ce06a3b0337c5cfaaec554a509e199ad6eda6,60,3600.236,ok,True,True,0.8733413861545173,0.8754975697420969,3600.235,cos(log(x0 + cos(0.8442103 - cos(sin(0.44174603 - x0))))) / 0.94024104,1.06355706404817*cos(log(x0 + cos(cos(sin(x0 - 0.44174603)) - 0.8442103))),True,14,10
symbolfit,g0035,feynman-ii.4.23,522,noise005,0.05,iaaccn27,formal3h_13alg_ssr50_seed520-522_noise0-001-005_20260622-014658,symbolfit_s522_noise005_g0035,/home/zhangziwen/workplace/scientific-intelligent-modelling/experiments/formal3h_13alg_ssr50_seed520-522_noise0-001-005_20260622-014658/symbolfit/seed522/tasks/symbolfit_s522_noise005_g0035/iaaccn27/symbolfit/g0035_feynman-ii.4.23/progress/minute_0060.json,f4807b13b3252a3d5233da5aa8d8aa506d1947f896b53ca170a4d5e1c7848197,60,3600.036,ok,True,True,0.9999999944276706,0.9999999973948672,3600.036,((cos((x0 * -142.27924) - x0) * -0.10732815) + (((x0 * 18.23615) - 9.11448) / (x1 + 0.010153552))) - -0.05790827,(18.23615*x0 - 9.11448)/(x1 + 0.010153552) - 0.10732815*cos(143.27924*x0) + 0.05790827,True,19,5
symbolfit,g0036,feynman-iii.7.38,522,noise005,0.05,iaaccn26,formal3h_13alg_ssr50_seed520-522_noise0-001-005_20260622-014658,symbolfit_s522_noise005_g0036,/home/zhangziwen/workplace/scientific-intelligent-modelling/experiments/formal3h_13alg_ssr50_seed520-522_noise0-001-005_20260622-014658/symbolfit/seed522/tasks/symbolfit_s522_noise005_g0036/iaaccn26/symbolfit/g0036_feynman-iii.7.38/progress/minute_0060.json,69ade57c34fc26e479760e5a4b031686324aeda12e29b6d5e75f85ce9048e38d,60,3600.041,ok,True,True,1.0,1.0,3600.041,(x0 + -0.5002508) * (((814.8511 - sin((815.79645 - x0) * -2569.322)) * (x1 + -0.49992412)) * 26.321384),26.321384*(814.8511 - sin(2569.322*x0 - 2096043.7665069))*(x0 - 0.5002508)*(x1 - 0.49992412),True,18,7
symbolfit,g0037,feynman-i.18.16,522,noise005,0.05,iaaccn25,formal3h_13alg_ssr50_seed520-522_noise0-001-005_20260622-014658,symbolfit_s522_noise005_g0037,/home/zhangziwen/workplace/scientific-intelligent-modelling/experiments/formal3h_13alg_ssr50_seed520-522_noise0-001-005_20260622-014658/symbolfit/seed522/tasks/symbolfit_s522_noise005_g0037/iaaccn25/symbolfit/g0037_feynman-i.18.16/progress/minute_0060.json,41308273c3a69db0c7049b9b0a7e44113a8a25165f3f5c3dbe076bcad35ca323,60,3600.777,ok,True,True,1.6939185392475815e+48,2.1162957146108646e+62,3600.774,((((x4 - 1.1058549) + x4) / -0.17558439) * exp(exp(1.1058549) * (x3 + x1))) + -1.7780908,(6.29813903160754 - 11.3905342040941*x4)*exp(3.02180670742558*x1 + 3.02180670742558*x3) - 1.7780908,True,16,6
symbolfit,g0038,feynman-ii.27.18,522,noise005,0.05,iaaccn23,formal3h_13alg_ssr50_seed520-522_noise0-001-005_20260622-014658,symbolfit_s522_noise005_g0038,/home/zhangziwen/workplace/scientific-intelligent-modelling/experiments/formal3h_13alg_ssr50_seed520-522_noise0-001-005_20260622-014658/symbolfit/seed522/tasks/symbolfit_s522_noise005_g0038/iaaccn23/symbolfit/g0038_feynman-ii.27.18/progress/minute_0060.json,40726a49a5ae114792c3f52f1334cd6dc9bb90d7f88a609fe40b83e963bbec01,60,3600.061,ok,True,True,1.0057471676361116e+24,1.0039604294042377e+24,3600.061,((x0 * 8.855866) * (x0 - -0.02023478)) - sin(0.0023039652 * cos(8.855866 * (sin(-1.3418491) / (cos(x1) - x2)))),8.855866*x0*(x0 + 0.02023478) - sin(0.0023039652*cos(8.62477982834615/(-x2 + cos(x1)))),True,23,10
symbolfit,g0039,feynman-ii.34.11,522,noise005,0.05,iaaccn26,formal3h_13alg_ssr50_seed520-522_noise0-001-005_20260622-014658,symbolfit_s522_noise005_g0039,/home/zhangziwen/workplace/scientific-intelligent-modelling/experiments/formal3h_13alg_ssr50_seed520-522_noise0-001-005_20260622-014658/symbolfit/seed522/tasks/symbolfit_s522_noise005_g0039/iaaccn26/symbolfit/g0039_feynman-ii.34.11/progress/minute_0060.json,418d34b98adfc665c7d87dcb79c7c67f0bb2d53e6a9b0fd6d13b045c57a3c5b7,60,3600.041,ok,True,True,1.0000000000127307,1.000000000060303,3600.041,(x0 * 18.785704) * (((((x4 + x4) * x0) - (x5 * x1)) + ((x4 + x4) - 1.7073412)) * ((x2 + -0.6226432) * 29.197525)),18.785704*x0*(29.197525*x2 - 18.17964039808)*(2*x0*x4 - x1*x5 + 2*x4 - 1.7073412),True,21,4
symbolfit,g0040,feynman-i.29.16,522,noise005,0.05,iaaccn28,formal3h_13alg_ssr50_seed520-522_noise0-001-005_20260622-014658,symbolfit_s522_noise005_g0040,/home/zhangziwen/workplace/scientific-intelligent-modelling/experiments/formal3h_13alg_ssr50_seed520-522_noise0-001-005_20260622-014658/symbolfit/seed522/tasks/symbolfit_s522_noise005_g0040/iaaccn28/symbolfit/g0040_feynman-i.29.16/progress/minute_0060.json,fd07064aa1da2628630f6630384642b54439a8acf9455546e3d4c5c972842d0b,60,3600.037,ok,True,True,0.9051252230679303,0.11170141047745415,3600.036,((((((x1 * 0.9067145) + x1) + sin(x0)) + x0) / 1.1022949) + ((2.2183936 - cos((x1 - x0) * 2.5347636)) / 1.8007925)) + -0.5784428,0.907198246131775*x0 + 1.72976805027402*x1 + 0.907198246131775*sin(x0) - 0.555311064434131*cos(2.5347636*x0 - 2.5347636*x1) + 0.653455711349864,True,22,6
symbolfit,g0041,feynman-bonus.20,522,noise005,0.05,iaaccn29,formal3h_13alg_ssr50_seed520-522_noise0-001-005_20260622-014658,symbolfit_s522_noise005_g0041,/home/zhangziwen/workplace/scientific-intelligent-modelling/experiments/formal3h_13alg_ssr50_seed520-522_noise0-001-005_20260622-014658/symbolfit/seed522/tasks/symbolfit_s522_noise005_g0041/iaaccn29/symbolfit/g0041_feynman-bonus.20/progress/minute_0060.json,5982433ada42d8d1b82deb11d9b2588923a886e59d0a25787c05678b3b564078,60,3600.037,ok,True,True,9.258349628475868e+69,2.3665927491900267e+69,3600.037,exp(((-0.04061166 - (x3 / 0.025825832)) + x2) * (8.197424 - (x2 * 2.8742464))) - (((x3 - x2) * sin(x2)) * 1.520465),-1.520465*(-x2 + x3)*sin(x2) + exp((8.197424 - 2.8742464*x2)*(x2 - 38.7209209755566*x3 - 0.04061166)),True,23,6
symbolfit,g0042,feynman-i.15.3t,522,noise005,0.05,iaaccn23,formal3h_13alg_ssr50_seed520-522_noise0-001-005_20260622-014658,symbolfit_s522_noise005_g0042,/home/zhangziwen/workplace/scientific-intelligent-modelling/experiments/formal3h_13alg_ssr50_seed520-522_noise0-001-005_20260622-014658/symbolfit/seed522/tasks/symbolfit_s522_noise005_g0042/iaaccn23/symbolfit/g0042_feynman-i.15.3t/progress/minute_0060.json,e3b56f384888424d31335f16b0550f3e5a9e176e8847e34de8e4e736826fef9c,60,3600.04,ok,True,True,3380486.4667164334,253683.6062307428,3600.04,(x1 + x1) + (((sin((x4 + x4) / cos(x1 / cos(x4))) + x2) * -0.007391748) + ((x1 * 2.6414337) - -0.05684552)),4.6414337*x1 - 0.007391748*x2 - 0.007391748*sin(2*x4/cos(x1/cos(x4))) + 0.05684552,True,23,10
symbolfit,g0043,feynman-i.39.22,522,noise005,0.05,iaaccn27,formal3h_13alg_ssr50_seed520-522_noise0-001-005_20260622-014658,symbolfit_s522_noise005_g0043,/home/zhangziwen/workplace/scientific-intelligent-modelling/experiments/formal3h_13alg_ssr50_seed520-522_noise0-001-005_20260622-014658/symbolfit/seed522/tasks/symbolfit_s522_noise005_g0043/iaaccn27/symbolfit/g0043_feynman-i.39.22/progress/minute_0060.json,938c319721ce2c2a7cdcc2828763724da02ee505b26dbcb4c4dc3e7596b75b5b,60,3600.045,ok,True,True,3.059756464432529e+40,6.0930453921715045e+41,3600.045,(x3 * ((exp((1.7816925 - (x4 * 27.127163)) * 2.434135) + exp((1.3414787 - (x4 * 2.178304)) * 1.9596641)) * x1)) + (x0 - 0.43583652),x0 + x1*x3*(76.4685903979986*exp(-66.031176909005*x4) + 13.8577916617727*exp(-4.2687441476864*x4)) - 0.43583652,True,19,7
symbolfit,g0044,feynman-iii.10.19,522,noise005,0.05,iaaccn22,formal3h_13alg_ssr50_seed520-522_noise0-001-005_20260622-014658,symbolfit_s522_noise005_g0044,/home/zhangziwen/workplace/scientific-intelligent-modelling/experiments/formal3h_13alg_ssr50_seed520-522_noise0-001-005_20260622-014658/symbolfit/seed522/tasks/symbolfit_s522_noise005_g0044/iaaccn22/symbolfit/g0044_feynman-iii.10.19/progress/minute_0060.json,56423a9e6289a60f4454f9c74afc73372b33144d759d261ee3b7c8aa41667bb7,60,3600.041,ok,True,True,1.8302305927998075e+55,1.208250263288529e+49,3600.041,(x2 - 0.500943) * (x4 + ((930.5735 - (sin((x5 * ((-0.058052395 - x4) * 9.479954)) - 1.9804053) * 461.36896)) / 0.85260403)),(x2 - 0.500943)*(x4 - 541.129227362437*sin(x5*(-9.479954*x4 - 0.55033403418983) - 1.9804053) + 1091.44862944174),True,19,9
symbolfit,g0045,feynman-i.13.12,522,noise005,0.05,iaaccn23,formal3h_13alg_ssr50_seed520-522_noise0-001-005_20260622-014658,symbolfit_s522_noise005_g0045,/home/zhangziwen/workplace/scientific-intelligent-modelling/experiments/formal3h_13alg_ssr50_seed520-522_noise0-001-005_20260622-014658/symbolfit/seed522/tasks/symbolfit_s522_noise005_g0045/iaaccn23/symbolfit/g0045_feynman-i.13.12/progress/minute_0060.json,4c46bdb4d72adcc11e993b25d407a2b16ff2b2c66b445ad00074b4de9c9e2031,60,3600.036,ok,True,True,2.7103739740737593e+22,3.2805415064454634e+23,3600.036,(x1 * ((x0 - -0.02203234) * sin(sin(sin(x3 + sin(sin((x2 * -3.0162818) + x3))))))) * 1185.6772,1185.6772*x1*(x0 + 0.02203234)*sin(sin(sin(x3 - sin(sin(3.0162818*x2 - x3))))),True,22,11
symbolfit,g0046,feynman-i.32.5,522,noise005,0.05,iaaccn28,formal3h_13alg_ssr50_seed520-522_noise0-001-005_20260622-014658,symbolfit_s522_noise005_g0046,/home/zhangziwen/workplace/scientific-intelligent-modelling/experiments/formal3h_13alg_ssr50_seed520-522_noise0-001-005_20260622-014658/symbolfit/seed522/tasks/symbolfit_s522_noise005_g0046/iaaccn28/symbolfit/g0046_feynman-i.32.5/progress/minute_0060.json,cb2dfe8e6598f5625141211faee2af1daecf6b41b694923a0bfb396d21dfced3,60,3600.028,ok,True,True,2.8048116193947393e+40,1.055656644469022e+39,3600.028,(x0 + (x0 + -0.9781771)) * ((x0 + ((x0 + x0) + -1.5372846)) * ((((x1 / 0.018740201) + (x1 + 0.2177851)) * x1) + x1)),(2*x0 - 0.9781771)*(3*x0 - 1.5372846)*(x1*(54.3612206187116*x1 + 0.2177851) + x1),True,20,6
symbolfit,g0047,feynman-i.43.31,522,noise005,0.05,iaaccn23,formal3h_13alg_ssr50_seed520-522_noise0-001-005_20260622-014658,symbolfit_s522_noise005_g0047,/home/zhangziwen/workplace/scientific-intelligent-modelling/experiments/formal3h_13alg_ssr50_seed520-522_noise0-001-005_20260622-014658/symbolfit/seed522/tasks/symbolfit_s522_noise005_g0047/iaaccn23/symbolfit/g0047_feynman-i.43.31/progress/minute_0060.json,11e56bf6ed3ce6e82c930466db5b8a76882ba75ca2a4f88c92dcf2a805a8d03d,60,3600.032,ok,True,True,2.4358011075865936e+48,2.435762602484538e+48,3600.032,(((x0 * 21.547554) - -0.22696172) * x1) + ((x0 * -0.62558746) - ((x0 * 0.21701896) - ((sin(x0) * 0.0638266) + x0))),0.15739358*x0 + x1*(21.547554*x0 + 0.22696172) + 0.0638266*sin(x0),True,15,5
symbolfit,g0048,feynman-i.11.19,522,noise005,0.05,iaaccn26,formal3h_13alg_ssr50_seed520-522_noise0-001-005_20260622-014658,symbolfit_s522_noise005_g0048,/home/zhangziwen/workplace/scientific-intelligent-modelling/experiments/formal3h_13alg_ssr50_seed520-522_noise0-001-005_20260622-014658/symbolfit/seed522/tasks/symbolfit_s522_noise005_g0048/iaaccn26/symbolfit/g0048_feynman-i.11.19/progress/minute_0060.json,2532a169376b4f59654c76f60ce38491c516f3661d8857c9d4dc0bfaa626f990,60,3600.027,ok,True,True,335655813.1108219,275724907.9872677,3600.027,(x0 - x3) * ((x1 - x2) * 15282.067),(x0 - x3)*(15282.067*x1 - 15282.067*x2),True,13,4
symbolfit,g0049,feynman-ii.34.2a,522,noise005,0.05,iaaccn27,formal3h_13alg_ssr50_seed520-522_noise0-001-005_20260622-014658,symbolfit_s522_noise005_g0049,/home/zhangziwen/workplace/scientific-intelligent-modelling/experiments/formal3h_13alg_ssr50_seed520-522_noise0-001-005_20260622-014658/symbolfit/seed522/tasks/symbolfit_s522_noise005_g0049/iaaccn27/symbolfit/g0049_feynman-ii.34.2a/progress/minute_0060.json,91c3d19070a771667375f2045faeedaea6ccc122c026f0e22a97afa6a7d18420,60,3600.035,ok,True,True,0.9999616704622356,0.9999997412576968,3600.034,(((-385.76605 / (x3 + exp(x3))) - -184.54025) * (x1 + -0.50114894)) / ((x4 * 2.8126545) + 0.026848437),(184.54025 - 385.76605/(x3 + exp(x3)))*(x1 - 0.50114894)/(2.8126545*x4 + 0.026848437),True,21,7
symbolfit,g0050,Vladislavleva-4,522,noise005,0.05,iaaccn27,formal3h_13alg_ssr50_seed520-522_noise0-001-005_20260622-014658,symbolfit_s522_noise005_g0050,/home/zhangziwen/workplace/scientific-intelligent-modelling/experiments/formal3h_13alg_ssr50_seed520-522_noise0-001-005_20260622-014658/symbolfit/seed522/tasks/symbolfit_s522_noise005_g0050/iaaccn27/symbolfit/g0050_Vladislavleva-4/progress/minute_0060.json,5f737130a58f494b7018905276b3b93c21c27ea0973858175e2c36f5c9c84f72,60,3600.037,ok,True,True,1147.375113988316,2367.6300951089124,3600.037,exp(((cos(x4 - x0) + (((x2 + -0.23501095) * cos(x2 / -0.48596504)) - 1.8515351)) + cos(x3 - x1)) - -0.02351637),0.160731705418814*exp((x2 - 0.23501095)*cos(2.05776119203966*x2) + cos(x0 - x4) + cos(x1 - x3)),True,24,7
