algorithm,gid,dataset,cohort,clean_seeds,noise_levels,ID_Q_component,OOD_G_component,SYM_F_component,EFF_component,ROB_component,STAB_component
drsr,g0001,II.34.2_1_0,Original,5,0.01|0.05|0.10,0.2446287485878742,0.3616148750992996,0.1754285714285714,0.0746575371144596,0.3940261016361219,0.3269623667894469
drsr,g0002,first_principles_hubble,Original,5,0.01|0.05|0.10,0.2401753500407613,0.4386609416494699,0.15,0.0811151921763287,0.4104010597801791,0.3358187768614039
drsr,g0003,feynman-ii.27.18,Original,5,0.01|0.05|0.10,0.3643716956634686,0.5765634192935605,0.4786666666666667,0.1329059015644971,0.3333232212284985,0.2310377565066929
drsr,g0004,Korns-4,Original,5,0.01|0.05|0.10,0.3409891430416409,0.5304856928211389,0.1131428571428571,0.1185255293335018,0.5364421514445673,0.3986941382567208
drsr,g0005,Keijzer-11,Original,5,0.01|0.05|0.10,0.1159155187861359,0.3812022937096048,0.1316666666666666,0.0405857892149749,0.2055642840983546,0.288411655204743
drsr,g0006,Keijzer-2,Original,5,0.01|0.05|0.10,0.2372723071556551,0.1852438463665746,0.1488311688311688,0.0549606306401729,0.330043721622301,0.2814486080588064
drsr,g0007,Korns-2,Original,5,0.01|0.05|0.10,0.1394465251040861,0.3977200533082075,0.1571428571428571,0.0488331552202669,0.2642421924398536,0.3291608955882433
drsr,g0008,Nguyen-12,Original,5,0.01|0.05|0.10,1.0,0.9999996588066616,0.2533893557422969,0.35,0.3677104109057539,0.2907029740221356
drsr,g0009,Nguyen-6,Original,5,0.01|0.05|0.10,0.7491910587924614,0.2203064287741226,0.1653333333333333,0.1861850424822114,0.2910052234290843,0.3517801991186849
drsr,g0010,Nguyen-9,Original,5,0.01|0.05|0.10,0.408519486162601,0.6000670715763143,0.1314285714285714,0.1465076779725337,0.3951716844960149,0.3716300459203712
drsr,g0011,Vladislavleva-4,Original,5,0.01|0.05|0.10,0.2388144522864044,0.4572595453165097,0.1838888888888888,0.0825940011718322,0.4285782300662475,0.3799145499173308
drsr,g0012,feynman_I_27_6,Original,5,0.01|0.05|0.10,0.3258400078910118,0.3836146606970617,0.36,0.099596668278085,0.4901706230698848,0.4263980965769645
drsr,g0013,feynman-i.43.31,Original,5,0.01|0.05|0.10,0.1731500254611637,0.3993516663924151,0.1533333333333333,0.0584171737683644,0.2810838274200581,0.3314528374378246
drsr,g0014,feynman-ii.34.11,Original,5,0.01|0.05|0.10,0.1428689608587341,0.3999875910983292,0.1607142857142857,0.0500020681502784,0.180948513384196,0.3465313173479049
drsr,g0015,III.21.20_3_0,Original,5,0.01|0.05|0.10,0.1939308128072662,0.3463731335324007,0.1646666666666666,0.0589379409392609,0.3601083065972196,0.3053249878504736
drsr,g0016,feynman_II_15_4,Original,5,0.01|0.05|0.10,1.0,1.0,0.828,0.35,0.6080146849919256,0.7109165633180872
drsr,g0017,strogatz_shearflow1,Original,5,0.01|0.05|0.10,0.1764232593336349,0.3280934376228857,0.16,0.0522078563756983,0.279819960867667,0.3024433619529168
drsr,g0018,feynman-i.18.16,Original,5,0.01|0.05|0.10,0.1416860489566526,0.381915256989285,0.3612539682539682,0.0478636194067903,0.2694558016352806,0.3332949162943216
drsr,g0019,feynman-ii.34.2a,Original,5,0.01|0.05|0.10,0.1427334989296678,0.3999892384028389,0.1196666666666666,0.0499756719134016,0.2712213364074706,0.3229579242531423
drsr,g0020,first_principles_leavitt,Original,5,0.01|0.05|0.10,0.3953828996584656,0.4774042351278976,0.1773333333333333,0.128447635407778,0.5737131540911952,0.3677960271029371
drsr,g0021,feynman-i.39.22,Original,5,0.01|0.05|0.10,0.1428571426688243,0.3999999987405292,0.1529523809523809,0.0499999998213237,0.2712875398784873,0.3305624463693159
drsr,g0022,feynman-i.11.19,Original,5,0.01|0.05|0.10,0.1778828426822377,0.4197420230092437,0.2337142857142857,0.06178139825195,0.3229748822281308,0.4539650039323455
drsr,g0023,I.11.19_4_0,Original,5,0.01|0.05|0.10,0.2302549743428421,0.380634919982119,0.184,0.0725348848141655,0.3976499778787639,0.3654414242637309
drsr,g0024,strogatz_predprey2,Original,5,0.01|0.05|0.10,1.0,0.9999999928096632,0.6771428571428572,0.35,0.3428861730259797,0.2851014853498979
drsr,g0025,strogatz_barmag2,Original,5,0.01|0.05|0.10,1.0,1.0,1.0,0.35,0.4225840385901538,0.73
drsr,g0026,strogatz_barmag1,Original,5,0.01|0.05|0.10,1.0,0.9999999999643472,0.67,0.35,0.442491969775941,0.2847630594003326
drsr,g0027,feynman_I_12_11,Original,5,0.01|0.05|0.10,0.2131256098519587,0.389820842103402,0.3171428571428571,0.0686572549688677,0.3711262942701996,0.3642039746399991
drsr,g0028,feynman-ii.4.23,Original,5,0.01|0.05|0.10,0.1429439487687458,0.4000607641381221,0.6131428571428572,0.050030382069061,0.5864567128322068,0.1802844417310082
drsr,g0029,strogatz_vdp1,Original,5,0.01|0.05|0.10,1.0,1.0,0.8314285714285715,0.35,0.43615269994932,0.682070377600435
drsr,g0030,feynman-iii.7.38,Original,5,0.01|0.05|0.10,0.1428571428571429,0.4,0.148,0.05,0.2714285714285715,0.3577193792425916
drsr,g0031,II.11.27_1_0,Original,5,0.01|0.05|0.10,0.1430692782118144,0.399743403919278,0.196,0.0500337382912358,0.2815393874831801,0.2835864218743832
drsr,g0032,feynman-i.13.12,Original,5,0.01|0.05|0.10,0.15002635025841,0.3830371182987498,0.8406153846153845,0.0503110899022284,0.2811865960981045,0.4552351729781211
drsr,g0033,feynman-iii.10.19,Original,5,0.01|0.05|0.10,0.0,0.3,0.1862857142857143,0.0,0.0904761904761905,0.2673649191647999
drsr,g0034,CRK11,Original,5,0.01|0.05|0.10,0.8178099829028075,0.6609228555094163,0.1388095238095238,0.2650701133453575,0.4061112203537499,0.3205747611453611
drsr,g0035,feynman-i.32.5,Original,5,0.01|0.05|0.10,0.2265335525863846,0.4177388811723026,0.1894632034632035,0.0752032828413923,0.3921228067313467,0.3567177858320079
drsr,g0036,CRK10,Original,5,0.01|0.05|0.10,0.7767183935882498,0.3370969205176886,0.1394444444444444,0.2201999490073659,0.4441139296588841,0.354275671858575
drsr,g0037,CRK34,Original,5,0.01|0.05|0.10,0.8221602657324738,0.4710390816660236,0.1479523809523809,0.2472982596864872,0.4152144501424606,0.4061690863050288
drsr,g0038,PO19,Original,5,0.01|0.05|0.10,0.324853994400761,0.017352811295914,0.1346031746031746,0.0611876518441116,0.2994580389796139,0.2520034168352651
drsr,g0039,CRK0,Original,5,0.01|0.05|0.10,0.6847375263930059,0.5218685520732863,0.1652380952380952,0.2139132380427649,0.4934750685201486,0.3478717728017795
drsr,g0040,feynman-i.29.16,Original,5,0.01|0.05|0.10,0.2290233144125285,0.4011177602744976,0.18,0.0742383040629229,0.3986072291333536,0.3552559836162572
drsr,g0041,PO41,Original,5,0.01|0.05|0.10,0.3546027676889373,0.0039930983634174,0.1528787878787879,0.0630537589364183,0.3339896495164362,0.2594625086153526
drsr,g0042,feynman_test_15,Original,5,0.01|0.05|0.10,0.3334169758044419,0.40183939092199,0.195,0.1035406923160611,0.490891073818474,0.3220005337745634
drsr,g0043,CRK33,Original,5,0.01|0.05|0.10,0.8780744633157658,0.3942310360588885,0.1882807017543859,0.2522207900949811,0.4066868869911191,0.4623980536746647
drsr,g0044,feynman-i.15.3t,Original,5,0.01|0.05|0.10,0.0,0.3,0.1243333333333333,0.0,0.0,0.3139763048384383
drsr,g0045,feynman-bonus.20,Original,5,0.01|0.05|0.10,0.0,0.1367540528188746,0.1385714285714285,0.0,0.2714287229104914,0.1629149146784655
drsr,g0046,II.6.15b_3_0,Original,5,0.01|0.05|0.10,0.1909209642305959,0.3942915984855546,0.1976565656565656,0.0628870298331144,0.356366822661405,0.3415563669744023
drsr,g0047,BPG5,Original,5,0.01|0.05|0.10,1.0,0.5721747929270367,0.1509523809523809,0.3067362744771508,0.4091405834353526,0.5482644888499487
drsr,g0048,MatSci21,Original,5,0.01|0.05|0.10,0.6363377280353627,0.7160555976896662,0.2516666666666666,0.2197801125855537,0.530399398628779,0.2214422257540192
drsr,g0049,BPG3,Original,5,0.01|0.05|0.10,0.8359875516676003,0.1144620155349108,0.1482815734989648,0.1749133254255577,0.3424481826427573,0.2625840435066965
drsr,g0050,BPG9,Original,5,0.01|0.05|0.10,0.6225842396764409,0.3887229679284071,0.1515238095238095,0.1831958669862734,0.4479513499551451,0.2152479053076057
dso,g0001,II.34.2_1_0,Original,5,0.01|0.05|0.10,1.0,1.0,1.0,0.8995432222222223,1.0,1.0
dso,g0002,first_principles_hubble,Original,5,0.01|0.05|0.10,0.2134473645056005,0.4542170449256243,0.1366666666666667,0.1233927077555504,0.4345353435045463,0.3490843315190291
dso,g0003,feynman-ii.27.18,Original,5,0.01|0.05|0.10,0.1431411635154204,0.0,0.1242857142857142,0.0335046406132093,0.1813459317100515,0.2152072082814866
dso,g0004,Korns-4,Original,5,0.01|0.05|0.10,0.3427025823684515,0.5375847432256817,0.0914761904761904,0.1859550507812568,0.4339057041645726,0.3658233778788624
dso,g0005,Keijzer-11,Original,5,0.01|0.05|0.10,0.0,0.3,0.0552380952380952,0.0,0.4638700762983394,0.0391743356220443
dso,g0006,Keijzer-2,Original,5,0.01|0.05|0.10,0.1630547348249342,0.333522389256459,0.147047619047619,0.0819245651012228,0.2815151650985974,0.3042140641915818
dso,g0007,Korns-2,Original,5,0.01|0.05|0.10,0.2793230756211916,0.4547641644833256,0.1333333333333333,0.140063116332514,0.4859804039528071,0.5351762311739175
dso,g0008,Nguyen-12,Original,5,0.01|0.05|0.10,0.2726160655324523,0.3856822808844831,0.1405294117647058,0.1171982430231704,0.4477525774592246,0.3457250972513022
dso,g0009,Nguyen-6,Original,5,0.01|0.05|0.10,1.0,1.0,1.0,0.9835492222222222,0.5624764746706968,1.0
dso,g0010,Nguyen-9,Original,5,0.01|0.05|0.10,1.0,1.0,0.4238095238095239,0.9809210555555556,1.0,0.9094739452798288
dso,g0011,Vladislavleva-4,Original,5,0.01|0.05|0.10,0.2064238196581972,0.4401850876115661,0.0782488479262673,0.1211891428651009,0.3894480703856307,0.3114471269006033
dso,g0012,feynman_I_27_6,Original,5,0.01|0.05|0.10,1.0,1.0,1.0,0.9120900277777776,1.0,1.0
dso,g0013,feynman-i.43.31,Original,5,0.01|0.05|0.10,0.1437230592352482,0.3993893115770364,0.1047619047619047,0.059236479769157,0.2751504316890325,0.3196588889888307
dso,g0014,feynman-ii.34.11,Original,5,0.01|0.05|0.10,0.1579728576836535,0.4186062637019597,0.1630555555555555,0.0824173203731609,0.2871582817359028,0.3399434642489891
dso,g0015,III.21.20_3_0,Original,5,0.01|0.05|0.10,1.0,1.0,1.0,0.808078111111111,1.0,0.8799999999999999
dso,g0016,feynman_II_15_4,Original,5,0.01|0.05|0.10,1.0,1.0,0.836,0.7250245416666667,1.0,0.8580789707247228
dso,g0017,strogatz_shearflow1,Original,5,0.01|0.05|0.10,1.0,1.0,0.8504761904761905,0.8480449861111111,1.0,0.8600364111893335
dso,g0018,feynman-i.18.16,Original,5,0.01|0.05|0.10,1.0,1.0,0.6604444444444445,0.7775071666666666,1.0,0.748682184463697
dso,g0019,feynman-ii.34.2a,Original,5,0.01|0.05|0.10,0.1440841507990837,0.4116358648704037,0.1281746031746031,0.0749305995082629,0.2978738016004704,0.2991027974276609
dso,g0020,first_principles_leavitt,Original,5,0.01|0.05|0.10,0.418287010472571,0.4715646525320572,0.1576190476190476,0.2231424212873766,0.5715504425783569,0.4148979731682529
dso,g0021,feynman-i.39.22,Original,5,0.01|0.05|0.10,0.1559825985394607,0.4151823503086532,0.1683809523809523,0.0849844352685854,0.2997179248157584,0.3410322286496445
dso,g0022,feynman-i.11.19,Original,5,0.01|0.05|0.10,0.1838482636524688,0.4173278325875594,0.5790909090909091,0.1051973431076105,0.343141612727839,0.2013986858331927
dso,g0023,I.11.19_4_0,Original,5,0.01|0.05|0.10,0.2590232606252703,0.4163336199766279,0.2571428571428572,0.0841598749726423,0.4653239973352157,0.4363593806088722
dso,g0024,strogatz_predprey2,Original,5,0.01|0.05|0.10,0.2182476697590815,0.3418572147750446,0.1685714285714286,0.0987703610238037,0.3563150903260622,0.3404258564640012
dso,g0025,strogatz_barmag2,Original,5,0.01|0.05|0.10,0.207365403729146,0.4049511288144089,0.1669291819291819,0.098994980576148,0.3529237612712549,0.3409582529735478
dso,g0026,strogatz_barmag1,Original,5,0.01|0.05|0.10,0.2245552057689158,0.3424624333938972,0.11,0.1002573487742195,0.3779238722320316,0.2955242396059702
dso,g0027,feynman_I_12_11,Original,5,0.01|0.05|0.10,1.0,1.0,1.0,0.840795861111111,1.0,1.0
dso,g0028,feynman-ii.4.23,Original,5,0.01|0.05|0.10,0.1506669707524472,0.286267816613498,0.1168888888888889,0.0531182842096644,0.2463256833198063,0.2327626992657514
dso,g0029,strogatz_vdp1,Original,5,0.01|0.05|0.10,0.285714285714285,0.5000000000000001,0.4349999999999999,0.1069219325396824,0.4999999999999994,0.5529213842336511
dso,g0030,feynman-iii.7.38,Original,5,0.01|0.05|0.10,0.1428571428571746,0.3999999999999666,0.1271428571428571,0.0517656269841327,0.2698937036471723,0.3247820192321483
dso,g0031,II.11.27_1_0,Original,5,0.01|0.05|0.10,0.2643618790582255,0.3673061301846095,0.2676190476190476,0.1246306682926517,0.4383673994064647,0.4462957291505869
dso,g0032,feynman-i.13.12,Original,5,0.01|0.05|0.10,0.1428571428571429,0.4,1.0,0.064126744047619,0.2714285714285715,0.621679752192167
dso,g0033,feynman-iii.10.19,Original,5,0.01|0.05|0.10,0.1792883672991596,0.3935371910461491,0.4630952380952381,0.086571003300044,0.325227714651112,0.3975273221187618
dso,g0034,CRK11,Original,5,0.01|0.05|0.10,0.2987190886772255,0.2363449568938342,0.165,0.1169882384091591,0.3542909450439629,0.2596581419926695
dso,g0035,feynman-i.32.5,Original,5,0.01|0.05|0.10,0.1506376751814729,0.4070795016654465,0.1152380952380952,0.0672142046750682,0.2895014470799752,0.3254385128682244
dso,g0036,CRK10,Original,5,0.01|0.05|0.10,0.2616115829341799,0.3064533518601258,0.1335555555555555,0.1204034369466232,0.3796896952573763,0.3204513973627181
dso,g0037,CRK34,Original,5,0.01|0.05|0.10,0.3116164697595858,0.2228027067599095,0.1428571428571428,0.130784051398521,0.4294866716095892,0.3283173054430528
dso,g0038,PO19,Original,5,0.01|0.05|0.10,0.2384787544756316,0.3814942044106804,0.1477777777777777,0.1129422932848655,0.43250597731433,0.3462773506730698
dso,g0039,CRK0,Original,5,0.01|0.05|0.10,0.2507109259390034,0.2867535277741318,0.187,0.0968949334626197,0.4007637994814487,0.3294480621855904
dso,g0040,feynman-i.29.16,Original,5,0.01|0.05|0.10,0.2263297724969361,0.4398737493990166,0.1416666666666666,0.1373481795959729,0.4199527181547335,0.5147757121489702
dso,g0041,PO41,Original,5,0.01|0.05|0.10,0.219991751556123,0.3951994515726728,0.1629090909090909,0.1020901363347403,0.3849159474660268,0.3477641127329698
dso,g0042,feynman_test_15,Original,5,0.01|0.05|0.10,0.2878465600514196,0.3742628542570133,0.1630565656565656,0.115040638396837,0.4693470771353396,0.3541124292575981
dso,g0043,CRK33,Original,5,0.01|0.05|0.10,0.2627869918068501,0.1410177874166633,0.1399999999999999,0.0940518839871831,0.357005886065147,0.24548395713802
dso,g0044,feynman-i.15.3t,Original,5,0.01|0.05|0.10,0.7008333038795316,0.353688926640982,0.1092380952380952,0.3029359353745172,0.625596909423089,0.4532050554182014
dso,g0045,feynman-bonus.20,Original,5,0.01|0.05|0.10,0.1458782405616184,0.3968278512120594,0.1198888888888888,0.0645342414749585,0.1839512623066403,0.2320293126899758
dso,g0046,II.6.15b_3_0,Original,5,0.01|0.05|0.10,0.2017565011816842,0.3957098673261612,0.1548917748917749,0.0660628070634753,0.364832333299644,0.3405336429572172
dso,g0047,BPG5,Original,5,0.01|0.05|0.10,0.3024776954547009,0.2323984197781229,0.1442857142857143,0.1156266662894171,0.4248640073346441,0.3205602951878115
dso,g0048,MatSci21,Original,5,0.01|0.05|0.10,0.2007991079438307,0.457676130425686,0.1852380952380952,0.1047298773770739,0.4276678107180308,0.3234755512500749
dso,g0049,BPG3,Original,5,0.01|0.05|0.10,0.3562789127677144,0.360106662212815,0.1839337474120083,0.176067071123961,0.5185343980428292,0.3906916807376702
dso,g0050,BPG9,Original,5,0.01|0.05|0.10,0.1994943016412952,0.3405309832768097,0.1399999999999999,0.0870900754886628,0.3270019734755288,0.3311825780487233
e2esr,g0001,II.34.2_1_0,Original,5,0.01|0.05|0.10,0.374555604440709,0.5700257466857694,0.18,0.353680243984632,0.4787460393570716,0.4149770519321539
e2esr,g0002,first_principles_hubble,Original,5,0.01|0.05|0.10,0.1644611688180964,0.4666334580246883,0.144,0.1951782160330358,0.343525579009158,0.3405951965181942
e2esr,g0003,feynman-ii.27.18,Original,5,0.01|0.05|0.10,0.0,0.3,0.0214285714285714,0.0,0.0,0.1428435707838673
e2esr,g0004,Korns-4,Original,5,0.01|0.05|0.10,0.3222818247515552,0.52206751041842,0.1152380952380952,0.3100321270932404,0.5260142460717017,0.3908949957116358
e2esr,g0005,Keijzer-11,Original,5,0.01|0.05|0.10,0.1799158258410855,0.4345333671784254,0.1295238095238095,0.1773728281253113,0.3181360742908035,0.3354828621258747
e2esr,g0006,Keijzer-2,Original,5,0.01|0.05|0.10,0.1439756734960445,0.3778838337906299,0.1430952380952381,0.1342460129176514,0.2844807396939987,0.3150845078436921
e2esr,g0007,Korns-2,Original,5,0.01|0.05|0.10,0.3083842447236835,0.3616532367693224,0.1542857142857143,0.2571097012506079,0.2896305838303017,0.4640991712497602
e2esr,g0008,Nguyen-12,Original,5,0.01|0.05|0.10,0.3219257536381726,0.4054853716607599,0.1276190476190476,0.2810508462404721,0.496080372900524,0.3916265130079061
e2esr,g0009,Nguyen-6,Original,5,0.01|0.05|0.10,0.3645215369336173,0.2964998880774627,0.1533333333333333,0.2843012341845579,0.4296005960122377,0.3113399060589936
e2esr,g0010,Nguyen-9,Original,5,0.01|0.05|0.10,0.2137945272215919,0.5199602707832863,0.1285714285714286,0.2585376499311129,0.4797633258956149,0.3314093797845557
e2esr,g0011,Vladislavleva-4,Original,5,0.01|0.05|0.10,0.1493968288991439,0.405277545996093,0.1746031746031746,0.0524638315563734,0.3554046261773537,0.4236965896657335
e2esr,g0012,feynman_I_27_6,Original,5,0.01|0.05|0.10,0.3044137105273198,0.4011508105183013,0.1942857142857143,0.2480224050131287,0.475137652953344,0.3681607861048046
e2esr,g0013,feynman-i.43.31,Original,5,0.01|0.05|0.10,0.0,0.3,0.0333333333333333,0.0,0.0,0.1454647723677454
e2esr,g0014,feynman-ii.34.11,Original,5,0.01|0.05|0.10,0.0,0.3,0.0,0.0,0.0,0.12
e2esr,g0015,III.21.20_3_0,Original,5,0.01|0.05|0.10,0.3151233279097757,0.2172809421103272,0.1773333333333333,0.2090871947348168,0.3485714923954848,0.3211859224490639
e2esr,g0016,feynman_II_15_4,Original,5,0.01|0.05|0.10,0.3500965419965907,0.5104712151802934,0.18,0.3146098320350534,0.4969119725370959,0.4953952527289177
e2esr,g0017,strogatz_shearflow1,Original,5,0.01|0.05|0.10,0.1468674455552523,0.3826356503515529,0.1661111111111111,0.1358708326352337,0.2653234213975626,0.2874703132404841
e2esr,g0018,feynman-i.18.16,Original,5,0.01|0.05|0.10,0.0,0.3,0.0453333333333333,0.0,0.0,0.1963404186610592
e2esr,g0019,feynman-ii.34.2a,Original,5,0.01|0.05|0.10,0.0,0.3,0.0264285714285714,0.0,0.0,0.200278663010174
e2esr,g0020,first_principles_leavitt,Original,5,0.01|0.05|0.10,0.368833455638666,0.605015640054354,0.1666666666666666,0.3917752951322327,0.5330567863464044,0.615660681115639
e2esr,g0021,feynman-i.39.22,Original,5,0.01|0.05|0.10,0.0,0.3,0.031,0.0,0.0,0.1449547515606163
e2esr,g0022,feynman-i.11.19,Original,5,0.01|0.05|0.10,0.0,0.3,0.0,0.0,0.0,0.12
e2esr,g0023,I.11.19_4_0,Original,5,0.01|0.05|0.10,0.334029087397215,0.4697174932792725,0.1971428571428571,0.2791662081802499,0.4743226848708877,0.3898483417007847
e2esr,g0024,strogatz_predprey2,Original,5,0.01|0.05|0.10,0.227744136440155,0.4674386556384277,0.1704761904761904,0.2272840490197752,0.3998892712528958,0.4677033255740763
e2esr,g0025,strogatz_barmag2,Original,5,0.01|0.05|0.10,0.1432644177468047,0.2717546559971397,0.1565079365079365,0.103054524120537,0.2357806417404509,0.2615174870555091
e2esr,g0026,strogatz_barmag1,Original,5,0.01|0.05|0.10,0.2226364495834657,0.3889555373063598,0.1633333333333333,0.1949679872927797,0.3742935853205122,0.3231546967087993
e2esr,g0027,feynman_I_12_11,Original,5,0.01|0.05|0.10,0.3534783629012358,0.4608549532382199,0.2,0.2886303232827388,0.4850607922921205,0.5827931289333809
e2esr,g0028,feynman-ii.4.23,Original,5,0.01|0.05|0.10,0.3550645071805615,0.5393696350377982,0.1614285714285714,0.3214817633784839,0.353881716789501,0.3680792488594664
e2esr,g0029,strogatz_vdp1,Original,5,0.01|0.05|0.10,0.1428102107130259,0.4000509744625699,0.2,0.1378626473223279,0.2647321674495019,0.3549179657755369
e2esr,g0030,feynman-iii.7.38,Original,5,0.01|0.05|0.10,0.4008206572035355,0.56342184925497,0.135047619047619,0.358377064117007,0.400301234436311,0.3752251138465903
e2esr,g0031,II.11.27_1_0,Original,5,0.01|0.05|0.10,0.1428824746077871,0.2636450661781672,0.1114285714285714,0.0927757537451467,0.229894437983679,0.1568559501611506
e2esr,g0032,feynman-i.13.12,Original,5,0.01|0.05|0.10,0.0,0.3,0.1692424242424242,0.0,0.0,0.2626378425962952
e2esr,g0033,feynman-iii.10.19,Original,5,0.01|0.05|0.10,0.0,0.3,0.0293333333333333,0.0,0.0,0.1445893495386157
e2esr,g0034,CRK11,Original,5,0.01|0.05|0.10,0.1505269174895673,0.2905902319422218,0.1198412698412698,0.0412065600912973,0.2453303750243959,0.1896601604066526
e2esr,g0035,feynman-i.32.5,Original,5,0.01|0.05|0.10,0.0,0.3,0.0,0.0,0.0,0.174
e2esr,g0036,CRK10,Original,5,0.01|0.05|0.10,0.0,0.0,0.1166666666666666,0.0,0.2787260579121499,0.1309580085370879
e2esr,g0037,CRK34,Original,5,0.01|0.05|0.10,0.0,0.0,0.135,0.0,0.2786566385686332,0.1088466648722834
e2esr,g0038,PO19,Original,5,0.01|0.05|0.10,0.2276256625289259,0.0,0.1342857142857142,0.1022945475231158,0.1913446990818368,0.2517751327366118
e2esr,g0039,CRK0,Original,5,0.01|0.05|0.10,0.3009240626018313,0.1646932575536055,0.1511428571428571,0.1837028519932552,0.3744130961397237,0.2149718797241809
e2esr,g0040,feynman-i.29.16,Original,5,0.01|0.05|0.10,0.2100421013787404,0.4613558011453098,0.1722222222222222,0.1939884276511432,0.4307944798094882,0.3487924014908624
e2esr,g0041,PO41,Original,5,0.01|0.05|0.10,0.2359978626890174,0.0047672122234258,0.1444444444444444,0.1103645381519389,0.2245239107808584,0.256486785743826
e2esr,g0042,feynman_test_15,Original,5,0.01|0.05|0.10,0.3113363743548599,0.3720283755672389,0.1805714285714285,0.2430940122601729,0.4842752747359818,0.3705107454867439
e2esr,g0043,CRK33,Original,5,0.01|0.05|0.10,0.0,0.0,0.1614285714285714,0.0,0.2354669534307337,0.1540454478392659
e2esr,g0044,feynman-i.15.3t,Original,5,0.01|0.05|0.10,0.0,0.3,0.0,0.0,0.0,0.12
e2esr,g0045,feynman-bonus.20,Original,5,0.01|0.05|0.10,0.0,0.3,0.0,0.0,0.0,0.12
e2esr,g0046,II.6.15b_3_0,Original,5,0.01|0.05|0.10,0.18791721949435,0.4106739301935206,0.152940836940837,0.164878320088275,0.3594167043978847,0.3395472790646534
e2esr,g0047,BPG5,Original,5,0.01|0.05|0.10,0.1610985592428138,0.289199796841607,0.1154761904761904,0.1124181246100387,0.1874074963384283,0.292246561967771
e2esr,g0048,MatSci21,Original,5,0.01|0.05|0.10,0.3592950809178986,0.5625075780050653,0.1811428571428571,0.3414510737376185,0.0,0.3623510214995606
e2esr,g0049,BPG3,Original,5,0.01|0.05|0.10,0.142856810587871,0.0851459754892971,0.1395714285714286,0.0249999418528774,0.2614252556093612,0.2151280929107607
e2esr,g0050,BPG9,Original,5,0.01|0.05|0.10,0.1548428934540927,0.3374533829157099,0.1288888888888889,0.1215940767804444,0.2155421392110558,0.287316515627913
gplearn,g0001,II.34.2_1_0,Original,5,0.01|0.05|0.10,0.4487254525250005,0.4086838116757958,0.3347619047619047,0.1365115078136237,0.6030843396704629,0.2945500196595856
gplearn,g0002,first_principles_hubble,Original,5,0.01|0.05|0.10,0.1915269802162983,0.4482432568283739,0.0977777777777777,0.0705780357449457,0.3925747015137168,0.3132811870265977
gplearn,g0003,feynman-ii.27.18,Original,5,0.01|0.05|0.10,0.1428571428571429,0.4,0.0133333333333333,0.05,0.2714285714285715,0.3745357507253861
gplearn,g0004,Korns-4,Original,5,0.01|0.05|0.10,0.3439349171159905,0.5377985200345414,0.1095238095238095,0.1200816287958187,0.5400685534197047,0.4376594679089794
gplearn,g0005,Keijzer-11,Original,5,0.01|0.05|0.10,0.2186006569214801,0.4734349385945647,0.1328095238095238,0.0816138496099002,0.4378521708572713,0.356090311755161
gplearn,g0006,Keijzer-2,Original,5,0.01|0.05|0.10,0.1718621751277972,0.3670339471213948,0.2125396825396825,0.0548248037479175,0.3146712176700604,0.2941652320888014
gplearn,g0007,Korns-2,Original,5,0.01|0.05|0.10,0.2792221764639865,0.4015504155698413,0.1311904761904762,0.0883372509666829,0.45738625523482,0.2483214201867835
gplearn,g0008,Nguyen-12,Original,5,0.01|0.05|0.10,0.2769037125233319,0.4239957497045624,0.1471596638655462,0.0899326144768117,0.478255463321538,0.3502408570282516
gplearn,g0009,Nguyen-6,Original,5,0.01|0.05|0.10,0.463047911942443,0.2390316722763001,0.3354761904761905,0.1235565824726233,0.473352255423294,0.3550840245336147
gplearn,g0010,Nguyen-9,Original,5,0.01|0.05|0.10,0.2240304996682237,0.5452401377553634,0.2476190476190476,0.10051537188078,0.5053854980009822,0.1888424691422187
gplearn,g0011,Vladislavleva-4,Original,5,0.01|0.05|0.10,0.20408335568259,0.4442426931300139,0.0,0.0717752605269567,0.3896905475544814,0.4633728858369679
gplearn,g0012,feynman_I_27_6,Original,5,0.01|0.05|0.10,0.3136272972731097,0.3701701080266146,0.3383333333333333,0.0948326540383823,0.4904718258609877,0.377179784701726
gplearn,g0013,feynman-i.43.31,Original,5,0.01|0.05|0.10,0.1428571428571429,0.4000000000219581,0.0966666666666666,0.0500000000054895,0.2714285714286568,0.3314415738287932
gplearn,g0014,feynman-ii.34.11,Original,5,0.01|0.05|0.10,0.142857164068017,0.3993291322828434,0.1226147186147186,0.049932919167329,0.2712371792338888,0.2619698378452303
gplearn,g0015,III.21.20_3_0,Original,5,0.01|0.05|0.10,1.0,0.1000950939184333,0.3958333333333333,0.2000237734796083,0.6999904844850731,0.3645763751184994
gplearn,g0016,feynman_II_15_4,Original,5,0.01|0.05|0.10,0.4152052769235999,0.5193513681723079,0.5248888888888888,0.1381926143403623,0.3829310124236549,0.228476850164259
gplearn,g0017,strogatz_shearflow1,Original,5,0.01|0.05|0.10,0.1977852947865431,0.2699368603660528,0.1292222222222222,0.052373568576819,0.3104827101984293,0.24937963458135
gplearn,g0018,feynman-i.18.16,Original,5,0.01|0.05|0.10,1.0,1.0,0.8314285714285715,0.35,1.0,0.8574599032691183
gplearn,g0019,feynman-ii.34.2a,Original,5,0.01|0.05|0.10,0.146979671503348,0.3956776162881272,0.1189090909090909,0.0507220696497497,0.2568523260087136,0.3195323627344767
gplearn,g0020,first_principles_leavitt,Original,5,0.01|0.05|0.10,0.4100682695583936,0.4219147949912629,0.159047619047619,0.1270105949583939,0.5562498147389078,0.3798012218725002
gplearn,g0021,feynman-i.39.22,Original,5,0.01|0.05|0.10,0.1697164225405496,0.3727824703476632,0.0821428571428571,0.0547988453461158,0.295530004790025,0.3134743934583175
gplearn,g0022,feynman-i.11.19,Original,5,0.01|0.05|0.10,0.1544967514055031,0.4094289439592875,0.47,0.0543941674857849,0.295282623494261,0.2396678336646321
gplearn,g0023,I.11.19_4_0,Original,5,0.01|0.05|0.10,0.291560433410259,0.3608320965028805,0.1716666666666667,0.0877201310047954,0.4656313190727149,0.3394655463215409
gplearn,g0024,strogatz_predprey2,Original,5,0.01|0.05|0.10,0.2599095856461099,0.3074595614400355,0.1649999999999999,0.0735206401247782,0.410975253407526,0.3406741859028643
gplearn,g0025,strogatz_barmag2,Original,5,0.01|0.05|0.10,0.1978510576067412,0.3770032515530034,0.1831318681318681,0.0630986212851748,0.3508957515305166,0.3170050783483831
gplearn,g0026,strogatz_barmag1,Original,5,0.01|0.05|0.10,0.2371096003347091,0.3688578644091745,0.1623260073260073,0.0732764745345794,0.4110053399787572,0.3452290702681613
gplearn,g0027,feynman_I_12_11,Original,5,0.01|0.05|0.10,1.0,1.0,0.6704761904761904,0.35,1.0,0.3132641970332024
gplearn,g0028,feynman-ii.4.23,Original,5,0.01|0.05|0.10,0.194230023022439,0.3718912678723546,0.1186868686868686,0.0615735332335065,0.3652694607942476,0.3184389747294052
gplearn,g0029,strogatz_vdp1,Original,5,0.01|0.05|0.10,0.1569782360004434,0.3952455360477007,0.1683333333333333,0.053478459684893,0.2943890849721127,0.3219825403679507
gplearn,g0030,feynman-iii.7.38,Original,5,0.01|0.05|0.10,0.1428571428571429,0.4,0.09,0.05,0.2714277844682454,0.3162746617834724
gplearn,g0031,II.11.27_1_0,Original,5,0.01|0.05|0.10,0.1435759820885342,0.3994417540621967,0.1733333333333333,0.0501454503910091,0.2722152261093832,0.3446187975500934
gplearn,g0032,feynman-i.13.12,Original,5,0.01|0.05|0.10,0.1428571428571429,0.4,0.8,0.05,0.2714285714285715,0.6458659745975609
gplearn,g0033,feynman-iii.10.19,Original,5,0.01|0.05|0.10,0.1428571428571429,0.4,0.2362857142857143,0.05,0.1254535574087641,0.3628465449199562
gplearn,g0034,CRK11,Original,5,0.01|0.05|0.10,0.1698629741720807,0.3598264188369609,0.0933333333333333,0.0535442746518735,0.2994525450447544,0.2557749632793468
gplearn,g0035,feynman-i.32.5,Original,5,0.01|0.05|0.10,0.1428571428571429,0.4,0.0,0.05,0.2714285714285715,0.420883424647321
gplearn,g0036,CRK10,Original,5,0.01|0.05|0.10,0.2131534830397822,0.2954755333896267,0.1475494505494505,0.0592305285900721,0.3447546136382562,0.2643496865796487
gplearn,g0037,CRK34,Original,5,0.01|0.05|0.10,0.2465367754891838,0.0954934536994515,0.1484545454545454,0.0485796425068246,0.3253034954026323,0.2401302200928516
gplearn,g0038,PO19,Original,5,0.01|0.05|0.10,0.2420774109598938,0.4796510073340003,0.1457142857142857,0.0872762987514815,0.4661528145817046,0.3702124805402366
gplearn,g0039,CRK0,Original,5,0.01|0.05|0.10,0.1428571428571429,0.4,0.016,0.05,0.2565144942135648,0.3753618901426043
gplearn,g0040,feynman-i.29.16,Original,5,0.01|0.05|0.10,0.2259693221768988,0.4460485947849175,0.1880401002506266,0.0778762696880139,0.4237516394166797,0.3852659446488986
gplearn,g0041,PO41,Original,5,0.01|0.05|0.10,0.2761533622047558,0.4351259412722937,0.1666666666666666,0.0908355355444036,0.4818819897369089,0.3669598454618315
gplearn,g0042,feynman_test_15,Original,5,0.01|0.05|0.10,0.2979499292396311,0.3710347087904884,0.1321428571428571,0.0905294510657007,0.4764994381286804,0.3535007644985427
gplearn,g0043,CRK33,Original,5,0.01|0.05|0.10,0.2408271599518877,0.2664227644083082,0.1577777777777777,0.0640738812272846,0.3265285918296953,0.3174600002817579
gplearn,g0044,feynman-i.15.3t,Original,5,0.01|0.05|0.10,0.6947458070542317,0.358860516379223,0.05,0.200414704188769,0.7008294083775382,0.6328953134093028
gplearn,g0045,feynman-bonus.20,Original,5,0.01|0.05|0.10,0.1428571429039948,0.39999990381419,0.0,0.0499999903945375,0.2714285192846325,0.4208833903896125
gplearn,g0046,II.6.15b_3_0,Original,5,0.01|0.05|0.10,0.1950494125836577,0.4563309696352711,0.1830909090909091,0.0732163896109578,0.3894882951420359,0.3551998388203862
gplearn,g0047,BPG5,Original,5,0.01|0.05|0.10,0.3418258826811663,0.1911027057641434,0.1492857142857143,0.0848215177251562,0.4125839335207134,0.2927745461283413
gplearn,g0048,MatSci21,Original,5,0.01|0.05|0.10,0.353052241834456,0.4469069439691,0.1591515151515151,0.1135453221081534,0.5046157696336069,0.3242480924959663
gplearn,g0049,BPG3,Original,5,0.01|0.05|0.10,0.2747511898215986,0.4513460846257359,0.15,0.0920649416124999,0.4840792040949307,0.5383784881809343
gplearn,g0050,BPG9,Original,5,0.01|0.05|0.10,0.1636349758132971,0.378183275396069,0.1503809523809524,0.053636120767327,0.3216003249208997,0.2211930341811805
imcts,g0001,II.34.2_1_0,Original,5,0.01|0.05|0.10,1.0,1.0,0.8333333333333334,0.7353709166666667,0.7252523154806316,0.6822756041366274
imcts,g0002,first_principles_hubble,Original,5,0.01|0.05|0.10,0.2140631397675078,0.4504448058676733,0.1295238095238095,0.0750722509262322,0.3627437551774656,0.3470960585095583
imcts,g0003,feynman-ii.27.18,Original,5,0.01|0.05|0.10,1.0,1.0,0.4780952380952381,0.9947048472222222,0.6238951015588097,0.6428685713269859
imcts,g0004,Korns-4,Original,5,0.01|0.05|0.10,1.0,0.999976390500978,0.3133333333333333,0.9861835277777776,0.3566514341257783,0.6237439614165765
imcts,g0005,Keijzer-11,Original,5,0.01|0.05|0.10,1.0,1.0,0.1935714285714285,0.7714800416666666,0.2806262707358507,0.2612018923580542
imcts,g0006,Keijzer-2,Original,5,0.01|0.05|0.10,0.9159364190529812,0.901020139435164,1.0,0.8930132854350458,0.3761603383042196,0.6313062676719293
imcts,g0007,Korns-2,Original,5,0.01|0.05|0.10,0.9412503478392574,0.9867478652171,0.1333333333333333,0.9439590294194474,0.04712183926235,0.3648205098735179
imcts,g0008,Nguyen-12,Original,5,0.01|0.05|0.10,1.0,1.0,0.363515406162465,0.8789185416666667,0.3787680868178181,0.6296322456052281
imcts,g0009,Nguyen-6,Original,5,0.01|0.05|0.10,1.0,1.0,1.0,0.967877,0.2592633475280433,0.6537638594466317
imcts,g0010,Nguyen-9,Original,5,0.01|0.05|0.10,1.0,1.0,0.1459523809523809,0.9673403888888888,0.3222630502852739,0.5780690006467514
imcts,g0011,Vladislavleva-4,Original,5,0.01|0.05|0.10,0.2949423969983231,0.4694499856704254,0.1703174603174603,0.0995288697263562,0.4927133163987009,0.3860744629997192
imcts,g0012,feynman_I_27_6,Original,5,0.01|0.05|0.10,0.3057369512216724,0.3936363182792286,0.1885714285714285,0.0949699781694376,0.4807104574788823,0.3626521480512419
imcts,g0013,feynman-i.43.31,Original,5,0.01|0.05|0.10,1.0,0.9999999999997456,1.0,0.968475,0.6199383753086892,0.6999999999999732
imcts,g0014,feynman-ii.34.11,Original,5,0.01|0.05|0.10,1.0,1.0,0.662984126984127,0.9599163055555556,0.6148861641063005,0.6636706010263425
imcts,g0015,III.21.20_3_0,Original,5,0.01|0.05|0.10,1.0,1.0,0.6647619047619047,0.6243960555555556,0.7059491912156047,0.2845146242789136
imcts,g0016,feynman_II_15_4,Original,5,0.01|0.05|0.10,1.0,0.9996136438371452,0.8333333333333334,0.5930331944444445,0.6945080829452571,0.6822339815958014
imcts,g0017,strogatz_shearflow1,Original,5,0.01|0.05|0.10,1.0,0.9974240840599142,0.6683333333333333,0.9761946527777776,0.4963709577375738,0.6585211217839043
imcts,g0018,feynman-i.18.16,Original,5,0.01|0.05|0.10,1.0,1.0,0.8337777777777777,0.9054679722222222,0.5953319332116921,0.6823234814465446
imcts,g0019,feynman-ii.34.2a,Original,5,0.01|0.05|0.10,1.0,1.0,0.2004761904761904,0.9745933055555556,0.142857142858273,0.5529997401742016
imcts,g0020,first_principles_leavitt,Original,5,0.01|0.05|0.10,0.3969579665056331,0.5500856938144166,0.1542857142857143,0.1361567999983095,0.5421013703617458,0.4009048541381286
imcts,g0021,feynman-i.39.22,Original,5,0.01|0.05|0.10,1.0,1.0,0.2281904761904762,0.9716563888888888,0.1428571351715624,0.6136318114309264
imcts,g0022,feynman-i.11.19,Original,5,0.01|0.05|0.10,1.0,1.0,1.0,0.9393837083333332,0.6885304566228393,0.7
imcts,g0023,I.11.19_4_0,Original,5,0.01|0.05|0.10,0.2591400698614283,0.4197464588719338,0.1726103896103896,0.0845338654482994,0.4692597246874099,0.3661782246924162
imcts,g0024,strogatz_predprey2,Original,5,0.01|0.05|0.10,1.0,1.0,0.6799999999999999,0.8801437916666667,0.4506741343497722,0.3866359267649776
imcts,g0025,strogatz_barmag2,Original,5,0.01|0.05|0.10,0.983197102485042,1.0,1.0,0.8891175571261157,0.4274347046695961,0.6660959363220799
imcts,g0026,strogatz_barmag1,Original,5,0.01|0.05|0.10,0.9610172655788112,0.9254092473819168,0.835,0.857599979271469,0.4796088828567971,0.4874556609516019
imcts,g0027,feynman_I_12_11,Original,5,0.01|0.05|0.10,0.2236152652440622,0.3902478257031198,0.182031746031746,0.0716370568386184,0.4360841009921047,0.3305849012183039
imcts,g0028,feynman-ii.4.23,Original,5,0.01|0.05|0.10,1.0,0.9999999989323962,1.0,0.9900219583333334,0.6260652456705248,0.6999999998879015
imcts,g0029,strogatz_vdp1,Original,5,0.01|0.05|0.10,0.993520795409013,1.0,1.0,0.8528643426842869,0.4863091139800051,0.6045771785385431
imcts,g0030,feynman-iii.7.38,Original,5,0.01|0.05|0.10,0.1435649392753381,0.3992553497889173,0.4846666666666667,0.0501237179759863,0.7272807260105386,0.170394343386783
imcts,g0031,II.11.27_1_0,Original,5,0.01|0.05|0.10,0.2972731381345167,0.358520332749685,0.2028571428571428,0.0890885119521904,0.4842149732380875,0.3603345580701695
imcts,g0032,feynman-i.13.12,Original,5,0.01|0.05|0.10,1.0,1.0,1.0,0.6534738055555556,0.6168702299080537,0.7
imcts,g0033,feynman-iii.10.19,Original,5,0.01|0.05|0.10,0.0,0.3,0.1569047619047619,0.0,0.0,0.259162111428349
imcts,g0034,CRK11,Original,5,0.01|0.05|0.10,0.0,0.0,0.0471428571428571,0.0,0.1854218026172176,0.0689757721439719
imcts,g0035,feynman-i.32.5,Original,5,0.01|0.05|0.10,1.0,1.0,1.0,0.8306751805555554,0.6145395896857734,0.6588932186133791
imcts,g0036,CRK10,Original,5,0.01|0.05|0.10,0.0,0.1134639036613949,0.0604444444444444,0.0,0.0,0.1461843282135453
imcts,g0037,CRK34,Original,5,0.01|0.05|0.10,0.0,0.3,0.0321428571428571,0.0,0.0,0.1641445356124551
imcts,g0038,PO19,Original,5,0.01|0.05|0.10,0.3949712387262989,0.3851017607248926,0.1536507936507936,0.1191021229051509,0.5291811771237241,0.3843113639789625
imcts,g0039,CRK0,Original,5,0.01|0.05|0.10,0.0,0.0717289744305764,0.0923333333333333,0.0,0.0,0.1286746598967091
imcts,g0040,feynman-i.29.16,Original,5,0.01|0.05|0.10,0.2275090038497078,0.4308607264294699,0.1523809523809524,0.0767885937208448,0.4172570883267916,0.3609210905502355
imcts,g0041,PO41,Original,5,0.01|0.05|0.10,0.3669885933483735,0.4022004616450203,0.1706666666666667,0.1129768522978316,0.5223228147395039,0.3867325260959223
imcts,g0042,feynman_test_15,Original,5,0.01|0.05|0.10,0.3204769820130263,0.3766040818343064,0.1884095238095238,0.0973939631461448,0.4021279444354397,0.2641281836387544
imcts,g0043,CRK33,Original,5,0.01|0.05|0.10,0.0,0.0,0.1466666666666666,0.0,0.1687448171186113,0.1468332387438211
imcts,g0044,feynman-i.15.3t,Original,5,0.01|0.05|0.10,0.0,0.3,0.0813095238095238,0.0,0.0,0.2367540918336998
imcts,g0045,feynman-bonus.20,Original,5,0.01|0.05|0.10,0.0,0.0,0.1315238095238095,0.0,0.0,0.1390467547266026
imcts,g0046,II.6.15b_3_0,Original,5,0.01|0.05|0.10,0.1899430548227459,0.444176786298788,0.1199538239538239,0.0692842311686775,0.377255445550465,0.3284857649370247
imcts,g0047,BPG5,Original,5,0.01|0.05|0.10,0.0676449247202569,0.0,0.13,0.0118378618260449,0.0642776152649935,0.1799121772936094
imcts,g0048,MatSci21,Original,5,0.01|0.05|0.10,0.535648720759176,0.6290200324029349,0.18,0.1828836444660345,0.640278757688288,0.4533681632417075
imcts,g0049,BPG3,Original,5,0.01|0.05|0.10,0.0,0.0,0.0744927536231884,0.0,0.1708851285883733,0.1046443251333233
imcts,g0050,BPG9,Original,5,0.01|0.05|0.10,0.0,0.0,0.0807619047619047,0.0,0.0,0.1089587077750098
llmsr,g0001,II.34.2_1_0,Original,5,0.01|0.05|0.10,1.0,1.0,0.6719999999999999,0.35,0.4512881316598426,0.4747630988187687
llmsr,g0002,first_principles_hubble,Original,5,0.01|0.05|0.10,0.2409368668114676,0.4179133715848365,0.1403809523809523,0.0792536598656478,0.4201024229553829,0.3429332937553335
llmsr,g0003,feynman-ii.27.18,Original,5,0.01|0.05|0.10,0.1432723727093134,0.3995640086734866,0.37,0.0500726652259563,0.48442271961007,0.1771513497509417
llmsr,g0004,Korns-4,Original,5,0.01|0.05|0.10,0.8598462797023614,0.8736991171213242,0.1133333333333333,0.2981125428324902,0.437979204569711,0.3614114372112565
llmsr,g0005,Keijzer-11,Original,5,0.01|0.05|0.10,0.0936018804621652,0.3595575102835492,0.1121428571428571,0.0321642775577611,0.1496439994741876,0.2185235028360632
llmsr,g0006,Keijzer-2,Original,5,0.01|0.05|0.10,0.2002729926769192,0.258702304130129,0.146,0.0519466683625302,0.2281023389741408,0.2602485472105395
llmsr,g0007,Korns-2,Original,5,0.01|0.05|0.10,0.1383502619650046,0.3971548752440278,0.1407142857142857,0.0485000146548827,0.2624021515562547,0.3245331280657767
llmsr,g0008,Nguyen-12,Original,5,0.01|0.05|0.10,0.4623094850688554,0.4508136395547214,0.2186274509803921,0.1445280196821132,0.4848125700971901,0.4095207969581611
llmsr,g0009,Nguyen-6,Original,5,0.01|0.05|0.10,0.6123483784714296,0.2192749602612732,0.1699999999999999,0.1619797062978185,0.3128475058565164,0.3381088958446535
llmsr,g0010,Nguyen-9,Original,5,0.01|0.05|0.10,0.4424555253864192,0.5949402467247931,0.1287619047619047,0.1533815717685319,0.3742045607565911,0.3955753476457646
llmsr,g0011,Vladislavleva-4,Original,5,0.01|0.05|0.10,0.2603601129645195,0.4690234338724496,0.1344444444444444,0.0898031750172793,0.4242463560627781,0.3116504137954791
llmsr,g0012,feynman_I_27_6,Original,5,0.01|0.05|0.10,0.332181081387251,0.3647611841136424,0.1904761904761905,0.099486821198404,0.5090752277165186,0.3970722580089211
llmsr,g0013,feynman-i.43.31,Original,5,0.01|0.05|0.10,0.1560877808953747,0.4030338642887061,0.1413333333333333,0.054007965079575,0.290778264495724,0.3288007502507798
llmsr,g0014,feynman-ii.34.11,Original,5,0.01|0.05|0.10,0.1427586406085239,0.3999997956508322,0.1315238095238095,0.0499827110191997,0.2714244892074662,0.3396555178695797
llmsr,g0015,III.21.20_3_0,Original,5,0.01|0.05|0.10,0.2216948258415391,0.3332341975157292,0.1426666666666666,0.0653979709871668,0.3662069348618951,0.2098911402425826
llmsr,g0016,feynman_II_15_4,Original,5,0.01|0.05|0.10,1.0,1.0,1.0,0.35,0.5979016129221696,0.82
llmsr,g0017,strogatz_shearflow1,Original,5,0.01|0.05|0.10,0.1898820035226369,0.3260940851591076,0.1586666666666666,0.0557763695022363,0.3139040881941231,0.2914846698320492
llmsr,g0018,feynman-i.18.16,Original,5,0.01|0.05|0.10,0.2084965754470709,0.3741136332540193,0.3713333333333333,0.0657904044505619,0.3553529661810181,0.4377432131384298
llmsr,g0019,feynman-ii.34.2a,Original,5,0.01|0.05|0.10,0.1426453975446434,0.3999888444975778,0.1297619047619047,0.049960155694707,0.2712265759028418,0.3392509643289488
llmsr,g0020,first_principles_leavitt,Original,5,0.01|0.05|0.10,0.3919774975004181,0.3437841783981377,0.1547619047619048,0.1141321171300617,0.5331150854808456,0.3567262933642071
llmsr,g0021,feynman-i.39.22,Original,5,0.01|0.05|0.10,0.1477503679641405,0.3888495670793876,0.1352857142857143,0.0502550597378972,0.2806122609822983,0.3240306980048887
llmsr,g0022,feynman-i.11.19,Original,5,0.01|0.05|0.10,0.1777429093880036,0.4237048497558868,0.2362857142857143,0.0621384996042295,0.3373513050715308,0.2223149482989767
llmsr,g0023,I.11.19_4_0,Original,5,0.01|0.05|0.10,0.2450269895593447,0.3884955902772119,0.188,0.077457116104269,0.4212062894292669,0.4088328741252966
llmsr,g0024,strogatz_predprey2,Original,5,0.01|0.05|0.10,0.3658781706546204,0.2806199995390104,0.52,0.1005078877329051,0.4829138131623054,0.205168000669341
llmsr,g0025,strogatz_barmag2,Original,5,0.01|0.05|0.10,0.946480770094966,0.875691794932051,0.8371428571428572,0.3221563910501522,0.3890679413453078,0.4784395701799762
llmsr,g0026,strogatz_barmag1,Original,5,0.01|0.05|0.10,1.0,0.9457514522345516,1.0,0.3433508719324533,0.4228653825619038,0.6264646103736471
llmsr,g0027,feynman_I_12_11,Original,5,0.01|0.05|0.10,1.0,1.0,0.8371428571428572,0.35,0.3324841451758422,0.7704597699704099
llmsr,g0028,feynman-ii.4.23,Original,5,0.01|0.05|0.10,0.1428571428660804,0.4000000000026956,0.5481428571428572,0.050000000002772,0.2725177284892261,0.1753360039641283
llmsr,g0029,strogatz_vdp1,Original,5,0.01|0.05|0.10,1.0,1.0,0.6799999999999999,0.35,0.4365328929509348,0.2893624670560671
llmsr,g0030,feynman-iii.7.38,Original,5,0.01|0.05|0.10,0.1428571428571429,0.4,0.1437142857142857,0.05,0.2714285714285715,0.3707592463691203
llmsr,g0031,II.11.27_1_0,Original,5,0.01|0.05|0.10,0.2929042725271216,0.3110814828155183,0.2214285714285714,0.0831213445887467,0.3603959989315011,0.3144251465228762
llmsr,g0032,feynman-i.13.12,Original,5,0.01|0.05|0.10,0.0,0.2835989424355396,0.1957948717948718,0.0,0.0,0.3337255922490949
llmsr,g0033,feynman-iii.10.19,Original,5,0.01|0.05|0.10,0.0,0.3,0.32,0.0,0.0,0.3018940211398695
llmsr,g0034,CRK11,Original,5,0.01|0.05|0.10,0.6018183827248501,0.1891507260579081,0.1446666666666666,0.1526058984913257,0.5235317327370311,0.2909060093337868
llmsr,g0035,feynman-i.32.5,Original,5,0.01|0.05|0.10,0.1459299541455009,0.3990016234473747,0.1792207792207792,0.0507605495054775,0.271428571429086,0.3344091265138333
llmsr,g0036,CRK10,Original,5,0.01|0.05|0.10,0.5822431263192462,0.1818009730808769,0.1369696969696969,0.1473427903760873,0.5370090164240625,0.3244459783519064
llmsr,g0037,CRK34,Original,5,0.01|0.05|0.10,0.5884845692566429,0.1974864972714355,0.1808008658008658,0.1523564239377713,0.5108294220232038,0.3398085056665808
llmsr,g0038,PO19,Original,5,0.01|0.05|0.10,0.3343113587019302,0.0,0.1346031746031746,0.0585044877728377,0.3383348769074825,0.286244715016673
llmsr,g0039,CRK0,Original,5,0.01|0.05|0.10,0.6193913971636548,0.4924594737351325,0.1412857142857143,0.1926755234723275,0.550277563321106,0.3802251837083307
llmsr,g0040,feynman-i.29.16,Original,5,0.01|0.05|0.10,0.2361535934121794,0.3780986464368042,0.1805555555555555,0.0739328707990379,0.4251873929474953,0.3668353692252339
llmsr,g0041,PO41,Original,5,0.01|0.05|0.10,0.3617358271750089,0.1205326994340185,0.1518531468531468,0.0833393015486286,0.3446510531526405,0.3085343515979194
llmsr,g0042,feynman_test_15,Original,5,0.01|0.05|0.10,0.3939274345571991,0.4983811707652864,0.3729777777777777,0.1301377987444464,0.5302739516761292,0.2584293289680563
llmsr,g0043,CRK33,Original,5,0.01|0.05|0.10,0.5938577788055212,0.2153341260293942,0.1805103668261563,0.1577586427983147,0.5127056997940123,0.4175533746361623
llmsr,g0044,feynman-i.15.3t,Original,5,0.01|0.05|0.10,0.6947458070542349,0.3588605163791348,0.1342499999999999,0.2004147041887611,0.6487963271123849,0.4567903502551737
llmsr,g0045,feynman-bonus.20,Original,5,0.01|0.05|0.10,0.1428571428571429,0.4,0.1501587301587301,0.05,0.2714285711817766,0.2184018261644295
llmsr,g0046,II.6.15b_3_0,Original,5,0.01|0.05|0.10,0.192544454800785,0.4692497095377663,0.1605454545454545,0.0760077069745789,0.3727792112924373,0.3812787124054385
llmsr,g0047,BPG5,Original,5,0.01|0.05|0.10,0.6646194325009299,0.33439430425086,0.1780952380952381,0.1895328058567159,0.4918406531109789,0.4455963717749673
llmsr,g0048,MatSci21,Original,5,0.01|0.05|0.10,0.2394250510802527,0.442608263218323,0.2983333333333333,0.081299840624276,0.6299221354392867,0.2199449593838755
llmsr,g0049,BPG3,Original,5,0.01|0.05|0.10,0.65448396406119,0.0781333086735285,0.1485714285714285,0.1340680208790903,0.3963071272718645,0.252668829943648
llmsr,g0050,BPG9,Original,5,0.01|0.05|0.10,0.4586881120183128,0.2048383364320915,0.1444761904761904,0.1189165049223807,0.5426211923147832,0.2003200166312821
pyoperon,g0001,II.34.2_1_0,Original,5,0.01|0.05|0.10,0.1943453380867285,0.3419066609935193,0.1,0.1670395088032777,0.3181538495886987,0.1113834803925402
pyoperon,g0002,first_principles_hubble,Original,5,0.01|0.05|0.10,0.2519700733791534,0.408052048209537,0.1386666666666666,0.2320476387026186,0.4412726174954895,0.3410226640046677
pyoperon,g0003,feynman-ii.27.18,Original,5,0.01|0.05|0.10,0.0,0.3,0.0,0.0,0.0,0.21
pyoperon,g0004,Korns-4,Original,5,0.01|0.05|0.10,0.3416188236041572,0.5359559668418655,0.075,0.3401028281329798,0.5381267807776984,0.3605511710975451
pyoperon,g0005,Keijzer-11,Original,5,0.01|0.05|0.10,0.2379706650771507,0.4893871140239456,0.1352380952380952,0.2536473587790974,0.4780083285829253,0.3864811807019491
pyoperon,g0006,Keijzer-2,Original,5,0.01|0.05|0.10,0.1612246477323987,0.338056404798688,0.1594285714285714,0.138534988650581,0.2658613572385497,0.3171232902065581
pyoperon,g0007,Korns-2,Original,5,0.01|0.05|0.10,0.0931865143536824,0.3677663811806937,0.1446190476190476,0.0948559992579818,0.1897837292646479,0.2383435501869423
pyoperon,g0008,Nguyen-12,Original,5,0.01|0.05|0.10,0.2715649814371661,0.409679386040947,0.1476190476190476,0.2482564061708454,0.4710866257265691,0.3530545947437635
pyoperon,g0009,Nguyen-6,Original,5,0.01|0.05|0.10,0.3655110621426525,0.3213432238316033,0.1457142857142857,0.2979754884290916,0.4983060746069715,0.3473165420532755
pyoperon,g0010,Nguyen-9,Original,5,0.01|0.05|0.10,0.1813435349437467,0.5124484413715975,0.1216507936507936,0.2419950308362269,0.4628910225284321,0.3253768648111901
pyoperon,g0011,Vladislavleva-4,Original,5,0.01|0.05|0.10,0.2104761683317947,0.443059559073032,0.06,0.2089189842178421,0.397556032227593,0.1057587554530242
pyoperon,g0012,feynman_I_27_6,Original,5,0.01|0.05|0.10,0.2548946744990322,0.3608665748136122,0.1784285714285714,0.2206965094356512,0.4204917944263127,0.3549295471775235
pyoperon,g0013,feynman-i.43.31,Original,5,0.01|0.05|0.10,0.0,0.3,0.0,0.0,0.0,0.21
pyoperon,g0014,feynman-ii.34.11,Original,5,0.01|0.05|0.10,0.1429249211025114,0.3999290185787819,0.1345714285714285,0.1426316682670703,0.2714921778865953,0.3264547921517478
pyoperon,g0015,III.21.20_3_0,Original,5,0.01|0.05|0.10,0.1866946330827458,0.3746811063981852,0.1504761904761904,0.1702582084319491,0.3243170485347996,0.3735034923225503
pyoperon,g0016,feynman_II_15_4,Original,5,0.01|0.05|0.10,0.1860213435103485,0.380926891333828,0.1253333333333333,0.1715940456814305,0.3266806888137259,0.3434819920174712
pyoperon,g0017,strogatz_shearflow1,Original,5,0.01|0.05|0.10,0.1813061154383198,0.3333535204692212,0.13,0.1542712911271841,0.2938047128887787,0.3568638559057473
pyoperon,g0018,feynman-i.18.16,Original,5,0.01|0.05|0.10,0.1434569264486985,0.3874789780347947,0.085047619047619,0.1394353238199293,0.2655450621757202,0.2818456576161504
pyoperon,g0019,feynman-ii.34.2a,Original,5,0.01|0.05|0.10,0.1598494112656725,0.3249179901918282,0.0727619047619047,0.1347434336349705,0.2565407226380012,0.2670744178096973
pyoperon,g0020,first_principles_leavitt,Original,5,0.01|0.05|0.10,0.3988964279246597,0.5567275005712573,0.1536507936507936,0.3916718611007321,0.5645806602051396,0.4074700469798813
pyoperon,g0021,feynman-i.39.22,Original,5,0.01|0.05|0.10,0.1503512063179027,0.3966649904783348,0.1007619047619047,0.1476323594171549,0.2805240350435815,0.3080484831043956
pyoperon,g0022,feynman-i.11.19,Original,5,0.01|0.05|0.10,0.1462477294865916,0.4022275430317305,0.1305238095238095,0.1459464255976083,0.277793296203223,0.3182905539466031
pyoperon,g0023,I.11.19_4_0,Original,5,0.01|0.05|0.10,0.2387883270424812,0.4130219410329548,0.1383333333333333,0.2228250292045871,0.4243163496474615,0.3543806028079527
pyoperon,g0024,strogatz_predprey2,Original,5,0.01|0.05|0.10,0.2234479330356099,0.3753044076847419,0.155,0.1998158456202841,0.3806067158828838,0.3033976380130973
pyoperon,g0025,strogatz_barmag2,Original,5,0.01|0.05|0.10,0.1541901750697778,0.4009843074259682,0.1654945054945054,0.1518413300316948,0.2890291221480431,0.2932462197471864
pyoperon,g0026,strogatz_barmag1,Original,5,0.01|0.05|0.10,0.2381835853830384,0.3594552673772028,0.1567948717948717,0.2072132196805987,0.3944441523863154,0.3417146108378643
pyoperon,g0027,feynman_I_12_11,Original,5,0.01|0.05|0.10,0.178383977394523,0.3777696418330626,0.104047619047619,0.1645266778647351,0.3133654989571127,0.3246308511870711
pyoperon,g0028,feynman-ii.4.23,Original,5,0.01|0.05|0.10,0.6613534111345,0.6996996809066409,0.1647619047619047,0.6422330060599155,0.6500122036670346,0.5673633595049863
pyoperon,g0029,strogatz_vdp1,Original,5,0.01|0.05|0.10,0.1694221775364216,0.3889230007260191,0.1923809523809523,0.160643316503852,0.3058739013605745,0.3236168653610776
pyoperon,g0030,feynman-iii.7.38,Original,5,0.01|0.05|0.10,0.6076857360664452,0.7253800143079763,0.146,0.6067184351481755,0.0,0.5010368579094923
pyoperon,g0031,II.11.27_1_0,Original,5,0.01|0.05|0.10,0.2354247597602927,0.3709611987091061,0.1559523809523809,0.2081545281019627,0.3963672669025113,0.3091875966760514
pyoperon,g0032,feynman-i.13.12,Original,5,0.01|0.05|0.10,0.0,0.3,0.0,0.0,0.0,0.21
pyoperon,g0033,feynman-iii.10.19,Original,5,0.01|0.05|0.10,0.0,0.3,0.0,0.0,0.0,0.135
pyoperon,g0034,CRK11,Original,5,0.01|0.05|0.10,0.373088820513763,0.0879281770697599,0.0931428571428571,0.237489589860751,0.4595146546714863,0.2854877395109779
pyoperon,g0035,feynman-i.32.5,Original,5,0.01|0.05|0.10,0.0,0.3,0.0314285714285714,0.0,0.0,0.2018066967599015
pyoperon,g0036,CRK10,Original,5,0.01|0.05|0.10,0.3709781138595882,0.0387063516266458,0.0929145299145299,0.2127779820803873,0.411110303905325,0.2820041201510873
pyoperon,g0037,CRK34,Original,5,0.01|0.05|0.10,0.3845205786704682,0.0524463979207102,0.0835497835497835,0.2293228633476139,0.4405431398726875,0.2708295484233883
pyoperon,g0038,PO19,Original,5,0.01|0.05|0.10,0.2210276670451719,0.0,0.1821428571428571,0.1103106830030274,0.210002731344791,0.2698817252551272
pyoperon,g0039,CRK0,Original,5,0.01|0.05|0.10,0.336953430813234,0.1403529492056348,0.1228571428571428,0.2234858322612361,0.4175196075719336,0.3110762617011665
pyoperon,g0040,feynman-i.29.16,Original,5,0.01|0.05|0.10,0.2133614514132595,0.462996014077683,0.1417142857142857,0.2226335666308534,0.424154815208396,0.3563788806588536
pyoperon,g0041,PO41,Original,5,0.01|0.05|0.10,0.2293986350125968,0.0,0.1844285714285714,0.114518646964673,0.2179572707595608,0.2597198633689819
pyoperon,g0042,feynman_test_15,Original,5,0.01|0.05|0.10,0.261407446215551,0.3795647776906748,0.1250666666666667,0.2313090006192765,0.440540746171445,0.3535879836629894
pyoperon,g0043,CRK33,Original,5,0.01|0.05|0.10,0.3779326217275682,0.0506050669639227,0.132,0.2246965380900977,0.426602743504811,0.3013752349808711
pyoperon,g0044,feynman-i.15.3t,Original,5,0.01|0.05|0.10,0.6188793626434901,0.4450634765153407,0.0851666666666666,0.5352436702179358,0.6726454757472705,0.4466362151572867
pyoperon,g0045,feynman-bonus.20,Original,5,0.01|0.05|0.10,0.0,0.3,0.0,0.0,0.0,0.1275
pyoperon,g0046,II.6.15b_3_0,Original,5,0.01|0.05|0.10,0.2129183109903516,0.4258052369883553,0.092040404040404,0.2058592158530236,0.3947779711178558,0.292165909257176
pyoperon,g0047,BPG5,Original,5,0.01|0.05|0.10,0.1962758817349996,0.06782091872897,0.1191428571428571,0.0979739482792293,0.1864610063994518,0.2308475006629017
pyoperon,g0048,MatSci21,Original,5,0.01|0.05|0.10,0.2138383421018775,0.4814414996765006,0.1497619047619047,0.2361214625500016,0.4498435325228749,0.3158069438978537
pyoperon,g0049,BPG3,Original,5,0.01|0.05|0.10,0.4514861729383282,0.0,0.0678467908902691,0.2253325601251374,0.4169869272828934,0.2170979531385539
pyoperon,g0050,BPG9,Original,5,0.01|0.05|0.10,0.2115309156702703,0.1473697102420314,0.0808571428571428,0.1253971190270515,0.2382933215647634,0.2617066295225837
pysr,g0001,II.34.2_1_0,Original,5,0.01|0.05|0.10,1.0,1.0,1.0,0.35,0.581989759821269,0.8799999999999999
pysr,g0002,first_principles_hubble,Original,5,0.01|0.05|0.10,0.3019051495531977,0.5140183682182169,0.1373333333333333,0.1063379932263638,0.4956376297433735,0.3822940774312856
pysr,g0003,feynman-ii.27.18,Original,5,0.01|0.05|0.10,0.1428572634946224,0.3635315351536832,0.4633333333333334,0.046353187293861,0.1784204165236859,0.2698675327287374
pysr,g0004,Korns-4,Original,5,0.01|0.05|0.10,0.3239177145630023,0.5233426084226779,0.3199999999999999,0.1130312209198406,0.6533915523632853,0.5442996393497112
pysr,g0005,Keijzer-11,Original,5,0.01|0.05|0.10,0.8249539325116279,0.8897631908919155,0.2266666666666666,0.2918077359125137,0.3633758142255372,0.5533627697017667
pysr,g0006,Keijzer-2,Original,5,0.01|0.05|0.10,0.8995528731242903,0.9349793122281258,1.0,0.3161665808537822,0.3638427931326453,0.7832953422227988
pysr,g0007,Korns-2,Original,5,0.01|0.05|0.10,0.0021195955947608,0.3640791041735945,0.1753333333333333,0.0163907052724817,0.2415533378219856,0.3186272517627009
pysr,g0008,Nguyen-12,Original,5,0.01|0.05|0.10,1.0,1.0,0.3149019607843136,0.35,0.3805679948187657,0.7843711006465063
pysr,g0009,Nguyen-6,Original,5,0.01|0.05|0.10,1.0,1.0,1.0,0.35,0.2878352179205219,0.76
pysr,g0010,Nguyen-9,Original,5,0.01|0.05|0.10,1.0,1.0,0.2552380952380952,0.35,0.3687931427142528,0.616863031798794
pysr,g0011,Vladislavleva-4,Original,5,0.01|0.05|0.10,0.2957659587155364,0.4676305394519613,0.2210547875064004,0.0995775223853139,0.4991811213433361,0.4673984441554472
pysr,g0012,feynman_I_27_6,Original,5,0.01|0.05|0.10,1.0,1.0,1.0,0.35,0.6579808826604335,1.0
pysr,g0013,feynman-i.43.31,Original,5,0.01|0.05|0.10,0.1493299697893668,0.3970917630724955,0.0,0.0515215678482717,0.279688791532493,0.4229171924862686
pysr,g0014,feynman-ii.34.11,Original,5,0.01|0.05|0.10,1.0,1.0,1.0,0.35,0.5284038528701118,0.7899999999999999
pysr,g0015,III.21.20_3_0,Original,5,0.01|0.05|0.10,1.0,1.0,1.0,0.35,0.6258679272954787,0.7899999999999999
pysr,g0016,feynman_II_15_4,Original,5,0.01|0.05|0.10,1.0,1.0,1.0,0.35,0.5940897091396836,0.7
pysr,g0017,strogatz_shearflow1,Original,5,0.01|0.05|0.10,1.0,1.0,1.0,0.35,0.4185003660007895,0.7899999999999999
pysr,g0018,feynman-i.18.16,Original,5,0.01|0.05|0.10,1.0,1.0,1.0,0.35,0.5732777543001774,0.73
pysr,g0019,feynman-ii.34.2a,Original,5,0.01|0.05|0.10,0.1428571428571429,0.4,0.1543333333333333,0.05,0.271428850703685,0.1418092279890739
pysr,g0020,first_principles_leavitt,Original,5,0.01|0.05|0.10,0.3942728533603544,0.4919619675837941,0.159047619047619,0.1295925956907906,0.5681734667977013,0.3728878896146604
pysr,g0021,feynman-i.39.22,Original,5,0.01|0.05|0.10,0.1428571428168227,0.3999999999927826,0.0974285714285714,0.0499999999911396,0.326768704111067,0.1101754652354522
pysr,g0022,feynman-i.11.19,Original,5,0.01|0.05|0.10,1.0,1.0,0.2623076923076923,0.35,0.553929168761324,0.6177048087632399
pysr,g0023,I.11.19_4_0,Original,5,0.01|0.05|0.10,1.0,1.0,0.8371428571428572,0.35,0.6369268694023064,0.7704597699704099
pysr,g0024,strogatz_predprey2,Original,5,0.01|0.05|0.10,0.890349585214997,0.8850870253700739,0.6771428571428572,0.3077592440628776,0.4348623649684045,0.2724569542066948
pysr,g0025,strogatz_barmag2,Original,5,0.01|0.05|0.10,1.0,0.9999837281229004,1.0,0.35,0.3989894754881893,0.8799978521096015
pysr,g0026,strogatz_barmag1,Original,5,0.01|0.05|0.10,1.0,1.0,0.835,0.35,0.3838127665365149,0.7409512804496663
pysr,g0027,feynman_I_12_11,Original,5,0.01|0.05|0.10,1.0,1.0,1.0,0.35,0.5927129153613345,0.7899999999999999
pysr,g0028,feynman-ii.4.23,Original,5,0.01|0.05|0.10,1.0,1.0,1.0,0.35,0.5169354966903673,1.0
pysr,g0029,strogatz_vdp1,Original,5,0.01|0.05|0.10,1.0,1.0,1.0,0.35,0.5025460922183537,0.7899999999999999
pysr,g0030,feynman-iii.7.38,Original,5,0.01|0.05|0.10,0.1428571428571429,0.4,0.0666666666666666,0.05,0.2714285714285715,0.444007721940573
pysr,g0031,II.11.27_1_0,Original,5,0.01|0.05|0.10,0.3772180490997997,0.4254090909775073,0.2257142857142857,0.118161962839957,0.7166640990797256,0.1882906302052751
pysr,g0032,feynman-i.13.12,Original,5,0.01|0.05|0.10,0.1428571428571429,0.4,1.0,0.05,0.2714285714285715,0.5384424532879797
pysr,g0033,feynman-iii.10.19,Original,5,0.01|0.05|0.10,0.0,0.3,0.01,0.0,0.0,0.2500663911844212
pysr,g0034,CRK11,Original,5,0.01|0.05|0.10,0.0,0.3,0.0304761904761904,0.0,0.357510178859123,0.1700295772589496
pysr,g0035,feynman-i.32.5,Original,5,0.01|0.05|0.10,0.7766896428866343,0.8435118975003875,0.589939393939394,0.2718242821091238,0.6565868812661847,0.3098324987770357
pysr,g0036,CRK10,Original,5,0.01|0.05|0.10,0.0,0.0,0.0666666666666666,0.0,0.5564213647702846,0.0947523086789973
pysr,g0037,CRK34,Original,5,0.01|0.05|0.10,0.0,0.0,0.0635714285714285,0.0,0.554612505176135,0.0883835795997035
pysr,g0038,PO19,Original,5,0.01|0.05|0.10,0.4364784926772845,0.3623167073579677,0.1437460317460317,0.1284456486438841,0.4767341115537437,0.3917379173186341
pysr,g0039,CRK0,Original,5,0.01|0.05|0.10,0.0,0.0222648459997817,0.0752857142857142,0.0,0.4061803467719964,0.0992209783463771
pysr,g0040,feynman-i.29.16,Original,5,0.01|0.05|0.10,0.31462235928321,0.553072040232358,0.1971428571428571,0.1183269229326512,0.5291826780953978,0.3907511266788588
pysr,g0041,PO41,Original,5,0.01|0.05|0.10,0.3874124686969703,0.3673860563113388,0.1482222222222222,0.1152140968578458,0.5317391947028868,0.3650236075489184
pysr,g0042,feynman_test_15,Original,5,0.01|0.05|0.10,0.4025841307024409,0.5381410247145024,0.1977777777777777,0.1365376590603449,0.5489017215804678,0.3877317132565841
pysr,g0043,CRK33,Original,5,0.01|0.05|0.10,0.0,0.3,0.0833333333333333,0.0,0.5531066286644047,0.1966875695106328
pysr,g0044,feynman-i.15.3t,Original,5,0.01|0.05|0.10,0.0,0.3,0.086,0.0,0.0,0.2484146130967339
pysr,g0045,feynman-bonus.20,Original,5,0.01|0.05|0.10,0.0,0.2921614668244405,0.05,0.0,0.0,0.3203879524066598
pysr,g0046,II.6.15b_3_0,Original,5,0.01|0.05|0.10,0.2156022867090933,0.3941438340807789,0.1502857142857142,0.0697830236866019,0.3912278193914899,0.3264103775603303
pysr,g0047,BPG5,Original,5,0.01|0.05|0.10,0.067644930860958,0.0,0.1241428571428571,0.0118378629006676,0.3700015958499068,0.076072824673806
pysr,g0048,MatSci21,Original,5,0.01|0.05|0.10,0.8920563875019641,0.9289345864110512,0.1864761904761905,0.3133435144156065,0.5466218076450651,0.3398329206578174
pysr,g0049,BPG3,Original,5,0.01|0.05|0.10,0.0,0.0,0.0928115942028985,0.0,0.3205905191034696,0.1201418292287693
pysr,g0050,BPG9,Original,5,0.01|0.05|0.10,0.0,0.0,0.0839999999999999,0.0,0.602397297217991,0.1111215550647127
qlattice,g0001,II.34.2_1_0,Original,5,0.01|0.05|0.10,0.3552886186555941,0.3709548876728575,0.159047619047619,0.2810997374468374,0.5297150504300862,0.3661205291434809
qlattice,g0002,first_principles_hubble,Original,5,0.01|0.05|0.10,0.2323652689101752,0.4314175729626885,0.1399999999999999,0.2185674636300991,0.4264239941686421,0.3521643058441049
qlattice,g0003,feynman-ii.27.18,Original,5,0.01|0.05|0.10,0.2259525673473553,0.4215547242326933,1.0,0.2114196795726199,0.4104047401396926,0.501911452536259
qlattice,g0004,Korns-4,Original,5,0.01|0.05|0.10,0.3438691556374106,0.536969918882321,0.1466666666666666,0.3340934317985229,0.539202168351889,0.4093552485859099
qlattice,g0005,Keijzer-11,Original,5,0.01|0.05|0.10,0.1671615963017194,0.4146723317685652,0.1333333333333333,0.1620812291095218,0.3155243120631847,0.3362895902645346
qlattice,g0006,Keijzer-2,Original,5,0.01|0.05|0.10,0.1934408699372511,0.2846962346779215,0.1323809523809523,0.1471332764632164,0.2846219823439148,0.3116339182560103
qlattice,g0007,Korns-2,Original,5,0.01|0.05|0.10,0.0552436528422922,0.3636081131839433,0.0819047619047619,0.0713097836732229,0.1498922566222285,0.1746035106586687
qlattice,g0008,Nguyen-12,Original,5,0.01|0.05|0.10,0.4525463533053008,0.3554799272530041,0.1438095238095238,0.368677458281502,0.4808786367263558,0.3743944617392944
qlattice,g0009,Nguyen-6,Original,5,0.01|0.05|0.10,0.431277479565629,0.2847324495337396,0.1371428571428571,0.3317686568546467,0.4566912586516135,0.3545355029692507
qlattice,g0010,Nguyen-9,Original,5,0.01|0.05|0.10,0.3099433583180774,0.5684902764577258,0.1161904761904762,0.3387434841659886,0.4870858604885422,0.3612855727589464
qlattice,g0011,Vladislavleva-4,Original,5,0.01|0.05|0.10,0.2959830163087991,0.4726457124098339,0.1718253968253968,0.2775386558861925,0.5264001851864609,0.3221187373888893
qlattice,g0012,feynman_I_27_6,Original,5,0.01|0.05|0.10,0.3461447242671857,0.4178371098931975,0.1792857142857143,0.2862809595383183,0.5159217890537987,0.3740621408900157
qlattice,g0013,feynman-i.43.31,Original,5,0.01|0.05|0.10,0.1594792067797107,0.4008573063690603,0.1333333333333333,0.1536032179392126,0.299499862670126,0.3301021663851111
qlattice,g0014,feynman-ii.34.11,Original,5,0.01|0.05|0.10,0.3402911450987081,0.5130755549645472,0.1732063492063492,0.3005507414181061,0.4546751594871022,0.3369483342362245
qlattice,g0015,III.21.20_3_0,Original,5,0.01|0.05|0.10,0.2048621606917298,0.3348864828959791,0.1666666666666666,0.1601159597906269,0.3385284940835795,0.3355143785380879
qlattice,g0016,feynman_II_15_4,Original,5,0.01|0.05|0.10,0.4061107321537841,0.4690803564443732,0.1373333333333333,0.3502234844901545,0.502866481205855,0.3726569159720767
qlattice,g0017,strogatz_shearflow1,Original,5,0.01|0.05|0.10,0.3036279074618715,0.2282705909657196,0.1488888888888889,0.216461835264325,0.4040409523291022,0.336538208726393
qlattice,g0018,feynman-i.18.16,Original,5,0.01|0.05|0.10,0.2578951528919297,0.2188470057076343,0.1304761904761904,0.17848989662879,0.3474695241234789,0.3079777606580186
qlattice,g0019,feynman-ii.34.2a,Original,5,0.01|0.05|0.10,0.2956512067417647,0.4481714572258793,0.1023809523809523,0.271615087099688,0.466239853408064,0.2557580998271387
qlattice,g0020,first_principles_leavitt,Original,5,0.01|0.05|0.10,0.3994411568717183,0.4739393190921812,0.148,0.3609011751598718,0.573499667361343,0.3617275665272262
qlattice,g0021,feynman-i.39.22,Original,5,0.01|0.05|0.10,0.2579188982447277,0.4361948020882554,0.0956190476190476,0.2235111907738976,0.4444582650257917,0.3456684023819845
qlattice,g0022,feynman-i.11.19,Original,5,0.01|0.05|0.10,0.181544075410698,0.4184806945412471,0.1545454545454545,0.1745565412751973,0.3408408724124598,0.3444490442806975
qlattice,g0023,I.11.19_4_0,Original,5,0.01|0.05|0.10,0.2648482629568548,0.4124320902608039,0.173051948051948,0.2230466421245256,0.4705552550934997,0.36643656051764
qlattice,g0024,strogatz_predprey2,Original,5,0.01|0.05|0.10,0.3615049866462259,0.2912760519671885,0.1864285714285714,0.2792727245140039,0.485931552446406,0.3211091409215602
qlattice,g0025,strogatz_barmag2,Original,5,0.01|0.05|0.10,0.2693690121140369,0.3067172928680204,0.1666666666666666,0.2118956002538786,0.3923100892217717,0.3357962611921796
qlattice,g0026,strogatz_barmag1,Original,5,0.01|0.05|0.10,0.2878936766473096,0.3819293788359641,0.15,0.2461999062651169,0.4418574359361519,0.3522176733830968
qlattice,g0027,feynman_I_12_11,Original,5,0.01|0.05|0.10,0.2611892992341175,0.4303499088825194,0.1480952380952381,0.2307916969966542,0.4652930322609485,0.3617927428054776
qlattice,g0028,feynman-ii.4.23,Original,5,0.01|0.05|0.10,0.4906909504924226,0.5907468496391558,0.159047619047619,0.4639144669838547,0.4627372006881252,0.3011696500250246
qlattice,g0029,strogatz_vdp1,Original,5,0.01|0.05|0.10,0.5812426195687348,0.7444922412499989,0.1746666666666667,0.5937646411100388,0.4693441473356848,0.3274176597826666
qlattice,g0030,feynman-iii.7.38,Original,5,0.01|0.05|0.10,0.0,0.3,0.0,0.0,0.0,0.12
qlattice,g0031,II.11.27_1_0,Original,5,0.01|0.05|0.10,0.1502824397483753,0.3824756798133265,0.1465714285714285,0.131854639639434,0.2776621532905031,0.3242857929359682
qlattice,g0032,feynman-i.13.12,Original,5,0.01|0.05|0.10,0.1424117353774486,0.3995060419373256,1.0,0.1397906393781973,0.2699140545586497,0.4813996530508836
qlattice,g0033,feynman-iii.10.19,Original,5,0.01|0.05|0.10,0.1427750899121769,0.4000000273151123,0.448,0.1396275633387292,0.2887560390105438,0.3898693574428686
qlattice,g0034,CRK11,Original,5,0.01|0.05|0.10,0.5049451650996024,0.279307640000964,0.0778571428571428,0.3887814717287551,0.349481586357142,0.3455166406208399
qlattice,g0035,feynman-i.32.5,Original,5,0.01|0.05|0.10,0.1491147999576327,0.3987456078777907,0.1339393939393939,0.1446657052301122,0.2800671921318092,0.3274490031470256
qlattice,g0036,CRK10,Original,5,0.01|0.05|0.10,0.5039648279083859,0.2194200651459663,0.0938827838827838,0.3701240970216195,0.3269268102661169,0.2964048134393909
qlattice,g0037,CRK34,Original,5,0.01|0.05|0.10,0.4501165202771924,0.0910432062149234,0.1138095238095238,0.282545180862668,0.370705479876847,0.3217041542331767
qlattice,g0038,PO19,Original,5,0.01|0.05|0.10,0.3828313115158642,0.0,0.1508571428571428,0.1860340684015164,0.3304432072750123,0.3014802980574967
qlattice,g0039,CRK0,Original,5,0.01|0.05|0.10,0.4801721057255698,0.2486580268237824,0.1416190476190476,0.3601131280082529,0.4265657551208752,0.3496487166330691
qlattice,g0040,feynman-i.29.16,Original,5,0.01|0.05|0.10,0.2276781085790729,0.3860632916781608,0.1466666666666666,0.2011993738519725,0.3926307372000095,0.3476123613074718
qlattice,g0041,PO41,Original,5,0.01|0.05|0.10,0.3661829619125649,0.0,0.17,0.1783250528037358,0.3262786326908676,0.3102022092097909
qlattice,g0042,feynman_test_15,Original,5,0.01|0.05|0.10,0.3255627891024711,0.3951735512148047,0.1607142857142857,0.2638120262222972,0.4977380626815721,0.3795428707188382
qlattice,g0043,CRK33,Original,5,0.01|0.05|0.10,0.4409224341749083,0.0925487916118051,0.1409523809523809,0.2791408016225273,0.4317626403933443,0.3263839900158943
qlattice,g0044,feynman-i.15.3t,Original,5,0.01|0.05|0.10,0.6549757424247904,0.4010788496544601,0.08,0.5417673119531354,0.5299927067662376,0.4167709081398656
qlattice,g0045,feynman-bonus.20,Original,5,0.01|0.05|0.10,0.1458905278145174,0.3945438620614847,0.0678571428571428,0.1406866366824481,0.2718389080354743,0.3085834866415184
qlattice,g0046,II.6.15b_3_0,Original,5,0.01|0.05|0.10,0.2182806921124621,0.4118855421437231,0.1219047619047619,0.1967817197368027,0.392270437950643,0.3463583377273541
qlattice,g0047,BPG5,Original,5,0.01|0.05|0.10,0.5919957178022888,0.2030179509390937,0.1806666666666666,0.4300731260998169,0.322935826978497,0.2804167865738978
qlattice,g0048,MatSci21,Original,5,0.01|0.05|0.10,0.4068691423387834,0.592110057141161,0.1699999999999999,0.40163052903743,0.5188071165524687,0.3505646395892469
qlattice,g0049,BPG3,Original,5,0.01|0.05|0.10,0.4511486965781689,0.0,0.1519855072463768,0.2200921835728442,0.3614735142097483,0.3149629066012683
qlattice,g0050,BPG9,Original,5,0.01|0.05|0.10,0.5059039953661013,0.229836224522193,0.12,0.3746534928907437,0.403258874427526,0.3334709297870968
ragsr,g0001,II.34.2_1_0,Original,5,0.01|0.05|0.10,0.0,0.3,0.1448888888888889,0.0,0.0,0.2557316301646448
ragsr,g0002,first_principles_hubble,Original,5,0.01|0.05|0.10,0.1593797994935748,0.4517965580983374,0.1236031746031746,0.1061261737073357,0.3393301343151187,0.3237821092226124
ragsr,g0003,feynman-ii.27.18,Original,5,0.01|0.05|0.10,0.0,0.3,0.1366666666666666,0.0,0.0,0.253357454991954
ragsr,g0004,Korns-4,Original,5,0.01|0.05|0.10,0.1782258852308443,0.3937841570173241,0.1056666666666666,0.0957865592075022,0.3415089769615704,0.1625395411060132
ragsr,g0005,Keijzer-11,Original,5,0.01|0.05|0.10,0.0381098084704787,0.3231298777162125,0.1213939393939393,0.02492565088291,0.2193519344211426,0.2172193010045528
ragsr,g0006,Keijzer-2,Original,5,0.01|0.05|0.10,0.1208290169421035,0.3981387059281499,0.1394343434343434,0.0805137738589257,0.2449692869136665,0.3109173454273302
ragsr,g0007,Korns-2,Original,5,0.01|0.05|0.10,0.0,0.3,0.0723376623376623,0.0,0.0397398035257047,0.1897328170011797
ragsr,g0008,Nguyen-12,Original,5,0.01|0.05|0.10,0.3609271549822183,0.4009299826989907,0.1193939393939393,0.1835242149818588,0.4833223241198883,0.3766979567934855
ragsr,g0009,Nguyen-6,Original,5,0.01|0.05|0.10,0.1120343731468552,0.4212760593063405,0.0909090909090909,0.0499250301272848,0.3197334343913074,0.1314334903963298
ragsr,g0010,Nguyen-9,Original,5,0.01|0.05|0.10,0.1609815124848809,0.5348485895278973,0.1061010101010101,0.1464587280281088,0.4637895400596906,0.3500791118849336
ragsr,g0011,Vladislavleva-4,Original,5,0.01|0.05|0.10,0.1418979466850322,0.3982000172859466,0.1592222222222222,0.0854081743688422,0.2640514931625862,0.3268569567229688
ragsr,g0012,feynman_I_27_6,Original,5,0.01|0.05|0.10,0.0312479186152281,0.302451606990715,0.1282424242424242,0.0089945779113353,0.1105216302389211,0.2175601061062713
ragsr,g0013,feynman-i.43.31,Original,5,0.01|0.05|0.10,0.0,0.3,0.1633333333333333,0.0,0.0,0.2721637374816858
ragsr,g0014,feynman-ii.34.11,Original,5,0.01|0.05|0.10,0.0724410158765991,0.399839423853861,0.1337777777777778,0.046621600070487,0.1391009896150751,0.2944939732795307
ragsr,g0015,III.21.20_3_0,Original,5,0.01|0.05|0.10,0.0,0.3,0.0837142857142857,0.0,0.0185452586847873,0.16283513796646
ragsr,g0016,feynman_II_15_4,Original,5,0.01|0.05|0.10,0.0,0.3,0.1446666666666666,0.0,0.0,0.2556677531484954
ragsr,g0017,strogatz_shearflow1,Original,5,0.01|0.05|0.10,0.0,0.3,0.1484615384615384,0.0,0.0002588931915928,0.2567563945724549
ragsr,g0018,feynman-i.18.16,Original,5,0.01|0.05|0.10,0.0,0.2132180877313323,0.1550793650793651,0.0,0.0,0.2326794480893671
ragsr,g0019,feynman-ii.34.2a,Original,5,0.01|0.05|0.10,0.0,0.3,0.1341428571428571,0.0,0.0,0.20503216832841
ragsr,g0020,first_principles_leavitt,Original,5,0.01|0.05|0.10,0.2845115261781857,0.492026197055346,0.1128888888888888,0.1714896969829419,0.4727065553048801,0.3404482573325673
ragsr,g0021,feynman-i.39.22,Original,5,0.01|0.05|0.10,0.0,0.2091940074004111,0.1258730158730159,0.0,0.0,0.221934342590762
ragsr,g0022,feynman-i.11.19,Original,5,0.01|0.05|0.10,0.0,0.3,0.1814285714285714,0.0,0.0,0.2660263144878717
ragsr,g0023,I.11.19_4_0,Original,5,0.01|0.05|0.10,0.0,0.3,0.1645757575757575,0.0,0.0,0.2613285984419545
ragsr,g0024,strogatz_predprey2,Original,5,0.01|0.05|0.10,0.0,0.3,0.1569090909090909,0.0,0.0,0.2591633391582157
ragsr,g0025,strogatz_barmag2,Original,5,0.01|0.05|0.10,0.0587497214646078,0.36733980990017,0.1549090909090909,0.0441967459391914,0.0860086185623043,0.23371567349446
ragsr,g0026,strogatz_barmag1,Original,5,0.01|0.05|0.10,0.0,0.302291520729563,0.1608181818181818,0.0008050332154358,0.0216412765768437,0.2539517923050872
ragsr,g0027,feynman_I_12_11,Original,5,0.01|0.05|0.10,0.0,0.2924951955709279,0.1615757575757575,0.0,0.0,0.2583571754617292
ragsr,g0028,feynman-ii.4.23,Original,5,0.01|0.05|0.10,0.1005091819814213,0.3957727306257798,0.1437777777777777,0.0472272860376348,0.2286133454104222,0.3080092571210727
ragsr,g0029,strogatz_vdp1,Original,5,0.01|0.05|0.10,0.0,0.3,0.1671515151515151,0.0,0.0437839136353815,0.262052042020803
ragsr,g0030,feynman-iii.7.38,Original,5,0.01|0.05|0.10,0.0005001649016825,0.3991311100406177,0.148,0.0248703063679488,0.13502314919481,0.2918793270975886
ragsr,g0031,II.11.27_1_0,Original,5,0.01|0.05|0.10,0.1658456619313364,0.3712186369791274,0.1058614718614718,0.0535586490386831,0.2127454131787428,0.2873519587941625
ragsr,g0032,feynman-i.13.12,Original,5,0.01|0.05|0.10,0.1685920729601084,0.3543412508544804,0.3293333333333333,0.0711726699378723,0.2547772339063198,0.3530068118990114
ragsr,g0033,feynman-iii.10.19,Original,5,0.01|0.05|0.10,0.0325837663253879,0.3999984971553355,0.12,0.0307017833957767,0.1664485428799002,0.2631272308317768
ragsr,g0034,CRK11,Original,5,0.01|0.05|0.10,0.0006275846280141,0.0163869923287721,0.1888888888888888,0.0001477399849237,0.0002158361839128,0.1790380531159299
ragsr,g0035,feynman-i.32.5,Original,5,0.01|0.05|0.10,0.0,0.3,0.1466666666666666,0.0,0.0,0.2562420730481237
ragsr,g0036,CRK10,Original,5,0.01|0.05|0.10,0.02084735672211,0.0,0.1597179487179487,0.0041587453793884,0.0187937161526068,0.1660235126511706
ragsr,g0037,CRK34,Original,5,0.01|0.05|0.10,0.0,0.0,0.144,0.0,0.0,0.1454922678357856
ragsr,g0038,PO19,Original,5,0.01|0.05|0.10,0.0360218852812593,0.0,0.1456161616161616,0.0099211326350455,0.0357261534826695,0.1684350551143784
ragsr,g0039,CRK0,Original,5,0.01|0.05|0.10,0.1089586083680295,0.0812647341061471,0.1624761904761905,0.0243826264789361,0.1018787274654496,0.239123386204172
ragsr,g0040,feynman-i.29.16,Original,5,0.01|0.05|0.10,0.0098680655534934,0.3207281423232473,0.1746666666666667,0.0081089927726833,0.0294222707148895,0.2568122195674602
ragsr,g0041,PO41,Original,5,0.01|0.05|0.10,0.0523021489876114,0.0,0.1637362637362637,0.0116157544854904,0.0502857717069414,0.1847369894183873
ragsr,g0042,feynman_test_15,Original,5,0.01|0.05|0.10,0.067642430593213,0.3168551200539817,0.1794343434343434,0.0206253925714977,0.0823208870799613,0.2392735642316198
ragsr,g0043,CRK33,Original,5,0.01|0.05|0.10,0.0,0.0,0.1656969696969697,0.0,0.015211888545576,0.1560687494197815
ragsr,g0044,feynman-i.15.3t,Original,5,0.01|0.05|0.10,0.0,0.1235283591496203,0.1785714285714285,0.0,0.0,0.2107336441933137
ragsr,g0045,feynman-bonus.20,Original,5,0.01|0.05|0.10,0.1428571448037284,0.3999999984329529,0.4796406926406926,0.0727644708032412,0.2690686556211067,0.3737638418497659
ragsr,g0046,II.6.15b_3_0,Original,5,0.01|0.05|0.10,0.101181913816432,0.3540193288812883,0.1656410256410256,0.0337328687567295,0.2214245260584608,0.2448617722076735
ragsr,g0047,BPG5,Original,5,0.01|0.05|0.10,0.0,0.0,0.1679523809523809,0.0,0.0,0.1571273368959074
ragsr,g0048,MatSci21,Original,5,0.01|0.05|0.10,0.0,0.3,0.1739610389610389,0.0,0.0,0.2639550581581507
ragsr,g0049,BPG3,Original,5,0.01|0.05|0.10,0.3788694937184286,0.164427642977438,0.2889235209235209,0.1594055604003884,0.2412559633804544,0.1853573271464873
ragsr,g0050,BPG9,Original,5,0.01|0.05|0.10,0.0,0.0175913210036967,0.1304444444444444,0.0,0.0,0.147516973670411
tpsr,g0001,II.34.2_1_0,Original,5,0.01|0.05|0.10,0.1781579180997232,0.3725692915664244,0.1693333333333333,0.0571411462245586,0.3070052463011709,0.3300295567563948
tpsr,g0002,first_principles_hubble,Original,5,0.01|0.05|0.10,0.2188533714304557,0.4546895322886344,0.1399999999999999,0.2109915029740366,0.3932343118029731,0.4641314993507828
tpsr,g0003,feynman-ii.27.18,Original,5,0.01|0.05|0.10,0.1511686724367791,0.401655496934264,0.1099999999999999,0.112511126823676,0.2573019883617641,0.3535299533835384
tpsr,g0004,Korns-4,Original,5,0.01|0.05|0.10,0.3440381565908839,0.5375051946917682,0.28,0.3138585712502619,0.5401491925693909,0.556886097012258
tpsr,g0005,Keijzer-11,Original,5,0.01|0.05|0.10,0.1081071194213559,0.3708674220168899,0.1333333333333333,0.099014186430827,0.3416907737803915,0.3559702003032122
tpsr,g0006,Keijzer-2,Original,5,0.01|0.05|0.10,0.1483049854253991,0.3570462258085633,0.15,0.1271089061896618,0.3059291721651209,0.3875638815857824
tpsr,g0007,Korns-2,Original,5,0.01|0.05|0.10,0.1424048466713788,0.3999650265363921,0.1,0.1150253788417392,0.2708543632270333,0.4549191649397386
tpsr,g0008,Nguyen-12,Original,5,0.01|0.05|0.10,0.2849899962909649,0.3986967516214383,0.1333333333333333,0.242921495947725,0.4804906634113464,0.4707654080774012
tpsr,g0009,Nguyen-6,Original,5,0.01|0.05|0.10,0.2745380415098213,0.3448077007858627,0.1666666666666666,0.2244334708086904,0.4712997037176779,0.5130862762145245
tpsr,g0010,Nguyen-9,Original,5,0.01|0.05|0.10,0.1999290273618078,0.5158769485058804,0.1,0.2377919357884013,0.4720672436604207,0.4630713804071188
tpsr,g0011,Vladislavleva-4,Original,5,0.01|0.05|0.10,0.2044432233923604,0.440871180184808,0.1315873015873015,0.1799628214660787,0.387217967604831,0.3826618866706663
tpsr,g0012,feynman_I_27_6,Original,5,0.01|0.05|0.10,0.2859169262802636,0.3468147442708721,0.1971428571428571,0.17704966331838,0.3936871084463071,0.3450504381813936
tpsr,g0013,feynman-i.43.31,Original,5,0.01|0.05|0.10,0.1560527997156585,0.4094293377770095,0.1399999999999999,0.0975408528202856,0.2774007073263289,0.2855291014817948
tpsr,g0014,feynman-ii.34.11,Original,5,0.01|0.05|0.10,0.1428383251380102,0.3999996591860275,0.0844444444444444,0.1051523074884037,0.1806921282589145,0.3524726354894091
tpsr,g0015,III.21.20_3_0,Original,5,0.01|0.05|0.10,0.1479655247825998,0.3946365656640354,0.1771428571428571,0.1202883892843982,0.2746340825222239,0.3938732698649838
tpsr,g0016,feynman_II_15_4,Original,5,0.01|0.05|0.10,0.1593865220556765,0.3371611127331984,0.148,0.0750882273277522,0.2637417646943661,0.360303179991076
tpsr,g0017,strogatz_shearflow1,Original,5,0.01|0.05|0.10,0.1874869256696036,0.2723259034644358,0.1571428571428571,0.126012620016508,0.2682698698056429,0.3702146970580716
tpsr,g0018,feynman-i.18.16,Original,5,0.01|0.05|0.10,0.1428571140869474,0.4000000003470719,0.12,0.0499999950519837,0.26812413799886,0.3528312359617178
tpsr,g0019,feynman-ii.34.2a,Original,5,0.01|0.05|0.10,0.1597884320479742,0.3263917658972298,0.1359523809523809,0.0918527023224277,0.2726738504629357,0.3110393450378639
tpsr,g0020,first_principles_leavitt,Original,5,0.01|0.05|0.10,0.3969938018494543,0.4873121034761824,0.1666666666666666,0.3404963877083425,0.5595684413019051,0.5958113390853153
tpsr,g0021,feynman-i.39.22,Original,5,0.01|0.05|0.10,0.1451099247994227,0.3990881588247505,0.0428571428571428,0.0605235854906591,0.0,0.3929480036642694
tpsr,g0022,feynman-i.11.19,Original,5,0.01|0.05|0.10,0.1427987539408858,0.3999964725793955,0.1544615384615384,0.0555508396723187,0.2711107403493507,0.3511576978204299
tpsr,g0023,I.11.19_4_0,Original,5,0.01|0.05|0.10,0.1778826643236876,0.4184877814120721,0.2,0.1082811958474861,0.3218174160261964,0.343740198752079
tpsr,g0024,strogatz_predprey2,Original,5,0.01|0.05|0.10,0.1470839410407535,0.3978818995922119,0.16,0.1332859459300171,0.3330492216731717,0.3899944019701591
tpsr,g0025,strogatz_barmag2,Original,5,0.01|0.05|0.10,0.1410980837215287,0.3997000921039833,0.2025641025641025,0.0836927777515694,0.2684886612953701,0.4869481408620811
tpsr,g0026,strogatz_barmag1,Original,5,0.01|0.05|0.10,0.1611581368876998,0.3971458638977205,0.1666666666666666,0.0947889994270817,0.3023026077073392,0.4349961853611601
tpsr,g0027,feynman_I_12_11,Original,5,0.01|0.05|0.10,0.1486681628343701,0.3979960412303412,0.1253333333333333,0.0896709985137199,0.2774529288452826,0.3435571245338195
tpsr,g0028,feynman-ii.4.23,Original,5,0.01|0.05|0.10,0.3814813359763886,0.5560948154371991,0.1666666666666666,0.2925420542380442,0.4435412763289781,0.6078001143646776
tpsr,g0029,strogatz_vdp1,Original,5,0.01|0.05|0.10,0.1423915073221712,0.4001392665315868,0.1857142857142857,0.1319426097710612,0.2761070020042571,0.4245146529460165
tpsr,g0030,feynman-iii.7.38,Original,5,0.01|0.05|0.10,0.1427459682327275,0.4000000062442139,0.1379999999999999,0.0895124228426443,0.2713903356194665,0.3411931971008627
tpsr,g0031,II.11.27_1_0,Original,5,0.01|0.05|0.10,0.1429121704529824,0.3999309877333495,0.1585714285714285,0.1003680588247194,0.2826061977535479,0.3385966290727683
tpsr,g0032,feynman-i.13.12,Original,5,0.01|0.05|0.10,0.0690172786929397,0.3661058974166803,0.3307142857142857,0.0520085475234805,0.1500596291676334,0.2599978557347014
tpsr,g0033,feynman-iii.10.19,Original,5,0.01|0.05|0.10,0.0,0.3,0.13,0.0,0.0,0.2621909609425923
tpsr,g0034,CRK11,Original,5,0.01|0.05|0.10,0.1432257536865911,0.2677979934372166,0.1480952380952381,0.0955478723648977,0.1365680164897321,0.3498799528070625
tpsr,g0035,feynman-i.32.5,Original,5,0.01|0.05|0.10,0.1503973511445976,0.3982905919803584,0.1238095238095238,0.1033760245467343,0.2762334248816191,0.3758105813765954
tpsr,g0036,CRK10,Original,5,0.01|0.05|0.10,0.1454848018855655,0.038290385163679,0.1496336996336996,0.0636897869602113,0.1498780450040031,0.2674020425115069
tpsr,g0037,CRK34,Original,5,0.01|0.05|0.10,0.1453506305445098,0.0530420584111517,0.1618181818181818,0.0650066614267986,0.1380850807343598,0.3151263915830428
tpsr,g0038,PO19,Original,5,0.01|0.05|0.10,0.2208309963346024,0.1402579381132316,0.13,0.1080175362576736,0.2396875711438376,0.4115941933115802
tpsr,g0039,CRK0,Original,5,0.01|0.05|0.10,0.1471096373587833,0.1533524636473764,0.1586666666666666,0.0683765879666708,0.1413404375063507,0.3435941874112762
tpsr,g0040,feynman-i.29.16,Original,5,0.01|0.05|0.10,0.1929475426377039,0.411281339974382,0.175,0.095205224670361,0.3531749404687681,0.3363771725489775
tpsr,g0041,PO41,Original,5,0.01|0.05|0.10,0.2463722867538165,0.1941379863482285,0.1347619047619047,0.1227424164523354,0.2685024798375262,0.3489304702842217
tpsr,g0042,feynman_test_15,Original,5,0.01|0.05|0.10,0.202371230043249,0.3843955144899153,0.1826190476190476,0.1089399246615749,0.3940259195637453,0.3477416309251873
tpsr,g0043,CRK33,Original,5,0.01|0.05|0.10,0.1601158592134035,0.3572948825993106,0.1666666666666666,0.123646871529997,0.1394540096413048,0.3487078110048084
tpsr,g0044,feynman-i.15.3t,Original,5,0.01|0.05|0.10,0.0,0.0670004795214935,0.1571428571428571,0.0,0.1019808521965769,0.1963366485210003
tpsr,g0045,feynman-bonus.20,Original,5,0.01|0.05|0.10,0.0,0.3,0.0735714285714285,0.0,0.0888957538595345,0.2945982251910459
tpsr,g0046,II.6.15b_3_0,Original,5,0.01|0.05|0.10,0.1731103083787679,0.4642518056247301,0.1444444444444444,0.108542209234879,0.3582237185872314,0.3634719948470797
tpsr,g0047,BPG5,Original,5,0.01|0.05|0.10,0.1480778300952446,0.0618160400379571,0.1564285714285714,0.0560608021488509,0.1416901266561186,0.2463236106275439
tpsr,g0048,MatSci21,Original,5,0.01|0.05|0.10,0.163363472543023,0.4202867220452161,0.1591428571428571,0.1208851549537249,0.3569043603847615,0.3341666374900701
tpsr,g0049,BPG3,Original,5,0.01|0.05|0.10,0.2028746382518825,0.0,0.1333333333333333,0.0725485539034581,0.2100518630920065,0.2933698113031835
tpsr,g0050,BPG9,Original,5,0.01|0.05|0.10,0.1520225335177301,0.1018309452884218,0.1627619047619047,0.0438006700701181,0.14049868441372,0.2585380376150408
udsr,g0001,II.34.2_1_0,Original,5,0.01|0.05|0.10,1.0,1.0,1.0,0.9255388888888888,0.5662078705142644,0.7899999999999999
udsr,g0002,first_principles_hubble,Original,5,0.01|0.05|0.10,0.2216623711602692,0.4395138865714799,0.135047619047619,0.076016852582013,0.4094476962339706,0.3390745949299872
udsr,g0003,feynman-ii.27.18,Original,5,0.01|0.05|0.10,1.0,0.99865028723384,0.506,0.9014650555555556,0.6383417438163407,0.6735788308877246
udsr,g0004,Korns-4,Original,5,0.01|0.05|0.10,1.0,0.9999999903949102,0.2547619047619047,0.7815658750000001,0.6514673138871799,0.6961099551293677
udsr,g0005,Keijzer-11,Original,5,0.01|0.05|0.10,0.1220792428544262,0.3597697721528246,0.1502380952380952,0.0401591652145211,0.1855545581857601,0.2828230709087187
udsr,g0006,Keijzer-2,Original,5,0.01|0.05|0.10,0.1727230995328554,0.368659544352012,0.1403809523809523,0.0552284223043954,0.3487783348221096,0.3236080839078916
udsr,g0007,Korns-2,Original,5,0.01|0.05|0.10,1.0,1.0,0.1380952380952381,0.9684984722222222,0.167665711233574,0.6027437266367854
udsr,g0008,Nguyen-12,Original,5,0.01|0.05|0.10,0.6505889374543607,0.398685041230216,0.2611204481792717,0.1920333648772624,0.3906849233864939,0.4892679024709773
udsr,g0009,Nguyen-6,Original,5,0.01|0.05|0.10,1.0,1.0,0.6742857142857143,0.5168786527777778,0.2656852183004833,0.3134627797454017
udsr,g0010,Nguyen-9,Original,5,0.01|0.05|0.10,0.5408867075727954,0.7180823042526363,0.1523809523809524,0.1991757498883982,0.2637372739724334,0.5458293957217452
udsr,g0011,Vladislavleva-4,Original,5,0.01|0.05|0.10,1.0,0.8822935572771482,0.1838888888888888,0.949767462676767,0.4723069146750826,0.5555138971471836
udsr,g0012,feynman_I_27_6,Original,5,0.01|0.05|0.10,0.4737737470677517,0.4366363002817226,0.3492857142857143,0.1463202790711393,0.6668515573543585,0.2018781004930209
udsr,g0013,feynman-i.43.31,Original,5,0.01|0.05|0.10,1.0,0.9999999999999948,1.0,0.9126143611111112,0.6162643525582907,0.7899999999999993
udsr,g0014,feynman-ii.34.11,Original,5,0.01|0.05|0.10,0.1433599682369344,0.3957076196602042,0.1822777777777778,0.0497115530723617,0.2727771639110697,0.3358089291714667
udsr,g0015,III.21.20_3_0,Original,5,0.01|0.05|0.10,1.0,1.0,1.0,0.8466547083333333,0.4622874298455535,0.8799999999999999
udsr,g0016,feynman_II_15_4,Original,5,0.01|0.05|0.10,1.0,1.0,0.8333333333333334,0.7775096944444444,0.3246125518541913,0.769996753239908
udsr,g0017,strogatz_shearflow1,Original,5,0.01|0.05|0.10,1.0,0.9999991149321272,0.67,0.3630343055555555,0.2206219292943812,0.3132393191871553
udsr,g0018,feynman-i.18.16,Original,5,0.01|0.05|0.10,0.160872684059974,0.4020533071598448,0.2656190476190476,0.0552496822527761,0.3056919155083943,0.3555094594842004
udsr,g0019,feynman-ii.34.2a,Original,5,0.01|0.05|0.10,1.0,0.9961793940838486,0.4833333333333333,0.9493021666666668,0.6471143550568779,0.6430306143025585
udsr,g0020,first_principles_leavitt,Original,5,0.01|0.05|0.10,0.3962408885557675,0.5186972286900899,0.1628571428571428,0.1328171716570346,0.5612266132078734,0.3537970298344556
udsr,g0021,feynman-i.39.22,Original,5,0.01|0.05|0.10,0.1587320152443947,0.4103076757732348,0.192,0.0554757318457539,0.3094975833671045,0.3431024225856189
udsr,g0022,feynman-i.11.19,Original,5,0.01|0.05|0.10,0.1544834041111719,0.4094289439592874,0.1553333333333333,0.0543918317092769,0.2953330697228544,0.3365801651423872
udsr,g0023,I.11.19_4_0,Original,5,0.01|0.05|0.10,1.0,1.0,0.8371428571428572,0.6237823472222223,0.5318680942292847,0.6826858721256797
udsr,g0024,strogatz_predprey2,Original,5,0.01|0.05|0.10,1.0,0.9334556319337814,0.8400000000000001,0.9618291356005432,0.4005479966639183,0.5938203008173027
udsr,g0025,strogatz_barmag2,Original,5,0.01|0.05|0.10,0.3875648384334876,0.0007409319529008,0.1715079365079365,0.0680090797140855,0.3431232525314218,0.3100190689343051
udsr,g0026,strogatz_barmag1,Original,5,0.01|0.05|0.10,0.405515041922541,0.0117795801379571,0.1857142857142857,0.0739100273709339,0.4122832228399591,0.3266869319878717
udsr,g0027,feynman_I_12_11,Original,5,0.01|0.05|0.10,0.3265185131558562,0.3312291372072249,0.1628571428571428,0.0945480974031805,0.4962855346963239,0.3481734858877263
udsr,g0028,feynman-ii.4.23,Original,5,0.01|0.05|0.10,1.0,1.0,1.0,0.9946636805555557,0.441239311160772,0.7
udsr,g0029,strogatz_vdp1,Original,5,0.01|0.05|0.10,0.97375509747323,0.9988293561186624,1.0,0.981034489251092,0.3965861057795678,0.8140451944659016
udsr,g0030,feynman-iii.7.38,Original,5,0.01|0.05|0.10,0.9479144383745184,0.963540106749903,1.0,0.942606867916668,0.5797869293869385,0.6887899720623416
udsr,g0031,II.11.27_1_0,Original,5,0.01|0.05|0.10,1.0,0.9954695394555962,1.0,0.8953918888888889,0.2853905821396992,0.7594833518892075
udsr,g0032,feynman-i.13.12,Original,5,0.01|0.05|0.10,0.0,0.3301884244370664,0.3464285714285714,0.0075471061092666,0.0729534087388962,0.2282510337534853
udsr,g0033,feynman-iii.10.19,Original,5,0.01|0.05|0.10,1.0,1.0,0.1516666666666666,0.8565570972222222,0.2712391693888569,0.6043963931063784
udsr,g0034,CRK11,Original,5,0.01|0.05|0.10,0.6936461699625935,0.3157687767050004,0.1391428571428571,0.4965267572661767,0.4405953914725826,0.3200992544059635
udsr,g0035,feynman-i.32.5,Original,5,0.01|0.05|0.10,0.2210398308113964,0.4547278846433169,0.1496450216450216,0.0773639415528236,0.4187893140955179,0.2628810950549125
udsr,g0036,CRK10,Original,5,0.01|0.05|0.10,0.7578941379337698,0.3098889753999216,0.1442222222222222,0.3703883427130998,0.418018597491024,0.2186932245237721
udsr,g0037,CRK34,Original,5,0.01|0.05|0.10,0.838710174783805,0.365841481015984,0.1521428571428571,0.2382346508411618,0.3992790253133815,0.4636397735102818
udsr,g0038,PO19,Original,5,0.01|0.05|0.10,0.4287352487364503,0.0,0.1403333333333333,0.0750286685288788,0.4066172667333254,0.3170800029744863
udsr,g0039,CRK0,Original,5,0.01|0.05|0.10,0.721764054306615,0.421456850887811,0.1480952380952381,0.2142392061566203,0.4216013493399298,0.4053247307451024
udsr,g0040,feynman-i.29.16,Original,5,0.01|0.05|0.10,0.2402455892297409,0.4293232588152867,0.1977777777777777,0.0802010908658176,0.4353632241827105,0.388894714022918
udsr,g0041,PO41,Original,5,0.01|0.05|0.10,0.4432422694663788,0.0356902568761579,0.1542222222222222,0.0864899613756557,0.4359456805040281,0.3131609134984087
udsr,g0042,feynman_test_15,Original,5,0.01|0.05|0.10,0.3422820912957858,0.4629884350600801,0.1852857142857143,0.1121378290673025,0.5057162748510414,0.3561409945975235
udsr,g0043,CRK33,Original,5,0.01|0.05|0.10,0.788248035592325,0.3219964738397856,0.1746666666666667,0.2184425246886032,0.4147609812678829,0.4319882114893465
udsr,g0044,feynman-i.15.3t,Original,5,0.01|0.05|0.10,0.7009535879255258,0.3531020715411973,0.1340238095238095,0.2015769999154533,0.627671637527691,0.4568822443062067
udsr,g0045,feynman-bonus.20,Original,5,0.01|0.05|0.10,0.1665454870874931,0.3917365228932731,0.3456825396825397,0.0558063886738228,0.293898506962241,0.3602138097801944
udsr,g0046,II.6.15b_3_0,Original,5,0.01|0.05|0.10,0.2326985572036045,0.3707187774815048,0.146020202020202,0.0722274737651115,0.4173937573842676,0.3199451173479514
udsr,g0047,BPG5,Original,5,0.01|0.05|0.10,0.8314964224390958,0.4069620128524808,0.1666666666666666,0.4374135135532076,0.4199124747330628,0.4279085706017076
udsr,g0048,MatSci21,Original,5,0.01|0.05|0.10,0.537339271468481,0.65390746951216,0.1804761904761904,0.185845742597678,0.5494643881160822,0.3839483038423542
udsr,g0049,BPG3,Original,5,0.01|0.05|0.10,0.921088516219298,0.9603677183424908,0.1333333333333333,0.926243114639512,0.2652532623081631,0.5237402670805265
udsr,g0050,BPG9,Original,5,0.01|0.05|0.10,0.7774556136478676,0.3766692321886368,0.1397619047619047,0.225352000566912,0.4249393368112608,0.4296635527472905
fepysr,g0001,Keijzer-11,Rebuttal-added,3,0.01|0.05,0.2266908465406454,0.4832852456832626,0.1428571428571428,0.0854922095654285,0.4428994166009771,0.3857234804967535
fepysr,g0002,Keijzer-2,Rebuttal-added,3,0.01|0.05,0.2585831555031319,0.2776423603021485,0.1571428571428571,0.0701675195709591,0.4309024296169768,0.3442585739263613
fepysr,g0003,Korns-2,Rebuttal-added,3,0.01|0.05,0.8221039225321524,0.893329938206644,0.1855555555555555,0.2922006709947876,0.4955382377487302,0.2608994187145575
fepysr,g0004,Korns-4,Rebuttal-added,3,0.01|0.05,1.0,0.9999999268082308,0.2785714285714285,0.35,0.6926676265145577,0.7999999912169876
fepysr,g0005,BPG3,Rebuttal-added,3,0.01|0.05,0.6566824888025109,0.5654967414502784,0.1895445134575569,0.2104207215694697,0.5344798343420396,0.4236454691965725
fepysr,g0006,BPG5,Rebuttal-added,3,0.01|0.05,0.4103193330275524,0.1191647005018865,0.1365079365079365,0.0968058832798216,0.496501545369134,0.3214154618477608
fepysr,g0007,BPG9,Rebuttal-added,3,0.01|0.05,0.2253778129740086,0.3843956047334627,0.1755555555555555,0.0715453481060341,0.4442348235263088,0.2882266488300252
fepysr,g0008,CRK0,Rebuttal-added,3,0.01|0.05,0.6539865476242082,0.6245174399987652,0.2669047619047619,0.2155679347096296,0.5560294280088309,0.2616284784589339
fepysr,g0009,CRK10,Rebuttal-added,3,0.01|0.05,0.5768329520436675,0.3404309252814117,0.1729629629629629,0.1655563152280762,0.4771631240458153,0.443524131673975
fepysr,g0010,CRK11,Rebuttal-added,3,0.01|0.05,0.5577669863628968,0.3955121429715823,0.1866666666666666,0.1657259683910087,0.4989386579620156,0.4396088864860078
fepysr,g0011,CRK33,Rebuttal-added,3,0.01|0.05,0.4488199341674425,0.1634077396737697,0.1878752436647173,0.1120103554717123,0.4658122375209507,0.3765184023917471
fepysr,g0012,CRK34,Rebuttal-added,3,0.01|0.05,0.4178334038456534,0.1112749261924477,0.1496031746031745,0.0981208456729893,0.5258494187402194,0.2613192007321008
fepysr,g0013,I.11.19_4_0,Rebuttal-added,3,0.01|0.05,0.2540772608520443,0.4215269197383123,0.2241269841269841,0.0832943250123277,0.3947413766278025,0.4058863520713554
fepysr,g0014,II.11.27_1_0,Rebuttal-added,3,0.01|0.05,0.2844724762277117,0.2512914355185873,0.1119047619047618,0.0747814368953083,0.2714753889594761,0.2748606653612293
fepysr,g0015,II.34.2_1_0,Rebuttal-added,3,0.01|0.05,1.0,1.0,0.6666666666666666,0.35,0.1756763890761596,0.3794733192202055
fepysr,g0016,II.6.15b_3_0,Rebuttal-added,3,0.01|0.05,0.193610242415154,0.4059308490307381,0.1337373737373736,0.0648039527793099,0.3992213214024395,0.3531585787354064
fepysr,g0017,III.21.20_3_0,Rebuttal-added,3,0.01|0.05,0.2002507051516311,0.3346621057286225,0.2411111111111111,0.0595364080153012,0.3354771473036899,0.3561181857273024
fepysr,g0018,MatSci21,Rebuttal-added,3,0.01|0.05,0.5405595762018288,0.7243054833805295,0.1952380952380952,0.2006742966804524,0.5231390420827458,0.3620589861802731
fepysr,g0019,PO19,Rebuttal-added,3,0.01|0.05,0.3679213865935856,0.3809703875100286,0.1571428571428571,0.1111150269927746,0.4027224164681743,0.40722127743054
fepysr,g0020,PO41,Rebuttal-added,3,0.01|0.05,0.3349507029157627,0.4224933028677035,0.152996632996633,0.1060355271017935,0.4997773366639064,0.4081098759461598
fepysr,g0021,Nguyen-12,Rebuttal-added,3,0.01|0.05,0.3685878032770251,0.3583715806459126,0.1249999999999999,0.1090417429775668,0.5029696497100137,0.3878358076133433
fepysr,g0022,Nguyen-6,Rebuttal-added,3,0.01|0.05,1.0,1.0,1.0,0.35,0.3267937626429376,1.0
fepysr,g0023,Nguyen-9,Rebuttal-added,3,0.01|0.05,1.0,1.0,0.4238095238095238,0.35,0.4588096105503831,1.0
fepysr,g0024,feynman_II_15_4,Rebuttal-added,3,0.01|0.05,0.8718910298418954,0.8597913091934433,0.6666666666666666,0.300077110306346,0.5487405722278302,0.2597545811386802
fepysr,g0025,feynman_I_12_11,Rebuttal-added,3,0.01|0.05,0.2452036026330338,0.4569499645243144,0.4629629629629629,0.08435200518966,0.3447566791402787,0.1967929844708537
fepysr,g0026,feynman_I_27_6,Rebuttal-added,3,0.01|0.05,0.1970236201355687,0.3837852394112473,0.0,0.0635451375790722,0.3664945219847753,0.440391893519399
fepysr,g0027,feynman_test_15,Rebuttal-added,3,0.01|0.05,0.2614079565680184,0.3797316263319764,0.0854603174603174,0.0811673904721162,0.4601127818237328,0.3344120912258665
fepysr,g0028,strogatz_barmag1,Rebuttal-added,3,0.01|0.05,0.253611235879869,0.3094832899749898,0.1785714285714285,0.0719594750437518,0.3915948706249139,0.3367112415890974
fepysr,g0029,strogatz_barmag2,Rebuttal-added,3,0.01|0.05,0.7328726583800622,0.7659411254515371,0.4472222222222222,0.2517981130844325,0.2243088542110841,0.2505092763101701
fepysr,g0030,strogatz_predprey2,Rebuttal-added,3,0.01|0.05,0.2873063862283846,0.0024931035873789,0.169047619047619,0.0506950985023427,0.4051069209779931,0.2602627773068471
fepysr,g0031,strogatz_shearflow1,Rebuttal-added,3,0.01|0.05,0.3542646941735133,0.2573163391919912,0.4361111111111111,0.0949257482848283,0.4917061907083528,0.1864259680865347
fepysr,g0032,strogatz_vdp1,Rebuttal-added,3,0.01|0.05,0.2470189773669032,0.3676889672755152,0.211111111111111,0.0759342103902043,0.3763031855821651,0.3550570361657105
fepysr,g0033,first_principles_hubble,Rebuttal-added,3,0.01|0.05,0.254743212765148,0.4020315426936039,0.1377777777777777,0.0815312538435112,0.4154898243428209,0.3531785183900963
fepysr,g0034,first_principles_leavitt,Rebuttal-added,3,0.01|0.05,0.4006584765894626,0.5875900366761252,0.1547619047619047,0.1420127425721872,0.5561118742650711,0.4392645477633171
fepysr,g0035,feynman-ii.4.23,Rebuttal-added,3,0.01|0.05,1.0,1.0,1.0,0.35,0.4041386413332797,0.7999999999999999
fepysr,g0036,feynman-iii.7.38,Rebuttal-added,3,0.01|0.05,0.1428568065229145,0.3999999786033658,0.0,0.0499999357923515,0.2714282604803988,0.4208832571986863
fepysr,g0037,feynman-i.18.16,Rebuttal-added,3,0.01|0.05,1.0,1.0,1.0,0.35,0.7106142315280243,1.0
fepysr,g0038,feynman-ii.27.18,Rebuttal-added,3,0.01|0.05,0.1510900465170522,0.400969646919496,1.0,0.0524021777167238,0.2844653357712021,0.4251198803663147
fepysr,g0039,feynman-ii.34.11,Rebuttal-added,3,0.01|0.05,0.1429313491347562,0.3999363379731495,0.2596031746031745,0.0500144115550466,0.2714721944382309,0.4065137415219374
fepysr,g0040,feynman-i.29.16,Rebuttal-added,3,0.01|0.05,0.2256615230014232,0.3977541089616295,0.1364243943191311,0.0729606373365299,0.4304826139061298,0.3538597906886822
fepysr,g0041,feynman-bonus.20,Rebuttal-added,3,0.01|0.05,0.1434777648443802,0.3995245299634291,1.0,0.0501262271527693,0.2721133715945203,0.4210088656154176
fepysr,g0042,feynman-i.15.3t,Rebuttal-added,3,0.01|0.05,0.6947458070542317,0.358860516379223,0.1132142857142857,0.200414704188769,0.7009745368566634,0.4590507845319398
fepysr,g0043,feynman-i.39.22,Rebuttal-added,3,0.01|0.05,0.1575923747624743,0.4107227339405636,0.3546031746031746,0.0552593490685738,0.2988922057087595,0.4391188874176295
fepysr,g0044,feynman-iii.10.19,Rebuttal-added,3,0.01|0.05,0.1428389920255989,0.4000000012694927,1.0,0.049996823921853,0.271422725632397,0.3413879321497172
fepysr,g0045,feynman-i.13.12,Rebuttal-added,3,0.01|0.05,0.1428691609995152,0.3999868867400987,1.0,0.0500020537538741,0.2714397445549287,0.4208844620817401
fepysr,g0046,feynman-i.32.5,Rebuttal-added,3,0.01|0.05,0.1444421156554814,0.399104473861513,0.0943434343434343,0.0503542397696859,0.2773853095878608,0.364144721817814
fepysr,g0047,feynman-i.43.31,Rebuttal-added,3,0.01|0.05,0.1493302337687393,0.3970924716724023,0.0,0.0515217126224867,0.2796877970559691,0.4229182367895908
fepysr,g0048,feynman-i.11.19,Rebuttal-added,3,0.01|0.05,0.1777799101302559,0.4236660670891248,0.37,0.062144981545384,0.3155158411741087,0.4523304789796217
fepysr,g0049,feynman-ii.34.2a,Rebuttal-added,3,0.01|0.05,0.1428566390650054,0.4000001021209083,0.0768253968253968,0.049999937366603,0.2714329794369378,0.3318981670456885
fepysr,g0050,Vladislavleva-4,Rebuttal-added,3,0.01|0.05,0.2284575801776865,0.4537358659582233,0.1426139272913466,0.079341709045569,0.4121023132945218,0.3838002628992976
jaxsr,g0001,Keijzer-11,Rebuttal-added,3,0.01|0.05,0.2246035411355629,0.4632190226707527,0.1333333333333333,0.0801103753664117,0.4346504365364738,0.5601849009527577
jaxsr,g0002,Keijzer-2,Rebuttal-added,3,0.01|0.05,0.1488217619109697,0.3481791721099615,0.1928571428571429,0.0464880105460651,0.2523681827373497,0.5039667215177768
jaxsr,g0003,Korns-2,Rebuttal-added,3,0.01|0.05,0.1426333410266195,0.3989949420068763,0.09,0.049836829688141,0.2705607891892264,0.4790262046349828
jaxsr,g0004,Korns-4,Rebuttal-added,3,0.01|0.05,0.3420827633775933,0.5359073011938673,0.2166666666666666,0.1193739038649859,0.5394537329032953,0.5895806100180004
jaxsr,g0005,BPG3,Rebuttal-added,3,0.01|0.05,0.9407912765954828,0.1733030631638339,0.1333333333333333,0.2079642391951679,0.6838127415625601,0.7164547645087883
jaxsr,g0006,BPG5,Rebuttal-added,3,0.01|0.05,0.7513033525814232,0.4634956761126924,0.1666666666666666,0.2267134336471244,0.5880891001758501,0.7493797727897231
jaxsr,g0007,BPG9,Rebuttal-added,3,0.01|0.05,0.5745835523376512,0.3845924320249139,0.1333333333333333,0.1693426342614995,0.5883268058322788,0.6559048334495902
jaxsr,g0008,CRK0,Rebuttal-added,3,0.01|0.05,0.5178496088268739,0.3593928287146445,0.1966666666666666,0.1509371727660844,0.5565807116521062,0.6610277544438985
jaxsr,g0009,CRK10,Rebuttal-added,3,0.01|0.05,0.614772506631994,0.5774103176157342,0.2442307692307691,0.1998773212337246,0.543043193183922,0.7291310567638117
jaxsr,g0010,CRK11,Rebuttal-added,3,0.01|0.05,0.6198811336135966,0.3976341155915298,0.1523809523809524,0.1833301134723295,0.5945221469131019,0.6877186734684345
jaxsr,g0011,CRK33,Rebuttal-added,3,0.01|0.05,0.5578559095168161,0.393993219156365,0.3311403508771929,0.1655989744863273,0.5767503909470874,0.659749119728255
jaxsr,g0012,CRK34,Rebuttal-added,3,0.01|0.05,0.5052495121216907,0.2165070045961245,0.2757575757575757,0.1331205634680294,0.5581155540841466,0.6237402554168792
jaxsr,g0013,I.11.19_4_0,Rebuttal-added,3,0.01|0.05,0.2514301402765444,0.3906506391344965,0.2,0.0794655031907966,0.4313840650224044,0.6064381649030399
jaxsr,g0014,II.11.27_1_0,Rebuttal-added,3,0.01|0.05,0.1432450035432574,0.3993626385088306,0.1666666666666666,0.050044864842995,0.2716721519010088,0.5398078428993659
jaxsr,g0015,II.34.2_1_0,Rebuttal-added,3,0.01|0.05,0.2238648514965968,0.3653903711679752,0.18,0.0692211955358085,0.3757775607076781,0.5728551753707313
jaxsr,g0016,II.6.15b_3_0,Rebuttal-added,3,0.01|0.05,0.1955605840456059,0.3239380759654121,0.15,0.0571507711292952,0.3102651349826737,0.5238374331869249
jaxsr,g0017,III.21.20_3_0,Rebuttal-added,3,0.01|0.05,0.1560773148554378,0.3861199667996284,0.18,0.0523136448394837,0.2839983812892697,0.5562461443685887
jaxsr,g0018,MatSci21,Rebuttal-added,3,0.01|0.05,0.3676362256582614,0.4962928988322956,0.3833333333333333,0.1225674330644581,0.5452040853666246,0.6464846169190673
jaxsr,g0019,PO19,Rebuttal-added,3,0.01|0.05,0.3158831142723227,0.1948335838824145,0.1371428571428571,0.0779306303836325,0.4229555175156275,0.520524906240336
jaxsr,g0020,PO41,Rebuttal-added,3,0.01|0.05,0.3531942229418955,0.3020746941364595,0.155,0.0991018518345401,0.4968789479781256,0.5784894963762921
jaxsr,g0021,Nguyen-12,Rebuttal-added,3,0.01|0.05,0.4321830740860267,0.385205629143875,0.3784313725490196,0.1295318236225491,0.5375310543359666,0.6406519479230304
jaxsr,g0022,Nguyen-6,Rebuttal-added,3,0.01|0.05,0.3617318537397457,0.2990473935207609,0.1666666666666666,0.1011896583954633,0.4973678217484539,0.5817275647174771
jaxsr,g0023,Nguyen-9,Rebuttal-added,3,0.01|0.05,0.3577382710730152,0.5844464041856592,0.1333333333333333,0.1337157984841925,0.5239743325338367,0.635160790418382
jaxsr,g0024,feynman_II_15_4,Rebuttal-added,3,0.01|0.05,0.1815708434108219,0.3065627659473451,0.1399999999999999,0.0514961127497545,0.2795511571400121,0.5079623397232356
jaxsr,g0025,feynman_I_12_11,Rebuttal-added,3,0.01|0.05,0.183696658989877,0.3809137532840719,0.1416666666666666,0.0595264398455656,0.323143312222398,0.5293890720265884
jaxsr,g0026,feynman_I_27_6,Rebuttal-added,3,0.01|0.05,0.2807661687176682,0.4094841432053814,0.18,0.0895629415612634,0.4791272914988621,0.6034498408721986
jaxsr,g0027,feynman_test_15,Rebuttal-added,3,0.01|0.05,0.2889375310626353,0.3742942389958106,0.1523809523809524,0.0883319325967917,0.476656469064696,0.5743061638517238
jaxsr,g0028,strogatz_barmag1,Rebuttal-added,3,0.01|0.05,0.2790974730094199,0.3219499862811052,0.1666666666666666,0.0803422910704957,0.4299839986742884,0.5641134505470504
jaxsr,g0029,strogatz_barmag2,Rebuttal-added,3,0.01|0.05,0.2106637232475527,0.2582159654014603,0.1666666666666666,0.0548074390494327,0.2974461036863918,0.5212775449983044
jaxsr,g0030,strogatz_predprey2,Rebuttal-added,3,0.01|0.05,0.2593728194917833,0.3262019219999515,0.2,0.0752445816575631,0.408009146211724,0.5929668661879
jaxsr,g0031,strogatz_shearflow1,Rebuttal-added,3,0.01|0.05,0.153083362784779,0.3324497207441395,0.1571428571428571,0.0461083136541487,0.2502915369897112,0.5094503802222372
jaxsr,g0032,strogatz_vdp1,Rebuttal-added,3,0.01|0.05,0.961870078154311,0.9751814614471366,1.0,0.3371226290387885,0.5648508292165522,0.9885860962485086
jaxsr,g0033,first_principles_hubble,Rebuttal-added,3,0.01|0.05,0.2433011099643858,0.4261633151878941,0.15,0.0807406423087712,0.4441222143002236,0.5613995355734832
jaxsr,g0034,first_principles_leavitt,Rebuttal-added,3,0.01|0.05,0.4076946906440132,0.4914363428361817,0.18,0.1332981476502683,0.5648115214559977,0.6572737474663504
jaxsr,g0035,feynman-ii.4.23,Rebuttal-added,3,0.01|0.05,0.1721789572095737,0.2478342903698994,0.1399999999999999,0.0429935370556625,0.2333573436585869,0.4798144120332354
jaxsr,g0036,feynman-iii.7.38,Rebuttal-added,3,0.01|0.05,1.0,1.0,1.0,0.35,0.1428569791996879,1.0
jaxsr,g0037,feynman-i.18.16,Rebuttal-added,3,0.01|0.05,0.1468274824304475,0.3690064943640127,0.1257142857142857,0.0480123445169248,0.2606321666989337,0.5021426361061849
jaxsr,g0038,feynman-ii.27.18,Rebuttal-added,3,0.01|0.05,0.1428571428571429,0.4,1.0,0.05,0.2714285714285715,0.420883424647321
jaxsr,g0039,feynman-ii.34.11,Rebuttal-added,3,0.01|0.05,0.1429227985844349,0.3999155113203209,0.2833333333333333,0.0500099347356738,0.271482694692315,0.5119997781541221
jaxsr,g0040,feynman-i.29.16,Rebuttal-added,3,0.01|0.05,0.2273817740164322,0.4008911016471248,0.1523809523809524,0.0737560068892807,0.4003024276968892,0.5596287392682724
jaxsr,g0041,feynman-bonus.20,Rebuttal-added,3,0.01|0.05,0.1428571428571429,0.4,1.0,0.05,0.2714285714285715,0.420883424647321
jaxsr,g0042,feynman-i.15.3t,Rebuttal-added,3,0.01|0.05,0.6977941137579116,0.356307435915266,0.13,0.2010129041068049,0.6802481818603834,0.685572663018111
jaxsr,g0043,feynman-i.39.22,Rebuttal-added,3,0.01|0.05,0.151182112455012,0.3496226792555417,0.16,0.0472932594129547,0.2567979232257726,0.5228380712597996
jaxsr,g0044,feynman-iii.10.19,Rebuttal-added,3,0.01|0.05,0.1428571428571429,0.4,1.0,0.05,0.2714285714285715,0.420883424647321
jaxsr,g0045,feynman-i.13.12,Rebuttal-added,3,0.01|0.05,0.1526367932967757,0.4073685036887408,1.0,0.0535535647491209,0.2907131437119799,0.5772913202407711
jaxsr,g0046,feynman-i.32.5,Rebuttal-added,3,0.01|0.05,0.1490672008459641,0.4022095722008467,0.1333333333333333,0.0519597734569544,0.2820781038076726,0.5150628621815396
jaxsr,g0047,feynman-i.43.31,Rebuttal-added,3,0.01|0.05,0.1428571428571429,0.4,0.0,0.05,0.2714285714285715,0.420883424647321
jaxsr,g0048,feynman-i.11.19,Rebuttal-added,3,0.01|0.05,1.0,1.0,1.0,0.35,0.6170613605631953,1.0
jaxsr,g0049,feynman-ii.34.2a,Rebuttal-added,3,0.01|0.05,0.1598364591229437,0.3251488274871938,0.25,0.0472690913031391,0.2566117056540394,0.4954586076508669
jaxsr,g0050,Vladislavleva-4,Rebuttal-added,3,0.01|0.05,0.2185654392161898,0.4468409096053061,0.1571428571428571,0.0758824139410597,0.4123203560481568,0.5699748290152162
symbolfit,g0001,Keijzer-11,Rebuttal-added,3,0.01|0.05,0.0,0.29528445432157,0.1499999999999999,0.0,0.0,0.2532595272076567
symbolfit,g0002,Keijzer-2,Rebuttal-added,3,0.01|0.05,0.0,0.3,0.1679365079365079,0.0,0.0,0.3098090809945161
symbolfit,g0003,Korns-2,Rebuttal-added,3,0.01|0.05,0.1293028544829263,0.393454941878221,0.1065873015873015,0.0459917350040673,0.0,0.2766816147201087
symbolfit,g0004,Korns-4,Rebuttal-added,3,0.01|0.05,0.17050017341822,0.4094494111447304,0.0883333333333333,0.0586849896715733,0.1895780408447022,0.2801578658131408
symbolfit,g0005,BPG3,Rebuttal-added,3,0.01|0.05,0.0,0.2971300915688513,0.152063492063492,0.0,0.0,0.3033174192062738
symbolfit,g0006,BPG5,Rebuttal-added,3,0.01|0.05,0.0,0.0,0.1296031746031745,0.0,0.034063553649852,0.1567200601348699
symbolfit,g0007,BPG9,Rebuttal-added,3,0.01|0.05,0.0,0.0184268223034822,0.1796031746031745,0.0,0.0,0.191671596260685
symbolfit,g0008,CRK0,Rebuttal-added,3,0.01|0.05,0.0,0.061461055733403,0.1301587301587301,0.0,0.0,0.2217388295408442
symbolfit,g0009,CRK10,Rebuttal-added,3,0.01|0.05,0.0,0.0,0.1611111111111111,0.0,0.0283445331830313,0.1983226996353212
symbolfit,g0010,CRK11,Rebuttal-added,3,0.01|0.05,0.0,0.0173464367500718,0.1546296296296295,0.0,0.0,0.2302183349731643
symbolfit,g0011,CRK33,Rebuttal-added,3,0.01|0.05,0.0,0.0,0.1566498316498315,0.0,0.0,0.2284604821827878
symbolfit,g0012,CRK34,Rebuttal-added,3,0.01|0.05,0.0,0.3010708260330517,0.1425396825396825,0.0002677065082629,0.0,0.2773252143794298
symbolfit,g0013,I.11.19_4_0,Rebuttal-added,3,0.01|0.05,0.0,0.3,0.1411616161616161,0.0,0.2743440264024736,0.2432158737599317
symbolfit,g0014,II.11.27_1_0,Rebuttal-added,3,0.01|0.05,0.1539098596349798,0.0,0.1373015873015872,0.0269342254361214,0.134546117342402,0.2686972804964203
symbolfit,g0015,II.34.2_1_0,Rebuttal-added,3,0.01|0.05,0.0,0.3127329596826635,0.1468253968253968,0.0031832399206658,0.1868211647252317,0.2457229005437162
symbolfit,g0016,II.6.15b_3_0,Rebuttal-added,3,0.01|0.05,0.1764197459388132,0.4262377668509465,0.12010582010582,0.0624328972520289,0.3028948264437346,0.3503600316370239
symbolfit,g0017,III.21.20_3_0,Rebuttal-added,3,0.01|0.05,0.0,0.3998370722704279,0.1546031746031745,0.0249592680676069,0.0541453258649915,0.2703510522232155
symbolfit,g0018,MatSci21,Rebuttal-added,3,0.01|0.05,0.0,0.3,0.1738095238095237,0.0,0.0938402487092805,0.317306371403622
symbolfit,g0019,PO19,Rebuttal-added,3,0.01|0.05,0.0,0.0,0.1455291005291005,0.0,0.0,0.2108639635194006
symbolfit,g0020,PO41,Rebuttal-added,3,0.01|0.05,0.0,0.3,0.1614814814814814,0.0,0.0,0.3011717856049009
symbolfit,g0021,Nguyen-12,Rebuttal-added,3,0.01|0.05,0.0932967509066093,0.350830955087539,0.1305555555555555,0.0312061857626043,0.1717173620968045,0.3313157940129963
symbolfit,g0022,Nguyen-6,Rebuttal-added,3,0.01|0.05,0.0484847866729348,0.33995747173705,0.1726190476190476,0.0184742056020261,0.0997398220126823,0.3317015842053046
symbolfit,g0023,Nguyen-9,Rebuttal-added,3,0.01|0.05,0.1714925256486498,0.5252460057878775,0.1329365079365079,0.0863226934354831,0.4752202951037877,0.3837283561806129
symbolfit,g0024,feynman_II_15_4,Rebuttal-added,3,0.01|0.05,0.0,0.2493299633723061,0.151111111111111,0.0,0.0790981153424032,0.2659352806408619
symbolfit,g0025,feynman_I_12_11,Rebuttal-added,3,0.01|0.05,0.0,0.1805482737572345,0.1666666666666666,0.0,0.0278705648003259,0.2730880181766558
symbolfit,g0026,feynman_I_27_6,Rebuttal-added,3,0.01|0.05,0.0,0.1455419817225217,0.1694444444444444,0.0,0.0844258074478702,0.2675035955473117
symbolfit,g0027,feynman_test_15,Rebuttal-added,3,0.01|0.05,0.1151198887097184,0.2839836009270395,0.1329365079365079,0.030631928931424,0.2944928757115804,0.2789289762603425
symbolfit,g0028,strogatz_barmag1,Rebuttal-added,3,0.01|0.05,0.0,0.3,0.163095238095238,0.0,0.0,0.2773414353893065
symbolfit,g0029,strogatz_barmag2,Rebuttal-added,3,0.01|0.05,0.0,0.3,0.1793650793650793,0.0,0.0,0.3236767935250636
symbolfit,g0030,strogatz_predprey2,Rebuttal-added,3,0.01|0.05,0.0,0.2867609183228699,0.1746031746031745,0.0,0.0,0.3026380732944889
symbolfit,g0031,strogatz_shearflow1,Rebuttal-added,3,0.01|0.05,0.0,0.3514196280123595,0.1148148148148148,0.0128549070030898,0.0,0.2699031922895442
symbolfit,g0032,strogatz_vdp1,Rebuttal-added,3,0.01|0.05,0.0,0.2937735458002626,0.1634920634920634,0.0,0.0,0.3085742124124631
symbolfit,g0033,first_principles_hubble,Rebuttal-added,3,0.01|0.05,0.1431122986736541,0.3999925759808528,0.1466666666666666,0.0500707012267084,0.2717360142594917,0.3591141680591438
symbolfit,g0034,first_principles_leavitt,Rebuttal-added,3,0.01|0.05,0.1470577163214859,0.4030306144329274,0.1571428571428571,0.0514927539644918,0.2795878237190694,0.3648102849892495
symbolfit,g0035,feynman-ii.4.23,Rebuttal-added,3,0.01|0.05,0.1428571430211908,0.3999999999619962,0.1433862433862433,0.050000000042133,0.2714285716643789,0.3582228512204831
symbolfit,g0036,feynman-iii.7.38,Rebuttal-added,3,0.01|0.05,0.1428571428571429,0.4,0.1395238095238095,0.05,0.2714285714285715,0.3591552589062284
symbolfit,g0037,feynman-i.18.16,Rebuttal-added,3,0.01|0.05,0.0,0.2130285499879772,0.1755555555555555,0.0,0.0,0.3055271894854848
symbolfit,g0038,feynman-ii.27.18,Rebuttal-added,3,0.01|0.05,0.0,0.3,0.15,0.0,0.0,0.3394112549695428
symbolfit,g0039,feynman-ii.34.11,Rebuttal-added,3,0.01|0.05,0.1428571428501691,0.4,0.1547619047619047,0.0499999999987796,0.2714285714295933,0.3714405179657596
symbolfit,g0040,feynman-i.29.16,Rebuttal-added,3,0.01|0.05,0.0278929884777993,0.4025509282468437,0.1488888888888888,0.0305190050453258,0.2421017845014819,0.2660802508880105
symbolfit,g0041,feynman-bonus.20,Rebuttal-added,3,0.01|0.05,0.0,0.3,0.1437037037037036,0.0,0.0,0.2984478364992969
symbolfit,g0042,feynman-i.15.3t,Rebuttal-added,3,0.01|0.05,0.0,0.3,0.1634920634920634,0.0,0.0,0.313561530378542
symbolfit,g0043,feynman-i.39.22,Rebuttal-added,3,0.01|0.05,0.0,0.2047476199308944,0.1723809523809523,0.0,0.0,0.2985387749185044
symbolfit,g0044,feynman-iii.10.19,Rebuttal-added,3,0.01|0.05,0.0,0.3,0.171031746031746,0.0,0.0,0.3208257574863132
symbolfit,g0045,feynman-i.13.12,Rebuttal-added,3,0.01|0.05,0.0,0.3,0.1841269841269841,0.0,0.0,0.3312916640464511
symbolfit,g0046,feynman-i.32.5,Rebuttal-added,3,0.01|0.05,0.0,0.3,0.1369047619047619,0.0,0.0,0.2881622806683761
symbolfit,g0047,feynman-i.43.31,Rebuttal-added,3,0.01|0.05,0.0,0.3,0.1666666666666666,0.0,0.0,0.4555216789572149
symbolfit,g0048,feynman-i.11.19,Rebuttal-added,3,0.01|0.05,0.0,0.3,0.1796581196581196,0.0,0.0,0.3262561523145225
symbolfit,g0049,feynman-ii.34.2a,Rebuttal-added,3,0.01|0.05,0.0,0.3,0.1396825396825396,0.0,0.0,0.263491599235776
symbolfit,g0050,Vladislavleva-4,Rebuttal-added,3,0.01|0.05,0.1147278181185911,0.3822100031219855,0.1414021164021164,0.0406298689512498,0.1096164551548071,0.2961430128278058
