logical_key,batch,noise_tag,algorithm,dataset_id,seed,task_id,host,remote_result_path,local_result_path,local_sha256,status,equation_present,canonical_artifact_present,id_nmse_source,id_nmse_result,ood_nmse_source,ood_nmse_result,metrics_match
QLattice::BPG3::s520::clean,formal3h_13alg_ssr50_seed520-522_noise0-001-005_20260622-014658,clean,QLattice,BPG3,520,qlattice_s520_clean_g0005,iaaccn25,/home/zhangziwen/workplace/scientific-intelligent-modelling/experiments/formal3h_13alg_ssr50_seed520-522_noise0-001-005_20260622-014658/qlattice/seed520/tasks/qlattice_s520_clean_g0005/iaaccn25/QLattice/g0005_BPG3/result.json,/home/family/workplace/scientific-intelligent-modelling/AAAI_experiments/stage5_metric_calculation_0831/source_snapshot/results/clean/QLattice/qlattice_s520_clean_g0005/result.json,ebe27e1315cab997014c3c082a382052038fb0e18d614be098853e5cdb5c27b8,ok,True,True,46.300033377638044,46.300033377638044,1365087448840.8352,1365087448840.8352,True
QLattice::BPG3::s521::clean,formal3h_13alg_ssr50_seed520-522_noise0-001-005_20260622-014658,clean,QLattice,BPG3,521,qlattice_s521_clean_g0005,iaaccn24,/home/zhangziwen/workplace/scientific-intelligent-modelling/experiments/formal3h_13alg_ssr50_seed520-522_noise0-001-005_20260622-014658/qlattice/seed521/tasks/qlattice_s521_clean_g0005/iaaccn24/QLattice/g0005_BPG3/result.json,/home/family/workplace/scientific-intelligent-modelling/AAAI_experiments/stage5_metric_calculation_0831/source_snapshot/results/clean/QLattice/qlattice_s521_clean_g0005/result.json,2e3a9fe06ae4cc07b48a3f9a9b8a2b5d95632e67df02cf28bbc31d6931c21bce,ok,True,True,3.5829430409641276e-05,3.5829430409641276e-05,199475.54817256331,199475.54817256331,True
QLattice::BPG3::s522::clean,formal3h_13alg_ssr50_seed520-522_noise0-001-005_20260622-014658,clean,QLattice,BPG3,522,qlattice_s522_clean_g0005,iaaccn23,/home/zhangziwen/workplace/scientific-intelligent-modelling/experiments/formal3h_13alg_ssr50_seed520-522_noise0-001-005_20260622-014658/qlattice/seed522/tasks/qlattice_s522_clean_g0005/iaaccn23/QLattice/g0005_BPG3/result.json,/home/family/workplace/scientific-intelligent-modelling/AAAI_experiments/stage5_metric_calculation_0831/source_snapshot/results/clean/QLattice/qlattice_s522_clean_g0005/result.json,479fd7cdb9206074e0f02dfc75fc768fec79543dfa8c36a1690c404b6c57b245,ok,True,True,1.3564635530328235e-06,1.3564635530328235e-06,1319.0282938994378,1319.0282938994378,True
QLattice::BPG5::s520::clean,formal3h_13alg_ssr50_seed520-522_noise0-001-005_20260622-014658,clean,QLattice,BPG5,520,qlattice_s520_clean_g0006,iaaccn29,/home/zhangziwen/workplace/scientific-intelligent-modelling/experiments/formal3h_13alg_ssr50_seed520-522_noise0-001-005_20260622-014658/qlattice/seed520/tasks/qlattice_s520_clean_g0006/iaaccn29/QLattice/g0006_BPG5/result.json,/home/family/workplace/scientific-intelligent-modelling/AAAI_experiments/stage5_metric_calculation_0831/source_snapshot/results/clean/QLattice/qlattice_s520_clean_g0006/result.json,cc7683cd6e24adc5abb65ed8712c3764c3bca056700b430660e87405ef1a695a,ok,True,True,8.7777146897545776e-08,8.7777146897545776e-08,0.00076110813491778216,0.00076110813491778216,True
QLattice::BPG5::s521::clean,formal3h_13alg_ssr50_seed520-522_noise0-001-005_20260622-014658,clean,QLattice,BPG5,521,qlattice_s521_clean_g0006,iaaccn25,/home/zhangziwen/workplace/scientific-intelligent-modelling/experiments/formal3h_13alg_ssr50_seed520-522_noise0-001-005_20260622-014658/qlattice/seed521/tasks/qlattice_s521_clean_g0006/iaaccn25/QLattice/g0006_BPG5/result.json,/home/family/workplace/scientific-intelligent-modelling/AAAI_experiments/stage5_metric_calculation_0831/source_snapshot/results/clean/QLattice/qlattice_s521_clean_g0006/result.json,8e8e1d5e97e9e5b4dc43255c26f86b0e1c95e43179e4369ec2441da56891829e,ok,True,True,11.283022767437146,11.283022767437146,268010.21052040532,268010.21052040532,True
QLattice::BPG5::s522::clean,formal3h_13alg_ssr50_seed520-522_noise0-001-005_20260622-014658,clean,QLattice,BPG5,522,qlattice_s522_clean_g0006,iaaccn28,/home/zhangziwen/workplace/scientific-intelligent-modelling/experiments/formal3h_13alg_ssr50_seed520-522_noise0-001-005_20260622-014658/qlattice/seed522/tasks/qlattice_s522_clean_g0006/iaaccn28/QLattice/g0006_BPG5/result.json,/home/family/workplace/scientific-intelligent-modelling/AAAI_experiments/stage5_metric_calculation_0831/source_snapshot/results/clean/QLattice/qlattice_s522_clean_g0006/result.json,d5871b03d7380fa66b32f9d5c0ed1ce1543db0ebfe0af8db6536cf865c66b28f,ok,True,True,8.7642061674003725e-07,8.7642061674003725e-07,0.017413938689142906,0.017413938689142906,True
QLattice::BPG9::s520::clean,formal3h_13alg_ssr50_seed520-522_noise0-001-005_20260622-014658,clean,QLattice,BPG9,520,qlattice_s520_clean_g0007,iaaccn22,/home/zhangziwen/workplace/scientific-intelligent-modelling/experiments/formal3h_13alg_ssr50_seed520-522_noise0-001-005_20260622-014658/qlattice/seed520/tasks/qlattice_s520_clean_g0007/iaaccn22/QLattice/g0007_BPG9/result.json,/home/family/workplace/scientific-intelligent-modelling/AAAI_experiments/stage5_metric_calculation_0831/source_snapshot/results/clean/QLattice/qlattice_s520_clean_g0007/result.json,a5dfcd0799afde5a0f46600f92e1534c6b4068d57db6bec1cb19d3e38a1f3ee7,ok,True,True,0.00023157122448653304,0.00023157122448653304,0.2213998581012907,0.2213998581012907,True
QLattice::BPG9::s521::clean,formal3h_13alg_ssr50_seed520-522_noise0-001-005_20260622-014658,clean,QLattice,BPG9,521,qlattice_s521_clean_g0007,iaaccn22,/home/zhangziwen/workplace/scientific-intelligent-modelling/experiments/formal3h_13alg_ssr50_seed520-522_noise0-001-005_20260622-014658/qlattice/seed521/tasks/qlattice_s521_clean_g0007/iaaccn22/QLattice/g0007_BPG9/result.json,/home/family/workplace/scientific-intelligent-modelling/AAAI_experiments/stage5_metric_calculation_0831/source_snapshot/results/clean/QLattice/qlattice_s521_clean_g0007/result.json,2adc322a58ac576a0e34b1e8da267aed62f2813989276386256e9a351838dd8b,ok,True,True,0.0015428968500549372,0.0015428968500549372,0.012362346994573937,0.012362346994573937,True
QLattice::BPG9::s522::clean,formal3h_13alg_ssr50_seed520-522_noise0-001-005_20260622-014658,clean,QLattice,BPG9,522,qlattice_s522_clean_g0007,iaaccn27,/home/zhangziwen/workplace/scientific-intelligent-modelling/experiments/formal3h_13alg_ssr50_seed520-522_noise0-001-005_20260622-014658/qlattice/seed522/tasks/qlattice_s522_clean_g0007/iaaccn27/QLattice/g0007_BPG9/result.json,/home/family/workplace/scientific-intelligent-modelling/AAAI_experiments/stage5_metric_calculation_0831/source_snapshot/results/clean/QLattice/qlattice_s522_clean_g0007/result.json,39b4a74053a153c24f62113bd45ff438afa83a221cf141ede8902dbac9d2e4ea,ok,True,True,1.2874102335160634e-05,1.2874102335160634e-05,0.015498897165371226,0.015498897165371226,True
QLattice::CRK0::s520::clean,formal3h_13alg_ssr50_seed520-522_noise0-001-005_20260622-014658,clean,QLattice,CRK0,520,qlattice_s520_clean_g0008,iaaccn25,/home/zhangziwen/workplace/scientific-intelligent-modelling/experiments/formal3h_13alg_ssr50_seed520-522_noise0-001-005_20260622-014658/qlattice/seed520/tasks/qlattice_s520_clean_g0008/iaaccn25/QLattice/g0008_CRK0/result.json,/home/family/workplace/scientific-intelligent-modelling/AAAI_experiments/stage5_metric_calculation_0831/source_snapshot/results/clean/QLattice/qlattice_s520_clean_g0008/result.json,b73314399bd506dfd76a0446bba7b273b2035dea6746901afb66dead6512ba5a,ok,True,True,1.7454511096604094e-06,1.7454511096604094e-06,0.00032947035647747466,0.00032947035647747466,True
QLattice::CRK0::s521::clean,formal3h_13alg_ssr50_seed520-522_noise0-001-005_20260622-014658,clean,QLattice,CRK0,521,qlattice_s521_clean_g0008,iaaccn27,/home/zhangziwen/workplace/scientific-intelligent-modelling/experiments/formal3h_13alg_ssr50_seed520-522_noise0-001-005_20260622-014658/qlattice/seed521/tasks/qlattice_s521_clean_g0008/iaaccn27/QLattice/g0008_CRK0/result.json,/home/family/workplace/scientific-intelligent-modelling/AAAI_experiments/stage5_metric_calculation_0831/source_snapshot/results/clean/QLattice/qlattice_s521_clean_g0008/result.json,ac808d6949e3de2f8156ed6b6abeb5db6480c3a547fc97fdea9c6741af966dc6,ok,True,True,3.3163508070552556e-05,3.3163508070552556e-05,0.014013880119442218,0.014013880119442218,True
QLattice::CRK0::s522::clean,formal3h_13alg_ssr50_seed520-522_noise0-001-005_20260622-014658,clean,QLattice,CRK0,522,qlattice_s522_clean_g0008,iaaccn28,/home/zhangziwen/workplace/scientific-intelligent-modelling/experiments/formal3h_13alg_ssr50_seed520-522_noise0-001-005_20260622-014658/qlattice/seed522/tasks/qlattice_s522_clean_g0008/iaaccn28/QLattice/g0008_CRK0/result.json,/home/family/workplace/scientific-intelligent-modelling/AAAI_experiments/stage5_metric_calculation_0831/source_snapshot/results/clean/QLattice/qlattice_s522_clean_g0008/result.json,06819c6fde8da0d3945f074eb67ee28ba07b4fe225b1a7b64f73682e915b5619,ok,True,True,8.7840321553043319e-05,8.7840321553043319e-05,0.084714872877336853,0.084714872877336853,True
QLattice::CRK10::s520::clean,formal3h_13alg_ssr50_seed520-522_noise0-001-005_20260622-014658,clean,QLattice,CRK10,520,qlattice_s520_clean_g0009,iaaccn24,/home/zhangziwen/workplace/scientific-intelligent-modelling/experiments/formal3h_13alg_ssr50_seed520-522_noise0-001-005_20260622-014658/qlattice/seed520/tasks/qlattice_s520_clean_g0009/iaaccn24/QLattice/g0009_CRK10/result.json,/home/family/workplace/scientific-intelligent-modelling/AAAI_experiments/stage5_metric_calculation_0831/source_snapshot/results/clean/QLattice/qlattice_s520_clean_g0009/result.json,ac7d16a488bbf9582386521970edef4dbdbd4f2baf8cd3efa1502388ad50ca59,ok,True,True,1.2769543578547352e-05,1.2769543578547352e-05,0.23268209383986466,0.23268209383986466,True
QLattice::CRK10::s521::clean,formal3h_13alg_ssr50_seed520-522_noise0-001-005_20260622-014658,clean,QLattice,CRK10,521,qlattice_s521_clean_g0009,iaaccn25,/home/zhangziwen/workplace/scientific-intelligent-modelling/experiments/formal3h_13alg_ssr50_seed520-522_noise0-001-005_20260622-014658/qlattice/seed521/tasks/qlattice_s521_clean_g0009/iaaccn25/QLattice/g0009_CRK10/result.json,/home/family/workplace/scientific-intelligent-modelling/AAAI_experiments/stage5_metric_calculation_0831/source_snapshot/results/clean/QLattice/qlattice_s521_clean_g0009/result.json,1ef6d900261005fbfdd2807eaf2a85137a6e4d34df18fc1552bd1ac4d23d7729,ok,True,True,240247.0498792367,240247.0498792367,20215817494.449951,20215817494.449951,True
QLattice::CRK10::s522::clean,formal3h_13alg_ssr50_seed520-522_noise0-001-005_20260622-014658,clean,QLattice,CRK10,522,qlattice_s522_clean_g0009,iaaccn27,/home/zhangziwen/workplace/scientific-intelligent-modelling/experiments/formal3h_13alg_ssr50_seed520-522_noise0-001-005_20260622-014658/qlattice/seed522/tasks/qlattice_s522_clean_g0009/iaaccn27/QLattice/g0009_CRK10/result.json,/home/family/workplace/scientific-intelligent-modelling/AAAI_experiments/stage5_metric_calculation_0831/source_snapshot/results/clean/QLattice/qlattice_s522_clean_g0009/result.json,142fa0a04c943581548cd2f234314af3b06611ee326f75e4e5287379c59c2a82,ok,True,True,5.2402136760447047e-05,5.2402136760447047e-05,0.43908819899315038,0.43908819899315038,True
QLattice::CRK11::s520::clean,formal3h_13alg_ssr50_seed520-522_noise0-001-005_20260622-014658,clean,QLattice,CRK11,520,qlattice_s520_clean_g0010,iaaccn26,/home/zhangziwen/workplace/scientific-intelligent-modelling/experiments/formal3h_13alg_ssr50_seed520-522_noise0-001-005_20260622-014658/qlattice/seed520/tasks/qlattice_s520_clean_g0010/iaaccn26/QLattice/g0010_CRK11/result.json,/home/family/workplace/scientific-intelligent-modelling/AAAI_experiments/stage5_metric_calculation_0831/source_snapshot/results/clean/QLattice/qlattice_s520_clean_g0010/result.json,c6645423ef59f703823c0697fbedacc577a3ff020250fbc0edb172e7abb26dff,ok,True,True,0.00034111817301313264,0.00034111817301313264,2.0177649973484915,2.0177649973484915,True
QLattice::CRK11::s521::clean,formal3h_13alg_ssr50_seed520-522_noise0-001-005_20260622-014658,clean,QLattice,CRK11,521,qlattice_s521_clean_g0010,iaaccn24,/home/zhangziwen/workplace/scientific-intelligent-modelling/experiments/formal3h_13alg_ssr50_seed520-522_noise0-001-005_20260622-014658/qlattice/seed521/tasks/qlattice_s521_clean_g0010/iaaccn24/QLattice/g0010_CRK11/result.json,/home/family/workplace/scientific-intelligent-modelling/AAAI_experiments/stage5_metric_calculation_0831/source_snapshot/results/clean/QLattice/qlattice_s521_clean_g0010/result.json,49839e3a6dac956061930d8b15b537fd55cb7a6451417834f2bdd15da7b2e4ad,ok,True,True,4.0578642671639329e-06,4.0578642671639329e-06,0.018967842383910406,0.018967842383910406,True
QLattice::CRK11::s522::clean,formal3h_13alg_ssr50_seed520-522_noise0-001-005_20260622-014658,clean,QLattice,CRK11,522,qlattice_s522_clean_g0010,iaaccn22,/home/zhangziwen/workplace/scientific-intelligent-modelling/experiments/formal3h_13alg_ssr50_seed520-522_noise0-001-005_20260622-014658/qlattice/seed522/tasks/qlattice_s522_clean_g0010/iaaccn22/QLattice/g0010_CRK11/result.json,/home/family/workplace/scientific-intelligent-modelling/AAAI_experiments/stage5_metric_calculation_0831/source_snapshot/results/clean/QLattice/qlattice_s522_clean_g0010/result.json,4e939af9c5aba105b71cf0da74811b84cea5bf7deec9eb89a1421cc854e2810d,ok,True,True,0.0001004866631681091,0.0001004866631681091,0.5872672523022695,0.5872672523022695,True
QLattice::CRK33::s520::clean,formal3h_13alg_ssr50_seed520-522_noise0-001-005_20260622-014658,clean,QLattice,CRK33,520,qlattice_s520_clean_g0011,iaaccn28,/home/zhangziwen/workplace/scientific-intelligent-modelling/experiments/formal3h_13alg_ssr50_seed520-522_noise0-001-005_20260622-014658/qlattice/seed520/tasks/qlattice_s520_clean_g0011/iaaccn28/QLattice/g0011_CRK33/result.json,/home/family/workplace/scientific-intelligent-modelling/AAAI_experiments/stage5_metric_calculation_0831/source_snapshot/results/clean/QLattice/qlattice_s520_clean_g0011/result.json,ff7c6cbbfdbe915d7658c63f53a32d08b997af9dfaa3e69f2fd524bd924edca0,ok,True,True,4.1601024674789803e-05,4.1601024674789803e-05,1.5134510190537465,1.5134510190537465,True
QLattice::CRK33::s521::clean,formal3h_13alg_ssr50_seed520-522_noise0-001-005_20260622-014658,clean,QLattice,CRK33,521,qlattice_s521_clean_g0011,iaaccn23,/home/zhangziwen/workplace/scientific-intelligent-modelling/experiments/formal3h_13alg_ssr50_seed520-522_noise0-001-005_20260622-014658/qlattice/seed521/tasks/qlattice_s521_clean_g0011/iaaccn23/QLattice/g0011_CRK33/result.json,/home/family/workplace/scientific-intelligent-modelling/AAAI_experiments/stage5_metric_calculation_0831/source_snapshot/results/clean/QLattice/qlattice_s521_clean_g0011/result.json,3883b375a3d919873f8c0e3de14e56a0ea984e8282dfaf6ae4fb757eb0edda65,ok,True,True,0.00010957268832474555,0.00010957268832474555,0.27829349931509845,0.27829349931509845,True
QLattice::CRK33::s522::clean,formal3h_13alg_ssr50_seed520-522_noise0-001-005_20260622-014658,clean,QLattice,CRK33,522,qlattice_s522_clean_g0011,iaaccn26,/home/zhangziwen/workplace/scientific-intelligent-modelling/experiments/formal3h_13alg_ssr50_seed520-522_noise0-001-005_20260622-014658/qlattice/seed522/tasks/qlattice_s522_clean_g0011/iaaccn26/QLattice/g0011_CRK33/result.json,/home/family/workplace/scientific-intelligent-modelling/AAAI_experiments/stage5_metric_calculation_0831/source_snapshot/results/clean/QLattice/qlattice_s522_clean_g0011/result.json,f14729520b14b4061243df23072b2a42b6ede1b980d8db9122e7307e76d78345,ok,True,True,2.1321333237796147e-05,2.1321333237796147e-05,0.87162154338524145,0.87162154338524145,True
QLattice::CRK34::s520::clean,formal3h_13alg_ssr50_seed520-522_noise0-001-005_20260622-014658,clean,QLattice,CRK34,520,qlattice_s520_clean_g0012,iaaccn29,/home/zhangziwen/workplace/scientific-intelligent-modelling/experiments/formal3h_13alg_ssr50_seed520-522_noise0-001-005_20260622-014658/qlattice/seed520/tasks/qlattice_s520_clean_g0012/iaaccn29/QLattice/g0012_CRK34/result.json,/home/family/workplace/scientific-intelligent-modelling/AAAI_experiments/stage5_metric_calculation_0831/source_snapshot/results/clean/QLattice/qlattice_s520_clean_g0012/result.json,0703d087c62267632e0f94b468faa69309a5afcb4b8368512945eaaa263fff85,ok,True,True,2.2459485832968094e-05,2.2459485832968094e-05,0.11686214880320608,0.11686214880320608,True
QLattice::CRK34::s521::clean,formal3h_13alg_ssr50_seed520-522_noise0-001-005_20260622-014658,clean,QLattice,CRK34,521,qlattice_s521_clean_g0012,iaaccn22,/home/zhangziwen/workplace/scientific-intelligent-modelling/experiments/formal3h_13alg_ssr50_seed520-522_noise0-001-005_20260622-014658/qlattice/seed521/tasks/qlattice_s521_clean_g0012/iaaccn22/QLattice/g0012_CRK34/result.json,/home/family/workplace/scientific-intelligent-modelling/AAAI_experiments/stage5_metric_calculation_0831/source_snapshot/results/clean/QLattice/qlattice_s521_clean_g0012/result.json,564af14a4731017b0a1bd5bd8d768f6cbb10227f1a1865a03bec677a80956c55,ok,True,True,4.0361305316143938e-05,4.0361305316143938e-05,0.62946624330571932,0.62946624330571932,True
QLattice::CRK34::s522::clean,formal3h_13alg_ssr50_seed520-522_noise0-001-005_20260622-014658,clean,QLattice,CRK34,522,qlattice_s522_clean_g0012,iaaccn26,/home/zhangziwen/workplace/scientific-intelligent-modelling/experiments/formal3h_13alg_ssr50_seed520-522_noise0-001-005_20260622-014658/qlattice/seed522/tasks/qlattice_s522_clean_g0012/iaaccn26/QLattice/g0012_CRK34/result.json,/home/family/workplace/scientific-intelligent-modelling/AAAI_experiments/stage5_metric_calculation_0831/source_snapshot/results/clean/QLattice/qlattice_s522_clean_g0012/result.json,2debcb662b9154122a95c63e409fe504828a701b49cc0163d9a88af0972e4f7b,ok,True,True,2.3706225748250988e-05,2.3706225748250988e-05,0.89659935422553072,0.89659935422553072,True
QLattice::I.11.19_4_0::s520::clean,formal3h_13alg_ssr50_seed520-522_noise0-001-005_20260622-014658,clean,QLattice,I.11.19_4_0,520,qlattice_s520_clean_g0013,iaaccn22,/home/zhangziwen/workplace/scientific-intelligent-modelling/experiments/formal3h_13alg_ssr50_seed520-522_noise0-001-005_20260622-014658/qlattice/seed520/tasks/qlattice_s520_clean_g0013/iaaccn22/QLattice/g0013_I.11.19_4_0/result.json,/home/family/workplace/scientific-intelligent-modelling/AAAI_experiments/stage5_metric_calculation_0831/source_snapshot/results/clean/QLattice/qlattice_s520_clean_g0013/result.json,14dd7b80facaf40a277cbefa28f24d420c1456f11d244f3b4842129e7b9c3b7a,ok,True,True,0.012870801055254405,0.012870801055254405,0.057256845531988267,0.057256845531988267,True
QLattice::I.11.19_4_0::s521::clean,formal3h_13alg_ssr50_seed520-522_noise0-001-005_20260622-014658,clean,QLattice,I.11.19_4_0,521,qlattice_s521_clean_g0013,iaaccn24,/home/zhangziwen/workplace/scientific-intelligent-modelling/experiments/formal3h_13alg_ssr50_seed520-522_noise0-001-005_20260622-014658/qlattice/seed521/tasks/qlattice_s521_clean_g0013/iaaccn24/QLattice/g0013_I.11.19_4_0/result.json,/home/family/workplace/scientific-intelligent-modelling/AAAI_experiments/stage5_metric_calculation_0831/source_snapshot/results/clean/QLattice/qlattice_s521_clean_g0013/result.json,8a265527edf511ff544b278838fb7810029cebeb026d680e4bcacd64e99edc2a,ok,True,True,0.011470549137266561,0.011470549137266561,0.040589292903035534,0.040589292903035534,True
QLattice::I.11.19_4_0::s522::clean,formal3h_13alg_ssr50_seed520-522_noise0-001-005_20260622-014658,clean,QLattice,I.11.19_4_0,522,qlattice_s522_clean_g0013,iaaccn27,/home/zhangziwen/workplace/scientific-intelligent-modelling/experiments/formal3h_13alg_ssr50_seed520-522_noise0-001-005_20260622-014658/qlattice/seed522/tasks/qlattice_s522_clean_g0013/iaaccn27/QLattice/g0013_I.11.19_4_0/result.json,/home/family/workplace/scientific-intelligent-modelling/AAAI_experiments/stage5_metric_calculation_0831/source_snapshot/results/clean/QLattice/qlattice_s522_clean_g0013/result.json,c1c7eb51eb48cbe7fdea0b7e1ee156460cea0559afd928c321502cb9d7cf33ad,ok,True,True,0.010248085688586138,0.010248085688586138,0.030484268313954573,0.030484268313954573,True
QLattice::II.11.27_1_0::s520::clean,formal3h_13alg_ssr50_seed520-522_noise0-001-005_20260622-014658,clean,QLattice,II.11.27_1_0,520,qlattice_s520_clean_g0014,iaaccn25,/home/zhangziwen/workplace/scientific-intelligent-modelling/experiments/formal3h_13alg_ssr50_seed520-522_noise0-001-005_20260622-014658/qlattice/seed520/tasks/qlattice_s520_clean_g0014/iaaccn25/QLattice/g0014_II.11.27_1_0/result.json,/home/family/workplace/scientific-intelligent-modelling/AAAI_experiments/stage5_metric_calculation_0831/source_snapshot/results/clean/QLattice/qlattice_s520_clean_g0014/result.json,481eeaebb12d32651cf8b41951a7344974089f1ec1bf4dbdec5b71d060f0e144,ok,True,True,1.2332719380595414,1.2332719380595414,1.0345575568933734,1.0345575568933734,True
QLattice::II.11.27_1_0::s521::clean,formal3h_13alg_ssr50_seed520-522_noise0-001-005_20260622-014658,clean,QLattice,II.11.27_1_0,521,qlattice_s521_clean_g0014,iaaccn23,/home/zhangziwen/workplace/scientific-intelligent-modelling/experiments/formal3h_13alg_ssr50_seed520-522_noise0-001-005_20260622-014658/qlattice/seed521/tasks/qlattice_s521_clean_g0014/iaaccn23/QLattice/g0014_II.11.27_1_0/result.json,/home/family/workplace/scientific-intelligent-modelling/AAAI_experiments/stage5_metric_calculation_0831/source_snapshot/results/clean/QLattice/qlattice_s521_clean_g0014/result.json,b0230652f41b8e54292c5c9ac39a9c9c13be1ede7ef0892b0c2fd9525589060a,ok,True,True,1684022.1329105599,1684022.1329105599,396146.80679880519,396146.80679880519,True
QLattice::II.11.27_1_0::s522::clean,formal3h_13alg_ssr50_seed520-522_noise0-001-005_20260622-014658,clean,QLattice,II.11.27_1_0,522,qlattice_s522_clean_g0014,iaaccn23,/home/zhangziwen/workplace/scientific-intelligent-modelling/experiments/formal3h_13alg_ssr50_seed520-522_noise0-001-005_20260622-014658/qlattice/seed522/tasks/qlattice_s522_clean_g0014/iaaccn23/QLattice/g0014_II.11.27_1_0/result.json,/home/family/workplace/scientific-intelligent-modelling/AAAI_experiments/stage5_metric_calculation_0831/source_snapshot/results/clean/QLattice/qlattice_s522_clean_g0014/result.json,43b9d181de69eb857b950c1464ab7d80b05f6b20afac8b9c8892e4014a46f0b1,ok,True,True,1.0405468705001368,1.0405468705001368,3.8947335280106401,3.8947335280106401,True
QLattice::II.34.2_1_0::s520::clean,formal3h_13alg_ssr50_seed520-522_noise0-001-005_20260622-014658,clean,QLattice,II.34.2_1_0,520,qlattice_s520_clean_g0015,iaaccn24,/home/zhangziwen/workplace/scientific-intelligent-modelling/experiments/formal3h_13alg_ssr50_seed520-522_noise0-001-005_20260622-014658/qlattice/seed520/tasks/qlattice_s520_clean_g0015/iaaccn24/QLattice/g0015_II.34.2_1_0/result.json,/home/family/workplace/scientific-intelligent-modelling/AAAI_experiments/stage5_metric_calculation_0831/source_snapshot/results/clean/QLattice/qlattice_s520_clean_g0015/result.json,78e043c107c75714f3556214130fcd2d2c22ce0e9fc102a61b1c55b2410b203c,ok,True,True,0.0015905845529461766,0.0015905845529461766,0.019225950957050302,0.019225950957050302,True
QLattice::II.34.2_1_0::s521::clean,formal3h_13alg_ssr50_seed520-522_noise0-001-005_20260622-014658,clean,QLattice,II.34.2_1_0,521,qlattice_s521_clean_g0015,iaaccn26,/home/zhangziwen/workplace/scientific-intelligent-modelling/experiments/formal3h_13alg_ssr50_seed520-522_noise0-001-005_20260622-014658/qlattice/seed521/tasks/qlattice_s521_clean_g0015/iaaccn26/QLattice/g0015_II.34.2_1_0/result.json,/home/family/workplace/scientific-intelligent-modelling/AAAI_experiments/stage5_metric_calculation_0831/source_snapshot/results/clean/QLattice/qlattice_s521_clean_g0015/result.json,f2c895e5312e8fe636425cfae16330ca192c7298b7956cd2cdbf95f448810c9f,ok,True,True,4.3144078509329902e-05,4.3144078509329902e-05,0.00055033151391964484,0.00055033151391964484,True
QLattice::II.34.2_1_0::s522::clean,formal3h_13alg_ssr50_seed520-522_noise0-001-005_20260622-014658,clean,QLattice,II.34.2_1_0,522,qlattice_s522_clean_g0015,iaaccn26,/home/zhangziwen/workplace/scientific-intelligent-modelling/experiments/formal3h_13alg_ssr50_seed520-522_noise0-001-005_20260622-014658/qlattice/seed522/tasks/qlattice_s522_clean_g0015/iaaccn26/QLattice/g0015_II.34.2_1_0/result.json,/home/family/workplace/scientific-intelligent-modelling/AAAI_experiments/stage5_metric_calculation_0831/source_snapshot/results/clean/QLattice/qlattice_s522_clean_g0015/result.json,acb0c4b37afc9fcfe8d2de9cd81d626fce7783dee7b8035d078d115538ded0db,ok,True,True,2.6630246375008302e-07,2.6630246375008302e-07,2.7564583771070299e-07,2.7564583771070299e-07,True
QLattice::II.6.15b_3_0::s520::clean,formal3h_13alg_ssr50_seed520-522_noise0-001-005_20260622-014658,clean,QLattice,II.6.15b_3_0,520,qlattice_s520_clean_g0016,iaaccn26,/home/zhangziwen/workplace/scientific-intelligent-modelling/experiments/formal3h_13alg_ssr50_seed520-522_noise0-001-005_20260622-014658/qlattice/seed520/tasks/qlattice_s520_clean_g0016/iaaccn26/QLattice/g0016_II.6.15b_3_0/result.json,/home/family/workplace/scientific-intelligent-modelling/AAAI_experiments/stage5_metric_calculation_0831/source_snapshot/results/clean/QLattice/qlattice_s520_clean_g0016/result.json,2c87505d82906716ec815903b3e3d6798eaaedeb2e71d052ee157ea6c4643893,ok,True,True,6711.9087300049514,6711.9087300049514,167.34293546629934,167.34293546629934,True
QLattice::II.6.15b_3_0::s521::clean,formal3h_13alg_ssr50_seed520-522_noise0-001-005_20260622-014658,clean,QLattice,II.6.15b_3_0,521,qlattice_s521_clean_g0016,iaaccn24,/home/zhangziwen/workplace/scientific-intelligent-modelling/experiments/formal3h_13alg_ssr50_seed520-522_noise0-001-005_20260622-014658/qlattice/seed521/tasks/qlattice_s521_clean_g0016/iaaccn24/QLattice/g0016_II.6.15b_3_0/result.json,/home/family/workplace/scientific-intelligent-modelling/AAAI_experiments/stage5_metric_calculation_0831/source_snapshot/results/clean/QLattice/qlattice_s521_clean_g0016/result.json,e17252176a2540fa83d155dd44422a8fe647ebf9373eab9b62eb91204e2c8b9d,ok,True,True,0.082304161535429368,0.082304161535429368,0.17940027165310132,0.17940027165310132,True
QLattice::II.6.15b_3_0::s522::clean,formal3h_13alg_ssr50_seed520-522_noise0-001-005_20260622-014658,clean,QLattice,II.6.15b_3_0,522,qlattice_s522_clean_g0016,iaaccn27,/home/zhangziwen/workplace/scientific-intelligent-modelling/experiments/formal3h_13alg_ssr50_seed520-522_noise0-001-005_20260622-014658/qlattice/seed522/tasks/qlattice_s522_clean_g0016/iaaccn27/QLattice/g0016_II.6.15b_3_0/result.json,/home/family/workplace/scientific-intelligent-modelling/AAAI_experiments/stage5_metric_calculation_0831/source_snapshot/results/clean/QLattice/qlattice_s522_clean_g0016/result.json,34e475addf03e3408a03bb05e137b7963be59e8c39be6971a88f64ae36d40bd5,ok,True,True,0.090609028869124891,0.090609028869124891,0.18240535008646849,0.18240535008646849,True
QLattice::III.21.20_3_0::s520::clean,formal3h_13alg_ssr50_seed520-522_noise0-001-005_20260622-014658,clean,QLattice,III.21.20_3_0,520,qlattice_s520_clean_g0017,iaaccn29,/home/zhangziwen/workplace/scientific-intelligent-modelling/experiments/formal3h_13alg_ssr50_seed520-522_noise0-001-005_20260622-014658/qlattice/seed520/tasks/qlattice_s520_clean_g0017/iaaccn29/QLattice/g0017_III.21.20_3_0/result.json,/home/family/workplace/scientific-intelligent-modelling/AAAI_experiments/stage5_metric_calculation_0831/source_snapshot/results/clean/QLattice/qlattice_s520_clean_g0017/result.json,f3593b75248758089273b48ecbb6144aff9e10e189ec7aecf057f20b357a2ba5,ok,True,True,0.050338597582848414,0.050338597582848414,1.0006941619059839,1.0006941619059839,True
QLattice::III.21.20_3_0::s521::clean,formal3h_13alg_ssr50_seed520-522_noise0-001-005_20260622-014658,clean,QLattice,III.21.20_3_0,521,qlattice_s521_clean_g0017,iaaccn22,/home/zhangziwen/workplace/scientific-intelligent-modelling/experiments/formal3h_13alg_ssr50_seed520-522_noise0-001-005_20260622-014658/qlattice/seed521/tasks/qlattice_s521_clean_g0017/iaaccn22/QLattice/g0017_III.21.20_3_0/result.json,/home/family/workplace/scientific-intelligent-modelling/AAAI_experiments/stage5_metric_calculation_0831/source_snapshot/results/clean/QLattice/qlattice_s521_clean_g0017/result.json,1150fe38780ed726235e0e5e26edecbf30ee9b58dc91fb22238bfd7c83825e12,ok,True,True,0.078171832408116634,0.078171832408116634,1.0007300471310465,1.0007300471310465,True
QLattice::III.21.20_3_0::s522::clean,formal3h_13alg_ssr50_seed520-522_noise0-001-005_20260622-014658,clean,QLattice,III.21.20_3_0,522,qlattice_s522_clean_g0017,iaaccn26,/home/zhangziwen/workplace/scientific-intelligent-modelling/experiments/formal3h_13alg_ssr50_seed520-522_noise0-001-005_20260622-014658/qlattice/seed522/tasks/qlattice_s522_clean_g0017/iaaccn26/QLattice/g0017_III.21.20_3_0/result.json,/home/family/workplace/scientific-intelligent-modelling/AAAI_experiments/stage5_metric_calculation_0831/source_snapshot/results/clean/QLattice/qlattice_s522_clean_g0017/result.json,f61882aef2d54b55c77cc5f1fdc26cd199d3229be3914dbc11f08dbd978f9882,ok,True,True,0.15859769541757909,0.15859769541757909,1.0000571260014484,1.0000571260014484,True
QLattice::Keijzer-11::s520::clean,formal3h_13alg_ssr50_seed520-522_noise0-001-005_20260622-014658,clean,QLattice,Keijzer-11,520,qlattice_s520_clean_g0001,iaaccn23,/home/zhangziwen/workplace/scientific-intelligent-modelling/experiments/formal3h_13alg_ssr50_seed520-522_noise0-001-005_20260622-014658/qlattice/seed520/tasks/qlattice_s520_clean_g0001/iaaccn23/QLattice/g0001_Keijzer-11/result.json,/home/family/workplace/scientific-intelligent-modelling/AAAI_experiments/stage5_metric_calculation_0831/source_snapshot/results/clean/QLattice/qlattice_s520_clean_g0001/result.json,82412b3d2beb525b4f2699c6d1c7dc5a654e0106d1ac0236a0c2449dc5d9ca01,ok,True,True,0.49823688968250601,0.49823688968250601,0.50099892889135089,0.50099892889135089,True
QLattice::Keijzer-11::s521::clean,formal3h_13alg_ssr50_seed520-522_noise0-001-005_20260622-014658,clean,QLattice,Keijzer-11,521,qlattice_s521_clean_g0001,iaaccn24,/home/zhangziwen/workplace/scientific-intelligent-modelling/experiments/formal3h_13alg_ssr50_seed520-522_noise0-001-005_20260622-014658/qlattice/seed521/tasks/qlattice_s521_clean_g0001/iaaccn24/QLattice/g0001_Keijzer-11/result.json,/home/family/workplace/scientific-intelligent-modelling/AAAI_experiments/stage5_metric_calculation_0831/source_snapshot/results/clean/QLattice/qlattice_s521_clean_g0001/result.json,13fe34bfe7035081cce4d823b950c7b67254e1d9ba2a7fca9787e2c7b34eb029,ok,True,True,2.3030905176400127,2.3030905176400127,2.1514705719305076,2.1514705719305076,True
QLattice::Keijzer-11::s522::clean,formal3h_13alg_ssr50_seed520-522_noise0-001-005_20260622-014658,clean,QLattice,Keijzer-11,522,qlattice_s522_clean_g0001,iaaccn27,/home/zhangziwen/workplace/scientific-intelligent-modelling/experiments/formal3h_13alg_ssr50_seed520-522_noise0-001-005_20260622-014658/qlattice/seed522/tasks/qlattice_s522_clean_g0001/iaaccn27/QLattice/g0001_Keijzer-11/result.json,/home/family/workplace/scientific-intelligent-modelling/AAAI_experiments/stage5_metric_calculation_0831/source_snapshot/results/clean/QLattice/qlattice_s522_clean_g0001/result.json,62b0493082258cafd66c9b5e09e00522f9bedbeef3e87047c01aec0108071ea8,ok,True,True,0.46207434534318259,0.46207434534318259,0.47881200482112574,0.47881200482112574,True
QLattice::Keijzer-2::s520::clean,formal3h_13alg_ssr50_seed520-522_noise0-001-005_20260622-014658,clean,QLattice,Keijzer-2,520,qlattice_s520_clean_g0002,iaaccn27,/home/zhangziwen/workplace/scientific-intelligent-modelling/experiments/formal3h_13alg_ssr50_seed520-522_noise0-001-005_20260622-014658/qlattice/seed520/tasks/qlattice_s520_clean_g0002/iaaccn27/QLattice/g0002_Keijzer-2/result.json,/home/family/workplace/scientific-intelligent-modelling/AAAI_experiments/stage5_metric_calculation_0831/source_snapshot/results/clean/QLattice/qlattice_s520_clean_g0002/result.json,d0418d1b8c905d6353ed9c7fe0f39f0cfc38918c13fcfd2983fc08b5f0f5e704,ok,True,True,0.048645809183243634,0.048645809183243634,0.31638920060453862,0.31638920060453862,True
QLattice::Keijzer-2::s521::clean,formal3h_13alg_ssr50_seed520-522_noise0-001-005_20260622-014658,clean,QLattice,Keijzer-2,521,qlattice_s521_clean_g0002,iaaccn22,/home/zhangziwen/workplace/scientific-intelligent-modelling/experiments/formal3h_13alg_ssr50_seed520-522_noise0-001-005_20260622-014658/qlattice/seed521/tasks/qlattice_s521_clean_g0002/iaaccn22/QLattice/g0002_Keijzer-2/result.json,/home/family/workplace/scientific-intelligent-modelling/AAAI_experiments/stage5_metric_calculation_0831/source_snapshot/results/clean/QLattice/qlattice_s521_clean_g0002/result.json,5ec24d8ac28513554c0e7d1522e80e3facf87319c8a88537d326dc888652d91d,ok,True,True,0.050522769168750953,0.050522769168750953,0.11411134395231071,0.11411134395231071,True
QLattice::Keijzer-2::s522::clean,formal3h_13alg_ssr50_seed520-522_noise0-001-005_20260622-014658,clean,QLattice,Keijzer-2,522,qlattice_s522_clean_g0002,iaaccn23,/home/zhangziwen/workplace/scientific-intelligent-modelling/experiments/formal3h_13alg_ssr50_seed520-522_noise0-001-005_20260622-014658/qlattice/seed522/tasks/qlattice_s522_clean_g0002/iaaccn23/QLattice/g0002_Keijzer-2/result.json,/home/family/workplace/scientific-intelligent-modelling/AAAI_experiments/stage5_metric_calculation_0831/source_snapshot/results/clean/QLattice/qlattice_s522_clean_g0002/result.json,f9c22e9303a3caba9aa7efda07b8435548c7353a13d9d98d88db972d008cd439,ok,True,True,0.036941170634947548,0.036941170634947548,0.24977689377087317,0.24977689377087317,True
QLattice::Korns-2::s520::clean,formal3h_13alg_ssr50_seed520-522_noise0-001-005_20260622-014658,clean,QLattice,Korns-2,520,qlattice_s520_clean_g0003,iaaccn26,/home/zhangziwen/workplace/scientific-intelligent-modelling/experiments/formal3h_13alg_ssr50_seed520-522_noise0-001-005_20260622-014658/qlattice/seed520/tasks/qlattice_s520_clean_g0003/iaaccn26/QLattice/g0003_Korns-2/result.json,/home/family/workplace/scientific-intelligent-modelling/AAAI_experiments/stage5_metric_calculation_0831/source_snapshot/results/clean/QLattice/qlattice_s520_clean_g0003/result.json,764941735a1c5a2d51e6f964bd7902d5e011f15aeede7585849eb8a11f3c2d1b,ok,True,True,52.102738396978758,52.102738396978758,8.2983152416360344,8.2983152416360344,True
QLattice::Korns-2::s521::clean,formal3h_13alg_ssr50_seed520-522_noise0-001-005_20260622-014658,clean,QLattice,Korns-2,521,qlattice_s521_clean_g0003,iaaccn25,/home/zhangziwen/workplace/scientific-intelligent-modelling/experiments/formal3h_13alg_ssr50_seed520-522_noise0-001-005_20260622-014658/qlattice/seed521/tasks/qlattice_s521_clean_g0003/iaaccn25/QLattice/g0003_Korns-2/result.json,/home/family/workplace/scientific-intelligent-modelling/AAAI_experiments/stage5_metric_calculation_0831/source_snapshot/results/clean/QLattice/qlattice_s521_clean_g0003/result.json,0518dba4b85d74c0af12bb99e005387d3adcb7348795d2736a2ca690cbe254c2,ok,True,True,55.865659998841785,55.865659998841785,8.9238612545905234,8.9238612545905234,True
QLattice::Korns-2::s522::clean,formal3h_13alg_ssr50_seed520-522_noise0-001-005_20260622-014658,clean,QLattice,Korns-2,522,qlattice_s522_clean_g0003,iaaccn29,/home/zhangziwen/workplace/scientific-intelligent-modelling/experiments/formal3h_13alg_ssr50_seed520-522_noise0-001-005_20260622-014658/qlattice/seed522/tasks/qlattice_s522_clean_g0003/iaaccn29/QLattice/g0003_Korns-2/result.json,/home/family/workplace/scientific-intelligent-modelling/AAAI_experiments/stage5_metric_calculation_0831/source_snapshot/results/clean/QLattice/qlattice_s522_clean_g0003/result.json,0fe258190778fb6b7802d69030593f33fb9b392133c6b0d7c9cdae8b9b66e957,ok,True,True,25.677318439923049,25.677318439923049,6.8774210882743771,6.8774210882743771,True
QLattice::Korns-4::s520::clean,formal3h_13alg_ssr50_seed520-522_noise0-001-005_20260622-014658,clean,QLattice,Korns-4,520,qlattice_s520_clean_g0004,iaaccn22,/home/zhangziwen/workplace/scientific-intelligent-modelling/experiments/formal3h_13alg_ssr50_seed520-522_noise0-001-005_20260622-014658/qlattice/seed520/tasks/qlattice_s520_clean_g0004/iaaccn22/QLattice/g0004_Korns-4/result.json,/home/family/workplace/scientific-intelligent-modelling/AAAI_experiments/stage5_metric_calculation_0831/source_snapshot/results/clean/QLattice/qlattice_s520_clean_g0004/result.json,3949bdc3c57becadd16c86ae7ed44948d1063eacbdeec9427609b7df12af03de,ok,True,True,0.0016017110843699397,0.0016017110843699397,0.001648574628991363,0.001648574628991363,True
QLattice::Korns-4::s521::clean,formal3h_13alg_ssr50_seed520-522_noise0-001-005_20260622-014658,clean,QLattice,Korns-4,521,qlattice_s521_clean_g0004,iaaccn27,/home/zhangziwen/workplace/scientific-intelligent-modelling/experiments/formal3h_13alg_ssr50_seed520-522_noise0-001-005_20260622-014658/qlattice/seed521/tasks/qlattice_s521_clean_g0004/iaaccn27/QLattice/g0004_Korns-4/result.json,/home/family/workplace/scientific-intelligent-modelling/AAAI_experiments/stage5_metric_calculation_0831/source_snapshot/results/clean/QLattice/qlattice_s521_clean_g0004/result.json,6ec6ff64373fd7222b49be1e2045aa5b84a9bf3fc7c8adc0f8cc9e7e78c455d5,ok,True,True,0.0015451382882201434,0.0015451382882201434,0.001660039569033483,0.001660039569033483,True
QLattice::Korns-4::s522::clean,formal3h_13alg_ssr50_seed520-522_noise0-001-005_20260622-014658,clean,QLattice,Korns-4,522,qlattice_s522_clean_g0004,iaaccn24,/home/zhangziwen/workplace/scientific-intelligent-modelling/experiments/formal3h_13alg_ssr50_seed520-522_noise0-001-005_20260622-014658/qlattice/seed522/tasks/qlattice_s522_clean_g0004/iaaccn24/QLattice/g0004_Korns-4/result.json,/home/family/workplace/scientific-intelligent-modelling/AAAI_experiments/stage5_metric_calculation_0831/source_snapshot/results/clean/QLattice/qlattice_s522_clean_g0004/result.json,350820e9689c64bab43a8683c9d23deec78051b25b19af9cbb9ad1e30479b341,ok,True,True,0.0015220868776642785,0.0015220868776642785,0.0016483210184926017,0.0016483210184926017,True
QLattice::MatSci21::s520::clean,formal3h_13alg_ssr50_seed520-522_noise0-001-005_20260622-014658,clean,QLattice,MatSci21,520,qlattice_s520_clean_g0018,iaaccn22,/home/zhangziwen/workplace/scientific-intelligent-modelling/experiments/formal3h_13alg_ssr50_seed520-522_noise0-001-005_20260622-014658/qlattice/seed520/tasks/qlattice_s520_clean_g0018/iaaccn22/QLattice/g0018_MatSci21/result.json,/home/family/workplace/scientific-intelligent-modelling/AAAI_experiments/stage5_metric_calculation_0831/source_snapshot/results/clean/QLattice/qlattice_s520_clean_g0018/result.json,b4403142035b6e8a138316883f9c4f366582628fd03d73626505067e186d1b0d,ok,True,True,7.5058580875361712e-05,7.5058580875361712e-05,0.0003637724085094113,0.0003637724085094113,True
QLattice::MatSci21::s521::clean,formal3h_13alg_ssr50_seed520-522_noise0-001-005_20260622-014658,clean,QLattice,MatSci21,521,qlattice_s521_clean_g0018,iaaccn29,/home/zhangziwen/workplace/scientific-intelligent-modelling/experiments/formal3h_13alg_ssr50_seed520-522_noise0-001-005_20260622-014658/qlattice/seed521/tasks/qlattice_s521_clean_g0018/iaaccn29/QLattice/g0018_MatSci21/result.json,/home/family/workplace/scientific-intelligent-modelling/AAAI_experiments/stage5_metric_calculation_0831/source_snapshot/results/clean/QLattice/qlattice_s521_clean_g0018/result.json,b5194275c92db7159ba4ad4f6ccb0d289bab34c7305784f0cd1e514c6b7339a1,ok,True,True,2.5535070050607352e-05,2.5535070050607352e-05,0.00017629218356572429,0.00017629218356572429,True
QLattice::MatSci21::s522::clean,formal3h_13alg_ssr50_seed520-522_noise0-001-005_20260622-014658,clean,QLattice,MatSci21,522,qlattice_s522_clean_g0018,iaaccn23,/home/zhangziwen/workplace/scientific-intelligent-modelling/experiments/formal3h_13alg_ssr50_seed520-522_noise0-001-005_20260622-014658/qlattice/seed522/tasks/qlattice_s522_clean_g0018/iaaccn23/QLattice/g0018_MatSci21/result.json,/home/family/workplace/scientific-intelligent-modelling/AAAI_experiments/stage5_metric_calculation_0831/source_snapshot/results/clean/QLattice/qlattice_s522_clean_g0018/result.json,a6f340c3662f8c84a7408116a5b9faed47822d70bf321cfc15162429ec56f196,ok,True,True,4.6032390906904229e-06,4.6032390906904229e-06,5.8730682387354238e-07,5.8730682387354238e-07,True
QLattice::Nguyen-12::s520::clean,formal3h_13alg_ssr50_seed520-522_noise0-001-005_20260622-014658,clean,QLattice,Nguyen-12,520,qlattice_s520_clean_g0021,iaaccn22,/home/zhangziwen/workplace/scientific-intelligent-modelling/experiments/formal3h_13alg_ssr50_seed520-522_noise0-001-005_20260622-014658/qlattice/seed520/tasks/qlattice_s520_clean_g0021/iaaccn22/QLattice/g0021_Nguyen-12/result.json,/home/family/workplace/scientific-intelligent-modelling/AAAI_experiments/stage5_metric_calculation_0831/source_snapshot/results/clean/QLattice/qlattice_s520_clean_g0021/result.json,74b02f2642d4c233296535be90878573180439294a0009f1988f070a3cee8f97,ok,True,True,2.9431920138413915e-05,2.9431920138413915e-05,0.0099771722462170722,0.0099771722462170722,True
QLattice::Nguyen-12::s521::clean,formal3h_13alg_ssr50_seed520-522_noise0-001-005_20260622-014658,clean,QLattice,Nguyen-12,521,qlattice_s521_clean_g0021,iaaccn29,/home/zhangziwen/workplace/scientific-intelligent-modelling/experiments/formal3h_13alg_ssr50_seed520-522_noise0-001-005_20260622-014658/qlattice/seed521/tasks/qlattice_s521_clean_g0021/iaaccn29/QLattice/g0021_Nguyen-12/result.json,/home/family/workplace/scientific-intelligent-modelling/AAAI_experiments/stage5_metric_calculation_0831/source_snapshot/results/clean/QLattice/qlattice_s521_clean_g0021/result.json,052a097950560385a4ec6bd143cb25c6a28f42274827c27ff9b09c20e902118f,ok,True,True,9.5041281223836875e-05,9.5041281223836875e-05,0.0030735344787907928,0.0030735344787907928,True
QLattice::Nguyen-12::s522::clean,formal3h_13alg_ssr50_seed520-522_noise0-001-005_20260622-014658,clean,QLattice,Nguyen-12,522,qlattice_s522_clean_g0021,iaaccn27,/home/zhangziwen/workplace/scientific-intelligent-modelling/experiments/formal3h_13alg_ssr50_seed520-522_noise0-001-005_20260622-014658/qlattice/seed522/tasks/qlattice_s522_clean_g0021/iaaccn27/QLattice/g0021_Nguyen-12/result.json,/home/family/workplace/scientific-intelligent-modelling/AAAI_experiments/stage5_metric_calculation_0831/source_snapshot/results/clean/QLattice/qlattice_s522_clean_g0021/result.json,2ff641213b248d61bfd1d82ddc9971ab6947a5139d6873ffe98d8439fbe9bb93,ok,True,True,0.00021815066852126392,0.00021815066852126392,0.003567579463980538,0.003567579463980538,True
QLattice::Nguyen-6::s520::clean,formal3h_13alg_ssr50_seed520-522_noise0-001-005_20260622-014658,clean,QLattice,Nguyen-6,520,qlattice_s520_clean_g0022,iaaccn27,/home/zhangziwen/workplace/scientific-intelligent-modelling/experiments/formal3h_13alg_ssr50_seed520-522_noise0-001-005_20260622-014658/qlattice/seed520/tasks/qlattice_s520_clean_g0022/iaaccn27/QLattice/g0022_Nguyen-6/result.json,/home/family/workplace/scientific-intelligent-modelling/AAAI_experiments/stage5_metric_calculation_0831/source_snapshot/results/clean/QLattice/qlattice_s520_clean_g0022/result.json,8c0e037cd8c45c0a6485f70bd9c085ce0c29c2b1bb1990b45fa621e031460c08,ok,True,True,3.08106204339578e-06,3.08106204339578e-06,0.01636232902276985,0.01636232902276985,True
QLattice::Nguyen-6::s521::clean,formal3h_13alg_ssr50_seed520-522_noise0-001-005_20260622-014658,clean,QLattice,Nguyen-6,521,qlattice_s521_clean_g0022,iaaccn23,/home/zhangziwen/workplace/scientific-intelligent-modelling/experiments/formal3h_13alg_ssr50_seed520-522_noise0-001-005_20260622-014658/qlattice/seed521/tasks/qlattice_s521_clean_g0022/iaaccn23/QLattice/g0022_Nguyen-6/result.json,/home/family/workplace/scientific-intelligent-modelling/AAAI_experiments/stage5_metric_calculation_0831/source_snapshot/results/clean/QLattice/qlattice_s521_clean_g0022/result.json,39aa4b1e63083fcf533fef5113f67c0fa8a2929e540b32a6811e7753f92f2eab,ok,True,True,8.4520290884916561e-05,8.4520290884916561e-05,0.01402245461299707,0.01402245461299707,True
QLattice::Nguyen-6::s522::clean,formal3h_13alg_ssr50_seed520-522_noise0-001-005_20260622-014658,clean,QLattice,Nguyen-6,522,qlattice_s522_clean_g0022,iaaccn29,/home/zhangziwen/workplace/scientific-intelligent-modelling/experiments/formal3h_13alg_ssr50_seed520-522_noise0-001-005_20260622-014658/qlattice/seed522/tasks/qlattice_s522_clean_g0022/iaaccn29/QLattice/g0022_Nguyen-6/result.json,/home/family/workplace/scientific-intelligent-modelling/AAAI_experiments/stage5_metric_calculation_0831/source_snapshot/results/clean/QLattice/qlattice_s522_clean_g0022/result.json,603c43cccc730dcb2a7440f30747550a5bcb731b9428932f590727264836c7c2,ok,True,True,2.7159713311410405e-06,2.7159713311410405e-06,0.015091567218322749,0.015091567218322749,True
QLattice::Nguyen-9::s520::clean,formal3h_13alg_ssr50_seed520-522_noise0-001-005_20260622-014658,clean,QLattice,Nguyen-9,520,qlattice_s520_clean_g0023,iaaccn23,/home/zhangziwen/workplace/scientific-intelligent-modelling/experiments/formal3h_13alg_ssr50_seed520-522_noise0-001-005_20260622-014658/qlattice/seed520/tasks/qlattice_s520_clean_g0023/iaaccn23/QLattice/g0023_Nguyen-9/result.json,/home/family/workplace/scientific-intelligent-modelling/AAAI_experiments/stage5_metric_calculation_0831/source_snapshot/results/clean/QLattice/qlattice_s520_clean_g0023/result.json,3138cf48ef80f552ed6c6f59ba52e1a8b92ac62ea56b4dfc8f54c84697564c97,ok,True,True,0.00047997792950243588,0.00047997792950243588,4.6843509940483935e-05,4.6843509940483935e-05,True
QLattice::Nguyen-9::s521::clean,formal3h_13alg_ssr50_seed520-522_noise0-001-005_20260622-014658,clean,QLattice,Nguyen-9,521,qlattice_s521_clean_g0023,iaaccn24,/home/zhangziwen/workplace/scientific-intelligent-modelling/experiments/formal3h_13alg_ssr50_seed520-522_noise0-001-005_20260622-014658/qlattice/seed521/tasks/qlattice_s521_clean_g0023/iaaccn24/QLattice/g0023_Nguyen-9/result.json,/home/family/workplace/scientific-intelligent-modelling/AAAI_experiments/stage5_metric_calculation_0831/source_snapshot/results/clean/QLattice/qlattice_s521_clean_g0023/result.json,8fabcf168f2a0f0fe25c835c84e50e0bb9c04d5a85382b798d9e6a661ad73ab9,ok,True,True,0.0027588014356241522,0.0027588014356241522,6.9446727614238785e-06,6.9446727614238785e-06,True
QLattice::Nguyen-9::s522::clean,formal3h_13alg_ssr50_seed520-522_noise0-001-005_20260622-014658,clean,QLattice,Nguyen-9,522,qlattice_s522_clean_g0023,iaaccn29,/home/zhangziwen/workplace/scientific-intelligent-modelling/experiments/formal3h_13alg_ssr50_seed520-522_noise0-001-005_20260622-014658/qlattice/seed522/tasks/qlattice_s522_clean_g0023/iaaccn29/QLattice/g0023_Nguyen-9/result.json,/home/family/workplace/scientific-intelligent-modelling/AAAI_experiments/stage5_metric_calculation_0831/source_snapshot/results/clean/QLattice/qlattice_s522_clean_g0023/result.json,d2e21d581472c4a28ca801857326fdf9f77bc3ed2a0471822eb48b2f7c65dff3,ok,True,True,0.00019296613318781257,0.00019296613318781257,6.0639256018750093e-06,6.0639256018750093e-06,True
QLattice::PO19::s520::clean,formal3h_13alg_ssr50_seed520-522_noise0-001-005_20260622-014658,clean,QLattice,PO19,520,qlattice_s520_clean_g0019,iaaccn29,/home/zhangziwen/workplace/scientific-intelligent-modelling/experiments/formal3h_13alg_ssr50_seed520-522_noise0-001-005_20260622-014658/qlattice/seed520/tasks/qlattice_s520_clean_g0019/iaaccn29/QLattice/g0019_PO19/result.json,/home/family/workplace/scientific-intelligent-modelling/AAAI_experiments/stage5_metric_calculation_0831/source_snapshot/results/clean/QLattice/qlattice_s520_clean_g0019/result.json,cb152a045b3d3c0db6edeaedd5796ae97612778f83aaeb4c7c9bbb0f8bf66492,ok,True,True,0.0010494592674126816,0.0010494592674126816,26568.4771336503,26568.4771336503,True
QLattice::PO19::s521::clean,formal3h_13alg_ssr50_seed520-522_noise0-001-005_20260622-014658,clean,QLattice,PO19,521,qlattice_s521_clean_g0019,iaaccn28,/home/zhangziwen/workplace/scientific-intelligent-modelling/experiments/formal3h_13alg_ssr50_seed520-522_noise0-001-005_20260622-014658/qlattice/seed521/tasks/qlattice_s521_clean_g0019/iaaccn28/QLattice/g0019_PO19/result.json,/home/family/workplace/scientific-intelligent-modelling/AAAI_experiments/stage5_metric_calculation_0831/source_snapshot/results/clean/QLattice/qlattice_s521_clean_g0019/result.json,65aa2c959e633f4e7b253d73ef1555c3194a92319c532ce03c10a757be87e985,ok,True,True,0.00061415478599052495,0.00061415478599052495,70368.688230998901,70368.688230998901,True
QLattice::PO19::s522::clean,formal3h_13alg_ssr50_seed520-522_noise0-001-005_20260622-014658,clean,QLattice,PO19,522,qlattice_s522_clean_g0019,iaaccn25,/home/zhangziwen/workplace/scientific-intelligent-modelling/experiments/formal3h_13alg_ssr50_seed520-522_noise0-001-005_20260622-014658/qlattice/seed522/tasks/qlattice_s522_clean_g0019/iaaccn25/QLattice/g0019_PO19/result.json,/home/family/workplace/scientific-intelligent-modelling/AAAI_experiments/stage5_metric_calculation_0831/source_snapshot/results/clean/QLattice/qlattice_s522_clean_g0019/result.json,7dad46106ce7c1c0f1cb589de827a09e0ed2e7ac7a15a65e8899c24641f694ab,ok,True,True,0.00011040420854876111,0.00011040420854876111,3450.3071458327599,3450.3071458327599,True
QLattice::PO41::s520::clean,formal3h_13alg_ssr50_seed520-522_noise0-001-005_20260622-014658,clean,QLattice,PO41,520,qlattice_s520_clean_g0020,iaaccn23,/home/zhangziwen/workplace/scientific-intelligent-modelling/experiments/formal3h_13alg_ssr50_seed520-522_noise0-001-005_20260622-014658/qlattice/seed520/tasks/qlattice_s520_clean_g0020/iaaccn23/QLattice/g0020_PO41/result.json,/home/family/workplace/scientific-intelligent-modelling/AAAI_experiments/stage5_metric_calculation_0831/source_snapshot/results/clean/QLattice/qlattice_s520_clean_g0020/result.json,796e04d8b42c325000072d81d3fb9a21ee70a4386bcb2d19255c26cd619de7fb,ok,True,True,0.00034025773094721189,0.00034025773094721189,183.47772465171164,183.47772465171164,True
QLattice::PO41::s521::clean,formal3h_13alg_ssr50_seed520-522_noise0-001-005_20260622-014658,clean,QLattice,PO41,521,qlattice_s521_clean_g0020,iaaccn28,/home/zhangziwen/workplace/scientific-intelligent-modelling/experiments/formal3h_13alg_ssr50_seed520-522_noise0-001-005_20260622-014658/qlattice/seed521/tasks/qlattice_s521_clean_g0020/iaaccn28/QLattice/g0020_PO41/result.json,/home/family/workplace/scientific-intelligent-modelling/AAAI_experiments/stage5_metric_calculation_0831/source_snapshot/results/clean/QLattice/qlattice_s521_clean_g0020/result.json,3f5bfcab080443b7ffec7c32c87c5ab3821407b6c749ea775dfc90c3bc37ff77,ok,True,True,0.0043373525402174307,0.0043373525402174307,7550.0103307881864,7550.0103307881864,True
QLattice::PO41::s522::clean,formal3h_13alg_ssr50_seed520-522_noise0-001-005_20260622-014658,clean,QLattice,PO41,522,qlattice_s522_clean_g0020,iaaccn28,/home/zhangziwen/workplace/scientific-intelligent-modelling/experiments/formal3h_13alg_ssr50_seed520-522_noise0-001-005_20260622-014658/qlattice/seed522/tasks/qlattice_s522_clean_g0020/iaaccn28/QLattice/g0020_PO41/result.json,/home/family/workplace/scientific-intelligent-modelling/AAAI_experiments/stage5_metric_calculation_0831/source_snapshot/results/clean/QLattice/qlattice_s522_clean_g0020/result.json,9120f18b686358dca0541fead1fa9f6eaf42709507f9414ad1a3293fe839daa3,ok,True,True,0.00074481510451424732,0.00074481510451424732,671.80261063834121,671.80261063834121,True
QLattice::Vladislavleva-4::s520::clean,formal3h_13alg_ssr50_seed520-522_noise0-001-005_20260622-014658,clean,QLattice,Vladislavleva-4,520,qlattice_s520_clean_g0050,iaaccn28,/home/zhangziwen/workplace/scientific-intelligent-modelling/experiments/formal3h_13alg_ssr50_seed520-522_noise0-001-005_20260622-014658/qlattice/seed520/tasks/qlattice_s520_clean_g0050/iaaccn28/QLattice/g0050_Vladislavleva-4/result.json,/home/family/workplace/scientific-intelligent-modelling/AAAI_experiments/stage5_metric_calculation_0831/source_snapshot/results/clean/QLattice/qlattice_s520_clean_g0050/result.json,4e7126dfb18780b8b980ce16a2a62a117ea0355934ee0537524e4e4174983cb8,ok,True,True,0.00065203409870750919,0.00065203409870750919,0.0012443221786843375,0.0012443221786843375,True
QLattice::Vladislavleva-4::s521::clean,formal3h_13alg_ssr50_seed520-522_noise0-001-005_20260622-014658,clean,QLattice,Vladislavleva-4,521,qlattice_s521_clean_g0050,iaaccn28,/home/zhangziwen/workplace/scientific-intelligent-modelling/experiments/formal3h_13alg_ssr50_seed520-522_noise0-001-005_20260622-014658/qlattice/seed521/tasks/qlattice_s521_clean_g0050/iaaccn28/QLattice/g0050_Vladislavleva-4/result.json,/home/family/workplace/scientific-intelligent-modelling/AAAI_experiments/stage5_metric_calculation_0831/source_snapshot/results/clean/QLattice/qlattice_s521_clean_g0050/result.json,9442a89c97f1b73fbd21276add3f39efe3cd51f254e16bd13a24435d57b77899,ok,True,True,0.0012219622339197146,0.0012219622339197146,0.0021743822068503362,0.0021743822068503362,True
QLattice::Vladislavleva-4::s522::clean,formal3h_13alg_ssr50_seed520-522_noise0-001-005_20260622-014658,clean,QLattice,Vladislavleva-4,522,qlattice_s522_clean_g0050,iaaccn26,/home/zhangziwen/workplace/scientific-intelligent-modelling/experiments/formal3h_13alg_ssr50_seed520-522_noise0-001-005_20260622-014658/qlattice/seed522/tasks/qlattice_s522_clean_g0050/iaaccn26/QLattice/g0050_Vladislavleva-4/result.json,/home/family/workplace/scientific-intelligent-modelling/AAAI_experiments/stage5_metric_calculation_0831/source_snapshot/results/clean/QLattice/qlattice_s522_clean_g0050/result.json,57948269fe8908a5b7c089e26341a18f4a30cb5e983340cf3d9d118410cafe3c,ok,True,True,0.0010910182686047947,0.0010910182686047947,0.0018639473093326306,0.0018639473093326306,True
QLattice::feynman-bonus.20::s520::clean,formal3h_13alg_ssr50_seed520-522_noise0-001-005_20260622-014658,clean,QLattice,feynman-bonus.20,520,qlattice_s520_clean_g0041,iaaccn27,/home/zhangziwen/workplace/scientific-intelligent-modelling/experiments/formal3h_13alg_ssr50_seed520-522_noise0-001-005_20260622-014658/qlattice/seed520/tasks/qlattice_s520_clean_g0041/iaaccn27/QLattice/g0041_feynman-bonus.20/result.json,/home/family/workplace/scientific-intelligent-modelling/AAAI_experiments/stage5_metric_calculation_0831/source_snapshot/results/clean/QLattice/qlattice_s520_clean_g0041/result.json,24c87103de9f586c53c0255f3b5ccb7e4bd28107b7cd98a54d768c6d64c8e304,ok,True,True,0.99892940092824101,0.99892940092824101,1.0003195507668812,1.0003195507668812,True
QLattice::feynman-bonus.20::s521::clean,formal3h_13alg_ssr50_seed520-522_noise0-001-005_20260622-014658,clean,QLattice,feynman-bonus.20,521,qlattice_s521_clean_g0041,iaaccn23,/home/zhangziwen/workplace/scientific-intelligent-modelling/experiments/formal3h_13alg_ssr50_seed520-522_noise0-001-005_20260622-014658/qlattice/seed521/tasks/qlattice_s521_clean_g0041/iaaccn23/QLattice/g0041_feynman-bonus.20/result.json,/home/family/workplace/scientific-intelligent-modelling/AAAI_experiments/stage5_metric_calculation_0831/source_snapshot/results/clean/QLattice/qlattice_s521_clean_g0041/result.json,35d59f739d889dea7af73510d27f1188b576ead8679d02de3a666dcfd2c6a873,ok,True,True,0.98447913711471702,0.98447913711471702,0.99765202623390592,0.99765202623390592,True
QLattice::feynman-bonus.20::s522::clean,formal3h_13alg_ssr50_seed520-522_noise0-001-005_20260622-014658,clean,QLattice,feynman-bonus.20,522,qlattice_s522_clean_g0041,iaaccn24,/home/zhangziwen/workplace/scientific-intelligent-modelling/experiments/formal3h_13alg_ssr50_seed520-522_noise0-001-005_20260622-014658/qlattice/seed522/tasks/qlattice_s522_clean_g0041/iaaccn24/QLattice/g0041_feynman-bonus.20/result.json,/home/family/workplace/scientific-intelligent-modelling/AAAI_experiments/stage5_metric_calculation_0831/source_snapshot/results/clean/QLattice/qlattice_s522_clean_g0041/result.json,45ca6738253041edf54d878e256c4760d82702b893b2a7d8ec92963ea2cc7d81,ok,True,True,0.88695504621297927,0.88695504621297927,1.0524499297220484,1.0524499297220484,True
QLattice::feynman-i.11.19::s520::clean,formal3h_13alg_ssr50_seed520-522_noise0-001-005_20260622-014658,clean,QLattice,feynman-i.11.19,520,qlattice_s520_clean_g0048,iaaccn24,/home/zhangziwen/workplace/scientific-intelligent-modelling/experiments/formal3h_13alg_ssr50_seed520-522_noise0-001-005_20260622-014658/qlattice/seed520/tasks/qlattice_s520_clean_g0048/iaaccn24/QLattice/g0048_feynman-i.11.19/result.json,/home/family/workplace/scientific-intelligent-modelling/AAAI_experiments/stage5_metric_calculation_0831/source_snapshot/results/clean/QLattice/qlattice_s520_clean_g0048/result.json,a1353eebc906b5e69b3df8407f62b6e5bd7907f381e5bccebd50a5e15c9c9554,ok,True,True,0.27288933165572199,0.27288933165572199,0.33039468995217891,0.33039468995217891,True
QLattice::feynman-i.11.19::s521::clean,formal3h_13alg_ssr50_seed520-522_noise0-001-005_20260622-014658,clean,QLattice,feynman-i.11.19,521,qlattice_s521_clean_g0048,iaaccn24,/home/zhangziwen/workplace/scientific-intelligent-modelling/experiments/formal3h_13alg_ssr50_seed520-522_noise0-001-005_20260622-014658/qlattice/seed521/tasks/qlattice_s521_clean_g0048/iaaccn24/QLattice/g0048_feynman-i.11.19/result.json,/home/family/workplace/scientific-intelligent-modelling/AAAI_experiments/stage5_metric_calculation_0831/source_snapshot/results/clean/QLattice/qlattice_s521_clean_g0048/result.json,5820c5ee2a8ae2ba883fccf73bb0119ae8906bc36a98ffccb8ea04b2eeeb34c4,ok,True,True,0.29057338576068792,0.29057338576068792,0.33197383349023302,0.33197383349023302,True
QLattice::feynman-i.11.19::s522::clean,formal3h_13alg_ssr50_seed520-522_noise0-001-005_20260622-014658,clean,QLattice,feynman-i.11.19,522,qlattice_s522_clean_g0048,iaaccn25,/home/zhangziwen/workplace/scientific-intelligent-modelling/experiments/formal3h_13alg_ssr50_seed520-522_noise0-001-005_20260622-014658/qlattice/seed522/tasks/qlattice_s522_clean_g0048/iaaccn25/QLattice/g0048_feynman-i.11.19/result.json,/home/family/workplace/scientific-intelligent-modelling/AAAI_experiments/stage5_metric_calculation_0831/source_snapshot/results/clean/QLattice/qlattice_s522_clean_g0048/result.json,c19c2ad62b5d2690e7c6dcca3553a0bf06180003bfa3092f1197f69ce780534a,ok,True,True,4.7922139509446882e+21,4.7922139509446882e+21,2.2678853228502068e+23,2.2678853228502068e+23,True
QLattice::feynman-i.13.12::s520::clean,formal3h_13alg_ssr50_seed520-522_noise0-001-005_20260622-014658,clean,QLattice,feynman-i.13.12,520,qlattice_s520_clean_g0045,iaaccn25,/home/zhangziwen/workplace/scientific-intelligent-modelling/experiments/formal3h_13alg_ssr50_seed520-522_noise0-001-005_20260622-014658/qlattice/seed520/tasks/qlattice_s520_clean_g0045/iaaccn25/QLattice/g0045_feynman-i.13.12/result.json,/home/family/workplace/scientific-intelligent-modelling/AAAI_experiments/stage5_metric_calculation_0831/source_snapshot/results/clean/QLattice/qlattice_s520_clean_g0045/result.json,38ccac4667ac356cb313e58f72c3c7703ed761f03914ddb78408ddd7a9f46a63,ok,True,True,1.1532637520236306,1.1532637520236306,1.0657933906392079,1.0657933906392079,True
QLattice::feynman-i.13.12::s521::clean,formal3h_13alg_ssr50_seed520-522_noise0-001-005_20260622-014658,clean,QLattice,feynman-i.13.12,521,qlattice_s521_clean_g0045,iaaccn23,/home/zhangziwen/workplace/scientific-intelligent-modelling/experiments/formal3h_13alg_ssr50_seed520-522_noise0-001-005_20260622-014658/qlattice/seed521/tasks/qlattice_s521_clean_g0045/iaaccn23/QLattice/g0045_feynman-i.13.12/result.json,/home/family/workplace/scientific-intelligent-modelling/AAAI_experiments/stage5_metric_calculation_0831/source_snapshot/results/clean/QLattice/qlattice_s521_clean_g0045/result.json,c185b8082f72d756f48e83e4f2c18e239d6e3432d5d2444976fc733bdc839e1b,ok,True,True,0.99685392196581912,0.99685392196581912,1.0102875851434401,1.0102875851434401,True
QLattice::feynman-i.13.12::s522::clean,formal3h_13alg_ssr50_seed520-522_noise0-001-005_20260622-014658,clean,QLattice,feynman-i.13.12,522,qlattice_s522_clean_g0045,iaaccn24,/home/zhangziwen/workplace/scientific-intelligent-modelling/experiments/formal3h_13alg_ssr50_seed520-522_noise0-001-005_20260622-014658/qlattice/seed522/tasks/qlattice_s522_clean_g0045/iaaccn24/QLattice/g0045_feynman-i.13.12/result.json,/home/family/workplace/scientific-intelligent-modelling/AAAI_experiments/stage5_metric_calculation_0831/source_snapshot/results/clean/QLattice/qlattice_s522_clean_g0045/result.json,737e80fcff266eba11dccab5209203cae538f0b997458e5b986b74ed75dc43ea,ok,True,True,1.0317535201667949,1.0317535201667949,1.0136992476617077,1.0136992476617077,True
QLattice::feynman-i.15.3t::s520::clean,formal3h_13alg_ssr50_seed520-522_noise0-001-005_20260622-014658,clean,QLattice,feynman-i.15.3t,520,qlattice_s520_clean_g0042,iaaccn29,/home/zhangziwen/workplace/scientific-intelligent-modelling/experiments/formal3h_13alg_ssr50_seed520-522_noise0-001-005_20260622-014658/qlattice/seed520/tasks/qlattice_s520_clean_g0042/iaaccn29/QLattice/g0042_feynman-i.15.3t/result.json,/home/family/workplace/scientific-intelligent-modelling/AAAI_experiments/stage5_metric_calculation_0831/source_snapshot/results/clean/QLattice/qlattice_s520_clean_g0042/result.json,47a89c84d389447aa0819d985cfb7e8993c72cfc1abc684919de7b2240138f0c,ok,True,True,2.8030560029261439e-07,2.8030560029261439e-07,5.3575375317337323e-05,5.3575375317337323e-05,True
QLattice::feynman-i.15.3t::s521::clean,formal3h_13alg_ssr50_seed520-522_noise0-001-005_20260622-014658,clean,QLattice,feynman-i.15.3t,521,qlattice_s521_clean_g0042,iaaccn28,/home/zhangziwen/workplace/scientific-intelligent-modelling/experiments/formal3h_13alg_ssr50_seed520-522_noise0-001-005_20260622-014658/qlattice/seed521/tasks/qlattice_s521_clean_g0042/iaaccn28/QLattice/g0042_feynman-i.15.3t/result.json,/home/family/workplace/scientific-intelligent-modelling/AAAI_experiments/stage5_metric_calculation_0831/source_snapshot/results/clean/QLattice/qlattice_s521_clean_g0042/result.json,30cff38f878ae74bc7e541b5f0c88255d90a285c79868c01ba7337dfa8f06829,ok,True,True,5.4400132826912847e-07,5.4400132826912847e-07,4.0088946569489369e-05,4.0088946569489369e-05,True
QLattice::feynman-i.15.3t::s522::clean,formal3h_13alg_ssr50_seed520-522_noise0-001-005_20260622-014658,clean,QLattice,feynman-i.15.3t,522,qlattice_s522_clean_g0042,iaaccn29,/home/zhangziwen/workplace/scientific-intelligent-modelling/experiments/formal3h_13alg_ssr50_seed520-522_noise0-001-005_20260622-014658/qlattice/seed522/tasks/qlattice_s522_clean_g0042/iaaccn29/QLattice/g0042_feynman-i.15.3t/result.json,/home/family/workplace/scientific-intelligent-modelling/AAAI_experiments/stage5_metric_calculation_0831/source_snapshot/results/clean/QLattice/qlattice_s522_clean_g0042/result.json,01552fee6029a68dda39ecd508e9d6bbfb59c427cb993429a9285d5206df8b4b,ok,True,True,5.5729256221034175e-07,5.5729256221034175e-07,4.0886764611862548e-05,4.0886764611862548e-05,True
QLattice::feynman-i.18.16::s520::clean,formal3h_13alg_ssr50_seed520-522_noise0-001-005_20260622-014658,clean,QLattice,feynman-i.18.16,520,qlattice_s520_clean_g0037,iaaccn24,/home/zhangziwen/workplace/scientific-intelligent-modelling/experiments/formal3h_13alg_ssr50_seed520-522_noise0-001-005_20260622-014658/qlattice/seed520/tasks/qlattice_s520_clean_g0037/iaaccn24/QLattice/g0037_feynman-i.18.16/result.json,/home/family/workplace/scientific-intelligent-modelling/AAAI_experiments/stage5_metric_calculation_0831/source_snapshot/results/clean/QLattice/qlattice_s520_clean_g0037/result.json,3ca6403343bfca719492cafbe35869352a01233f1bbfe3ef4b5271ca30418dc4,ok,True,True,0.016169326885005268,0.016169326885005268,1.3606157133744112,1.3606157133744112,True
QLattice::feynman-i.18.16::s521::clean,formal3h_13alg_ssr50_seed520-522_noise0-001-005_20260622-014658,clean,QLattice,feynman-i.18.16,521,qlattice_s521_clean_g0037,iaaccn24,/home/zhangziwen/workplace/scientific-intelligent-modelling/experiments/formal3h_13alg_ssr50_seed520-522_noise0-001-005_20260622-014658/qlattice/seed521/tasks/qlattice_s521_clean_g0037/iaaccn24/QLattice/g0037_feynman-i.18.16/result.json,/home/family/workplace/scientific-intelligent-modelling/AAAI_experiments/stage5_metric_calculation_0831/source_snapshot/results/clean/QLattice/qlattice_s521_clean_g0037/result.json,71019fef018930d8d6e1b306630921e206187142ecd0d482c2279931eb5a53eb,ok,True,True,0.028773901410512941,0.028773901410512941,2.9819990844545075,2.9819990844545075,True
QLattice::feynman-i.18.16::s522::clean,formal3h_13alg_ssr50_seed520-522_noise0-001-005_20260622-014658,clean,QLattice,feynman-i.18.16,522,qlattice_s522_clean_g0037,iaaccn28,/home/zhangziwen/workplace/scientific-intelligent-modelling/experiments/formal3h_13alg_ssr50_seed520-522_noise0-001-005_20260622-014658/qlattice/seed522/tasks/qlattice_s522_clean_g0037/iaaccn28/QLattice/g0037_feynman-i.18.16/result.json,/home/family/workplace/scientific-intelligent-modelling/AAAI_experiments/stage5_metric_calculation_0831/source_snapshot/results/clean/QLattice/qlattice_s522_clean_g0037/result.json,4aa0aa316d40c8fbd1a8a167b7f9641bdea05c8e61ad571d0ed4ad20f000462e,ok,True,True,0.011889270148958299,0.011889270148958299,4.565312363161385,4.565312363161385,True
QLattice::feynman-i.29.16::s520::clean,formal3h_13alg_ssr50_seed520-522_noise0-001-005_20260622-014658,clean,QLattice,feynman-i.29.16,520,qlattice_s520_clean_g0040,iaaccn27,/home/zhangziwen/workplace/scientific-intelligent-modelling/experiments/formal3h_13alg_ssr50_seed520-522_noise0-001-005_20260622-014658/qlattice/seed520/tasks/qlattice_s520_clean_g0040/iaaccn27/QLattice/g0040_feynman-i.29.16/result.json,/home/family/workplace/scientific-intelligent-modelling/AAAI_experiments/stage5_metric_calculation_0831/source_snapshot/results/clean/QLattice/qlattice_s520_clean_g0040/result.json,06c308fe6b50cb5116ca05b91ba448746429450fbbd5b2e9f2e166b7960fa6b0,ok,True,True,0.031182812029559498,0.031182812029559498,0.14384830065211915,0.14384830065211915,True
QLattice::feynman-i.29.16::s521::clean,formal3h_13alg_ssr50_seed520-522_noise0-001-005_20260622-014658,clean,QLattice,feynman-i.29.16,521,qlattice_s521_clean_g0040,iaaccn26,/home/zhangziwen/workplace/scientific-intelligent-modelling/experiments/formal3h_13alg_ssr50_seed520-522_noise0-001-005_20260622-014658/qlattice/seed521/tasks/qlattice_s521_clean_g0040/iaaccn26/QLattice/g0040_feynman-i.29.16/result.json,/home/family/workplace/scientific-intelligent-modelling/AAAI_experiments/stage5_metric_calculation_0831/source_snapshot/results/clean/QLattice/qlattice_s521_clean_g0040/result.json,08d927699d3d75948bdd15ec966b35f411c71c66c0ea342f547b3644f4de9c38,ok,True,True,0.053936226984189824,0.053936226984189824,0.19264172323832646,0.19264172323832646,True
QLattice::feynman-i.29.16::s522::clean,formal3h_13alg_ssr50_seed520-522_noise0-001-005_20260622-014658,clean,QLattice,feynman-i.29.16,522,qlattice_s522_clean_g0040,iaaccn29,/home/zhangziwen/workplace/scientific-intelligent-modelling/experiments/formal3h_13alg_ssr50_seed520-522_noise0-001-005_20260622-014658/qlattice/seed522/tasks/qlattice_s522_clean_g0040/iaaccn29/QLattice/g0040_feynman-i.29.16/result.json,/home/family/workplace/scientific-intelligent-modelling/AAAI_experiments/stage5_metric_calculation_0831/source_snapshot/results/clean/QLattice/qlattice_s522_clean_g0040/result.json,99a563008c2271f5ff4b2f55106f3c6c96a03edb18bc1f9ef3f33768ea5908e3,ok,True,True,0.041650881331715642,0.041650881331715642,0.33201313036670721,0.33201313036670721,True
QLattice::feynman-i.32.5::s520::clean,formal3h_13alg_ssr50_seed520-522_noise0-001-005_20260622-014658,clean,QLattice,feynman-i.32.5,520,qlattice_s520_clean_g0046,iaaccn27,/home/zhangziwen/workplace/scientific-intelligent-modelling/experiments/formal3h_13alg_ssr50_seed520-522_noise0-001-005_20260622-014658/qlattice/seed520/tasks/qlattice_s520_clean_g0046/iaaccn27/QLattice/g0046_feynman-i.32.5/result.json,/home/family/workplace/scientific-intelligent-modelling/AAAI_experiments/stage5_metric_calculation_0831/source_snapshot/results/clean/QLattice/qlattice_s520_clean_g0046/result.json,92ef393919e8f4c3ef8f007c035a437383219870c0ede0c7ec543e1805822d60,ok,True,True,0.86381666268742596,0.86381666268742596,0.90197202124864317,0.90197202124864317,True
QLattice::feynman-i.32.5::s521::clean,formal3h_13alg_ssr50_seed520-522_noise0-001-005_20260622-014658,clean,QLattice,feynman-i.32.5,521,qlattice_s521_clean_g0046,iaaccn28,/home/zhangziwen/workplace/scientific-intelligent-modelling/experiments/formal3h_13alg_ssr50_seed520-522_noise0-001-005_20260622-014658/qlattice/seed521/tasks/qlattice_s521_clean_g0046/iaaccn28/QLattice/g0046_feynman-i.32.5/result.json,/home/family/workplace/scientific-intelligent-modelling/AAAI_experiments/stage5_metric_calculation_0831/source_snapshot/results/clean/QLattice/qlattice_s521_clean_g0046/result.json,5687e34f074aedcc61fdd2be2184439ff19cd33cc72826e51e17c70a4a482f61,ok,True,True,0.81218404239179076,0.81218404239179076,0.8926841080762774,0.8926841080762774,True
QLattice::feynman-i.32.5::s522::clean,formal3h_13alg_ssr50_seed520-522_noise0-001-005_20260622-014658,clean,QLattice,feynman-i.32.5,522,qlattice_s522_clean_g0046,iaaccn26,/home/zhangziwen/workplace/scientific-intelligent-modelling/experiments/formal3h_13alg_ssr50_seed520-522_noise0-001-005_20260622-014658/qlattice/seed522/tasks/qlattice_s522_clean_g0046/iaaccn26/QLattice/g0046_feynman-i.32.5/result.json,/home/family/workplace/scientific-intelligent-modelling/AAAI_experiments/stage5_metric_calculation_0831/source_snapshot/results/clean/QLattice/qlattice_s522_clean_g0046/result.json,29a05c130446f7dd3a94a52c00705332d18c0c481e0f61fb6376c2a5dcf82a1d,ok,True,True,0.81942154894385932,0.81942154894385932,0.91620960154867703,0.91620960154867703,True
QLattice::feynman-i.39.22::s520::clean,formal3h_13alg_ssr50_seed520-522_noise0-001-005_20260622-014658,clean,QLattice,feynman-i.39.22,520,qlattice_s520_clean_g0043,iaaccn23,/home/zhangziwen/workplace/scientific-intelligent-modelling/experiments/formal3h_13alg_ssr50_seed520-522_noise0-001-005_20260622-014658/qlattice/seed520/tasks/qlattice_s520_clean_g0043/iaaccn23/QLattice/g0043_feynman-i.39.22/result.json,/home/family/workplace/scientific-intelligent-modelling/AAAI_experiments/stage5_metric_calculation_0831/source_snapshot/results/clean/QLattice/qlattice_s520_clean_g0043/result.json,b3971cfd6c377ec015ded33e10795229bb219a0a4ced3b00478febec67f18fa6,ok,True,True,0.015089488755284023,0.015089488755284023,0.26926459425904753,0.26926459425904753,True
QLattice::feynman-i.39.22::s521::clean,formal3h_13alg_ssr50_seed520-522_noise0-001-005_20260622-014658,clean,QLattice,feynman-i.39.22,521,qlattice_s521_clean_g0043,iaaccn25,/home/zhangziwen/workplace/scientific-intelligent-modelling/experiments/formal3h_13alg_ssr50_seed520-522_noise0-001-005_20260622-014658/qlattice/seed521/tasks/qlattice_s521_clean_g0043/iaaccn25/QLattice/g0043_feynman-i.39.22/result.json,/home/family/workplace/scientific-intelligent-modelling/AAAI_experiments/stage5_metric_calculation_0831/source_snapshot/results/clean/QLattice/qlattice_s521_clean_g0043/result.json,d48ca98c236238f72c3133b9448cfe5e47eb3b04ce84b6cf96dcfbed5180c07c,ok,True,True,1.2139923904515422,1.2139923904515422,1.04641911250473,1.04641911250473,True
QLattice::feynman-i.39.22::s522::clean,formal3h_13alg_ssr50_seed520-522_noise0-001-005_20260622-014658,clean,QLattice,feynman-i.39.22,522,qlattice_s522_clean_g0043,iaaccn25,/home/zhangziwen/workplace/scientific-intelligent-modelling/experiments/formal3h_13alg_ssr50_seed520-522_noise0-001-005_20260622-014658/qlattice/seed522/tasks/qlattice_s522_clean_g0043/iaaccn25/QLattice/g0043_feynman-i.39.22/result.json,/home/family/workplace/scientific-intelligent-modelling/AAAI_experiments/stage5_metric_calculation_0831/source_snapshot/results/clean/QLattice/qlattice_s522_clean_g0043/result.json,01e31505e5b2cf4d52ba01f58606c9f23ba70ee605780c23105ef4999eb72f3b,ok,True,True,8.4893502163882021e+24,8.4893502163882021e+24,8.2910184001403873e+25,8.2910184001403873e+25,True
QLattice::feynman-i.43.31::s520::clean,formal3h_13alg_ssr50_seed520-522_noise0-001-005_20260622-014658,clean,QLattice,feynman-i.43.31,520,qlattice_s520_clean_g0047,iaaccn25,/home/zhangziwen/workplace/scientific-intelligent-modelling/experiments/formal3h_13alg_ssr50_seed520-522_noise0-001-005_20260622-014658/qlattice/seed520/tasks/qlattice_s520_clean_g0047/iaaccn25/QLattice/g0047_feynman-i.43.31/result.json,/home/family/workplace/scientific-intelligent-modelling/AAAI_experiments/stage5_metric_calculation_0831/source_snapshot/results/clean/QLattice/qlattice_s520_clean_g0047/result.json,fc5dc8f54c89e79842a9b9cd0d587f6105e88e07728f14ba2b25675590bb7a96,ok,True,True,0.57606197451522445,0.57606197451522445,0.64745945864280152,0.64745945864280152,True
QLattice::feynman-i.43.31::s521::clean,formal3h_13alg_ssr50_seed520-522_noise0-001-005_20260622-014658,clean,QLattice,feynman-i.43.31,521,qlattice_s521_clean_g0047,iaaccn25,/home/zhangziwen/workplace/scientific-intelligent-modelling/experiments/formal3h_13alg_ssr50_seed520-522_noise0-001-005_20260622-014658/qlattice/seed521/tasks/qlattice_s521_clean_g0047/iaaccn25/QLattice/g0047_feynman-i.43.31/result.json,/home/family/workplace/scientific-intelligent-modelling/AAAI_experiments/stage5_metric_calculation_0831/source_snapshot/results/clean/QLattice/qlattice_s521_clean_g0047/result.json,e4b1fa02f66b63c258dff378757a29eda944c94c1f3dbeaa692ea172ea46c3d4,ok,True,True,0.58402388410503314,0.58402388410503314,0.62604523019421243,0.62604523019421243,True
QLattice::feynman-i.43.31::s522::clean,formal3h_13alg_ssr50_seed520-522_noise0-001-005_20260622-014658,clean,QLattice,feynman-i.43.31,522,qlattice_s522_clean_g0047,iaaccn28,/home/zhangziwen/workplace/scientific-intelligent-modelling/experiments/formal3h_13alg_ssr50_seed520-522_noise0-001-005_20260622-014658/qlattice/seed522/tasks/qlattice_s522_clean_g0047/iaaccn28/QLattice/g0047_feynman-i.43.31/result.json,/home/family/workplace/scientific-intelligent-modelling/AAAI_experiments/stage5_metric_calculation_0831/source_snapshot/results/clean/QLattice/qlattice_s522_clean_g0047/result.json,d6fbe0510cb1baba21936234ca44cc10fb9af2008e32b370ba253dde6681692e,ok,True,True,0.62960294920045023,0.62960294920045023,0.61663649506953688,0.61663649506953688,True
QLattice::feynman-ii.27.18::s520::clean,formal3h_13alg_ssr50_seed520-522_noise0-001-005_20260622-014658,clean,QLattice,feynman-ii.27.18,520,qlattice_s520_clean_g0038,iaaccn23,/home/zhangziwen/workplace/scientific-intelligent-modelling/experiments/formal3h_13alg_ssr50_seed520-522_noise0-001-005_20260622-014658/qlattice/seed520/tasks/qlattice_s520_clean_g0038/iaaccn23/QLattice/g0038_feynman-ii.27.18/result.json,/home/family/workplace/scientific-intelligent-modelling/AAAI_experiments/stage5_metric_calculation_0831/source_snapshot/results/clean/QLattice/qlattice_s520_clean_g0038/result.json,6e111e409fb2f80e11e417bce929cb7b38a311da54ec40af8538635a377eed9e,ok,True,True,0.067787803479307504,0.067787803479307504,0.11275033916009468,0.11275033916009468,True
QLattice::feynman-ii.27.18::s521::clean,formal3h_13alg_ssr50_seed520-522_noise0-001-005_20260622-014658,clean,QLattice,feynman-ii.27.18,521,qlattice_s521_clean_g0038,iaaccn28,/home/zhangziwen/workplace/scientific-intelligent-modelling/experiments/formal3h_13alg_ssr50_seed520-522_noise0-001-005_20260622-014658/qlattice/seed521/tasks/qlattice_s521_clean_g0038/iaaccn28/QLattice/g0038_feynman-ii.27.18/result.json,/home/family/workplace/scientific-intelligent-modelling/AAAI_experiments/stage5_metric_calculation_0831/source_snapshot/results/clean/QLattice/qlattice_s521_clean_g0038/result.json,765abcc66bfc1dfea08f2aeba664e91369db88b3127f87a0956a669522cd50a7,ok,True,True,0.06685269920942094,0.06685269920942094,0.12035358044062708,0.12035358044062708,True
QLattice::feynman-ii.27.18::s522::clean,formal3h_13alg_ssr50_seed520-522_noise0-001-005_20260622-014658,clean,QLattice,feynman-ii.27.18,522,qlattice_s522_clean_g0038,iaaccn27,/home/zhangziwen/workplace/scientific-intelligent-modelling/experiments/formal3h_13alg_ssr50_seed520-522_noise0-001-005_20260622-014658/qlattice/seed522/tasks/qlattice_s522_clean_g0038/iaaccn27/QLattice/g0038_feynman-ii.27.18/result.json,/home/family/workplace/scientific-intelligent-modelling/AAAI_experiments/stage5_metric_calculation_0831/source_snapshot/results/clean/QLattice/qlattice_s522_clean_g0038/result.json,fc361965d909b90801936926afe5827a4f04ddd86495328b4ca8bf3576b32ebc,ok,True,True,0.067738567823180065,0.067738567823180065,0.12808593548666311,0.12808593548666311,True
QLattice::feynman-ii.34.11::s520::clean,formal3h_13alg_ssr50_seed520-522_noise0-001-005_20260622-014658,clean,QLattice,feynman-ii.34.11,520,qlattice_s520_clean_g0039,iaaccn27,/home/zhangziwen/workplace/scientific-intelligent-modelling/experiments/formal3h_13alg_ssr50_seed520-522_noise0-001-005_20260622-014658/qlattice/seed520/tasks/qlattice_s520_clean_g0039/iaaccn27/QLattice/g0039_feynman-ii.34.11/result.json,/home/family/workplace/scientific-intelligent-modelling/AAAI_experiments/stage5_metric_calculation_0831/source_snapshot/results/clean/QLattice/qlattice_s520_clean_g0039/result.json,11ccc85f8a9ff4e72b3542db07361e458669b7c9a4201fc1a45ed0c259b13f56,ok,True,True,0.0063053519580880948,0.0063053519580880948,0.0044660699977122813,0.0044660699977122813,True
QLattice::feynman-ii.34.11::s521::clean,formal3h_13alg_ssr50_seed520-522_noise0-001-005_20260622-014658,clean,QLattice,feynman-ii.34.11,521,qlattice_s521_clean_g0039,iaaccn28,/home/zhangziwen/workplace/scientific-intelligent-modelling/experiments/formal3h_13alg_ssr50_seed520-522_noise0-001-005_20260622-014658/qlattice/seed521/tasks/qlattice_s521_clean_g0039/iaaccn28/QLattice/g0039_feynman-ii.34.11/result.json,/home/family/workplace/scientific-intelligent-modelling/AAAI_experiments/stage5_metric_calculation_0831/source_snapshot/results/clean/QLattice/qlattice_s521_clean_g0039/result.json,9366dbe179e4a4761cb9ac4cb0b31b6e9a9ba805dbc65b363658bc1984e7d03f,ok,True,True,0.0040861074534043829,0.0040861074534043829,0.8990126895995878,0.8990126895995878,True
QLattice::feynman-ii.34.11::s522::clean,formal3h_13alg_ssr50_seed520-522_noise0-001-005_20260622-014658,clean,QLattice,feynman-ii.34.11,522,qlattice_s522_clean_g0039,iaaccn23,/home/zhangziwen/workplace/scientific-intelligent-modelling/experiments/formal3h_13alg_ssr50_seed520-522_noise0-001-005_20260622-014658/qlattice/seed522/tasks/qlattice_s522_clean_g0039/iaaccn23/QLattice/g0039_feynman-ii.34.11/result.json,/home/family/workplace/scientific-intelligent-modelling/AAAI_experiments/stage5_metric_calculation_0831/source_snapshot/results/clean/QLattice/qlattice_s522_clean_g0039/result.json,899e2f7f7db3ee74431dbf6e135b5e825c97162c2e0c8b1655ab1e42bf72dad2,ok,True,True,3.1894842413824485e-06,3.1894842413824485e-06,1.100700900342228e-06,1.100700900342228e-06,True
QLattice::feynman-ii.34.2a::s520::clean,formal3h_13alg_ssr50_seed520-522_noise0-001-005_20260622-014658,clean,QLattice,feynman-ii.34.2a,520,qlattice_s520_clean_g0049,iaaccn23,/home/zhangziwen/workplace/scientific-intelligent-modelling/experiments/formal3h_13alg_ssr50_seed520-522_noise0-001-005_20260622-014658/qlattice/seed520/tasks/qlattice_s520_clean_g0049/iaaccn23/QLattice/g0049_feynman-ii.34.2a/result.json,/home/family/workplace/scientific-intelligent-modelling/AAAI_experiments/stage5_metric_calculation_0831/source_snapshot/results/clean/QLattice/qlattice_s520_clean_g0049/result.json,200a427c8cdf057872465bd0dbdc3fe36458b8b549c5f5f00a69f10738014341,ok,True,True,8.077822336452347e-05,8.077822336452347e-05,2.7197052617426442e-05,2.7197052617426442e-05,True
QLattice::feynman-ii.34.2a::s521::clean,formal3h_13alg_ssr50_seed520-522_noise0-001-005_20260622-014658,clean,QLattice,feynman-ii.34.2a,521,qlattice_s521_clean_g0049,iaaccn27,/home/zhangziwen/workplace/scientific-intelligent-modelling/experiments/formal3h_13alg_ssr50_seed520-522_noise0-001-005_20260622-014658/qlattice/seed521/tasks/qlattice_s521_clean_g0049/iaaccn27/QLattice/g0049_feynman-ii.34.2a/result.json,/home/family/workplace/scientific-intelligent-modelling/AAAI_experiments/stage5_metric_calculation_0831/source_snapshot/results/clean/QLattice/qlattice_s521_clean_g0049/result.json,ca36dfd7978b0ec4dfc8a915a3ce06838739f2ecfceacacc93917c8f87bc9979,ok,True,True,0.030450687911874001,0.030450687911874001,556867.27297404699,556867.27297404699,True
QLattice::feynman-ii.34.2a::s522::clean,formal3h_13alg_ssr50_seed520-522_noise0-001-005_20260622-014658,clean,QLattice,feynman-ii.34.2a,522,qlattice_s522_clean_g0049,iaaccn22,/home/zhangziwen/workplace/scientific-intelligent-modelling/experiments/formal3h_13alg_ssr50_seed520-522_noise0-001-005_20260622-014658/qlattice/seed522/tasks/qlattice_s522_clean_g0049/iaaccn22/QLattice/g0049_feynman-ii.34.2a/result.json,/home/family/workplace/scientific-intelligent-modelling/AAAI_experiments/stage5_metric_calculation_0831/source_snapshot/results/clean/QLattice/qlattice_s522_clean_g0049/result.json,2e74be8d8ad11d0175da4b586ca6758e1aff4852f7d086928aaf413cc092f1c2,ok,True,True,0.0006123975368825022,0.0006123975368825022,0.4968689026118191,0.4968689026118191,True
QLattice::feynman-ii.4.23::s520::clean,formal3h_13alg_ssr50_seed520-522_noise0-001-005_20260622-014658,clean,QLattice,feynman-ii.4.23,520,qlattice_s520_clean_g0035,iaaccn23,/home/zhangziwen/workplace/scientific-intelligent-modelling/experiments/formal3h_13alg_ssr50_seed520-522_noise0-001-005_20260622-014658/qlattice/seed520/tasks/qlattice_s520_clean_g0035/iaaccn23/QLattice/g0035_feynman-ii.4.23/result.json,/home/family/workplace/scientific-intelligent-modelling/AAAI_experiments/stage5_metric_calculation_0831/source_snapshot/results/clean/QLattice/qlattice_s520_clean_g0035/result.json,1610f8e4fd7694777cc78c3ce54f6ea6a616414309eae639a798b19c829e72e5,ok,True,True,1.833429493156885e-05,1.833429493156885e-05,6.3084526429152489e-05,6.3084526429152489e-05,True
QLattice::feynman-ii.4.23::s521::clean,formal3h_13alg_ssr50_seed520-522_noise0-001-005_20260622-014658,clean,QLattice,feynman-ii.4.23,521,qlattice_s521_clean_g0035,iaaccn25,/home/zhangziwen/workplace/scientific-intelligent-modelling/experiments/formal3h_13alg_ssr50_seed520-522_noise0-001-005_20260622-014658/qlattice/seed521/tasks/qlattice_s521_clean_g0035/iaaccn25/QLattice/g0035_feynman-ii.4.23/result.json,/home/family/workplace/scientific-intelligent-modelling/AAAI_experiments/stage5_metric_calculation_0831/source_snapshot/results/clean/QLattice/qlattice_s521_clean_g0035/result.json,37152b88ddd8b940b26c5c1e996a304ae870c8a088198b09a4f4b4f027878413,ok,True,True,1.498617406777139e-07,1.498617406777139e-07,2.8586910718469156e-07,2.8586910718469156e-07,True
QLattice::feynman-ii.4.23::s522::clean,formal3h_13alg_ssr50_seed520-522_noise0-001-005_20260622-014658,clean,QLattice,feynman-ii.4.23,522,qlattice_s522_clean_g0035,iaaccn27,/home/zhangziwen/workplace/scientific-intelligent-modelling/experiments/formal3h_13alg_ssr50_seed520-522_noise0-001-005_20260622-014658/qlattice/seed522/tasks/qlattice_s522_clean_g0035/iaaccn27/QLattice/g0035_feynman-ii.4.23/result.json,/home/family/workplace/scientific-intelligent-modelling/AAAI_experiments/stage5_metric_calculation_0831/source_snapshot/results/clean/QLattice/qlattice_s522_clean_g0035/result.json,930039c26241333da17f17dcf5d3870fab27da66995832bd61909e5876981c3c,ok,True,True,2.2979350094177157e-05,2.2979350094177157e-05,2.9229843917564625e-05,2.9229843917564625e-05,True
QLattice::feynman-iii.10.19::s520::clean,formal3h_13alg_ssr50_seed520-522_noise0-001-005_20260622-014658,clean,QLattice,feynman-iii.10.19,520,qlattice_s520_clean_g0044,iaaccn26,/home/zhangziwen/workplace/scientific-intelligent-modelling/experiments/formal3h_13alg_ssr50_seed520-522_noise0-001-005_20260622-014658/qlattice/seed520/tasks/qlattice_s520_clean_g0044/iaaccn26/QLattice/g0044_feynman-iii.10.19/result.json,/home/family/workplace/scientific-intelligent-modelling/AAAI_experiments/stage5_metric_calculation_0831/source_snapshot/results/clean/QLattice/qlattice_s520_clean_g0044/result.json,c9ae63fd609b54889a496cf7e933f7e9fa887da01f02cd256355e16f47b5df75,ok,True,True,1.0100117298017832,1.0100117298017832,0.99999945292515358,0.99999945292515358,True
QLattice::feynman-iii.10.19::s521::clean,formal3h_13alg_ssr50_seed520-522_noise0-001-005_20260622-014658,clean,QLattice,feynman-iii.10.19,521,qlattice_s521_clean_g0044,iaaccn29,/home/zhangziwen/workplace/scientific-intelligent-modelling/experiments/formal3h_13alg_ssr50_seed520-522_noise0-001-005_20260622-014658/qlattice/seed521/tasks/qlattice_s521_clean_g0044/iaaccn29/QLattice/g0044_feynman-iii.10.19/result.json,/home/family/workplace/scientific-intelligent-modelling/AAAI_experiments/stage5_metric_calculation_0831/source_snapshot/results/clean/QLattice/qlattice_s521_clean_g0044/result.json,ae94c0dcd4d6e51d441aff69f1606e4aa6a09a4a5badf29f509f219d5e45c919,ok,True,True,1.0125173083197747,1.0125173083197747,0.99999920337979142,0.99999920337979142,True
QLattice::feynman-iii.10.19::s522::clean,formal3h_13alg_ssr50_seed520-522_noise0-001-005_20260622-014658,clean,QLattice,feynman-iii.10.19,522,qlattice_s522_clean_g0044,iaaccn23,/home/zhangziwen/workplace/scientific-intelligent-modelling/experiments/formal3h_13alg_ssr50_seed520-522_noise0-001-005_20260622-014658/qlattice/seed522/tasks/qlattice_s522_clean_g0044/iaaccn23/QLattice/g0044_feynman-iii.10.19/result.json,/home/family/workplace/scientific-intelligent-modelling/AAAI_experiments/stage5_metric_calculation_0831/source_snapshot/results/clean/QLattice/qlattice_s522_clean_g0044/result.json,2365140268c65ff0244f40c4582f8ea006740466c41583be115b66412a84a68e,ok,True,True,1.0097546145522807,1.0097546145522807,1.0000011560070561,1.0000011560070561,True
QLattice::feynman-iii.7.38::s520::clean,formal3h_13alg_ssr50_seed520-522_noise0-001-005_20260622-014658,clean,QLattice,feynman-iii.7.38,520,qlattice_s520_clean_g0036,iaaccn22,/home/zhangziwen/workplace/scientific-intelligent-modelling/experiments/formal3h_13alg_ssr50_seed520-522_noise0-001-005_20260622-014658/qlattice/seed520/tasks/qlattice_s520_clean_g0036/iaaccn22/QLattice/g0036_feynman-iii.7.38/result.json,/home/family/workplace/scientific-intelligent-modelling/AAAI_experiments/stage5_metric_calculation_0831/source_snapshot/results/clean/QLattice/qlattice_s520_clean_g0036/result.json,ac0aaa1c53077c2c3358ae1aa6ed27cb89f2c74ad840e2c5fff1e06c2a9fe27d,ok,True,True,0.0018436043347703408,0.0018436043347703408,1.6348222914121589e-05,1.6348222914121589e-05,True
QLattice::feynman-iii.7.38::s521::clean,formal3h_13alg_ssr50_seed520-522_noise0-001-005_20260622-014658,clean,QLattice,feynman-iii.7.38,521,qlattice_s521_clean_g0036,iaaccn24,/home/zhangziwen/workplace/scientific-intelligent-modelling/experiments/formal3h_13alg_ssr50_seed520-522_noise0-001-005_20260622-014658/qlattice/seed521/tasks/qlattice_s521_clean_g0036/iaaccn24/QLattice/g0036_feynman-iii.7.38/result.json,/home/family/workplace/scientific-intelligent-modelling/AAAI_experiments/stage5_metric_calculation_0831/source_snapshot/results/clean/QLattice/qlattice_s521_clean_g0036/result.json,6a3c5213a0ea635cbedc340110083fe8302e3b2c3d2aceaeb788344c8be37746,ok,True,True,0.0050941922739973404,0.0050941922739973404,0.00019731141296175792,0.00019731141296175792,True
QLattice::feynman-iii.7.38::s522::clean,formal3h_13alg_ssr50_seed520-522_noise0-001-005_20260622-014658,clean,QLattice,feynman-iii.7.38,522,qlattice_s522_clean_g0036,iaaccn23,/home/zhangziwen/workplace/scientific-intelligent-modelling/experiments/formal3h_13alg_ssr50_seed520-522_noise0-001-005_20260622-014658/qlattice/seed522/tasks/qlattice_s522_clean_g0036/iaaccn23/QLattice/g0036_feynman-iii.7.38/result.json,/home/family/workplace/scientific-intelligent-modelling/AAAI_experiments/stage5_metric_calculation_0831/source_snapshot/results/clean/QLattice/qlattice_s522_clean_g0036/result.json,0977311638395f6ce4ad22719e61d990edccf6e955bc0d8808bde1fc529aa54d,ok,True,True,3.1349064329685534e-11,3.1349064329685534e-11,2.9130949025561437e-11,2.9130949025561437e-11,True
QLattice::feynman_II_15_4::s520::clean,formal3h_13alg_ssr50_seed520-522_noise0-001-005_20260622-014658,clean,QLattice,feynman_II_15_4,520,qlattice_s520_clean_g0024,iaaccn28,/home/zhangziwen/workplace/scientific-intelligent-modelling/experiments/formal3h_13alg_ssr50_seed520-522_noise0-001-005_20260622-014658/qlattice/seed520/tasks/qlattice_s520_clean_g0024/iaaccn28/QLattice/g0024_feynman_II_15_4/result.json,/home/family/workplace/scientific-intelligent-modelling/AAAI_experiments/stage5_metric_calculation_0831/source_snapshot/results/clean/QLattice/qlattice_s520_clean_g0024/result.json,03590a18d9ba2c0c0d7a29428e47895cafa88d7e9fe1b80fa242fb68a3069e56,ok,True,True,0.0011679365395983329,0.0011679365395983329,0.0023432754511664724,0.0023432754511664724,True
QLattice::feynman_II_15_4::s521::clean,formal3h_13alg_ssr50_seed520-522_noise0-001-005_20260622-014658,clean,QLattice,feynman_II_15_4,521,qlattice_s521_clean_g0024,iaaccn26,/home/zhangziwen/workplace/scientific-intelligent-modelling/experiments/formal3h_13alg_ssr50_seed520-522_noise0-001-005_20260622-014658/qlattice/seed521/tasks/qlattice_s521_clean_g0024/iaaccn26/QLattice/g0024_feynman_II_15_4/result.json,/home/family/workplace/scientific-intelligent-modelling/AAAI_experiments/stage5_metric_calculation_0831/source_snapshot/results/clean/QLattice/qlattice_s521_clean_g0024/result.json,ee5caf1c6bfde7f22c1faca9c6fc9ba823d108eb92d05e17fad643f83d937a60,ok,True,True,7.413841293877344e-05,7.413841293877344e-05,0.00054792970466495286,0.00054792970466495286,True
QLattice::feynman_II_15_4::s522::clean,formal3h_13alg_ssr50_seed520-522_noise0-001-005_20260622-014658,clean,QLattice,feynman_II_15_4,522,qlattice_s522_clean_g0024,iaaccn22,/home/zhangziwen/workplace/scientific-intelligent-modelling/experiments/formal3h_13alg_ssr50_seed520-522_noise0-001-005_20260622-014658/qlattice/seed522/tasks/qlattice_s522_clean_g0024/iaaccn22/QLattice/g0024_feynman_II_15_4/result.json,/home/family/workplace/scientific-intelligent-modelling/AAAI_experiments/stage5_metric_calculation_0831/source_snapshot/results/clean/QLattice/qlattice_s522_clean_g0024/result.json,6dc292c858babf2d0c8a4dc667fb933ddc3af57b541a766c736397071d0fddb1,ok,True,True,0.00035461438875859037,0.00035461438875859037,0.0021757872739683504,0.0021757872739683504,True
QLattice::feynman_I_12_11::s520::clean,formal3h_13alg_ssr50_seed520-522_noise0-001-005_20260622-014658,clean,QLattice,feynman_I_12_11,520,qlattice_s520_clean_g0025,iaaccn22,/home/zhangziwen/workplace/scientific-intelligent-modelling/experiments/formal3h_13alg_ssr50_seed520-522_noise0-001-005_20260622-014658/qlattice/seed520/tasks/qlattice_s520_clean_g0025/iaaccn22/QLattice/g0025_feynman_I_12_11/result.json,/home/family/workplace/scientific-intelligent-modelling/AAAI_experiments/stage5_metric_calculation_0831/source_snapshot/results/clean/QLattice/qlattice_s520_clean_g0025/result.json,9f4cf4d6975424552b5e4bff7d923ec4ed713c6cf7a8373bf694caa8469d7153,ok,True,True,0.0028554447561884642,0.0028554447561884642,0.028655299997446607,0.028655299997446607,True
QLattice::feynman_I_12_11::s521::clean,formal3h_13alg_ssr50_seed520-522_noise0-001-005_20260622-014658,clean,QLattice,feynman_I_12_11,521,qlattice_s521_clean_g0025,iaaccn28,/home/zhangziwen/workplace/scientific-intelligent-modelling/experiments/formal3h_13alg_ssr50_seed520-522_noise0-001-005_20260622-014658/qlattice/seed521/tasks/qlattice_s521_clean_g0025/iaaccn28/QLattice/g0025_feynman_I_12_11/result.json,/home/family/workplace/scientific-intelligent-modelling/AAAI_experiments/stage5_metric_calculation_0831/source_snapshot/results/clean/QLattice/qlattice_s521_clean_g0025/result.json,d7e5c007fe000e0c9c9fd03880044e8269793f7e5b9a1b1fbb63008f0d13d4de,ok,True,True,0.024758835719311638,0.024758835719311638,0.055113855639107041,0.055113855639107041,True
QLattice::feynman_I_12_11::s522::clean,formal3h_13alg_ssr50_seed520-522_noise0-001-005_20260622-014658,clean,QLattice,feynman_I_12_11,522,qlattice_s522_clean_g0025,iaaccn23,/home/zhangziwen/workplace/scientific-intelligent-modelling/experiments/formal3h_13alg_ssr50_seed520-522_noise0-001-005_20260622-014658/qlattice/seed522/tasks/qlattice_s522_clean_g0025/iaaccn23/QLattice/g0025_feynman_I_12_11/result.json,/home/family/workplace/scientific-intelligent-modelling/AAAI_experiments/stage5_metric_calculation_0831/source_snapshot/results/clean/QLattice/qlattice_s522_clean_g0025/result.json,00fd7145a1b90a969de36a9e2c6417af876b50e09e434326130e91309f5bcf05,ok,True,True,0.024183346920307526,0.024183346920307526,0.038498842685129077,0.038498842685129077,True
QLattice::feynman_I_27_6::s520::clean,formal3h_13alg_ssr50_seed520-522_noise0-001-005_20260622-014658,clean,QLattice,feynman_I_27_6,520,qlattice_s520_clean_g0026,iaaccn27,/home/zhangziwen/workplace/scientific-intelligent-modelling/experiments/formal3h_13alg_ssr50_seed520-522_noise0-001-005_20260622-014658/qlattice/seed520/tasks/qlattice_s520_clean_g0026/iaaccn27/QLattice/g0026_feynman_I_27_6/result.json,/home/family/workplace/scientific-intelligent-modelling/AAAI_experiments/stage5_metric_calculation_0831/source_snapshot/results/clean/QLattice/qlattice_s520_clean_g0026/result.json,e28e57e2c5cf7e85bcbef5fb83b4887054d5877af0b64bd259fd732dc34c2866,ok,True,True,0.00065577555426158936,0.00065577555426158936,0.0096820083706992046,0.0096820083706992046,True
QLattice::feynman_I_27_6::s521::clean,formal3h_13alg_ssr50_seed520-522_noise0-001-005_20260622-014658,clean,QLattice,feynman_I_27_6,521,qlattice_s521_clean_g0026,iaaccn26,/home/zhangziwen/workplace/scientific-intelligent-modelling/experiments/formal3h_13alg_ssr50_seed520-522_noise0-001-005_20260622-014658/qlattice/seed521/tasks/qlattice_s521_clean_g0026/iaaccn26/QLattice/g0026_feynman_I_27_6/result.json,/home/family/workplace/scientific-intelligent-modelling/AAAI_experiments/stage5_metric_calculation_0831/source_snapshot/results/clean/QLattice/qlattice_s521_clean_g0026/result.json,d7871ebe7309c221901571c740429dcb3e509ce54d8b5c0d6f4800f9e43f7090,ok,True,True,0.00078396761862566599,0.00078396761862566599,0.011182476038046858,0.011182476038046858,True
QLattice::feynman_I_27_6::s522::clean,formal3h_13alg_ssr50_seed520-522_noise0-001-005_20260622-014658,clean,QLattice,feynman_I_27_6,522,qlattice_s522_clean_g0026,iaaccn29,/home/zhangziwen/workplace/scientific-intelligent-modelling/experiments/formal3h_13alg_ssr50_seed520-522_noise0-001-005_20260622-014658/qlattice/seed522/tasks/qlattice_s522_clean_g0026/iaaccn29/QLattice/g0026_feynman_I_27_6/result.json,/home/family/workplace/scientific-intelligent-modelling/AAAI_experiments/stage5_metric_calculation_0831/source_snapshot/results/clean/QLattice/qlattice_s522_clean_g0026/result.json,a205ca0fc9c44082e87db84c530d90800c4f0c09dcb5725f51818ada2bb04a51,ok,True,True,0.00059900188684087194,0.00059900188684087194,0.013645736628906198,0.013645736628906198,True
QLattice::feynman_test_15::s520::clean,formal3h_13alg_ssr50_seed520-522_noise0-001-005_20260622-014658,clean,QLattice,feynman_test_15,520,qlattice_s520_clean_g0027,iaaccn26,/home/zhangziwen/workplace/scientific-intelligent-modelling/experiments/formal3h_13alg_ssr50_seed520-522_noise0-001-005_20260622-014658/qlattice/seed520/tasks/qlattice_s520_clean_g0027/iaaccn26/QLattice/g0027_feynman_test_15/result.json,/home/family/workplace/scientific-intelligent-modelling/AAAI_experiments/stage5_metric_calculation_0831/source_snapshot/results/clean/QLattice/qlattice_s520_clean_g0027/result.json,9dc413d935210e185dae13e19ff19f9e1a4b926924bfbb9f8641dde3d8eac1b8,ok,True,True,0.0043383270529791457,0.0043383270529791457,0.032366531770561049,0.032366531770561049,True
QLattice::feynman_test_15::s521::clean,formal3h_13alg_ssr50_seed520-522_noise0-001-005_20260622-014658,clean,QLattice,feynman_test_15,521,qlattice_s521_clean_g0027,iaaccn26,/home/zhangziwen/workplace/scientific-intelligent-modelling/experiments/formal3h_13alg_ssr50_seed520-522_noise0-001-005_20260622-014658/qlattice/seed521/tasks/qlattice_s521_clean_g0027/iaaccn26/QLattice/g0027_feynman_test_15/result.json,/home/family/workplace/scientific-intelligent-modelling/AAAI_experiments/stage5_metric_calculation_0831/source_snapshot/results/clean/QLattice/qlattice_s521_clean_g0027/result.json,14b4bc3486227613816bd33274474c665e0e8a5cc0f1f579774389367cf129f1,ok,True,True,0.0014615199589044379,0.0014615199589044379,0.039432694221198175,0.039432694221198175,True
QLattice::feynman_test_15::s522::clean,formal3h_13alg_ssr50_seed520-522_noise0-001-005_20260622-014658,clean,QLattice,feynman_test_15,522,qlattice_s522_clean_g0027,iaaccn22,/home/zhangziwen/workplace/scientific-intelligent-modelling/experiments/formal3h_13alg_ssr50_seed520-522_noise0-001-005_20260622-014658/qlattice/seed522/tasks/qlattice_s522_clean_g0027/iaaccn22/QLattice/g0027_feynman_test_15/result.json,/home/family/workplace/scientific-intelligent-modelling/AAAI_experiments/stage5_metric_calculation_0831/source_snapshot/results/clean/QLattice/qlattice_s522_clean_g0027/result.json,17770952f3a9efb329cf20d25ff478aecda3b83649ecf60be30c6c01794ef7aa,ok,True,True,0.0019440970221267749,0.0019440970221267749,0.039721745337507428,0.039721745337507428,True
QLattice::first_principles_hubble::s520::clean,formal3h_13alg_ssr50_seed520-522_noise0-001-005_20260622-014658,clean,QLattice,first_principles_hubble,520,qlattice_s520_clean_g0033,iaaccn28,/home/zhangziwen/workplace/scientific-intelligent-modelling/experiments/formal3h_13alg_ssr50_seed520-522_noise0-001-005_20260622-014658/qlattice/seed520/tasks/qlattice_s520_clean_g0033/iaaccn28/QLattice/g0033_first_principles_hubble/result.json,/home/family/workplace/scientific-intelligent-modelling/AAAI_experiments/stage5_metric_calculation_0831/source_snapshot/results/clean/QLattice/qlattice_s520_clean_g0033/result.json,9913430209e763a2ec2295851cd72b554c490bc29229f6b68a9e49e9ea6a0bc1,ok,True,True,0.089490766732349805,0.089490766732349805,0.11775297011584951,0.11775297011584951,True
QLattice::first_principles_hubble::s521::clean,formal3h_13alg_ssr50_seed520-522_noise0-001-005_20260622-014658,clean,QLattice,first_principles_hubble,521,qlattice_s521_clean_g0033,iaaccn24,/home/zhangziwen/workplace/scientific-intelligent-modelling/experiments/formal3h_13alg_ssr50_seed520-522_noise0-001-005_20260622-014658/qlattice/seed521/tasks/qlattice_s521_clean_g0033/iaaccn24/QLattice/g0033_first_principles_hubble/result.json,/home/family/workplace/scientific-intelligent-modelling/AAAI_experiments/stage5_metric_calculation_0831/source_snapshot/results/clean/QLattice/qlattice_s521_clean_g0033/result.json,bd17b239e0672f73cbcc18d60250bd7a0f6bab034fe27670acfa6bd1a021b11a,ok,True,True,0.077748436319700159,0.077748436319700159,0.10582318369490544,0.10582318369490544,True
QLattice::first_principles_hubble::s522::clean,formal3h_13alg_ssr50_seed520-522_noise0-001-005_20260622-014658,clean,QLattice,first_principles_hubble,522,qlattice_s522_clean_g0033,iaaccn28,/home/zhangziwen/workplace/scientific-intelligent-modelling/experiments/formal3h_13alg_ssr50_seed520-522_noise0-001-005_20260622-014658/qlattice/seed522/tasks/qlattice_s522_clean_g0033/iaaccn28/QLattice/g0033_first_principles_hubble/result.json,/home/family/workplace/scientific-intelligent-modelling/AAAI_experiments/stage5_metric_calculation_0831/source_snapshot/results/clean/QLattice/qlattice_s522_clean_g0033/result.json,8ba6d947f7bc4e6b8bcab75ad6110ad5721133176cc47c17bf03f58d7a46d772,ok,True,True,0.044602023156519496,0.044602023156519496,0.096251984434057317,0.096251984434057317,True
QLattice::first_principles_leavitt::s520::clean,formal3h_13alg_ssr50_seed520-522_noise0-001-005_20260622-014658,clean,QLattice,first_principles_leavitt,520,qlattice_s520_clean_g0034,iaaccn22,/home/zhangziwen/workplace/scientific-intelligent-modelling/experiments/formal3h_13alg_ssr50_seed520-522_noise0-001-005_20260622-014658/qlattice/seed520/tasks/qlattice_s520_clean_g0034/iaaccn22/QLattice/g0034_first_principles_leavitt/result.json,/home/family/workplace/scientific-intelligent-modelling/AAAI_experiments/stage5_metric_calculation_0831/source_snapshot/results/clean/QLattice/qlattice_s520_clean_g0034/result.json,fe8d6cdbf612e64199fd5eb38612d64ea61eabc96e6a8cfe12671405edbe966d,ok,True,True,0.0003301042428233187,0.0003301042428233187,0.00055053684678864909,0.00055053684678864909,True
QLattice::first_principles_leavitt::s521::clean,formal3h_13alg_ssr50_seed520-522_noise0-001-005_20260622-014658,clean,QLattice,first_principles_leavitt,521,qlattice_s521_clean_g0034,iaaccn26,/home/zhangziwen/workplace/scientific-intelligent-modelling/experiments/formal3h_13alg_ssr50_seed520-522_noise0-001-005_20260622-014658/qlattice/seed521/tasks/qlattice_s521_clean_g0034/iaaccn26/QLattice/g0034_first_principles_leavitt/result.json,/home/family/workplace/scientific-intelligent-modelling/AAAI_experiments/stage5_metric_calculation_0831/source_snapshot/results/clean/QLattice/qlattice_s521_clean_g0034/result.json,d4be6b5fa2a81a6fff2d96dfe070dd6d18a80f47c2cd6d040da6970ab9170872,ok,True,True,0.00024197610278547032,0.00024197610278547032,0.00015089796120370226,0.00015089796120370226,True
QLattice::first_principles_leavitt::s522::clean,formal3h_13alg_ssr50_seed520-522_noise0-001-005_20260622-014658,clean,QLattice,first_principles_leavitt,522,qlattice_s522_clean_g0034,iaaccn25,/home/zhangziwen/workplace/scientific-intelligent-modelling/experiments/formal3h_13alg_ssr50_seed520-522_noise0-001-005_20260622-014658/qlattice/seed522/tasks/qlattice_s522_clean_g0034/iaaccn25/QLattice/g0034_first_principles_leavitt/result.json,/home/family/workplace/scientific-intelligent-modelling/AAAI_experiments/stage5_metric_calculation_0831/source_snapshot/results/clean/QLattice/qlattice_s522_clean_g0034/result.json,486a7cbd1b3b6dce81b315e32b5b761a47be2eafbb5c9d2c91a73bbe80307b97,ok,True,True,0.00025001122977985288,0.00025001122977985288,0.00062718285218746133,0.00062718285218746133,True
QLattice::strogatz_barmag1::s520::clean,formal3h_13alg_ssr50_seed520-522_noise0-001-005_20260622-014658,clean,QLattice,strogatz_barmag1,520,qlattice_s520_clean_g0028,iaaccn27,/home/zhangziwen/workplace/scientific-intelligent-modelling/experiments/formal3h_13alg_ssr50_seed520-522_noise0-001-005_20260622-014658/qlattice/seed520/tasks/qlattice_s520_clean_g0028/iaaccn27/QLattice/g0028_strogatz_barmag1/result.json,/home/family/workplace/scientific-intelligent-modelling/AAAI_experiments/stage5_metric_calculation_0831/source_snapshot/results/clean/QLattice/qlattice_s520_clean_g0028/result.json,c7f099da2ae98f37162941cd137e1a315fc25063cceacb716206fb114ce9ecbc,ok,True,True,0.0034703877811797291,0.0034703877811797291,0.052427051911259369,0.052427051911259369,True
QLattice::strogatz_barmag1::s521::clean,formal3h_13alg_ssr50_seed520-522_noise0-001-005_20260622-014658,clean,QLattice,strogatz_barmag1,521,qlattice_s521_clean_g0028,iaaccn26,/home/zhangziwen/workplace/scientific-intelligent-modelling/experiments/formal3h_13alg_ssr50_seed520-522_noise0-001-005_20260622-014658/qlattice/seed521/tasks/qlattice_s521_clean_g0028/iaaccn26/QLattice/g0028_strogatz_barmag1/result.json,/home/family/workplace/scientific-intelligent-modelling/AAAI_experiments/stage5_metric_calculation_0831/source_snapshot/results/clean/QLattice/qlattice_s521_clean_g0028/result.json,171303e326162856d8ef0250e4f4f5fd8eee875bba90ab7a91b4946e13b705bc,ok,True,True,0.0089938219428861519,0.0089938219428861519,0.099961721038744011,0.099961721038744011,True
QLattice::strogatz_barmag1::s522::clean,formal3h_13alg_ssr50_seed520-522_noise0-001-005_20260622-014658,clean,QLattice,strogatz_barmag1,522,qlattice_s522_clean_g0028,iaaccn27,/home/zhangziwen/workplace/scientific-intelligent-modelling/experiments/formal3h_13alg_ssr50_seed520-522_noise0-001-005_20260622-014658/qlattice/seed522/tasks/qlattice_s522_clean_g0028/iaaccn27/QLattice/g0028_strogatz_barmag1/result.json,/home/family/workplace/scientific-intelligent-modelling/AAAI_experiments/stage5_metric_calculation_0831/source_snapshot/results/clean/QLattice/qlattice_s522_clean_g0028/result.json,0e7b7a834964e1b3f0dcae7a0dc3344e74ddc83ac6b930f09b4ec28acaeb88ba,ok,True,True,0.0044701911583771136,0.0044701911583771136,0.68462278958901224,0.68462278958901224,True
QLattice::strogatz_barmag2::s520::clean,formal3h_13alg_ssr50_seed520-522_noise0-001-005_20260622-014658,clean,QLattice,strogatz_barmag2,520,qlattice_s520_clean_g0029,iaaccn29,/home/zhangziwen/workplace/scientific-intelligent-modelling/experiments/formal3h_13alg_ssr50_seed520-522_noise0-001-005_20260622-014658/qlattice/seed520/tasks/qlattice_s520_clean_g0029/iaaccn29/QLattice/g0029_strogatz_barmag2/result.json,/home/family/workplace/scientific-intelligent-modelling/AAAI_experiments/stage5_metric_calculation_0831/source_snapshot/results/clean/QLattice/qlattice_s520_clean_g0029/result.json,2f1f692fc4192e87928541a1bed324860f8cb7917fc089cc054d85ee1e3992ca,ok,True,True,0.022650191771801161,0.022650191771801161,0.50035623378589278,0.50035623378589278,True
QLattice::strogatz_barmag2::s521::clean,formal3h_13alg_ssr50_seed520-522_noise0-001-005_20260622-014658,clean,QLattice,strogatz_barmag2,521,qlattice_s521_clean_g0029,iaaccn29,/home/zhangziwen/workplace/scientific-intelligent-modelling/experiments/formal3h_13alg_ssr50_seed520-522_noise0-001-005_20260622-014658/qlattice/seed521/tasks/qlattice_s521_clean_g0029/iaaccn29/QLattice/g0029_strogatz_barmag2/result.json,/home/family/workplace/scientific-intelligent-modelling/AAAI_experiments/stage5_metric_calculation_0831/source_snapshot/results/clean/QLattice/qlattice_s521_clean_g0029/result.json,46d48859809b1299897aa4201305fe288fa444c5c858af23b0b3cee97f040b6f,ok,True,True,0.013304608103081103,0.013304608103081103,0.45894232521818162,0.45894232521818162,True
QLattice::strogatz_barmag2::s522::clean,formal3h_13alg_ssr50_seed520-522_noise0-001-005_20260622-014658,clean,QLattice,strogatz_barmag2,522,qlattice_s522_clean_g0029,iaaccn29,/home/zhangziwen/workplace/scientific-intelligent-modelling/experiments/formal3h_13alg_ssr50_seed520-522_noise0-001-005_20260622-014658/qlattice/seed522/tasks/qlattice_s522_clean_g0029/iaaccn29/QLattice/g0029_strogatz_barmag2/result.json,/home/family/workplace/scientific-intelligent-modelling/AAAI_experiments/stage5_metric_calculation_0831/source_snapshot/results/clean/QLattice/qlattice_s522_clean_g0029/result.json,a3fdf4a576cb20e065c9008b2b1b082f4754a0a8ee4b3ff131e714ef651ee476,ok,True,True,0.012348233004385794,0.012348233004385794,0.49970398034375357,0.49970398034375357,True
QLattice::strogatz_predprey2::s520::clean,formal3h_13alg_ssr50_seed520-522_noise0-001-005_20260622-014658,clean,QLattice,strogatz_predprey2,520,qlattice_s520_clean_g0030,iaaccn24,/home/zhangziwen/workplace/scientific-intelligent-modelling/experiments/formal3h_13alg_ssr50_seed520-522_noise0-001-005_20260622-014658/qlattice/seed520/tasks/qlattice_s520_clean_g0030/iaaccn24/QLattice/g0030_strogatz_predprey2/result.json,/home/family/workplace/scientific-intelligent-modelling/AAAI_experiments/stage5_metric_calculation_0831/source_snapshot/results/clean/QLattice/qlattice_s520_clean_g0030/result.json,080ccce10c7b035982ff8a5af8af93b9e640ee9d96c5af90d4b322b328bc6a16,ok,True,True,2.1588827325086029e-06,2.1588827325086029e-06,1.2979343991776203e-05,1.2979343991776203e-05,True
QLattice::strogatz_predprey2::s521::clean,formal3h_13alg_ssr50_seed520-522_noise0-001-005_20260622-014658,clean,QLattice,strogatz_predprey2,521,qlattice_s521_clean_g0030,iaaccn24,/home/zhangziwen/workplace/scientific-intelligent-modelling/experiments/formal3h_13alg_ssr50_seed520-522_noise0-001-005_20260622-014658/qlattice/seed521/tasks/qlattice_s521_clean_g0030/iaaccn24/QLattice/g0030_strogatz_predprey2/result.json,/home/family/workplace/scientific-intelligent-modelling/AAAI_experiments/stage5_metric_calculation_0831/source_snapshot/results/clean/QLattice/qlattice_s521_clean_g0030/result.json,fab99e166f1a2f2fc652fcab81aeba7290ed63b51ccb642b7be36f10e1b19fe4,ok,True,True,9.6382280375634911e-08,9.6382280375634911e-08,8.2624069170540442e-07,8.2624069170540442e-07,True
QLattice::strogatz_predprey2::s522::clean,formal3h_13alg_ssr50_seed520-522_noise0-001-005_20260622-014658,clean,QLattice,strogatz_predprey2,522,qlattice_s522_clean_g0030,iaaccn25,/home/zhangziwen/workplace/scientific-intelligent-modelling/experiments/formal3h_13alg_ssr50_seed520-522_noise0-001-005_20260622-014658/qlattice/seed522/tasks/qlattice_s522_clean_g0030/iaaccn25/QLattice/g0030_strogatz_predprey2/result.json,/home/family/workplace/scientific-intelligent-modelling/AAAI_experiments/stage5_metric_calculation_0831/source_snapshot/results/clean/QLattice/qlattice_s522_clean_g0030/result.json,9085e6b3de064523bac6a2f92c8de1e3ffaa4afdc076f25d01c15cedc59c3507,ok,True,True,2.206073058034278e-05,2.206073058034278e-05,2.2200052930403175e-05,2.2200052930403175e-05,True
QLattice::strogatz_shearflow1::s520::clean,formal3h_13alg_ssr50_seed520-522_noise0-001-005_20260622-014658,clean,QLattice,strogatz_shearflow1,520,qlattice_s520_clean_g0031,iaaccn26,/home/zhangziwen/workplace/scientific-intelligent-modelling/experiments/formal3h_13alg_ssr50_seed520-522_noise0-001-005_20260622-014658/qlattice/seed520/tasks/qlattice_s520_clean_g0031/iaaccn26/QLattice/g0031_strogatz_shearflow1/result.json,/home/family/workplace/scientific-intelligent-modelling/AAAI_experiments/stage5_metric_calculation_0831/source_snapshot/results/clean/QLattice/qlattice_s520_clean_g0031/result.json,655a262dbb2497d4082bda4b891f8d2760d399fe3b4129aa3bef95c5ef8cd0ba,ok,True,True,0.0048790305437619126,0.0048790305437619126,1.0426340713194018,1.0426340713194018,True
QLattice::strogatz_shearflow1::s521::clean,formal3h_13alg_ssr50_seed520-522_noise0-001-005_20260622-014658,clean,QLattice,strogatz_shearflow1,521,qlattice_s521_clean_g0031,iaaccn24,/home/zhangziwen/workplace/scientific-intelligent-modelling/experiments/formal3h_13alg_ssr50_seed520-522_noise0-001-005_20260622-014658/qlattice/seed521/tasks/qlattice_s521_clean_g0031/iaaccn24/QLattice/g0031_strogatz_shearflow1/result.json,/home/family/workplace/scientific-intelligent-modelling/AAAI_experiments/stage5_metric_calculation_0831/source_snapshot/results/clean/QLattice/qlattice_s521_clean_g0031/result.json,9b9ada1c1b188d7fb407b2bd289a993f807b6ff68df751782d72bad366f9386c,ok,True,True,0.0060627848816143743,0.0060627848816143743,1.0466480849975275,1.0466480849975275,True
QLattice::strogatz_shearflow1::s522::clean,formal3h_13alg_ssr50_seed520-522_noise0-001-005_20260622-014658,clean,QLattice,strogatz_shearflow1,522,qlattice_s522_clean_g0031,iaaccn24,/home/zhangziwen/workplace/scientific-intelligent-modelling/experiments/formal3h_13alg_ssr50_seed520-522_noise0-001-005_20260622-014658/qlattice/seed522/tasks/qlattice_s522_clean_g0031/iaaccn24/QLattice/g0031_strogatz_shearflow1/result.json,/home/family/workplace/scientific-intelligent-modelling/AAAI_experiments/stage5_metric_calculation_0831/source_snapshot/results/clean/QLattice/qlattice_s522_clean_g0031/result.json,aa5632233ffaa69db45f014a45b5bdc2b8bd480d10723f9399af155b3472c96e,ok,True,True,0.0046018729737398612,0.0046018729737398612,1.0511837586528299,1.0511837586528299,True
QLattice::strogatz_vdp1::s520::clean,formal3h_13alg_ssr50_seed520-522_noise0-001-005_20260622-014658,clean,QLattice,strogatz_vdp1,520,qlattice_s520_clean_g0032,iaaccn24,/home/zhangziwen/workplace/scientific-intelligent-modelling/experiments/formal3h_13alg_ssr50_seed520-522_noise0-001-005_20260622-014658/qlattice/seed520/tasks/qlattice_s520_clean_g0032/iaaccn24/QLattice/g0032_strogatz_vdp1/result.json,/home/family/workplace/scientific-intelligent-modelling/AAAI_experiments/stage5_metric_calculation_0831/source_snapshot/results/clean/QLattice/qlattice_s520_clean_g0032/result.json,8ba7bf281b091b17fb9c75346e9eda78ffa715ddc75d059b255a960db8c6b1ca,ok,True,True,1.5368355778386541e-05,1.5368355778386541e-05,1.475314952475037e-05,1.475314952475037e-05,True
QLattice::strogatz_vdp1::s521::clean,formal3h_13alg_ssr50_seed520-522_noise0-001-005_20260622-014658,clean,QLattice,strogatz_vdp1,521,qlattice_s521_clean_g0032,iaaccn27,/home/zhangziwen/workplace/scientific-intelligent-modelling/experiments/formal3h_13alg_ssr50_seed520-522_noise0-001-005_20260622-014658/qlattice/seed521/tasks/qlattice_s521_clean_g0032/iaaccn27/QLattice/g0032_strogatz_vdp1/result.json,/home/family/workplace/scientific-intelligent-modelling/AAAI_experiments/stage5_metric_calculation_0831/source_snapshot/results/clean/QLattice/qlattice_s521_clean_g0032/result.json,8b7fdb59bef73814b391ff4778f5204eaea1963d9e5a580ea19d4b700f4802d5,ok,True,True,1.1891644069254568e-06,1.1891644069254568e-06,1.7553048005205158e-07,1.7553048005205158e-07,True
QLattice::strogatz_vdp1::s522::clean,formal3h_13alg_ssr50_seed520-522_noise0-001-005_20260622-014658,clean,QLattice,strogatz_vdp1,522,qlattice_s522_clean_g0032,iaaccn22,/home/zhangziwen/workplace/scientific-intelligent-modelling/experiments/formal3h_13alg_ssr50_seed520-522_noise0-001-005_20260622-014658/qlattice/seed522/tasks/qlattice_s522_clean_g0032/iaaccn22/QLattice/g0032_strogatz_vdp1/result.json,/home/family/workplace/scientific-intelligent-modelling/AAAI_experiments/stage5_metric_calculation_0831/source_snapshot/results/clean/QLattice/qlattice_s522_clean_g0032/result.json,e5d03de09e5835b1555f3f3615c09a91b27a921997305e9b306f6cf7551e96e8,ok,True,True,1.5664890649688952e-06,1.5664890649688952e-06,1.7636202293150799e-07,1.7636202293150799e-07,True
drsr::BPG3::s520::clean,drsr3h_ssr50_seed520-522_noise0-001-005_turbo_20260618-162355,clean,drsr,BPG3,520,drsr_s520_clean_g0005,iaaccn29,/home/zhangziwen/workplace/scientific-intelligent-modelling/experiments/drsr3h_ssr50_seed520-522_noise0-001-005_turbo_20260618-162355/drsr/seed520/tasks/drsr_s520_clean_g0005/iaaccn29/drsr/g0005_BPG3/result.json,/home/family/workplace/scientific-intelligent-modelling/AAAI_experiments/stage5_metric_calculation_0831/source_snapshot/results/clean/drsr/drsr_s520_clean_g0005/result.json,2a8e4de353e5eb9825e04dedf61ea09900f537ef9d4a8490aebd2003d4f6b431,ok,True,True,1.2144943756508218e-12,1.2144943756508218e-12,0.0019363768881418553,0.0019363768881418553,True
drsr::BPG3::s521::clean,drsr3h_ssr50_seed520-522_noise0-001-005_turbo_20260618-162355,clean,drsr,BPG3,521,drsr_s521_clean_g0005,iaaccn29,/home/zhangziwen/workplace/scientific-intelligent-modelling/experiments/drsr3h_ssr50_seed520-522_noise0-001-005_turbo_20260618-162355/drsr/seed521/tasks/drsr_s521_clean_g0005/iaaccn29/drsr/g0005_BPG3/result.json,/home/family/workplace/scientific-intelligent-modelling/AAAI_experiments/stage5_metric_calculation_0831/source_snapshot/results/clean/drsr/drsr_s521_clean_g0005/result.json,2a2a48c1e7993ac20be2f76c4248f1f33b51a136c11f3817292d8c60810dd77e,ok,True,True,3.4243158887863133e-12,3.4243158887863133e-12,1.3546176050286051e-06,1.3546176050286051e-06,True
drsr::BPG3::s522::clean,drsr3h_ssr50_seed520-522_noise0-001-005_turbo_20260618-162355,clean,drsr,BPG3,522,drsr_s522_clean_g0005,iaaccn27,/home/zhangziwen/workplace/scientific-intelligent-modelling/experiments/drsr3h_ssr50_seed520-522_noise0-001-005_turbo_20260618-162355/drsr/seed522/tasks/drsr_s522_clean_g0005/iaaccn27/drsr/g0005_BPG3/result.json,/home/family/workplace/scientific-intelligent-modelling/AAAI_experiments/stage5_metric_calculation_0831/source_snapshot/results/clean/drsr/drsr_s522_clean_g0005/result.json,b50126b18d9fe58ad5ab197b7e15cf92ac95e59d9280895b533c181163713878,ok,True,True,3.633429141343211e-14,3.633429141343211e-14,3.5349280198536597e-05,3.5349280198536597e-05,True
drsr::BPG5::s520::clean,drsr3h_ssr50_seed520-522_noise0-001-005_turbo_20260618-162355,clean,drsr,BPG5,520,drsr_s520_clean_g0006,iaaccn29,/home/zhangziwen/workplace/scientific-intelligent-modelling/experiments/drsr3h_ssr50_seed520-522_noise0-001-005_turbo_20260618-162355/drsr/seed520/tasks/drsr_s520_clean_g0006/iaaccn29/drsr/g0006_BPG5/result.json,/home/family/workplace/scientific-intelligent-modelling/AAAI_experiments/stage5_metric_calculation_0831/source_snapshot/results/clean/drsr/drsr_s520_clean_g0006/result.json,d8e169f9279475f84c4693c6715de2ad70d3e1624564f194f0c742579d9d0474,ok,True,False,1.4114654295136783e-13,1.4114654295136783e-13,2.7422384748032764e-09,2.7422384748032764e-09,True
drsr::BPG5::s521::clean,drsr3h_ssr50_seed520-522_noise0-001-005_turbo_20260618-162355,clean,drsr,BPG5,521,drsr_s521_clean_g0006,iaaccn29,/home/zhangziwen/workplace/scientific-intelligent-modelling/experiments/drsr3h_ssr50_seed520-522_noise0-001-005_turbo_20260618-162355/drsr/seed521/tasks/drsr_s521_clean_g0006/iaaccn29/drsr/g0006_BPG5/result.json,/home/family/workplace/scientific-intelligent-modelling/AAAI_experiments/stage5_metric_calculation_0831/source_snapshot/results/clean/drsr/drsr_s521_clean_g0006/result.json,f9ad12a5993a6771d6d1a4f4d67f2105f97d43501bfbf93d7fbfa9690f68fea0,ok,True,True,1.3848889175857632e-13,1.3848889175857632e-13,2.6546057470791749e-09,2.6546057470791749e-09,True
drsr::BPG5::s522::clean,drsr3h_ssr50_seed520-522_noise0-001-005_turbo_20260618-162355,clean,drsr,BPG5,522,drsr_s522_clean_g0006,iaaccn27,/home/zhangziwen/workplace/scientific-intelligent-modelling/experiments/drsr3h_ssr50_seed520-522_noise0-001-005_turbo_20260618-162355/drsr/seed522/tasks/drsr_s522_clean_g0006/iaaccn27/drsr/g0006_BPG5/result.json,/home/family/workplace/scientific-intelligent-modelling/AAAI_experiments/stage5_metric_calculation_0831/source_snapshot/results/clean/drsr/drsr_s522_clean_g0006/result.json,5eb251bc324e92fe1c8a0e87aeac1dd48bb80f1357dacf7294946fb9f34ebf3d,ok,True,True,1.4279405654417649e-13,1.4279405654417649e-13,2.7811918930085261e-09,2.7811918930085261e-09,True
drsr::BPG9::s520::clean,drsr3h_ssr50_seed520-522_noise0-001-005_turbo_20260618-162355,clean,drsr,BPG9,520,drsr_s520_clean_g0007,iaaccn29,/home/zhangziwen/workplace/scientific-intelligent-modelling/experiments/drsr3h_ssr50_seed520-522_noise0-001-005_turbo_20260618-162355/drsr/seed520/tasks/drsr_s520_clean_g0007/iaaccn29/drsr/g0007_BPG9/result.json,/home/family/workplace/scientific-intelligent-modelling/AAAI_experiments/stage5_metric_calculation_0831/source_snapshot/results/clean/drsr/drsr_s520_clean_g0007/result.json,a72a926f75bf9bc1f35f8b4600685cd706f1ae6721274b6c25e590d3791e71ee,ok,True,False,8.6576214877807616e-08,8.6576214877807616e-08,0.0015902568676152953,0.0015902568676152953,True
drsr::BPG9::s521::clean,drsr3h_ssr50_seed520-522_noise0-001-005_turbo_20260618-162355,clean,drsr,BPG9,521,drsr_s521_clean_g0007,iaaccn29,/home/zhangziwen/workplace/scientific-intelligent-modelling/experiments/drsr3h_ssr50_seed520-522_noise0-001-005_turbo_20260618-162355/drsr/seed521/tasks/drsr_s521_clean_g0007/iaaccn29/drsr/g0007_BPG9/result.json,/home/family/workplace/scientific-intelligent-modelling/AAAI_experiments/stage5_metric_calculation_0831/source_snapshot/results/clean/drsr/drsr_s521_clean_g0007/result.json,4dedb111b2a6263da0376e7b42eb864eb2525900d1e81d992ca7daccab8eb9e5,ok,True,True,3.1727712007449634e-08,3.1727712007449634e-08,9.671707084072016e-05,9.671707084072016e-05,True
drsr::BPG9::s522::clean,drsr3h_ssr50_seed520-522_noise0-001-005_turbo_20260618-162355,clean,drsr,BPG9,522,drsr_s522_clean_g0007,iaaccn27,/home/zhangziwen/workplace/scientific-intelligent-modelling/experiments/drsr3h_ssr50_seed520-522_noise0-001-005_turbo_20260618-162355/drsr/seed522/tasks/drsr_s522_clean_g0007/iaaccn27/drsr/g0007_BPG9/result.json,/home/family/workplace/scientific-intelligent-modelling/AAAI_experiments/stage5_metric_calculation_0831/source_snapshot/results/clean/drsr/drsr_s522_clean_g0007/result.json,bcf75912481567aee331b58c8ff86682b2a5450252f9580b164b803d1f1c2dca,ok,True,False,0.00023532503169169049,0.00023532503169169049,0.103944150353476,0.103944150353476,True
drsr::CRK0::s520::clean,drsr3h_ssr50_seed520-522_noise0-001-005_turbo_20260618-162355,clean,drsr,CRK0,520,drsr_s520_clean_g0008,iaaccn29,/home/zhangziwen/workplace/scientific-intelligent-modelling/experiments/drsr3h_ssr50_seed520-522_noise0-001-005_turbo_20260618-162355/drsr/seed520/tasks/drsr_s520_clean_g0008/iaaccn29/drsr/g0008_CRK0/result.json,/home/family/workplace/scientific-intelligent-modelling/AAAI_experiments/stage5_metric_calculation_0831/source_snapshot/results/clean/drsr/drsr_s520_clean_g0008/result.json,6970b61f9e53a7b9ae960c2df0bb9c643665af7e8055e6cf723cdc621fbca8f0,ok,True,True,1.0086341250838692e-09,1.0086341250838692e-09,9.7243407706826201e-07,9.7243407706826201e-07,True
drsr::CRK0::s521::clean,drsr3h_ssr50_seed520-522_noise0-001-005_turbo_20260618-162355,clean,drsr,CRK0,521,drsr_s521_clean_g0008,iaaccn29,/home/zhangziwen/workplace/scientific-intelligent-modelling/experiments/drsr3h_ssr50_seed520-522_noise0-001-005_turbo_20260618-162355/drsr/seed521/tasks/drsr_s521_clean_g0008/iaaccn29/drsr/g0008_CRK0/result.json,/home/family/workplace/scientific-intelligent-modelling/AAAI_experiments/stage5_metric_calculation_0831/source_snapshot/results/clean/drsr/drsr_s521_clean_g0008/result.json,85c70e27bd47dde42d2f6ffe19a22b7735af56575d00d28e99b77540bf02d52e,ok,True,True,3.3944262219617055e-09,3.3944262219617055e-09,8.2345108341935885e-07,8.2345108341935885e-07,True
drsr::CRK0::s522::clean,drsr3h_ssr50_seed520-522_noise0-001-005_turbo_20260618-162355,clean,drsr,CRK0,522,drsr_s522_clean_g0008,iaaccn27,/home/zhangziwen/workplace/scientific-intelligent-modelling/experiments/drsr3h_ssr50_seed520-522_noise0-001-005_turbo_20260618-162355/drsr/seed522/tasks/drsr_s522_clean_g0008/iaaccn27/drsr/g0008_CRK0/result.json,/home/family/workplace/scientific-intelligent-modelling/AAAI_experiments/stage5_metric_calculation_0831/source_snapshot/results/clean/drsr/drsr_s522_clean_g0008/result.json,21e1644b798a90373a44cd795275898ee539697a61bd6cad6169b7aad78e2a47,ok,True,True,2.2604058078437968e-09,2.2604058078437968e-09,6.9865685255157192e-07,6.9865685255157192e-07,True
drsr::CRK10::s520::clean,drsr3h_ssr50_seed520-522_noise0-001-005_turbo_20260618-162355,clean,drsr,CRK10,520,drsr_s520_clean_g0009,iaaccn29,/home/zhangziwen/workplace/scientific-intelligent-modelling/experiments/drsr3h_ssr50_seed520-522_noise0-001-005_turbo_20260618-162355/drsr/seed520/tasks/drsr_s520_clean_g0009/iaaccn29/drsr/g0009_CRK10/result.json,/home/family/workplace/scientific-intelligent-modelling/AAAI_experiments/stage5_metric_calculation_0831/source_snapshot/results/clean/drsr/drsr_s520_clean_g0009/result.json,9933687e5352ab66f013d65e3a3aee25bf2482deebb2f18e28d440c78adf3617,ok,True,True,5.9992270816202859e-12,5.9992270816202859e-12,1.7558434509325302e-08,1.7558434509325302e-08,True
drsr::CRK10::s521::clean,drsr3h_ssr50_seed520-522_noise0-001-005_turbo_20260618-162355,clean,drsr,CRK10,521,drsr_s521_clean_g0009,iaaccn29,/home/zhangziwen/workplace/scientific-intelligent-modelling/experiments/drsr3h_ssr50_seed520-522_noise0-001-005_turbo_20260618-162355/drsr/seed521/tasks/drsr_s521_clean_g0009/iaaccn29/drsr/g0009_CRK10/result.json,/home/family/workplace/scientific-intelligent-modelling/AAAI_experiments/stage5_metric_calculation_0831/source_snapshot/results/clean/drsr/drsr_s521_clean_g0009/result.json,7218dfa78bfa58f9bf9999c7b2843560e6be896c096631025a9af1dabb1c9cd4,ok,True,True,6.1105722630672984e-11,6.1105722630672984e-11,2.4898097203627139e-06,2.4898097203627139e-06,True
drsr::CRK10::s522::clean,drsr3h_ssr50_seed520-522_noise0-001-005_turbo_20260618-162355,clean,drsr,CRK10,522,drsr_s522_clean_g0009,iaaccn27,/home/zhangziwen/workplace/scientific-intelligent-modelling/experiments/drsr3h_ssr50_seed520-522_noise0-001-005_turbo_20260618-162355/drsr/seed522/tasks/drsr_s522_clean_g0009/iaaccn27/drsr/g0009_CRK10/result.json,/home/family/workplace/scientific-intelligent-modelling/AAAI_experiments/stage5_metric_calculation_0831/source_snapshot/results/clean/drsr/drsr_s522_clean_g0009/result.json,4e0fdad71a6cbac377ae2d0910b78c2745bbf6c708b242c24ab4b8b5ab0117b6,ok,True,True,1.3654867429418496e-10,1.3654867429418496e-10,8.4146686334379941e-06,8.4146686334379941e-06,True
drsr::CRK11::s520::clean,drsr3h_ssr50_seed520-522_noise0-001-005_turbo_20260618-162355,clean,drsr,CRK11,520,drsr_s520_clean_g0010,iaaccn29,/home/zhangziwen/workplace/scientific-intelligent-modelling/experiments/drsr3h_ssr50_seed520-522_noise0-001-005_turbo_20260618-162355/drsr/seed520/tasks/drsr_s520_clean_g0010/iaaccn29/drsr/g0010_CRK11/result.json,/home/family/workplace/scientific-intelligent-modelling/AAAI_experiments/stage5_metric_calculation_0831/source_snapshot/results/clean/drsr/drsr_s520_clean_g0010/result.json,d71514433783a244f887da906be4dd78cb31070420a11bc33963fe4bfc926654,ok,True,True,3.5485015090366764e-11,3.5485015090366764e-11,1.8678583429993166e-07,1.8678583429993166e-07,True
drsr::CRK11::s521::clean,drsr3h_ssr50_seed520-522_noise0-001-005_turbo_20260618-162355,clean,drsr,CRK11,521,drsr_s521_clean_g0010,iaaccn29,/home/zhangziwen/workplace/scientific-intelligent-modelling/experiments/drsr3h_ssr50_seed520-522_noise0-001-005_turbo_20260618-162355/drsr/seed521/tasks/drsr_s521_clean_g0010/iaaccn29/drsr/g0010_CRK11/result.json,/home/family/workplace/scientific-intelligent-modelling/AAAI_experiments/stage5_metric_calculation_0831/source_snapshot/results/clean/drsr/drsr_s521_clean_g0010/result.json,27e3c83925c30464d74f9d18a0d80d6e3bab82b66e17897a91128af4dc139f80,ok,True,True,5.052445975071802e-11,5.052445975071802e-11,2.7908756915713135e-07,2.7908756915713135e-07,True
drsr::CRK11::s522::clean,drsr3h_ssr50_seed520-522_noise0-001-005_turbo_20260618-162355,clean,drsr,CRK11,522,drsr_s522_clean_g0010,iaaccn27,/home/zhangziwen/workplace/scientific-intelligent-modelling/experiments/drsr3h_ssr50_seed520-522_noise0-001-005_turbo_20260618-162355/drsr/seed522/tasks/drsr_s522_clean_g0010/iaaccn27/drsr/g0010_CRK11/result.json,/home/family/workplace/scientific-intelligent-modelling/AAAI_experiments/stage5_metric_calculation_0831/source_snapshot/results/clean/drsr/drsr_s522_clean_g0010/result.json,bfedaaf649387655290442ada7883d8bd3842b587f7338be13340d7a39e54611,ok,True,True,7.7993831611530363e-11,7.7993831611530363e-11,3.7025550436309258e-08,3.7025550436309258e-08,True
drsr::CRK33::s520::clean,drsr3h_ssr50_seed520-522_noise0-001-005_turbo_20260618-162355,clean,drsr,CRK33,520,drsr_s520_clean_g0011,iaaccn23,/home/zhangziwen/workplace/scientific-intelligent-modelling/experiments/drsr3h_ssr50_seed520-522_noise0-001-005_turbo_20260618-162355/drsr/seed520/tasks/drsr_s520_clean_g0011/iaaccn23/drsr/g0011_CRK33/result.json,/home/family/workplace/scientific-intelligent-modelling/AAAI_experiments/stage5_metric_calculation_0831/source_snapshot/results/clean/drsr/drsr_s520_clean_g0011/result.json,c5d0362d4e2797118e129e29dbd3fc0e6d8e28e8aa58b021ecabb2a2b4f5c887,ok,True,True,2.5690915655714478e-11,2.5690915655714478e-11,1.8084606107547212e-06,1.8084606107547212e-06,True
drsr::CRK33::s521::clean,drsr3h_ssr50_seed520-522_noise0-001-005_turbo_20260618-162355,clean,drsr,CRK33,521,drsr_s521_clean_g0011,iaaccn27,/home/zhangziwen/workplace/scientific-intelligent-modelling/experiments/drsr3h_ssr50_seed520-522_noise0-001-005_turbo_20260618-162355/drsr/seed521/tasks/drsr_s521_clean_g0011/iaaccn27/drsr/g0011_CRK33/result.json,/home/family/workplace/scientific-intelligent-modelling/AAAI_experiments/stage5_metric_calculation_0831/source_snapshot/results/clean/drsr/drsr_s521_clean_g0011/result.json,d566fef3ed016ee594a5b859d4fef831271593ed719a921d21d6b3bbe6c56750,ok,True,True,5.7762490852093191e-11,5.7762490852093191e-11,8.6172730009402148e-07,8.6172730009402148e-07,True
drsr::CRK33::s522::clean,drsr3h_ssr50_seed520-522_noise0-001-005_turbo_20260618-162355,clean,drsr,CRK33,522,drsr_s522_clean_g0011,iaaccn28,/home/zhangziwen/workplace/scientific-intelligent-modelling/experiments/drsr3h_ssr50_seed520-522_noise0-001-005_turbo_20260618-162355/drsr/seed522/tasks/drsr_s522_clean_g0011/iaaccn28/drsr/g0011_CRK33/result.json,/home/family/workplace/scientific-intelligent-modelling/AAAI_experiments/stage5_metric_calculation_0831/source_snapshot/results/clean/drsr/drsr_s522_clean_g0011/result.json,04fe78d8044b3b685149e69c986f81c7177ec5921ffff3ee63f4acde18b43098,ok,True,True,7.5158785138999035e-11,7.5158785138999035e-11,3.4521705882658093e-06,3.4521705882658093e-06,True
drsr::CRK34::s520::clean,drsr3h_ssr50_seed520-522_noise0-001-005_turbo_20260618-162355,clean,drsr,CRK34,520,drsr_s520_clean_g0012,iaaccn23,/home/zhangziwen/workplace/scientific-intelligent-modelling/experiments/drsr3h_ssr50_seed520-522_noise0-001-005_turbo_20260618-162355/drsr/seed520/tasks/drsr_s520_clean_g0012/iaaccn23/drsr/g0012_CRK34/result.json,/home/family/workplace/scientific-intelligent-modelling/AAAI_experiments/stage5_metric_calculation_0831/source_snapshot/results/clean/drsr/drsr_s520_clean_g0012/result.json,605bbed0e91e136f834d53c74a5188e64f721afcbf8ae6e5c995384fd169e322,ok,True,True,1.2514252549768989e-10,1.2514252549768989e-10,1.5152079365904718e-07,1.5152079365904718e-07,True
drsr::CRK34::s521::clean,drsr3h_ssr50_seed520-522_noise0-001-005_turbo_20260618-162355,clean,drsr,CRK34,521,drsr_s521_clean_g0012,iaaccn27,/home/zhangziwen/workplace/scientific-intelligent-modelling/experiments/drsr3h_ssr50_seed520-522_noise0-001-005_turbo_20260618-162355/drsr/seed521/tasks/drsr_s521_clean_g0012/iaaccn27/drsr/g0012_CRK34/result.json,/home/family/workplace/scientific-intelligent-modelling/AAAI_experiments/stage5_metric_calculation_0831/source_snapshot/results/clean/drsr/drsr_s521_clean_g0012/result.json,d540d510a1aa41513612d7c69449ad585d3b304d617840f38a13cab50e5b40c1,ok,True,True,1.100233651417144e-10,1.100233651417144e-10,1.0297985631686436e-07,1.0297985631686436e-07,True
drsr::CRK34::s522::clean,drsr3h_ssr50_seed520-522_noise0-001-005_turbo_20260618-162355,clean,drsr,CRK34,522,drsr_s522_clean_g0012,iaaccn28,/home/zhangziwen/workplace/scientific-intelligent-modelling/experiments/drsr3h_ssr50_seed520-522_noise0-001-005_turbo_20260618-162355/drsr/seed522/tasks/drsr_s522_clean_g0012/iaaccn28/drsr/g0012_CRK34/result.json,/home/family/workplace/scientific-intelligent-modelling/AAAI_experiments/stage5_metric_calculation_0831/source_snapshot/results/clean/drsr/drsr_s522_clean_g0012/result.json,08e36ad06d1a82ae04e606ca4be595a5b6596e5c39aeeb1c13655d4d521b1e16,ok,True,True,2.1641129936561043e-10,2.1641129936561043e-10,7.9744579444876121e-07,7.9744579444876121e-07,True
drsr::I.11.19_4_0::s520::clean,drsr3h_ssr50_seed520-522_noise0-001-005_turbo_20260618-162355,clean,drsr,I.11.19_4_0,520,drsr_s520_clean_g0013,iaaccn23,/home/zhangziwen/workplace/scientific-intelligent-modelling/experiments/drsr3h_ssr50_seed520-522_noise0-001-005_turbo_20260618-162355/drsr/seed520/tasks/drsr_s520_clean_g0013/iaaccn23/drsr/g0013_I.11.19_4_0/result.json,/home/family/workplace/scientific-intelligent-modelling/AAAI_experiments/stage5_metric_calculation_0831/source_snapshot/results/clean/drsr/drsr_s520_clean_g0013/result.json,24aff69994711600adc4e056bfdb18fdce6dcf418a982e7b76e66f6560584b37,ok,True,True,0.037128684425536386,0.037128684425536386,0.17131734893038725,0.17131734893038725,True
drsr::I.11.19_4_0::s521::clean,drsr3h_ssr50_seed520-522_noise0-001-005_turbo_20260618-162355,clean,drsr,I.11.19_4_0,521,drsr_s521_clean_g0013,iaaccn27,/home/zhangziwen/workplace/scientific-intelligent-modelling/experiments/drsr3h_ssr50_seed520-522_noise0-001-005_turbo_20260618-162355/drsr/seed521/tasks/drsr_s521_clean_g0013/iaaccn27/drsr/g0013_I.11.19_4_0/result.json,/home/family/workplace/scientific-intelligent-modelling/AAAI_experiments/stage5_metric_calculation_0831/source_snapshot/results/clean/drsr/drsr_s521_clean_g0013/result.json,a5678cc894f8564a2cc7be28c1ba8b6d2dec0be2203c4cf93e8e12574818f11f,ok,True,True,0.035771806457524286,0.035771806457524286,0.16524653041732357,0.16524653041732357,True
drsr::I.11.19_4_0::s522::clean,drsr3h_ssr50_seed520-522_noise0-001-005_turbo_20260618-162355,clean,drsr,I.11.19_4_0,522,drsr_s522_clean_g0013,iaaccn28,/home/zhangziwen/workplace/scientific-intelligent-modelling/experiments/drsr3h_ssr50_seed520-522_noise0-001-005_turbo_20260618-162355/drsr/seed522/tasks/drsr_s522_clean_g0013/iaaccn28/drsr/g0013_I.11.19_4_0/result.json,/home/family/workplace/scientific-intelligent-modelling/AAAI_experiments/stage5_metric_calculation_0831/source_snapshot/results/clean/drsr/drsr_s522_clean_g0013/result.json,3b6f582a86e21591b5acb8b081e0ff85cc80f15a27cd5b4caa28382e4034ae41,ok,True,True,0.059763262933808139,0.059763262933808139,0.26348489513085988,0.26348489513085988,True
drsr::II.11.27_1_0::s520::clean,drsr3h_ssr50_seed520-522_noise0-001-005_turbo_20260618-162355,clean,drsr,II.11.27_1_0,520,drsr_s520_clean_g0014,iaaccn23,/home/zhangziwen/workplace/scientific-intelligent-modelling/experiments/drsr3h_ssr50_seed520-522_noise0-001-005_turbo_20260618-162355/drsr/seed520/tasks/drsr_s520_clean_g0014/iaaccn23/drsr/g0014_II.11.27_1_0/result.json,/home/family/workplace/scientific-intelligent-modelling/AAAI_experiments/stage5_metric_calculation_0831/source_snapshot/results/clean/drsr/drsr_s520_clean_g0014/result.json,f3028fb12ae7bd6b2b5b05fff0f64ba627764454ab0c2f718acd1e63f1373191,ok,True,True,0.9899000504096549,0.9899000504096549,1.0029849425841229,1.0029849425841229,True
drsr::II.11.27_1_0::s521::clean,drsr3h_ssr50_seed520-522_noise0-001-005_turbo_20260618-162355,clean,drsr,II.11.27_1_0,521,drsr_s521_clean_g0014,iaaccn27,/home/zhangziwen/workplace/scientific-intelligent-modelling/experiments/drsr3h_ssr50_seed520-522_noise0-001-005_turbo_20260618-162355/drsr/seed521/tasks/drsr_s521_clean_g0014/iaaccn27/drsr/g0014_II.11.27_1_0/result.json,/home/family/workplace/scientific-intelligent-modelling/AAAI_experiments/stage5_metric_calculation_0831/source_snapshot/results/clean/drsr/drsr_s521_clean_g0014/result.json,9390a76332dfee90fb3d4a8a4e8ce1d53211f5bba0620041c67bae897268eecf,ok,True,True,0.99095151845096097,0.99095151845096097,1.0018345931989781,1.0018345931989781,True
drsr::II.11.27_1_0::s522::clean,drsr3h_ssr50_seed520-522_noise0-001-005_turbo_20260618-162355,clean,drsr,II.11.27_1_0,522,drsr_s522_clean_g0014,iaaccn28,/home/zhangziwen/workplace/scientific-intelligent-modelling/experiments/drsr3h_ssr50_seed520-522_noise0-001-005_turbo_20260618-162355/drsr/seed522/tasks/drsr_s522_clean_g0014/iaaccn28/drsr/g0014_II.11.27_1_0/result.json,/home/family/workplace/scientific-intelligent-modelling/AAAI_experiments/stage5_metric_calculation_0831/source_snapshot/results/clean/drsr/drsr_s522_clean_g0014/result.json,798bad9ac6fb310323fbe3d064291650b3fa21d6e3d049ae3c6d2fc3f132389d,ok,True,True,0.9196462236974009,0.9196462236974009,394248.91149101051,394248.91149101051,True
drsr::II.34.2_1_0::s520::clean,drsr3h_ssr50_seed520-522_noise0-001-005_turbo_20260618-162355,clean,drsr,II.34.2_1_0,520,drsr_s520_clean_g0015,iaaccn23,/home/zhangziwen/workplace/scientific-intelligent-modelling/experiments/drsr3h_ssr50_seed520-522_noise0-001-005_turbo_20260618-162355/drsr/seed520/tasks/drsr_s520_clean_g0015/iaaccn23/drsr/g0015_II.34.2_1_0/result.json,/home/family/workplace/scientific-intelligent-modelling/AAAI_experiments/stage5_metric_calculation_0831/source_snapshot/results/clean/drsr/drsr_s520_clean_g0015/result.json,d70f6041cef242860a1256ca6cc3f1cf151e1b55d21ef23dd650d4b7a5ea75b9,ok,True,False,2.5625545621588202e-15,2.5625545621588202e-15,6.242038147573689e-19,6.242038147573689e-19,True
drsr::II.34.2_1_0::s521::clean,drsr3h_ssr50_seed520-522_noise0-001-005_turbo_20260618-162355,clean,drsr,II.34.2_1_0,521,drsr_s521_clean_g0015,iaaccn27,/home/zhangziwen/workplace/scientific-intelligent-modelling/experiments/drsr3h_ssr50_seed520-522_noise0-001-005_turbo_20260618-162355/drsr/seed521/tasks/drsr_s521_clean_g0015/iaaccn27/drsr/g0015_II.34.2_1_0/result.json,/home/family/workplace/scientific-intelligent-modelling/AAAI_experiments/stage5_metric_calculation_0831/source_snapshot/results/clean/drsr/drsr_s521_clean_g0015/result.json,0e8ece52d4084f511140a1f88686f98ff6fada712d4c782bb82c256709ee09ff,ok,True,True,2.5627302195524525e-15,2.5627302195524525e-15,1.7270844262173208e-18,1.7270844262173208e-18,True
drsr::II.34.2_1_0::s522::clean,drsr3h_ssr50_seed520-522_noise0-001-005_turbo_20260618-162355,clean,drsr,II.34.2_1_0,522,drsr_s522_clean_g0015,iaaccn28,/home/zhangziwen/workplace/scientific-intelligent-modelling/experiments/drsr3h_ssr50_seed520-522_noise0-001-005_turbo_20260618-162355/drsr/seed522/tasks/drsr_s522_clean_g0015/iaaccn28/drsr/g0015_II.34.2_1_0/result.json,/home/family/workplace/scientific-intelligent-modelling/AAAI_experiments/stage5_metric_calculation_0831/source_snapshot/results/clean/drsr/drsr_s522_clean_g0015/result.json,ee21fe5063ef38187b24f76e7f933147cfea70d959b917a7c31cecc029403b18,ok,True,True,2.5627900746634167e-15,2.5627900746634167e-15,9.6785648866577336e-19,9.6785648866577336e-19,True
drsr::II.6.15b_3_0::s520::clean,drsr3h_ssr50_seed520-522_noise0-001-005_turbo_20260618-162355,clean,drsr,II.6.15b_3_0,520,drsr_s520_clean_g0016,iaaccn23,/home/zhangziwen/workplace/scientific-intelligent-modelling/experiments/drsr3h_ssr50_seed520-522_noise0-001-005_turbo_20260618-162355/drsr/seed520/tasks/drsr_s520_clean_g0016/iaaccn23/drsr/g0016_II.6.15b_3_0/result.json,/home/family/workplace/scientific-intelligent-modelling/AAAI_experiments/stage5_metric_calculation_0831/source_snapshot/results/clean/drsr/drsr_s520_clean_g0016/result.json,edbbf6db92490732a7805c4bb0958366454d8a51a1ccf04aa738892014d71a94,ok,True,True,0.028517036522333818,0.028517036522333818,0.1707630256386434,0.1707630256386434,True
drsr::II.6.15b_3_0::s521::clean,drsr3h_ssr50_seed520-522_noise0-001-005_turbo_20260618-162355,clean,drsr,II.6.15b_3_0,521,drsr_s521_clean_g0016,iaaccn27,/home/zhangziwen/workplace/scientific-intelligent-modelling/experiments/drsr3h_ssr50_seed520-522_noise0-001-005_turbo_20260618-162355/drsr/seed521/tasks/drsr_s521_clean_g0016/iaaccn27/drsr/g0016_II.6.15b_3_0/result.json,/home/family/workplace/scientific-intelligent-modelling/AAAI_experiments/stage5_metric_calculation_0831/source_snapshot/results/clean/drsr/drsr_s521_clean_g0016/result.json,c3b8d52a5f7a22ed3df3feb2fd7ec5039db6f44303d9e358c1581e667a2b9e3e,ok,True,True,0.024279317804312719,0.024279317804312719,0.17603071238327514,0.17603071238327514,True
drsr::II.6.15b_3_0::s522::clean,drsr3h_ssr50_seed520-522_noise0-001-005_turbo_20260618-162355,clean,drsr,II.6.15b_3_0,522,drsr_s522_clean_g0016,iaaccn28,/home/zhangziwen/workplace/scientific-intelligent-modelling/experiments/drsr3h_ssr50_seed520-522_noise0-001-005_turbo_20260618-162355/drsr/seed522/tasks/drsr_s522_clean_g0016/iaaccn28/drsr/g0016_II.6.15b_3_0/result.json,/home/family/workplace/scientific-intelligent-modelling/AAAI_experiments/stage5_metric_calculation_0831/source_snapshot/results/clean/drsr/drsr_s522_clean_g0016/result.json,47ebe3023848651a1cc8d3a9800896c25d7fdc39b2f6efa3bb9a82de66952b8e,ok,True,True,0.024279315821881722,0.024279315821881722,0.17603112516194075,0.17603112516194075,True
drsr::III.21.20_3_0::s520::clean,drsr3h_ssr50_seed520-522_noise0-001-005_turbo_20260618-162355,clean,drsr,III.21.20_3_0,520,drsr_s520_clean_g0017,iaaccn23,/home/zhangziwen/workplace/scientific-intelligent-modelling/experiments/drsr3h_ssr50_seed520-522_noise0-001-005_turbo_20260618-162355/drsr/seed520/tasks/drsr_s520_clean_g0017/iaaccn23/drsr/g0017_III.21.20_3_0/result.json,/home/family/workplace/scientific-intelligent-modelling/AAAI_experiments/stage5_metric_calculation_0831/source_snapshot/results/clean/drsr/drsr_s520_clean_g0017/result.json,a81341a96b63c2c8b37bea3ea9b8a52cbfdc004ac921ccc884d0e9846214d004,ok,True,True,0.0073118062852991364,0.0073118062852991364,0.028213659782168412,0.028213659782168412,True
drsr::III.21.20_3_0::s521::clean,drsr3h_ssr50_seed520-522_noise0-001-005_turbo_20260618-162355,clean,drsr,III.21.20_3_0,521,drsr_s521_clean_g0017,iaaccn27,/home/zhangziwen/workplace/scientific-intelligent-modelling/experiments/drsr3h_ssr50_seed520-522_noise0-001-005_turbo_20260618-162355/drsr/seed521/tasks/drsr_s521_clean_g0017/iaaccn27/drsr/g0017_III.21.20_3_0/result.json,/home/family/workplace/scientific-intelligent-modelling/AAAI_experiments/stage5_metric_calculation_0831/source_snapshot/results/clean/drsr/drsr_s521_clean_g0017/result.json,4995bb88bea7ffc01cce499d01fc82f58c86ab5e4c5cadf6aba0eb4a0c644e1b,ok,True,True,0.090115674806365814,0.090115674806365814,0.20591492549437029,0.20591492549437029,True
drsr::III.21.20_3_0::s522::clean,drsr3h_ssr50_seed520-522_noise0-001-005_turbo_20260618-162355,clean,drsr,III.21.20_3_0,522,drsr_s522_clean_g0017,iaaccn28,/home/zhangziwen/workplace/scientific-intelligent-modelling/experiments/drsr3h_ssr50_seed520-522_noise0-001-005_turbo_20260618-162355/drsr/seed522/tasks/drsr_s522_clean_g0017/iaaccn28/drsr/g0017_III.21.20_3_0/result.json,/home/family/workplace/scientific-intelligent-modelling/AAAI_experiments/stage5_metric_calculation_0831/source_snapshot/results/clean/drsr/drsr_s522_clean_g0017/result.json,ff07a11425813f9f1c3614cf2b4acce1e67a76ef4a41eb3f2b5a2c39751bd5db,ok,True,True,0.031362929254318848,0.031362929254318848,1.0753837848460197,1.0753837848460197,True
drsr::Keijzer-11::s520::clean,drsr3h_ssr50_seed520-522_noise0-001-005_turbo_20260618-162355,clean,drsr,Keijzer-11,520,drsr_s520_clean_g0001,iaaccn29,/home/zhangziwen/workplace/scientific-intelligent-modelling/experiments/drsr3h_ssr50_seed520-522_noise0-001-005_turbo_20260618-162355/drsr/seed520/tasks/drsr_s520_clean_g0001/iaaccn29/drsr/g0001_Keijzer-11/result.json,/home/family/workplace/scientific-intelligent-modelling/AAAI_experiments/stage5_metric_calculation_0831/source_snapshot/results/clean/drsr/drsr_s520_clean_g0001/result.json,e5f490fd27ff66c952cf65b02665115df838269ecf80d18b41a8ea727db6de88,ok,True,True,1.55301733040331e+37,1.55301733040331e+37,3.7259903168249246e+40,3.7259903168249246e+40,True
drsr::Keijzer-11::s521::clean,drsr3h_ssr50_seed520-522_noise0-001-005_turbo_20260618-162355,clean,drsr,Keijzer-11,521,drsr_s521_clean_g0001,iaaccn29,/home/zhangziwen/workplace/scientific-intelligent-modelling/experiments/drsr3h_ssr50_seed520-522_noise0-001-005_turbo_20260618-162355/drsr/seed521/tasks/drsr_s521_clean_g0001/iaaccn29/drsr/g0001_Keijzer-11/result.json,/home/family/workplace/scientific-intelligent-modelling/AAAI_experiments/stage5_metric_calculation_0831/source_snapshot/results/clean/drsr/drsr_s521_clean_g0001/result.json,e14dae7bbaaeef2b28668caf99b3ea36f0cf05de6426b721fbd7b0b97e71cfa0,ok,True,True,10.691664870570328,10.691664870570328,19.386701775088305,19.386701775088305,True
drsr::Keijzer-11::s522::clean,drsr3h_ssr50_seed520-522_noise0-001-005_turbo_20260618-162355,clean,drsr,Keijzer-11,522,drsr_s522_clean_g0001,iaaccn27,/home/zhangziwen/workplace/scientific-intelligent-modelling/experiments/drsr3h_ssr50_seed520-522_noise0-001-005_turbo_20260618-162355/drsr/seed522/tasks/drsr_s522_clean_g0001/iaaccn27/drsr/g0001_Keijzer-11/result.json,/home/family/workplace/scientific-intelligent-modelling/AAAI_experiments/stage5_metric_calculation_0831/source_snapshot/results/clean/drsr/drsr_s522_clean_g0001/result.json,8052ecdef4ded56f79ce01c62e7075262b7643c3c89b66d8a98617a0c2a179fc,ok,True,True,0.16510209337530141,0.16510209337530141,0.079507101219562865,0.079507101219562865,True
drsr::Keijzer-2::s520::clean,drsr3h_ssr50_seed520-522_noise0-001-005_turbo_20260618-162355,clean,drsr,Keijzer-2,520,drsr_s520_clean_g0002,iaaccn29,/home/zhangziwen/workplace/scientific-intelligent-modelling/experiments/drsr3h_ssr50_seed520-522_noise0-001-005_turbo_20260618-162355/drsr/seed520/tasks/drsr_s520_clean_g0002/iaaccn29/drsr/g0002_Keijzer-2/result.json,/home/family/workplace/scientific-intelligent-modelling/AAAI_experiments/stage5_metric_calculation_0831/source_snapshot/results/clean/drsr/drsr_s520_clean_g0002/result.json,fc65d4787f1e302513292642f93e8404224d34710e55992b0d2eaf54cf6e1904,ok,True,True,0.11087200744201303,0.11087200744201303,1.1080277149791442,1.1080277149791442,True
drsr::Keijzer-2::s521::clean,drsr3h_ssr50_seed520-522_noise0-001-005_turbo_20260618-162355,clean,drsr,Keijzer-2,521,drsr_s521_clean_g0002,iaaccn29,/home/zhangziwen/workplace/scientific-intelligent-modelling/experiments/drsr3h_ssr50_seed520-522_noise0-001-005_turbo_20260618-162355/drsr/seed521/tasks/drsr_s521_clean_g0002/iaaccn29/drsr/g0002_Keijzer-2/result.json,/home/family/workplace/scientific-intelligent-modelling/AAAI_experiments/stage5_metric_calculation_0831/source_snapshot/results/clean/drsr/drsr_s521_clean_g0002/result.json,ecb8c13d641c600af0a928e6ebac9b65f03e45efd2635fbd8a55df14fcc28009,ok,True,True,0.037711817821251568,0.037711817821251568,0.89624164515670801,0.89624164515670801,True
drsr::Keijzer-2::s522::clean,drsr3h_ssr50_seed520-522_noise0-001-005_turbo_20260618-162355,clean,drsr,Keijzer-2,522,drsr_s522_clean_g0002,iaaccn27,/home/zhangziwen/workplace/scientific-intelligent-modelling/experiments/drsr3h_ssr50_seed520-522_noise0-001-005_turbo_20260618-162355/drsr/seed522/tasks/drsr_s522_clean_g0002/iaaccn27/drsr/g0002_Keijzer-2/result.json,/home/family/workplace/scientific-intelligent-modelling/AAAI_experiments/stage5_metric_calculation_0831/source_snapshot/results/clean/drsr/drsr_s522_clean_g0002/result.json,3081a27a8973d847fe7db209302299f0bc9342f1e591d7a5a4ce0fe904e52d53,ok,True,True,0.007523746849892491,0.007523746849892491,4.5111702987965412,4.5111702987965412,True
drsr::Korns-2::s520::clean,drsr3h_ssr50_seed520-522_noise0-001-005_turbo_20260618-162355,clean,drsr,Korns-2,520,drsr_s520_clean_g0003,iaaccn29,/home/zhangziwen/workplace/scientific-intelligent-modelling/experiments/drsr3h_ssr50_seed520-522_noise0-001-005_turbo_20260618-162355/drsr/seed520/tasks/drsr_s520_clean_g0003/iaaccn29/drsr/g0003_Korns-2/result.json,/home/family/workplace/scientific-intelligent-modelling/AAAI_experiments/stage5_metric_calculation_0831/source_snapshot/results/clean/drsr/drsr_s520_clean_g0003/result.json,d0c9880e13e5801d8e9cbd9e224ea48c60f8e1ca5667ad508216ded8afbeb9cb,ok,True,True,1.1333900424484811,1.1333900424484811,1.2897926161987732,1.2897926161987732,True
drsr::Korns-2::s521::clean,drsr3h_ssr50_seed520-522_noise0-001-005_turbo_20260618-162355,clean,drsr,Korns-2,521,drsr_s521_clean_g0003,iaaccn29,/home/zhangziwen/workplace/scientific-intelligent-modelling/experiments/drsr3h_ssr50_seed520-522_noise0-001-005_turbo_20260618-162355/drsr/seed521/tasks/drsr_s521_clean_g0003/iaaccn29/drsr/g0003_Korns-2/result.json,/home/family/workplace/scientific-intelligent-modelling/AAAI_experiments/stage5_metric_calculation_0831/source_snapshot/results/clean/drsr/drsr_s521_clean_g0003/result.json,9ba1b07180226e82db7d7cd202e579a5dfd2b0fd1328717b43b7959ed2d1281c,ok,True,True,1.3064546185131551,1.3064546185131551,1.3467376523104906,1.3467376523104906,True
drsr::Korns-2::s522::clean,drsr3h_ssr50_seed520-522_noise0-001-005_turbo_20260618-162355,clean,drsr,Korns-2,522,drsr_s522_clean_g0003,iaaccn27,/home/zhangziwen/workplace/scientific-intelligent-modelling/experiments/drsr3h_ssr50_seed520-522_noise0-001-005_turbo_20260618-162355/drsr/seed522/tasks/drsr_s522_clean_g0003/iaaccn27/drsr/g0003_Korns-2/result.json,/home/family/workplace/scientific-intelligent-modelling/AAAI_experiments/stage5_metric_calculation_0831/source_snapshot/results/clean/drsr/drsr_s522_clean_g0003/result.json,39d977b8ad4184608a837d067eb2b34fb20d785697b1c71d44edf12b1bb610d3,ok,True,True,1.1459025843593593,1.1459025843593593,1.133584415039101,1.133584415039101,True
drsr::Korns-4::s520::clean,drsr3h_ssr50_seed520-522_noise0-001-005_turbo_20260618-162355,clean,drsr,Korns-4,520,drsr_s520_clean_g0004,iaaccn29,/home/zhangziwen/workplace/scientific-intelligent-modelling/experiments/drsr3h_ssr50_seed520-522_noise0-001-005_turbo_20260618-162355/drsr/seed520/tasks/drsr_s520_clean_g0004/iaaccn29/drsr/g0004_Korns-4/result.json,/home/family/workplace/scientific-intelligent-modelling/AAAI_experiments/stage5_metric_calculation_0831/source_snapshot/results/clean/drsr/drsr_s520_clean_g0004/result.json,6c21d8ce1e2fa76fddf8e5d4e24fb42515249a433818adce520a5b2b1fd4ae24,ok,True,True,0.0016984872749815365,0.0016984872749815365,0.00187206580321174,0.00187206580321174,True
drsr::Korns-4::s521::clean,drsr3h_ssr50_seed520-522_noise0-001-005_turbo_20260618-162355,clean,drsr,Korns-4,521,drsr_s521_clean_g0004,iaaccn29,/home/zhangziwen/workplace/scientific-intelligent-modelling/experiments/drsr3h_ssr50_seed520-522_noise0-001-005_turbo_20260618-162355/drsr/seed521/tasks/drsr_s521_clean_g0004/iaaccn29/drsr/g0004_Korns-4/result.json,/home/family/workplace/scientific-intelligent-modelling/AAAI_experiments/stage5_metric_calculation_0831/source_snapshot/results/clean/drsr/drsr_s521_clean_g0004/result.json,de5b2171daf1dd577905640175adea3be7fcbfd8376d7d7ca40813b2406f2178,ok,True,True,0.0018893120655879446,0.0018893120655879446,0.0019447358466634706,0.0019447358466634706,True
drsr::Korns-4::s522::clean,drsr3h_ssr50_seed520-522_noise0-001-005_turbo_20260618-162355,clean,drsr,Korns-4,522,drsr_s522_clean_g0004,iaaccn27,/home/zhangziwen/workplace/scientific-intelligent-modelling/experiments/drsr3h_ssr50_seed520-522_noise0-001-005_turbo_20260618-162355/drsr/seed522/tasks/drsr_s522_clean_g0004/iaaccn27/drsr/g0004_Korns-4/result.json,/home/family/workplace/scientific-intelligent-modelling/AAAI_experiments/stage5_metric_calculation_0831/source_snapshot/results/clean/drsr/drsr_s522_clean_g0004/result.json,6c501e385fe4079373be3056b8185eefb429eac45449c303f9700ee61e56aa7d,ok,True,True,0.0017257633020051498,0.0017257633020051498,0.0020045485763612566,0.0020045485763612566,True
drsr::MatSci21::s520::clean,drsr3h_ssr50_seed520-522_noise0-001-005_turbo_20260618-162355,clean,drsr,MatSci21,520,drsr_s520_clean_g0018,iaaccn23,/home/zhangziwen/workplace/scientific-intelligent-modelling/experiments/drsr3h_ssr50_seed520-522_noise0-001-005_turbo_20260618-162355/drsr/seed520/tasks/drsr_s520_clean_g0018/iaaccn23/drsr/g0018_MatSci21/result.json,/home/family/workplace/scientific-intelligent-modelling/AAAI_experiments/stage5_metric_calculation_0831/source_snapshot/results/clean/drsr/drsr_s520_clean_g0018/result.json,54a6c653b367a43fe2a11fc20e555f8319ab8dda482e9432c899fb38d367e2ce,ok,True,True,4.368426516910464e-14,4.368426516910464e-14,2.7900515815829158e-14,2.7900515815829158e-14,True
drsr::MatSci21::s521::clean,drsr3h_ssr50_seed520-522_noise0-001-005_turbo_20260618-162355,clean,drsr,MatSci21,521,drsr_s521_clean_g0018,iaaccn27,/home/zhangziwen/workplace/scientific-intelligent-modelling/experiments/drsr3h_ssr50_seed520-522_noise0-001-005_turbo_20260618-162355/drsr/seed521/tasks/drsr_s521_clean_g0018/iaaccn27/drsr/g0018_MatSci21/result.json,/home/family/workplace/scientific-intelligent-modelling/AAAI_experiments/stage5_metric_calculation_0831/source_snapshot/results/clean/drsr/drsr_s521_clean_g0018/result.json,9bca5d104d783a3e6a13ec3c5fc8aef657fc8194461854d97803567aa8eef55f,ok,True,True,1.0629949398223446e-12,1.0629949398223446e-12,2.0129334785632884e-13,2.0129334785632884e-13,True
drsr::MatSci21::s522::clean,drsr3h_ssr50_seed520-522_noise0-001-005_turbo_20260618-162355,clean,drsr,MatSci21,522,drsr_s522_clean_g0018,iaaccn28,/home/zhangziwen/workplace/scientific-intelligent-modelling/experiments/drsr3h_ssr50_seed520-522_noise0-001-005_turbo_20260618-162355/drsr/seed522/tasks/drsr_s522_clean_g0018/iaaccn28/drsr/g0018_MatSci21/result.json,/home/family/workplace/scientific-intelligent-modelling/AAAI_experiments/stage5_metric_calculation_0831/source_snapshot/results/clean/drsr/drsr_s522_clean_g0018/result.json,865298d3986d7fcf187c43f90ef2cc336ddc89a422e1d3d83a24ae3aca4ff24a,ok,True,True,1.4328767238853447e-13,1.4328767238853447e-13,2.7973412307443811e-13,2.7973412307443811e-13,True
drsr::Nguyen-12::s520::clean,drsr3h_ssr50_seed520-522_noise0-001-005_turbo_20260618-162355,clean,drsr,Nguyen-12,520,drsr_s520_clean_g0021,iaaccn27,/home/zhangziwen/workplace/scientific-intelligent-modelling/experiments/drsr3h_ssr50_seed520-522_noise0-001-005_turbo_20260618-162355/drsr/seed520/tasks/drsr_s520_clean_g0021/iaaccn27/drsr/g0021_Nguyen-12/result.json,/home/family/workplace/scientific-intelligent-modelling/AAAI_experiments/stage5_metric_calculation_0831/source_snapshot/results/clean/drsr/drsr_s520_clean_g0021/result.json,154a57a0b1ca2645fd06bd652053b0707b97df6ffc4dd752b4c3a3196955ef3c,ok,True,True,3.5093772157262367e-21,3.5093772157262367e-21,5.0924884367137511e-19,5.0924884367137511e-19,True
drsr::Nguyen-12::s521::clean,drsr3h_ssr50_seed520-522_noise0-001-005_turbo_20260618-162355,clean,drsr,Nguyen-12,521,drsr_s521_clean_g0021,iaaccn23,/home/zhangziwen/workplace/scientific-intelligent-modelling/experiments/drsr3h_ssr50_seed520-522_noise0-001-005_turbo_20260618-162355/drsr/seed521/tasks/drsr_s521_clean_g0021/iaaccn23/drsr/g0021_Nguyen-12/result.json,/home/family/workplace/scientific-intelligent-modelling/AAAI_experiments/stage5_metric_calculation_0831/source_snapshot/results/clean/drsr/drsr_s521_clean_g0021/result.json,5d333b13c184ae427a6e0f132b29d8f166c683b801695d2a44d3ab7f8d35a4fa,ok,True,True,1.4817618064130734e-20,1.4817618064130734e-20,3.5144274679491129e-20,3.5144274679491129e-20,True
drsr::Nguyen-12::s522::clean,drsr3h_ssr50_seed520-522_noise0-001-005_turbo_20260618-162355,clean,drsr,Nguyen-12,522,drsr_s522_clean_g0021,iaaccn23,/home/zhangziwen/workplace/scientific-intelligent-modelling/experiments/drsr3h_ssr50_seed520-522_noise0-001-005_turbo_20260618-162355/drsr/seed522/tasks/drsr_s522_clean_g0021/iaaccn23/drsr/g0021_Nguyen-12/result.json,/home/family/workplace/scientific-intelligent-modelling/AAAI_experiments/stage5_metric_calculation_0831/source_snapshot/results/clean/drsr/drsr_s522_clean_g0021/result.json,b529230cc6f5bc23bffa292e7c598a6b8b9e879d72b01c148be24f40861ec23b,ok,True,True,8.4747279146378212e-19,8.4747279146378212e-19,7.5888370431757252e-18,7.5888370431757252e-18,True
drsr::Nguyen-6::s520::clean,drsr3h_ssr50_seed520-522_noise0-001-005_turbo_20260618-162355,clean,drsr,Nguyen-6,520,drsr_s520_clean_g0022,iaaccn27,/home/zhangziwen/workplace/scientific-intelligent-modelling/experiments/drsr3h_ssr50_seed520-522_noise0-001-005_turbo_20260618-162355/drsr/seed520/tasks/drsr_s520_clean_g0022/iaaccn27/drsr/g0022_Nguyen-6/result.json,/home/family/workplace/scientific-intelligent-modelling/AAAI_experiments/stage5_metric_calculation_0831/source_snapshot/results/clean/drsr/drsr_s520_clean_g0022/result.json,1ad1c73c84221caedd94d583377238d89be8db5c3fdd0904d0ac495e2160b55c,ok,True,True,9.3469380060277058e-09,9.3469380060277058e-09,0.022761854143572225,0.022761854143572225,True
drsr::Nguyen-6::s521::clean,drsr3h_ssr50_seed520-522_noise0-001-005_turbo_20260618-162355,clean,drsr,Nguyen-6,521,drsr_s521_clean_g0022,iaaccn23,/home/zhangziwen/workplace/scientific-intelligent-modelling/experiments/drsr3h_ssr50_seed520-522_noise0-001-005_turbo_20260618-162355/drsr/seed521/tasks/drsr_s521_clean_g0022/iaaccn23/drsr/g0022_Nguyen-6/result.json,/home/family/workplace/scientific-intelligent-modelling/AAAI_experiments/stage5_metric_calculation_0831/source_snapshot/results/clean/drsr/drsr_s521_clean_g0022/result.json,bf845f595301654993080850d57c6901ca5c38578dd12aefbd0c347b4d617dee,ok,True,True,2.0611005480358218e-10,2.0611005480358218e-10,0.00088023743601151809,0.00088023743601151809,True
drsr::Nguyen-6::s522::clean,drsr3h_ssr50_seed520-522_noise0-001-005_turbo_20260618-162355,clean,drsr,Nguyen-6,522,drsr_s522_clean_g0022,iaaccn23,/home/zhangziwen/workplace/scientific-intelligent-modelling/experiments/drsr3h_ssr50_seed520-522_noise0-001-005_turbo_20260618-162355/drsr/seed522/tasks/drsr_s522_clean_g0022/iaaccn23/drsr/g0022_Nguyen-6/result.json,/home/family/workplace/scientific-intelligent-modelling/AAAI_experiments/stage5_metric_calculation_0831/source_snapshot/results/clean/drsr/drsr_s522_clean_g0022/result.json,92894886fdaa35bc4d64f0f787641ca9396887b52277250d30b1c67d15ff4d84,ok,True,True,1.4363158020046095e-10,1.4363158020046095e-10,4.3807761023820766e-06,4.3807761023820766e-06,True
drsr::Nguyen-9::s520::clean,drsr3h_ssr50_seed520-522_noise0-001-005_turbo_20260618-162355,clean,drsr,Nguyen-9,520,drsr_s520_clean_g0023,iaaccn27,/home/zhangziwen/workplace/scientific-intelligent-modelling/experiments/drsr3h_ssr50_seed520-522_noise0-001-005_turbo_20260618-162355/drsr/seed520/tasks/drsr_s520_clean_g0023/iaaccn27/drsr/g0023_Nguyen-9/result.json,/home/family/workplace/scientific-intelligent-modelling/AAAI_experiments/stage5_metric_calculation_0831/source_snapshot/results/clean/drsr/drsr_s520_clean_g0023/result.json,af7346926d708381c9bcedffb38a25cebb1afb8d5f9a46e7104ce92ed8d87ab0,ok,True,True,1.46412982637766e-05,1.46412982637766e-05,5.1410021970857195e-06,5.1410021970857195e-06,True
drsr::Nguyen-9::s521::clean,drsr3h_ssr50_seed520-522_noise0-001-005_turbo_20260618-162355,clean,drsr,Nguyen-9,521,drsr_s521_clean_g0023,iaaccn23,/home/zhangziwen/workplace/scientific-intelligent-modelling/experiments/drsr3h_ssr50_seed520-522_noise0-001-005_turbo_20260618-162355/drsr/seed521/tasks/drsr_s521_clean_g0023/iaaccn23/drsr/g0023_Nguyen-9/result.json,/home/family/workplace/scientific-intelligent-modelling/AAAI_experiments/stage5_metric_calculation_0831/source_snapshot/results/clean/drsr/drsr_s521_clean_g0023/result.json,17c5620d07a686e9d4c96cee570e1e85bd0abdc9c0c907d276a0925a2b5cf24b,ok,True,True,8.0878885282244654e-06,8.0878885282244654e-06,2.6021851499902981e-05,2.6021851499902981e-05,True
drsr::Nguyen-9::s522::clean,drsr3h_ssr50_seed520-522_noise0-001-005_turbo_20260618-162355,clean,drsr,Nguyen-9,522,drsr_s522_clean_g0023,iaaccn23,/home/zhangziwen/workplace/scientific-intelligent-modelling/experiments/drsr3h_ssr50_seed520-522_noise0-001-005_turbo_20260618-162355/drsr/seed522/tasks/drsr_s522_clean_g0023/iaaccn23/drsr/g0023_Nguyen-9/result.json,/home/family/workplace/scientific-intelligent-modelling/AAAI_experiments/stage5_metric_calculation_0831/source_snapshot/results/clean/drsr/drsr_s522_clean_g0023/result.json,6aaad9358273cea2a05ab1da2d07f58d80a122ed407e48ad1e142dd9785c6aca,ok,True,True,1.1207666837391351e-05,1.1207666837391351e-05,5.6142485251233298e-06,5.6142485251233298e-06,True
drsr::PO19::s520::clean,drsr3h_ssr50_seed520-522_noise0-001-005_turbo_20260618-162355,clean,drsr,PO19,520,drsr_s520_clean_g0019,iaaccn23,/home/zhangziwen/workplace/scientific-intelligent-modelling/experiments/drsr3h_ssr50_seed520-522_noise0-001-005_turbo_20260618-162355/drsr/seed520/tasks/drsr_s520_clean_g0019/iaaccn23/drsr/g0019_PO19/result.json,/home/family/workplace/scientific-intelligent-modelling/AAAI_experiments/stage5_metric_calculation_0831/source_snapshot/results/clean/drsr/drsr_s520_clean_g0019/result.json,bd36adfee07f4e9d84653a5c031a2b2052133e1ae9092775b804702032f929b0,ok,True,True,0.001018839077835285,0.001018839077835285,61.511022855823512,61.511022855823512,True
drsr::PO19::s521::clean,drsr3h_ssr50_seed520-522_noise0-001-005_turbo_20260618-162355,clean,drsr,PO19,521,drsr_s521_clean_g0019,iaaccn27,/home/zhangziwen/workplace/scientific-intelligent-modelling/experiments/drsr3h_ssr50_seed520-522_noise0-001-005_turbo_20260618-162355/drsr/seed521/tasks/drsr_s521_clean_g0019/iaaccn27/drsr/g0019_PO19/result.json,/home/family/workplace/scientific-intelligent-modelling/AAAI_experiments/stage5_metric_calculation_0831/source_snapshot/results/clean/drsr/drsr_s521_clean_g0019/result.json,0c850f94cb97b717c8e532f984d45b4560ea3193f78c13ba1336667754e7d040,ok,True,True,0.00062620145367643968,0.00062620145367643968,42775.176635798824,42775.176635798824,True
drsr::PO19::s522::clean,drsr3h_ssr50_seed520-522_noise0-001-005_turbo_20260618-162355,clean,drsr,PO19,522,drsr_s522_clean_g0019,iaaccn28,/home/zhangziwen/workplace/scientific-intelligent-modelling/experiments/drsr3h_ssr50_seed520-522_noise0-001-005_turbo_20260618-162355/drsr/seed522/tasks/drsr_s522_clean_g0019/iaaccn28/drsr/g0019_PO19/result.json,/home/family/workplace/scientific-intelligent-modelling/AAAI_experiments/stage5_metric_calculation_0831/source_snapshot/results/clean/drsr/drsr_s522_clean_g0019/result.json,e02f728776bb9b18179ff2c9e1bcb6459359bbe46305e0e18e3078fdf2f231a0,ok,True,True,0.0018978752573120549,0.0018978752573120549,1111.1141653793763,1111.1141653793763,True
drsr::PO41::s520::clean,drsr3h_ssr50_seed520-522_noise0-001-005_turbo_20260618-162355,clean,drsr,PO41,520,drsr_s520_clean_g0020,iaaccn23,/home/zhangziwen/workplace/scientific-intelligent-modelling/experiments/drsr3h_ssr50_seed520-522_noise0-001-005_turbo_20260618-162355/drsr/seed520/tasks/drsr_s520_clean_g0020/iaaccn23/drsr/g0020_PO41/result.json,/home/family/workplace/scientific-intelligent-modelling/AAAI_experiments/stage5_metric_calculation_0831/source_snapshot/results/clean/drsr/drsr_s520_clean_g0020/result.json,23344059f89eb6b081ab36905d5cfa86b1f0d3242397484b6dabe973afcdeaf0,ok,True,True,0.00085020505365993536,0.00085020505365993536,0.21685046991368029,0.21685046991368029,True
drsr::PO41::s521::clean,drsr3h_ssr50_seed520-522_noise0-001-005_turbo_20260618-162355,clean,drsr,PO41,521,drsr_s521_clean_g0020,iaaccn27,/home/zhangziwen/workplace/scientific-intelligent-modelling/experiments/drsr3h_ssr50_seed520-522_noise0-001-005_turbo_20260618-162355/drsr/seed521/tasks/drsr_s521_clean_g0020/iaaccn27/drsr/g0020_PO41/result.json,/home/family/workplace/scientific-intelligent-modelling/AAAI_experiments/stage5_metric_calculation_0831/source_snapshot/results/clean/drsr/drsr_s521_clean_g0020/result.json,73e5177914533f9607367ce73e8126dd9000123583b5688c726b6934743749a3,ok,True,True,0.00044995424973559112,0.00044995424973559112,12.30603266704283,12.30603266704283,True
drsr::PO41::s522::clean,drsr3h_ssr50_seed520-522_noise0-001-005_turbo_20260618-162355,clean,drsr,PO41,522,drsr_s522_clean_g0020,iaaccn23,/home/zhangziwen/workplace/scientific-intelligent-modelling/experiments/drsr3h_ssr50_seed520-522_noise0-001-005_turbo_20260618-162355/drsr/seed522/tasks/drsr_s522_clean_g0020/iaaccn23/drsr/g0020_PO41/result.json,/home/family/workplace/scientific-intelligent-modelling/AAAI_experiments/stage5_metric_calculation_0831/source_snapshot/results/clean/drsr/drsr_s522_clean_g0020/result.json,015f042cb5548c293766ceb09098e18a5449f591e26a37cf2f5c9a3c675ea4e3,ok,True,True,0.0014465381895188742,0.0014465381895188742,601.2539181440186,601.2539181440186,True
drsr::Vladislavleva-4::s520::clean,drsr3h_ssr50_seed520-522_noise0-001-005_turbo_20260618-162355,clean,drsr,Vladislavleva-4,520,drsr_s520_clean_g0050,iaaccn23,/home/zhangziwen/workplace/scientific-intelligent-modelling/experiments/drsr3h_ssr50_seed520-522_noise0-001-005_turbo_20260618-162355/drsr/seed520/tasks/drsr_s520_clean_g0050/iaaccn23/drsr/g0050_Vladislavleva-4/result.json,/home/family/workplace/scientific-intelligent-modelling/AAAI_experiments/stage5_metric_calculation_0831/source_snapshot/results/clean/drsr/drsr_s520_clean_g0050/result.json,25b2d5c6ae3d86705f62fb9a02fd764a51c42a25a756ba079b663781e8cba830,ok,True,True,0.022334421606251494,0.022334421606251494,0.027919319442254176,0.027919319442254176,True
drsr::Vladislavleva-4::s521::clean,drsr3h_ssr50_seed520-522_noise0-001-005_turbo_20260618-162355,clean,drsr,Vladislavleva-4,521,drsr_s521_clean_g0050,iaaccn23,/home/zhangziwen/workplace/scientific-intelligent-modelling/experiments/drsr3h_ssr50_seed520-522_noise0-001-005_turbo_20260618-162355/drsr/seed521/tasks/drsr_s521_clean_g0050/iaaccn23/drsr/g0050_Vladislavleva-4/result.json,/home/family/workplace/scientific-intelligent-modelling/AAAI_experiments/stage5_metric_calculation_0831/source_snapshot/results/clean/drsr/drsr_s521_clean_g0050/result.json,cf82912b29c5d2f9cf6a71efbd43290c404a697ccd196138308b8b510294ef34,ok,True,True,0.026327022273224192,0.026327022273224192,0.037451591814752522,0.037451591814752522,True
drsr::Vladislavleva-4::s522::clean,drsr3h_ssr50_seed520-522_noise0-001-005_turbo_20260618-162355,clean,drsr,Vladislavleva-4,522,drsr_s522_clean_g0050,iaaccn23,/home/zhangziwen/workplace/scientific-intelligent-modelling/experiments/drsr3h_ssr50_seed520-522_noise0-001-005_turbo_20260618-162355/drsr/seed522/tasks/drsr_s522_clean_g0050/iaaccn23/drsr/g0050_Vladislavleva-4/result.json,/home/family/workplace/scientific-intelligent-modelling/AAAI_experiments/stage5_metric_calculation_0831/source_snapshot/results/clean/drsr/drsr_s522_clean_g0050/result.json,bec47c1edd0f66372216d85a4d16495a64ce205ec4c14c5a4be48996f2dff46e,ok,True,True,0.026523184479110996,0.026523184479110996,0.037620438252715771,0.037620438252715771,True
drsr::feynman-bonus.20::s520::clean,drsr3h_ssr50_seed520-522_noise0-001-005_turbo_20260618-162355,clean,drsr,feynman-bonus.20,520,drsr_s520_clean_g0041,iaaccn23,/home/zhangziwen/workplace/scientific-intelligent-modelling/experiments/drsr3h_ssr50_seed520-522_noise0-001-005_turbo_20260618-162355/drsr/seed520/tasks/drsr_s520_clean_g0041/iaaccn23/drsr/g0041_feynman-bonus.20/result.json,/home/family/workplace/scientific-intelligent-modelling/AAAI_experiments/stage5_metric_calculation_0831/source_snapshot/results/clean/drsr/drsr_s520_clean_g0041/result.json,f39097dcee667693ff45750b9090131bfab800dcbe4e470ee626ecf6209d575a,ok,True,True,0.9999999950661741,0.9999999950661741,1.0000000016430608,1.0000000016430608,True
drsr::feynman-bonus.20::s521::clean,drsr3h_ssr50_seed520-522_noise0-001-005_turbo_20260618-162355,clean,drsr,feynman-bonus.20,521,drsr_s521_clean_g0041,iaaccn23,/home/zhangziwen/workplace/scientific-intelligent-modelling/experiments/drsr3h_ssr50_seed520-522_noise0-001-005_turbo_20260618-162355/drsr/seed521/tasks/drsr_s521_clean_g0041/iaaccn23/drsr/g0041_feynman-bonus.20/result.json,/home/family/workplace/scientific-intelligent-modelling/AAAI_experiments/stage5_metric_calculation_0831/source_snapshot/results/clean/drsr/drsr_s521_clean_g0041/result.json,b172c62891b24d992e88e132243b8bfffaa97187462da2e34311350180bf3528,ok,True,True,1.0016508546919345,1.0016508546919345,1.0000451386069611,1.0000451386069611,True
drsr::feynman-bonus.20::s522::clean,drsr3h_ssr50_seed520-522_noise0-001-005_turbo_20260618-162355,clean,drsr,feynman-bonus.20,522,drsr_s522_clean_g0041,iaaccn27,/home/zhangziwen/workplace/scientific-intelligent-modelling/experiments/drsr3h_ssr50_seed520-522_noise0-001-005_turbo_20260618-162355/drsr/seed522/tasks/drsr_s522_clean_g0041/iaaccn27/drsr/g0041_feynman-bonus.20/result.json,/home/family/workplace/scientific-intelligent-modelling/AAAI_experiments/stage5_metric_calculation_0831/source_snapshot/results/clean/drsr/drsr_s522_clean_g0041/result.json,0d5c8d42f68f35c9bc7053cb8db51287e543de9ce898dd1f90e2e79d6163729b,ok,True,True,0.99999301652239514,0.99999301652239514,0.99999999973672449,0.99999999973672449,True
drsr::feynman-i.11.19::s520::clean,drsr3h_ssr50_seed520-522_noise0-001-005_turbo_20260618-162355,clean,drsr,feynman-i.11.19,520,drsr_s520_clean_g0048,iaaccn23,/home/zhangziwen/workplace/scientific-intelligent-modelling/experiments/drsr3h_ssr50_seed520-522_noise0-001-005_turbo_20260618-162355/drsr/seed520/tasks/drsr_s520_clean_g0048/iaaccn23/drsr/g0048_feynman-i.11.19/result.json,/home/family/workplace/scientific-intelligent-modelling/AAAI_experiments/stage5_metric_calculation_0831/source_snapshot/results/clean/drsr/drsr_s520_clean_g0048/result.json,6e0439c4c09686e34eae5ee5dc0aa5c6397c8ebcc0b1eef455c17402186c1c98,ok,True,True,0.0016187684767136495,0.0016187684767136495,0.068816225639845074,0.068816225639845074,True
drsr::feynman-i.11.19::s521::clean,drsr3h_ssr50_seed520-522_noise0-001-005_turbo_20260618-162355,clean,drsr,feynman-i.11.19,521,drsr_s521_clean_g0048,iaaccn23,/home/zhangziwen/workplace/scientific-intelligent-modelling/experiments/drsr3h_ssr50_seed520-522_noise0-001-005_turbo_20260618-162355/drsr/seed521/tasks/drsr_s521_clean_g0048/iaaccn23/drsr/g0048_feynman-i.11.19/result.json,/home/family/workplace/scientific-intelligent-modelling/AAAI_experiments/stage5_metric_calculation_0831/source_snapshot/results/clean/drsr/drsr_s521_clean_g0048/result.json,17b42dcbac98d30fa3166bfef5d26360f5a21b7df34e3fe04ea23889ca786154,ok,True,True,0.0012301689309291855,0.0012301689309291855,0.046391317422003635,0.046391317422003635,True
drsr::feynman-i.11.19::s522::clean,drsr3h_ssr50_seed520-522_noise0-001-005_turbo_20260618-162355,clean,drsr,feynman-i.11.19,522,drsr_s522_clean_g0048,iaaccn27,/home/zhangziwen/workplace/scientific-intelligent-modelling/experiments/drsr3h_ssr50_seed520-522_noise0-001-005_turbo_20260618-162355/drsr/seed522/tasks/drsr_s522_clean_g0048/iaaccn27/drsr/g0048_feynman-i.11.19/result.json,/home/family/workplace/scientific-intelligent-modelling/AAAI_experiments/stage5_metric_calculation_0831/source_snapshot/results/clean/drsr/drsr_s522_clean_g0048/result.json,e455cd373607d3ba90e5e36ed3529a1565868d832dd2ba0b8624d882cea4d093,ok,True,True,0.0017371287845808049,0.0017371287845808049,0.24829880338261404,0.24829880338261404,True
drsr::feynman-i.13.12::s520::clean,drsr3h_ssr50_seed520-522_noise0-001-005_turbo_20260618-162355,clean,drsr,feynman-i.13.12,520,drsr_s520_clean_g0045,iaaccn23,/home/zhangziwen/workplace/scientific-intelligent-modelling/experiments/drsr3h_ssr50_seed520-522_noise0-001-005_turbo_20260618-162355/drsr/seed520/tasks/drsr_s520_clean_g0045/iaaccn23/drsr/g0045_feynman-i.13.12/result.json,/home/family/workplace/scientific-intelligent-modelling/AAAI_experiments/stage5_metric_calculation_0831/source_snapshot/results/clean/drsr/drsr_s520_clean_g0045/result.json,ef0e8fcff148788fa56b805eee50ea41a9803b1e19e058b188dc5dd26db002b6,ok,True,True,1.5060675768633394,1.5060675768633394,4.6753328097173696,4.6753328097173696,True
drsr::feynman-i.13.12::s521::clean,drsr3h_ssr50_seed520-522_noise0-001-005_turbo_20260618-162355,clean,drsr,feynman-i.13.12,521,drsr_s521_clean_g0045,iaaccn23,/home/zhangziwen/workplace/scientific-intelligent-modelling/experiments/drsr3h_ssr50_seed520-522_noise0-001-005_turbo_20260618-162355/drsr/seed521/tasks/drsr_s521_clean_g0045/iaaccn23/drsr/g0045_feynman-i.13.12/result.json,/home/family/workplace/scientific-intelligent-modelling/AAAI_experiments/stage5_metric_calculation_0831/source_snapshot/results/clean/drsr/drsr_s521_clean_g0045/result.json,33d3fa275ee6297e2777e59c35a676a18fa4eae592ba62532a82c7005df19b0a,ok,True,True,0.56601190232298115,0.56601190232298115,1.760622061448726,1.760622061448726,True
drsr::feynman-i.13.12::s522::clean,drsr3h_ssr50_seed520-522_noise0-001-005_turbo_20260618-162355,clean,drsr,feynman-i.13.12,522,drsr_s522_clean_g0045,iaaccn27,/home/zhangziwen/workplace/scientific-intelligent-modelling/experiments/drsr3h_ssr50_seed520-522_noise0-001-005_turbo_20260618-162355/drsr/seed522/tasks/drsr_s522_clean_g0045/iaaccn27/drsr/g0045_feynman-i.13.12/result.json,/home/family/workplace/scientific-intelligent-modelling/AAAI_experiments/stage5_metric_calculation_0831/source_snapshot/results/clean/drsr/drsr_s522_clean_g0045/result.json,595e45f2b87f2a49c5c6a91f86810127d42528600954ce8dc28e3cdd015cbea3,ok,True,True,2.0298403258009166,2.0298403258009166,5.8788348701542699,5.8788348701542699,True
drsr::feynman-i.15.3t::s520::clean,drsr3h_ssr50_seed520-522_noise0-001-005_turbo_20260618-162355,clean,drsr,feynman-i.15.3t,520,drsr_s520_clean_g0042,iaaccn23,/home/zhangziwen/workplace/scientific-intelligent-modelling/experiments/drsr3h_ssr50_seed520-522_noise0-001-005_turbo_20260618-162355/drsr/seed520/tasks/drsr_s520_clean_g0042/iaaccn23/drsr/g0042_feynman-i.15.3t/result.json,/home/family/workplace/scientific-intelligent-modelling/AAAI_experiments/stage5_metric_calculation_0831/source_snapshot/results/clean/drsr/drsr_s520_clean_g0042/result.json,c8f584514427c6572d0884154581683179c869efb71f83e2d7fb8799dba54ce2,ok,True,True,1.5290072039597533e-08,1.5290072039597533e-08,4.862025649519177e-05,4.862025649519177e-05,True
drsr::feynman-i.15.3t::s521::clean,drsr3h_ssr50_seed520-522_noise0-001-005_turbo_20260618-162355,clean,drsr,feynman-i.15.3t,521,drsr_s521_clean_g0042,iaaccn23,/home/zhangziwen/workplace/scientific-intelligent-modelling/experiments/drsr3h_ssr50_seed520-522_noise0-001-005_turbo_20260618-162355/drsr/seed521/tasks/drsr_s521_clean_g0042/iaaccn23/drsr/g0042_feynman-i.15.3t/result.json,/home/family/workplace/scientific-intelligent-modelling/AAAI_experiments/stage5_metric_calculation_0831/source_snapshot/results/clean/drsr/drsr_s521_clean_g0042/result.json,d6d28c4746352682f365d45091a144e415bbb7aeefb41c98de740776cf9086c4,ok,True,True,1.5293333619691502e-08,1.5293333619691502e-08,4.8618049864843036e-05,4.8618049864843036e-05,True
drsr::feynman-i.15.3t::s522::clean,drsr3h_ssr50_seed520-522_noise0-001-005_turbo_20260618-162355,clean,drsr,feynman-i.15.3t,522,drsr_s522_clean_g0042,iaaccn27,/home/zhangziwen/workplace/scientific-intelligent-modelling/experiments/drsr3h_ssr50_seed520-522_noise0-001-005_turbo_20260618-162355/drsr/seed522/tasks/drsr_s522_clean_g0042/iaaccn27/drsr/g0042_feynman-i.15.3t/result.json,/home/family/workplace/scientific-intelligent-modelling/AAAI_experiments/stage5_metric_calculation_0831/source_snapshot/results/clean/drsr/drsr_s522_clean_g0042/result.json,619448a1aad06ce484bfc3faa1239df1d53865ea34575d1ea11bb5e644c0baa2,ok,True,True,1.529030388098994e-08,1.529030388098994e-08,4.8619517710927849e-05,4.8619517710927849e-05,True
drsr::feynman-i.18.16::s520::clean,drsr3h_ssr50_seed520-522_noise0-001-005_turbo_20260618-162355,clean,drsr,feynman-i.18.16,520,drsr_s520_clean_g0037,iaaccn29,/home/zhangziwen/workplace/scientific-intelligent-modelling/experiments/drsr3h_ssr50_seed520-522_noise0-001-005_turbo_20260618-162355/drsr/seed520/tasks/drsr_s520_clean_g0037/iaaccn29/drsr/g0037_feynman-i.18.16/result.json,/home/family/workplace/scientific-intelligent-modelling/AAAI_experiments/stage5_metric_calculation_0831/source_snapshot/results/clean/drsr/drsr_s520_clean_g0037/result.json,a29318605c5991fc5e3494aa56fe906c6e6b64a8280ba44dba969ae22015e67a,ok,True,True,1.3877270321918607,1.3877270321918607,17.183210792927849,17.183210792927849,True
drsr::feynman-i.18.16::s521::clean,drsr3h_ssr50_seed520-522_noise0-001-005_turbo_20260618-162355,clean,drsr,feynman-i.18.16,521,drsr_s521_clean_g0037,iaaccn29,/home/zhangziwen/workplace/scientific-intelligent-modelling/experiments/drsr3h_ssr50_seed520-522_noise0-001-005_turbo_20260618-162355/drsr/seed521/tasks/drsr_s521_clean_g0037/iaaccn29/drsr/g0037_feynman-i.18.16/result.json,/home/family/workplace/scientific-intelligent-modelling/AAAI_experiments/stage5_metric_calculation_0831/source_snapshot/results/clean/drsr/drsr_s521_clean_g0037/result.json,589df6b594e26ae5cfc7adf918c98b19a537e8c2277a46f85331fc3d819bbbc1,ok,True,True,5.1832726128320286e-15,5.1832726128320286e-15,6.4054562529795059e-17,6.4054562529795059e-17,True
drsr::feynman-i.18.16::s522::clean,drsr3h_ssr50_seed520-522_noise0-001-005_turbo_20260618-162355,clean,drsr,feynman-i.18.16,522,drsr_s522_clean_g0037,iaaccn23,/home/zhangziwen/workplace/scientific-intelligent-modelling/experiments/drsr3h_ssr50_seed520-522_noise0-001-005_turbo_20260618-162355/drsr/seed522/tasks/drsr_s522_clean_g0037/iaaccn23/drsr/g0037_feynman-i.18.16/result.json,/home/family/workplace/scientific-intelligent-modelling/AAAI_experiments/stage5_metric_calculation_0831/source_snapshot/results/clean/drsr/drsr_s522_clean_g0037/result.json,63123ec3f27b1a00a513a49bf290967c27f913e5bd5cf64eacda2e2a9213e91b,ok,True,True,5.3666449103652685e-15,5.3666449103652685e-15,2.1850587143418221e-15,2.1850587143418221e-15,True
drsr::feynman-i.29.16::s520::clean,drsr3h_ssr50_seed520-522_noise0-001-005_turbo_20260618-162355,clean,drsr,feynman-i.29.16,520,drsr_s520_clean_g0040,iaaccn29,/home/zhangziwen/workplace/scientific-intelligent-modelling/experiments/drsr3h_ssr50_seed520-522_noise0-001-005_turbo_20260618-162355/drsr/seed520/tasks/drsr_s520_clean_g0040/iaaccn29/drsr/g0040_feynman-i.29.16/result.json,/home/family/workplace/scientific-intelligent-modelling/AAAI_experiments/stage5_metric_calculation_0831/source_snapshot/results/clean/drsr/drsr_s520_clean_g0040/result.json,3809e1fcc8e2e911d8227384f0123024ad24470bfc6f7e0a099f7e50bd7c8bb3,ok,True,True,0.056484720837157443,0.056484720837157443,0.18701549309465373,0.18701549309465373,True
drsr::feynman-i.29.16::s521::clean,drsr3h_ssr50_seed520-522_noise0-001-005_turbo_20260618-162355,clean,drsr,feynman-i.29.16,521,drsr_s521_clean_g0040,iaaccn29,/home/zhangziwen/workplace/scientific-intelligent-modelling/experiments/drsr3h_ssr50_seed520-522_noise0-001-005_turbo_20260618-162355/drsr/seed521/tasks/drsr_s521_clean_g0040/iaaccn29/drsr/g0040_feynman-i.29.16/result.json,/home/family/workplace/scientific-intelligent-modelling/AAAI_experiments/stage5_metric_calculation_0831/source_snapshot/results/clean/drsr/drsr_s521_clean_g0040/result.json,e587e24f0a0f348b75f344558ca5371c42d45e7712b2bbd6b5b574d745565e4a,ok,True,True,0.049428632162123134,0.049428632162123134,0.2515031122928621,0.2515031122928621,True
drsr::feynman-i.29.16::s522::clean,drsr3h_ssr50_seed520-522_noise0-001-005_turbo_20260618-162355,clean,drsr,feynman-i.29.16,522,drsr_s522_clean_g0040,iaaccn23,/home/zhangziwen/workplace/scientific-intelligent-modelling/experiments/drsr3h_ssr50_seed520-522_noise0-001-005_turbo_20260618-162355/drsr/seed522/tasks/drsr_s522_clean_g0040/iaaccn23/drsr/g0040_feynman-i.29.16/result.json,/home/family/workplace/scientific-intelligent-modelling/AAAI_experiments/stage5_metric_calculation_0831/source_snapshot/results/clean/drsr/drsr_s522_clean_g0040/result.json,6edabef5aefae29bc0826e4965b2e993afc8614afdf1b9c86fb579377c961af3,ok,True,True,0.054229870941647058,0.054229870941647058,0.1524965854322583,0.1524965854322583,True
drsr::feynman-i.32.5::s520::clean,drsr3h_ssr50_seed520-522_noise0-001-005_turbo_20260618-162355,clean,drsr,feynman-i.32.5,520,drsr_s520_clean_g0046,iaaccn23,/home/zhangziwen/workplace/scientific-intelligent-modelling/experiments/drsr3h_ssr50_seed520-522_noise0-001-005_turbo_20260618-162355/drsr/seed520/tasks/drsr_s520_clean_g0046/iaaccn23/drsr/g0046_feynman-i.32.5/result.json,/home/family/workplace/scientific-intelligent-modelling/AAAI_experiments/stage5_metric_calculation_0831/source_snapshot/results/clean/drsr/drsr_s520_clean_g0046/result.json,6a9b1e14cc2249b8b2077d760cfa610d593d9b08aef4f9bc530773f52a2e3292,ok,True,True,0.067180110978093094,0.067180110978093094,0.1426625517441851,0.1426625517441851,True
drsr::feynman-i.32.5::s521::clean,drsr3h_ssr50_seed520-522_noise0-001-005_turbo_20260618-162355,clean,drsr,feynman-i.32.5,521,drsr_s521_clean_g0046,iaaccn23,/home/zhangziwen/workplace/scientific-intelligent-modelling/experiments/drsr3h_ssr50_seed520-522_noise0-001-005_turbo_20260618-162355/drsr/seed521/tasks/drsr_s521_clean_g0046/iaaccn23/drsr/g0046_feynman-i.32.5/result.json,/home/family/workplace/scientific-intelligent-modelling/AAAI_experiments/stage5_metric_calculation_0831/source_snapshot/results/clean/drsr/drsr_s521_clean_g0046/result.json,81b9002ade20e531abb4b12f7e9e0c0c7a02e86909c58ab5fc95f6748dfb6ca8,ok,True,True,0.093129608284025361,0.093129608284025361,0.19505715880159216,0.19505715880159216,True
drsr::feynman-i.32.5::s522::clean,drsr3h_ssr50_seed520-522_noise0-001-005_turbo_20260618-162355,clean,drsr,feynman-i.32.5,522,drsr_s522_clean_g0046,iaaccn27,/home/zhangziwen/workplace/scientific-intelligent-modelling/experiments/drsr3h_ssr50_seed520-522_noise0-001-005_turbo_20260618-162355/drsr/seed522/tasks/drsr_s522_clean_g0046/iaaccn27/drsr/g0046_feynman-i.32.5/result.json,/home/family/workplace/scientific-intelligent-modelling/AAAI_experiments/stage5_metric_calculation_0831/source_snapshot/results/clean/drsr/drsr_s522_clean_g0046/result.json,e5fff494e2f32804d1e2d4e388c5c3ee7ea455209c82f49a0c7853050cab0e94,ok,True,False,0.090331340336265969,0.090331340336265969,0.16422483926842288,0.16422483926842288,True
drsr::feynman-i.39.22::s520::clean,drsr3h_ssr50_seed520-522_noise0-001-005_turbo_20260618-162355,clean,drsr,feynman-i.39.22,520,drsr_s520_clean_g0043,iaaccn23,/home/zhangziwen/workplace/scientific-intelligent-modelling/experiments/drsr3h_ssr50_seed520-522_noise0-001-005_turbo_20260618-162355/drsr/seed520/tasks/drsr_s520_clean_g0043/iaaccn23/drsr/g0043_feynman-i.39.22/result.json,/home/family/workplace/scientific-intelligent-modelling/AAAI_experiments/stage5_metric_calculation_0831/source_snapshot/results/clean/drsr/drsr_s520_clean_g0043/result.json,882bc362fea65b46c532cc35b24e8d849acbdc7646b306b067b5eeefc31e6e40,ok,True,True,1.0074273781136021,1.0074273781136021,1.0001120605108944,1.0001120605108944,True
drsr::feynman-i.39.22::s521::clean,drsr3h_ssr50_seed520-522_noise0-001-005_turbo_20260618-162355,clean,drsr,feynman-i.39.22,521,drsr_s521_clean_g0043,iaaccn23,/home/zhangziwen/workplace/scientific-intelligent-modelling/experiments/drsr3h_ssr50_seed520-522_noise0-001-005_turbo_20260618-162355/drsr/seed521/tasks/drsr_s521_clean_g0043/iaaccn23/drsr/g0043_feynman-i.39.22/result.json,/home/family/workplace/scientific-intelligent-modelling/AAAI_experiments/stage5_metric_calculation_0831/source_snapshot/results/clean/drsr/drsr_s521_clean_g0043/result.json,70d4266e05f6fc02a11ce93622aef91a8fc30ddf60c826ec8735ca3097fb8d24,ok,True,True,0.62318907983553251,0.62318907983553251,0.9353892962411503,0.9353892962411503,True
drsr::feynman-i.39.22::s522::clean,drsr3h_ssr50_seed520-522_noise0-001-005_turbo_20260618-162355,clean,drsr,feynman-i.39.22,522,drsr_s522_clean_g0043,iaaccn27,/home/zhangziwen/workplace/scientific-intelligent-modelling/experiments/drsr3h_ssr50_seed520-522_noise0-001-005_turbo_20260618-162355/drsr/seed522/tasks/drsr_s522_clean_g0043/iaaccn27/drsr/g0043_feynman-i.39.22/result.json,/home/family/workplace/scientific-intelligent-modelling/AAAI_experiments/stage5_metric_calculation_0831/source_snapshot/results/clean/drsr/drsr_s522_clean_g0043/result.json,21e6b66b87279a06420d05a3f233fff877c4cafc7f1334d90aa80dfeb090c5d0,ok,True,True,1.1060246195048062,1.1060246195048062,1.0000980604982277,1.0000980604982277,True
drsr::feynman-i.43.31::s520::clean,drsr3h_ssr50_seed520-522_noise0-001-005_turbo_20260618-162355,clean,drsr,feynman-i.43.31,520,drsr_s520_clean_g0047,iaaccn23,/home/zhangziwen/workplace/scientific-intelligent-modelling/experiments/drsr3h_ssr50_seed520-522_noise0-001-005_turbo_20260618-162355/drsr/seed520/tasks/drsr_s520_clean_g0047/iaaccn23/drsr/g0047_feynman-i.43.31/result.json,/home/family/workplace/scientific-intelligent-modelling/AAAI_experiments/stage5_metric_calculation_0831/source_snapshot/results/clean/drsr/drsr_s520_clean_g0047/result.json,1a55a48996d1007cafae56d7fc771c0eb8bad0dc9afbd313178dff0912ef6178,ok,True,True,0.50681410054158305,0.50681410054158305,0.61524630445273487,0.61524630445273487,True
drsr::feynman-i.43.31::s521::clean,drsr3h_ssr50_seed520-522_noise0-001-005_turbo_20260618-162355,clean,drsr,feynman-i.43.31,521,drsr_s521_clean_g0047,iaaccn23,/home/zhangziwen/workplace/scientific-intelligent-modelling/experiments/drsr3h_ssr50_seed520-522_noise0-001-005_turbo_20260618-162355/drsr/seed521/tasks/drsr_s521_clean_g0047/iaaccn23/drsr/g0047_feynman-i.43.31/result.json,/home/family/workplace/scientific-intelligent-modelling/AAAI_experiments/stage5_metric_calculation_0831/source_snapshot/results/clean/drsr/drsr_s521_clean_g0047/result.json,6c7827511c9d00ac78bdcc1bc3c67af3007dd9d250c24f35df581c548aaafc0e,ok,True,True,0.2673163637860218,0.2673163637860218,0.39181305197713451,0.39181305197713451,True
drsr::feynman-i.43.31::s522::clean,drsr3h_ssr50_seed520-522_noise0-001-005_turbo_20260618-162355,clean,drsr,feynman-i.43.31,522,drsr_s522_clean_g0047,iaaccn27,/home/zhangziwen/workplace/scientific-intelligent-modelling/experiments/drsr3h_ssr50_seed520-522_noise0-001-005_turbo_20260618-162355/drsr/seed522/tasks/drsr_s522_clean_g0047/iaaccn27/drsr/g0047_feynman-i.43.31/result.json,/home/family/workplace/scientific-intelligent-modelling/AAAI_experiments/stage5_metric_calculation_0831/source_snapshot/results/clean/drsr/drsr_s522_clean_g0047/result.json,5043100e7f2ee783c7fc88a7989a00c4cd58e34a93500db1f6dd34e45f97847d,ok,True,True,0.3766165578915448,0.3766165578915448,0.56327579950960804,0.56327579950960804,True
drsr::feynman-ii.27.18::s520::clean,drsr3h_ssr50_seed520-522_noise0-001-005_turbo_20260618-162355,clean,drsr,feynman-ii.27.18,520,drsr_s520_clean_g0038,iaaccn29,/home/zhangziwen/workplace/scientific-intelligent-modelling/experiments/drsr3h_ssr50_seed520-522_noise0-001-005_turbo_20260618-162355/drsr/seed520/tasks/drsr_s520_clean_g0038/iaaccn29/drsr/g0038_feynman-ii.27.18/result.json,/home/family/workplace/scientific-intelligent-modelling/AAAI_experiments/stage5_metric_calculation_0831/source_snapshot/results/clean/drsr/drsr_s520_clean_g0038/result.json,0085d07bbb6063d522d5044a5314bfcaceb63ddbcd8bf397db3229bdbae7c282,ok,True,True,2.6991077134226547e-05,2.6991077134226547e-05,2.6991033775144427e-05,2.6991033775144427e-05,True
drsr::feynman-ii.27.18::s521::clean,drsr3h_ssr50_seed520-522_noise0-001-005_turbo_20260618-162355,clean,drsr,feynman-ii.27.18,521,drsr_s521_clean_g0038,iaaccn29,/home/zhangziwen/workplace/scientific-intelligent-modelling/experiments/drsr3h_ssr50_seed520-522_noise0-001-005_turbo_20260618-162355/drsr/seed521/tasks/drsr_s521_clean_g0038/iaaccn29/drsr/g0038_feynman-ii.27.18/result.json,/home/family/workplace/scientific-intelligent-modelling/AAAI_experiments/stage5_metric_calculation_0831/source_snapshot/results/clean/drsr/drsr_s521_clean_g0038/result.json,e95836c3aebcc37ec65fe6eaf0c2d46c9796eab79eef11889ea2c29cb9d31de3,ok,True,True,5.1803663388262814e-09,5.1803663388262814e-09,5.1797591994297459e-09,5.1797591994297459e-09,True
drsr::feynman-ii.27.18::s522::clean,drsr3h_ssr50_seed520-522_noise0-001-005_turbo_20260618-162355,clean,drsr,feynman-ii.27.18,522,drsr_s522_clean_g0038,iaaccn23,/home/zhangziwen/workplace/scientific-intelligent-modelling/experiments/drsr3h_ssr50_seed520-522_noise0-001-005_turbo_20260618-162355/drsr/seed522/tasks/drsr_s522_clean_g0038/iaaccn23/drsr/g0038_feynman-ii.27.18/result.json,/home/family/workplace/scientific-intelligent-modelling/AAAI_experiments/stage5_metric_calculation_0831/source_snapshot/results/clean/drsr/drsr_s522_clean_g0038/result.json,0188bc4e02a567f2ec7cf36e5af5f710535c0b85cfcebda7bf50b88b60265dfb,ok,True,True,0.0043891084277157249,0.0043891084277157249,0.0057789486803187101,0.0057789486803187101,True
drsr::feynman-ii.34.11::s520::clean,drsr3h_ssr50_seed520-522_noise0-001-005_turbo_20260618-162355,clean,drsr,feynman-ii.34.11,520,drsr_s520_clean_g0039,iaaccn29,/home/zhangziwen/workplace/scientific-intelligent-modelling/experiments/drsr3h_ssr50_seed520-522_noise0-001-005_turbo_20260618-162355/drsr/seed520/tasks/drsr_s520_clean_g0039/iaaccn29/drsr/g0039_feynman-ii.34.11/result.json,/home/family/workplace/scientific-intelligent-modelling/AAAI_experiments/stage5_metric_calculation_0831/source_snapshot/results/clean/drsr/drsr_s520_clean_g0039/result.json,83ca7c192edbd4d4c4626ddcf33f7200d7ba3635df1d446c03c71b75be67f472,ok,True,True,1.0035021791723306,1.0035021791723306,1.000009955020241,1.000009955020241,True
drsr::feynman-ii.34.11::s521::clean,drsr3h_ssr50_seed520-522_noise0-001-005_turbo_20260618-162355,clean,drsr,feynman-ii.34.11,521,drsr_s521_clean_g0039,iaaccn29,/home/zhangziwen/workplace/scientific-intelligent-modelling/experiments/drsr3h_ssr50_seed520-522_noise0-001-005_turbo_20260618-162355/drsr/seed521/tasks/drsr_s521_clean_g0039/iaaccn29/drsr/g0039_feynman-ii.34.11/result.json,/home/family/workplace/scientific-intelligent-modelling/AAAI_experiments/stage5_metric_calculation_0831/source_snapshot/results/clean/drsr/drsr_s521_clean_g0039/result.json,258c70ac7605567ef438d4c9de709acd35a04b968a412eeec24cc0ebc6670ff4,ok,True,True,0.93440309457541626,0.93440309457541626,1.0119622659563754,1.0119622659563754,True
drsr::feynman-ii.34.11::s522::clean,drsr3h_ssr50_seed520-522_noise0-001-005_turbo_20260618-162355,clean,drsr,feynman-ii.34.11,522,drsr_s522_clean_g0039,iaaccn23,/home/zhangziwen/workplace/scientific-intelligent-modelling/experiments/drsr3h_ssr50_seed520-522_noise0-001-005_turbo_20260618-162355/drsr/seed522/tasks/drsr_s522_clean_g0039/iaaccn23/drsr/g0039_feynman-ii.34.11/result.json,/home/family/workplace/scientific-intelligent-modelling/AAAI_experiments/stage5_metric_calculation_0831/source_snapshot/results/clean/drsr/drsr_s522_clean_g0039/result.json,972cd0bcb889677b13a7ebaa0599cb791c52c1e37fa7406ed0a879bd4d4a35e5,ok,True,True,1.0246137759888747,1.0246137759888747,0.999099567818589,0.999099567818589,True
drsr::feynman-ii.34.2a::s520::clean,drsr3h_ssr50_seed520-522_noise0-001-005_turbo_20260618-162355,clean,drsr,feynman-ii.34.2a,520,drsr_s520_clean_g0049,iaaccn23,/home/zhangziwen/workplace/scientific-intelligent-modelling/experiments/drsr3h_ssr50_seed520-522_noise0-001-005_turbo_20260618-162355/drsr/seed520/tasks/drsr_s520_clean_g0049/iaaccn23/drsr/g0049_feynman-ii.34.2a/result.json,/home/family/workplace/scientific-intelligent-modelling/AAAI_experiments/stage5_metric_calculation_0831/source_snapshot/results/clean/drsr/drsr_s520_clean_g0049/result.json,fc54bb9e51049a282afe24016a895e81affac8a0fc8ba43282cef2407461559d,ok,True,True,1.0291856013217162,1.0291856013217162,1.0028829939028927,1.0028829939028927,True
drsr::feynman-ii.34.2a::s521::clean,drsr3h_ssr50_seed520-522_noise0-001-005_turbo_20260618-162355,clean,drsr,feynman-ii.34.2a,521,drsr_s521_clean_g0049,iaaccn23,/home/zhangziwen/workplace/scientific-intelligent-modelling/experiments/drsr3h_ssr50_seed520-522_noise0-001-005_turbo_20260618-162355/drsr/seed521/tasks/drsr_s521_clean_g0049/iaaccn23/drsr/g0049_feynman-ii.34.2a/result.json,/home/family/workplace/scientific-intelligent-modelling/AAAI_experiments/stage5_metric_calculation_0831/source_snapshot/results/clean/drsr/drsr_s521_clean_g0049/result.json,7beb3c500e6b32ecd6647cac3460396def7253270e467fed2ecf6b2a73985655,ok,True,True,0.99538780081930001,0.99538780081930001,0.99998108800685404,0.99998108800685404,True
drsr::feynman-ii.34.2a::s522::clean,drsr3h_ssr50_seed520-522_noise0-001-005_turbo_20260618-162355,clean,drsr,feynman-ii.34.2a,522,drsr_s522_clean_g0049,iaaccn27,/home/zhangziwen/workplace/scientific-intelligent-modelling/experiments/drsr3h_ssr50_seed520-522_noise0-001-005_turbo_20260618-162355/drsr/seed522/tasks/drsr_s522_clean_g0049/iaaccn27/drsr/g0049_feynman-ii.34.2a/result.json,/home/family/workplace/scientific-intelligent-modelling/AAAI_experiments/stage5_metric_calculation_0831/source_snapshot/results/clean/drsr/drsr_s522_clean_g0049/result.json,b41b897b63fd6e85b30fa954dfd2addc4a06741a6fe20ed7aede1984ca1a2d2f,ok,True,True,1.026137121823949,1.026137121823949,1.0025475122881171,1.0025475122881171,True
drsr::feynman-ii.4.23::s520::clean,drsr3h_ssr50_seed520-522_noise0-001-005_turbo_20260618-162355,clean,drsr,feynman-ii.4.23,520,drsr_s520_clean_g0035,iaaccn29,/home/zhangziwen/workplace/scientific-intelligent-modelling/experiments/drsr3h_ssr50_seed520-522_noise0-001-005_turbo_20260618-162355/drsr/seed520/tasks/drsr_s520_clean_g0035/iaaccn29/drsr/g0035_feynman-ii.4.23/result.json,/home/family/workplace/scientific-intelligent-modelling/AAAI_experiments/stage5_metric_calculation_0831/source_snapshot/results/clean/drsr/drsr_s520_clean_g0035/result.json,4dfffef33ea75bf04f09ce28a9cd4cc91f61945e921bf3d6dfc316c08b06df09,ok,True,False,0.58551652733800286,0.58551652733800286,3.7663782933212215,3.7663782933212215,True
drsr::feynman-ii.4.23::s521::clean,drsr3h_ssr50_seed520-522_noise0-001-005_turbo_20260618-162355,clean,drsr,feynman-ii.4.23,521,drsr_s521_clean_g0035,iaaccn29,/home/zhangziwen/workplace/scientific-intelligent-modelling/experiments/drsr3h_ssr50_seed520-522_noise0-001-005_turbo_20260618-162355/drsr/seed521/tasks/drsr_s521_clean_g0035/iaaccn29/drsr/g0035_feynman-ii.4.23/result.json,/home/family/workplace/scientific-intelligent-modelling/AAAI_experiments/stage5_metric_calculation_0831/source_snapshot/results/clean/drsr/drsr_s521_clean_g0035/result.json,5bfddbeb6b8c27450a18a174bee2b22e9d92e906ef625e1ff991209780a4919c,ok,True,True,1.6700071786387815e-27,1.6700071786387815e-27,2.0463407050938907e-27,2.0463407050938907e-27,True
drsr::feynman-ii.4.23::s522::clean,drsr3h_ssr50_seed520-522_noise0-001-005_turbo_20260618-162355,clean,drsr,feynman-ii.4.23,522,drsr_s522_clean_g0035,iaaccn23,/home/zhangziwen/workplace/scientific-intelligent-modelling/experiments/drsr3h_ssr50_seed520-522_noise0-001-005_turbo_20260618-162355/drsr/seed522/tasks/drsr_s522_clean_g0035/iaaccn23/drsr/g0035_feynman-ii.4.23/result.json,/home/family/workplace/scientific-intelligent-modelling/AAAI_experiments/stage5_metric_calculation_0831/source_snapshot/results/clean/drsr/drsr_s522_clean_g0035/result.json,f1d154530810f10234033864ec0039b442bf37ab3fc4435f049c1d5e7b9febf7,ok,True,False,7.2183937666480975e-28,7.2183937666480975e-28,5.3270363746739577e-28,5.3270363746739577e-28,True
drsr::feynman-iii.10.19::s520::clean,drsr3h_ssr50_seed520-522_noise0-001-005_turbo_20260618-162355,clean,drsr,feynman-iii.10.19,520,drsr_s520_clean_g0044,iaaccn23,/home/zhangziwen/workplace/scientific-intelligent-modelling/experiments/drsr3h_ssr50_seed520-522_noise0-001-005_turbo_20260618-162355/drsr/seed520/tasks/drsr_s520_clean_g0044/iaaccn23/drsr/g0044_feynman-iii.10.19/result.json,/home/family/workplace/scientific-intelligent-modelling/AAAI_experiments/stage5_metric_calculation_0831/source_snapshot/results/clean/drsr/drsr_s520_clean_g0044/result.json,d4981972b7bd37afd658d47d1d7fcc913d75691c8031158d6a74996aea488983,ok,True,True,1.0000052508561266,1.0000052508561266,1.0000020892211137,1.0000020892211137,True
drsr::feynman-iii.10.19::s521::clean,drsr3h_ssr50_seed520-522_noise0-001-005_turbo_20260618-162355,clean,drsr,feynman-iii.10.19,521,drsr_s521_clean_g0044,iaaccn23,/home/zhangziwen/workplace/scientific-intelligent-modelling/experiments/drsr3h_ssr50_seed520-522_noise0-001-005_turbo_20260618-162355/drsr/seed521/tasks/drsr_s521_clean_g0044/iaaccn23/drsr/g0044_feynman-iii.10.19/result.json,/home/family/workplace/scientific-intelligent-modelling/AAAI_experiments/stage5_metric_calculation_0831/source_snapshot/results/clean/drsr/drsr_s521_clean_g0044/result.json,508125d66e5c438f3c5a2b7c3ca7213acbdc85affad710f8079327a0e24f9157,ok,True,True,1,1,1,1,True
drsr::feynman-iii.10.19::s522::clean,drsr3h_ssr50_seed520-522_noise0-001-005_turbo_20260618-162355,clean,drsr,feynman-iii.10.19,522,drsr_s522_clean_g0044,iaaccn27,/home/zhangziwen/workplace/scientific-intelligent-modelling/experiments/drsr3h_ssr50_seed520-522_noise0-001-005_turbo_20260618-162355/drsr/seed522/tasks/drsr_s522_clean_g0044/iaaccn27/drsr/g0044_feynman-iii.10.19/result.json,/home/family/workplace/scientific-intelligent-modelling/AAAI_experiments/stage5_metric_calculation_0831/source_snapshot/results/clean/drsr/drsr_s522_clean_g0044/result.json,b78ecc4ecb73be3d01593750aae07bb0ebd9fd7ac5a65192a8d390c29f6fb940,ok,True,True,337288.40770962008,337288.40770962008,1.0296565391401231,1.0296565391401231,True
drsr::feynman-iii.7.38::s520::clean,drsr3h_ssr50_seed520-522_noise0-001-005_turbo_20260618-162355,clean,drsr,feynman-iii.7.38,520,drsr_s520_clean_g0036,iaaccn29,/home/zhangziwen/workplace/scientific-intelligent-modelling/experiments/drsr3h_ssr50_seed520-522_noise0-001-005_turbo_20260618-162355/drsr/seed520/tasks/drsr_s520_clean_g0036/iaaccn29/drsr/g0036_feynman-iii.7.38/result.json,/home/family/workplace/scientific-intelligent-modelling/AAAI_experiments/stage5_metric_calculation_0831/source_snapshot/results/clean/drsr/drsr_s520_clean_g0036/result.json,1be2780e05922324c318e32dd84a722058f2af10a8e10cf3fb07fd5c3b7fecae,ok,True,True,1.000009239179485,1.000009239179485,1.000000000077671,1.000000000077671,True
drsr::feynman-iii.7.38::s521::clean,drsr3h_ssr50_seed520-522_noise0-001-005_turbo_20260618-162355,clean,drsr,feynman-iii.7.38,521,drsr_s521_clean_g0036,iaaccn29,/home/zhangziwen/workplace/scientific-intelligent-modelling/experiments/drsr3h_ssr50_seed520-522_noise0-001-005_turbo_20260618-162355/drsr/seed521/tasks/drsr_s521_clean_g0036/iaaccn29/drsr/g0036_feynman-iii.7.38/result.json,/home/family/workplace/scientific-intelligent-modelling/AAAI_experiments/stage5_metric_calculation_0831/source_snapshot/results/clean/drsr/drsr_s521_clean_g0036/result.json,c922e34e1fcd44e57342f5463c1c406233141ca40a94d9be7a35ce92e64b7209,ok,True,True,0.99999548691931073,0.99999548691931073,0.9999999997475677,0.9999999997475677,True
drsr::feynman-iii.7.38::s522::clean,drsr3h_ssr50_seed520-522_noise0-001-005_turbo_20260618-162355,clean,drsr,feynman-iii.7.38,522,drsr_s522_clean_g0036,iaaccn23,/home/zhangziwen/workplace/scientific-intelligent-modelling/experiments/drsr3h_ssr50_seed520-522_noise0-001-005_turbo_20260618-162355/drsr/seed522/tasks/drsr_s522_clean_g0036/iaaccn23/drsr/g0036_feynman-iii.7.38/result.json,/home/family/workplace/scientific-intelligent-modelling/AAAI_experiments/stage5_metric_calculation_0831/source_snapshot/results/clean/drsr/drsr_s522_clean_g0036/result.json,11a9ff85be3b529b7f7d9dc2ca10f0fd0937dc736f2b25f185bc7abcdc712ec9,ok,True,True,1.0000026274192528,1.0000026274192528,1.0000000000245575,1.0000000000245575,True
drsr::feynman_II_15_4::s520::clean,drsr3h_ssr50_seed520-522_noise0-001-005_turbo_20260618-162355,clean,drsr,feynman_II_15_4,520,drsr_s520_clean_g0024,iaaccn27,/home/zhangziwen/workplace/scientific-intelligent-modelling/experiments/drsr3h_ssr50_seed520-522_noise0-001-005_turbo_20260618-162355/drsr/seed520/tasks/drsr_s520_clean_g0024/iaaccn27/drsr/g0024_feynman_II_15_4/result.json,/home/family/workplace/scientific-intelligent-modelling/AAAI_experiments/stage5_metric_calculation_0831/source_snapshot/results/clean/drsr/drsr_s520_clean_g0024/result.json,bedd32bd1601d4e93df692e71e3ff0b8e1e9efe6c249ad4490c777fdbbc75bee,ok,True,True,4.2744634453187904e-26,4.2744634453187904e-26,4.2746403469871219e-26,4.2746403469871219e-26,True
drsr::feynman_II_15_4::s521::clean,drsr3h_ssr50_seed520-522_noise0-001-005_turbo_20260618-162355,clean,drsr,feynman_II_15_4,521,drsr_s521_clean_g0024,iaaccn23,/home/zhangziwen/workplace/scientific-intelligent-modelling/experiments/drsr3h_ssr50_seed520-522_noise0-001-005_turbo_20260618-162355/drsr/seed521/tasks/drsr_s521_clean_g0024/iaaccn23/drsr/g0024_feynman_II_15_4/result.json,/home/family/workplace/scientific-intelligent-modelling/AAAI_experiments/stage5_metric_calculation_0831/source_snapshot/results/clean/drsr/drsr_s521_clean_g0024/result.json,478b83505213bb200033941692480d78d5f78e144fa08571f65a61eeee1fcbcf,ok,True,True,2.5014480601663078e-31,2.5014480601663078e-31,5.9086069570842312e-32,5.9086069570842312e-32,True
drsr::feynman_II_15_4::s522::clean,drsr3h_ssr50_seed520-522_noise0-001-005_turbo_20260618-162355,clean,drsr,feynman_II_15_4,522,drsr_s522_clean_g0024,iaaccn23,/home/zhangziwen/workplace/scientific-intelligent-modelling/experiments/drsr3h_ssr50_seed520-522_noise0-001-005_turbo_20260618-162355/drsr/seed522/tasks/drsr_s522_clean_g0024/iaaccn23/drsr/g0024_feynman_II_15_4/result.json,/home/family/workplace/scientific-intelligent-modelling/AAAI_experiments/stage5_metric_calculation_0831/source_snapshot/results/clean/drsr/drsr_s522_clean_g0024/result.json,346ca21bc314e4d496ca68504b5fd531624fad02df69af4e0bbdee220227fa1b,ok,True,True,7.3971862479419489e-26,7.3971862479419489e-26,7.3970935178436293e-26,7.3970935178436293e-26,True
drsr::feynman_I_12_11::s520::clean,drsr3h_ssr50_seed520-522_noise0-001-005_turbo_20260618-162355,clean,drsr,feynman_I_12_11,520,drsr_s520_clean_g0025,iaaccn27,/home/zhangziwen/workplace/scientific-intelligent-modelling/experiments/drsr3h_ssr50_seed520-522_noise0-001-005_turbo_20260618-162355/drsr/seed520/tasks/drsr_s520_clean_g0025/iaaccn27/drsr/g0025_feynman_I_12_11/result.json,/home/family/workplace/scientific-intelligent-modelling/AAAI_experiments/stage5_metric_calculation_0831/source_snapshot/results/clean/drsr/drsr_s520_clean_g0025/result.json,d6948b81b53adfb7bb3fc6f1b81f7d98edb98d2f3852c36220dc293905c1611c,ok,True,True,0.10406953945955555,0.10406953945955555,0.31396052267750185,0.31396052267750185,True
drsr::feynman_I_12_11::s521::clean,drsr3h_ssr50_seed520-522_noise0-001-005_turbo_20260618-162355,clean,drsr,feynman_I_12_11,521,drsr_s521_clean_g0025,iaaccn23,/home/zhangziwen/workplace/scientific-intelligent-modelling/experiments/drsr3h_ssr50_seed520-522_noise0-001-005_turbo_20260618-162355/drsr/seed521/tasks/drsr_s521_clean_g0025/iaaccn23/drsr/g0025_feynman_I_12_11/result.json,/home/family/workplace/scientific-intelligent-modelling/AAAI_experiments/stage5_metric_calculation_0831/source_snapshot/results/clean/drsr/drsr_s521_clean_g0025/result.json,996b54402a05853a167f1f62c7d99ad753e79e1a72364cbc8f7402d7952ceb30,ok,True,True,0.0022092794759738703,0.0022092794759738703,0.010309803534019776,0.010309803534019776,True
drsr::feynman_I_12_11::s522::clean,drsr3h_ssr50_seed520-522_noise0-001-005_turbo_20260618-162355,clean,drsr,feynman_I_12_11,522,drsr_s522_clean_g0025,iaaccn23,/home/zhangziwen/workplace/scientific-intelligent-modelling/experiments/drsr3h_ssr50_seed520-522_noise0-001-005_turbo_20260618-162355/drsr/seed522/tasks/drsr_s522_clean_g0025/iaaccn23/drsr/g0025_feynman_I_12_11/result.json,/home/family/workplace/scientific-intelligent-modelling/AAAI_experiments/stage5_metric_calculation_0831/source_snapshot/results/clean/drsr/drsr_s522_clean_g0025/result.json,0ce339868e840f633be0d4492695f620f0eb22a81bd507eee66b65ef4ab4595f,ok,True,True,3.0971301883016694e-25,3.0971301883016694e-25,3.8207405911230105e-25,3.8207405911230105e-25,True
drsr::feynman_I_27_6::s520::clean,drsr3h_ssr50_seed520-522_noise0-001-005_turbo_20260618-162355,clean,drsr,feynman_I_27_6,520,drsr_s520_clean_g0026,iaaccn27,/home/zhangziwen/workplace/scientific-intelligent-modelling/experiments/drsr3h_ssr50_seed520-522_noise0-001-005_turbo_20260618-162355/drsr/seed520/tasks/drsr_s520_clean_g0026/iaaccn27/drsr/g0026_feynman_I_27_6/result.json,/home/family/workplace/scientific-intelligent-modelling/AAAI_experiments/stage5_metric_calculation_0831/source_snapshot/results/clean/drsr/drsr_s520_clean_g0026/result.json,6f3a4269fa5997a43ba06bcef549cb8a0ddfd64abffddc6b6ed2c18d82432936,ok,True,True,0.002063864948405028,0.002063864948405028,0.045087460587444679,0.045087460587444679,True
drsr::feynman_I_27_6::s521::clean,drsr3h_ssr50_seed520-522_noise0-001-005_turbo_20260618-162355,clean,drsr,feynman_I_27_6,521,drsr_s521_clean_g0026,iaaccn23,/home/zhangziwen/workplace/scientific-intelligent-modelling/experiments/drsr3h_ssr50_seed520-522_noise0-001-005_turbo_20260618-162355/drsr/seed521/tasks/drsr_s521_clean_g0026/iaaccn23/drsr/g0026_feynman_I_27_6/result.json,/home/family/workplace/scientific-intelligent-modelling/AAAI_experiments/stage5_metric_calculation_0831/source_snapshot/results/clean/drsr/drsr_s521_clean_g0026/result.json,57434a4ef03defca46f6d04c101f904deb4c056819be855229c765cc742970fb,ok,True,True,0.0047411173558826371,0.0047411173558826371,0.020237590405802249,0.020237590405802249,True
drsr::feynman_I_27_6::s522::clean,drsr3h_ssr50_seed520-522_noise0-001-005_turbo_20260618-162355,clean,drsr,feynman_I_27_6,522,drsr_s522_clean_g0026,iaaccn23,/home/zhangziwen/workplace/scientific-intelligent-modelling/experiments/drsr3h_ssr50_seed520-522_noise0-001-005_turbo_20260618-162355/drsr/seed522/tasks/drsr_s522_clean_g0026/iaaccn23/drsr/g0026_feynman_I_27_6/result.json,/home/family/workplace/scientific-intelligent-modelling/AAAI_experiments/stage5_metric_calculation_0831/source_snapshot/results/clean/drsr/drsr_s522_clean_g0026/result.json,9b5f4bcaa9cc46efbf11f650c3b96188b99c3b619be8ad039f63e422dbaf6854,ok,True,True,1.4144162334101653e-23,1.4144162334101653e-23,1.5616146983381248e-23,1.5616146983381248e-23,True
drsr::feynman_test_15::s520::clean,drsr3h_ssr50_seed520-522_noise0-001-005_turbo_20260618-162355,clean,drsr,feynman_test_15,520,drsr_s520_clean_g0027,iaaccn27,/home/zhangziwen/workplace/scientific-intelligent-modelling/experiments/drsr3h_ssr50_seed520-522_noise0-001-005_turbo_20260618-162355/drsr/seed520/tasks/drsr_s520_clean_g0027/iaaccn27/drsr/g0027_feynman_test_15/result.json,/home/family/workplace/scientific-intelligent-modelling/AAAI_experiments/stage5_metric_calculation_0831/source_snapshot/results/clean/drsr/drsr_s520_clean_g0027/result.json,8d07df5350563aba338ea1d01691eff78dba8533a89e2ca3088238a46b528c25,ok,True,True,0.00064511975270210625,0.00064511975270210625,0.0077106039572045221,0.0077106039572045221,True
drsr::feynman_test_15::s521::clean,drsr3h_ssr50_seed520-522_noise0-001-005_turbo_20260618-162355,clean,drsr,feynman_test_15,521,drsr_s521_clean_g0027,iaaccn23,/home/zhangziwen/workplace/scientific-intelligent-modelling/experiments/drsr3h_ssr50_seed520-522_noise0-001-005_turbo_20260618-162355/drsr/seed521/tasks/drsr_s521_clean_g0027/iaaccn23/drsr/g0027_feynman_test_15/result.json,/home/family/workplace/scientific-intelligent-modelling/AAAI_experiments/stage5_metric_calculation_0831/source_snapshot/results/clean/drsr/drsr_s521_clean_g0027/result.json,d686e38fc7e89577d5e4f04e70c2e98da125e7ea402774ff3d001f48c52fc9f2,ok,True,True,0.00062360304209565706,0.00062360304209565706,0.011249345229498752,0.011249345229498752,True
drsr::feynman_test_15::s522::clean,drsr3h_ssr50_seed520-522_noise0-001-005_turbo_20260618-162355,clean,drsr,feynman_test_15,522,drsr_s522_clean_g0027,iaaccn23,/home/zhangziwen/workplace/scientific-intelligent-modelling/experiments/drsr3h_ssr50_seed520-522_noise0-001-005_turbo_20260618-162355/drsr/seed522/tasks/drsr_s522_clean_g0027/iaaccn23/drsr/g0027_feynman_test_15/result.json,/home/family/workplace/scientific-intelligent-modelling/AAAI_experiments/stage5_metric_calculation_0831/source_snapshot/results/clean/drsr/drsr_s522_clean_g0027/result.json,ec4aaa618582425ca4e92ebb5682403d26b8dbc2c9eab5d2cd74f80d2078db43,ok,True,False,0.00041331101083728634,0.00041331101083728634,0.0040969383689889631,0.0040969383689889631,True
drsr::first_principles_hubble::s520::clean,drsr3h_ssr50_seed520-522_noise0-001-005_turbo_20260618-162355,clean,drsr,first_principles_hubble,520,drsr_s520_clean_g0033,iaaccn29,/home/zhangziwen/workplace/scientific-intelligent-modelling/experiments/drsr3h_ssr50_seed520-522_noise0-001-005_turbo_20260618-162355/drsr/seed520/tasks/drsr_s520_clean_g0033/iaaccn29/drsr/g0033_first_principles_hubble/result.json,/home/family/workplace/scientific-intelligent-modelling/AAAI_experiments/stage5_metric_calculation_0831/source_snapshot/results/clean/drsr/drsr_s520_clean_g0033/result.json,a0f2b27f48ed058fce9c4402475e24effb49f25762397d94a24a98a6cd177ba8,ok,True,True,0.28131706968190995,0.28131706968190995,0.10620210361455387,0.10620210361455387,True
drsr::first_principles_hubble::s521::clean,drsr3h_ssr50_seed520-522_noise0-001-005_turbo_20260618-162355,clean,drsr,first_principles_hubble,521,drsr_s521_clean_g0033,iaaccn29,/home/zhangziwen/workplace/scientific-intelligent-modelling/experiments/drsr3h_ssr50_seed520-522_noise0-001-005_turbo_20260618-162355/drsr/seed521/tasks/drsr_s521_clean_g0033/iaaccn29/drsr/g0033_first_principles_hubble/result.json,/home/family/workplace/scientific-intelligent-modelling/AAAI_experiments/stage5_metric_calculation_0831/source_snapshot/results/clean/drsr/drsr_s521_clean_g0033/result.json,b53695c5416a0912ba33e80670233c0736caad05f6def5ee4b9966ef97e55232,ok,True,True,0.37922619499266352,0.37922619499266352,0.10350055972972888,0.10350055972972888,True
drsr::first_principles_hubble::s522::clean,drsr3h_ssr50_seed520-522_noise0-001-005_turbo_20260618-162355,clean,drsr,first_principles_hubble,522,drsr_s522_clean_g0033,iaaccn23,/home/zhangziwen/workplace/scientific-intelligent-modelling/experiments/drsr3h_ssr50_seed520-522_noise0-001-005_turbo_20260618-162355/drsr/seed522/tasks/drsr_s522_clean_g0033/iaaccn23/drsr/g0033_first_principles_hubble/result.json,/home/family/workplace/scientific-intelligent-modelling/AAAI_experiments/stage5_metric_calculation_0831/source_snapshot/results/clean/drsr/drsr_s522_clean_g0033/result.json,234eabb8066296122027acaefd08488dd4baac00e8d6bee20b7b9bdeb892fb79,ok,True,True,0.27799238176264662,0.27799238176264662,0.082686171696696967,0.082686171696696967,True
drsr::first_principles_leavitt::s520::clean,drsr3h_ssr50_seed520-522_noise0-001-005_turbo_20260618-162355,clean,drsr,first_principles_leavitt,520,drsr_s520_clean_g0034,iaaccn29,/home/zhangziwen/workplace/scientific-intelligent-modelling/experiments/drsr3h_ssr50_seed520-522_noise0-001-005_turbo_20260618-162355/drsr/seed520/tasks/drsr_s520_clean_g0034/iaaccn29/drsr/g0034_first_principles_leavitt/result.json,/home/family/workplace/scientific-intelligent-modelling/AAAI_experiments/stage5_metric_calculation_0831/source_snapshot/results/clean/drsr/drsr_s520_clean_g0034/result.json,7efa2f86e3041299656c1106972da2cd93581191f841169c2366bdc10e7d2a62,ok,True,True,0.00091734410502555504,0.00091734410502555504,0.000426797341873982,0.000426797341873982,True
drsr::first_principles_leavitt::s521::clean,drsr3h_ssr50_seed520-522_noise0-001-005_turbo_20260618-162355,clean,drsr,first_principles_leavitt,521,drsr_s521_clean_g0034,iaaccn29,/home/zhangziwen/workplace/scientific-intelligent-modelling/experiments/drsr3h_ssr50_seed520-522_noise0-001-005_turbo_20260618-162355/drsr/seed521/tasks/drsr_s521_clean_g0034/iaaccn29/drsr/g0034_first_principles_leavitt/result.json,/home/family/workplace/scientific-intelligent-modelling/AAAI_experiments/stage5_metric_calculation_0831/source_snapshot/results/clean/drsr/drsr_s521_clean_g0034/result.json,f8db5f37c7966feb9ecc0fd83e576484dc0b14033b1daabed206403ee885c145,ok,True,True,0.00032526459852630428,0.00032526459852630428,0.00041834011320082475,0.00041834011320082475,True
drsr::first_principles_leavitt::s522::clean,drsr3h_ssr50_seed520-522_noise0-001-005_turbo_20260618-162355,clean,drsr,first_principles_leavitt,522,drsr_s522_clean_g0034,iaaccn23,/home/zhangziwen/workplace/scientific-intelligent-modelling/experiments/drsr3h_ssr50_seed520-522_noise0-001-005_turbo_20260618-162355/drsr/seed522/tasks/drsr_s522_clean_g0034/iaaccn23/drsr/g0034_first_principles_leavitt/result.json,/home/family/workplace/scientific-intelligent-modelling/AAAI_experiments/stage5_metric_calculation_0831/source_snapshot/results/clean/drsr/drsr_s522_clean_g0034/result.json,b12136f206d4987ae7839a62cd503acd5be3473e760f076fea063e46999356c4,ok,True,True,0.00030089433353271572,0.00030089433353271572,0.00042886827828759349,0.00042886827828759349,True
drsr::strogatz_barmag1::s520::clean,drsr3h_ssr50_seed520-522_noise0-001-005_turbo_20260618-162355,clean,drsr,strogatz_barmag1,520,drsr_s520_clean_g0028,iaaccn27,/home/zhangziwen/workplace/scientific-intelligent-modelling/experiments/drsr3h_ssr50_seed520-522_noise0-001-005_turbo_20260618-162355/drsr/seed520/tasks/drsr_s520_clean_g0028/iaaccn27/drsr/g0028_strogatz_barmag1/result.json,/home/family/workplace/scientific-intelligent-modelling/AAAI_experiments/stage5_metric_calculation_0831/source_snapshot/results/clean/drsr/drsr_s520_clean_g0028/result.json,a2f0227bf05865075c3831781df4ffce2012dd0cc28b1ff8ef86aa6d935c4a25,ok,True,True,1.4327150326227699e-23,1.4327150326227699e-23,3.4842751790628874e-23,3.4842751790628874e-23,True
drsr::strogatz_barmag1::s521::clean,drsr3h_ssr50_seed520-522_noise0-001-005_turbo_20260618-162355,clean,drsr,strogatz_barmag1,521,drsr_s521_clean_g0028,iaaccn23,/home/zhangziwen/workplace/scientific-intelligent-modelling/experiments/drsr3h_ssr50_seed520-522_noise0-001-005_turbo_20260618-162355/drsr/seed521/tasks/drsr_s521_clean_g0028/iaaccn23/drsr/g0028_strogatz_barmag1/result.json,/home/family/workplace/scientific-intelligent-modelling/AAAI_experiments/stage5_metric_calculation_0831/source_snapshot/results/clean/drsr/drsr_s521_clean_g0028/result.json,bcd2f48c44870cf2222df800344901631814c601e6e7ca093bd8e06d5ce0b6b1,ok,True,True,3.9269251197974291e-24,3.9269251197974291e-24,3.2832866818066772e-24,3.2832866818066772e-24,True
drsr::strogatz_barmag1::s522::clean,drsr3h_ssr50_seed520-522_noise0-001-005_turbo_20260618-162355,clean,drsr,strogatz_barmag1,522,drsr_s522_clean_g0028,iaaccn23,/home/zhangziwen/workplace/scientific-intelligent-modelling/experiments/drsr3h_ssr50_seed520-522_noise0-001-005_turbo_20260618-162355/drsr/seed522/tasks/drsr_s522_clean_g0028/iaaccn23/drsr/g0028_strogatz_barmag1/result.json,/home/family/workplace/scientific-intelligent-modelling/AAAI_experiments/stage5_metric_calculation_0831/source_snapshot/results/clean/drsr/drsr_s522_clean_g0028/result.json,1b1d5423cd51e2cee6351b905be99ab29265342fe860453c0bdda405cd5bb756,ok,True,True,8.2393744366758058e-23,8.2393744366758058e-23,2.012083132955887e-22,2.012083132955887e-22,True
drsr::strogatz_barmag2::s520::clean,drsr3h_ssr50_seed520-522_noise0-001-005_turbo_20260618-162355,clean,drsr,strogatz_barmag2,520,drsr_s520_clean_g0029,iaaccn27,/home/zhangziwen/workplace/scientific-intelligent-modelling/experiments/drsr3h_ssr50_seed520-522_noise0-001-005_turbo_20260618-162355/drsr/seed520/tasks/drsr_s520_clean_g0029/iaaccn27/drsr/g0029_strogatz_barmag2/result.json,/home/family/workplace/scientific-intelligent-modelling/AAAI_experiments/stage5_metric_calculation_0831/source_snapshot/results/clean/drsr/drsr_s520_clean_g0029/result.json,02d50f2e79798e2b9e90009e03a8b5c854c16cdb0ebb804261c93ed38247ccdf,ok,True,True,1.6930608208511309e-23,1.6930608208511309e-23,1.4584927269565319e-23,1.4584927269565319e-23,True
drsr::strogatz_barmag2::s521::clean,drsr3h_ssr50_seed520-522_noise0-001-005_turbo_20260618-162355,clean,drsr,strogatz_barmag2,521,drsr_s521_clean_g0029,iaaccn23,/home/zhangziwen/workplace/scientific-intelligent-modelling/experiments/drsr3h_ssr50_seed520-522_noise0-001-005_turbo_20260618-162355/drsr/seed521/tasks/drsr_s521_clean_g0029/iaaccn23/drsr/g0029_strogatz_barmag2/result.json,/home/family/workplace/scientific-intelligent-modelling/AAAI_experiments/stage5_metric_calculation_0831/source_snapshot/results/clean/drsr/drsr_s521_clean_g0029/result.json,f31c212189fec94393d81ed91bdffc6271ac0f8269f4031d039b54f2a05a9db9,ok,True,True,1.6858353907991084e-24,1.6858353907991084e-24,1.6794352978967464e-24,1.6794352978967464e-24,True
drsr::strogatz_barmag2::s522::clean,drsr3h_ssr50_seed520-522_noise0-001-005_turbo_20260618-162355,clean,drsr,strogatz_barmag2,522,drsr_s522_clean_g0029,iaaccn23,/home/zhangziwen/workplace/scientific-intelligent-modelling/experiments/drsr3h_ssr50_seed520-522_noise0-001-005_turbo_20260618-162355/drsr/seed522/tasks/drsr_s522_clean_g0029/iaaccn23/drsr/g0029_strogatz_barmag2/result.json,/home/family/workplace/scientific-intelligent-modelling/AAAI_experiments/stage5_metric_calculation_0831/source_snapshot/results/clean/drsr/drsr_s522_clean_g0029/result.json,de2de6cb664507855a771a01498ad9c663a2557c356a2fddc1452d5ed4e1be01,ok,True,True,1.7165773077298072e-22,1.7165773077298072e-22,1.7980154132867948e-22,1.7980154132867948e-22,True
drsr::strogatz_predprey2::s520::clean,drsr3h_ssr50_seed520-522_noise0-001-005_turbo_20260618-162355,clean,drsr,strogatz_predprey2,520,drsr_s520_clean_g0030,iaaccn27,/home/zhangziwen/workplace/scientific-intelligent-modelling/experiments/drsr3h_ssr50_seed520-522_noise0-001-005_turbo_20260618-162355/drsr/seed520/tasks/drsr_s520_clean_g0030/iaaccn27/drsr/g0030_strogatz_predprey2/result.json,/home/family/workplace/scientific-intelligent-modelling/AAAI_experiments/stage5_metric_calculation_0831/source_snapshot/results/clean/drsr/drsr_s520_clean_g0030/result.json,25c490df6ba25d6409a541a45e17281b30507f1bbbcb4b5d3719f57d7bbcb288,ok,True,True,2.4179196861436656e-23,2.4179196861436656e-23,5.7425948983444281e-23,5.7425948983444281e-23,True
drsr::strogatz_predprey2::s521::clean,drsr3h_ssr50_seed520-522_noise0-001-005_turbo_20260618-162355,clean,drsr,strogatz_predprey2,521,drsr_s521_clean_g0030,iaaccn23,/home/zhangziwen/workplace/scientific-intelligent-modelling/experiments/drsr3h_ssr50_seed520-522_noise0-001-005_turbo_20260618-162355/drsr/seed521/tasks/drsr_s521_clean_g0030/iaaccn23/drsr/g0030_strogatz_predprey2/result.json,/home/family/workplace/scientific-intelligent-modelling/AAAI_experiments/stage5_metric_calculation_0831/source_snapshot/results/clean/drsr/drsr_s521_clean_g0030/result.json,24adad71acedb4a766313ff2762a806d770486fb1aeff929802c9a5f083e5757,ok,True,False,8.2550337084318964e-22,8.2550337084318964e-22,0.003255558058359568,0.003255558058359568,True
drsr::strogatz_predprey2::s522::clean,drsr3h_ssr50_seed520-522_noise0-001-005_turbo_20260618-162355,clean,drsr,strogatz_predprey2,522,drsr_s522_clean_g0030,iaaccn27,/home/zhangziwen/workplace/scientific-intelligent-modelling/experiments/drsr3h_ssr50_seed520-522_noise0-001-005_turbo_20260618-162355/drsr/seed522/tasks/drsr_s522_clean_g0030/iaaccn27/drsr/g0030_strogatz_predprey2/result.json,/home/family/workplace/scientific-intelligent-modelling/AAAI_experiments/stage5_metric_calculation_0831/source_snapshot/results/clean/drsr/drsr_s522_clean_g0030/result.json,17c54525bf1730d58bb0b40fff2e493b8e6a2c7ec0c910f047f501ec71772cb2,ok,True,True,1.2781807049101527e-21,1.2781807049101527e-21,5.6062610454315866e-21,5.6062610454315866e-21,True
drsr::strogatz_shearflow1::s520::clean,drsr3h_ssr50_seed520-522_noise0-001-005_turbo_20260618-162355,clean,drsr,strogatz_shearflow1,520,drsr_s520_clean_g0031,iaaccn29,/home/zhangziwen/workplace/scientific-intelligent-modelling/experiments/drsr3h_ssr50_seed520-522_noise0-001-005_turbo_20260618-162355/drsr/seed520/tasks/drsr_s520_clean_g0031/iaaccn29/drsr/g0031_strogatz_shearflow1/result.json,/home/family/workplace/scientific-intelligent-modelling/AAAI_experiments/stage5_metric_calculation_0831/source_snapshot/results/clean/drsr/drsr_s520_clean_g0031/result.json,f989c3e5438a17b0481f6cd99667e9b807c8fc2dd6404465c32ed08dc9cbf01d,ok,True,True,0.074652108784596646,0.074652108784596646,5.975483852560532,5.975483852560532,True
drsr::strogatz_shearflow1::s521::clean,drsr3h_ssr50_seed520-522_noise0-001-005_turbo_20260618-162355,clean,drsr,strogatz_shearflow1,521,drsr_s521_clean_g0031,iaaccn29,/home/zhangziwen/workplace/scientific-intelligent-modelling/experiments/drsr3h_ssr50_seed520-522_noise0-001-005_turbo_20260618-162355/drsr/seed521/tasks/drsr_s521_clean_g0031/iaaccn29/drsr/g0031_strogatz_shearflow1/result.json,/home/family/workplace/scientific-intelligent-modelling/AAAI_experiments/stage5_metric_calculation_0831/source_snapshot/results/clean/drsr/drsr_s521_clean_g0031/result.json,ee6b9009e562ff258b85f9bbe77f3fc68f84829b5a266c9b89419b7bdb6455a4,ok,True,True,0.14724854862267786,0.14724854862267786,2.1060077653906508,2.1060077653906508,True
drsr::strogatz_shearflow1::s522::clean,drsr3h_ssr50_seed520-522_noise0-001-005_turbo_20260618-162355,clean,drsr,strogatz_shearflow1,522,drsr_s522_clean_g0031,iaaccn23,/home/zhangziwen/workplace/scientific-intelligent-modelling/experiments/drsr3h_ssr50_seed520-522_noise0-001-005_turbo_20260618-162355/drsr/seed522/tasks/drsr_s522_clean_g0031/iaaccn23/drsr/g0031_strogatz_shearflow1/result.json,/home/family/workplace/scientific-intelligent-modelling/AAAI_experiments/stage5_metric_calculation_0831/source_snapshot/results/clean/drsr/drsr_s522_clean_g0031/result.json,575774e0e0e9ff60fb690ebe88e110490da1cdc78bc4664e910c30dba4e8f464,ok,True,True,0.092333054970168485,0.092333054970168485,3.1506779362615958,3.1506779362615958,True
drsr::strogatz_vdp1::s520::clean,drsr3h_ssr50_seed520-522_noise0-001-005_turbo_20260618-162355,clean,drsr,strogatz_vdp1,520,drsr_s520_clean_g0032,iaaccn29,/home/zhangziwen/workplace/scientific-intelligent-modelling/experiments/drsr3h_ssr50_seed520-522_noise0-001-005_turbo_20260618-162355/drsr/seed520/tasks/drsr_s520_clean_g0032/iaaccn29/drsr/g0032_strogatz_vdp1/result.json,/home/family/workplace/scientific-intelligent-modelling/AAAI_experiments/stage5_metric_calculation_0831/source_snapshot/results/clean/drsr/drsr_s520_clean_g0032/result.json,56d233496f60f9d0982b1954c1ca3703dd4b54bb8c5da993fb33c63af837ce14,ok,True,True,3.1950096672634535e-23,3.1950096672634535e-23,1.6922311303334732e-22,1.6922311303334732e-22,True
drsr::strogatz_vdp1::s521::clean,drsr3h_ssr50_seed520-522_noise0-001-005_turbo_20260618-162355,clean,drsr,strogatz_vdp1,521,drsr_s521_clean_g0032,iaaccn29,/home/zhangziwen/workplace/scientific-intelligent-modelling/experiments/drsr3h_ssr50_seed520-522_noise0-001-005_turbo_20260618-162355/drsr/seed521/tasks/drsr_s521_clean_g0032/iaaccn29/drsr/g0032_strogatz_vdp1/result.json,/home/family/workplace/scientific-intelligent-modelling/AAAI_experiments/stage5_metric_calculation_0831/source_snapshot/results/clean/drsr/drsr_s521_clean_g0032/result.json,fc3182b1d8e88c29a56c74f37adbb75593d47769dfa12a6d1c8641b4253f85f6,ok,True,True,4.908754497475871e-24,4.908754497475871e-24,4.2517635612863492e-24,4.2517635612863492e-24,True
drsr::strogatz_vdp1::s522::clean,drsr3h_ssr50_seed520-522_noise0-001-005_turbo_20260618-162355,clean,drsr,strogatz_vdp1,522,drsr_s522_clean_g0032,iaaccn23,/home/zhangziwen/workplace/scientific-intelligent-modelling/experiments/drsr3h_ssr50_seed520-522_noise0-001-005_turbo_20260618-162355/drsr/seed522/tasks/drsr_s522_clean_g0032/iaaccn23/drsr/g0032_strogatz_vdp1/result.json,/home/family/workplace/scientific-intelligent-modelling/AAAI_experiments/stage5_metric_calculation_0831/source_snapshot/results/clean/drsr/drsr_s522_clean_g0032/result.json,2b845c5d7acfe8e68e8a35ea3085f66a912aba1763cb74f31fc835e0bb5ccd61,ok,True,True,1.2958760476806416e-24,1.2958760476806416e-24,3.25841175244582e-24,3.25841175244582e-24,True
dso::BPG3::s520::clean,formal3h_13alg_ssr50_seed520-522_noise0-001-005_20260622-014658,clean,dso,BPG3,520,dso_s520_clean_g0005,iaaccn28,/home/zhangziwen/workplace/scientific-intelligent-modelling/experiments/formal3h_13alg_ssr50_seed520-522_noise0-001-005_20260622-014658/dso/seed520/tasks/dso_s520_clean_g0005/iaaccn28/dso/g0005_BPG3/result.json,/home/family/workplace/scientific-intelligent-modelling/AAAI_experiments/stage5_metric_calculation_0831/source_snapshot/results/clean/dso/dso_s520_clean_g0005/result.json,8fbaa2a499a68327276d3125dd866386abd11022107c40c753ce4d029c502e2b,ok,True,True,0.00048293165500975913,0.00048293165500975913,0.033605169493516079,0.033605169493516079,True
dso::BPG3::s521::clean,formal3h_13alg_ssr50_seed520-522_noise0-001-005_20260622-014658,clean,dso,BPG3,521,dso_s521_clean_g0005,iaaccn28,/home/zhangziwen/workplace/scientific-intelligent-modelling/experiments/formal3h_13alg_ssr50_seed520-522_noise0-001-005_20260622-014658/dso/seed521/tasks/dso_s521_clean_g0005/iaaccn28/dso/g0005_BPG3/result.json,/home/family/workplace/scientific-intelligent-modelling/AAAI_experiments/stage5_metric_calculation_0831/source_snapshot/results/clean/dso/dso_s521_clean_g0005/result.json,b83215537af22a6263a286861d80660c5036f6d49cd23efa241bfe476384670a,ok,True,True,0.00092756060613358464,0.00092756060613358464,0.033604995013548203,0.033604995013548203,True
dso::BPG3::s522::clean,formal3h_13alg_ssr50_seed520-522_noise0-001-005_20260622-014658,clean,dso,BPG3,522,dso_s522_clean_g0005,iaaccn27,/home/zhangziwen/workplace/scientific-intelligent-modelling/experiments/formal3h_13alg_ssr50_seed520-522_noise0-001-005_20260622-014658/dso/seed522/tasks/dso_s522_clean_g0005/iaaccn27/dso/g0005_BPG3/result.json,/home/family/workplace/scientific-intelligent-modelling/AAAI_experiments/stage5_metric_calculation_0831/source_snapshot/results/clean/dso/dso_s522_clean_g0005/result.json,1fedcbdc804edb11d1d1a81dc742b81c6440402794e1ae51c595cdbb182ac1f8,ok,True,True,0.00048293165500975913,0.00048293165500975913,0.033605169493516079,0.033605169493516079,True
dso::BPG5::s520::clean,formal3h_13alg_ssr50_seed520-522_noise0-001-005_20260622-014658,clean,dso,BPG5,520,dso_s520_clean_g0006,iaaccn25,/home/zhangziwen/workplace/scientific-intelligent-modelling/experiments/formal3h_13alg_ssr50_seed520-522_noise0-001-005_20260622-014658/dso/seed520/tasks/dso_s520_clean_g0006/iaaccn25/dso/g0006_BPG5/result.json,/home/family/workplace/scientific-intelligent-modelling/AAAI_experiments/stage5_metric_calculation_0831/source_snapshot/results/clean/dso/dso_s520_clean_g0006/result.json,8933cc48b81a61e20744f2464044a912d2808d73d5b95d470c382b7be7f4a45d,ok,True,True,0.0069728090009388939,0.0069728090009388939,1,1,True
dso::BPG5::s521::clean,formal3h_13alg_ssr50_seed520-522_noise0-001-005_20260622-014658,clean,dso,BPG5,521,dso_s521_clean_g0006,iaaccn29,/home/zhangziwen/workplace/scientific-intelligent-modelling/experiments/formal3h_13alg_ssr50_seed520-522_noise0-001-005_20260622-014658/dso/seed521/tasks/dso_s521_clean_g0006/iaaccn29/dso/g0006_BPG5/result.json,/home/family/workplace/scientific-intelligent-modelling/AAAI_experiments/stage5_metric_calculation_0831/source_snapshot/results/clean/dso/dso_s521_clean_g0006/result.json,75ef82e4dd3a3653c44c16fbb7b0e1533d0967c56aeeb782fb8c2ba11a5d26e4,ok,True,True,0.025494507504961517,0.025494507504961517,1,1,True
dso::BPG5::s522::clean,formal3h_13alg_ssr50_seed520-522_noise0-001-005_20260622-014658,clean,dso,BPG5,522,dso_s522_clean_g0006,iaaccn27,/home/zhangziwen/workplace/scientific-intelligent-modelling/experiments/formal3h_13alg_ssr50_seed520-522_noise0-001-005_20260622-014658/dso/seed522/tasks/dso_s522_clean_g0006/iaaccn27/dso/g0006_BPG5/result.json,/home/family/workplace/scientific-intelligent-modelling/AAAI_experiments/stage5_metric_calculation_0831/source_snapshot/results/clean/dso/dso_s522_clean_g0006/result.json,e1663e6745bb2f1fe93412a638c7d967077a89929e47e82218d87a8819cce218,ok,True,True,0.023505952787220886,0.023505952787220886,1,1,True
dso::BPG9::s520::clean,formal3h_13alg_ssr50_seed520-522_noise0-001-005_20260622-014658,clean,dso,BPG9,520,dso_s520_clean_g0007,iaaccn22,/home/zhangziwen/workplace/scientific-intelligent-modelling/experiments/formal3h_13alg_ssr50_seed520-522_noise0-001-005_20260622-014658/dso/seed520/tasks/dso_s520_clean_g0007/iaaccn22/dso/g0007_BPG9/result.json,/home/family/workplace/scientific-intelligent-modelling/AAAI_experiments/stage5_metric_calculation_0831/source_snapshot/results/clean/dso/dso_s520_clean_g0007/result.json,6d494f43e5a8932aa9010f886817ee76352b262ebf7c38523239576ed5df5b7a,ok,True,True,0.16712336683762585,0.16712336683762585,1,1,True
dso::BPG9::s521::clean,formal3h_13alg_ssr50_seed520-522_noise0-001-005_20260622-014658,clean,dso,BPG9,521,dso_s521_clean_g0007,iaaccn24,/home/zhangziwen/workplace/scientific-intelligent-modelling/experiments/formal3h_13alg_ssr50_seed520-522_noise0-001-005_20260622-014658/dso/seed521/tasks/dso_s521_clean_g0007/iaaccn24/dso/g0007_BPG9/result.json,/home/family/workplace/scientific-intelligent-modelling/AAAI_experiments/stage5_metric_calculation_0831/source_snapshot/results/clean/dso/dso_s521_clean_g0007/result.json,0973f29d3623b98197a61df78560f3a7c1b10fad3e4c12a1e8c3ed778491e182,ok,True,True,0.17713800159992577,0.17713800159992577,0.99999999999999989,0.99999999999999989,True
dso::BPG9::s522::clean,formal3h_13alg_ssr50_seed520-522_noise0-001-005_20260622-014658,clean,dso,BPG9,522,dso_s522_clean_g0007,iaaccn22,/home/zhangziwen/workplace/scientific-intelligent-modelling/experiments/formal3h_13alg_ssr50_seed520-522_noise0-001-005_20260622-014658/dso/seed522/tasks/dso_s522_clean_g0007/iaaccn22/dso/g0007_BPG9/result.json,/home/family/workplace/scientific-intelligent-modelling/AAAI_experiments/stage5_metric_calculation_0831/source_snapshot/results/clean/dso/dso_s522_clean_g0007/result.json,b3ce67ea5e66147cef275cdd8279012e47aa99c7b1d2bcd66ced3b58a09d360a,ok,True,True,0.12690720911914039,0.12690720911914039,0.99999999999999989,0.99999999999999989,True
dso::CRK0::s520::clean,formal3h_13alg_ssr50_seed520-522_noise0-001-005_20260622-014658,clean,dso,CRK0,520,dso_s520_clean_g0008,iaaccn25,/home/zhangziwen/workplace/scientific-intelligent-modelling/experiments/formal3h_13alg_ssr50_seed520-522_noise0-001-005_20260622-014658/dso/seed520/tasks/dso_s520_clean_g0008/iaaccn25/dso/g0008_CRK0/result.json,/home/family/workplace/scientific-intelligent-modelling/AAAI_experiments/stage5_metric_calculation_0831/source_snapshot/results/clean/dso/dso_s520_clean_g0008/result.json,041165c2ce58484ed6a153fa6ee354e56bacc34b2c46ea7292bd747afbde5b77,ok,True,True,0.09836070079772137,0.09836070079772137,83.914040248830901,83.914040248830901,True
dso::CRK0::s521::clean,formal3h_13alg_ssr50_seed520-522_noise0-001-005_20260622-014658,clean,dso,CRK0,521,dso_s521_clean_g0008,iaaccn28,/home/zhangziwen/workplace/scientific-intelligent-modelling/experiments/formal3h_13alg_ssr50_seed520-522_noise0-001-005_20260622-014658/dso/seed521/tasks/dso_s521_clean_g0008/iaaccn28/dso/g0008_CRK0/result.json,/home/family/workplace/scientific-intelligent-modelling/AAAI_experiments/stage5_metric_calculation_0831/source_snapshot/results/clean/dso/dso_s521_clean_g0008/result.json,648ec4bcc79f134514d01599fba354ae07b4e3b62fa09fa520667eb6ab652dae,ok,True,True,0.09836070079772137,0.09836070079772137,83.914040248830901,83.914040248830901,True
dso::CRK0::s522::clean,formal3h_13alg_ssr50_seed520-522_noise0-001-005_20260622-014658,clean,dso,CRK0,522,dso_s522_clean_g0008,iaaccn23,/home/zhangziwen/workplace/scientific-intelligent-modelling/experiments/formal3h_13alg_ssr50_seed520-522_noise0-001-005_20260622-014658/dso/seed522/tasks/dso_s522_clean_g0008/iaaccn23/dso/g0008_CRK0/result.json,/home/family/workplace/scientific-intelligent-modelling/AAAI_experiments/stage5_metric_calculation_0831/source_snapshot/results/clean/dso/dso_s522_clean_g0008/result.json,d3ae76a7329e085d043e99d0a53aa9a77fa60d13fc6069f5c3c0c3b3d54672ab,ok,True,True,0.12268539513861565,0.12268539513861565,0.99999999999999956,0.99999999999999956,True
dso::CRK10::s520::clean,formal3h_13alg_ssr50_seed520-522_noise0-001-005_20260622-014658,clean,dso,CRK10,520,dso_s520_clean_g0009,iaaccn27,/home/zhangziwen/workplace/scientific-intelligent-modelling/experiments/formal3h_13alg_ssr50_seed520-522_noise0-001-005_20260622-014658/dso/seed520/tasks/dso_s520_clean_g0009/iaaccn27/dso/g0009_CRK10/result.json,/home/family/workplace/scientific-intelligent-modelling/AAAI_experiments/stage5_metric_calculation_0831/source_snapshot/results/clean/dso/dso_s520_clean_g0009/result.json,a9f014c8bf5d2b18445e1d059cce216d23854c648788888d482d4d74b240caa2,ok,True,True,0.019706308254665302,0.019706308254665302,4.2693184558893575,4.2693184558893575,True
dso::CRK10::s521::clean,formal3h_13alg_ssr50_seed520-522_noise0-001-005_20260622-014658,clean,dso,CRK10,521,dso_s521_clean_g0009,iaaccn25,/home/zhangziwen/workplace/scientific-intelligent-modelling/experiments/formal3h_13alg_ssr50_seed520-522_noise0-001-005_20260622-014658/dso/seed521/tasks/dso_s521_clean_g0009/iaaccn25/dso/g0009_CRK10/result.json,/home/family/workplace/scientific-intelligent-modelling/AAAI_experiments/stage5_metric_calculation_0831/source_snapshot/results/clean/dso/dso_s521_clean_g0009/result.json,ef05acfefd34e8fd5e72ba64f317b2a80527953ccf1068fdee19c0a77549f845,ok,True,True,0.042204608592973834,0.042204608592973834,428.59282016329007,428.59282016329007,True
dso::CRK10::s522::clean,formal3h_13alg_ssr50_seed520-522_noise0-001-005_20260622-014658,clean,dso,CRK10,522,dso_s522_clean_g0009,iaaccn24,/home/zhangziwen/workplace/scientific-intelligent-modelling/experiments/formal3h_13alg_ssr50_seed520-522_noise0-001-005_20260622-014658/dso/seed522/tasks/dso_s522_clean_g0009/iaaccn24/dso/g0009_CRK10/result.json,/home/family/workplace/scientific-intelligent-modelling/AAAI_experiments/stage5_metric_calculation_0831/source_snapshot/results/clean/dso/dso_s522_clean_g0009/result.json,b4122c83a59fb751a31b52328bee5553b0b59922c9bd01cde22b7e9647280286,ok,True,True,0.0044101255686490358,0.0044101255686490358,0.99999999995132227,0.99999999995132227,True
dso::CRK11::s520::clean,formal3h_13alg_ssr50_seed520-522_noise0-001-005_20260622-014658,clean,dso,CRK11,520,dso_s520_clean_g0010,iaaccn26,/home/zhangziwen/workplace/scientific-intelligent-modelling/experiments/formal3h_13alg_ssr50_seed520-522_noise0-001-005_20260622-014658/dso/seed520/tasks/dso_s520_clean_g0010/iaaccn26/dso/g0010_CRK11/result.json,/home/family/workplace/scientific-intelligent-modelling/AAAI_experiments/stage5_metric_calculation_0831/source_snapshot/results/clean/dso/dso_s520_clean_g0010/result.json,341b9727aa3467601db11ee4187665e8ee7f87a43062c3f7522668632965692b,ok,True,True,0.0025031821196473624,0.0025031821196473624,1,1,True
