dataset_id,probe,valid_seed_count,valid_seeds,valid_rate,mean_log_id_nmse,mean_log_ood_nmse,response
g0001,dso,3,520;521;522,1.0,-2.943865630560899,0.0,1.4719328152804494
g0001,imcts,3,520;521;522,1.0,-5.188608150024026,-2.5942868480824264,3.8914474990532266
g0001,pyoperon,3,520;521;522,1.0,-0.8969876278664012,2.686009511764881,-0.8945109419492399
g0001,udsr,3,520;521;522,1.0,-8.685991029818043,-4.308470536593571,6.497230783205807
g0002,dso,3,520;521;522,1.0,-3.200894981807103,-3.1937925393733426,3.197343760590223
g0002,imcts,3,520;521;522,1.0,-3.6294397734542567,-2.608140389698772,3.118790081576514
g0002,pyoperon,3,520;521;522,1.0,-3.528809342894135,-3.710979949439962,3.6198946461670483
g0002,udsr,3,520;521;522,1.0,-10.481788789288098,-6.94128589888549,8.711537344086794
g0003,dso,3,520;521;522,1.0,-4.1812117976249175,-4.959337706716579,4.570274752170748
g0003,imcts,3,520;521;522,1.0,-7.408929357122773,-6.598661869659279,7.003795613391025
g0003,pyoperon,3,520;521;522,1.0,-4.402651411740275,-4.8523865751958,4.627518993468038
g0003,udsr,3,520;521;522,1.0,-7.400694688749578,-5.745599373295683,6.57314703102263
g0004,dso,3,520;521;522,1.0,-1.4829308227086155,2.172951224633244e-14,0.7414654113542969
g0004,imcts,3,520;521;522,1.0,-3.410245363666886,-0.8943895406395285,2.1523174521532074
g0004,pyoperon,3,520;521;522,1.0,-0.6095217850085577,1.150611559302728,-0.27054488714708513
g0004,udsr,3,520;521;522,1.0,-7.153305485907983,-2.39601576944955,4.774660627678767
g0005,dso,3,520;521;522,1.0,-0.08359552944264326,0.06928587328630346,0.007154828078169896
g0005,imcts,3,520;521;522,1.0,-1.0928286148097632,-0.9077316166495925,1.000280115729678
g0005,pyoperon,3,520;521;522,1.0,-0.45616350659150173,-0.23270507615993788,0.3444342913757198
g0005,udsr,3,520;521;522,1.0,-0.7099506525285885,-0.47709057749077344,0.593520615009681
g0006,dso,3,520;521;522,1.0,-1.044572552780153,-1.7679336886810275e-16,0.5222862763900766
g0006,imcts,3,520;521;522,1.0,4.291873200374062,9.644035460155346,-6.967954330264703
g0006,pyoperon,2,520;521,0.6666666666666666,-1.0468525041953312,2.051237858535896,-1.1688593438369492
g0006,udsr,3,520;521;522,1.0,-7.699986481858281,-3.702093124522634,5.701039803190458
g0007,dso,3,520;521;522,1.0,-1.5288845853443043,1.2508720603476329,0.1390062624983357
g0007,imcts,3,520;521;522,1.0,-3.5996098845788773,0.20450491858630293,1.6975524829962871
g0007,pyoperon,3,520;521;522,1.0,-0.7899075424189265,1.8355848083814397,-0.5228386329812567
g0007,udsr,3,520;521;522,1.0,-7.02335444276259,-2.126252873085772,4.574803657924181
g0008,dso,3,520;521;522,1.0,-1.522307806853881,-1.0929056216913282,1.3076067142726044
g0008,imcts,3,520;521;522,1.0,-5.199037038510126,-4.062722908506223,4.630879973508175
g0008,pyoperon,3,520;521;522,1.0,-1.5651684285497112,-0.5255406217475834,1.0453545251486474
g0008,udsr,3,520;521;522,1.0,-8.687674158064853,-4.916735571501896,6.802204864783374
g0009,dso,3,520;521;522,1.0,-1.3379648982585524,-7.362653141999925e-06,0.6689861304558472
g0009,imcts,3,520;521;522,1.0,2.074140725900115,6.001029122386427,-4.037584924143271
g0009,pyoperon,3,520;521;522,1.0,-0.7732251484327395,0.2021872630021073,0.2855189427153161
g0009,udsr,3,520;521;522,1.0,-7.8646875714437385,-5.70120702635766,6.7829472989007
g0010,dso,3,520;521;522,1.0,-2.3327216374147164,2.6481217349705015,-0.15770004877789257
g0010,imcts,3,520;521;522,1.0,1.7954613366641354,5.969282581896841,-3.882371959280488
g0010,pyoperon,3,520;521;522,1.0,-3.2246131686126347,2.5443564747161855,0.3401283469482246
g0010,udsr,3,520;521;522,1.0,-9.747316858870567,-4.517133771048844,7.1322253149597055
g0011,dso,3,520;521;522,1.0,-0.18370500009617985,0.2995093259409794,-0.057902162922399775
g0011,imcts,3,520;521;522,1.0,-1.1904566263398495,-1.7384608318043886,1.4644587290721192
g0011,pyoperon,3,520;521;522,1.0,-0.3969453709062618,-0.2501565324030474,0.32355095165465464
g0011,udsr,3,520;521;522,1.0,-0.7014794471130344,-1.249846652736596,0.9756630499248151
g0012,dso,3,520;521;522,1.0,-1.2714492276225549,2.2883893280232823,-0.5084700502003637
g0012,imcts,3,520;521;522,1.0,-3.2885016053711165,1.3505979322400623,0.9689518365655271
g0012,pyoperon,3,520;521;522,1.0,-0.9199221274911421,3.3581648455991933,-1.2191213590540255
g0012,udsr,3,520;521;522,1.0,-8.354299318999812,-3.608878914444206,5.981589116722009
g0013,dso,3,520;521;522,1.0,-0.21529732353221173,-0.10746854915637168,0.1613829363442917
g0013,imcts,3,520;521;522,1.0,-2.8270602610322797,-2.8121510816624777,2.8196056713473787
g0013,pyoperon,3,520;521;522,1.0,-0.3026916646864259,-0.19836445785773782,0.2505280612720818
g0013,udsr,3,520;521;522,1.0,-0.9016886550252471,-0.8595326038664811,0.8806106294458641
g0014,dso,2,520;522,0.6666666666666666,-0.6859582737237829,0.6240019377392211,-0.6356884986743858
g0014,imcts,3,520;521;522,1.0,1.049199751008664,4.914970766610261,-2.9820852588094624
g0014,pyoperon,3,520;521;522,1.0,-0.46532170170008946,2.2130803520026734,-0.873879325151292
g0014,udsr,3,520;521;522,1.0,-8.792311741980987,-4.836372743441448,6.814342242711217
g0015,dso,3,520;521;522,1.0,-1.9434129698034575,-2.6942469480011204,2.318829958902289
g0015,imcts,3,520;521;522,1.0,-5.189941274033735,-3.1423878866009165,4.166164580317326
g0015,pyoperon,3,520;521;522,1.0,-1.6801373023385493,0.4614294200531665,0.6093539411426914
g0015,udsr,3,520;521;522,1.0,-6.110458173045955,-4.271096713706528,5.190777443376241
g0016,dso,3,520;521;522,1.0,-2.84239498793066,-2.443668648248876,2.643031818089768
g0016,imcts,3,520;521;522,1.0,-4.7342109594307695,-2.672567675378236,3.7033893174045027
g0016,pyoperon,3,520;521;522,1.0,-3.310014263844685,-2.7092884057888593,3.0096513348167724
g0016,udsr,3,520;521;522,1.0,-7.080597998028942,-2.310351950482454,4.695474974255698
g0017,dso,3,520;521;522,1.0,-1.4169528314702438,0.0,0.7084764157351219
g0017,imcts,3,520;521;522,1.0,-4.139166372581131,-0.3126021449738142,2.2258842587774725
g0017,pyoperon,3,520;521;522,1.0,-0.8941500613699143,1.6851506424162828,-0.39550029052318425
g0017,udsr,3,520;521;522,1.0,-5.712525777187817,-1.5264878656397756,3.619506821413796
g0018,dso,3,520;521;522,1.0,-3.112225603251971,-1.4735954130764164,2.292910508164194
g0018,imcts,3,520;521;522,1.0,6.414562033004567,12.0,-9.207281016502284
g0018,pyoperon,3,520;521;522,1.0,-3.9393258224144336,5.605868635865701,-0.8332714067256335
g0018,udsr,3,520;521;522,1.0,-11.687064853057114,-11.738122342151762,11.712593597604439
g0019,dso,3,520;521;522,1.0,-1.058669069744216,3.437590800909552,-1.1894608655826682
g0019,imcts,3,520;521;522,1.0,-1.5608378560185985,4.007233780429295,-1.2231979622053482
g0019,pyoperon,3,520;521;522,1.0,-0.8172791525406989,4.095511537818374,-1.6391161926388376
g0019,udsr,3,520;521;522,1.0,-7.282433627066204,-3.2289167671720986,5.255675197119151
g0020,dso,3,520;521;522,1.0,-1.9093431309987299,0.0,0.9546715654993649
g0020,imcts,3,520;521;522,1.0,1.0529770156364024,5.42896757704111,-3.2409722963387564
g0020,pyoperon,3,520;521;522,1.0,-0.7645702131330422,3.0045548747142568,-1.1199923307906072
g0020,udsr,3,520;521;522,1.0,-8.91385156698333,-4.7890413040238435,6.851446435503587
g0021,dso,3,520;521;522,1.0,-0.8107523361082615,3.4923636554631856,-1.340805659677462
g0021,imcts,3,520;521;522,1.0,-5.62641598850517,-0.6230033788125833,3.1247096836588764
g0021,pyoperon,3,520;521;522,1.0,-2.842440955885506,2.706637750096196,0.06790160289465508
g0021,udsr,3,520;521;522,1.0,-8.502279172791223,-2.070109056730638,5.286194114760931
g0022,dso,3,520;521;522,1.0,-2.2106841940589614,0.0,1.1053420970294807
g0022,imcts,3,520;521;522,1.0,-1.6466582319215135,2.4674035663364235,-0.410372667207455
g0022,pyoperon,2,520;521,0.6666666666666666,-1.0982976392820238,0.3907696857625822,-0.3129026899069459
g0022,udsr,3,520;521;522,1.0,-8.293619118855855,-4.301291150923786,6.2974551348898204
g0023,dso,3,520;521;522,1.0,-1.7786016349115468,-6.950739162951977e-08,0.8893008522094692
g0023,imcts,3,520;521;522,1.0,-3.2697082662487715,0.2606867124047067,1.5045107769220325
g0023,pyoperon,3,520;521;522,1.0,-0.913519014516253,1.4153231572660376,-0.25090207137489234
g0023,udsr,3,520;521;522,1.0,-8.507535517206465,-6.01995073630773,7.263743126757097
g0024,dso,3,520;521;522,1.0,-0.856104425528394,-3.214424888510958e-17,0.428052212764197
g0024,imcts,3,520;521;522,1.0,6.084904657724022,10.819089601808558,-8.45199712976629
g0024,pyoperon,3,520;521;522,1.0,-1.0408151473398037,0.7419748999616061,0.1494201236890988
g0024,udsr,3,520;521;522,1.0,-8.792629851315025,-5.406172192194169,7.099401021754597
g0025,dso,3,520;521;522,1.0,-1.8230999258955214,0.2029962123970316,0.8100518567492448
g0025,imcts,1,521,0.3333333333333333,5.501409894955632,9.20060231932624,-8.68433944047427
g0025,pyoperon,3,520;521;522,1.0,-2.480158033115236,0.6743102677028684,0.9029238827061838
g0025,udsr,3,520;521;522,1.0,-7.491987935303658,-4.335298540938766,5.913643238121212
g0026,dso,3,520;521;522,1.0,-2.6353418218278706,0.7581114637616243,0.9386151790331232
g0026,imcts,3,520;521;522,1.0,6.128679465940362,10.072895225580204,-8.100787345760283
g0026,pyoperon,3,520;521;522,1.0,-3.944759741987306,0.571438815174808,1.6866604634062492
g0026,udsr,3,520;521;522,1.0,-9.47363099316915,-4.852725593266693,7.163178293217921
g0027,dso,3,520;521;522,1.0,-2.2131678883120207,0.5654921338057394,0.8238378772531407
g0027,imcts,1,520,0.3333333333333333,7.624528996411933,12.0,-11.1455978315393
g0027,pyoperon,3,520;521;522,1.0,-3.953074526245419,0.34415918916680127,1.804457668539309
g0027,udsr,3,520;521;522,1.0,-9.020364299847811,-4.59040912364521,6.805386711746511
g0028,dso,3,520;521;522,1.0,-2.052048400594691,1.2921620955931383,0.37994315250077626
g0028,imcts,3,520;521;522,1.0,11.02930611927255,12.0,-11.514653059636274
g0028,pyoperon,3,520;521;522,1.0,-5.0913473329085805,-1.7864289191034863,3.4388881260060336
g0028,udsr,3,520;521;522,1.0,-8.43800855818485,-4.696026705881491,6.567017632033171
g0029,dso,3,520;521;522,1.0,-2.242462916584812,-1.3373528076775383,1.789907862131175
g0029,imcts,3,520;521;522,1.0,-5.2698544940325975,-4.197060215698982,4.73345735486579
g0029,pyoperon,3,520;521;522,1.0,-2.4486244106882595,-2.1265820672774765,2.287603238982868
g0029,udsr,3,520;521;522,1.0,-8.260422667684677,-6.035670552827763,7.14804661025622
g0030,dso,0,,0.0,,,-12.0
g0030,imcts,3,520;521;522,1.0,6.614703920559389,7.992780185152713,-7.303742052856052
g0030,pyoperon,3,520;521;522,1.0,-3.0503077769384483,-2.035140820121105,2.5427242985297767
g0030,udsr,3,520;521;522,1.0,-11.274628534368427,-10.138886962775594,10.70675774857201
g0031,dso,3,520;521;522,1.0,-0.9311868326322159,-0.18992458544548996,0.5605557090388529
g0031,imcts,3,520;521;522,1.0,-4.03123374012145,-0.775359116309636,2.403296428215543
g0031,pyoperon,3,520;521;522,1.0,-1.1672735150859792,-0.3415139019989714,0.7543937085424753
g0031,udsr,3,520;521;522,1.0,-7.941712997128808,-2.9810089820968764,5.461360989612842
g0032,dso,3,520;521;522,1.0,-1.8648342091130665,-0.6000838664727081,1.2324590377928872
g0032,imcts,3,520;521;522,1.0,-4.537248671382719,-2.6760809581694276,3.6066648147760736
g0032,pyoperon,3,520;521;522,1.0,-2.8974208269889132,-1.8059492084743594,2.3516850177316364
g0032,udsr,3,520;521;522,1.0,-9.047156962941521,-4.66196802808792,6.85456249551472
g0033,dso,3,520;521;522,1.0,-1.5737449905154222,2.5981756650655705,-0.5122153372750742
g0033,imcts,1,520,0.3333333333333333,-6.404403462871412,-0.553360989777264,2.1455488929910045
g0033,pyoperon,3,520;521;522,1.0,-3.198420846444641,1.5550331547323666,0.8216938458561373
g0033,udsr,3,520;521;522,1.0,-8.774003863606312,-3.103711238526921,5.938857551066617
g0034,dso,1,521,0.3333333333333333,-1.2550476591221644,-4.282840455828093,1.435610724141795
g0034,imcts,3,520;521;522,1.0,-4.070187237387642,-3.281824607237976,3.676005922312809
g0034,pyoperon,3,520;521;522,1.0,-1.6496473577984772,-2.162494789264741,1.906071073531609
g0034,udsr,3,520;521;522,1.0,-8.492356012309724,-6.738818440299653,7.615587226304688
g0035,dso,3,520;521;522,1.0,-2.4797746833136305,3.362673944418416,-0.4414496305523927
g0035,imcts,3,520;521;522,1.0,7.927007984977538,12.0,-9.96350399248877
g0035,pyoperon,3,520;521;522,1.0,-3.320847354978278,2.816531523123428,0.252157915927425
g0035,udsr,3,520;521;522,1.0,-9.918031718886112,-4.04802517359493,6.983028446240521
g0036,dso,3,520;521;522,1.0,-1.6816793534367793,-0.5252787748407064,1.1034790641387429
g0036,imcts,3,520;521;522,1.0,-3.840782304424033,-2.1815902269906697,3.0111862657073516
g0036,pyoperon,3,520;521;522,1.0,-2.7004490922735953,-1.0673616490455187,1.883905370659557
g0036,udsr,3,520;521;522,1.0,-6.970965330378366,-5.890103513625092,6.430534422001729
g0037,dso,3,520;521;522,1.0,-1.1733190262229447,-1.2204582031168858,1.1968886146699154
g0037,imcts,2,520;521,0.6666666666666666,6.67165549615401,8.650423090052477,-8.32770595976991
g0037,pyoperon,3,520;521;522,1.0,0.5800804873276381,2.1398031733905865,-1.3599418303591122
g0037,udsr,3,520;521;522,1.0,-6.511180739400193,-4.923593288542203,5.717387013971198
g0038,dso,3,520;521;522,1.0,-1.26052489140853,1.3843570981436448,-0.061916103367557374
g0038,imcts,3,520;521;522,1.0,-1.0796351457815534,0.8198850193168697,0.12987506323234183
g0038,pyoperon,3,520;521;522,1.0,-1.9741496338760347,0.4576591623572301,0.7582452357594023
g0038,udsr,3,520;521;522,1.0,-7.196154247894488,-2.7973255232337593,4.996739885564123
g0039,dso,3,520;521;522,1.0,-0.6906840129857633,-0.23617018381358115,0.4634270983996722
g0039,imcts,3,520;521;522,1.0,-5.235877535786547,-3.5730148483107222,4.404446192048635
g0039,pyoperon,3,520;521;522,1.0,-0.6759893974161204,-1.553875701959871,1.1149325496879956
g0039,udsr,3,520;521;522,1.0,-7.498991067951198,0.5429948504679244,3.4779981087416365
g0040,dso,3,520;521;522,1.0,-2.263958585079435,0.9835175948295168,0.640220495124959
g0040,imcts,3,520;521;522,1.0,-5.019638913188178,-0.1765698329717793,2.5981043730799787
g0040,pyoperon,3,520;521;522,1.0,-2.866275436442832,1.0756314468890793,0.8953219947768764
g0040,udsr,3,520;521;522,1.0,-7.306039844284888,-3.9671550102109,5.636597427247894
g0041,dso,3,520;521;522,1.0,-1.687986184221118,0.5982061103046399,0.544890036958239
g0041,imcts,3,520;521;522,1.0,3.508263228718682,8.839817293947297,-6.17404026133299
g0041,pyoperon,3,520;521;522,1.0,-2.7146814248464572,0.919151659467397,0.8977648826895301
g0041,udsr,3,520;521;522,1.0,-8.221151295347916,-2.8550540880940543,5.538102691720985
g0042,dso,3,520;521;522,1.0,-2.094997998841628,1.2748761304317726,0.4100609342049276
g0042,imcts,1,520,0.3333333333333333,7.557092735470474,12.0,-11.11187970106857
g0042,pyoperon,3,520;521;522,1.0,-3.796759284193282,0.14190171420175016,1.827428784995766
g0042,udsr,3,520;521;522,1.0,-9.79427895654297,-5.9090982047606415,7.851688580651805
g0043,dso,3,520;521;522,1.0,-2.3588251356056156,2.5700706735624834,-0.10562276897843392
g0043,imcts,3,520;521;522,1.0,3.8100057744016165,9.224769033821518,-6.517387404111568
g0043,pyoperon,3,520;521;522,1.0,-3.1126037339744346,1.464100246956414,0.8242517435090103
g0043,udsr,3,520;521;522,1.0,-9.222925696704872,-3.681944944721618,6.452435320713245
g0044,dso,2,520;522,0.6666666666666666,-1.5002315387601377,1.2983961358862695,-0.5657489652297326
g0044,imcts,3,520;521;522,1.0,-4.61797168038737,-0.8127050365277543,2.7153383584575623
g0044,pyoperon,3,520;521;522,1.0,-2.2654469342594425,1.420633909470106,0.4224065123946683
g0044,udsr,3,520;521;522,1.0,-7.995063297246179,-2.230717370973708,5.112890334109943
g0045,dso,3,520;521;522,1.0,-1.2961897995302938,0.0,0.6480948997651469
g0045,imcts,3,520;521;522,1.0,-4.609313805179761,-1.4231605974209816,3.0162372013003713
g0045,pyoperon,3,520;521;522,1.0,-1.7381897621204256,1.8237223695843499,-0.04276630373196211
g0045,udsr,3,520;521;522,1.0,-7.301483285337009,-1.8593742178004273,4.580428751568718
g0046,dso,3,520;521;522,1.0,-2.543796429130179,-1.9640733878785914,2.253934908504385
g0046,imcts,3,520;521;522,1.0,-4.417777809717317,-3.1096931847322176,3.7637354972247676
g0046,pyoperon,3,520;521;522,1.0,-3.2235378839581537,-3.2341422552329164,3.228840069595535
g0046,udsr,3,520;521;522,1.0,-6.419028279474588,-6.443492094012711,6.43126018674365
g0047,dso,3,520;521;522,1.0,-2.2024743457750606,0.7695429710235105,0.7164656873757751
g0047,imcts,2,521;522,0.6666666666666666,-0.30958916614660903,3.0191238013186203,-2.0214339842526723
g0047,pyoperon,3,520;521;522,1.0,-2.6252812542263015,-0.109520857089956,1.3674010556581289
g0047,udsr,3,520;521;522,1.0,-7.01845943875803,-2.1389924327372287,4.578725935747629
g0048,dso,3,520;521;522,1.0,-1.5816649411213044,0.0,0.7908324705606522
g0048,imcts,3,520;521;522,1.0,-3.8268178747138606,-1.2295855790081063,2.5282017268609835
g0048,pyoperon,3,520;521;522,1.0,-2.495398040226091,0.2016974141785446,1.1468503130237733
g0048,udsr,3,520;521;522,1.0,-7.960308693618448,-4.170776094898065,6.065542394258257
g0049,dso,3,520;521;522,1.0,-2.1953685709321915,-1.965851284493947,2.0806099277130694
g0049,imcts,2,521;522,0.6666666666666666,-3.9553096998506523,-2.8765260441013654,2.749251205309342
g0049,pyoperon,3,520;521;522,1.0,-2.9442617745739543,-2.247962263005789,2.5961120187898716
g0049,udsr,3,520;521;522,1.0,-8.649777238186308,-7.294590417277082,7.972183827731695
g0050,dso,3,520;521;522,1.0,-2.155739399601822,2.2129290706021187,-0.028594835500148408
g0050,imcts,3,520;521;522,1.0,-2.5392764210614565,3.828042099662032,-0.6443828393002877
g0050,pyoperon,3,520;521;522,1.0,-4.083989275973402,1.0464294477067577,1.5187799141333223
g0050,udsr,3,520;521;522,1.0,-8.685085765160379,-1.8424233380810218,5.2637545516207
g0051,dso,3,520;521;522,1.0,-0.26979972059199403,0.0,0.13489986029599702
g0051,imcts,3,520;521;522,1.0,-3.794476799736742,-3.1734847668552497,3.483980783295996
g0051,pyoperon,3,520;521;522,1.0,-1.5733284076273746,0.08198211065295999,0.7456731484872073
g0051,udsr,3,520;521;522,1.0,-7.438035133042642,-4.936827646675083,6.187431389858863
g0052,dso,3,520;521;522,1.0,-1.8136261280397925,1.561484240910086,0.12607094356485327
g0052,imcts,2,521;522,0.6666666666666666,5.958079979820159,11.38437207610989,-9.337892694631691
g0052,pyoperon,3,520;521;522,1.0,-3.387207595162464,0.3629203678668853,1.5121436136477893
g0052,udsr,3,520;521;522,1.0,-8.974165393827858,-4.3973890168839445,6.685777205355901
g0053,dso,3,520;521;522,1.0,-2.3176949786599437,0.0,1.1588474893299718
g0053,imcts,1,522,0.3333333333333333,4.804148316131347,10.16253980073052,-8.816677391764268
g0053,pyoperon,3,520;521;522,1.0,-3.0785788589000873,1.3085275451649145,0.8850256568675864
g0053,udsr,3,520;521;522,1.0,-9.594271593165706,-5.1860560184324545,7.39016380579908
g0054,dso,3,520;521;522,1.0,-2.1473233612236453,-2.6543595538928706,2.4008414575582577
g0054,imcts,3,520;521;522,1.0,-11.977596757351591,-12.0,11.988798378675796
g0054,pyoperon,3,520;521;522,1.0,-2.7882650611765265,-3.2771690316158977,3.032717046396212
g0054,udsr,3,520;521;522,1.0,-9.233709612852971,-5.104302686160315,7.169006149506643
g0055,dso,3,520;521;522,1.0,-0.308055891820611,0.003191171960522257,0.15243235993004436
g0055,imcts,3,520;521;522,1.0,-3.9032078243537303,-2.589777692331296,3.246492758342513
g0055,pyoperon,3,520;521;522,1.0,-1.7591054354877151,-0.5151120027802888,1.137108719134002
g0055,udsr,3,520;521;522,1.0,-7.424475373718379,-5.18869843823883,6.306586905978604
g0056,dso,3,520;521;522,1.0,-3.7009417444838513,-2.5094376852546465,3.105189714869249
g0056,imcts,3,520;521;522,1.0,-6.88800248117585,-6.026651416563969,6.457326948869909
g0056,pyoperon,3,520;521;522,1.0,-4.312653537571509,-4.236148057793334,4.274400797682421
g0056,udsr,3,520;521;522,1.0,-10.877302433907673,-10.205823382582027,10.541562908244849
g0057,dso,3,520;521;522,1.0,-1.6855546884978676,-0.704645831449184,1.1951002599735259
g0057,imcts,3,520;521;522,1.0,-3.9884631626848286,-1.8009041611677798,2.894683661926304
g0057,pyoperon,3,520;521;522,1.0,-2.5087926753030225,-0.38977756248631756,1.44928511889467
g0057,udsr,3,520;521;522,1.0,-7.844211976341247,-4.173549624793894,6.008880800567571
g0058,dso,3,520;521;522,1.0,-1.439750827908637,-0.16571202147152012,0.8027314246900786
g0058,imcts,3,520;521;522,1.0,-3.906868125784,-2.3786021557691788,3.1427351407765896
g0058,pyoperon,3,520;521;522,1.0,-1.7191220841241355,-0.8084985202420855,1.2638103021831104
g0058,udsr,3,520;521;522,1.0,-7.089810000471718,-3.674597364763996,5.382203682617857
g0059,dso,3,520;521;522,1.0,-3.077395744992307,-2.605062636004295,2.841229190498301
g0059,imcts,3,520;521;522,1.0,1.7416152116938965,5.437910994388037,-3.589763103040967
g0059,pyoperon,3,520;521;522,1.0,-3.201419689363561,4.429500056842925,-0.614040183739682
g0059,udsr,3,520;521;522,1.0,-10.77288784910778,-10.800789969897616,10.786838909502698
g0060,dso,3,520;521;522,1.0,-2.511340034701361,0.12340849683639273,1.193965768932484
g0060,imcts,3,520;521;522,1.0,1.683761655575901,5.612907435996706,-3.6483345457863035
g0060,pyoperon,3,520;521;522,1.0,-3.7021997655367556,0.983767796517146,1.3592159845098049
g0060,udsr,3,520;521;522,1.0,-9.894393117279817,-5.331662575533703,7.6130278464067604
g0061,dso,3,520;521;522,1.0,-1.775076278210517,-1.2569628739072212,1.516019576058869
g0061,imcts,3,520;521;522,1.0,-2.2523140028013895,-2.011551789497723,2.1319328961495563
g0061,pyoperon,3,520;521;522,1.0,-1.5221681016009,-1.2484869906646656,1.3853275461327828
g0061,udsr,3,520;521;522,1.0,-3.8404146380430624,-2.553632818643609,3.1970237283433356
g0062,dso,3,520;521;522,1.0,-2.4007998752386484,-1.732313804410624,2.0665568398246363
g0062,imcts,3,520;521;522,1.0,-2.1005550127547825,-1.4780673668939126,1.7893111898243474
g0062,pyoperon,3,520;521;522,1.0,-1.406542174427729,-0.7076636265904561,1.0571029005090926
g0062,udsr,3,520;521;522,1.0,-11.94603167471913,-11.94690629084146,11.946468982780296
g0063,dso,3,520;521;522,1.0,-1.6444031878190424,-1.1714183226311174,1.40791075522508
g0063,imcts,3,520;521;522,1.0,-1.6607680031999765,-1.1398096792533878,1.4002888412266823
g0063,pyoperon,3,520;521;522,1.0,-1.1984095555631462,-0.7651203510385267,0.9817649533008365
g0063,udsr,3,520;521;522,1.0,-11.947173245641808,-11.947398751090413,11.94728599836611
g0064,dso,3,520;521;522,1.0,-1.6817676066394138,-1.1697180011898853,1.4257428039146496
g0064,imcts,3,520;521;522,1.0,-1.7252638880187796,-1.2035724236750287,1.464418155846904
g0064,pyoperon,3,520;521;522,1.0,-1.1425983950286747,-0.6916868281505849,0.9171426115896297
g0064,udsr,3,520;521;522,1.0,-12.0,-12.0,12.0
g0065,dso,3,520;521;522,1.0,-2.5074805268012006,-1.8472178851219727,2.177349205961587
g0065,imcts,3,520;521;522,1.0,-2.1277536872190295,-1.4995647070032325,1.8136591971111309
g0065,pyoperon,3,520;521;522,1.0,-1.4365331992149448,-0.9001942163881959,1.1683637078015703
g0065,udsr,3,520;521;522,1.0,-12.0,-12.0,12.0
g0066,dso,3,520;521;522,1.0,-1.6840575419734811,-1.1323185775005729,1.4081880597370269
g0066,imcts,3,520;521;522,1.0,-1.7057065425766187,-1.1688282571501352,1.437267399863377
g0066,pyoperon,2,521;522,0.6666666666666666,-1.0795185734112325,-0.5972258055851591,0.17170552283152907
g0066,udsr,3,520;521;522,1.0,-11.703942306937988,-11.712349009845637,11.708145658391812
g0067,dso,3,520;521;522,1.0,-1.6765087557316614,-1.194539454408938,1.4355241050702996
g0067,imcts,3,520;521;522,1.0,-1.6870015389749158,-1.2099850957792817,1.4484933173770989
g0067,pyoperon,3,520;521;522,1.0,-1.1834263628373518,-0.6731043492912994,0.9282653560643256
g0067,udsr,3,520;521;522,1.0,-12.0,-12.0,12.0
g0068,dso,3,520;521;522,1.0,-0.8044617523505684,-0.10480800379872941,0.4546348780746489
g0068,imcts,3,520;521;522,1.0,-0.8998510899512246,1.645274211006355,-0.37271156052756516
g0068,pyoperon,3,520;521;522,1.0,-0.7628473090773067,1.368481852460371,-0.30281727169153216
g0068,udsr,3,520;521;522,1.0,-4.4335745854806845,-3.0359608878666626,3.734767736673674
g0069,dso,3,520;521;522,1.0,-1.0298416063666551,-0.12283510719874528,0.5763383567827002
g0069,imcts,3,520;521;522,1.0,-1.2039070947919266,-0.1668978984232464,0.6854024966075865
g0069,pyoperon,3,520;521;522,1.0,-0.9455081449052506,1.4937617912430499,-0.27412682316889964
g0069,udsr,3,520;521;522,1.0,-5.3792957063914315,-4.266352018901255,4.822823862646343
g0070,dso,3,520;521;522,1.0,0.001052151123872236,0.32068719393953116,-0.1608696725317017
g0070,imcts,3,520;521;522,1.0,2.095045231854823e-08,0.005424966463252384,-0.0027124937068523512
g0070,pyoperon,2,520;521,0.6666666666666666,-2.024675768941047e-05,1.3090627570414788,-1.3211879218085616
g0070,udsr,3,520;521;522,1.0,0.008420890638045572,0.1334988878100644,-0.07095988922405498
g0071,dso,3,520;521;522,1.0,-1.558110740179407,-0.6977100171869677,1.1279103786831874
g0071,imcts,3,520;521;522,1.0,-1.8933847323811328,-0.9917181681070567,1.4425514502440948
g0071,pyoperon,3,520;521;522,1.0,-1.6254043658155284,-0.6863153453536293,1.1558598555845787
g0071,udsr,3,520;521;522,1.0,-4.487569814683601,-2.661666078094324,3.5746179463889627
g0072,dso,3,520;521;522,1.0,-3.805658014225352,-4.19283029883162,3.999244156528486
g0072,imcts,3,520;521;522,1.0,-1.321841761585319,-1.0193762423732178,1.1706090019792685
g0072,pyoperon,3,520;521;522,1.0,-0.47026291542776755,-0.22149751055625466,0.3458802129920111
g0072,udsr,3,520;521;522,1.0,-7.507558636805059,-6.172082512247087,6.8398205745260725
g0073,dso,3,520;521;522,1.0,-1.8354654289268069,-1.5206002756438475,1.6780328522853272
g0073,imcts,3,520;521;522,1.0,-1.2503583593782401,1.1252411997819751,0.06255857979813251
g0073,pyoperon,2,521;522,0.6666666666666666,-0.7072729767890866,-0.23581193721590626,-0.19512420966417032
g0073,udsr,3,520;521;522,1.0,-4.376240201089016,-2.7726830478930506,3.5744616244910334
g0074,dso,3,520;521;522,1.0,-1.6515247310999854,-1.1134152419461243,1.3824699865230548
g0074,imcts,3,520;521;522,1.0,-1.9629159639752318,-1.5268804565643082,1.74489821026977
g0074,pyoperon,3,520;521;522,1.0,-1.4752119127040604,-1.292891623419996,1.3840517680620281
g0074,udsr,3,520;521;522,1.0,-3.8720737284885995,-2.197218781341346,3.034646254914973
g0075,dso,3,520;521;522,1.0,-1.460500118337654,-1.1028336852718348,1.2816669018047444
g0075,imcts,3,520;521;522,1.0,-1.940424275314118,-1.5151643905128438,1.727794332913481
g0075,pyoperon,3,520;521;522,1.0,-1.4752049780532044,-1.296603944576733,1.3859044613149687
g0075,udsr,3,520;521;522,1.0,-3.6553877021617605,-2.405445616714655,3.030416659438208
g0076,dso,3,520;521;522,1.0,-1.5770939406044444,-0.8152678685211109,1.1961809045627776
g0076,imcts,3,520;521;522,1.0,-1.6967561481712856,-0.9026076967098385,1.299681922440562
g0076,pyoperon,3,520;521;522,1.0,-1.295158956359922,-0.7430956770711963,1.0191273167155592
g0076,udsr,3,520;521;522,1.0,-6.145615321232771,-3.890498002450068,5.0180566618414195
g0077,dso,3,520;521;522,1.0,-8.653341659123265,-8.751576387184608,8.702459023153937
g0077,imcts,3,520;521;522,1.0,-2.122253582171282,-1.9733027821820837,2.0477781821766827
g0077,pyoperon,3,520;521;522,1.0,-1.4837762095237716,-1.443607702597698,1.4636919560607349
g0077,udsr,3,520;521;522,1.0,-11.861958181323608,-11.81448502973843,11.838221605531018
g0078,dso,3,520;521;522,1.0,-1.1521110279185562,-1.3739044394980062,1.2630077337082812
g0078,imcts,3,520;521;522,1.0,-0.924058120952506,-1.176431186065867,1.0502446535091865
g0078,pyoperon,3,520;521;522,1.0,-0.7812648611442725,-0.9261563122192896,0.8537105866817811
g0078,udsr,3,520;521;522,1.0,-2.0362784051877427,-0.5304693082970684,1.2833738567424056
g0079,dso,3,520;521;522,1.0,-1.0583408238771204,-0.9437757287198699,1.0010582762984952
g0079,imcts,3,520;521;522,1.0,-0.9565531876933511,-1.178681446147497,1.067617316920424
g0079,pyoperon,3,520;521;522,1.0,-0.7812830112930901,-0.922848761213578,0.852065886253334
g0079,udsr,3,520;521;522,1.0,-2.094981535297356,-0.7533907652464124,1.4241861502718842
g0080,dso,3,520;521;522,1.0,-0.00572804904636095,-0.004031427609870885,0.004879738328115918
g0080,imcts,3,520;521;522,1.0,-1.913867892672052e-09,1.0136400675440368e-09,4.5011391256400756e-10
g0080,pyoperon,3,520;521;522,1.0,-3.4306998904759676e-05,-1.388055813904627e-05,2.4093778521902972e-05
g0080,udsr,3,520;521;522,1.0,0.00015876097111064416,0.0009026296109352984,-0.0005306952910229713
g0081,dso,3,520;521;522,1.0,-1.0142642003043136,-0.7852565399693342,0.899760370136824
g0081,imcts,3,520;521;522,1.0,-1.4403528565690593,-0.9380069209124619,1.1891798887407605
g0081,pyoperon,3,520;521;522,1.0,-0.7981461474354745,-0.5093286395356547,0.6537373934855646
g0081,udsr,3,520;521;522,1.0,-4.691883797711438,-3.2706989369239508,3.981291367317694
g0082,dso,3,520;521;522,1.0,-1.0841187630781304,-0.6523847472615741,0.8682517551698523
g0082,imcts,3,520;521;522,1.0,-1.2889298775628262,-0.8753418937088786,1.0821358856358523
g0082,pyoperon,3,520;521;522,1.0,-0.798125050022743,-0.5067920066998249,0.652458528361284
g0082,udsr,3,520;521;522,1.0,-5.1828375062169325,-3.9048443656719214,4.543840935944427
g0083,dso,3,520;521;522,1.0,-1.8964701951105116,-1.4883659677049963,1.6924180814077538
g0083,imcts,3,520;521;522,1.0,-2.3279892035079714,-1.9112806239721059,2.1196349137400388
g0083,pyoperon,3,520;521;522,1.0,-1.7472498716025286,-1.4724390557995248,1.6098444637010267
g0083,udsr,3,520;521;522,1.0,-4.313280598732707,-2.9299197248980486,3.621600161815378
g0084,dso,3,520;521;522,1.0,-1.6680697984640462,0.4793874681672498,0.5943411651483982
g0084,imcts,3,520;521;522,1.0,-1.8371611142664914,-0.9476646118674422,1.3924128630669668
g0084,pyoperon,3,520;521;522,1.0,-1.5267335459445428,-0.7128389629110528,1.119786254427798
g0084,udsr,3,520;521;522,1.0,-3.456394608636156,-2.0378696621424113,2.7471321353892835
g0085,dso,3,520;521;522,1.0,-1.5200495807903296,-1.0653785683520114,1.2927140745711705
g0085,imcts,3,520;521;522,1.0,-1.8757299150604094,-1.3747888187975708,1.62525936692899
g0085,pyoperon,3,520;521;522,1.0,-0.9310650636961627,-0.6274919087397874,0.7792784862179751
g0085,udsr,3,520;521;522,1.0,-3.9925756534142476,-2.707542033281891,3.3500588433480694
g0086,dso,3,520;521;522,1.0,-1.5067842489351755,-1.1850210383749136,1.3459026436550445
g0086,imcts,3,520;521;522,1.0,-2.0603682068503857,-1.3303308213629048,1.6953495141066453
g0086,pyoperon,3,520;521;522,1.0,-0.931063589107955,-0.629102569530508,0.7800830793192315
g0086,udsr,3,520;521;522,1.0,-6.869269205280183,-6.245022810231075,6.5571460077556285
g0087,dso,3,520;521;522,1.0,-3.631293337644761,-2.46800546267122,3.0496494001579904
g0087,imcts,3,520;521;522,1.0,-3.7529121949537476,-2.6587588809452787,3.205835537949513
g0087,pyoperon,3,520;521;522,1.0,-2.242433120306433,-1.2770930704645347,1.759763095385484
g0087,udsr,3,520;521;522,1.0,-7.4078041156281635,-4.721210732239112,6.064507423933637
g0088,dso,3,520;521;522,1.0,-12.0,-12.0,12.0
g0088,imcts,3,520;521;522,1.0,-8.776794449869191,-8.482954974122093,8.629874711995642
g0088,pyoperon,3,520;521;522,1.0,-2.0607458825692597,-1.0140261142399802,1.5373859984046199
g0088,udsr,3,520;521;522,1.0,-12.0,-12.0,12.0
g0089,dso,3,520;521;522,1.0,-1.8091226904252238,-1.1720138494522978,1.4905682699387608
g0089,imcts,3,520;521;522,1.0,-1.934019485031093,-1.2109886968799783,1.5725040909555357
g0089,pyoperon,3,520;521;522,1.0,-0.8316490975221954,-0.10648488803915475,0.4690669927806751
g0089,udsr,3,520;521;522,1.0,-3.1880492596818377,-1.8867266853582072,2.5373879725200226
g0090,dso,3,520;521;522,1.0,-0.6112634194083393,-0.5708897205820499,0.5910765699951945
g0090,imcts,3,520;521;522,1.0,-0.969100290545379,-1.008128374493482,0.9886143325194305
g0090,pyoperon,3,520;521;522,1.0,-0.4456628483682367,-0.26830930800277636,0.35698607818550654
g0090,udsr,3,520;521;522,1.0,-1.81370101679469,-1.550972738396992,1.6823368775958412
g0091,dso,3,520;521;522,1.0,-0.44412956363773465,0.00558212954505037,0.21927371704634213
g0091,imcts,3,520;521;522,1.0,-0.48785554258032926,-0.040583423027091815,0.26421948280371055
g0091,pyoperon,3,520;521;522,1.0,-0.27712206576051235,-0.005163987976436679,0.14114302686847452
g0091,udsr,3,520;521;522,1.0,-1.4282623347712755,-0.354113472193573,0.8911879034824243
g0092,dso,3,520;521;522,1.0,-12.0,-12.0,12.0
g0092,imcts,3,520;521;522,1.0,-1.8597577521625015,-3.6730178799442013,2.7663878160533515
g0092,pyoperon,3,520;521;522,1.0,-0.5904424216103364,0.5801749466722324,0.0051337374690520465
g0092,udsr,3,520;521;522,1.0,-12.0,-11.951316698751446,11.975658349375724
g0093,dso,3,520;521;522,1.0,-12.0,-12.0,12.0
g0093,imcts,3,520;521;522,1.0,-6.034620757963545,-5.632615905877539,5.833618331920542
g0093,pyoperon,3,520;521;522,1.0,-0.6321570234954873,-0.257372946348254,0.44476498492187067
g0093,udsr,3,520;521;522,1.0,-12.0,-12.0,12.0
g0094,dso,3,520;521;522,1.0,-0.11524457487876388,0.28656136997101833,-0.08565839754612722
g0094,imcts,3,520;521;522,1.0,-0.414681253510913,-0.20130537593414058,0.3079933147225268
g0094,pyoperon,3,520;521;522,1.0,0.012720441885034135,-9.584306161263513e-06,-0.006355428789436436
g0094,udsr,3,520;521;522,1.0,-0.23083142027054193,0.021949732406844096,0.10444084393184892
g0095,dso,3,520;521;522,1.0,2.56812706206351,-0.06403824546134602,-1.252044408301082
g0095,imcts,3,520;521;522,1.0,7.6505273127456235,4.0,-5.825263656372812
g0095,pyoperon,3,520;521;522,1.0,8.411913646756547,0.0,-4.205956823378274
g0095,udsr,3,520;521;522,1.0,0.015469322187404488,0.0,-0.007734661093702244
g0096,dso,3,520;521;522,1.0,-1.533493084684021,-1.799528693045738,1.6665108888648794
g0096,imcts,2,520;522,0.6666666666666666,-0.6958403782669883,-0.4635134968266711,-0.08698972911983704
g0096,pyoperon,2,520;522,0.6666666666666666,-1.3878318526650841,-1.1360018308576203,0.5952501750946855
g0096,udsr,3,520;521;522,1.0,-2.9240809858953436,-1.8377109207881845,2.380895953341764
g0097,dso,3,520;521;522,1.0,2.4341786387401367e-05,1.6740555404668036,-0.8370399411265955
g0097,imcts,3,520;521;522,1.0,0.0012413291955325528,1.6201524523133617,-0.8106968907544472
g0097,pyoperon,3,520;521;522,1.0,6.045337101443249e-05,2.3157412417813634,-1.157900847576189
g0097,udsr,3,520;521;522,1.0,-1.1645899902717734e-05,0.4055891460332746,-0.20278875006668595
g0098,dso,3,520;521;522,1.0,0.22296210760535548,4.842657822080109,-2.5328099648427322
g0098,imcts,3,520;521;522,1.0,0.099932434579998,1.7071972844356604,-0.9035648595078292
g0098,pyoperon,3,520;521;522,1.0,0.00396806350325721,9.89907496302356,-4.951521513263408
g0098,udsr,3,520;521;522,1.0,-0.0006443312234502096,1.9160983532880114,-0.9577270110322805
g0099,dso,3,520;521;522,1.0,0.5453568299981487,4.749101246460778,-2.647229038229463
g0099,imcts,3,520;521;522,1.0,0.0001231137026159005,6.480582001509914e-07,-6.188088040802574e-05
g0099,pyoperon,3,520;521;522,1.0,0.0026790484647294653,6.991373866716105e-05,-0.001374481101698313
g0099,udsr,3,520;521;522,1.0,0.13422264195862896,0.002035569431715912,-0.06812910569517243
g0100,dso,3,520;521;522,1.0,-0.08285262499640532,0.3020200905382591,-0.1095837327709269
g0100,imcts,3,520;521;522,1.0,-0.48749153749721236,0.9107369596975262,-0.21162271110015693
g0100,pyoperon,3,520;521;522,1.0,0.001744193879902774,1.4828176895750536,-0.7422809417274782
g0100,udsr,3,520;521;522,1.0,-0.9658368530981171,-0.6274564766496914,0.7966466648739042
g0101,dso,3,520;521;522,1.0,-0.2632597240130005,-0.1387311129038662,0.20099541845843336
g0101,imcts,3,520;521;522,1.0,-0.5673069442178363,-0.16538956552136944,0.3663482548696029
g0101,pyoperon,3,520;521;522,1.0,0.0017110863606040964,1.4242004843936387,-0.7129557853771213
g0101,udsr,3,520;521;522,1.0,-2.1071526053323457,-0.474799109722448,1.2909758575273969
g0102,dso,3,520;521;522,1.0,-0.3328028191972833,-0.14087102702115603,0.23683692310921967
g0102,imcts,3,520;521;522,1.0,-0.6026048115413037,-0.2399077389584794,0.42125627524989157
g0102,pyoperon,3,520;521;522,1.0,0.0017151729655779588,1.409940853905142,-0.70582801343536
g0102,udsr,3,520;521;522,1.0,-2.6682939697383095,-1.2393725586132576,1.9538332641757834
g0103,dso,3,520;521;522,1.0,-1.1424310598297522,-0.3165854964528287,0.7295082781412905
g0103,imcts,3,520;521;522,1.0,-1.409384772888261,-0.8018160298078684,1.1056004013480647
g0103,pyoperon,3,520;521;522,1.0,-0.9718155350993615,-0.46540763756587705,0.7186115863326192
g0103,udsr,3,520;521;522,1.0,-9.377928822621156,-9.077538556229184,9.22773368942517
g0104,dso,3,520;521;522,1.0,-1.7009483236482434,-0.5082270828465484,1.1045877032473959
g0104,imcts,3,520;521;522,1.0,-2.0587111070111113,-0.8288300331257914,1.4437705700684513
g0104,pyoperon,3,520;521;522,1.0,-1.9340213590979467,-1.8330406331246458,1.8835309961112963
g0104,udsr,3,520;521;522,1.0,-11.674189331246284,-11.728686074285926,11.701437702766105
g0105,dso,3,520;521;522,1.0,-1.6694621405275882,-0.5942893841581177,1.131875762342853
g0105,imcts,3,520;521;522,1.0,-2.2694063646946385,-1.2163942203450302,1.7429002925198342
g0105,pyoperon,3,520;521;522,1.0,-1.8529456459837157,-1.4242101861282788,1.6385779160559972
g0105,udsr,3,520;521;522,1.0,-11.619417308593507,-11.743794490991133,11.68160589979232
g0106,dso,3,520;521;522,1.0,-8.190173520995254,-11.569510535920072,9.879842028457663
g0106,imcts,3,520;521;522,1.0,-5.463777654414066,-7.776015161670931,6.619896408042498
g0106,pyoperon,1,521,0.3333333333333333,6.378077815821291,5.694131723106934,-7.369438102797446
g0106,udsr,3,520;521;522,1.0,-5.996130072483372,-4.488438383931162,5.242284228207267
g0107,dso,3,520;521;522,1.0,-2.475234226857675,-1.348987670770742,1.9121109488142083
g0107,imcts,3,520;521;522,1.0,-6.550138602831681,-4.459244939649552,5.5046917712406165
g0107,pyoperon,3,520;521;522,1.0,-1.172918955683687,0.4603855639619087,0.3562666958608891
g0107,udsr,3,520;521;522,1.0,-7.804337330065724,-5.504584294773984,6.654460812419854
g0108,dso,3,520;521;522,1.0,-1.6966739684122745,-1.5643570238427429,1.6305154961275088
g0108,imcts,3,520;521;522,1.0,-2.5881436619826523,-2.0249505499076594,2.306547105945156
g0108,pyoperon,3,520;521;522,1.0,-0.8289728254306796,-0.4355405328356439,0.6322566791331617
g0108,udsr,3,520;521;522,1.0,-9.885663715386363,-9.374175694911694,9.629919705149028
g0109,dso,3,520;521;522,1.0,-1.045053031380929,-0.8731785050641468,0.959115768222538
g0109,imcts,3,520;521;522,1.0,-1.9076087558096686,-1.1187703166419758,1.513189536225822
g0109,pyoperon,3,520;521;522,1.0,-0.6287448603365894,-0.5518124861881702,0.5902786732623798
g0109,udsr,3,520;521;522,1.0,-5.184108703027852,-3.6361891622518745,4.4101489326398635
g0110,dso,3,520;521;522,1.0,-1.5210239683720734,-0.20889466694173775,0.8649593176569056
g0110,imcts,3,520;521;522,1.0,-1.799853322546153,2.466613843558276,-0.3333802605060614
g0110,pyoperon,3,520;521;522,1.0,-1.3572331855189403,0.5649724315745487,0.39613037697219583
g0110,udsr,3,520;521;522,1.0,-4.959827943112123,-3.4558713959183174,4.2078496695152205
g0111,dso,2,521;522,0.6666666666666666,-1.735034530600725,3.061203664643013,-1.3297512336878108
g0111,imcts,3,520;521;522,1.0,-2.03204496395469,4.542023142898537,-1.2549890894719236
g0111,pyoperon,2,520;522,0.6666666666666666,-1.730499193516371,-0.005140216005671109,0.20115303809435425
g0111,udsr,3,520;521;522,1.0,-3.4058928460834585,6.835179844051112,-1.7146434989838266
g0112,dso,3,520;521;522,1.0,-1.7020184872981365,-1.4102528278918094,1.556135657594973
g0112,imcts,3,520;521;522,1.0,-2.01355853094734,-1.452620177075888,1.733089354011614
g0112,pyoperon,3,520;521;522,1.0,-1.4911167607619762,-1.1922156433684103,1.3416662020651933
g0112,udsr,3,520;521;522,1.0,-3.7932950580340568,-2.680804287895285,3.237049672964671
g0113,dso,2,520;522,0.6666666666666666,-1.5017160429833005,-0.5668862902952603,0.36763449997261355
g0113,imcts,3,520;521;522,1.0,-1.8803298114518927,-0.7870581900823371,1.333694000767115
g0113,pyoperon,3,520;521;522,1.0,-1.6212603389638864,-0.6789036053571605,1.1500819721605235
g0113,udsr,3,520;521;522,1.0,-4.468193452913975,-2.6848927099383175,3.5765430814261463
g0114,dso,3,520;521;522,1.0,-1.5106137958481332,-0.5063713479921454,1.0084925719201392
g0114,imcts,3,520;521;522,1.0,-2.863892882005022,-4.192345157573985,3.5281190197895036
g0114,pyoperon,3,520;521;522,1.0,6.3227579280517255e-06,0.2868210242957235,-0.14341367352682577
g0114,udsr,3,520;521;522,1.0,-3.9954332316711976,-7.038302175447384,5.51686770355929
g0115,dso,3,520;521;522,1.0,-3.040825606119524,-5.256571939415674,4.148698772767599
g0115,imcts,3,520;521;522,1.0,-1.9433780715702784,-2.6443357862043446,2.2938569288873114
g0115,pyoperon,3,520;521;522,1.0,3.734152691219622e-05,0.22436551020910334,-0.11220142586800777
g0115,udsr,3,520;521;522,1.0,-3.620639126384526,-7.955856504779693,5.7882478155821095
g0116,dso,3,520;521;522,1.0,-3.168667901325159,-5.32585244584413,4.247260173584644
g0116,imcts,3,520;521;522,1.0,-1.7284258503557395,-2.360150840548307,2.0442883454520233
g0116,pyoperon,3,520;521;522,1.0,3.145983623859829e-05,0.20334135837425324,-0.10168640910524591
g0116,udsr,3,520;521;522,1.0,-4.0370622399161045,-7.390409958512382,5.713736099214243
g0117,dso,3,520;521;522,1.0,-1.4363165620161784,-1.3926411017556564,1.4144788318859174
g0117,imcts,3,520;521;522,1.0,-1.9702733543273598,-1.377570304606703,1.6739218294670315
g0117,pyoperon,2,520;521,0.6666666666666666,-0.6580043175173103,-0.46004963439293656,-0.10763969071154333
g0117,udsr,3,520;521;522,1.0,-6.001998002566037,-3.479334929925546,4.740666466245791
g0118,dso,3,520;521;522,1.0,-0.5739179664765881,-0.3308540442445527,0.4523860053605704
g0118,imcts,3,520;521;522,1.0,-0.6838827419050273,-0.23523779064326136,0.4595602662741443
g0118,pyoperon,3,520;521;522,1.0,-0.44869311474458246,-0.125923054427445,0.28730808458601376
g0118,udsr,3,520;521;522,1.0,-2.916482795358476,-1.7729101425534006,2.3446964689559384
g0119,dso,3,520;521;522,1.0,-3.4429831121800603,-2.7387654911629453,3.090874301671503
g0119,imcts,3,520;521;522,1.0,-4.057173686363113,-2.9911962803867005,3.524184983374907
g0119,pyoperon,3,520;521;522,1.0,-2.932225153706664,-2.297713252892047,2.6149692032993554
g0119,udsr,3,520;521;522,1.0,-7.747587280750282,-5.713413112947518,6.7305001968489
g0120,dso,3,520;521;522,1.0,-3.0898288877345323,-1.9468174842721737,2.518323186003353
g0120,imcts,3,520;521;522,1.0,-4.029637188766235,-2.6740661565333688,3.3518516726498016
g0120,pyoperon,3,520;521;522,1.0,-2.7481344178310754,-1.6019861192200473,2.175060268525561
g0120,udsr,3,520;521;522,1.0,-7.278001737212826,-5.467318685600155,6.37266021140649
g0121,dso,3,520;521;522,1.0,0.1620124641579184,0.6170099482313282,-0.38951120619462326
g0121,imcts,3,520;521;522,1.0,-0.14214113640054774,-0.040194681463937454,0.0911679089322426
g0121,pyoperon,3,520;521;522,1.0,-0.32253527614139954,0.1447182784623476,0.08890849883952597
g0121,udsr,3,520;521;522,1.0,-2.11449088914209,-1.591458625034923,1.8529747570885067
g0122,dso,3,520;521;522,1.0,-1.547263843480139,-0.7282383452894462,1.1377510943847926
g0122,imcts,3,520;521;522,1.0,-1.9341560620694438,-0.9480266336467689,1.4410913478581064
g0122,pyoperon,3,520;521;522,1.0,-1.3543306756715163,-1.0703764755147536,1.212353575593135
g0122,udsr,3,520;521;522,1.0,-4.999050905196802,-3.3743476915203714,4.186699298358587
g0123,dso,3,520;521;522,1.0,-2.127722632822673,-1.2534433952448838,1.6905830140337783
g0123,imcts,3,520;521;522,1.0,-2.560168115139266,-1.7408391137012085,2.1505036144202374
g0123,pyoperon,3,520;521;522,1.0,-2.3708378819761453,-1.6581976179534363,2.014517749964791
g0123,udsr,3,520;521;522,1.0,-8.78379643113396,-8.033662575564973,8.408729503349466
g0124,dso,3,520;521;522,1.0,-1.4056605858175846,-0.1287016329415869,0.7671811093795857
g0124,imcts,3,520;521;522,1.0,-2.431420146440726,0.13162232865291923,1.1498989088939033
g0124,pyoperon,3,520;521;522,1.0,-1.3878001964587376,0.5433941317113883,0.4222030323736747
g0124,udsr,3,520;521;522,1.0,-12.0,-11.224373259283631,11.612186629641815
g0125,dso,3,520;521;522,1.0,-1.159436654296443,0.12041792067741326,0.5195093668095149
g0125,imcts,3,520;521;522,1.0,-11.75804084046772,-11.757672910870243,11.757856875668981
g0125,pyoperon,3,520;521;522,1.0,-0.8851525366957315,0.48369356798730473,0.20072948435421337
g0125,udsr,3,520;521;522,1.0,-11.158686586216087,-10.92180284543002,11.040244715823054
g0126,dso,3,520;521;522,1.0,-0.6616205788914936,-0.33607886234208967,0.49884972061679167
g0126,imcts,3,520;521;522,1.0,-8.71889443358914,-8.170371581904277,8.44463300774671
g0126,pyoperon,3,520;521;522,1.0,-0.38626340007109716,-0.08978724189820857,0.23802532098465287
g0126,udsr,3,520;521;522,1.0,-3.5715414878269063,-2.4647757390752223,3.0181586134510643
g0127,dso,3,520;521;522,1.0,-0.8066173235991342,-0.5510822246083533,0.6788497741037438
g0127,imcts,3,520;521;522,1.0,-3.519277460046375,-3.2468176666377935,3.3830475633420845
g0127,pyoperon,3,520;521;522,1.0,-0.38450517282038343,-0.09662698719318519,0.2405660800067843
g0127,udsr,3,520;521;522,1.0,-7.800635959604033,-6.038830163824347,6.91973306171419
g0128,dso,2,521;522,0.6666666666666666,-0.6136925227764451,-0.2889857199835944,-0.215327545286647
g0128,imcts,3,520;521;522,1.0,-1.1210308628178072,-0.7651821813851326,0.9431065221014698
g0128,pyoperon,3,520;521;522,1.0,-0.3844797125624237,-0.09650711688458265,0.24049341472350316
g0128,udsr,3,520;521;522,1.0,-4.909671891405098,-3.551611542846859,4.2306417171259785
g0129,dso,3,520;521;522,1.0,-0.7023202775152978,-0.44050472439125166,0.5714125009532747
g0129,imcts,3,520;521;522,1.0,-1.1707302145474843,-0.38674875283814475,0.7787394836928145
g0129,pyoperon,3,520;521;522,1.0,-0.3845010815367176,-0.09606990087552603,0.2402854912061218
g0129,udsr,3,520;521;522,1.0,-5.064354916100293,-3.138145698402775,4.101250307251534
g0130,dso,3,520;521;522,1.0,-12.0,-12.0,12.0
g0130,imcts,3,520;521;522,1.0,-12.0,-12.0,12.0
g0130,pyoperon,3,520;521;522,1.0,-0.9337753960525159,-0.45841412629722783,0.6960947611748719
g0130,udsr,3,520;521;522,1.0,-12.0,-11.519069747125561,11.759534873562782
g0131,dso,3,520;521;522,1.0,-1.0039626793907759,-2.5929024967258267,1.7984325880583012
g0131,imcts,3,520;521;522,1.0,0.5708261540872867,0.5879190953564691,-0.5793726247218779
g0131,pyoperon,2,520;522,0.6666666666666666,-0.06795755547869273,-0.0006696676565080169,-0.6323530550990664
g0131,udsr,3,520;521;522,1.0,-1.4543837468334668,-0.3018894854999831,0.878136616166725
g0132,dso,3,520;521;522,1.0,-0.07364831008925467,-0.1803315568381737,0.12698993346371418
g0132,imcts,3,520;521;522,1.0,-0.27625523779155714,-0.2924991880168471,0.28437721290420215
g0132,pyoperon,3,520;521;522,1.0,-0.058867613516125204,-0.0883799208057318,0.0736237671609285
g0132,udsr,3,520;521;522,1.0,-0.12083554607337599,0.36332321124913775,-0.12124383258788088
g0133,dso,3,520;521;522,1.0,-1.0082877913857182,-0.6825265424378814,0.8454071669117997
g0133,imcts,3,520;521;522,1.0,-1.3247224395295396,-0.6969378538099354,1.0108301466697376
g0133,pyoperon,3,520;521;522,1.0,-0.6982833229659732,-0.27196797395176625,0.48512564845886974
g0133,udsr,3,520;521;522,1.0,-2.7179955430957405,-1.072970947909489,1.8954832455026147
g0134,dso,3,520;521;522,1.0,-1.1170983953271152,-0.7939559056045228,0.9555271504658189
g0134,imcts,3,520;521;522,1.0,-1.456505636266775,-0.7365833203844558,1.0965444783256153
g0134,pyoperon,3,520;521;522,1.0,-0.6982284544049739,-0.27488799135506375,0.4865582228800188
g0134,udsr,3,520;521;522,1.0,-2.6189514819435344,-0.5308664002006216,1.574908941072078
g0135,dso,3,520;521;522,1.0,-0.7966957005572626,0.030143764976341303,0.38327596779046064
g0135,imcts,3,520;521;522,1.0,-1.0927084465901122,-1.09196482453428,1.0923366355621962
g0135,pyoperon,3,520;521;522,1.0,-0.3989669480090643,0.08148167473890443,0.15874263663507993
g0135,udsr,3,520;521;522,1.0,-1.6914689180491296,-0.13328337443606372,0.9123761462425967
g0136,dso,3,520;521;522,1.0,0.005878539100405575,0.6293248849997083,-0.31760171205005694
g0136,imcts,3,520;521;522,1.0,5.340755198067157e-06,0.00016833210283954337,-8.683642901880527e-05
g0136,pyoperon,2,520;522,0.6666666666666666,0.0002837069571484441,0.03317503629613071,-0.6833960382933063
g0136,udsr,3,520;521;522,1.0,0.00217362783944002,0.06171490796887406,-0.03194426790415704
g0137,dso,3,520;521;522,1.0,-2.891984797528399,-2.1377705227055,2.51487766011695
g0137,imcts,3,520;521;522,1.0,-2.9422995069071267,-2.1790328276338102,2.5606661672704685
g0137,pyoperon,2,520;521,0.6666666666666666,-0.8081044499074588,-0.40448487870556804,-0.060372002360153276
g0137,udsr,3,520;521;522,1.0,-4.675074450454449,-3.028618420723818,3.8518464355891338
g0138,dso,3,520;521;522,1.0,-0.7995074682892422,-0.5129423324750121,0.6562249003821272
g0138,imcts,3,520;521;522,1.0,-0.8314763326218401,-0.3264049764474682,0.5789406545346542
g0138,pyoperon,3,520;521;522,1.0,-0.4475844800702953,-0.14932451984936115,0.2984544999598282
g0138,udsr,3,520;521;522,1.0,-2.590014295127073,-1.4330533005509614,2.011533797839017
g0139,dso,3,520;521;522,1.0,-0.7902599146212373,-0.38300526101423743,0.5866325878177374
g0139,imcts,3,520;521;522,1.0,-1.2303553650127026,-1.0034054692280452,1.116880417120374
g0139,pyoperon,3,520;521;522,1.0,-0.3658049375125909,-0.09462117753045203,0.23021305752152146
g0139,udsr,3,520;521;522,1.0,-3.179373990474526,-1.7664690184086769,2.4729215044416013
g0140,dso,3,520;521;522,1.0,0.19066732666364614,4.9218536620753254e-05,-0.09535827260013345
g0140,imcts,3,520;521;522,1.0,0.00014185296656196923,2.117906566468565e-05,-8.151601611332744e-05
g0140,pyoperon,3,520;521;522,1.0,0.00023656404779497466,7.793869360610635e-05,-0.0001572513707005405
g0140,udsr,3,520;521;522,1.0,0.0026234435018364206,0.0019062262837966748,-0.0022648348928165475
g0141,dso,3,520;521;522,1.0,-0.7650267111346989,-0.3332825547090024,0.5491546329218506
g0141,imcts,3,520;521;522,1.0,-0.8700323749760194,-0.4877902307695167,0.678911302872768
g0141,pyoperon,3,520;521;522,1.0,-0.3609579961870875,-0.10061289107875777,0.23078544363292264
g0141,udsr,3,520;521;522,1.0,-2.959917320403909,-1.5770705784451262,2.2684939494245175
g0142,dso,3,520;521;522,1.0,-12.0,-12.0,12.0
g0142,imcts,3,520;521;522,1.0,-9.486867352869833,-9.353960589143165,9.4204139710065
g0142,pyoperon,3,520;521;522,1.0,-1.1512133665727102,-0.7353200092664655,0.9432666879195879
g0142,udsr,3,520;521;522,1.0,-12.0,-12.0,12.0
g0143,dso,3,520;521;522,1.0,-12.0,-12.0,12.0
g0143,imcts,3,520;521;522,1.0,-11.45586032949449,-11.329299204132674,11.392579766813583
g0143,pyoperon,3,520;521;522,1.0,-1.1513349666914463,-0.7343470819547783,0.9428410243231122
g0143,udsr,3,520;521;522,1.0,-11.7487356156696,-11.748767087191483,11.748751351430542
g0144,dso,3,520;521;522,1.0,-9.326838775665303,-9.031685728012107,9.179262251838704
g0144,imcts,3,520;521;522,1.0,-9.027258281174012,-9.093516482857872,9.060387382015943
g0144,pyoperon,3,520;521;522,1.0,-0.847481568056787,-0.3725020797112896,0.6099918238840383
g0144,udsr,3,520;521;522,1.0,-12.0,-12.0,12.0
g0145,dso,3,520;521;522,1.0,-1.2429324278346205,-0.6234499355953181,0.9331911817149694
g0145,imcts,3,520;521;522,1.0,-1.0252392922320148,-0.41841990700880355,0.7218295996204092
g0145,pyoperon,3,520;521;522,1.0,-0.43083192315627333,-0.1098734874023558,0.27035270527931454
g0145,udsr,3,520;521;522,1.0,-4.202169495301807,-3.6436780393232353,3.922923767312521
g0146,dso,3,520;521;522,1.0,-1.602014892394166,-0.603864048774234,1.1029394705842
g0146,imcts,3,520;521;522,1.0,-2.0146886254559537,-1.2664302724851195,1.6405594489705366
g0146,pyoperon,3,520;521;522,1.0,-1.8353530427018112,-1.096584260953079,1.465968651827445
g0146,udsr,3,520;521;522,1.0,-3.4415886053549998,-1.8698716126822308,2.655730109018615
g0147,dso,3,520;521;522,1.0,-0.9781219533531035,-0.5691909660133225,0.773656459683213
g0147,imcts,3,520;521;522,1.0,-0.9768050458267954,-0.531320454257687,0.7540627500422412
g0147,pyoperon,3,520;521;522,1.0,-0.46673785888162517,-0.15299119921038815,0.30986452904600664
g0147,udsr,3,520;521;522,1.0,-3.0994901734386766,7.593574040673313,-2.247041933617318
g0148,dso,3,520;521;522,1.0,-0.9768755398211103,-0.580288535102526,0.7785820374618182
g0148,imcts,3,520;521;522,1.0,-1.173426866526983,-0.6198213728476428,0.8966241196873128
g0148,pyoperon,3,520;521;522,1.0,-0.4667413275065157,-0.15335818181156305,0.3100497546590394
g0148,udsr,3,520;521;522,1.0,-3.080530464076618,-2.045026032403616,2.562778248240117
g0149,dso,3,520;521;522,1.0,-1.2213758573577858,-0.6355560683500706,0.9284659628539282
g0149,imcts,3,520;521;522,1.0,-1.2685599433408867,-0.7300612353058081,0.9993105893233474
g0149,pyoperon,3,520;521;522,1.0,-0.506670468261097,-0.16593760877709793,0.33630403851909746
g0149,udsr,3,520;521;522,1.0,-4.299628718225525,-3.3181497962702786,3.808889257247902
g0150,dso,3,520;521;522,1.0,0.20550353839432733,0.00984579305070863,-0.10767466572251798
g0150,imcts,3,520;521;522,1.0,-0.8278070281119652,-0.054805639515163374,0.44130633381356427
g0150,pyoperon,3,520;521;522,1.0,0.004633049289798924,0.16931197003527906,-0.086972509662539
g0150,udsr,3,520;521;522,1.0,-2.0187963568099403,-0.3722528704017047,1.1955246136058224
g0151,dso,3,520;521;522,1.0,-0.9002111450379041,-0.9074778952337953,0.9038445201358497
g0151,imcts,3,520;521;522,1.0,-0.6480131348149105,-0.5581610165809624,0.6030870756979365
g0151,pyoperon,3,520;521;522,1.0,-0.8937751680749114,-0.9771516320654543,0.9354634000701829
g0151,udsr,3,520;521;522,1.0,-1.1138368670926309,-0.8482732024862326,0.9810550347894318
g0152,dso,3,520;521;522,1.0,-2.234573528264417,-1.7461875091402677,1.9903805187023422
g0152,imcts,3,520;521;522,1.0,-2.451915612148369,-1.807092339243488,2.1295039756959286
g0152,pyoperon,3,520;521;522,1.0,-2.4173712477623757,-1.9045050949460407,2.160938171354208
g0152,udsr,3,520;521;522,1.0,-11.732429499844608,-11.732517063803966,11.732473281824287
g0153,dso,3,520;521;522,1.0,-2.324014746439645,-2.667629746485979,2.495822246462812
g0153,imcts,3,520;521;522,1.0,-2.6018662233326,-2.7840456626321757,2.6929559429823877
g0153,pyoperon,3,520;521;522,1.0,-1.4767548098625227,-1.1120036736141585,1.2943792417383406
g0153,udsr,3,520;521;522,1.0,-4.008070056870749,-3.566429249896519,3.787249653383634
g0154,dso,3,520;521;522,1.0,-2.3936366874073456,-3.084188909967922,2.738912798687634
g0154,imcts,3,520;521;522,1.0,-2.5255436972562904,-2.9297422369348713,2.727642967095581
g0154,pyoperon,3,520;521;522,1.0,-1.4770147398034579,-1.1071085755947,1.292061657699079
g0154,udsr,3,520;521;522,1.0,-4.084486201165217,-3.284820259729972,3.6846532304475943
g0155,dso,3,520;521;522,1.0,-2.371719702654714,-2.793377346529153,2.5825485245919335
g0155,imcts,3,520;521;522,1.0,-2.494979384513312,-2.533201656556381,2.5140905205348467
g0155,pyoperon,3,520;521;522,1.0,-1.4767680092238198,-1.1114647567480442,1.2941163829859321
g0155,udsr,3,520;521;522,1.0,-3.985857626805887,-2.6367699947011833,3.311313810753535
g0156,dso,3,520;521;522,1.0,-3.5111658293953085,-3.262041164062033,3.3866034967286707
g0156,imcts,3,520;521;522,1.0,-11.76631432448571,-11.77068197801178,11.768498151248746
g0156,pyoperon,3,520;521;522,1.0,-3.8910010769609085,-3.6460669619308885,3.7685340194458985
g0156,udsr,3,520;521;522,1.0,-12.0,-10.967856493958294,11.483928246979147
g0157,dso,3,520;521;522,1.0,-0.8024405240616573,-0.6160764566635729,0.7092584903626151
g0157,imcts,3,520;521;522,1.0,-4.754940587356912,-4.3501642651474395,4.552552426252175
g0157,pyoperon,1,521,0.3333333333333333,-0.5459463621363764,-0.21476428721112215,-0.9529780086595843
g0157,udsr,3,520;521;522,1.0,-2.6500911764452013,-1.2621680465510154,1.9561296114981084
g0158,dso,3,520;521;522,1.0,-1.2417954820681907,-0.5165558205234047,0.8791756512957977
g0158,imcts,3,520;521;522,1.0,-1.291337224835569,-0.7739413264839622,1.0326392756597655
g0158,pyoperon,3,520;521;522,1.0,-0.9512223527800877,-0.5023877942671358,0.7268050735236118
g0158,udsr,3,520;521;522,1.0,-2.971567743442139,-1.288440000095304,2.1300038717687215
g0159,dso,3,520;521;522,1.0,-0.33319093912276604,-0.30304979153282513,0.3181203653277956
g0159,imcts,3,520;521;522,1.0,-1.756374575107417e-08,-2.8198994117613895e-09,1.0191822581417779e-08
g0159,pyoperon,3,520;521;522,1.0,-5.8207693648375365e-05,-4.316559125804373e-05,5.068664245320955e-05
g0159,udsr,3,520;521;522,1.0,-0.0002592289111328521,4.8936291662486826e-05,0.00010514630973518262
g0160,dso,3,520;521;522,1.0,-0.8320746808451611,-0.4111406569233942,0.6216076688842777
g0160,imcts,3,520;521;522,1.0,-1.5222333745639858,-0.5821430187020323,1.052188196633009
g0160,pyoperon,3,520;521;522,1.0,-0.2757961446447993,0.1858089547450843,0.044993594949857496
g0160,udsr,2,520;521,0.6666666666666666,-8.374529711523593,-7.724724968761489,7.382960673475874
g0161,dso,3,520;521;522,1.0,-1.546458991766751,-0.5426487752787588,1.044553883522755
g0161,imcts,3,520;521;522,1.0,-12.0,-12.0,12.0
g0161,pyoperon,3,520;521;522,1.0,-0.7317758710297894,-0.23908457822325466,0.485430224626522
g0161,udsr,3,520;521;522,1.0,-10.847614863863539,-7.906410807926878,9.377012835895208
g0162,dso,3,520;521;522,1.0,-1.6112996564995197,-1.6477952939824025,1.629547475240961
g0162,imcts,3,520;521;522,1.0,-11.694068692694294,-9.677436953139658,10.685752822916976
g0162,pyoperon,3,520;521;522,1.0,-0.7317429683396659,-0.34486540561712736,0.5383041869783967
g0162,udsr,3,520;521;522,1.0,-12.0,-12.0,12.0
g0163,dso,3,520;521;522,1.0,0.01416121553307726,0.26180326563972584,-0.13798224058640154
g0163,imcts,3,520;521;522,1.0,3.0398898896353005e-06,0.0005985548664195575,-0.0003007973781545964
g0163,pyoperon,3,520;521;522,1.0,0.0015316788036482786,1.533759266235987,-0.7676454725198176
g0163,udsr,3,520;521;522,1.0,0.2916585797520476,1.164295969334743,-0.7279772745433953
g0164,dso,3,520;521;522,1.0,-1.7596362617236965,-1.4405458695618194,1.6000910656427578
g0164,imcts,3,520;521;522,1.0,-3.091432433406966,-3.450321031441769,3.2708767324243677
g0164,pyoperon,3,520;521;522,1.0,1.8037055400953146e-05,1.0689577064341609,-0.534487871744781
g0164,udsr,3,520;521;522,1.0,-2.303913405543105,-1.2789666516015503,1.7914400285723278
g0165,dso,3,520;521;522,1.0,-1.2953466587645475,-0.941643528374635,1.1184950935695912
g0165,imcts,3,520;521;522,1.0,-1.6879904916157102,-1.0003190408194857,1.3441547662175979
g0165,pyoperon,3,520;521;522,1.0,-1.0542705259800436,-0.6163820970925251,0.8353263115362843
g0165,udsr,3,520;521;522,1.0,-3.853692346760537,-3.043762823275746,3.4487275850181414
g0166,dso,3,520;521;522,1.0,-0.47081444939644124,-0.04999661686397153,0.26040553313020637
g0166,imcts,3,520;521;522,1.0,-0.54921834153321,-0.06531293056837076,0.3072656360507904
g0166,pyoperon,3,520;521;522,1.0,-0.24985693777243326,-0.018709402430202086,0.13428317010131768
g0166,udsr,3,520;521;522,1.0,-1.2279538057552166,-0.9099781608170024,1.0689659832861096
g0167,dso,3,520;521;522,1.0,-4.106520200955205,-3.2682699974976743,3.68739509922644
g0167,imcts,3,520;521;522,1.0,-5.84876838264838,-4.628708798703301,5.23873859067584
g0167,pyoperon,2,521;522,0.6666666666666666,-0.535016392506459,-0.2107334631241296,-0.29379173885137244
g0167,udsr,3,520;521;522,1.0,-12.0,-12.0,12.0
g0168,dso,3,520;521;522,1.0,-12.0,-12.0,12.0
g0168,imcts,3,520;521;522,1.0,-12.0,-12.0,12.0
g0168,pyoperon,3,520;521;522,1.0,-0.6050216311234533,-0.1962241383255007,0.400622884724477
g0168,udsr,3,520;521;522,1.0,-12.0,-12.0,12.0
g0169,dso,3,520;521;522,1.0,-3.1762044244606193,-2.9972444571128913,3.0867244407867553
g0169,imcts,3,520;521;522,1.0,-3.969400353208076,-3.440249301544473,3.7048248273762745
g0169,pyoperon,3,520;521;522,1.0,-1.9800815953321098,-1.5249550065314843,1.752518300931797
g0169,udsr,3,520;521;522,1.0,-5.922963649097998,-4.320533005518345,5.121748327308172
g0170,dso,3,520;521;522,1.0,0.06011397814600122,0.9143916910274207,-0.487252834586711
g0170,imcts,3,520;521;522,1.0,3.4091564820927574e-07,1.4312088980888343e-07,-2.4201826900907957e-07
g0170,pyoperon,3,520;521;522,1.0,0.002441316209416022,0.0001393525911573936,-0.0012903344002867078
g0170,udsr,3,520;521;522,1.0,0.007709080028272554,0.01613030194350228,-0.011919690985887417
g0171,dso,3,520;521;522,1.0,0.03202890605043374,0.38164767520942383,-0.20683829062992878
g0171,imcts,3,520;521;522,1.0,1.9711126147192625e-07,-1.3072575716866103e-09,-9.790200195011982e-08
g0171,pyoperon,3,520;521;522,1.0,0.0024533847134890607,7.760440330119111e-06,-0.0012305725769095899
g0171,udsr,3,520;521;522,1.0,0.04975561293208052,0.010821251305687252,-0.030288432118883886
g0172,dso,3,520;521;522,1.0,-2.529377179133101,-2.0417479124481512,2.285562545790626
g0172,imcts,3,520;521;522,1.0,-4.581383502916235,-5.0968965260924755,4.8391400145043555
g0172,pyoperon,3,520;521;522,1.0,-3.6006867729855485,-4.00001703929134,3.8003519061384443
g0172,udsr,3,520;521;522,1.0,-5.538286119068619,-5.801049116992158,5.669667618030388
g0173,dso,3,520;521;522,1.0,-3.264439334539446,-2.8250769434371255,3.0447581389882856
g0173,imcts,3,520;521;522,1.0,-3.859063871097474,-3.429363337548233,3.6442136043228537
g0173,pyoperon,3,520;521;522,1.0,-3.2129473242110342,-2.9728094680561887,3.0928783961336115
g0173,udsr,3,520;521;522,1.0,-2.433668760184297,-2.6476811793253705,2.540674969754834
g0174,dso,3,520;521;522,1.0,-2.4922536367243375,-2.648668048637427,2.570460842680882
g0174,imcts,3,520;521;522,1.0,-5.4614817709124415,-5.906575059973906,5.684028415443174
g0174,pyoperon,3,520;521;522,1.0,-3.134475271842172,-3.901281787685144,3.5178785297636583
g0174,udsr,3,520;521;522,1.0,-9.146243118255272,-9.190892921980028,9.16856802011765
g0175,dso,3,520;521;522,1.0,-2.1022007073336906,-1.809640744816895,1.9559207260752927
g0175,imcts,3,520;521;522,1.0,-3.8684410861609124,-2.9991139362947745,3.4337775112278432
g0175,pyoperon,2,520;521,0.6666666666666666,-2.662390629969699,-2.5842997954713267,1.956678546053846
g0175,udsr,3,520;521;522,1.0,-5.9738829071140245,-5.645862648634616,5.80987277787432
g0176,dso,3,520;521;522,1.0,-2.4231344113205417,-1.6171767952988463,2.020155603309694
g0176,imcts,2,520;522,0.6666666666666666,-5.605065349750085,-6.016819561443036,5.144275788929893
g0176,pyoperon,3,520;521;522,1.0,-3.2997926345081434,-2.2599102857058884,2.779851460107016
g0176,udsr,3,520;521;522,1.0,-5.664187672214535,-7.495822780764207,6.580005226489371
g0177,dso,3,520;521;522,1.0,-2.2468614608292117,-2.463553330318805,2.3552073955740083
g0177,imcts,3,520;521;522,1.0,-1.9135356563575303,-2.862609519432015,2.3880725878947726
g0177,pyoperon,3,520;521;522,1.0,-5.221845965154555,-5.448739281018299,5.335292623086427
g0177,udsr,3,520;521;522,1.0,-7.686582011528578,-9.39677861232812,8.54168031192835
g0178,dso,3,520;521;522,1.0,-1.2204577643616155,-1.6407520434504352,1.4306049039060253
g0178,imcts,3,520;521;522,1.0,-4.264450567474118,-3.707478541739679,3.9859645546068987
g0178,pyoperon,3,520;521;522,1.0,-1.6077768349054011,-2.779786758055741,2.193781796480571
g0178,udsr,3,520;521;522,1.0,-6.23589993695149,-6.371402200001512,6.303651068476501
g0179,dso,3,520;521;522,1.0,-2.8571192875447196,-2.614445250005836,2.735782268775278
g0179,imcts,3,520;521;522,1.0,-7.286487267440862,-9.570186700381443,8.428336983911151
g0179,pyoperon,3,520;521;522,1.0,-4.120344874617299,-4.259536246156365,4.189940560386832
g0179,udsr,3,520;521;522,1.0,-7.309994930982704,-9.172600188119532,8.241297559551118
g0180,dso,3,520;521;522,1.0,-3.2425036639990203,-2.7441927725931783,2.9933482182960995
g0180,imcts,3,520;521;522,1.0,-6.196308155535188,-5.94763253852857,6.071970347031879
g0180,pyoperon,3,520;521;522,1.0,-2.670745198958023,-2.7388624161584167,2.70480380755822
g0180,udsr,3,520;521;522,1.0,-9.505562375607656,-10.555550660589793,10.030556518098724
g0181,dso,3,520;521;522,1.0,-2.596209594248984,-2.8786578576195048,2.7374337259342445
g0181,imcts,3,520;521;522,1.0,-5.2919768875711695,-5.085703510962041,5.188840199266606
g0181,pyoperon,3,520;521;522,1.0,-3.457951371181871,-3.5433383649196557,3.500644868050763
g0181,udsr,3,520;521;522,1.0,-8.750047976427759,-7.978810480320483,8.36442922837412
g0182,dso,3,520;521;522,1.0,-2.1179352059164698,-2.123071732619295,2.1205034692678826
g0182,imcts,3,520;521;522,1.0,-9.563489180671466,-9.754667567592849,9.659078374132157
g0182,pyoperon,3,520;521;522,1.0,-4.845765936856179,-4.626143050956908,4.735954493906544
g0182,udsr,3,520;521;522,1.0,-10.747244064955433,-10.197092000349622,10.472168032652528
g0183,dso,2,521;522,0.6666666666666666,-3.0937765290726063,-2.1099196661471034,1.935181430943188
g0183,imcts,3,520;521;522,1.0,-10.888779511577347,-10.543594810019117,10.716187160798231
g0183,pyoperon,2,520;522,0.6666666666666666,-5.34556564875896,-4.8719009432144516,4.442066629320039
g0183,udsr,3,520;521;522,1.0,-10.449886990545943,-10.43032085071915,10.440103920632547
g0184,dso,3,520;521;522,1.0,-0.9141910626342572,-2.3133851650013426,1.6137881138177999
g0184,imcts,3,520;521;522,1.0,-5.548608099957225,-4.659929706004116,5.104268902980671
g0184,pyoperon,3,520;521;522,1.0,-1.3222598057007184,-1.9930364849985491,1.6576481453496337
g0184,udsr,3,520;521;522,1.0,-6.4028105036756395,-5.741138959105139,6.071974731390389
g0185,dso,3,520;521;522,1.0,-1.653720094183532,-1.3851178736057124,1.5194189838946222
g0185,imcts,3,520;521;522,1.0,-8.85395834032693,-9.027697714656329,8.94082802749163
g0185,pyoperon,3,520;521;522,1.0,-1.2493884894026344,-1.6162774116655818,1.4328329505341082
g0185,udsr,3,520;521;522,1.0,-2.284800309384513,-2.567562927208058,2.4261816182962854
g0186,dso,3,520;521;522,1.0,-2.624623868393739,-2.116605920160706,2.3706148942772227
g0186,imcts,3,520;521;522,1.0,-5.492956675614619,-4.813043542074915,5.153000108844767
g0186,pyoperon,3,520;521;522,1.0,-3.4031428198400917,-3.4173831656829847,3.410262992761538
g0186,udsr,3,520;521;522,1.0,-7.0717851426190945,-6.618784624901674,6.845284883760384
g0187,dso,3,520;521;522,1.0,-2.2788420946947223,-2.2635310586160085,2.2711865766553654
g0187,imcts,3,520;521;522,1.0,-7.736710048506211,-7.451039329967375,7.593874689236793
g0187,pyoperon,3,520;521;522,1.0,-3.445551375729059,-3.2803899235677085,3.3629706496483838
g0187,udsr,3,520;521;522,1.0,-8.722077125098139,-7.806309057364537,8.264193091231338
g0188,dso,3,520;521;522,1.0,-2.59313239459359,-2.308576899816886,2.450854647205238
g0188,imcts,3,520;521;522,1.0,-4.780174776335827,-4.901909731089059,4.841042253712443
g0188,pyoperon,3,520;521;522,1.0,-2.84202303689815,-2.854478643133778,2.848250840015964
g0188,udsr,3,520;521;522,1.0,-3.651681826419193,-3.48797403025227,3.5698279283357315
g0189,dso,3,520;521;522,1.0,-2.476630852286497,-2.9036404892858516,2.6901356707861743
g0189,imcts,3,520;521;522,1.0,-8.05734855299269,-7.715793070214112,7.8865708116034
g0189,pyoperon,3,520;521;522,1.0,-3.2178633317157703,-2.750861101597786,2.9843622166567783
g0189,udsr,3,520;521;522,1.0,-9.465358900870902,-9.981100951414454,9.723229926142679
g0190,dso,3,520;521;522,1.0,-1.8160000572078923,-1.7490374078742184,1.7825187325410554
g0190,imcts,3,520;521;522,1.0,-4.195109133990486,-2.7470194181788408,3.4710642760846633
g0190,pyoperon,2,520;522,0.6666666666666666,-1.7078030279008272,-1.895337778047209,1.1349037363073513
g0190,udsr,3,520;521;522,1.0,-4.653490752994517,-3.4418033130722776,4.047647033033398
g0191,dso,2,520;521,0.6666666666666666,-2.6667428337851087,-2.569668411076619,1.9515389557641971
g0191,imcts,3,520;521;522,1.0,-7.289490703086881,-6.270195651312079,6.77984317719948
g0191,pyoperon,3,520;521;522,1.0,-3.235491951388674,-3.2265103801882984,3.231001165788486
g0191,udsr,3,520;521;522,1.0,-10.682531598422075,-9.9815486240461,10.332040111234088
g0192,dso,3,520;521;522,1.0,-1.0682327491319938,-1.4976023600340795,1.2829175545830367
g0192,imcts,3,520;521;522,1.0,-3.9143443888223026,-4.222763205966177,4.06855379739424
g0192,pyoperon,3,520;521;522,1.0,-2.1888657945643986,-2.289940534538593,2.239403164551496
g0192,udsr,3,520;521;522,1.0,-4.5470094267111465,-4.047704253843556,4.297356840277351
g0193,dso,3,520;521;522,1.0,-2.794511070769941,-1.951014915717236,2.3727629932435885
g0193,imcts,2,521;522,0.6666666666666666,-4.745515416031138,-5.218115456095699,4.315148769396751
g0193,pyoperon,3,520;521;522,1.0,-2.7300874775516655,-2.7462921681173547,2.73818982283451
g0193,udsr,3,520;521;522,1.0,-8.830138639677344,-9.65081714152126,9.240477890599301
g0194,dso,3,520;521;522,1.0,-1.658122163357396,-1.855998240308334,1.757060201832865
g0194,imcts,3,520;521;522,1.0,-6.100833942012424,-6.063692276082239,6.082263109047332
g0194,pyoperon,3,520;521;522,1.0,-2.1945064948908075,-2.9442638905399825,2.5693851927153952
g0194,udsr,3,520;521;522,1.0,-8.64632840781846,-8.794989040142015,8.720658723980238
g0195,dso,3,520;521;522,1.0,-2.7260358773564612,-2.1367471921026726,2.431391534729567
g0195,imcts,3,520;521;522,1.0,-7.151292371379459,-7.767449246488535,7.459370808933997
g0195,pyoperon,3,520;521;522,1.0,-3.472315558530911,-4.056663774541252,3.7644896665360816
g0195,udsr,3,520;521;522,1.0,-8.425065434885648,-8.08329509840076,8.254180266643203
g0196,dso,3,520;521;522,1.0,-1.8632803473100576,-2.4470315998691325,2.1551559735895953
g0196,imcts,3,520;521;522,1.0,-6.376284626104256,-6.5124113047408025,6.444347965422529
g0196,pyoperon,2,520;521,0.6666666666666666,-1.4749170231758635,-1.3504257429343003,0.7460047163884151
g0196,udsr,3,520;521;522,1.0,-5.797435435864281,-4.833994421854524,5.3157149288594026
g0197,dso,3,520;521;522,1.0,-1.2101374108142686,-1.9928949494392867,1.6015161801267777
g0197,imcts,3,520;521;522,1.0,-1.6594845870382207,-2.1156284022127743,1.8875564946254975
g0197,pyoperon,3,520;521;522,1.0,-0.9729842606169853,-1.415431356219395,1.1942078084181902
g0197,udsr,3,520;521;522,1.0,-3.1889953502875072,-3.171426038849672,3.1802106945685895
g0198,dso,3,520;521;522,1.0,-1.6249970847745558,-1.1769473398532702,1.400972212313913
g0198,imcts,3,520;521;522,1.0,-3.890664688327869,-3.4972754333782423,3.6939700608530557
g0198,pyoperon,3,520;521;522,1.0,-1.5875330740569134,-0.9724382386894749,1.2799856563731942
g0198,udsr,3,520;521;522,1.0,-2.64500919300122,-2.43798297868084,2.54149608584103
g0199,dso,3,520;521;522,1.0,-1.9087813286409088,-1.5097605011633675,1.7092709149021381
g0199,imcts,3,520;521;522,1.0,-4.515354138109484,-4.492623594784319,4.503988866446901
g0199,pyoperon,3,520;521;522,1.0,-1.6427278358810355,-1.568522725516404,1.6056252806987197
g0199,udsr,3,520;521;522,1.0,-4.409172784923021,-4.350909705967453,4.380041245445237
g0200,dso,3,520;521;522,1.0,-1.9503467965357146,-0.3847059563105784,1.1675263764231465
g0200,imcts,3,520;521;522,1.0,-3.4586693124457586,0.45105432550842856,1.503807493468665
g0200,pyoperon,3,520;521;522,1.0,-1.5303901488295235,4.60443373142758,-1.5370217912990283
g0200,udsr,3,520;521;522,1.0,-6.622939066096041,0.7493426909635938,2.9367981875662235
g0201,dso,3,520;521;522,1.0,-1.2062634395412684,-1.1021832490400556,1.154223344290662
g0201,imcts,3,520;521;522,1.0,-2.2174308082605485,-1.9834016367561562,2.1004162225083522
g0201,pyoperon,3,520;521;522,1.0,-1.3030830373211326,-1.1554592523876466,1.2292711448543896
g0201,udsr,3,520;521;522,1.0,-3.030493224615943,-2.785820093300005,2.908156658957974
g0202,dso,3,520;521;522,1.0,-1.1005369732042565,0.15672795493535466,0.4719045091344509
g0202,imcts,3,520;521;522,1.0,-3.7731605350718844,-2.9245139870086443,3.3488372610402646
g0202,pyoperon,3,520;521;522,1.0,-1.073199444852512,0.07357597271549987,0.49981173606850604
g0202,udsr,3,520;521;522,1.0,-3.250776342177319,-1.694548683708243,2.4726625129427813
g0203,dso,3,520;521;522,1.0,-0.46525335530334627,-0.38828410609268227,0.42676873069801424
g0203,imcts,3,520;521;522,1.0,2.398754169420948,2.5234554750519735,-2.461104822236461
g0203,pyoperon,3,520;521;522,1.0,-0.7503500061569081,-0.9560854053647493,0.8532177057608287
g0203,udsr,3,520;521;522,1.0,-2.960290641814964,-1.9780688702219404,2.4691797560184523
g0204,dso,3,520;521;522,1.0,-2.5016705069205156,-2.4792196713149113,2.4904450891177135
g0204,imcts,3,520;521;522,1.0,-4.549135154268483,-4.557204154189027,4.553169654228755
g0204,pyoperon,3,520;521;522,1.0,-1.7894805683540618,-1.726955415010676,1.7582179916823688
g0204,udsr,3,520;521;522,1.0,-3.797929992864353,-3.3516267027536464,3.5747783478089996
g0205,dso,3,520;521;522,1.0,-2.032359382468897,-2.427527688721732,2.2299435355953143
g0205,imcts,3,520;521;522,1.0,-3.387875444273916,-3.4256836664712886,3.4067795553726024
g0205,pyoperon,3,520;521;522,1.0,-0.6577943267243996,-0.671410119240214,0.6646022229823068
g0205,udsr,3,520;521;522,1.0,-4.058252727043473,-3.6403231028629457,3.8492879149532095
g0206,dso,3,520;521;522,1.0,-0.7354687344599921,-0.5715906224177035,0.6535296784388478
g0206,imcts,3,520;521;522,1.0,-4.762509771945427,-4.854894499157941,4.808702135551684
g0206,pyoperon,3,520;521;522,1.0,-0.6498684404092637,-0.6295931763442518,0.6397308083767578
g0206,udsr,3,520;521;522,1.0,-4.04536715100123,-2.8157424071091826,3.430554779055206
g0207,dso,3,520;521;522,1.0,-2.3424475375989893,-2.2787321923407218,2.3105898649698555
g0207,imcts,3,520;521;522,1.0,-11.557413125456542,-11.5192317859496,11.53832245570307
g0207,pyoperon,3,520;521;522,1.0,-1.5229942429722154,-1.4063434623931956,1.4646688526827054
g0207,udsr,3,520;521;522,1.0,-9.044682709750292,-8.714259398753962,8.879471054252127
g0208,dso,3,520;521;522,1.0,-1.3092174116228765,-0.655174457770535,0.9821959346967057
g0208,imcts,3,520;521;522,1.0,-3.9064715694937227,-2.207586845761329,3.057029207627526
g0208,pyoperon,3,520;521;522,1.0,-0.9588372996507845,5.417716455195939,-2.2294395777725775
g0208,udsr,3,520;521;522,1.0,-4.047446401817691,3.5436923343045823,0.25187703375655435
g0209,dso,3,520;521;522,1.0,-2.1693091410559364,-1.495418439556482,1.8323637903062093
g0209,imcts,3,520;521;522,1.0,-3.649323083933717,-1.6759427513096024,2.66263291762166
g0209,pyoperon,3,520;521;522,1.0,-1.5062543086946203,6.546246572553623,-2.5199961319295014
g0209,udsr,3,520;521;522,1.0,-4.6142915721810445,4.2021858943628025,0.20605283890912096
g0210,dso,3,520;521;522,1.0,-2.0207150345166456,-1.04488665277039,1.5328008436435177
g0210,imcts,3,520;521;522,1.0,-3.0898227229232185,4.549692243120993,-0.7299347600988872
g0210,pyoperon,3,520;521;522,1.0,-1.2359872651337664,8.823373006028381,-3.7936928704473076
g0210,udsr,3,520;521;522,1.0,-4.344157963483332,6.722177850792093,-1.1890099436543804
g0211,dso,3,520;521;522,1.0,-1.0229565111650405,-1.589224811235374,1.3060906612002072
g0211,imcts,3,520;521;522,1.0,-8.243729197165711,-8.372671603726204,8.308200400445958
g0211,pyoperon,3,520;521;522,1.0,-0.35283082919192416,-0.3744476394869208,0.36363923433942247
g0211,udsr,3,520;521;522,1.0,-1.719519997473677,0.3638472409303451,0.677836378271666
g0212,dso,3,520;521;522,1.0,-1.9348628289632555,2.648505745679136,-0.3568214583579402
g0212,imcts,3,520;521;522,1.0,-5.673505184372817,-0.687703906325686,3.1806045453492517
g0212,pyoperon,3,520;521;522,1.0,-0.5570891113268199,5.662966367754823,-2.5529386282140014
g0212,udsr,3,520;521;522,1.0,-11.46553122027126,-4.453262582986143,7.959396901628701
g0213,dso,3,520;521;522,1.0,-1.1187419794961582,-1.2450257739887542,1.1818838767424562
g0213,imcts,3,520;521;522,1.0,-2.562676820107054,-4.154799800095028,3.358738310101041
g0213,pyoperon,3,520;521;522,1.0,-1.782902120054991,-2.486294029621501,2.134598074838246
g0213,udsr,3,520;521;522,1.0,-4.066282642313606,-1.3200501799972593,2.6931664111554325
g0214,dso,3,520;521;522,1.0,-0.3708439069691492,-0.4925644743538389,0.431704190661494
g0214,imcts,3,520;521;522,1.0,-2.305451308056919,-3.0977805565169434,2.701615932286931
g0214,pyoperon,3,520;521;522,1.0,-0.2818230707982032,0.15563438265559956,0.06309434407130181
g0214,udsr,3,520;521;522,1.0,-2.114073733529361,-2.235830021932031,2.174951877730696
g0215,dso,2,520;522,0.6666666666666666,-2.0296829569668833,-2.0052035027322384,1.350776563182894
g0215,imcts,2,521;522,0.6666666666666666,-12.0,-11.743222494031153,11.20494458034891
g0215,pyoperon,3,520;521;522,1.0,-0.301876357368604,-0.18530057900915545,0.24358846818887975
g0215,udsr,3,520;521;522,1.0,-6.483209742506298,-6.436561000927647,6.459885371716972
g0216,dso,3,520;521;522,1.0,-0.7300167061764508,-1.104265969244633,0.917141337710542
g0216,imcts,3,520;521;522,1.0,-2.120037605242534,-2.2553970573995077,2.1877173313210205
g0216,pyoperon,3,520;521;522,1.0,-0.49295463304842685,-0.6971918885603982,0.5950732608044125
g0216,udsr,3,520;521;522,1.0,-3.020563883429746,-2.3040574451851765,2.662310664307461
g0217,dso,3,520;521;522,1.0,-1.4920179250203347,-2.260805306206477,1.8764116156134059
g0217,imcts,3,520;521;522,1.0,-0.7308830829553944,-0.7413116972404818,0.7360973900979382
g0217,pyoperon,3,520;521;522,1.0,-1.9053827427785837,-1.9911693500455312,1.9482760464120574
g0217,udsr,3,520;521;522,1.0,-4.50106715724183,-3.597270827629428,4.049168992435629
g0218,dso,3,520;521;522,1.0,-2.568954640351243,-2.4701111713679715,2.519532905859607
g0218,imcts,3,520;521;522,1.0,-5.641595313659615,-4.206441203407135,4.9240182585333745
g0218,pyoperon,3,520;521;522,1.0,-1.7198269370585226,7.475558050772396,-2.877865556856937
g0218,udsr,3,520;521;522,1.0,-6.563932495008236,1.6673804803267742,2.4482760073407306
g0219,dso,3,520;521;522,1.0,-1.3260171753327847,-0.7165730312551242,1.0212951032939546
g0219,imcts,3,520;521;522,1.0,-3.441418784221495,-0.7631366418966259,2.1022777130590606
g0219,pyoperon,3,520;521;522,1.0,-1.518830157690288,1.8936094618953974,-0.18738965210255465
g0219,udsr,3,520;521;522,1.0,-11.453647138001086,-9.714170291299737,10.583908714650413
g0220,dso,3,520;521;522,1.0,-0.5833900263345222,-0.47369213676624516,0.5285410815503837
g0220,imcts,3,520;521;522,1.0,-10.022478451395381,-9.940108514542269,9.981293482968825
g0220,pyoperon,3,520;521;522,1.0,-0.45096823998160546,-0.23742762934058495,0.3441979346610952
g0220,udsr,3,520;521;522,1.0,-6.47940423608646,-6.688356200008307,6.583880218047383
g0221,dso,3,520;521;522,1.0,-1.7430048024556744,-0.9165918197713964,1.3297983111135354
g0221,imcts,3,520;521;522,1.0,-4.296158350303501,-3.0466200083362778,3.671389179319889
g0221,pyoperon,3,520;521;522,1.0,-1.000383239913403,1.670847328223308,-0.33523204415495256
g0221,udsr,3,520;521;522,1.0,-6.249862849021699,-0.28664003482176054,3.26825144192173
g0222,dso,3,520;521;522,1.0,-2.9282352359680828,-2.952296462328979,2.940265849148531
g0222,imcts,3,520;521;522,1.0,-5.324135769713098,-5.62206833347625,5.473102051594674
g0222,pyoperon,3,520;521;522,1.0,-1.9807390482773004,-2.0253058942857765,2.0030224712815383
g0222,udsr,3,520;521;522,1.0,-5.326136508427148,-5.569266777732497,5.447701643079823
g0223,dso,3,520;521;522,1.0,-1.2067214268076247,-1.8962666180729917,1.5514940224403082
g0223,imcts,3,520;521;522,1.0,-2.1485947096562383,-2.6407542566137074,2.394674483134973
g0223,pyoperon,3,520;521;522,1.0,-0.7203952609405196,-0.9969330182344432,0.8586641395874814
g0223,udsr,3,520;521;522,1.0,-3.7704102771535073,-3.4712687649988587,3.6208395210761832
g0224,dso,3,520;521;522,1.0,-2.7039172267240468,-0.6254953602785953,1.664706293501321
g0224,imcts,3,520;521;522,1.0,-5.16158643684174,-1.2147512335845738,3.188168835213157
g0224,pyoperon,3,520;521;522,1.0,-1.8025370651866093,6.889869701108267,-2.5436663179608288
g0224,udsr,3,520;521;522,1.0,-11.065237249978045,-5.617270449630134,8.34125384980409
g0225,dso,3,520;521;522,1.0,-1.771348362384729,-1.1000398198917332,1.435694091138231
g0225,imcts,3,520;521;522,1.0,-5.685766725353616,-1.0751063754158838,3.38043655038475
g0225,pyoperon,3,520;521;522,1.0,-1.33018590741549,8.521909777835859,-3.595861935210184
g0225,udsr,3,520;521;522,1.0,-6.5180765812729895,3.1379649859953056,1.690055797638842
g0226,dso,3,520;521;522,1.0,-1.6013710071130518,0.678719497843986,0.4613257546345329
g0226,imcts,3,520;521;522,1.0,-4.661610260948958,-3.696986065131186,4.179298163040072
g0226,pyoperon,3,520;521;522,1.0,-1.3256162335003305,0.7541655721303431,0.28572533068499373
g0226,udsr,3,520;521;522,1.0,-3.8541973905670037,-0.8629054082148361,2.3585513993909197
g0227,dso,2,521;522,0.6666666666666666,-2.0700547506535023,-2.6793678714027434,1.708044644361456
g0227,imcts,3,520;521;522,1.0,-11.424884069246517,-11.466545951171724,11.44571501020912
g0227,pyoperon,3,520;521;522,1.0,-0.5372341941781799,-0.39055025442110436,0.4638922242996421
g0227,udsr,3,520;521;522,1.0,-5.087840310292108,-4.335456802032499,4.711648556162304
g0228,dso,3,520;521;522,1.0,-0.9934326486984396,-1.8370663529569882,1.415249500827714
g0228,imcts,3,520;521;522,1.0,-2.4693625680299505,-2.352360280183036,2.410861424106493
g0228,pyoperon,3,520;521;522,1.0,-0.5097442366609969,-0.9356232458346158,0.7226837412478063
g0228,udsr,3,520;521;522,1.0,-4.292746701665862,-2.87303053320607,3.582888617435966
g0229,dso,3,520;521;522,1.0,-1.3281738378034489,-0.8353538206879275,1.0817638292456881
g0229,imcts,3,520;521;522,1.0,-3.4781288737446583,-2.0344088932281,2.756268883486379
g0229,pyoperon,3,520;521;522,1.0,-1.3204466346603274,0.6656348334088854,0.327405900625721
g0229,udsr,3,520;521;522,1.0,-3.844633744895127,0.1618133088836373,1.8414102180057448
g0230,dso,3,520;521;522,1.0,-1.9603033481751668,-2.1545079908278786,2.057405669501523
g0230,imcts,3,520;521;522,1.0,-3.6307901634906425,-3.8550949095525575,3.7429425365216
g0230,pyoperon,3,520;521;522,1.0,-0.7650663493493454,-0.918023667872719,0.8415450086110322
g0230,udsr,3,520;521;522,1.0,-5.2397988723290725,-3.945726416816266,4.5927626445726695
g0231,dso,3,520;521;522,1.0,-1.5193086835183909,-1.0455562950813866,1.2824324892998886
g0231,imcts,3,520;521;522,1.0,-4.008063961016987,-4.003611154113063,4.005837557565025
g0231,pyoperon,3,520;521;522,1.0,-1.5259001388100206,-1.055403755015411,1.2906519469127158
g0231,udsr,3,520;521;522,1.0,-3.8323588238526027,-3.1266468118062645,3.4795028178294336
g0232,dso,3,520;521;522,1.0,-2.0326599464556323,-1.9524756923315414,1.992567819393587
g0232,imcts,3,520;521;522,1.0,-3.2727117373912726,-3.2072478753019413,3.239979806346607
g0232,pyoperon,3,520;521;522,1.0,-2.08110752351997,-1.971230956205192,2.026169239862581
g0232,udsr,3,520;521;522,1.0,-3.870907014265338,-3.8991088314249382,3.885007922845138
g0233,dso,3,520;521;522,1.0,-1.0416196453018307,-1.0731411227184802,1.0573803840101554
g0233,imcts,3,520;521;522,1.0,-3.2142533006362712,-2.023998594957676,2.6191259477969737
g0233,pyoperon,3,520;521;522,1.0,-1.2508708895751,3.6792839184692134,-1.2142065144470569
g0233,udsr,3,520;521;522,1.0,-4.237713780639656,1.3594418360273917,1.4391359723061323
g0234,dso,3,520;521;522,1.0,-1.824537216868188,-2.374361150249291,2.0994491835587397
g0234,imcts,3,520;521;522,1.0,-4.9966446185419375,-4.984565177176275,4.990604897859106
g0234,pyoperon,3,520;521;522,1.0,-2.0295355781112874,-2.2144851323282544,2.122010355219771
g0234,udsr,3,520;521;522,1.0,-5.34331453970501,-4.9966239886319626,5.169969264168486
g0235,dso,3,520;521;522,1.0,-0.7585022593765043,-1.3229583005057461,1.0407302799411253
g0235,imcts,3,520;521;522,1.0,-2.5696956319576354,-2.2335442927477813,2.4016199623527084
g0235,pyoperon,3,520;521;522,1.0,-0.5046776262419213,-0.7911976980768319,0.6479376621593766
g0235,udsr,3,520;521;522,1.0,-2.5034409238791437,-1.1842687078498024,1.8438548158644732
g0236,dso,3,520;521;522,1.0,-1.832249766966146,-0.9270819494226639,1.379665858194405
g0236,imcts,3,520;521;522,1.0,-4.536323766822832,-1.928832030279988,3.23257789855141
g0236,pyoperon,3,520;521;522,1.0,-1.1937132481399715,7.584519475942087,-3.1954031139010577
g0236,udsr,3,520;521;522,1.0,-5.395861961918105,5.64705782758416,-0.12559793283302723
g0237,dso,3,520;521;522,1.0,-0.9721066964008216,2.43734545849507,-0.7326193810471242
g0237,imcts,3,520;521;522,1.0,-2.7470991045968574,2.021104495011016,0.3629973047929207
g0237,pyoperon,3,520;521;522,1.0,-0.6974447691166875,4.469141788634138,-1.8858485097587252
g0237,udsr,3,520;521;522,1.0,-5.908320915073593,0.5164690199368954,2.6959259475683486
g0238,dso,3,520;521;522,1.0,-1.223975416420032,-1.0945631882513904,1.1592693023357112
g0238,imcts,3,520;521;522,1.0,-2.3105876880688796,-2.072806515261193,2.1916971016650364
g0238,pyoperon,3,520;521;522,1.0,-1.4654381320178729,-1.3063123647709456,1.3858752483944092
g0238,udsr,3,520;521;522,1.0,-3.19033139648649,-2.480205547579079,2.8352684720327845
g0239,dso,3,520;521;522,1.0,-1.8645483195494876,-1.9077104108646246,1.886129365207056
g0239,imcts,3,520;521;522,1.0,-3.2371173509260185,-3.2234562878334576,3.230286819379738
g0239,pyoperon,3,520;521;522,1.0,-1.8320302738178722,-2.034062319670853,1.9330462967443625
g0239,udsr,3,520;521;522,1.0,-3.4235877500427097,-3.42134971058285,3.42246873031278
g0240,dso,3,520;521;522,1.0,-1.172275595230418,0.26373744020317985,0.4542690775136191
g0240,imcts,3,520;521;522,1.0,-4.5165649676380655,-3.4022417019954667,3.9594033348167663
g0240,pyoperon,3,520;521;522,1.0,-1.1675275640696714,0.16986277971943378,0.4988323921751188
g0240,udsr,3,520;521;522,1.0,-3.8545721608985626,-1.0319613106029748,2.4432667357507687
g0241,dso,3,520;521;522,1.0,-12.0,-12.0,12.0
g0241,imcts,3,520;521;522,1.0,-12.0,-12.0,12.0
g0241,pyoperon,3,520;521;522,1.0,-5.88402801556218,-5.884028015562197,5.884028015562189
g0241,udsr,3,520;521;522,1.0,-12.0,-12.0,12.0
g0242,dso,3,520;521;522,1.0,-0.08760766349291504,5.003216074301024,-2.4578042054040545
g0242,imcts,3,520;521;522,1.0,-12.0,-12.0,12.0
g0242,pyoperon,3,520;521;522,1.0,-1.94423334809306,-1.7107955633964431,1.8275144557447516
g0242,udsr,3,520;521;522,1.0,-11.003151512623257,-11.003151524437206,11.003151518530231
g0243,dso,3,520;521;522,1.0,-12.0,-12.0,12.0
g0243,imcts,3,520;521;522,1.0,-12.0,-12.0,12.0
g0243,pyoperon,3,520;521;522,1.0,-4.036581594401162,-3.974530495801113,4.005556045101137
g0243,udsr,3,520;521;522,1.0,-11.947398577958234,-11.947398577961566,11.9473985779599
g0244,dso,3,520;521;522,1.0,-4.011786379827224,-3.307860285214467,3.6598233325208454
g0244,imcts,3,520;521;522,1.0,-12.0,-12.0,12.0
g0244,pyoperon,3,520;521;522,1.0,-6.172369000125198,-6.172369000125193,6.172369000125196
g0244,udsr,3,520;521;522,1.0,-11.785251846954202,-11.98333916112677,11.884295504040486
g0245,dso,3,520;521;522,1.0,-12.0,-12.0,12.0
g0245,imcts,3,520;521;522,1.0,-12.0,-12.0,12.0
g0245,pyoperon,3,520;521;522,1.0,-1.7716700362592925,-2.0141015663049817,1.8928858012821372
g0245,udsr,3,520;521;522,1.0,-12.0,-12.0,12.0
g0246,dso,3,520;521;522,1.0,-12.0,-12.0,12.0
g0246,imcts,3,520;521;522,1.0,-12.0,-12.0,12.0
g0246,pyoperon,3,520;521;522,1.0,-0.1365527589520543,0.14580284704867605,-0.004625044048310878
g0246,udsr,3,520;521;522,1.0,-12.0,-12.0,12.0
g0247,dso,3,520;521;522,1.0,-12.0,-12.0,12.0
g0247,imcts,3,520;521;522,1.0,-12.0,-12.0,12.0
g0247,pyoperon,3,520;521;522,1.0,-0.03199799607156956,0.020453785155457396,0.0057721054580560805
g0247,udsr,3,520;521;522,1.0,-12.0,-12.0,12.0
g0248,dso,3,520;521;522,1.0,-12.0,-11.917670868953133,11.958835434476565
g0248,imcts,3,520;521;522,1.0,-11.974022012541527,-12.0,11.987011006270762
g0248,pyoperon,3,520;521;522,1.0,-4.582826365873478,-4.293096615538278,4.437961490705878
g0248,udsr,3,520;521;522,1.0,-12.0,-12.0,12.0
g0249,dso,3,520;521;522,1.0,-12.0,-12.0,12.0
g0249,imcts,3,520;521;522,1.0,-12.0,-12.0,12.0
g0249,pyoperon,2,521;522,0.6666666666666666,-2.09995501240926,-1.9410114507812117,1.3538165649285692
g0249,udsr,3,520;521;522,1.0,-12.0,-12.0,12.0
g0250,dso,3,520;521;522,1.0,-5.412612762154015,-5.486443275577532,5.449528018865774
g0250,imcts,3,520;521;522,1.0,-11.404119255565751,-11.360354233953908,11.38223674475983
g0250,pyoperon,3,520;521;522,1.0,-0.5800733886204892,-0.3241309715782032,0.4521021800993462
g0250,udsr,3,520;521;522,1.0,-11.735680606165957,-11.735680606507302,11.73568060633663
g0251,dso,3,520;521;522,1.0,-12.0,-11.140402128461076,11.570201064230538
g0251,imcts,3,520;521;522,1.0,-12.0,-11.14870675941817,11.574353379709084
g0251,pyoperon,0,,0.0,,,-12.0
g0251,udsr,3,520;521;522,1.0,-12.0,-11.132692801109314,11.566346400554657
g0252,dso,3,520;521;522,1.0,-12.0,-12.0,12.0
g0252,imcts,3,520;521;522,1.0,-12.0,-12.0,12.0
g0252,pyoperon,0,,0.0,,,-12.0
g0252,udsr,3,520;521;522,1.0,-11.340359760391332,-10.782644002893827,11.06150188164258
g0253,dso,3,520;521;522,1.0,-1.7804192225778088,2.376882832783603,-0.29823180510289715
g0253,imcts,3,520;521;522,1.0,-6.417799584113292,-6.039300283362455,6.228549933737874
g0253,pyoperon,2,520;521,0.6666666666666666,-1.6775513358100134,-1.3409911735142845,0.8426045879954822
g0253,udsr,3,520;521;522,1.0,-12.0,-12.0,12.0
g0254,dso,3,520;521;522,1.0,-0.08155134336360757,1.7385632765405672,-0.8285059665884799
g0254,imcts,3,520;521;522,1.0,-11.252203363260186,-10.914299972484107,11.083251667872148
g0254,pyoperon,3,520;521;522,1.0,-1.934036233015604,-1.3365476634163098,1.635291948215957
g0254,udsr,3,520;521;522,1.0,-11.248328471074037,-11.309172495105736,11.278750483089887
g0255,dso,3,520;521;522,1.0,-0.4692195194705488,-0.06410653013549021,0.2666630248030195
g0255,imcts,3,520;521;522,1.0,-12.0,-11.491100833533189,11.745550416766594
g0255,pyoperon,0,,0.0,,,-12.0
g0255,udsr,3,520;521;522,1.0,-2.4498073399042903,-2.338634234756335,2.3942207873303127
g0256,dso,3,520;521;522,1.0,-12.0,-12.0,12.0
g0256,imcts,3,520;521;522,1.0,-11.673978381408439,-11.908612007712131,11.791295194560284
g0256,pyoperon,0,,0.0,,,-12.0
g0256,udsr,3,520;521;522,1.0,-11.947398750603682,-11.947398750540259,11.94739875057197
g0257,dso,2,520;522,0.6666666666666666,-12.0,-12.0,11.333333333333334
g0257,imcts,3,520;521;522,1.0,-11.92085382080137,-12.0,11.960426910400685
g0257,pyoperon,0,,0.0,,,-12.0
g0257,udsr,3,520;521;522,1.0,-12.0,-12.0,12.0
g0258,dso,3,520;521;522,1.0,-0.17869100661035023,0.7271542173209502,-0.2742316053553
g0258,imcts,3,520;521;522,1.0,-12.0,-12.0,12.0
g0258,pyoperon,3,520;521;522,1.0,-0.02013767440400305,1.228068670143801,-0.603965497869899
g0258,udsr,3,520;521;522,1.0,-12.0,-12.0,12.0
g0259,dso,3,520;521;522,1.0,-0.9639779421519808,-0.798033450189274,0.8810056961706274
g0259,imcts,3,520;521;522,1.0,-12.0,-12.0,12.0
g0259,pyoperon,3,520;521;522,1.0,-3.412095488330495,-3.41263276563873,3.4123641269846123
g0259,udsr,3,520;521;522,1.0,-12.0,-12.0,12.0
g0260,dso,1,522,0.3333333333333333,0.0,0.0,-1.3333333333333335
g0260,imcts,3,520;521;522,1.0,-12.0,-12.0,12.0
g0260,pyoperon,0,,0.0,,,-12.0
g0260,udsr,3,520;521;522,1.0,-10.216863012105987,-10.216872424097588,10.216867718101788
g0261,dso,3,520;521;522,1.0,-3.3395935255232465,-3.2131579668843373,3.276375746203792
g0261,imcts,3,520;521;522,1.0,-11.758521794943311,-11.75852179357293,11.75852179425812
g0261,pyoperon,3,520;521;522,1.0,-2.0909098843161478,-1.949345329589154,2.020127606952651
g0261,udsr,3,520;521;522,1.0,-11.610743350894142,-11.610743350441522,11.610743350667832
g0262,dso,3,520;521;522,1.0,-8.816638158028729,-8.694719897574672,8.755679027801701
g0262,imcts,3,520;521;522,1.0,-12.0,-12.0,12.0
g0262,pyoperon,3,520;521;522,1.0,-0.0006352972764633579,0.00434680261743468,-0.0018557526704856611
g0262,udsr,3,520;521;522,1.0,-12.0,-12.0,12.0
g0263,dso,3,520;521;522,1.0,-0.0114235281992795,1.6828573681634882,-0.8357169199821043
g0263,imcts,3,520;521;522,1.0,-12.0,-12.0,12.0
g0263,pyoperon,1,520,0.3333333333333333,0.0,0.0,-1.3333333333333335
g0263,udsr,3,520;521;522,1.0,-12.0,-12.0,12.0
g0264,dso,3,520;521;522,1.0,-3.710129606315094,-1.8211395533789017,2.765634579846998
g0264,imcts,3,520;521;522,1.0,-12.0,-11.496531937922308,11.748265968961153
g0264,pyoperon,3,520;521;522,1.0,-2.62413982125165,-1.6965634435752384,2.160351632413444
g0264,udsr,3,520;521;522,1.0,-12.0,-12.0,12.0
g0265,dso,3,520;521;522,1.0,-12.0,-12.0,12.0
g0265,imcts,3,520;521;522,1.0,-11.540183931849311,-11.916658709221347,11.728421320535329
g0265,pyoperon,3,520;521;522,1.0,-0.08559140113356156,-0.026625411150560278,0.05610840614206092
g0265,udsr,3,520;521;522,1.0,-11.822735345038339,-11.78664114383804,11.80468824443819
g0266,dso,3,520;521;522,1.0,-0.07688824072593678,0.6664795342520987,-0.29479564676308095
g0266,imcts,3,520;521;522,1.0,-12.0,-12.0,12.0
g0266,pyoperon,3,520;521;522,1.0,-6.44394979161351,-6.036459506811805,6.240204649212657
g0266,udsr,3,520;521;522,1.0,-12.0,-12.0,12.0
g0267,dso,2,520;522,0.6666666666666666,-0.36844528569924206,-0.22317819190072527,-0.37085492786668306
g0267,imcts,3,520;521;522,1.0,-12.0,-12.0,12.0
g0267,pyoperon,0,,0.0,,,-12.0
g0267,udsr,3,520;521;522,1.0,-9.608168551667333,-9.504640851948944,9.556404701808138
g0268,dso,0,,0.0,,,-12.0
g0268,imcts,3,520;521;522,1.0,-11.272065429275946,-11.272065429274965,11.272065429275456
g0268,pyoperon,0,,0.0,,,-12.0
g0268,udsr,3,520;521;522,1.0,-11.880510145540748,-11.880510147069481,11.880510146305115
g0269,dso,3,520;521;522,1.0,-1.3911856674196896,-0.7144375194456778,1.0528115934326836
g0269,imcts,3,520;521;522,1.0,-12.0,-9.96726032595073,10.983630162975366
g0269,pyoperon,3,520;521;522,1.0,-0.20044950689349694,1.6855040516480149,-0.7425272723772589
g0269,udsr,2,520;522,0.6666666666666666,-11.464231596845963,-11.46423156409369,10.79756491380316
g0270,dso,3,520;521;522,1.0,0.0009140282582968227,-0.00015493241565781447,-0.00037954792131950413
g0270,imcts,3,520;521;522,1.0,-12.0,-12.0,12.0
g0270,pyoperon,3,520;521;522,1.0,-6.295988382394263,-6.295988385387768,6.295988383891016
g0270,udsr,3,520;521;522,1.0,-11.270802136464292,-11.270802136135648,11.27080213629997
g0271,dso,3,520;521;522,1.0,-12.0,-12.0,12.0
g0271,imcts,3,520;521;522,1.0,-12.0,-12.0,12.0
g0271,pyoperon,3,520;521;522,1.0,-5.1003566587734355,-4.852465075180149,4.976410866976792
g0271,udsr,3,520;521;522,1.0,-11.341964545697017,-11.342546809654136,11.342255677675578
g0272,dso,3,520;521;522,1.0,-0.09987009122445133,3.8399716692393775,-1.8700507890074631
g0272,imcts,3,520;521;522,1.0,-12.0,-12.0,12.0
g0272,pyoperon,3,520;521;522,1.0,-1.8563045589671219,-1.7154844795042876,1.7858945192357047
g0272,udsr,3,520;521;522,1.0,-12.0,-12.0,12.0
g0273,dso,3,520;521;522,1.0,-12.0,-12.0,12.0
g0273,imcts,3,520;521;522,1.0,-12.0,-12.0,12.0
g0273,pyoperon,3,520;521;522,1.0,-3.019880411909453,-2.6841619010713416,2.8520211564903972
g0273,udsr,3,520;521;522,1.0,-12.0,-12.0,12.0
g0274,dso,3,520;521;522,1.0,-3.9106688366237035,-4.531785115664175,4.22122697614394
g0274,imcts,3,520;521;522,1.0,-12.0,-12.0,12.0
g0274,pyoperon,3,520;521;522,1.0,-2.7111950404367087,-2.4173830319105103,2.5642890361736095
g0274,udsr,3,520;521;522,1.0,-12.0,-12.0,12.0
g0275,dso,3,520;521;522,1.0,-2.4513125962093762,-2.1925844654235047,2.3219485308164405
g0275,imcts,3,520;521;522,1.0,-12.0,-12.0,12.0
g0275,pyoperon,3,520;521;522,1.0,-0.25674587028316254,-0.1903297900801076,0.2235378301816351
g0275,udsr,3,520;521;522,1.0,-12.0,-12.0,12.0
g0276,dso,3,520;521;522,1.0,-12.0,-12.0,12.0
g0276,imcts,3,520;521;522,1.0,-11.56841387702867,-11.689384920572158,11.628899398800414
g0276,pyoperon,2,520;522,0.6666666666666666,-0.1222516867093103,0.04544401097791283,-0.628262828800968
g0276,udsr,3,520;521;522,1.0,-12.0,-12.0,12.0
g0277,dso,3,520;521;522,1.0,-12.0,-12.0,12.0
g0277,imcts,3,520;521;522,1.0,-12.0,-12.0,12.0
g0277,pyoperon,3,520;521;522,1.0,-0.008169969307911843,0.11167487438948343,-0.05175245254078579
g0277,udsr,3,520;521;522,1.0,-0.2502880332884134,-0.1726210476213557,0.21145454045488454
g0278,dso,3,520;521;522,1.0,-12.0,-12.0,12.0
g0278,imcts,3,520;521;522,1.0,-12.0,-12.0,12.0
g0278,pyoperon,3,520;521;522,1.0,-4.7514614455420245,-4.565678538146961,4.658569991844493
g0278,udsr,3,520;521;522,1.0,-12.0,-12.0,12.0
g0279,dso,3,520;521;522,1.0,-12.0,-12.0,12.0
g0279,imcts,3,520;521;522,1.0,-12.0,-12.0,12.0
g0279,pyoperon,2,521;522,0.6666666666666666,-0.5795600471306452,0.48198483747782267,-0.6178790618402554
g0279,udsr,3,520;521;522,1.0,-12.0,-12.0,12.0
g0280,dso,3,520;521;522,1.0,-1.200670019263867,-0.6498223042456062,0.9252461617547366
g0280,imcts,3,520;521;522,1.0,-12.0,-12.0,12.0
g0280,pyoperon,3,520;521;522,1.0,-0.4770663883049911,0.6918132958148484,-0.10737345375492865
g0280,udsr,3,520;521;522,1.0,-1.1706148991672969,-0.7364638054918676,0.9535393523295823
g0281,dso,3,520;521;522,1.0,-12.0,-12.0,12.0
g0281,imcts,3,520;521;522,1.0,-12.0,-12.0,12.0
g0281,pyoperon,0,,0.0,,,-12.0
g0281,udsr,3,520;521;522,1.0,-2.9403222977672825,-2.4495890655869896,2.6949556816771363
g0282,dso,3,520;521;522,1.0,-12.0,-12.0,12.0
g0282,imcts,3,520;521;522,1.0,-12.0,-12.0,12.0
g0282,pyoperon,0,,0.0,,,-12.0
g0282,udsr,3,520;521;522,1.0,-12.0,-12.0,12.0
g0283,dso,3,520;521;522,1.0,-1.7149328889582296,-1.2064188662129884,1.460675877585609
g0283,imcts,3,520;521;522,1.0,-6.975405407790421,-6.141215154746821,6.558310281268621
g0283,pyoperon,1,522,0.3333333333333333,-1.7739790755242426,-1.5027292417702491,0.3050208253139124
g0283,udsr,3,520;521;522,1.0,-8.779230725507869,-8.711579564765026,8.745405145136449
g0284,dso,3,520;521;522,1.0,-0.06572330358483332,1.2788292994232506,-0.6065529979192087
g0284,imcts,3,520;521;522,1.0,-12.0,-12.0,12.0
g0284,pyoperon,3,520;521;522,1.0,-0.9819228288714815,-0.5515749674471535,0.7667488981593176
g0284,udsr,3,520;521;522,1.0,-10.026818560883148,-9.191156172400248,9.6089873666417
g0285,dso,3,520;521;522,1.0,-0.5774004937834636,-0.08312807692153772,0.33026428535250063
g0285,imcts,3,520;521;522,1.0,-12.0,-12.0,12.0
g0285,pyoperon,0,,0.0,,,-12.0
g0285,udsr,3,520;521;522,1.0,-7.874495764050821,-7.875026422640264,7.874761093345542
g0286,dso,3,520;521;522,1.0,-8.000683507533672,-8.027987183679556,8.014335345606614
g0286,imcts,3,520;521;522,1.0,-12.0,-12.0,12.0
g0286,pyoperon,0,,0.0,,,-12.0
g0286,udsr,3,520;521;522,1.0,-0.16678775141707267,0.6703657926085113,-0.2517890205957193
g0287,dso,3,520;521;522,1.0,-12.0,-12.0,12.0
g0287,imcts,3,520;521;522,1.0,-12.0,-12.0,12.0
g0287,pyoperon,0,,0.0,,,-12.0
g0287,udsr,3,520;521;522,1.0,-4.055257766610194,-4.126116698066363,4.090687232338278
g0288,dso,3,520;521;522,1.0,-0.1336396571178239,1.5367332646318148,-0.7015468037569954
g0288,imcts,3,520;521;522,1.0,-12.0,-11.685836322353536,11.842918161176769
g0288,pyoperon,3,520;521;522,1.0,-0.02223676113663094,0.8069554643042419,-0.39235935158380547
g0288,udsr,3,520;521;522,1.0,-1.68127849611529,-1.7681650186112503,1.72472175736327
g0289,dso,3,520;521;522,1.0,-1.3416029094408533,-1.3281927139025322,1.3348978116716927
g0289,imcts,3,520;521;522,1.0,-12.0,-12.0,12.0
g0289,pyoperon,2,520;522,0.6666666666666666,-4.48161709832212,-4.481616806836426,3.814950285912606
g0289,udsr,3,520;521;522,1.0,-12.0,-12.0,12.0
g0290,dso,3,520;521;522,1.0,-0.004704585270445588,12.0,-5.997647707364777
g0290,imcts,3,520;521;522,1.0,-12.0,-12.0,12.0
g0290,pyoperon,0,,0.0,,,-12.0
g0290,udsr,3,520;521;522,1.0,-12.0,-12.0,12.0
g0291,dso,3,520;521;522,1.0,-2.99822095948779,-2.9262993373209114,2.9622601484043507
g0291,imcts,3,520;521;522,1.0,-12.0,-12.0,12.0
g0291,pyoperon,3,520;521;522,1.0,-0.6733303714424569,-0.41238794107664206,0.5428591562595495
g0291,udsr,3,520;521;522,1.0,-12.0,-12.0,12.0
g0292,dso,3,520;521;522,1.0,-0.20195426086225823,-0.05730212862657568,0.12962819474441695
g0292,imcts,3,520;521;522,1.0,-12.0,-12.0,12.0
g0292,pyoperon,3,520;521;522,1.0,0.00034352056038001495,0.0012001925382978888,-0.0007718565493389518
g0292,udsr,3,520;521;522,1.0,-0.023889384179092574,0.5238419452334496,-0.24997628052717852
g0293,dso,3,520;521;522,1.0,0.0036247565775990955,2.5029469776694494e-05,-0.001824893023687895
g0293,imcts,3,520;521;522,1.0,-12.0,-12.0,12.0
g0293,pyoperon,2,520;522,0.6666666666666666,3.334776409889085,2.8080728977828437,-3.7380913205026314
g0293,udsr,3,520;521;522,1.0,-0.01869241917981104,6.102911710505862e-05,0.00931569503135299
g0294,dso,3,520;521;522,1.0,-12.0,-12.0,12.0
g0294,imcts,3,520;521;522,1.0,-12.0,-12.0,12.0
g0294,pyoperon,3,520;521;522,1.0,-1.805944581292805,-0.5948206659575065,1.2003826236251558
g0294,udsr,3,520;521;522,1.0,-12.0,-12.0,12.0
g0295,dso,3,520;521;522,1.0,-12.0,-12.0,12.0
g0295,imcts,3,520;521;522,1.0,-12.0,-12.0,12.0
g0295,pyoperon,3,520;521;522,1.0,-0.08521161728305417,-0.02065797947605263,0.0529347983795534
g0295,udsr,3,520;521;522,1.0,-8.386885510628852,-7.731466542079779,8.059176026354315
g0296,dso,3,520;521;522,1.0,-0.10457069142176696,0.6157247508908743,-0.25557702973455365
g0296,imcts,3,520;521;522,1.0,-10.882406787134807,-9.413976567829211,10.148191677482009
g0296,pyoperon,3,520;521;522,1.0,-1.5485394898754272,-0.9794026169759826,1.263971053425705
g0296,udsr,3,520;521;522,1.0,-0.4986518741085681,-0.3130933234041863,0.40587259875637716
g0297,dso,3,520;521;522,1.0,-0.3681799980507978,0.0397488855603264,0.1642155562452357
g0297,imcts,3,520;521;522,1.0,-11.786559528343574,-11.786609998923176,11.786584763633375
g0297,pyoperon,0,,0.0,,,-12.0
g0297,udsr,3,520;521;522,1.0,-12.0,-12.0,12.0
g0298,dso,2,521;522,0.6666666666666666,-0.19600143891084248,0.20054438674803457,-0.6689381405852628
g0298,imcts,2,520;522,0.6666666666666666,-12.0,-12.0,11.333333333333334
g0298,pyoperon,0,,0.0,,,-12.0
g0298,udsr,3,520;521;522,1.0,-12.0,-12.0,12.0
g0299,dso,3,520;521;522,1.0,-0.7366383379879267,-0.8014963537566224,0.7690673458722745
g0299,imcts,3,520;521;522,1.0,-12.0,-11.424149905983514,11.712074952991756
g0299,pyoperon,3,520;521;522,1.0,-0.16003998005795353,0.9370059559226701,-0.3884829879323583
g0299,udsr,3,520;521;522,1.0,-8.199384350528712,-6.6000556981788385,7.399720024353775
g0300,dso,3,520;521;522,1.0,0.0038247729417807477,3.048194139169285,-1.5260094560555328
g0300,imcts,3,520;521;522,1.0,-0.3106572276142257,0.2679472915882436,0.021354968012991055
g0300,pyoperon,3,520;521;522,1.0,-1.7670036010323862,-1.7672614312269814,1.7671325161296838
g0300,udsr,3,520;521;522,1.0,-4.075983730416385,-2.795464575957977,3.4357241531871807
g0301,dso,3,520;521;522,1.0,0.00014602081043389977,1.7219109024077068e-05,-8.161995972898843e-05
g0301,imcts,3,520;521;522,1.0,4.440480678783761,3.999996477350026,-4.220238578066893
g0301,pyoperon,0,,0.0,,,-12.0
g0301,udsr,3,520;521;522,1.0,2.7684680773360593,5.104038942120163,-3.936253509728111
g0302,dso,3,520;521;522,1.0,-2.0261919851769226,-1.4142395135730184,1.7202157493749706
g0302,imcts,3,520;521;522,1.0,-3.0600491847179883,-0.9601486227998738,2.010098903758931
g0302,pyoperon,3,520;521;522,1.0,-2.0026904189323935,-1.380384930169284,1.6915376745508388
g0302,udsr,3,520;521;522,1.0,-2.4938950975166083,-0.5407040670528338,1.517299582284721
g0303,dso,2,520;522,0.6666666666666666,-12.0,-12.0,11.333333333333334
g0303,imcts,3,520;521;522,1.0,-12.0,-12.0,12.0
g0303,pyoperon,3,520;521;522,1.0,-1.2709392450375243,-1.3568324002383882,1.3138858226379564
g0303,udsr,2,520;522,0.6666666666666666,-12.0,-12.0,11.333333333333334
g0304,dso,3,520;521;522,1.0,-0.014182359556921027,0.025112961992207136,-0.005465301217643054
g0304,imcts,3,520;521;522,1.0,-5.633956808302941,-5.136779782947857,5.385368295625399
g0304,pyoperon,3,520;521;522,1.0,0.00013655842473346777,0.028300507720836744,-0.014218533072785106
g0304,udsr,3,520;521;522,1.0,0.2196416711417628,0.8184500167643732,-0.5190458439530681
g0305,dso,3,520;521;522,1.0,0.15663550787532401,4.725847518947593,-2.4412415134114585
g0305,imcts,3,520;521;522,1.0,-3.0810037586253114,-2.379407681298876,2.7302057199620937
g0305,pyoperon,3,520;521;522,1.0,0.008336314585329643,0.005889553066142986,-0.0071129338257363145
g0305,udsr,3,520;521;522,1.0,-0.6619345519708056,-1.0888459050420967,0.8753902285064512
g0306,dso,3,520;521;522,1.0,-4.414074580067446,-2.8883717555216424,3.6512231677945444
g0306,imcts,3,520;521;522,1.0,-4.118332681537804,-3.1669145779894508,3.6426236297636274
g0306,pyoperon,3,520;521;522,1.0,-4.341285583282565,-2.849402679666008,3.5953441314742864
g0306,udsr,3,520;521;522,1.0,-4.572167767584476,-3.0337149478583587,3.8029413577214175
g0307,dso,3,520;521;522,1.0,-0.15869902059779514,-0.012246554474896096,0.08547278753634562
g0307,imcts,2,520;522,0.6666666666666666,-0.14784756205594418,-0.03189971841636273,-0.5767930264305132
g0307,pyoperon,3,520;521;522,1.0,-0.5423120724374669,-1.0399251404292889,0.791118606433378
g0307,udsr,3,520;521;522,1.0,-0.3354405646028756,4.052082819745134,-1.8583211275711293
g0308,dso,3,520;521;522,1.0,-6.212090241320719,-8.193459997386034,7.202775119353376
g0308,imcts,3,520;521;522,1.0,-12.0,-12.0,12.0
g0308,pyoperon,3,520;521;522,1.0,-0.04113871224418259,-0.0034624022247624845,0.022300557234472537
g0308,udsr,3,520;521;522,1.0,-8.033303368666196,-8.002595790586176,8.017949579626187
g0309,dso,3,520;521;522,1.0,-0.007779352759058788,4.46026994785386,-2.2262452975474005
g0309,imcts,3,520;521;522,1.0,6.843771797173749,6.570724967320706,-6.7072483822472275
g0309,pyoperon,3,520;521;522,1.0,-0.0342028038480055,-0.017384077772265215,0.02579344081013536
g0309,udsr,3,520;521;522,1.0,-3.0210862993704404,-3.140603981782538,3.080845140576489
g0310,dso,3,520;521;522,1.0,-0.6647666555715648,-0.6152873049663753,0.64002698026897
g0310,imcts,3,520;521;522,1.0,-0.5828447873560743,-0.6243094434159117,0.603577115385993
g0310,pyoperon,2,520;521,0.6666666666666666,-0.011141891130984058,-0.0014964890487876013,-0.660347476576781
g0310,udsr,3,520;521;522,1.0,-0.6647666634518199,-0.6152873159535358,0.6400269897026778
g0311,dso,3,520;521;522,1.0,-0.8088442623043685,-1.5637165896113467,1.1862804259578577
g0311,imcts,3,520;521;522,1.0,-4.42440093560445,-4.368120941740401,4.396260938672426
g0311,pyoperon,0,,0.0,,,-12.0
g0311,udsr,3,520;521;522,1.0,-0.5461616479261927,-0.37550995031108997,0.46083579911864136
g0312,dso,3,520;521;522,1.0,-0.8249178702479328,-1.952662615281113,1.388790242764523
g0312,imcts,3,520;521;522,1.0,-0.850141873484735,-0.5715170751945595,0.7108294743396473
g0312,pyoperon,3,520;521;522,1.0,-0.7149255612959896,-0.3005754703491552,0.5077505158225724
g0312,udsr,3,520;521;522,1.0,-0.8267067393555138,-1.3690303837472602,1.097868561551387
g0313,dso,3,520;521;522,1.0,-0.6930481009621822,0.8637486969539075,-0.08535029799586269
g0313,imcts,3,520;521;522,1.0,-1.5761497782688607,0.6232482235878621,0.4764507773404993
g0313,pyoperon,3,520;521;522,1.0,-0.7918365670823082,0.52946709534582,0.13118473586824408
g0313,udsr,3,520;521;522,1.0,-8.417714534715726,-7.7722313699729275,8.094972952344326
g0314,dso,3,520;521;522,1.0,-0.5516381814827468,-0.04607786502044653,0.29885802325159666
g0314,imcts,3,520;521;522,1.0,-1.0781752103226228,-0.34238003071406137,0.7102776205183421
g0314,pyoperon,2,520;522,0.6666666666666666,-0.5916849831157387,0.15605987818439848,-0.44885411420099663
g0314,udsr,3,520;521;522,1.0,-1.0108058221656762,-0.27164565128812934,0.6412257367269028
g0315,dso,3,520;521;522,1.0,-0.006327882364257439,5.261467380800143,-2.6275697492179426
g0315,imcts,3,520;521;522,1.0,-0.16451136028998067,0.7406586239561866,-0.28807363183310297
g0315,pyoperon,3,520;521;522,1.0,-0.03348547856236747,5.828340555875349,-2.897427538656491
g0315,udsr,3,520;521;522,1.0,-0.01909653765930812,-0.6975330916143654,0.35831481463683673
g0316,dso,3,520;521;522,1.0,-0.15739137471315598,0.03653926032735607,0.06042605719289995
g0316,imcts,3,520;521;522,1.0,7.22995659777357,7.48909410756071,-7.35952535266714
g0316,pyoperon,0,,0.0,,,-12.0
g0316,udsr,3,520;521;522,1.0,-1.65767220189188,-0.30041816944245325,0.9790451856671666
g0317,dso,3,520;521;522,1.0,-0.028847524327129476,-0.006796300118482497,0.017821912222805988
g0317,imcts,3,520;521;522,1.0,-0.3569627948111398,0.013440618691206033,0.17176108805996687
g0317,pyoperon,0,,0.0,,,-12.0
g0317,udsr,3,520;521;522,1.0,-0.04500493921224252,-0.00930659599345461,0.027155767602848567
g0318,dso,3,520;521;522,1.0,-7.7442356896704885,-3.4532576031470037,5.598746646408746
g0318,imcts,3,520;521;522,1.0,-8.513252052793367,-5.988121268902968,7.250686660848167
g0318,pyoperon,3,520;521;522,1.0,-5.982182934866462,-4.286583837721405,5.134383386293933
g0318,udsr,3,520;521;522,1.0,-7.815848005550919,-4.309465388075581,6.062656696813249
g0319,dso,3,520;521;522,1.0,-2.9644106001738244,-0.1244921142312006,1.5444513572025125
g0319,imcts,3,520;521;522,1.0,-3.666217683672547,-0.1275457486257146,1.896881716149131
g0319,pyoperon,3,520;521;522,1.0,-2.9566044217634437,-0.1277340414373641,1.5421692316004039
g0319,udsr,3,520;521;522,1.0,-3.6684881633908604,-0.1275421534684471,1.8980151584296538
g0320,dso,3,520;521;522,1.0,-1.172589898413727,-1.0038633842120241,1.0882266413128756
g0320,imcts,3,520;521;522,1.0,-1.1858621389145059,-0.9492776314249186,1.0675698851697122
g0320,pyoperon,3,520;521;522,1.0,-0.821681884549878,-1.039374936936656,0.930528410743267
g0320,udsr,3,520;521;522,1.0,-1.3634367460721772,-1.0526547737896197,1.2080457599308985
g0321,dso,3,520;521;522,1.0,5.692553125995357,-0.003964608578841765,-2.8442942587082576
g0321,imcts,3,520;521;522,1.0,-0.751238837214164,-4.502169090250563e-05,0.3756419294525332
g0321,pyoperon,3,520;521;522,1.0,-0.022259247656805925,0.7613673596235405,-0.3695540559833673
g0321,udsr,3,520;521;522,1.0,-0.30218798847680506,-0.00032495558171392473,0.1512564720292595
g0322,dso,3,520;521;522,1.0,2.866158346431302,-0.046388712627130256,-1.409884816902086
g0322,imcts,3,520;521;522,1.0,-0.08937685907115168,0.013117893766385787,0.038129482652382946
g0322,pyoperon,1,520,0.3333333333333333,1.4427169420515988,6.81977024287595e-05,-2.0547259032103473
g0322,udsr,3,520;521;522,1.0,2.5941452988654894,-0.07899667115446045,-1.2575743138555144
g0323,dso,3,520;521;522,1.0,-1.0385624486831693,-1.176376259944823,1.1074693543139962
g0323,imcts,3,520;521;522,1.0,-1.8199400969808235,-2.5912115175036816,2.2055758072422527
g0323,pyoperon,3,520;521;522,1.0,-0.6075988343971525,-0.5492628377310953,0.5784308360641239
g0323,udsr,3,520;521;522,1.0,-2.4191563275978907,-1.7632094919633465,2.0911829097806187
g0324,dso,3,520;521;522,1.0,-0.30873857270041244,-0.8404517389562863,0.5745951558283494
g0324,imcts,3,520;521;522,1.0,-12.0,-12.0,12.0
g0324,pyoperon,3,520;521;522,1.0,-0.206380044873534,-0.21799811370775724,0.21218907929064562
g0324,udsr,3,520;521;522,1.0,-2.8150033677888984,-3.6187556069016487,3.2168794873452735
g0325,dso,3,520;521;522,1.0,-0.22678261510897527,-1.7033588840995109,0.9650707496042431
g0325,imcts,3,520;521;522,1.0,-0.256679918971437,-1.7332486279941788,0.9949642734828079
g0325,pyoperon,2,520;521,0.6666666666666666,-0.0792645923010317,-0.251872568724175,-0.5010980861540634
g0325,udsr,3,520;521;522,1.0,-0.27605707198022983,-0.8100085045040911,0.5430327882421605
g0326,dso,1,522,0.3333333333333333,0.0,0.0,-1.3333333333333335
g0326,imcts,3,520;521;522,1.0,-6.045856689451381,-6.143613710349935,6.094735199900658
g0326,pyoperon,0,,0.0,,,-12.0
g0326,udsr,3,520;521;522,1.0,-6.026930320188723,-6.1358504665164775,6.0813903933526
g0327,dso,3,520;521;522,1.0,-0.12752287716059793,-0.09057863277263851,0.10905075496661823
g0327,imcts,3,520;521;522,1.0,-5.6864438600518,-5.046130857191966,5.366287358621883
g0327,pyoperon,3,520;521;522,1.0,-0.11036398514275574,-0.039731870688913665,0.0750479279158347
g0327,udsr,3,520;521;522,1.0,-0.18380304976793813,-0.015363919657512345,0.09958348471272524
g0328,dso,3,520;521;522,1.0,-3.2673541212847965,-2.03873424700584,2.653044184145318
g0328,imcts,3,520;521;522,1.0,-4.167320740403777,-2.652502207085132,3.4099114737444545
g0328,pyoperon,3,520;521;522,1.0,-0.2160892772732336,0.0007556597080560155,0.10766680878258879
g0328,udsr,3,520;521;522,1.0,-3.373325230234363,-1.6555609846893875,2.5144431074618754
g0329,dso,3,520;521;522,1.0,-0.42032388645799473,0.09612583067876741,0.16209902788961367
g0329,imcts,3,520;521;522,1.0,-2.074040166424282,-0.6699649683192935,1.3720025673717877
g0329,pyoperon,3,520;521;522,1.0,-0.35853277273817086,0.4537113891902867,-0.04758930822605792
g0329,udsr,3,520;521;522,1.0,-1.0001168903439603,-0.3123530881847059,0.6562349892643331
g0330,dso,3,520;521;522,1.0,-1.7809435840287329,8.0,-3.1095282079856337
g0330,imcts,3,520;521;522,1.0,-11.4551973464106,-7.8076411931386955,9.631419269774648
g0330,pyoperon,3,520;521;522,1.0,-3.502068485437432,12.0,-4.248965757281284
g0330,udsr,3,520;521;522,1.0,-12.0,-10.817849465655295,11.408924732827646
g0331,dso,3,520;521;522,1.0,-0.08623526502927314,1.3652019954805261,-0.6394833652256264
g0331,imcts,3,520;521;522,1.0,-0.5281789755741993,0.8899259380211931,-0.1808734812234969
g0331,pyoperon,3,520;521;522,1.0,-0.10547352525651049,0.9809344249478015,-0.43773044984564546
g0331,udsr,3,520;521;522,1.0,-0.13727812910746115,1.4899908331567604,-0.6763563520246496
g0332,dso,1,520,0.3333333333333333,0.0,0.0,-1.3333333333333335
g0332,imcts,3,520;521;522,1.0,-0.21069999860183056,-0.0004504557181026622,0.1055752271599666
g0332,pyoperon,0,,0.0,,,-12.0
g0332,udsr,3,520;521;522,1.0,-9.157001647462346,-5.495627564509907,7.326314605986127
g0333,dso,2,521;522,0.6666666666666666,0.00026500750555655885,-2.036681403883987e-07,-0.6667990685853749
g0333,imcts,3,520;521;522,1.0,0.00511258290723325,6.447328575138995e-06,-0.0025595151179041947
g0333,pyoperon,2,520;521,0.6666666666666666,-0.00015629411765104203,5.58334940229431e-06,-0.6665913112825423
g0333,udsr,3,520;521;522,1.0,2.448092727009081e-05,-2.5896419174106395e-08,-1.2227515425458351e-05
g0334,dso,3,520;521;522,1.0,0.11259834766197208,-0.355492850461401,0.12144725139971446
g0334,imcts,3,520;521;522,1.0,-0.38457243011475767,-0.5535223683459365,0.4690473992303471
g0334,pyoperon,3,520;521;522,1.0,0.02541909055827508,-2.397588759887473e-06,-0.012708346484757597
g0334,udsr,3,520;521;522,1.0,-0.2098365292148375,0.21189666776677651,-0.0010300692759695057
g0335,dso,3,520;521;522,1.0,-0.07917157920421959,-0.027796255092752176,0.05348391714848588
g0335,imcts,3,520;521;522,1.0,-12.0,-12.0,12.0
g0335,pyoperon,0,,0.0,,,-12.0
g0335,udsr,3,520;521;522,1.0,-6.3698593796261065,-6.209139847240363,6.289499613433234
g0336,dso,3,520;521;522,1.0,-12.0,-12.0,12.0
g0336,imcts,3,520;521;522,1.0,-12.0,-12.0,12.0
g0336,pyoperon,2,520;521,0.6666666666666666,-12.0,-12.0,11.333333333333334
g0336,udsr,3,520;521;522,1.0,-12.0,-12.0,12.0
g0337,dso,3,520;521;522,1.0,-4.048237860228084,-2.494771363959199,3.2715046120936413
g0337,imcts,3,520;521;522,1.0,-6.654735789359307,-4.263120075825564,5.458927932592436
g0337,pyoperon,2,520;521,0.6666666666666666,-0.18919369714984757,-0.12004094761965942,-0.5120493442819132
g0337,udsr,3,520;521;522,1.0,-4.862199064978115,-3.0412772251610805,3.951738145069598
g0338,dso,3,520;521;522,1.0,-3.4783887575296215,-2.6953913162001837,3.0868900368649026
g0338,imcts,3,520;521;522,1.0,-5.05996603784217,-3.6874187748822194,4.373692406362195
g0338,pyoperon,0,,0.0,,,-12.0
g0338,udsr,3,520;521;522,1.0,-5.2274740213586055,-3.820188132133767,4.523831076746186
g0339,dso,3,520;521;522,1.0,-0.6174088463802692,-0.37156455628720697,0.49448670133373807
g0339,imcts,3,520;521;522,1.0,-1.4755231170540384,-1.3496877823114353,1.412605449682737
g0339,pyoperon,0,,0.0,,,-12.0
g0339,udsr,3,520;521;522,1.0,-1.3719564870906362,-1.0257996936236615,1.198878090357149
g0340,dso,3,520;521;522,1.0,-12.0,-10.917528096577255,11.458764048288629
g0340,imcts,3,520;521;522,1.0,-12.0,-10.917759819379583,11.458879909689792
g0340,pyoperon,2,520;521,0.6666666666666666,-0.23107634887157072,-0.17685517451793192,-0.4627009049719154
g0340,udsr,3,520;521;522,1.0,-12.0,-10.918063286507667,11.459031643253834
g0341,dso,3,520;521;522,1.0,-0.8105014405376153,-0.6877930316350032,0.7491472360863092
g0341,imcts,3,520;521;522,1.0,-1.8490645765054639,-0.27900018736875376,1.0640323819371087
g0341,pyoperon,3,520;521;522,1.0,-0.03469197615010722,0.013181064519285962,0.010755455815410628
g0341,udsr,3,520;521;522,1.0,-4.465368301924456,-3.4764146595253784,3.970891480724917
g0342,dso,1,522,0.3333333333333333,0.000170237244215552,0.0003727746345024765,-1.3336048392726925
g0342,imcts,3,520;521;522,1.0,-4.410896311413315,-4.166282820522148,4.288589565967731
g0342,pyoperon,3,520;521;522,1.0,0.019802206803426436,-1.2909115028448575e-05,-0.009894648844198994
g0342,udsr,3,520;521;522,1.0,-0.6843010888312792,-0.8490196821534992,0.7666603854923892
g0343,dso,1,522,0.3333333333333333,0.012599940679576203,2.781608851771148e-06,-1.3396346944775475
g0343,imcts,3,520;521;522,1.0,-0.15133207382650202,-0.021069852165866553,0.08620096299618428
g0343,pyoperon,3,520;521;522,1.0,7.898333291524802e-05,2.69151701264338e-09,-3.949301221613033e-05
g0343,udsr,3,520;521;522,1.0,-0.03315971401893982,-0.25691176244718367,0.14503573823306173
g0344,dso,2,521;522,0.6666666666666666,0.000963572334291225,0.0,-0.6671484528338123
g0344,imcts,3,520;521;522,1.0,-3.794487435811488,-2.744857947969633,3.2696726918905608
g0344,pyoperon,3,520;521;522,1.0,0.0003216004938744093,-1.2184086787966168e-05,-0.00015470820354322157
g0344,udsr,3,520;521;522,1.0,-2.0935632322186293,0.5638094396140064,0.7648768963023114
g0345,dso,3,520;521;522,1.0,-0.5196292207523534,-0.25865745766264964,0.38914333920750155
g0345,imcts,3,520;521;522,1.0,-1.2952272845240638,-0.5350861169296897,0.9151567007268767
g0345,pyoperon,0,,0.0,,,-12.0
g0345,udsr,3,520;521;522,1.0,-12.0,-12.0,12.0
g0346,dso,3,520;521;522,1.0,-12.0,-12.0,12.0
g0346,imcts,3,520;521;522,1.0,-12.0,-12.0,12.0
g0346,pyoperon,3,520;521;522,1.0,-0.09569788633236968,-0.004791805598604687,0.050244845965487187
g0346,udsr,3,520;521;522,1.0,-12.0,-12.0,12.0
g0347,dso,3,520;521;522,1.0,-0.05901598729581712,-0.000275933176332356,0.02964596023607474
g0347,imcts,3,520;521;522,1.0,12.0,12.0,-12.0
g0347,pyoperon,0,,0.0,,,-12.0
g0347,udsr,3,520;521;522,1.0,-9.663749183452808,-9.728048340759896,9.695898762106353
g0348,dso,3,520;521;522,1.0,0.6624302495223316,6.894478285363161e-06,-0.3312185720003085
g0348,imcts,3,520;521;522,1.0,0.8489160503533401,6.66827099731122e-05,-0.4244913665316566
g0348,pyoperon,1,521,0.3333333333333333,0.0,0.0,-1.3333333333333335
g0348,udsr,3,520;521;522,1.0,1.9554864943232568,0.0002776969252789345,-0.9778820956242679
g0349,dso,3,520;521;522,1.0,-2.125305475072724,-0.4556402598939886,1.290472867483356
g0349,imcts,3,520;521;522,1.0,8.099804864331853,8.041863511847746,-8.0708341880898
g0349,pyoperon,3,520;521;522,1.0,-2.0109144629601206,-0.4544759432624264,1.2326952031112735
g0349,udsr,3,520;521;522,1.0,-2.173241152414637,-0.451126140520592,1.3121836464676144
g0350,dso,3,520;521;522,1.0,-12.0,-12.0,12.0
g0350,imcts,3,520;521;522,1.0,-12.0,-12.0,12.0
g0350,pyoperon,2,521;522,0.6666666666666666,-1.2559377745382605,-1.214320579205532,0.5684625102052296
g0350,udsr,3,520;521;522,1.0,-12.0,-12.0,12.0
g0351,dso,3,520;521;522,1.0,-0.09981569175469494,-0.010171742320894924,0.05499371703779493
g0351,imcts,3,520;521;522,1.0,0.00011939611101203418,-8.996283262820809e-11,-5.969801052460077e-05
g0351,pyoperon,3,520;521;522,1.0,-0.0002325556963487913,0.00529174849126073,-0.0025295963974559695
g0351,udsr,3,520;521;522,1.0,-0.010609966730240401,0.7073320359509322,-0.3483610346103459
g0352,dso,3,520;521;522,1.0,-0.0006526928745100256,0.5959487230884236,-0.2976480151069568
g0352,imcts,3,520;521;522,1.0,-3.0223809601491447,-2.744650359400254,2.8835156597746994
g0352,pyoperon,3,520;521;522,1.0,0.0022774269023194617,3.1398537867688803e-06,-0.0011402833780531153
g0352,udsr,3,520;521;522,1.0,0.2290123420347122,1.5142020478776373e-06,-0.11450692811838005
g0353,dso,3,520;521;522,1.0,-4.352359300213454,-2.849517329170782,3.600938314692118
g0353,imcts,3,520;521;522,1.0,4.150672275437364,7.318813674181414,-5.734742974809389
g0353,pyoperon,3,520;521;522,1.0,-4.325101008907764,-2.82204014676301,3.5735705778353872
g0353,udsr,3,520;521;522,1.0,-4.494246835186105,-2.079772985345341,3.2870099102657226
g0354,dso,3,520;521;522,1.0,-0.16683706845498614,-0.011379481663597577,0.08910827505929186
g0354,imcts,3,520;521;522,1.0,-0.12292881504504181,3.998581218309491,-1.9378262016322247
g0354,pyoperon,3,520;521;522,1.0,-0.543499796124442,-1.1902782643749916,0.8668890302497168
g0354,udsr,3,520;521;522,1.0,-0.2369919102986877,-0.042857144517947164,0.13992452740831743
g0355,dso,3,520;521;522,1.0,-2.941180920147604,-5.23049619531412,4.085838557730862
g0355,imcts,3,520;521;522,1.0,-12.0,-12.0,12.0
g0355,pyoperon,3,520;521;522,1.0,-0.04119959993667644,-0.0019525493974860133,0.021576074667081228
g0355,udsr,3,520;521;522,1.0,-8.729093416318685,-8.729093407543026,8.729093411930855
g0356,dso,3,520;521;522,1.0,0.0034281265327010947,4.000000147659164,-2.0017141370959326
g0356,imcts,3,520;521;522,1.0,12.0,12.0,-12.0
g0356,pyoperon,3,520;521;522,1.0,-0.034103759171149446,-0.01837972816976462,0.026241743670457035
g0356,udsr,3,520;521;522,1.0,-1.2376556942299402,-1.0963239066187909,1.1669898004243655
g0357,dso,3,520;521;522,1.0,-0.48177741140976527,-0.4234541954279006,0.4526158034188329
g0357,imcts,3,520;521;522,1.0,-0.678379313626149,-0.5129320314100548,0.5956556725181019
g0357,pyoperon,2,520;521,0.6666666666666666,-0.011317431507638448,-0.001192237555405254,-0.6604118321351449
g0357,udsr,3,520;521;522,1.0,-0.3864682278598253,-0.21435030564327026,0.3004092667515478
g0358,dso,3,520;521;522,1.0,-0.03911912333153555,-0.0023810235000883864,0.020750073415811966
g0358,imcts,3,520;521;522,1.0,12.0,12.0,-12.0
g0358,pyoperon,0,,0.0,,,-12.0
g0358,udsr,3,520;521;522,1.0,-0.2249305461140991,-0.18972550150649858,0.20732802381029886
g0359,dso,3,520;521;522,1.0,-0.8249178652159097,-1.9910521049104624,1.407984985063186
g0359,imcts,3,520;521;522,1.0,-0.9556577776103694,-0.621947584651965,0.7888026811311672
g0359,pyoperon,3,520;521;522,1.0,-0.7148083474214869,-0.3297413181621412,0.5222748327918141
g0359,udsr,3,520;521;522,1.0,-0.8257222084150996,-1.5345145026659186,1.180118355540509
g0360,dso,3,520;521;522,1.0,-0.6965716573816306,1.0568388254216259,-0.18013358401999763
g0360,imcts,3,520;521;522,1.0,-1.675295562225596,0.1504722627592064,0.7624116497331949
g0360,pyoperon,3,520;521;522,1.0,-0.7211398686601602,0.4187942235534772,0.15117282255334152
g0360,udsr,3,520;521;522,1.0,-1.2120146552024251,0.5203425918192947,0.34583603169156524
g0361,dso,3,520;521;522,1.0,-0.5434849074956045,0.08998482085719511,0.2267500433192047
g0361,imcts,3,520;521;522,1.0,-1.3653441865449942,-1.0462360683087342,1.205790127426864
g0361,pyoperon,2,520;522,0.6666666666666666,-0.5950179453735449,-0.051310212228854624,-0.34350258786546695
g0361,udsr,3,520;521;522,1.0,-0.7759690375668081,-0.7154956878713437,0.745732362719076
g0362,dso,3,520;521;522,1.0,-0.0006155135365782817,7.949461663864496,-3.974423075163959
g0362,imcts,3,520;521;522,1.0,-0.6988680608373127,-0.04830714439639061,0.37358760261685164
g0362,pyoperon,3,520;521;522,1.0,-0.029850983595666125,6.178267329124336,-3.074208172764335
g0362,udsr,3,520;521;522,1.0,-0.011450868548539701,4.869577745596939,-2.4290634385242
g0363,dso,3,520;521;522,1.0,-0.015046563288697037,-0.15454064852733007,0.08479360590801355
g0363,imcts,3,520;521;522,1.0,-1.974581498727387,0.038610853896230105,0.9679853224155784
g0363,pyoperon,0,,0.0,,,-12.0
g0363,udsr,3,520;521;522,1.0,-1.6825834699865092,-0.027943814165185776,0.8552636420758475
g0364,dso,3,520;521;522,1.0,0.3938438683371203,-0.002378346719460104,-0.19573276080883012
g0364,imcts,3,520;521;522,1.0,0.0,0.0,-0.0
g0364,pyoperon,3,520;521;522,1.0,-0.004050192571737526,-0.0008060299842230853,0.0024281112779803056
g0364,udsr,3,520;521;522,1.0,0.3410548901362749,-0.011086954487395969,-0.16498396782443944
g0365,dso,3,520;521;522,1.0,-7.846210543119679,-3.9804557464635835,5.913333144791631
g0365,imcts,3,520;521;522,1.0,12.0,12.0,-12.0
g0365,pyoperon,3,520;521;522,1.0,-6.152314879095335,-4.228726273138826,5.1905205761170805
g0365,udsr,3,520;521;522,1.0,-7.813612322797425,-4.3116057418926514,6.062609032345039
g0366,dso,3,520;521;522,1.0,-2.963423794480996,-0.18723315968420798,1.575328477082602
g0366,imcts,3,520;521;522,1.0,-5.32714862203544,-0.2387422474636162,2.782945434749528
g0366,pyoperon,2,521;522,0.6666666666666666,-2.9643780475059818,-0.19201387581904505,0.9115292949958467
g0366,udsr,3,520;521;522,1.0,-3.6046089891953432,-0.19202789597128325,1.8983184425833133
g0367,dso,3,520;521;522,1.0,-1.181179898959204,-0.7878895924435415,0.9845347457013727
g0367,imcts,3,520;521;522,1.0,-0.44842533303119514,-0.6085539801061156,0.5284896565686554
g0367,pyoperon,3,520;521;522,1.0,-0.8205604751796219,-0.9258019607885114,0.8731812179840667
g0367,udsr,3,520;521;522,1.0,-1.3589050247187915,-1.0303727558118372,1.1946388902653142
g0368,dso,3,520;521;522,1.0,2.373944525052661,-4.4397258076602944e-05,-1.1869500638972923
g0368,imcts,3,520;521;522,1.0,-0.32975913056395517,-2.8207738935113147e-07,0.16487970632067225
g0368,pyoperon,3,520;521;522,1.0,-0.017544868078732397,8.392291871664767e-06,0.008768237893430366
g0368,udsr,3,520;521;522,1.0,2.3133117353345516,-2.8134080032713582e-05,-1.1566418006272594
g0369,dso,3,520;521;522,1.0,0.8964925949862442,-6.787362592232196e-07,-0.4482459581249925
g0369,imcts,3,520;521;522,1.0,0.01774386081775589,3.0632022695985512e-12,-0.008871930410409547
g0369,pyoperon,1,520,0.3333333333333333,1.5124787645094429,-2.6654414666559125e-07,-2.0895725823159816
g0369,udsr,3,520;521;522,1.0,1.1031352325876045,0.06668000922299959,-0.584907620905302
g0370,dso,3,520;521;522,1.0,-1.0346831902598737,-1.2088191858933144,1.121751188076594
g0370,imcts,3,520;521;522,1.0,-1.1794144641186697,-1.4170825347709357,1.2982484994448027
g0370,pyoperon,3,520;521;522,1.0,-0.6237266330903916,-0.5938415697917674,0.6087841014410795
g0370,udsr,3,520;521;522,1.0,-0.8053237923801356,-0.24015156726352038,0.522737679821828
g0371,dso,3,520;521;522,1.0,-0.1647048543716413,-0.29185121554255683,0.22827803495709909
g0371,imcts,3,520;521;522,1.0,-12.0,-11.597649960824517,11.79882498041226
g0371,pyoperon,3,520;521;522,1.0,-0.2057288202984157,-0.21628273615040364,0.21100577822440966
g0371,udsr,3,520;521;522,1.0,-0.7876451976672745,-0.6869861268213159,0.7373156622442951
g0372,dso,3,520;521;522,1.0,-0.22267926703608112,-1.434121662117521,0.828400464576801
g0372,imcts,3,520;521;522,1.0,-0.2355030842251503,-1.7150591808890965,0.9752811325571233
g0372,pyoperon,2,520;521,0.6666666666666666,-0.07926458996624676,-0.2524372631184162,-0.5008157401243353
g0372,udsr,3,520;521;522,1.0,-0.2364467890771791,0.14887839282139875,0.04378419812789017
g0373,dso,3,520;521;522,1.0,-0.03424505970767971,11.151014690173755,-5.558384815233038
g0373,imcts,3,520;521;522,1.0,4.0,4.0,-4.0
g0373,pyoperon,0,,0.0,,,-12.0
g0373,udsr,3,520;521;522,1.0,-1.6355133094885461,-1.2793662361692537,1.4574397728289
g0374,dso,3,520;521;522,1.0,-0.07884185082275912,-0.19238850321787493,0.13561517702031703
g0374,imcts,3,520;521;522,1.0,-8.078645779311564,-7.749440938683218,7.914043358997391
g0374,pyoperon,3,520;521;522,1.0,-0.08517620176429408,-0.02453762941954608,0.05485691559192008
g0374,udsr,3,520;521;522,1.0,-0.12161457569231586,0.35083608197726074,-0.11461075314247243
g0375,dso,3,520;521;522,1.0,-3.266732801932681,-2.0311292543091004,2.6489310281208907
g0375,imcts,3,520;521;522,1.0,-6.428118137617567,-5.640779441645146,6.034448789631357
g0375,pyoperon,3,520;521;522,1.0,-0.20744731013154918,0.025821164426911805,0.09081307285231868
g0375,udsr,3,520;521;522,1.0,-2.1255718322143866,-1.4057493282386764,1.7656605802265315
g0376,dso,3,520;521;522,1.0,-0.4226637338587678,0.25320393129416413,0.08472990128230184
g0376,imcts,3,520;521;522,1.0,0.0,-3.214424888510958e-17,1.607212444255479e-17
g0376,pyoperon,3,520;521;522,1.0,-0.343115918709914,0.3261130415147146,0.008501438597599692
g0376,udsr,3,520;521;522,1.0,-0.5444449447699372,1.218587596562272,-0.33707132589616734
g0377,dso,3,520;521;522,1.0,-1.2327942616351635,8.0,-3.3836028691824183
g0377,imcts,3,520;521;522,1.0,-11.765350959823197,-9.057118241574013,10.411234600698606
g0377,pyoperon,3,520;521;522,1.0,-2.6791285597689973,12.0,-4.660435720115501
g0377,udsr,3,520;521;522,1.0,-5.437353750105711,0.24329088597883697,2.597031432063437
g0378,dso,3,520;521;522,1.0,-0.0059428031810783745,-1.0269235613593858e-06,0.002971915052319867
g0378,imcts,3,520;521;522,1.0,6.701817399214427,5.9824453649075435,-6.342131382060986
g0378,pyoperon,0,,0.0,,,-12.0
g0378,udsr,3,520;521;522,1.0,-0.041630894672538124,0.8188284112852097,-0.3885987583063358
g0379,dso,2,521;522,0.6666666666666666,0.03592269348755473,2.6976313864245947e-06,-0.6846293622261374
g0379,imcts,3,520;521;522,1.0,5.992871827412314e-05,-7.136771865366115e-08,-2.992867527773474e-05
g0379,pyoperon,2,520;521,0.6666666666666666,-0.00015629403278726449,8.261600483464069e-06,-0.6665926504505149
g0379,udsr,3,520;521;522,1.0,0.00011625682186446337,4.842405829660084e-06,-6.054961384706173e-05
g0380,dso,3,520;521;522,1.0,0.04294925375060255,0.31765878360326655,-0.18030401867693455
g0380,imcts,3,520;521;522,1.0,-0.8050755140690016,-1.4073634775557113,1.1062194958123563
g0380,pyoperon,3,520;521;522,1.0,0.025397074083783815,-1.8038777954643526e-06,-0.012697635102994176
g0380,udsr,3,520;521;522,1.0,-0.0075976618006159255,0.32914745410915736,-0.1607748961542707
g0381,dso,3,520;521;522,1.0,-0.12357714260716053,-0.26968491352628793,0.19663102806672422
g0381,imcts,3,520;521;522,1.0,-12.0,-12.0,12.0
g0381,pyoperon,0,,0.0,,,-12.0
g0381,udsr,3,520;521;522,1.0,-0.6793060953852533,-0.6806442380014635,0.6799751666933584
g0382,dso,3,520;521;522,1.0,-3.8893551240946276,-2.3274229449277635,3.1083890345111955
g0382,imcts,3,520;521;522,1.0,-7.383602711063965,-4.784371173300124,6.083986942182044
g0382,pyoperon,2,520;521,0.6666666666666666,-0.18923196942783832,-0.12055537646342371,-0.5117729937210358
g0382,udsr,3,520;521;522,1.0,-5.944413543306342,-4.258931816683648,5.101672679994995
g0383,dso,3,520;521;522,1.0,-3.425929900328453,-2.564228111624742,2.9950790059765975
g0383,imcts,3,520;521;522,1.0,-6.209242087945775,-4.530923460949656,5.370082774447715
g0383,pyoperon,0,,0.0,,,-12.0
g0383,udsr,3,520;521;522,1.0,-4.5718660631527515,-3.494379767759721,4.033122915456236
g0384,dso,3,520;521;522,1.0,-0.6227327211188004,-0.3983728890208984,0.5105528050698493
g0384,imcts,3,520;521;522,1.0,-1.4088238006551201,-0.981787747913205,1.1953057742841626
g0384,pyoperon,0,,0.0,,,-12.0
g0384,udsr,3,520;521;522,1.0,-1.2660781314983003,-0.7858004373517739,1.025939284425037
g0385,dso,3,520;521;522,1.0,-12.0,-10.661160564673663,11.330580282336832
g0385,imcts,3,520;521;522,1.0,-12.0,-10.660449618947153,11.330224809473577
g0385,pyoperon,2,520;521,0.6666666666666666,-0.2310763492174152,-0.17675769068274627,-0.462749646716586
g0385,udsr,3,520;521;522,1.0,-12.0,-10.661573556921388,11.330786778460695
g0386,dso,3,520;521;522,1.0,-0.8343415552240624,-0.7075343699197282,0.7709379625718953
g0386,imcts,3,520;521;522,1.0,-0.2723917845189187,-0.29751701333859565,0.2849543989287572
g0386,pyoperon,2,520;522,0.6666666666666666,-0.0256589192267948,-0.024210683681119567,-0.6417318652127095
g0386,udsr,3,520;521;522,1.0,-0.32911024990983845,-0.20041110915693258,0.2647606795333855
g0387,dso,3,520;521;522,1.0,-0.02962802821441439,-2.513521674143063e-07,0.014814139783290901
g0387,imcts,3,520;521;522,1.0,-5.227599494696226,-4.604571432281837,4.916085463489031
g0387,pyoperon,3,520;521;522,1.0,0.019631821565812644,4.4982587661808495e-06,-0.009818159912289412
g0387,udsr,3,520;521;522,1.0,-0.536639327819303,-0.0765117224342952,0.3065755251267991
g0388,dso,2,521;522,0.6666666666666666,0.012909315740659377,-3.0309614270979998e-09,-0.6731213230215157
g0388,imcts,3,520;521;522,1.0,-0.14313480367339107,-0.017172536157817896,0.08015366991560448
g0388,pyoperon,3,520;521;522,1.0,7.898333452927112e-05,-3.649631292950012e-09,-3.948984244898908e-05
g0388,udsr,3,520;521;522,1.0,-0.058138788592608286,-0.2221856910514429,0.14016223982202558
g0389,dso,3,520;521;522,1.0,-0.005869808627448168,0.033268446881418334,-0.013699319126985084
g0389,imcts,3,520;521;522,1.0,-0.1760988664552765,0.7962334553822084,-0.3100672944634659
g0389,pyoperon,3,520;521;522,1.0,8.063201952246985e-05,3.935911307844741e-05,-5.999556630045863e-05
g0389,udsr,3,520;521;522,1.0,0.0024718993164597716,0.018255725097745656,-0.010363812207102713
g0390,dso,3,520;521;522,1.0,-0.5016500702139631,-0.29860777207953165,0.40012892114674736
g0390,imcts,3,520;521;522,1.0,12.0,12.0,-12.0
g0390,pyoperon,0,,0.0,,,-12.0
g0390,udsr,3,520;521;522,1.0,-12.0,-12.0,12.0
g0391,dso,3,520;521;522,1.0,-12.0,-12.0,12.0
g0391,imcts,3,520;521;522,1.0,-11.572282740028838,-11.36259414245481,11.467438441241825
g0391,pyoperon,3,520;521;522,1.0,-0.04164248037656602,-0.011414774178982337,0.026528627277774178
g0391,udsr,3,520;521;522,1.0,-12.0,-12.0,12.0
g0392,dso,3,520;521;522,1.0,0.00828741602667868,0.9495343152088953,-0.478910865617787
g0392,imcts,3,520;521;522,1.0,12.0,12.0,-12.0
g0392,pyoperon,0,,0.0,,,-12.0
g0392,udsr,3,520;521;522,1.0,-9.963840298565783,-10.009806149993619,9.9868232242797
g0393,dso,3,520;521;522,1.0,-0.21366885496131519,0.2395181673520805,-0.012924656195382661
g0393,imcts,3,520;521;522,1.0,-1.2589892062756611,-1.8722707068917879,1.5656299565837246
g0393,pyoperon,3,520;521;522,1.0,-1.1477517170567368,-2.121862403843109,1.6348070604499227
g0393,udsr,3,520;521;522,1.0,-1.1572292785941807,-0.9891638036340543,1.0731965411141176
g0394,dso,3,520;521;522,1.0,-12.0,-12.0,12.0
g0394,imcts,3,520;521;522,1.0,-12.0,-12.0,12.0
g0394,pyoperon,0,,0.0,,,-12.0
g0394,udsr,3,520;521;522,1.0,-12.0,-12.0,12.0
g0395,dso,3,520;521;522,1.0,-4.027755907555819,-2.1327366922335664,3.080246299894693
g0395,imcts,3,520;521;522,1.0,-6.691088770162672,-3.7559860378759367,5.2235374040193046
g0395,pyoperon,3,520;521;522,1.0,-3.813468592988553,-2.187806467143665,3.0006375300661086
g0395,udsr,3,520;521;522,1.0,-5.004381258334135,-2.696528442734311,3.8504548505342227
g0396,dso,3,520;521;522,1.0,-0.5738756895465091,-0.48187498069748824,0.5278753351219987
g0396,imcts,3,520;521;522,1.0,-12.0,-12.0,12.0
g0396,pyoperon,3,520;521;522,1.0,-0.13967055362190414,-0.15268764931776022,0.14617910146983218
g0396,udsr,3,520;521;522,1.0,-12.0,-12.0,12.0
g0397,dso,3,520;521;522,1.0,-1.429089244257207,-0.510464325214986,0.9697767847360965
g0397,imcts,3,520;521;522,1.0,-12.0,-12.0,12.0
g0397,pyoperon,3,520;521;522,1.0,-0.2942821908166368,-0.06914885292242501,0.1817155218695309
g0397,udsr,3,520;521;522,1.0,-3.900172211264591,-3.046591646752612,3.4733819290086014
g0398,dso,3,520;521;522,1.0,-0.000625232019051319,4.862687241690638,-2.4310310048357935
g0398,imcts,3,520;521;522,1.0,-12.0,-12.0,12.0
g0398,pyoperon,3,520;521;522,1.0,-0.08965770559411912,0.19223601721815098,-0.05128915581201593
g0398,udsr,3,520;521;522,1.0,-11.712616250702624,-12.0,11.856308125351312
g0399,dso,0,,0.0,,,-12.0
g0399,imcts,3,520;521;522,1.0,-12.0,-12.0,12.0
g0399,pyoperon,0,,0.0,,,-12.0
g0399,udsr,3,520;521;522,1.0,1.2508271687810015,3.6660459544792947,-2.458436561630148
g0400,dso,3,520;521;522,1.0,-0.368882309257039,-0.23982257892631886,0.30435244409167894
g0400,imcts,3,520;521;522,1.0,-7.429223920762841,-8.242425329167421,7.835824624965131
g0400,pyoperon,3,520;521;522,1.0,-0.3184777144813052,-0.15059587152574083,0.234536793003523
g0400,udsr,3,520;521;522,1.0,-12.0,-12.0,12.0
g0401,dso,3,520;521;522,1.0,-7.000474958914448,-4.061854498881339,5.531164728897894
g0401,imcts,3,520;521;522,1.0,-7.587761559239621,-4.085298783086726,5.836530171163174
g0401,pyoperon,3,520;521;522,1.0,-5.107124338268025,-3.934151096108234,4.52063771718813
g0401,udsr,3,520;521;522,1.0,-7.706942517522099,-4.263413269398446,5.985177893460272
g0402,dso,3,520;521;522,1.0,-3.0985603033573743,0.0008210060512275893,1.5488696486530733
g0402,imcts,3,520;521;522,1.0,-4.243916708862031,0.0013592476015407498,2.121278730630245
g0402,pyoperon,3,520;521;522,1.0,-1.4809017755145994,0.0007699433751425233,0.7400659160697285
g0402,udsr,3,520;521;522,1.0,-3.320216921341179,0.000810549900857144,1.659703185720161
g0403,dso,3,520;521;522,1.0,-0.8556976590588059,-0.15746229850442056,0.5065799787816132
g0403,imcts,3,520;521;522,1.0,-9.619720294707717,-9.926011961867667,9.772866128287692
g0403,pyoperon,3,520;521;522,1.0,-0.32099707750611345,-0.3553796620115562,0.3381883697588348
g0403,udsr,3,520;521;522,1.0,-12.0,-12.0,12.0
g0404,dso,3,520;521;522,1.0,-0.17185624031889823,-0.7264529900854978,0.449154615202198
g0404,imcts,3,520;521;522,1.0,-0.7240669647684289,-0.8139616302070615,0.7690142974877452
g0404,pyoperon,3,520;521;522,1.0,-0.14537072680981342,-0.0235323731061139,0.08445154995796365
g0404,udsr,3,520;521;522,1.0,-11.669126407238528,-11.669126407227438,11.669126407232984
g0405,dso,3,520;521;522,1.0,-0.7557389079811978,-0.3988387218733438,0.5772888149272708
g0405,imcts,3,520;521;522,1.0,-12.0,-12.0,12.0
g0405,pyoperon,0,,0.0,,,-12.0
g0405,udsr,2,521;522,0.6666666666666666,-12.0,-12.0,11.333333333333334
g0406,dso,3,520;521;522,1.0,-0.09808636546697465,-0.16800740576729,0.13304688561713232
g0406,imcts,3,520;521;522,1.0,-12.0,-12.0,12.0
g0406,pyoperon,3,520;521;522,1.0,-0.15704144958843644,-0.12155384382415975,0.1392976467062981
g0406,udsr,3,520;521;522,1.0,-1.4040327132186194,-1.1183686980987009,1.26120070565866
g0407,dso,3,520;521;522,1.0,-4.214328406115971,-2.128796367751336,3.1715623869336538
g0407,imcts,3,520;521;522,1.0,-8.489085047666725,-4.284022131106721,6.386553589386724
g0407,pyoperon,3,520;521;522,1.0,-3.982744498096654,-2.0064742781500526,2.9946093881233535
g0407,udsr,3,520;521;522,1.0,-6.772117381582343,-4.302569199320833,5.537343290451588
g0408,dso,2,521;522,0.6666666666666666,-0.00012417111812091522,8.29503385900959e-06,-0.6666087286245358
g0408,imcts,3,520;521;522,1.0,-11.895371612482696,-11.895371612456112,11.895371612469404
g0408,pyoperon,0,,0.0,,,-12.0
g0408,udsr,3,520;521;522,1.0,-11.559728063648166,-11.559728063640401,11.559728063644283
g0409,dso,3,520;521;522,1.0,-12.0,-12.0,12.0
g0409,imcts,3,520;521;522,1.0,-11.806699874750203,-11.977637623109802,11.892168748930002
g0409,pyoperon,0,,0.0,,,-12.0
g0409,udsr,3,520;521;522,1.0,-12.0,-12.0,12.0
g0410,dso,3,520;521;522,1.0,-0.006649062208415782,2.065642607927312,-1.0294967728594482
g0410,imcts,3,520;521;522,1.0,-3.2345753162662896,-1.3574325187421323,2.296003917504211
g0410,pyoperon,2,520;522,0.6666666666666666,6.0,6.0,-6.666666666666667
g0410,udsr,3,520;521;522,1.0,-9.834406278485043,-9.834406278539406,9.834406278512224
g0411,dso,3,520;521;522,1.0,-12.0,-12.0,12.0
g0411,imcts,3,520;521;522,1.0,-11.879878046707205,-11.914297592542324,11.897087819624765
g0411,pyoperon,3,520;521;522,1.0,-5.3119355291368064,-5.311935529225448,5.311935529181127
g0411,udsr,3,520;521;522,1.0,-12.0,-12.0,12.0
g0412,dso,3,520;521;522,1.0,-5.943684980310092,-9.264641952404922,7.604163466357507
g0412,imcts,3,520;521;522,1.0,-11.25527248616582,-11.095474186572671,11.175373336369246
g0412,pyoperon,3,520;521;522,1.0,-0.029057360995794063,0.0006508557380682903,0.014203252628862887
g0412,udsr,3,520;521;522,1.0,-9.821465803830737,-10.758334915607099,10.289900359718917
g0413,dso,3,520;521;522,1.0,-0.14436497881253066,-0.07404797725099055,0.1092064780317606
g0413,imcts,3,520;521;522,1.0,-12.0,-12.0,12.0
g0413,pyoperon,0,,0.0,,,-12.0
g0413,udsr,3,520;521;522,1.0,-12.0,-12.0,12.0
g0414,dso,3,520;521;522,1.0,0.04569770765261496,3.9201439037398806,-1.9829208056962477
g0414,imcts,3,520;521;522,1.0,-6.837260900701675,-6.7956299228889385,6.816445411795307
g0414,pyoperon,3,520;521;522,1.0,-0.062645721871394,0.5283917519099998,-0.23287301501930288
g0414,udsr,3,520;521;522,1.0,-8.904571585922058,-8.229342474184634,8.566957030053345
g0415,dso,3,520;521;522,1.0,-0.3674099397220361,-0.2725880122837448,0.31999897600289046
g0415,imcts,3,520;521;522,1.0,-5.183152744200236,-3.2507555770037775,4.216954160602007
g0415,pyoperon,0,,0.0,,,-12.0
g0415,udsr,3,520;521;522,1.0,-3.9742449197092156,-2.4219799761967447,3.19811244795298
g0416,dso,3,520;521;522,1.0,-0.5856633552790295,-0.32279821168579725,0.45423078348241336
g0416,imcts,3,520;521;522,1.0,-1.1078147180523839,-0.793345818307297,0.9505802681798404
g0416,pyoperon,3,520;521;522,1.0,-0.6883807611348886,-0.3939690937848969,0.5411749274598927
g0416,udsr,3,520;521;522,1.0,-12.0,-11.3018639203595,11.65093196017975
g0417,dso,3,520;521;522,1.0,2.4390057132608622,2.0167585393397442,-2.2278821263003032
g0417,imcts,3,520;521;522,1.0,0.46945978246918635,1.1037115243453757,-0.786585653407281
g0417,pyoperon,3,520;521;522,1.0,1.6896883107062604,4.816766112856293,-3.2532272117812764
g0417,udsr,3,520;521;522,1.0,-4.0635037530850475,-3.264908640350701,3.664206196717874
g0418,dso,3,520;521;522,1.0,-0.23661830314417073,-0.6442064110843938,0.4404123571142823
g0418,imcts,3,520;521;522,1.0,-2.668250423630194,-1.472712782058508,2.070481602844351
g0418,pyoperon,3,520;521;522,1.0,-1.512209035053975,-0.6633386538767964,1.0877738444653857
g0418,udsr,3,520;521;522,1.0,-2.375217764901881,-3.1827797629692705,2.7789987639355758
g0419,dso,3,520;521;522,1.0,-12.0,-12.0,12.0
g0419,imcts,3,520;521;522,1.0,-11.658957765703791,-9.703961677955698,10.681459721829745
g0419,pyoperon,1,520,0.3333333333333333,5.109300793901021,0.873547751220884,-4.324757605894286
g0419,udsr,3,520;521;522,1.0,-11.971111379469383,-11.97107896830351,11.971095173886447
g0420,dso,3,520;521;522,1.0,-0.10660915035781919,1.5518513721231812,-0.722621110882681
g0420,imcts,3,520;521;522,1.0,-12.0,-12.0,12.0
g0420,pyoperon,2,520;522,0.6666666666666666,0.0,0.0,-0.6666666666666667
g0420,udsr,3,520;521;522,1.0,-11.756933375049057,-11.756933375046039,11.756933375047549
g0421,dso,3,520;521;522,1.0,-1.8704983279545393,-1.2734740745267892,1.5719862012406642
g0421,imcts,3,520;521;522,1.0,-12.0,-10.376745336641918,11.188372668320959
g0421,pyoperon,3,520;521;522,1.0,-0.1582611778735801,0.3122212701674118,-0.07698004614691585
g0421,udsr,3,520;521;522,1.0,-12.0,-12.0,12.0
g0422,dso,3,520;521;522,1.0,-12.0,-12.0,12.0
g0422,imcts,3,520;521;522,1.0,-10.770517849026398,-12.0,11.385258924513199
g0422,pyoperon,0,,0.0,,,-12.0
g0422,udsr,3,520;521;522,1.0,-12.0,-12.0,12.0
g0423,dso,3,520;521;522,1.0,-0.018146185969189717,0.5488573571689487,-0.2653555855998795
g0423,imcts,3,520;521;522,1.0,-3.6758034595905333,-3.7120630406074038,3.6939332500989686
g0423,pyoperon,3,520;521;522,1.0,0.0018567200795524426,-0.0001450990991692876,-0.0008558104901915775
g0423,udsr,3,520;521;522,1.0,-4.879533470347747,-4.005921829989975,4.442727650168861
g0424,dso,3,520;521;522,1.0,-0.09720355380938032,-0.01355905547432165,0.05538130464185099
g0424,imcts,3,520;521;522,1.0,-12.0,-12.0,12.0
g0424,pyoperon,3,520;521;522,1.0,-2.4695207345702244,-2.2758909020787352,2.37270581832448
g0424,udsr,3,520;521;522,1.0,-12.0,-12.0,12.0
g0425,dso,3,520;521;522,1.0,0.01887507371079848,1.660638657848515,-0.8397568657796568
g0425,imcts,3,520;521;522,1.0,-0.7631894120097659,-0.5570542425423598,0.6601218272760628
g0425,pyoperon,3,520;521;522,1.0,-0.06849614250253816,-0.06498599905310372,0.06674107077782093
g0425,udsr,3,520;521;522,1.0,-11.270780365619265,-11.27050507540208,11.270642720510672
g0426,dso,3,520;521;522,1.0,4.3348065501993985e-05,12.0,-6.000021674032751
g0426,imcts,3,520;521;522,1.0,2.0403465543636287e-11,12.0,-6.000000000010202
g0426,pyoperon,3,520;521;522,1.0,0.20475609274356843,12.0,-6.1023780463717845
g0426,udsr,3,520;521;522,1.0,1.4906221277435925,12.0,-6.745311063871796
g0427,dso,3,520;521;522,1.0,-2.0845723639261164,-4.818999159295217,3.4517857616106666
g0427,imcts,3,520;521;522,1.0,-8.689079396819247,-9.51295950697483,9.101019451897038
g0427,pyoperon,1,520,0.3333333333333333,12.0,12.0,-12.0
g0427,udsr,3,520;521;522,1.0,-2.029307182975536,-3.6622166543834624,2.845761918679499
g0428,dso,3,520;521;522,1.0,-0.00022455368726320615,1.5304807051090965,-0.7651280757109167
g0428,imcts,3,520;521;522,1.0,-8.324936823172449,-8.14344360707422,8.234190215123334
g0428,pyoperon,2,520;522,0.6666666666666666,6.0,6.0,-6.666666666666667
g0428,udsr,3,520;521;522,1.0,-11.788892204198902,-11.794833622705745,11.791862913452324
g0429,dso,3,520;521;522,1.0,-12.0,-12.0,12.0
g0429,imcts,3,520;521;522,1.0,-12.0,-12.0,12.0
g0429,pyoperon,1,522,0.3333333333333333,0.0,0.0,-1.3333333333333335
g0429,udsr,3,520;521;522,1.0,-12.0,-12.0,12.0
g0430,dso,2,520;522,0.6666666666666666,0.0035277166925636125,-2.4556598935793463e-13,-0.6684305250128257
g0430,imcts,3,520;521;522,1.0,0.10995889703076278,4.000000032016636,-2.054979464523699
g0430,pyoperon,3,520;521;522,1.0,0.08850424025036807,-8.78658221661749e-12,-0.044252120120790744
g0430,udsr,3,520;521;522,1.0,-0.36514759997606006,-0.0006437787291789975,0.18289568935261952
g0431,dso,2,521;522,0.6666666666666666,-0.3411808719137194,0.29044652494187806,-0.6412994931807461
g0431,imcts,3,520;521;522,1.0,-11.048119880905096,-10.615610480609739,10.831865180757418
g0431,pyoperon,3,520;521;522,1.0,-6.124012804197271,-6.124021517287055,6.124017160742163
g0431,udsr,3,520;521;522,1.0,-10.05712509508625,-10.029048977205548,10.043087036145899
g0432,dso,3,520;521;522,1.0,-0.3759856055341621,-0.4593801896213834,0.41768289757777277
g0432,imcts,3,520;521;522,1.0,-0.39195129384214233,-0.4142702958684447,0.40311079485529355
g0432,pyoperon,2,521;522,0.6666666666666666,-0.3906341841751105,-0.2612513189835118,-0.3407239150873556
g0432,udsr,3,520;521;522,1.0,-0.4291406218556904,-0.1833091434459321,0.30622488265081127
g0433,dso,3,520;521;522,1.0,-0.16244565575411227,0.16380445233909155,-0.0006793982924896413
g0433,imcts,3,520;521;522,1.0,3.580395075973217,3.1984662045121404,-3.3894306402426784
g0433,pyoperon,3,520;521;522,1.0,-1.1477098990129433,-2.4954191601230833,1.8215645295680134
g0433,udsr,3,520;521;522,1.0,-1.1476167349467354,-2.4959795817513264,1.821798158349031
g0434,dso,3,520;521;522,1.0,-12.0,-12.0,12.0
g0434,imcts,3,520;521;522,1.0,-12.0,-12.0,12.0
g0434,pyoperon,1,522,0.3333333333333333,0.0,0.0,-1.3333333333333335
g0434,udsr,3,520;521;522,1.0,-12.0,-12.0,12.0
g0435,dso,3,520;521;522,1.0,-4.028815761493625,-2.1388069466434056,3.0838113540685157
g0435,imcts,3,520;521;522,1.0,-6.8003487117590815,-3.810117466589592,5.305233089174337
g0435,pyoperon,3,520;521;522,1.0,-3.9974139990588213,-2.135856622624819,3.06663531084182
g0435,udsr,3,520;521;522,1.0,-5.986339008314189,-3.5722988393167974,4.779318923815493
g0436,dso,3,520;521;522,1.0,-0.5738756911345636,-0.4829480753809578,0.5284118832577607
g0436,imcts,3,520;521;522,1.0,-12.0,-12.0,12.0
g0436,pyoperon,3,520;521;522,1.0,-0.16227326687176166,-0.18628465567921734,0.1742789612754895
g0436,udsr,3,520;521;522,1.0,-0.16292247762753354,-0.18614852955268527,0.1745355035901094
g0437,dso,3,520;521;522,1.0,-1.369895419572176,-0.5033084343887386,0.9366019269804573
g0437,imcts,3,520;521;522,1.0,-9.165385684851763,-9.073864640141482,9.119625162496622
g0437,pyoperon,3,520;521;522,1.0,-0.29273636855978097,-0.08562709393960537,0.18918173124969317
g0437,udsr,3,520;521;522,1.0,-0.7355369803134777,-0.9085889764126961,0.8220629783630868
g0438,dso,3,520;521;522,1.0,0.14800345725392106,1.2730916675404012,-0.7105475623971611
g0438,imcts,3,520;521;522,1.0,-11.850073722588407,-11.842999316438515,11.84653651951346
g0438,pyoperon,3,520;521;522,1.0,-0.045591258907503894,0.12092817106879883,-0.037668456080647464
g0438,udsr,3,520;521;522,1.0,-12.0,-12.0,12.0
g0439,dso,3,520;521;522,1.0,0.3291692033532525,0.8716340144351972,-0.6004016088942248
g0439,imcts,3,520;521;522,1.0,-8.781284659297013,-8.505419167887078,8.643351913592046
g0439,pyoperon,0,,0.0,,,-12.0
g0439,udsr,3,520;521;522,1.0,-0.7684051888390359,1.677607061948051,-0.45460093655450756
g0440,dso,3,520;521;522,1.0,-0.30539759950550033,-0.14462815761796913,0.22501287856173474
g0440,imcts,3,520;521;522,1.0,-12.0,-12.0,12.0
g0440,pyoperon,3,520;521;522,1.0,-0.27802174235578336,-0.0876115621935698,0.18281665227467658
g0440,udsr,3,520;521;522,1.0,-11.977532654854727,-11.975665305545961,11.976598980200343
g0441,dso,3,520;521;522,1.0,-6.9915146791819796,-4.096131398474381,5.54382303882818
g0441,imcts,3,520;521;522,1.0,-7.5873756061524915,-4.1203746339586464,5.853875120055569
g0441,pyoperon,3,520;521;522,1.0,-2.0689374778010907,-1.955715177385702,2.0123263275933962
g0441,udsr,3,520;521;522,1.0,-7.67036755823857,-4.1323350409524116,5.901351299595491
g0442,dso,3,520;521;522,1.0,-3.119472328377814,0.00036546446107673243,1.5595534319583686
g0442,imcts,3,520;521;522,1.0,-4.27592838932438,0.0005293078975018636,2.1376995407134394
g0442,pyoperon,3,520;521;522,1.0,-1.2807255497546928,0.00019330597820783413,0.6402661218882425
g0442,udsr,3,520;521;522,1.0,-3.314537602317474,0.0003644748306783592,1.657086563743398
g0443,dso,3,520;521;522,1.0,-0.5616600627589595,-1.5782113897138157,1.0699357262363876
g0443,imcts,3,520;521;522,1.0,-1.6912601364637954,-1.1051964585292973,1.3982282974965463
g0443,pyoperon,3,520;521;522,1.0,-0.27974395459355456,-0.38887909993962744,0.33431152726659097
g0443,udsr,3,520;521;522,1.0,-0.6011477128211937,-1.3495593062819617,0.9753535095515777
g0444,dso,3,520;521;522,1.0,-0.1575969132831386,-0.05068157970500533,0.10413924649407197
g0444,imcts,3,520;521;522,1.0,-8.074257123465534,-7.691049188226738,7.8826531558461355
g0444,pyoperon,3,520;521;522,1.0,-0.11902728594159336,-0.04347862039983149,0.08125295317071242
g0444,udsr,3,520;521;522,1.0,-11.67266708004212,-11.669242428794227,11.670954754418172
g0445,dso,3,520;521;522,1.0,-0.9512631059077227,-0.528051846426306,0.7396574761670143
g0445,imcts,3,520;521;522,1.0,-12.0,-12.0,12.0
g0445,pyoperon,0,,0.0,,,-12.0
g0445,udsr,3,520;521;522,1.0,-11.816146885830376,-11.816284425295429,11.816215655562903
g0446,dso,3,520;521;522,1.0,-0.09664538190017591,-0.17678000872065194,0.1367126953104139
g0446,imcts,3,520;521;522,1.0,-11.795756891407526,-12.0,11.897878445703764
g0446,pyoperon,2,520;522,0.6666666666666666,1.2072314530397288,-0.6075720595995837,-0.9664963633867393
g0446,udsr,3,520;521;522,1.0,-0.7320424235218835,0.9144746318594313,-0.0912161041687739
g0447,dso,3,520;521;522,1.0,-4.178721676258774,-2.105060130479723,3.1418909033692484
g0447,imcts,3,520;521;522,1.0,-7.2773779825684,-3.724760887641189,5.501069435104794
g0447,pyoperon,3,520;521;522,1.0,-3.937545516134923,-1.955045727849592,2.9462956219922574
g0447,udsr,3,520;521;522,1.0,-5.714485752292032,-2.9701612195776974,4.342323485934864
g0448,dso,3,520;521;522,1.0,-0.23628305723159196,-0.1871492126053408,0.21171613491846636
g0448,imcts,3,520;521;522,1.0,-11.729553268518202,-11.729296708145398,11.7294249883318
g0448,pyoperon,1,520,0.3333333333333333,0.0,0.0,-1.3333333333333335
g0448,udsr,3,520;521;522,1.0,-12.0,-12.0,12.0
g0449,dso,3,520;521;522,1.0,-12.0,-12.0,12.0
g0449,imcts,3,520;521;522,1.0,-12.0,-12.0,12.0
g0449,pyoperon,0,,0.0,,,-12.0
g0449,udsr,3,520;521;522,1.0,-3.99827516398115,-3.823352434883052,3.910813799432101
g0450,dso,3,520;521;522,1.0,-0.0024980878424811625,8.697275358079894,-4.3473886351187065
g0450,imcts,3,520;521;522,1.0,8.391057574145632,9.611711676915933,-9.001384625530783
g0450,pyoperon,2,520;522,0.6666666666666666,12.0,12.0,-12.0
g0450,udsr,3,520;521;522,1.0,-0.4347154303920496,2.747408261516711,-1.1563464155623306
g0451,dso,3,520;521;522,1.0,-12.0,-12.0,12.0
g0451,imcts,3,520;521;522,1.0,-12.0,-12.0,12.0
g0451,pyoperon,3,520;521;522,1.0,-2.2661443604588904,-2.200894683186326,2.2335195218226085
g0451,udsr,3,520;521;522,1.0,-12.0,-12.0,12.0
g0452,dso,3,520;521;522,1.0,-5.772417756820821,-7.8548831255788985,6.81365044119986
g0452,imcts,3,520;521;522,1.0,-9.432088865271458,-6.886492350384135,8.159290607827796
g0452,pyoperon,3,520;521;522,1.0,-0.01892107963352001,0.001968142189325029,0.00847646872209749
g0452,udsr,3,520;521;522,1.0,-5.614254364764921,-7.892686968214327,6.7534706664896245
g0453,dso,3,520;521;522,1.0,-0.07555562550815577,-0.03742446567465613,0.05649004559140595
g0453,imcts,3,520;521;522,1.0,-12.0,-12.0,12.0
g0453,pyoperon,0,,0.0,,,-12.0
g0453,udsr,3,520;521;522,1.0,-8.804596606478237,-8.80459660140408,8.804596603941159
g0454,dso,3,520;521;522,1.0,-0.025120733177283677,1.1947943389164517,-0.5848368028695841
g0454,imcts,3,520;521;522,1.0,-0.01572956808887826,1.6580972157580478,-0.8211838238345848
g0454,pyoperon,3,520;521;522,1.0,-0.04804345133354813,0.4980480800547957,-0.2250023143606238
g0454,udsr,3,520;521;522,1.0,-0.04543349305881875,8.556916294688321,-4.255741400814751
g0455,dso,3,520;521;522,1.0,-0.20502212781474402,-0.3583126600147042,0.2816673939147241
g0455,imcts,3,520;521;522,1.0,-4.047672211033487,-2.5176901706063055,3.282681190819896
g0455,pyoperon,1,520,0.3333333333333333,0.0,1.793927828367347e-07,-1.333333423029725
g0455,udsr,3,520;521;522,1.0,-3.4223787741289002,-3.0868469820433773,3.2546128780861387
g0456,dso,3,520;521;522,1.0,-0.566255338480156,-0.3031212964622822,0.43468831747121905
g0456,imcts,3,520;521;522,1.0,-0.4013253862672155,-0.5224333368598061,0.4618793615635108
g0456,pyoperon,3,520;521;522,1.0,-0.6301118486247356,-0.5730058173423639,0.6015588329835497
g0456,udsr,3,520;521;522,1.0,-0.631453227530359,-0.5722095595459903,0.6018313935381747
g0457,dso,3,520;521;522,1.0,1.4293021772817271,1.3492332360242514,-1.3892677066529893
g0457,imcts,3,520;521;522,1.0,0.23727115344974228,0.33565575285965027,-0.2864634531546963
g0457,pyoperon,3,520;521;522,1.0,1.6882741511519683,4.144631191040155,-2.9164526710960614
g0457,udsr,3,520;521;522,1.0,1.1853715991804643,4.407019420992618,-2.796195510086541
g0458,dso,3,520;521;522,1.0,-0.11606927136274658,0.5719871978048597,-0.22795896322105658
g0458,imcts,3,520;521;522,1.0,-2.5634530059687175,-1.2910413531287581,1.9272471795487378
g0458,pyoperon,3,520;521;522,1.0,-0.5596474873931064,-0.040084237857085765,0.2998658626250961
g0458,udsr,3,520;521;522,1.0,-0.5166060600915262,-0.7209833845630168,0.6187947223272715
g0459,dso,3,520;521;522,1.0,-12.0,-12.0,12.0
g0459,imcts,3,520;521;522,1.0,-12.0,-12.0,12.0
g0459,pyoperon,1,520,0.3333333333333333,5.109300788515334,0.8526492453139056,-4.314308350247954
g0459,udsr,3,520;521;522,1.0,-12.0,-12.0,12.0
g0460,dso,3,520;521;522,1.0,-0.08899258032388274,0.31250188342043167,-0.11175465154827446
g0460,imcts,3,520;521;522,1.0,-9.968854136943632,-9.969003289661552,9.968928713302592
g0460,pyoperon,1,520,0.3333333333333333,0.0,0.0,-1.3333333333333335
g0460,udsr,3,520;521;522,1.0,-8.320178795190628,-8.408883312477426,8.364531053834028
g0461,dso,3,520;521;522,1.0,-0.10259194268991649,-0.04132137680861898,0.07195665974926774
g0461,imcts,3,520;521;522,1.0,-12.0,-12.0,12.0
g0461,pyoperon,2,521;522,0.6666666666666666,-0.23795327653376386,0.45611173820606077,-0.7757458975028152
g0461,udsr,3,520;521;522,1.0,-12.0,-12.0,12.0
g0462,dso,3,520;521;522,1.0,-12.0,-12.0,12.0
g0462,imcts,3,520;521;522,1.0,-10.771677385811929,-12.0,11.385838692905963
g0462,pyoperon,1,520,0.3333333333333333,0.0,0.0,-1.3333333333333335
g0462,udsr,3,520;521;522,1.0,-11.181215545182143,-12.0,11.59060777259107
g0463,dso,3,520;521;522,1.0,-0.008787773637100182,2.888449028389783,-1.4398306273763415
g0463,imcts,3,520;521;522,1.0,-7.509304010715865,-7.509796316785082,7.509550163750474
g0463,pyoperon,3,520;521;522,1.0,-0.03133021206361778,0.09390503626186707,-0.03128741209912464
g0463,udsr,3,520;521;522,1.0,-0.014027617576600085,1.069628566640987,-0.5278004745321935
g0464,dso,3,520;521;522,1.0,-0.07091474883021877,-0.0007587718182093008,0.03583676032421403
g0464,imcts,3,520;521;522,1.0,-3.825683478008797,-3.826315823855653,3.825999650932225
g0464,pyoperon,3,520;521;522,1.0,-3.3001311959527797,-2.9481001871429235,3.1241156915478516
g0464,udsr,3,520;521;522,1.0,-0.14416441248583006,-0.012838356688483543,0.0785013845871568
g0465,dso,3,520;521;522,1.0,0.0026373443430960236,1.2492092051411217,-0.6259232747421088
g0465,imcts,3,520;521;522,1.0,-0.7258189226999067,-0.5735550913881836,0.6496870070440451
g0465,pyoperon,3,520;521;522,1.0,-0.04577964118022564,-0.14924144354279253,0.09751054236150909
g0465,udsr,3,520;521;522,1.0,0.01697060129952365,0.9498196842416352,-0.48339514277057943
g0466,dso,3,520;521;522,1.0,5.213505918958267e-09,7.999984030131221,-3.9999920176723633
g0466,imcts,3,520;521;522,1.0,5.515310223602037e-12,5.412392116725544,-2.70619605836553
g0466,pyoperon,3,520;521;522,1.0,0.20475608631756,12.0,-6.10237804315878
g0466,udsr,3,520;521;522,1.0,1.8801725700388534,12.0,-6.940086285019427
g0467,dso,3,520;521;522,1.0,-2.0845757011500274,-4.849985141139995,3.467280421145011
g0467,imcts,3,520;521;522,1.0,12.0,12.0,-12.0
g0467,pyoperon,1,520,0.3333333333333333,12.0,12.0,-12.0
g0467,udsr,3,520;521;522,1.0,-1.5874787433973083,-2.77971889631473,2.183598819856019
g0468,dso,3,520;521;522,1.0,-0.012578383914082567,2.261658416210147,-1.1245400161480321
g0468,imcts,3,520;521;522,1.0,-8.203131709314727,-8.02828711037237,8.115709409843548
g0468,pyoperon,1,520,0.3333333333333333,12.0,12.0,-12.0
g0468,udsr,3,520;521;522,1.0,-1.0706356066878915,-0.17588320542009206,0.6232594060539918
g0469,dso,2,520;522,0.6666666666666666,-12.0,-12.0,11.333333333333334
g0469,imcts,3,520;521;522,1.0,-12.0,-12.0,12.0
g0469,pyoperon,1,520,0.3333333333333333,0.0,0.0,-1.3333333333333335
g0469,udsr,3,520;521;522,1.0,-12.0,-12.0,12.0
g0470,dso,3,520;521;522,1.0,0.1766394312985209,-8.179393440961725e-11,-0.08831971560836348
g0470,imcts,3,520;521;522,1.0,0.8019719847314192,0.0,-0.4009859923657096
g0470,pyoperon,3,520;521;522,1.0,0.06431331329420097,-3.338501689209129e-13,-0.03215665664693356
g0470,udsr,3,520;521;522,1.0,0.08068214810491803,-0.00015231436749126663,-0.040264916868713384
g0471,dso,3,520;521;522,1.0,-0.2446598015343263,0.8043091762628642,-0.27982468736426896
g0471,imcts,3,520;521;522,1.0,-11.048142672543262,-10.720061046139904,10.884101859341584
g0471,pyoperon,3,520;521;522,1.0,-2.7378756836597145,-2.750854981139725,2.7443653323997195
g0471,udsr,3,520;521;522,1.0,-1.103131001959035,0.06355697818549359,0.5197870118867707
g0472,dso,3,520;521;522,1.0,-0.36554681870035194,-0.4815070407925048,0.42352692974642836
g0472,imcts,1,520,0.3333333333333333,-0.38754441701643666,-0.48433437860453377,-0.8973939355228483
g0472,pyoperon,3,520;521;522,1.0,-0.2896164499326687,-0.36940035813136446,0.3295084040320166
g0472,udsr,3,520;521;522,1.0,-0.38720835073268756,-0.4791362285444694,0.43317228963857846
g0473,dso,3,520;521;522,1.0,-1.9169483439093984,-1.2871860334341212,1.60206718867176
g0473,imcts,3,520;521;522,1.0,-2.5017877733667464,-1.5022098279721223,2.0019988006694343
g0473,pyoperon,3,520;521;522,1.0,-1.5148486359428979,-1.0572010581707196,1.2860248470568088
g0473,udsr,3,520;521;522,1.0,-10.889795573412982,-9.851436251349847,10.370615912381414
g0474,dso,3,520;521;522,1.0,-2.345262291148001,-1.7752861328454894,2.060274211996745
g0474,imcts,3,520;521;522,1.0,-12.0,-12.0,12.0
g0474,pyoperon,3,520;521;522,1.0,-5.891292604992027,-5.89129260499202,5.891292604992024
g0474,udsr,3,520;521;522,1.0,-12.0,-12.0,12.0
g0475,dso,3,520;521;522,1.0,-1.6604422388057039,-1.7868071374913175,1.7236246881485107
g0475,imcts,3,520;521;522,1.0,-9.891727068440181,-9.757661279962155,9.824694174201168
g0475,pyoperon,3,520;521;522,1.0,-0.5726171569103299,-0.21915527792713127,0.3958862174187306
g0475,udsr,3,520;521;522,1.0,-11.262038615642274,-11.262097148603546,11.26206788212291
g0476,dso,3,520;521;522,1.0,-1.4906149204251535,-0.5284785672834507,1.009546743854302
g0476,imcts,3,520;521;522,1.0,-1.078188828741968,-0.30607288425861423,0.6921308565002912
g0476,pyoperon,3,520;521;522,1.0,-0.569925811747264,-0.0782310244627495,0.32407841810500676
g0476,udsr,3,520;521;522,1.0,-4.13049894094388,-2.662512918066344,3.3965059295051123
g0477,dso,3,520;521;522,1.0,-1.1017543293262069,-0.786119065116789,0.943936697221498
g0477,imcts,3,520;521;522,1.0,-0.670069929298395,-0.43004401650853824,0.5500569729034667
g0477,pyoperon,3,520;521;522,1.0,-0.512473074957471,-0.23071116992454166,0.3715921224410063
g0477,udsr,3,520;521;522,1.0,-0.6798542504724433,-0.20300786370454918,0.4414310570884962
g0478,dso,3,520;521;522,1.0,-1.2799600453277722,-1.3110573810012895,1.2955087131645309
g0478,imcts,3,520;521;522,1.0,-1.3238322575522972,-1.072072410466425,1.197952334009361
g0478,pyoperon,3,520;521;522,1.0,-0.6053785442781404,-0.23808643675772453,0.4217324905179325
g0478,udsr,3,520;521;522,1.0,-4.753632376260533,-3.4198774472596583,4.086754911760096
g0479,dso,3,520;521;522,1.0,-3.792103616005471,-3.5456382344261113,3.668870925215791
g0479,imcts,3,520;521;522,1.0,-12.0,-12.0,12.0
g0479,pyoperon,3,520;521;522,1.0,-0.8946687315059023,-0.495245971281374,0.6949573513936381
g0479,udsr,3,520;521;522,1.0,-12.0,-12.0,12.0
g0480,dso,3,520;521;522,1.0,-12.0,-12.0,12.0
g0480,imcts,3,520;521;522,1.0,-1.0943664959186281,-1.0736874020267464,1.0840269489726873
g0480,pyoperon,3,520;521;522,1.0,-0.4566723797570377,-0.3386406612380793,0.3976565204975585
g0480,udsr,3,520;521;522,1.0,-5.774607774513651,-5.1015073010032586,5.438057537758455
g0481,dso,3,520;521;522,1.0,-0.3031055047210311,-0.4031477837909215,0.3531266442559763
g0481,imcts,3,520;521;522,1.0,-0.14980778236270495,0.9521324717027185,-0.4011623446700068
g0481,pyoperon,3,520;521;522,1.0,-0.11728599904552729,-0.016699135164888874,0.06699256710520808
g0481,udsr,3,520;521;522,1.0,-2.7375399466653856,-1.7093491543285506,2.223444550496968
g0482,dso,3,520;521;522,1.0,-5.523288231314434,-5.873694405805747,5.698491318560091
g0482,imcts,3,520;521;522,1.0,-12.0,-12.0,12.0
g0482,pyoperon,3,520;521;522,1.0,-0.6825516455610202,-0.34273195206894574,0.512641798814983
g0482,udsr,3,520;521;522,1.0,-12.0,-12.0,12.0
g0483,dso,3,520;521;522,1.0,-2.8683254509812475,-2.7775283311701684,2.822926891075708
g0483,imcts,3,520;521;522,1.0,-1.954279660351584,-1.6972684573892545,1.8257740588704192
g0483,pyoperon,3,520;521;522,1.0,-0.7138041835611508,-0.3100529787683899,0.5119285811647704
g0483,udsr,3,520;521;522,1.0,-5.628239192447638,-4.030332293017477,4.829285742732558
g0484,dso,3,520;521;522,1.0,-2.940450860686696,-2.7045388051016204,2.822494832894158
g0484,imcts,3,520;521;522,1.0,-2.5336608816552437,-1.8996621271912175,2.2166615044232305
g0484,pyoperon,3,520;521;522,1.0,-2.8358538901968546,-2.6264966927936104,2.7311752914952327
g0484,udsr,3,520;521;522,1.0,-6.740258277513944,-4.9792457249330555,5.8597520012235
g0485,dso,3,520;521;522,1.0,-1.7472815688526728,-1.3658962011304567,1.5565888849915648
g0485,imcts,3,520;521;522,1.0,-11.195386757192855,-11.137090905193546,11.166238831193201
g0485,pyoperon,3,520;521;522,1.0,-1.196504169533115,-1.0825330023043704,1.1395185859187427
g0485,udsr,3,520;521;522,1.0,-10.2136345959137,-9.94511894993095,10.079376772922325
g0486,dso,3,520;521;522,1.0,-0.4642975096415925,-0.0547595109865018,0.25952851031404717
g0486,imcts,3,520;521;522,1.0,-0.46568726162420176,0.0571344983479935,0.20427638163810413
g0486,pyoperon,3,520;521;522,1.0,-0.4639673599287035,-0.09025857398445164,0.2771129669565776
g0486,udsr,3,520;521;522,1.0,-0.4955198812682908,-0.15457692628617167,0.3250484037772312
g0487,dso,3,520;521;522,1.0,-0.4910262853250818,-0.2569312670279679,0.37397877617652486
g0487,imcts,3,520;521;522,1.0,-0.5044036667456862,-0.2695146138729065,0.38695914030929635
g0487,pyoperon,3,520;521;522,1.0,-0.4183624043494559,-0.17419222727902897,0.29627731581424244
g0487,udsr,3,520;521;522,1.0,-1.3169085325760028,-0.271198374433912,0.7940534535049574
g0488,dso,3,520;521;522,1.0,-12.0,-12.0,12.0
g0488,imcts,3,520;521;522,1.0,-12.0,-12.0,12.0
g0488,pyoperon,3,520;521;522,1.0,-1.1834017374766315,-0.7631078313468863,0.9732547844117589
g0488,udsr,3,520;521;522,1.0,-12.0,-12.0,12.0
g0489,dso,3,520;521;522,1.0,-2.4231613645498733,-2.040428218686232,2.2317947916180527
g0489,imcts,3,520;521;522,1.0,-4.87235170448605,-4.19708533628408,4.534718520385065
g0489,pyoperon,3,520;521;522,1.0,-0.4376992911998179,-0.159860880720575,0.29878008596019645
g0489,udsr,3,520;521;522,1.0,-6.686365585801013,-6.000476188785811,6.343420887293412
g0490,dso,3,520;521;522,1.0,-2.5267937628087824,-1.6467043543241158,2.086749058566449
g0490,imcts,3,520;521;522,1.0,-2.5331898088981646,-1.725946445310998,2.1295681271045814
g0490,pyoperon,2,521;522,0.6666666666666666,-0.9608178113495547,-0.4812710319746395,0.054377754995430294
g0490,udsr,3,520;521;522,1.0,-5.769632133847497,-4.486216360802277,5.127924247324887
g0491,dso,3,520;521;522,1.0,-3.912061629356776,-2.244190616049486,3.0781261227031314
g0491,imcts,3,520;521;522,1.0,-5.103130330884118,-4.24974612789602,4.676438229390069
g0491,pyoperon,3,520;521;522,1.0,-3.584739819096877,-2.2950619312681027,2.9399008751824898
g0491,udsr,3,520;521;522,1.0,-7.942129492130221,-6.040699927629863,6.991414709880042
g0492,dso,3,520;521;522,1.0,-1.9029449907458345,-1.1381352706283763,1.5205401306871054
g0492,imcts,3,520;521;522,1.0,-1.8567060287405974,-1.0652631253344862,1.4609845770375418
g0492,pyoperon,3,520;521;522,1.0,-0.7914682491643629,-0.2956664877299001,0.5435673684471315
g0492,udsr,3,520;521;522,1.0,-11.579316164678117,-10.914916326667317,11.247116245672718
g0493,dso,3,520;521;522,1.0,-3.1738890612987056,-1.5148718580594724,2.344380459679089
g0493,imcts,3,520;521;522,1.0,-5.022144713802173,-4.1982431665441995,4.610193940173186
g0493,pyoperon,3,520;521;522,1.0,-0.4940211650415815,2.206324040484843,-0.8561514377216307
g0493,udsr,3,520;521;522,1.0,-9.03070863116038,-8.46529728049958,8.74800295582998
g0494,dso,2,520;521,0.6666666666666666,-3.1506921126814165,-1.7437910839432917,1.7805749316456876
g0494,imcts,3,520;521;522,1.0,-4.909306017285817,-3.0707169839926713,3.9900115006392443
g0494,pyoperon,3,520;521;522,1.0,-3.0602118911630165,-1.6085843118773562,2.3343981015201862
g0494,udsr,3,520;521;522,1.0,-7.058424835931876,-4.5317802865257555,5.795102561228816
g0495,dso,3,520;521;522,1.0,-2.8223331359104296,-1.515039114857614,2.168686125384022
g0495,imcts,3,520;521;522,1.0,-4.331478158102288,-2.804962376899353,3.5682202675008208
g0495,pyoperon,3,520;521;522,1.0,-2.427271560457041,-1.2607911976299855,1.8440313790435132
g0495,udsr,3,520;521;522,1.0,-6.314369885150357,-3.7367113879197693,5.025540636535063
g0496,dso,3,520;521;522,1.0,-12.0,-12.0,12.0
g0496,imcts,3,520;521;522,1.0,-12.0,-12.0,12.0
g0496,pyoperon,3,520;521;522,1.0,-0.5878191255468679,-0.22500057713952734,0.4064098513431976
g0496,udsr,3,520;521;522,1.0,-12.0,-12.0,12.0
g0497,dso,3,520;521;522,1.0,-12.0,-12.0,12.0
g0497,imcts,3,520;521;522,1.0,-12.0,-12.0,12.0
g0497,pyoperon,3,520;521;522,1.0,-0.5855810166376663,-0.22685488534036224,0.40621795098901425
g0497,udsr,3,520;521;522,1.0,-11.590184800576495,-11.590184800575864,11.590184800576179
g0498,dso,3,520;521;522,1.0,-1.765025925655061,-0.6569844189384352,1.211005172296748
g0498,imcts,3,520;521;522,1.0,-1.629143870536172,-0.6837849253473864,1.1564643979417792
g0498,pyoperon,2,521;522,0.6666666666666666,-0.8565644008861202,-0.14805770333692111,-0.16435561455514613
g0498,udsr,3,520;521;522,1.0,-7.371895011550907,-5.589013885675968,6.480454448613438
g0499,dso,3,520;521;522,1.0,-3.197106706148963,-2.623626607415426,2.9103666567821946
g0499,imcts,3,520;521;522,1.0,-3.5311177656177555,-2.6285666834034136,3.0798422245105845
g0499,pyoperon,3,520;521;522,1.0,-3.169564034546146,-2.396388680788018,2.7829763576670823
g0499,udsr,3,520;521;522,1.0,-6.819386692401383,-4.391227346731986,5.605307019566684
g0500,dso,3,520;521;522,1.0,-12.0,-12.0,12.0
g0500,imcts,3,520;521;522,1.0,-12.0,-12.0,12.0
g0500,pyoperon,3,520;521;522,1.0,-0.9660600169672712,-0.7172990675815919,0.8416795422744315
g0500,udsr,3,520;521;522,1.0,-11.34730757105517,-11.34730757105764,11.347307571056405
g0501,dso,3,520;521;522,1.0,-12.0,-12.0,12.0
g0501,imcts,3,520;521;522,1.0,-11.963842080110567,-12.0,11.981921040055283
g0501,pyoperon,3,520;521;522,1.0,-2.6751334964700906,-2.3201262109504976,2.4976298537102943
g0501,udsr,3,520;521;522,1.0,-11.590184800576344,-11.59018480057663,11.590184800576488
g0502,dso,3,520;521;522,1.0,-8.30168776983942,-8.168908299174925,8.235298034507172
g0502,imcts,3,520;521;522,1.0,-4.203894899786933,-4.0597843328563386,4.131839616321636
g0502,pyoperon,3,520;521;522,1.0,-0.3587363178225625,-0.11864250466969543,0.23868941124612897
g0502,udsr,3,520;521;522,1.0,-11.70283839893199,-11.827929481030381,11.765383939981184
g0503,dso,3,520;521;522,1.0,-12.0,-12.0,12.0
g0503,imcts,3,520;521;522,1.0,-10.109897954676727,-9.966828922217562,10.038363438447146
g0503,pyoperon,3,520;521;522,1.0,-0.6844971437700766,-0.3344694147131448,0.5094832792416107
g0503,udsr,3,520;521;522,1.0,-12.0,-12.0,12.0
g0504,dso,3,520;521;522,1.0,-5.751592996073209,-5.626199468178782,5.6888962321259955
g0504,imcts,3,520;521;522,1.0,-12.0,-12.0,12.0
g0504,pyoperon,3,520;521;522,1.0,-1.7633345635735262,-1.3863455113746193,1.5748400374740728
g0504,udsr,3,520;521;522,1.0,-12.0,-12.0,12.0
g0505,dso,3,520;521;522,1.0,-2.0026754861330303,-1.000904578948538,1.501790032540784
g0505,imcts,3,520;521;522,1.0,-11.68604407287502,-11.6576529268224,11.67184849984871
g0505,pyoperon,3,520;521;522,1.0,-1.1251991666165806,-1.121275377533692,1.1232372720751362
g0505,udsr,3,520;521;522,1.0,-12.0,-12.0,12.0
g0506,dso,3,520;521;522,1.0,-1.5131436715175275,-1.3335348520814103,1.423339261799469
g0506,imcts,3,520;521;522,1.0,-5.437220876508121,-5.041302356265413,5.2392616163867665
g0506,pyoperon,3,520;521;522,1.0,-0.5557559886756448,-0.17795197884776118,0.366853983761703
g0506,udsr,3,520;521;522,1.0,-12.0,-12.0,12.0
g0507,dso,3,520;521;522,1.0,-2.65216106753666,-2.65216106753666,2.65216106753666
g0507,imcts,3,520;521;522,1.0,-12.0,-12.0,12.0
g0507,pyoperon,3,520;521;522,1.0,-1.1985123956895243,-1.0170513182910028,1.1077818569902635
g0507,udsr,3,520;521;522,1.0,-11.161468655543324,-11.357787637105792,11.259628146324559
g0508,dso,3,520;521;522,1.0,-1.1376807743238797,-0.8240371630640135,0.9808589686939466
g0508,imcts,3,520;521;522,1.0,-1.4094807007992654,-0.6918644888602303,1.0506725948297477
g0508,pyoperon,3,520;521;522,1.0,-0.9873571619756404,-0.5550230298263469,0.7711900959009936
g0508,udsr,3,520;521;522,1.0,-3.958243854984449,-2.253801110623767,3.106022482804108
g0509,dso,3,520;521;522,1.0,-1.4795793003324873,-1.1257059246853398,1.3026426125089134
g0509,imcts,3,520;521;522,1.0,-1.5022880903668465,-1.066443160862427,1.2843656256146367
g0509,pyoperon,3,520;521;522,1.0,-1.0763926164313256,-0.7803596333482412,0.9283761248897834
g0509,udsr,3,520;521;522,1.0,-3.055676730650736,-1.5700044476094164,2.3128405891300763
g0510,dso,3,520;521;522,1.0,-1.243956325130312,-0.485500730032322,0.864728527581317
g0510,imcts,3,520;521;522,1.0,-1.3497877923323613,-0.472766663095157,0.9112772277137592
g0510,pyoperon,3,520;521;522,1.0,-0.8344294404593384,-0.28995294420776624,0.5621911923335523
g0510,udsr,3,520;521;522,1.0,-4.148978759170898,-2.2547149184460213,3.2018468388084598
g0511,dso,3,520;521;522,1.0,-12.0,-12.0,12.0
g0511,imcts,3,520;521;522,1.0,-12.0,-12.0,12.0
g0511,pyoperon,3,520;521;522,1.0,-1.10769665812764,-0.63250376351647,0.870100210822055
g0511,udsr,3,520;521;522,1.0,-12.0,-12.0,12.0
g0512,dso,3,520;521;522,1.0,-12.0,-12.0,12.0
g0512,imcts,3,520;521;522,1.0,-12.0,-12.0,12.0
g0512,pyoperon,3,520;521;522,1.0,-2.8025500026642387,-2.118840586957989,2.4606952948111136
g0512,udsr,3,520;521;522,1.0,-12.0,-12.0,12.0
g0513,dso,3,520;521;522,1.0,-12.0,-12.0,12.0
g0513,imcts,3,520;521;522,1.0,-8.671905038019446,-8.602810272686506,8.637357655352975
g0513,pyoperon,3,520;521;522,1.0,-0.6534787366845775,-0.29469516562103576,0.47408695115280663
g0513,udsr,3,520;521;522,1.0,-12.0,-12.0,12.0
g0514,dso,3,520;521;522,1.0,-3.472359604799505,-3.2095691104460133,3.3409643576227595
g0514,imcts,3,520;521;522,1.0,-9.590785216651105,-8.987958590598566,9.289371903624836
g0514,pyoperon,3,520;521;522,1.0,-2.6470405036856817,-2.34251008808718,2.4947752958864307
g0514,udsr,3,520;521;522,1.0,-11.508316136167204,-11.033634578752212,11.270975357459708
g0515,dso,3,520;521;522,1.0,-3.474962647187219,-2.7441806371883994,3.1095716421878095
g0515,imcts,3,520;521;522,1.0,-12.0,-11.662474834746886,11.831237417373444
g0515,pyoperon,3,520;521;522,1.0,-0.8918726608356007,-0.48687124117179764,0.6893719510036992
g0515,udsr,3,520;521;522,1.0,-10.296748119010372,-10.48064651683244,10.388697317921405
g0516,dso,3,520;521;522,1.0,-1.0359515734364135,-0.6108422466241569,0.8233969100302851
g0516,imcts,3,520;521;522,1.0,-1.4940683922306919,-1.2222893347272012,1.3581788634789467
g0516,pyoperon,2,520;522,0.6666666666666666,-0.6112438706087705,-0.24169907820897835,-0.2401951922577923
g0516,udsr,3,520;521;522,1.0,-3.753365502102446,-2.5328151283700415,3.1430903152362437
g0517,dso,3,520;521;522,1.0,-1.364905939754155,-0.7614409930744502,1.0631734664143027
g0517,imcts,3,520;521;522,1.0,-1.089966311350034,-0.47300751230829124,0.7814869118291626
g0517,pyoperon,3,520;521;522,1.0,-0.5574772812962677,-0.2104934703255988,0.3839853758109333
g0517,udsr,3,520;521;522,1.0,-4.040957422736603,-3.4178773186944458,3.7294173707155243
g0518,dso,3,520;521;522,1.0,-0.6171582915492996,-0.08017233161291178,0.3486653115811057
g0518,imcts,3,520;521;522,1.0,-0.32649340733933546,-0.1796806002763445,0.25308700380784
g0518,pyoperon,3,520;521;522,1.0,-0.30606835447303254,0.0037060962705410213,0.15118112910124576
g0518,udsr,3,520;521;522,1.0,-2.310441790049364,-1.0454006686935298,1.677921229371447
g0519,dso,3,520;521;522,1.0,-12.0,-12.0,12.0
g0519,imcts,3,520;521;522,1.0,-12.0,-12.0,12.0
g0519,pyoperon,3,520;521;522,1.0,-2.6725607157348894,-2.2639547709517873,2.4682577433433384
g0519,udsr,3,520;521;522,1.0,-11.841183488999372,-11.836429306784787,11.838806397892078
g0520,dso,3,520;521;522,1.0,-1.5755107182073578,-1.135790856566347,1.3556507873868524
g0520,imcts,3,520;521;522,1.0,-5.426785941674588,-5.358077090286881,5.392431515980734
g0520,pyoperon,3,520;521;522,1.0,-0.794847497316185,-0.33941260324497496,0.56713005028058
g0520,udsr,3,520;521;522,1.0,-10.14295100024266,-9.279673896818062,9.71131244853036
g0521,dso,3,520;521;522,1.0,-3.585323207703981,-1.990396080165309,2.787859643934645
g0521,imcts,3,520;521;522,1.0,-4.2285810258052825,-2.3546038571270387,3.2915924414661606
g0521,pyoperon,3,520;521;522,1.0,-3.0212761775679255,-1.597747895926337,2.3095120367471313
g0521,udsr,3,520;521;522,1.0,-7.267055156751628,-4.133915340714032,5.70048524873283
g0522,dso,3,520;521;522,1.0,-1.7557943653905699,-1.0900717539556526,1.4229330596731113
g0522,imcts,3,520;521;522,1.0,-2.296927731242178,-1.413337748025968,1.8551327396340729
g0522,pyoperon,3,520;521;522,1.0,-1.2233228884182223,-0.6765305469059465,0.9499267176620845
g0522,udsr,3,520;521;522,1.0,-12.0,-12.0,12.0
g0523,dso,3,520;521;522,1.0,-12.0,-12.0,12.0
g0523,imcts,3,520;521;522,1.0,-11.924028161305172,-12.0,11.962014080652587
g0523,pyoperon,3,520;521;522,1.0,-5.8840280155621985,-5.8840280155621985,5.8840280155621985
g0523,udsr,3,520;521;522,1.0,-11.680442663525833,-11.680442663526364,11.680442663526097
g0524,dso,3,520;521;522,1.0,-12.0,-12.0,12.0
g0524,imcts,3,520;521;522,1.0,-1.1139355642232978,-0.6162959072801897,0.8651157357517437
g0524,pyoperon,3,520;521;522,1.0,-0.5499113816027982,-0.1931790642714826,0.3715452229371404
g0524,udsr,3,520;521;522,1.0,-2.656618060815926,-1.011339134942226,1.8339785978790761
g0525,dso,3,520;521;522,1.0,-1.566580312633672,-0.8717636395504491,1.2191719760920605
g0525,imcts,3,520;521;522,1.0,-1.3982240134248796,0.9603359719004807,0.21894402076219943
g0525,pyoperon,3,520;521;522,1.0,-0.6185988017612057,-0.22778421221424164,0.4231915069877237
g0525,udsr,3,520;521;522,1.0,-6.715815684140449,-6.049976338245718,6.3828960111930835
g0526,dso,3,520;521;522,1.0,-3.6679837957503345,-3.5458807218024346,3.606932258776385
g0526,imcts,3,520;521;522,1.0,-3.16374591801686,-2.545665318069523,2.8547056180431913
g0526,pyoperon,3,520;521;522,1.0,-0.7282530679357929,-0.3207997267033638,0.5245263973195784
g0526,udsr,3,520;521;522,1.0,-11.506541432814082,-11.50238117321988,11.504461303016981
g0527,dso,3,520;521;522,1.0,-12.0,-12.0,12.0
g0527,imcts,3,520;521;522,1.0,-12.0,-12.0,12.0
g0527,pyoperon,3,520;521;522,1.0,-5.884028015562202,-5.884028015562198,5.884028015562199
g0527,udsr,3,520;521;522,1.0,-12.0,-12.0,12.0
g0528,dso,3,520;521;522,1.0,-0.6739848849807802,-0.37501892373443696,0.5245019043576086
g0528,imcts,3,520;521;522,1.0,-0.3976555656320131,-0.2348074303160883,0.3162314979740507
g0528,pyoperon,3,520;521;522,1.0,-0.38258639885115947,-0.12091008002705415,0.2517482394391068
g0528,udsr,3,520;521;522,1.0,-4.60411755465886,-3.491337422585018,4.0477274886219385
g0529,dso,3,520;521;522,1.0,-1.9019757977388896,-1.1009200904003171,1.5014479440696034
g0529,imcts,3,520;521;522,1.0,-2.4056444996633224,-1.3965082782627534,1.901076388963038
g0529,pyoperon,3,520;521;522,1.0,-1.0287722318304757,-0.719009715060122,0.8738909734452989
g0529,udsr,3,520;521;522,1.0,-12.0,-12.0,12.0
g0530,dso,3,520;521;522,1.0,-12.0,-12.0,12.0
g0530,imcts,3,520;521;522,1.0,-11.775107282920352,-11.664705250258962,11.719906266589657
g0530,pyoperon,3,520;521;522,1.0,-1.785490508463276,-1.3885785474017043,1.5870345279324902
g0530,udsr,3,520;521;522,1.0,-12.0,-12.0,12.0
g0531,dso,3,520;521;522,1.0,-12.0,-12.0,12.0
g0531,imcts,3,520;521;522,1.0,-12.0,-12.0,12.0
g0531,pyoperon,3,520;521;522,1.0,-2.6760566404261983,-2.2685460349856634,2.4723013377059306
g0531,udsr,3,520;521;522,1.0,-12.0,-12.0,12.0
g0532,dso,3,520;521;522,1.0,-2.9394111090443844,-1.5421832445616157,2.240797176803
g0532,imcts,3,520;521;522,1.0,-3.36727044001591,-1.86946839433148,2.618369417173695
g0532,pyoperon,3,520;521;522,1.0,-2.4472958391955912,-1.2887102663746144,1.8680030527851028
g0532,udsr,3,520;521;522,1.0,-6.044772025252651,-4.464161409268445,5.254466717260548
g0533,dso,3,520;521;522,1.0,-3.088204545749195,-1.6713594491408326,2.3797819974450136
g0533,imcts,3,520;521;522,1.0,-3.223240936618478,-1.6790778685804948,2.4511594025994863
g0533,pyoperon,3,520;521;522,1.0,-2.9903028182517026,-1.605919981452601,2.298111399852152
g0533,udsr,3,520;521;522,1.0,-5.509106352484301,-2.772458035187496,4.140782193835898
g0534,dso,3,520;521;522,1.0,-3.037231523154525,-1.0937199469653611,2.065475735059943
g0534,imcts,3,520;521;522,1.0,-3.284125624889635,-1.137286196405612,2.2107059106476235
g0534,pyoperon,3,520;521;522,1.0,-2.288040809716853,-1.070771950392679,1.679406380054766
g0534,udsr,3,520;521;522,1.0,-5.494295186398863,-1.843488738566131,3.6688919624824967
g0535,dso,3,520;521;522,1.0,-1.8935950523773861,-1.2582061233033175,1.5759005878403518
g0535,imcts,3,520;521;522,1.0,-1.9394253172960763,-0.7510314557983082,1.3452283865471921
g0535,pyoperon,3,520;521;522,1.0,-1.8476471969638766,-0.999634179847371,1.4236406884056239
g0535,udsr,3,520;521;522,1.0,-4.181095138560909,-3.4084365043778533,3.7947658214693814
g0536,dso,3,520;521;522,1.0,-12.0,-12.0,12.0
g0536,imcts,3,520;521;522,1.0,-12.0,-12.0,12.0
g0536,pyoperon,2,520;522,0.6666666666666666,-0.684672260655663,-0.3301645063506601,-0.15924828316350514
g0536,udsr,3,520;521;522,1.0,-10.13902026716124,-9.680872314749355,9.909946290955297
g0537,dso,3,520;521;522,1.0,-12.0,-12.0,12.0
g0537,imcts,3,520;521;522,1.0,-10.800299532938551,-10.7477552496976,10.774027391318075
g0537,pyoperon,3,520;521;522,1.0,-0.5174167411883138,-0.21426532818005972,0.36584103468418677
g0537,udsr,3,520;521;522,1.0,-9.398565709647198,-8.975492122101661,9.187028915874428
g0538,dso,3,520;521;522,1.0,-2.245591567854105,-1.327153240454635,1.78637240415437
g0538,imcts,3,520;521;522,1.0,-1.5138375474284098,-0.8769914916688301,1.1954145195486199
g0538,pyoperon,3,520;521;522,1.0,-2.0638608037979687,-1.2045610066960677,1.6342109052470182
g0538,udsr,3,520;521;522,1.0,-6.376075982925791,-5.1136882859938515,5.7448821344598215
g0539,dso,3,520;521;522,1.0,-1.8771514817612498,-1.340243171653194,1.608697326707222
g0539,imcts,3,520;521;522,1.0,-2.4154359760398116,-1.623989196431129,2.01971258623547
g0539,pyoperon,3,520;521;522,1.0,-0.8609963905989866,-0.44786200162670203,0.6544291961128443
g0539,udsr,3,520;521;522,1.0,-9.968663483172453,-9.663351716878983,9.816007600025717
g0540,dso,3,520;521;522,1.0,-12.0,-12.0,12.0
g0540,imcts,3,520;521;522,1.0,-12.0,-12.0,12.0
g0540,pyoperon,3,520;521;522,1.0,-4.215399653588219,-3.822036833125671,4.018718243356945
g0540,udsr,3,520;521;522,1.0,-11.223893423618447,-11.419541509410756,11.321717466514603
g0541,dso,3,520;521;522,1.0,-2.453272086165066,-2.067442144984213,2.2603571155746396
g0541,imcts,3,520;521;522,1.0,-2.5037627792587873,-2.0723671100181584,2.2880649446384727
g0541,pyoperon,3,520;521;522,1.0,-1.0155687521882601,-1.2323732605868483,1.123971006387554
g0541,udsr,3,520;521;522,1.0,-2.9408614463801457,-2.0750235915463064,2.507942518963226
g0542,dso,3,520;521;522,1.0,-12.0,-12.0,12.0
g0542,imcts,3,520;521;522,1.0,-2.150637810554103,-1.2654895496215333,1.7080636800878182
g0542,pyoperon,3,520;521;522,1.0,-1.4658550720127212,-0.7314693784290444,1.0986622252208829
g0542,udsr,3,520;521;522,1.0,-12.0,-12.0,12.0
g0543,dso,3,520;521;522,1.0,-0.9078044127123094,-0.5282593018928678,0.7180318573025886
g0543,imcts,3,520;521;522,1.0,-0.7139203958736036,-0.47313089342121173,0.5935256446474076
g0543,pyoperon,3,520;521;522,1.0,-0.7572649153136801,-0.5205332121094349,0.6388990637115575
g0543,udsr,3,520;521;522,1.0,-2.1469008386765807,-1.0997865807095704,1.6233437096930756
g0544,dso,3,520;521;522,1.0,-12.0,-12.0,12.0
g0544,imcts,3,520;521;522,1.0,-12.0,-12.0,12.0
g0544,pyoperon,3,520;521;522,1.0,-3.983392376260502,-3.4944300188414306,3.7389111975509666
g0544,udsr,3,520;521;522,1.0,-12.0,-12.0,12.0
g0545,dso,3,520;521;522,1.0,-0.5986118092556637,-0.37597681750619066,0.4872943133809272
g0545,imcts,3,520;521;522,1.0,-0.7304853911686351,-0.4345818877070467,0.5825336394378409
g0545,pyoperon,3,520;521;522,1.0,-0.4860609646752647,-0.303683466959966,0.39487221581761534
g0545,udsr,3,520;521;522,1.0,-0.8663171965860839,-0.28268338767431067,0.5745002921301973
g0546,dso,3,520;521;522,1.0,-2.813941435295432,-2.704860282089862,2.759400858692647
g0546,imcts,3,520;521;522,1.0,-3.7149395782401418,-3.1252898165086207,3.4201146973743812
g0546,pyoperon,3,520;521;522,1.0,-1.340624886368191,-0.7579481425689177,1.0492865144685544
g0546,udsr,3,520;521;522,1.0,-4.502703700810938,-4.119489222284204,4.311096461547571
g0547,dso,3,520;521;522,1.0,-0.7837742797488402,-0.4124909417353296,0.5981326107420849
g0547,imcts,3,520;521;522,1.0,-0.10757863649857957,-0.05679598202493311,0.08218730926175634
g0547,pyoperon,3,520;521;522,1.0,-0.4907210111888242,-0.12719742508262138,0.3089592181357228
g0547,udsr,3,520;521;522,1.0,-4.520859662733201,-3.595097606510631,4.057978634621916
g0548,dso,3,520;521;522,1.0,-1.1695352615434211,-0.7149126782114035,0.9422239698774123
g0548,imcts,3,520;521;522,1.0,-0.8946270036294424,-0.8646349037225193,0.8796309536759808
g0548,pyoperon,3,520;521;522,1.0,-0.41160612646345157,0.44068498931647954,-0.014539431426513982
g0548,udsr,3,520;521;522,1.0,-3.2672220183112093,-2.7936755506205593,3.030448784465884
g0549,dso,3,520;521;522,1.0,-2.7730508600898993,-1.3616005742407753,2.067325717165337
g0549,imcts,3,520;521;522,1.0,-2.919574443293976,-1.452956958805908,2.1862657010499422
g0549,pyoperon,3,520;521;522,1.0,-1.827781813992375,-0.7100905872270751,1.268936200609725
g0549,udsr,3,520;521;522,1.0,-7.688985543641244,-5.920316273470472,6.804650908555858
g0550,dso,3,520;521;522,1.0,-2.8355346758660587,-2.120376655017186,2.4779556654416224
g0550,imcts,3,520;521;522,1.0,-3.283561505878495,-1.8102153414593805,2.5468884236689378
g0550,pyoperon,3,520;521;522,1.0,-2.1711646527504773,-1.1019254414679616,1.6365450471092196
g0550,udsr,3,520;521;522,1.0,-6.707033644207399,-3.7239176541877175,5.215475649197558
g0551,dso,3,520;521;522,1.0,-2.606922797330714,-2.0530347236532918,2.329978760492003
g0551,imcts,3,520;521;522,1.0,-11.95788744083564,-11.90723867320524,11.93256305702044
g0551,pyoperon,3,520;521;522,1.0,-5.891292604992027,-5.89129260499202,5.891292604992024
g0551,udsr,3,520;521;522,1.0,-11.969396924008116,-11.993174663252972,11.981285793630544
g0552,dso,3,520;521;522,1.0,-12.0,-12.0,12.0
g0552,imcts,3,520;521;522,1.0,-12.0,-12.0,12.0
g0552,pyoperon,3,520;521;522,1.0,-0.6758907387322349,-0.34031855758317553,0.5081046481577052
g0552,udsr,3,520;521;522,1.0,-12.0,-12.0,12.0
g0553,dso,3,520;521;522,1.0,-2.0736965195894754,-2.091628009068328,2.082662264328902
g0553,imcts,3,520;521;522,1.0,-1.4132579151852205,-1.046706687565668,1.2299823013754443
g0553,pyoperon,3,520;521;522,1.0,-1.0045404982763158,-0.6327323149310887,0.8186364066037022
g0553,udsr,3,520;521;522,1.0,-2.923417679626443,-1.75727965823792,2.3403486689321813
g0554,dso,3,520;521;522,1.0,-1.437243572411709,-1.4523321589608258,1.4447878656862674
g0554,imcts,3,520;521;522,1.0,-1.2620712230558186,-0.9139579570147713,1.088014590035295
g0554,pyoperon,3,520;521;522,1.0,-0.4409720087785347,-0.15183219864702666,0.2964021037127807
g0554,udsr,3,520;521;522,1.0,-6.5004916584243295,-5.948036161403517,6.224263909913923
g0555,dso,2,520;521,0.6666666666666666,-12.0,-12.0,11.333333333333334
g0555,imcts,3,520;521;522,1.0,-12.0,-12.0,12.0
g0555,pyoperon,3,520;521;522,1.0,-6.147525444093624,-6.147525444093627,6.147525444093626
g0555,udsr,3,520;521;522,1.0,-12.0,-12.0,12.0
g0556,dso,3,520;521;522,1.0,-12.0,-12.0,12.0
g0556,imcts,3,520;521;522,1.0,-9.218148565099943,-8.979226625909684,9.098687595504813
g0556,pyoperon,3,520;521;522,1.0,-1.1148743323427084,-0.25070936881513767,0.682791850578923
g0556,udsr,3,520;521;522,1.0,-10.05804796168818,-9.508045674541151,9.783046818114666
g0557,dso,3,520;521;522,1.0,-12.0,-12.0,12.0
g0557,imcts,3,520;521;522,1.0,-11.62258644416133,-11.527209788791117,11.574898116476223
g0557,pyoperon,3,520;521;522,1.0,-0.6553459167974456,-0.2989638426922729,0.47715487974485926
g0557,udsr,3,520;521;522,1.0,-12.0,-12.0,12.0
g0558,dso,3,520;521;522,1.0,-0.9831623369265096,0.16159787855762586,0.41078222918444185
g0558,imcts,3,520;521;522,1.0,-0.6851259926602786,0.6919216723121635,-0.003397839825942439
g0558,pyoperon,3,520;521;522,1.0,-0.3915861084871029,-0.14030310008682714,0.26594460428696504
g0558,udsr,3,520;521;522,1.0,-2.2925756786029705,2.9896737771594584,-0.3485490492782439
g0559,dso,3,520;521;522,1.0,-1.2814475775804886,-0.7796124169009516,1.03052999724072
g0559,imcts,3,520;521;522,1.0,-1.9394131249486708,-1.460362625387772,1.6998878751682214
g0559,pyoperon,3,520;521;522,1.0,-0.3966364013774668,-0.17701335752965167,0.2868248794535592
g0559,udsr,3,520;521;522,1.0,-3.680849925494377,-2.3859679102529796,3.033408917873678
g0560,dso,3,520;521;522,1.0,-12.0,-12.0,12.0
g0560,imcts,3,520;521;522,1.0,-12.0,-12.0,12.0
g0560,pyoperon,3,520;521;522,1.0,-0.7306449778423659,-0.35980006150192595,0.545222519672146
g0560,udsr,3,520;521;522,1.0,-12.0,-12.0,12.0
g0561,dso,3,520;521;522,1.0,-12.0,-12.0,12.0
g0561,imcts,3,520;521;522,1.0,-12.0,-12.0,12.0
g0561,pyoperon,3,520;521;522,1.0,-1.7768163126585723,-1.373105899348708,1.5749611060036401
g0561,udsr,3,520;521;522,1.0,-12.0,-12.0,12.0
g0562,dso,3,520;521;522,1.0,-8.696968884380924,-8.960180783076423,8.828574833728673
g0562,imcts,3,520;521;522,1.0,-8.578524707938678,-8.375096766085848,8.476810737012263
g0562,pyoperon,3,520;521;522,1.0,-0.641510114584455,-0.24730518391957537,0.44440764925201515
g0562,udsr,3,520;521;522,1.0,-7.2468699073702085,-6.364617818343956,6.805743862857082
g0563,dso,3,520;521;522,1.0,-0.9133609438147584,-0.5820438773290809,0.7477024105719197
g0563,imcts,3,520;521;522,1.0,-0.681427276593278,-0.9884159306791722,0.834921603636225
g0563,pyoperon,3,520;521;522,1.0,-0.42010449974097835,-0.14436250449301094,0.28223350211699466
g0563,udsr,3,520;521;522,1.0,-3.5891702384579536,-2.833507273167647,3.2113387558128004
g0564,dso,2,521;522,0.6666666666666666,-2.051920703417494,-1.4223516719041753,1.070469520994168
g0564,imcts,3,520;521;522,1.0,-2.322578005483793,-1.3063744003537658,1.8144762029187795
g0564,pyoperon,3,520;521;522,1.0,-1.582493559111211,-0.9578647311046012,1.270179145107906
g0564,udsr,3,520;521;522,1.0,-12.0,-12.0,12.0
g0565,dso,3,520;521;522,1.0,-4.833306869972836,-4.117135955325515,4.475221412649176
g0565,imcts,3,520;521;522,1.0,-4.385723845512608,-3.7581072386350165,4.071915542073812
g0565,pyoperon,3,520;521;522,1.0,-1.767550077293068,-1.7103810786888343,1.738965577990951
g0565,udsr,3,520;521;522,1.0,-7.585866689528949,-5.384146436204506,6.485006562866728
g0566,dso,3,520;521;522,1.0,-0.4971328981945169,-0.22101681276631013,0.3590748554804135
g0566,imcts,3,520;521;522,1.0,-0.4268457566184914,-0.3188342179818906,0.37283998730019097
g0566,pyoperon,3,520;521;522,1.0,-0.30234025678485194,-0.28267633444389667,0.2925082956143743
g0566,udsr,3,520;521;522,1.0,-0.609375109399125,0.0469629103785707,0.28120609951027714
g0567,dso,3,520;521;522,1.0,-1.8281188110610047,-0.763381284714398,1.2957500478877013
g0567,imcts,3,520;521;522,1.0,-2.255466647526168,-1.4055853768987465,1.8305260122124571
g0567,pyoperon,3,520;521;522,1.0,-1.701514733019174,-0.8150108602951165,1.2582627966571454
g0567,udsr,3,520;521;522,1.0,-5.246017727594137,-4.0080714107454245,4.627044569169781
g0568,dso,3,520;521;522,1.0,-2.9850257527929798,-2.7823178046449417,2.883671778718961
g0568,imcts,3,520;521;522,1.0,-9.924998309155553,-9.69211851089998,9.808558410027768
g0568,pyoperon,3,520;521;522,1.0,-3.6672918597165762,-3.235612472181607,3.4514521659490915
g0568,udsr,3,520;521;522,1.0,-11.889087200487003,-11.889087200461569,11.889087200474286
g0569,dso,3,520;521;522,1.0,-1.5475098435265953,-0.36800168581404574,0.9577557646703205
g0569,imcts,3,520;521;522,1.0,-1.738014024577753,-0.7852752514788789,1.261644638028316
g0569,pyoperon,3,520;521;522,1.0,-1.558556115740411,-0.37826160932502123,0.9684088625327162
g0569,udsr,3,520;521;522,1.0,-4.052934585939071,-2.8111923835134385,3.432063484726255
g0570,dso,3,520;521;522,1.0,-0.8972213816864891,-0.793391615495808,0.8453064985911485
g0570,imcts,3,520;521;522,1.0,-0.7674184859203921,-0.4600621226961659,0.613740304308279
g0570,pyoperon,3,520;521;522,1.0,-0.8589075261564648,-0.5854142417780404,0.7221608839672526
g0570,udsr,3,520;521;522,1.0,-12.0,-12.0,12.0
g0571,dso,3,520;521;522,1.0,-1.3836072562510944,-0.7528239312427961,1.0682155937469453
g0571,imcts,3,520;521;522,1.0,-1.4742506233388333,-0.8048096763261153,1.1395301498324744
g0571,pyoperon,3,520;521;522,1.0,-1.0486174238920836,-0.4793835070255151,0.7640004654587993
g0571,udsr,3,520;521;522,1.0,-5.716975088288794,-3.203459604743573,4.460217346516183
g0572,dso,3,520;521;522,1.0,-2.156180041554608,-1.5005513324836768,1.8283656870191425
g0572,imcts,3,520;521;522,1.0,-0.6405301507412006,-0.12994258906728048,0.38523636990424054
g0572,pyoperon,3,520;521;522,1.0,-0.26583800221063014,-0.037591063848540954,0.15171453302958554
g0572,udsr,3,520;521;522,1.0,-4.2974305201048795,-3.291942919276154,3.7946867196905165
g0573,dso,3,520;521;522,1.0,-3.2355025711657386,-2.487281063160519,2.8613918171631285
g0573,imcts,3,520;521;522,1.0,-1.8907607411405323,-1.4094139058230521,1.650087323481792
g0573,pyoperon,3,520;521;522,1.0,-2.9752437693937632,-2.2126506851685805,2.5939472272811717
g0573,udsr,3,520;521;522,1.0,-7.097182816629259,-5.1985874887656145,6.147885152697437
g0574,dso,3,520;521;522,1.0,-1.2295851397181643,-0.5612755789129538,0.895430359315559
g0574,imcts,3,520;521;522,1.0,-1.361983435807262,-0.789377839442427,1.0756806376248444
g0574,pyoperon,3,520;521;522,1.0,-1.026308157115827,-0.3948685712272919,0.7105883641715595
g0574,udsr,3,520;521;522,1.0,-3.833002733979997,-2.512394004240989,3.172698369110493
g0575,dso,3,520;521;522,1.0,-6.1250543595566755,-4.976448384959372,5.5507513722580235
g0575,imcts,3,520;521;522,1.0,-5.306434682132182,-4.29462455328368,4.800529617707931
g0575,pyoperon,3,520;521;522,1.0,-0.7588859332996939,-0.35500633927755465,0.5569461362886243
g0575,udsr,3,520;521;522,1.0,-5.611717910243674,-4.238268413646348,4.924993161945011
g0576,dso,3,520;521;522,1.0,-1.000410726452329,-0.32321746267465973,0.6618140945634944
g0576,imcts,3,520;521;522,1.0,-0.9851224081898137,-0.34259259063040415,0.663857499410109
g0576,pyoperon,3,520;521;522,1.0,-0.760864516178263,-0.16201772461169553,0.46144112039497925
g0576,udsr,3,520;521;522,1.0,-2.9212742245901304,-1.2874152526601619,2.104344738625146
g0577,dso,3,520;521;522,1.0,-0.3025774417160039,-0.2016445847483854,0.25211101323219465
g0577,imcts,3,520;521;522,1.0,1.7542055688724634,1.0561364057946239,-1.4051709873335436
g0577,pyoperon,3,520;521;522,1.0,-0.012524099953079062,0.0010884063715631504,0.005717846790757956
g0577,udsr,3,520;521;522,1.0,-1.488046931879478,-0.5867343479032189,1.0373906398913484
g0578,dso,3,520;521;522,1.0,-2.160424896219723,-1.0613820508924163,1.6109034735560694
g0578,imcts,3,520;521;522,1.0,-1.29917375462738,-0.6461429239959341,0.972658339311657
g0578,pyoperon,3,520;521;522,1.0,-1.6518450103654503,-0.8659760553744386,1.2589105328699444
g0578,udsr,3,520;521;522,1.0,-3.1089466423658347,-2.210492247704518,2.6597194450351767
g0579,dso,3,520;521;522,1.0,-1.5561131375102795,-1.0953274356657348,1.3257202865880071
g0579,imcts,3,520;521;522,1.0,-1.6920080265975976,-1.2426150187701113,1.4673115226838545
g0579,pyoperon,3,520;521;522,1.0,-1.1939572250047965,-0.8241341720376378,1.0090456985212173
g0579,udsr,3,520;521;522,1.0,-4.037620786332018,-2.659831218642912,3.3487260024874645
g0580,dso,3,520;521;522,1.0,-1.2617638029295104,-1.5301777882783976,1.395970795603954
g0580,imcts,3,520;521;522,1.0,-1.6896751033458814,-0.946060069807725,1.3178675865768033
g0580,pyoperon,3,520;521;522,1.0,-0.41640335317327065,-0.11461990805127913,0.2655116306122749
g0580,udsr,3,520;521;522,1.0,-3.332259318904066,-1.8708635446525086,2.601561431778287
g0581,dso,3,520;521;522,1.0,-0.9967547104742408,-0.36023052519890625,0.6784926178365736
g0581,imcts,3,520;521;522,1.0,-1.008045261697598,-0.3587877871646014,0.6834165244310997
g0581,pyoperon,3,520;521;522,1.0,-0.7110990973867838,-0.12991270510996888,0.42050590124837633
g0581,udsr,3,520;521;522,1.0,-2.752738782157174,-1.3472202731911915,2.049979527674183
g0582,dso,3,520;521;522,1.0,-1.0881978250121571,-0.3418806492771422,0.7150392371446497
g0582,imcts,3,520;521;522,1.0,-1.1254251332161684,-0.34494504996940395,0.7351850915927862
g0582,pyoperon,3,520;521;522,1.0,-0.35431505941888003,-0.05569079892052898,0.2050029291697045
g0582,udsr,3,520;521;522,1.0,-2.4469548741471563,-0.8409105442692897,1.643932709208223
g0583,dso,3,520;521;522,1.0,-0.5229602543428413,-0.2625138951701949,0.3927370747565181
g0583,imcts,3,520;521;522,1.0,-0.22821403419215272,-0.26583490750167355,0.24702447084691315
g0583,pyoperon,3,520;521;522,1.0,-0.2728343064446037,-0.34154305198506835,0.30718867921483606
g0583,udsr,3,520;521;522,1.0,-0.5685742399289241,-0.09917131196753055,0.33387277594822734
g0584,dso,3,520;521;522,1.0,-0.15854561030589906,-0.04438248569370296,0.10146404799980101
g0584,imcts,3,520;521;522,1.0,-0.517152441728908,3.223061181122805,-1.3529543696969486
g0584,pyoperon,3,520;521;522,1.0,-0.07962178907336936,-0.0021871174571432587,0.04090445326525631
g0584,udsr,3,520;521;522,1.0,-1.720680252787558,-1.136162091962698,1.4284211723751281
g0585,dso,3,520;521;522,1.0,-2.1454481863948427,-1.0306206047382347,1.5880343955665386
g0585,imcts,3,520;521;522,1.0,-2.277207874684731,-1.082743847751008,1.6799758612178697
g0585,pyoperon,3,520;521;522,1.0,-1.8405331139576522,-0.9723868583888802,1.406459986173266
g0585,udsr,3,520;521;522,1.0,-5.646971767329994,-3.671318613117187,4.65914519022359
g0586,dso,3,520;521;522,1.0,-2.4806229325651556,-1.5049385220344444,1.9927807272998002
g0586,imcts,3,520;521;522,1.0,-2.724147506478495,-1.480143385709513,2.102145446094004
g0586,pyoperon,3,520;521;522,1.0,-2.471094592239676,-1.4910824059153749,1.9810884990775253
g0586,udsr,3,520;521;522,1.0,-5.6565600867527515,-3.0162755828441945,4.336417834798473
g0587,dso,3,520;521;522,1.0,-1.771520055758094,-1.1742451666630438,1.4728826112105688
g0587,imcts,3,520;521;522,1.0,-2.1585104992983157,-1.2613063856799578,1.7099084424891369
g0587,pyoperon,3,520;521;522,1.0,-1.752985667724394,-1.1260387275283141,1.439512197626354
g0587,udsr,3,520;521;522,1.0,-6.26108582018367,-4.554733137837217,5.407909479010444
g0588,dso,3,520;521;522,1.0,-1.4902651010687276,0.005885201110803299,0.7421899499789621
g0588,imcts,3,520;521;522,1.0,-1.205608045372075,2.374399295793086,-0.5843956252105055
g0588,pyoperon,3,520;521;522,1.0,-1.1195849868989185,-0.20663538341182275,0.6631101851553707
g0588,udsr,3,520;521;522,1.0,-3.624177396554486,-1.058346722011042,2.341262059282764
g0589,dso,3,520;521;522,1.0,-3.2421594641329983,-2.114970876220251,2.6785651701766247
g0589,imcts,3,520;521;522,1.0,-3.393073068743076,-2.2385686767758286,2.8158208727594523
g0589,pyoperon,3,520;521;522,1.0,-2.641585206017268,-1.682083542492876,2.161834374255072
g0589,udsr,3,520;521;522,1.0,-6.550571662085638,-4.500568235363201,5.525569948724419
g0590,dso,3,520;521;522,1.0,-1.7609620039458875,-1.185844756627052,1.4734033802864697
g0590,imcts,3,520;521;522,1.0,-1.983179928575657,-1.0791242375007284,1.5311520830381928
g0590,pyoperon,3,520;521;522,1.0,-1.6827080309340607,-1.108617816388599,1.3956629236613298
g0590,udsr,3,520;521;522,1.0,-4.926736472715361,-3.7181441425697805,4.322440307642571
g0591,dso,2,520;522,0.6666666666666666,-0.3131212278806786,-0.2449450319757503,-0.3876335367384523
g0591,imcts,3,520;521;522,1.0,-0.16275185359292366,-0.0626701498455953,0.11271100171925948
g0591,pyoperon,3,520;521;522,1.0,-0.10317647336863105,-0.014682975597500958,0.058929724483066
g0591,udsr,3,520;521;522,1.0,-3.585757365958907,-2.459255677301478,3.0225065216301923
g0592,dso,3,520;521;522,1.0,-1.3836335068058172,-0.2619550214203837,0.8227942641131004
g0592,imcts,3,520;521;522,1.0,-6.481447227699427,-3.664824476152928,5.073135851926177
g0592,pyoperon,3,520;521;522,1.0,-1.7811502102920995,-0.10916445928594774,0.9451573347890236
g0592,udsr,3,520;521;522,1.0,-8.676714065521622,-1.567636676656937,5.12217537108928
g0593,dso,3,520;521;522,1.0,-1.8043748787082958,0.41867115079810263,0.6928518639550966
g0593,imcts,3,520;521;522,1.0,-11.675542302013818,-11.207550270973755,11.441546286493786
g0593,pyoperon,3,520;521;522,1.0,-4.770292226347613,-1.2032786508827815,2.9867854386151973
g0593,udsr,3,520;521;522,1.0,-10.136653629710768,-2.6243421700248555,6.3804978998678115
g0594,dso,3,520;521;522,1.0,-1.2733640838687579,-0.36502242056581496,0.8191932522172864
g0594,imcts,3,520;521;522,1.0,-11.945041635708245,-11.796293784581708,11.870667710144977
g0594,pyoperon,3,520;521;522,1.0,-1.3182432393811756,-0.6476758960791129,0.9829595677301443
g0594,udsr,3,520;521;522,1.0,-3.7599192930229237,1.5869833561753979,1.0864679684237628
g0595,dso,2,520;522,0.6666666666666666,-0.8863850565470233,-0.31878089930770287,-0.0640836887393037
g0595,imcts,3,520;521;522,1.0,-11.719605651811783,-11.676955205692169,11.698280428751975
g0595,pyoperon,3,520;521;522,1.0,-0.33662710217976466,-0.33711182557596814,0.3368694638778664
g0595,udsr,3,520;521;522,1.0,-3.2506629671139975,1.9932797707118686,0.6286915982010645
g0596,dso,3,520;521;522,1.0,-0.7984396107947808,0.27975555387380124,0.25934202846048976
g0596,imcts,3,520;521;522,1.0,-11.728062071268782,-11.560699085158374,11.644380578213578
g0596,pyoperon,3,520;521;522,1.0,-0.4635777807513448,0.1109277339159081,0.17632502341771836
g0596,udsr,3,520;521;522,1.0,-12.0,-12.0,12.0
g0597,dso,3,520;521;522,1.0,-9.33181980476064,-7.962550784151843,8.647185294456241
g0597,imcts,3,520;521;522,1.0,-12.0,-5.57262857748461,8.786314288742306
g0597,pyoperon,1,521,0.3333333333333333,-1.888777993471182,0.22507314495082922,-0.5014809090731571
g0597,udsr,3,520;521;522,1.0,-12.0,-8.839834768212816,10.419917384106409
g0598,dso,3,520;521;522,1.0,-0.7872911289790002,-0.9544784121632791,0.8708847705711397
g0598,imcts,3,520;521;522,1.0,-11.046799692443242,-11.555880424704123,11.301340058573683
g0598,pyoperon,3,520;521;522,1.0,-0.5921502711883275,0.08198625901197489,0.2550820060881763
g0598,udsr,3,520;521;522,1.0,-11.170194793915394,-11.689734761273229,11.42996477759431
g0599,dso,3,520;521;522,1.0,-0.5172293212570852,-2.028613425757244,1.2729213735071647
g0599,imcts,2,520;521,0.6666666666666666,-11.85156333913644,-12.0,11.259115002901554
g0599,pyoperon,3,520;521;522,1.0,-0.6520112780900449,-1.464570466480826,1.0582908722854354
g0599,udsr,3,520;521;522,1.0,-11.025578517980321,-11.66938063159222,11.34747957478627
g0600,dso,3,520;521;522,1.0,-1.0296908775560711,-1.0264685459056657,1.0280797117308684
g0600,imcts,3,520;521;522,1.0,-10.576853505083434,-11.416015833380953,10.996434669232194
g0600,pyoperon,3,520;521;522,1.0,-0.5834125769548317,-0.30850996974006,0.44596127334744584
g0600,udsr,2,521;522,0.6666666666666666,-12.0,-12.0,11.333333333333334
g0601,dso,3,520;521;522,1.0,-1.0289993463583913,-0.2998280691572664,0.6644137077578288
g0601,imcts,3,520;521;522,1.0,-11.371216661234554,-11.49180588485009,11.431511273042322
g0601,pyoperon,3,520;521;522,1.0,-1.2519790581265235,-0.45776259929512947,0.8548708287108265
g0601,udsr,3,520;521;522,1.0,-12.0,-12.0,12.0
g0602,dso,3,520;521;522,1.0,-12.0,-12.0,12.0
g0602,imcts,3,520;521;522,1.0,-12.0,-12.0,12.0
g0602,pyoperon,3,520;521;522,1.0,-0.492236005664583,0.18225261783894378,0.15499169391281958
g0602,udsr,3,520;521;522,1.0,-3.287776801759019,0.41407362015765603,1.4368515908006816
g0603,dso,3,520;521;522,1.0,-1.0313753123773683,-2.495154367259895,1.7632648398186315
g0603,imcts,3,520;521;522,1.0,-11.795737985664074,-11.861366844295473,11.828552414979773
g0603,pyoperon,3,520;521;522,1.0,-0.4527831437170242,-0.2327084155529615,0.34274577963499286
g0603,udsr,3,520;521;522,1.0,-1.6939326843571403,4.4403441409771025,-1.3732057283099812
g0604,dso,3,520;521;522,1.0,-1.4395222771520848,-0.8979711786746822,1.1687467279133834
g0604,imcts,3,520;521;522,1.0,-11.787962387395238,-12.0,11.89398119369762
g0604,pyoperon,3,520;521;522,1.0,-0.2522623536576644,-0.11498685694008753,0.18362460529887598
g0604,udsr,3,520;521;522,1.0,-11.62656397928447,-11.974870156421966,11.800717067853217
g0605,dso,3,520;521;522,1.0,-1.7097968285960359,-1.6029889536062376,1.6563928911011367
g0605,imcts,3,520;521;522,1.0,-12.0,-12.0,12.0
g0605,pyoperon,3,520;521;522,1.0,-4.53977777208905,-4.539777772089013,4.539777772089032
g0605,udsr,3,520;521;522,1.0,-10.500458759525179,-10.500458759514956,10.500458759520068
g0606,dso,3,520;521;522,1.0,-2.8913840209385335,0.384366490389011,1.2535087652747612
g0606,imcts,3,520;521;522,1.0,-3.5791909845499745,0.1679038072203595,1.7056435886648076
g0606,pyoperon,3,520;521;522,1.0,-4.036956101758238,0.1268899233349096,1.9550330892116643
g0606,udsr,3,520;521;522,1.0,-3.8419400576229834,4.051834800576283,-0.10494737147664979
g0607,dso,3,520;521;522,1.0,-1.0466058430144465,-1.268964203394077,1.1577850232042617
g0607,imcts,3,520;521;522,1.0,-0.9120926001061277,-0.7124647038717922,0.81227865198896
g0607,pyoperon,3,520;521;522,1.0,-2.7042746360574212,-2.0418105247338176,2.3730425803956194
g0607,udsr,2,521;522,0.6666666666666666,-1.766015959583711,-2.5337008943611705,1.4831917603057738
g0608,dso,3,520;521;522,1.0,-1.3260969362533812,-1.1029986126907627,1.2145477744720719
g0608,imcts,3,520;521;522,1.0,-0.6816308471237251,-0.8309453117146025,0.7562880794191638
g0608,pyoperon,3,520;521;522,1.0,-1.3507238353063278,-1.0698108536104842,1.210267344458406
g0608,udsr,3,520;521;522,1.0,-0.8181132868480221,-1.0146943579891088,0.9164038224185654
g0609,dso,3,520;521;522,1.0,-4.1688687358083145,-3.6382291990755546,3.9035489674419344
g0609,imcts,3,520;521;522,1.0,-3.655769404821168,-2.65808488770888,3.1569271462650237
g0609,pyoperon,3,520;521;522,1.0,-2.6513069644210194,-1.661915866478682,2.156611415449851
g0609,udsr,2,520;522,0.6666666666666666,-1.4384223873876572,0.702892532800491,-0.2989017393730837
g0610,dso,3,520;521;522,1.0,-1.5272918017204178,3.102550630616894,-0.7876294144482382
g0610,imcts,3,520;521;522,1.0,-2.027048203878632,0.2053347283040973,0.9108567377872673
g0610,pyoperon,3,520;521;522,1.0,-4.33543462415009,-3.1077274729873863,3.721581048568738
g0610,udsr,3,520;521;522,1.0,-0.2104296448758151,0.9241345384035542,-0.35685244676386957
g0611,dso,3,520;521;522,1.0,-3.6359767996713326,-3.233018026680074,3.4344974131757033
g0611,imcts,3,520;521;522,1.0,-3.3103190434065106,-3.246909545678649,3.27861429454258
g0611,pyoperon,3,520;521;522,1.0,-3.568234194862105,-3.7521587126362888,3.660196453749197
g0611,udsr,3,520;521;522,1.0,-3.5744338160256603,-2.789664530501049,3.182049173263355
g0612,dso,3,520;521;522,1.0,-2.6046886111442515,-2.0714108990716835,2.3380497551079675
g0612,imcts,3,520;521;522,1.0,-4.953495411250951,-5.175981465861274,5.0647384385561125
g0612,pyoperon,3,520;521;522,1.0,-0.8826847224571269,-1.6916351646230305,1.2871599435400787
g0612,udsr,3,520;521;522,1.0,-1.7097678036072297,-2.244880384572464,1.9773240940898469
g0613,dso,3,520;521;522,1.0,0.4932412597975375,0.7511211071768243,-0.6221811834871809
g0613,imcts,3,520;521;522,1.0,-3.3092580990643707,-3.102136310224575,3.2056972046444727
g0613,pyoperon,0,,0.0,,,-12.0
g0613,udsr,3,520;521;522,1.0,-0.7589974128285425,-0.3503721292701743,0.5546847710493584
g0614,dso,3,520;521;522,1.0,-3.361912916589878,-3.318082576103523,3.3399977463467003
g0614,imcts,3,520;521;522,1.0,-5.293673024602588,-5.7596569965023106,5.526665010552449
g0614,pyoperon,3,520;521;522,1.0,-3.814477053376608,-4.248915702829641,4.031696378103124
g0614,udsr,3,520;521;522,1.0,-6.019922963028051,-5.904604225670194,5.962263594349123
g0615,dso,3,520;521;522,1.0,-2.742481262556956,-1.509649902251524,2.12606558240424
g0615,imcts,2,520;521,0.6666666666666666,-4.069479502410081,-1.7170895471285317,2.2266178581026397
g0615,pyoperon,2,520;521,0.6666666666666666,-4.080271093861541,-2.0400533124634963,2.393495536495852
g0615,udsr,3,520;521;522,1.0,-4.518144063598139,-2.1655170324447113,3.341830548021425
g0616,dso,3,520;521;522,1.0,-0.8104855681727171,1.6797125597469353,-0.4346134957871091
g0616,imcts,3,520;521;522,1.0,-2.2246407847931455,0.3405858401241268,0.9420274723345093
g0616,pyoperon,3,520;521;522,1.0,-2.0076522987959566,0.9762553713874592,0.5156984637042488
g0616,udsr,3,520;521;522,1.0,-2.2435152443714412,-0.02078771499059192,1.1321514796810166
g0617,dso,3,520;521;522,1.0,-3.7780523752718893,-3.5012417099453894,3.6396470426086394
g0617,imcts,3,520;521;522,1.0,-3.214971636145433,-3.3732773422942643,3.2941244892198487
g0617,pyoperon,3,520;521;522,1.0,-3.4663531144629514,-3.4924268432238037,3.4793899788433773
g0617,udsr,3,520;521;522,1.0,-2.9323258344337204,-2.4885219493883333,2.710423891911027
g0618,dso,3,520;521;522,1.0,-0.6456457943637341,-0.3099272944533679,0.47778654440855106
g0618,imcts,3,520;521;522,1.0,-11.527478170363585,-11.034951826631167,11.281214998497376
g0618,pyoperon,3,520;521;522,1.0,-0.7240999749566684,0.36771033220192856,0.17819482137736994
g0618,udsr,3,520;521;522,1.0,-4.776595140578766,-4.041409262794047,4.409002201686406
g0619,dso,0,,0.0,,,-12.0
g0619,imcts,1,520,0.3333333333333333,-3.7487531133190055,-12.0,6.541043223326168
g0619,pyoperon,3,520;521;522,1.0,-1.7399105378426791,-1.7300706159256058,1.7349905768841425
g0619,udsr,0,,0.0,,,-12.0
g0620,dso,3,520;521;522,1.0,-1.17193772507397,-1.6736491213099214,1.4227934231919457
g0620,imcts,2,520;522,0.6666666666666666,-12.0,-12.0,11.333333333333334
g0620,pyoperon,3,520;521;522,1.0,-0.7789308628053854,-1.0836538717204813,0.9312923672629334
g0620,udsr,3,520;521;522,1.0,0.3714727941716085,0.46630688437071544,-0.41888983927116197
g0621,dso,1,520,0.3333333333333333,-2.210985916587554,-2.4929560265604596,1.0186376382406732
g0621,imcts,2,521;522,0.6666666666666666,-10.985907386157448,-11.251868623458549,10.452221338141333
g0621,pyoperon,3,520;521;522,1.0,-1.1831598872662585,-1.2067319292132288,1.1949459082397436
g0621,udsr,2,520;522,0.6666666666666666,-12.0,-12.0,11.333333333333334
g0622,dso,3,520;521;522,1.0,-12.0,-12.0,12.0
g0622,imcts,2,520;522,0.6666666666666666,-12.0,-12.0,11.333333333333334
g0622,pyoperon,3,520;521;522,1.0,0.10509197780464276,0.49208759178744677,-0.29858978479604475
g0622,udsr,3,520;521;522,1.0,-12.0,-12.0,12.0
g0623,dso,3,520;521;522,1.0,-1.6192618555918186,-1.04092171596202,1.3300917857769194
g0623,imcts,3,520;521;522,1.0,-8.582148679152196,-8.049508854572899,8.315828766862548
g0623,pyoperon,1,520,0.3333333333333333,-0.864291804316518,0.5657953220042649,-1.1840850921772068
g0623,udsr,1,521,0.3333333333333333,-12.0,-12.0,10.666666666666666
g0624,dso,3,520;521;522,1.0,-0.6283595617338291,-0.49619157438446604,0.5622755680591476
g0624,imcts,3,520;521;522,1.0,-5.508465203009453,-5.407955148504751,5.458210175757102
g0624,pyoperon,3,520;521;522,1.0,-0.8813378427021811,-0.8457684855713726,0.8635531641367769
g0624,udsr,3,520;521;522,1.0,-12.0,-12.0,12.0
g0625,dso,3,520;521;522,1.0,-0.24331143429454807,0.3441644175185101,-0.050426491611981025
g0625,imcts,3,520;521;522,1.0,-11.11802772619975,-10.696755032817295,10.907391379508523
g0625,pyoperon,3,520;521;522,1.0,-0.29596346356548986,-0.0053944314263665305,0.1506789474959282
g0625,udsr,3,520;521;522,1.0,-0.6366874582598059,-0.7405855500934052,0.6886365041766056
g0626,dso,3,520;521;522,1.0,-0.1997348313642182,-0.4241057327614288,0.3119202820628235
g0626,imcts,3,520;521;522,1.0,-11.119007563168097,-11.057859226451717,11.088433394809908
g0626,pyoperon,3,520;521;522,1.0,-0.20249911058832484,0.13847004649141226,0.03201453204845629
g0626,udsr,3,520;521;522,1.0,-0.7462498646853878,-0.516319533222929,0.6312846989541584
g0627,dso,3,520;521;522,1.0,-0.5308528839251018,-0.32725374594746814,0.42905331493628496
g0627,imcts,3,520;521;522,1.0,-2.184166156923481,-2.2298025872946288,2.206984372109055
g0627,pyoperon,3,520;521;522,1.0,-0.2916045612811824,-0.31193272772919683,0.3017686445051896
g0627,udsr,3,520;521;522,1.0,-0.6553498670348366,-0.795912002139259,0.7256309345870477
g0628,dso,3,520;521;522,1.0,0.0632839865315009,0.007054621727586211,-0.035169304129543555
g0628,imcts,3,520;521;522,1.0,0.6524273865375604,0.10875401008111989,-0.3805906983093401
g0628,pyoperon,3,520;521;522,1.0,-0.011949239398632377,-0.00679599263525257,0.009372616016942474
g0628,udsr,3,520;521;522,1.0,1.6684261099535374,-0.05160556026902447,-0.8084102748422565
g0629,dso,3,520;521;522,1.0,-7.275342800248967,-7.638027658733613,7.45668522949129
g0629,imcts,3,520;521;522,1.0,-12.0,-12.0,12.0
g0629,pyoperon,3,520;521;522,1.0,-5.060176953055598,-5.0252437846341795,5.042710368844888
g0629,udsr,3,520;521;522,1.0,-12.0,-12.0,12.0
g0630,dso,3,520;521;522,1.0,-12.0,-12.0,12.0
g0630,imcts,3,520;521;522,1.0,-12.0,-12.0,12.0
g0630,pyoperon,3,520;521;522,1.0,-6.961979172864503,-7.147598243210929,7.054788708037716
g0630,udsr,3,520;521;522,1.0,-12.0,-12.0,12.0
g0631,dso,2,520;521,0.6666666666666666,-1.892981776387256,-1.1731918269795938,0.8664201350167582
g0631,imcts,3,520;521;522,1.0,-12.0,-12.0,12.0
g0631,pyoperon,3,520;521;522,1.0,-6.855733616863669,-6.85576162377829,6.8557476203209795
g0631,udsr,3,520;521;522,1.0,-12.0,-12.0,12.0
g0632,dso,3,520;521;522,1.0,-6.8066670767849144,-5.87466293022479,6.340665003504853
g0632,imcts,3,520;521;522,1.0,-10.031577328748176,-9.488034977956174,9.759806153352175
g0632,pyoperon,3,520;521;522,1.0,-4.647163840503837,-4.484641026369924,4.5659024334368805
g0632,udsr,3,520;521;522,1.0,-12.0,-12.0,12.0
g0633,dso,3,520;521;522,1.0,-12.0,-12.0,12.0
g0633,imcts,3,520;521;522,1.0,-12.0,-12.0,12.0
g0633,pyoperon,3,520;521;522,1.0,-1.4027886935760716,-1.4720796071768103,1.437434150376441
g0633,udsr,3,520;521;522,1.0,-11.878919906023036,-11.878919906029887,11.87891990602646
g0634,dso,3,520;521;522,1.0,-12.0,-12.0,12.0
g0634,imcts,3,520;521;522,1.0,-12.0,-12.0,12.0
g0634,pyoperon,3,520;521;522,1.0,-2.635848285140531,-1.9471225854433485,2.2914854352919396
g0634,udsr,3,520;521;522,1.0,-12.0,-12.0,12.0
g0635,dso,3,520;521;522,1.0,-12.0,-12.0,12.0
g0635,imcts,3,520;521;522,1.0,-12.0,-12.0,12.0
g0635,pyoperon,3,520;521;522,1.0,-1.843147053492215,-1.5643313546529767,1.7037392040725958
g0635,udsr,3,520;521;522,1.0,-12.0,-12.0,12.0
g0636,dso,3,520;521;522,1.0,-1.6002124930421944,-1.049746309283855,1.3249794011630247
g0636,imcts,3,520;521;522,1.0,-11.9951534195315,-11.918187388840787,11.956670404186143
g0636,pyoperon,3,520;521;522,1.0,-2.0408281067087515,-1.2177160528080704,1.6292720797584108
g0636,udsr,3,520;521;522,1.0,-7.067195063996723,-4.413155131747449,5.740175097872086
g0637,dso,3,520;521;522,1.0,-12.0,-12.0,12.0
g0637,imcts,3,520;521;522,1.0,-12.0,-12.0,12.0
g0637,pyoperon,3,520;521;522,1.0,-3.8039071118157692,-1.9366212670990688,2.8702641894574192
g0637,udsr,3,520;521;522,1.0,-12.0,-12.0,12.0
g0638,dso,3,520;521;522,1.0,-12.0,-12.0,12.0
g0638,imcts,3,520;521;522,1.0,-12.0,-12.0,12.0
g0638,pyoperon,3,520;521;522,1.0,-2.7694513465953112,-1.8759897338053946,2.322720540200353
g0638,udsr,3,520;521;522,1.0,-12.0,-12.0,12.0
g0639,dso,3,520;521;522,1.0,-12.0,-12.0,12.0
g0639,imcts,3,520;521;522,1.0,-6.881373475827825,-6.2275097148546585,6.554441595341242
g0639,pyoperon,3,520;521;522,1.0,-2.734595261896061,-2.0219533580164146,2.378274309956238
g0639,udsr,3,520;521;522,1.0,-9.475853065817523,-9.259795789472202,9.367824427644862
g0640,dso,3,520;521;522,1.0,-12.0,-12.0,12.0
g0640,imcts,3,520;521;522,1.0,-11.95763506640573,-11.73894652795199,11.84829079717886
g0640,pyoperon,3,520;521;522,1.0,-4.358081374877393,-1.9536216359932694,3.1558515054353315
g0640,udsr,3,520;521;522,1.0,-8.369680567237388,-6.200171398819353,7.284925983028371
g0641,dso,3,520;521;522,1.0,-12.0,-12.0,12.0
g0641,imcts,3,520;521;522,1.0,-11.131192898445619,-11.347213322018575,11.239203110232097
g0641,pyoperon,3,520;521;522,1.0,-3.1346239293193072,-0.9541876040708961,2.0444057666951014
g0641,udsr,3,520;521;522,1.0,-7.3108276133031795,-4.8424750139889134,6.076651313646046
g0642,dso,3,520;521;522,1.0,-9.424286156074901,-9.287850219662493,9.356068187868697
g0642,imcts,3,520;521;522,1.0,-12.0,-12.0,12.0
g0642,pyoperon,3,520;521;522,1.0,-3.1386209198469444,-2.6648661426568356,2.90174353125189
g0642,udsr,3,520;521;522,1.0,-12.0,-12.0,12.0
g0643,dso,3,520;521;522,1.0,-12.0,-12.0,12.0
g0643,imcts,3,520;521;522,1.0,-12.0,-12.0,12.0
g0643,pyoperon,3,520;521;522,1.0,-6.870212568128083,-6.863768756447203,6.866990662287643
g0643,udsr,3,520;521;522,1.0,-12.0,-12.0,12.0
g0644,dso,3,520;521;522,1.0,-12.0,-12.0,12.0
g0644,imcts,3,520;521;522,1.0,-12.0,-12.0,12.0
g0644,pyoperon,3,520;521;522,1.0,-0.2042743351402875,-2.1357198235679657,1.1699970793541266
g0644,udsr,3,520;521;522,1.0,-6.649749461957074,-6.868186787426564,6.758968124691819
g0645,dso,3,520;521;522,1.0,-3.8190488401167335,-3.8072108588950684,3.813129849505901
g0645,imcts,3,520;521;522,1.0,-12.0,-12.0,12.0
g0645,pyoperon,3,520;521;522,1.0,-6.3616385954375,-6.362306446211143,6.361972520824322
g0645,udsr,3,520;521;522,1.0,-12.0,-12.0,12.0
g0646,dso,3,520;521;522,1.0,1.5176177414558005,2.8783278032059542e-05,-0.7588232623669163
g0646,imcts,3,520;521;522,1.0,0.019993754494922855,3.6138577226616983e-06,-0.00999868417632276
g0646,pyoperon,2,520;522,0.6666666666666666,0.12598961127071903,-2.1095371823062476e-05,-0.7296509246161147
g0646,udsr,3,520;521;522,1.0,1.0203731127806226,4.000122713613154,-2.510247913196888
g0647,dso,2,520;522,0.6666666666666666,-0.19907752117245292,-0.12413801574537003,-0.5050588982077553
g0647,imcts,3,520;521;522,1.0,-0.1863746015587345,-0.03675134277152327,0.11156297216512889
g0647,pyoperon,3,520;521;522,1.0,-0.29160913726138044,-0.21323293087544945,0.25242103406841493
g0647,udsr,3,520;521;522,1.0,0.17161096418822655,0.8297005556690326,-0.5006557599286295
g0648,dso,3,520;521;522,1.0,-0.5760405691682965,-0.5492079566916898,0.5626242629299931
g0648,imcts,3,520;521;522,1.0,-0.5121098896815718,-0.520908120854668,0.5165090052681198
g0648,pyoperon,3,520;521;522,1.0,-0.3595568113525553,-0.5160526801647246,0.4378047457586399
g0648,udsr,3,520;521;522,1.0,0.09412208876643581,0.5063218192338585,-0.3002219540001472
g0649,dso,3,520;521;522,1.0,-1.837169843660851,-1.6978767404348734,1.767523292047862
g0649,imcts,3,520;521;522,1.0,-12.0,-12.0,12.0
g0649,pyoperon,3,520;521;522,1.0,1.035527970185439,1.060577633633073,-1.048052801909256
g0649,udsr,3,520;521;522,1.0,-12.0,-12.0,12.0
g0650,dso,3,520;521;522,1.0,3.1831197079152083,1.4275412379422703,-2.3053304729287394
g0650,imcts,3,520;521;522,1.0,-6.412017097943349,-6.324891644636087,6.368454371289718
g0650,pyoperon,3,520;521;522,1.0,4.339902016696727,2.351253537258026,-3.3455777769773762
g0650,udsr,3,520;521;522,1.0,-11.418855672541158,-11.586099767440373,11.502477719990765
g0651,dso,1,521,0.3333333333333333,-1.6745071592877507,-2.025133081263565,0.5164867869423244
g0651,imcts,3,520;521;522,1.0,-12.0,-12.0,12.0
g0651,pyoperon,3,520;521;522,1.0,-2.7392116848599994,-2.4872437131794016,2.6132276990197005
g0651,udsr,3,520;521;522,1.0,-12.0,-12.0,12.0
g0652,dso,1,520,0.3333333333333333,-0.9892234176721285,-1.3619862351824994,-0.15772850690601947
g0652,imcts,3,520;521;522,1.0,-11.023517447742982,-10.137072521889653,10.580294984816318
g0652,pyoperon,3,520;521;522,1.0,-2.2883668389734004,-2.268130264666022,2.2782485518197113
g0652,udsr,3,520;521;522,1.0,-3.5299210741915545,-3.449715380458944,3.4898182273252494
g0653,dso,3,520;521;522,1.0,-2.003213681651635,-1.8850193521788556,1.9441165169152452
g0653,imcts,3,520;521;522,1.0,-4.15306820572447,-3.0698412315012127,3.6114547186128414
g0653,pyoperon,3,520;521;522,1.0,-3.255256705047481,-3.063019460572803,3.1591380828101423
g0653,udsr,1,520,0.3333333333333333,-3.526599517531267,-2.8572367264795497,1.8585847886720752
g0654,dso,3,520;521;522,1.0,4.105594072193826,4.000598094760281,-4.053096083477053
g0654,imcts,3,520;521;522,1.0,-11.807309327138318,-11.149999387236875,11.478654357187597
g0654,pyoperon,2,520;521,0.6666666666666666,-0.17820695754330004,-0.22169750254192788,-0.46671443662405276
g0654,udsr,3,520;521;522,1.0,-2.1357710211227103,-0.8703494510669806,1.5030602360948455
g0655,dso,3,520;521;522,1.0,-0.7367408376534321,-0.29920834918975614,0.5179745934215941
g0655,imcts,3,520;521;522,1.0,3.485035220161001,4.414437300758704,-3.9497362604598525
g0655,pyoperon,3,520;521;522,1.0,-0.8582331284861425,-0.7477278726966065,0.8029805005913745
g0655,udsr,3,520;521;522,1.0,-0.4882406281711775,-0.3997340004565571,0.4439873143138673
g0656,dso,3,520;521;522,1.0,0.02298817751871575,2.5903614928395905e-05,-0.011507040566822073
g0656,imcts,3,520;521;522,1.0,0.3435900263077953,0.009340933428242838,-0.17646547986801905
g0656,pyoperon,3,520;521;522,1.0,0.0028353471562151916,-5.312534462260262e-07,-0.0014174079513844828
g0656,udsr,3,520;521;522,1.0,-0.029006690989444046,0.0019805099797587616,0.013513090504842642
g0657,dso,3,520;521;522,1.0,-0.44168623595273226,0.6283977986985253,-0.09335578137289652
g0657,imcts,3,520;521;522,1.0,-3.662836945462395,1.1381981659867872,1.262319389737804
g0657,pyoperon,3,520;521;522,1.0,-0.8027088299096229,1.178118761199661,-0.1877049656450191
g0657,udsr,3,520;521;522,1.0,-4.188854905291784,7.535460663115987,-1.6733028789121014
g0658,dso,3,520;521;522,1.0,-0.6823075298702866,-0.427711061688969,0.5550092957796278
g0658,imcts,3,520;521;522,1.0,-2.9714530237997745,2.4530816929780257,0.2591856654108744
g0658,pyoperon,3,520;521;522,1.0,-0.4390206995514738,-0.2782444030201459,0.35863255128580984
g0658,udsr,3,520;521;522,1.0,-1.3940815137387006,-1.1452426306472792,1.2696620721929899
g0659,dso,1,521,0.3333333333333333,-0.11471661013139982,-0.10203675946713828,-1.2249566485340644
g0659,imcts,3,520;521;522,1.0,-1.649162215498525,-1.6753129544909626,1.662237584994744
g0659,pyoperon,1,522,0.3333333333333333,-0.02670270040657657,-0.016418648884921533,-1.3117726586875844
g0659,udsr,3,520;521;522,1.0,-0.34824348545998546,-0.5017582787336883,0.42500088209683684
g0660,dso,3,520;521;522,1.0,-0.8855366030987963,-0.858017434212333,0.8717770186555647
g0660,imcts,3,520;521;522,1.0,-2.050789078498713,-1.8008593541447357,1.9258242163217243
g0660,pyoperon,3,520;521;522,1.0,-0.9687202041340486,-0.9267235217853728,0.9477218629597106
g0660,udsr,3,520;521;522,1.0,-11.536999709007274,-11.588280147098848,11.562639928053061
g0661,dso,1,522,0.3333333333333333,-0.21881821920549052,-0.09429300677789658,-1.1767777203416399
g0661,imcts,3,520;521;522,1.0,-9.222947220224748,-9.229786246270237,9.226366733247492
g0661,pyoperon,2,520;521,0.6666666666666666,-0.45351497814772357,-0.24330558202937502,-0.31825638657811745
g0661,udsr,3,520;521;522,1.0,-5.985981234206826,-5.286809157513971,5.636395195860398
g0662,dso,3,520;521;522,1.0,-4.68605528907152,-4.754591307632025,4.720323298351772
g0662,imcts,3,520;521;522,1.0,-12.0,-12.0,12.0
g0662,pyoperon,2,521;522,0.6666666666666666,-0.09118502003349435,0.07096371688900935,-0.6565560150944243
g0662,udsr,3,520;521;522,1.0,-11.612318836987155,-11.612318836991706,11.61231883698943
g0663,dso,3,520;521;522,1.0,-0.31636284188900593,-0.2476194231145624,0.28199113250178415
g0663,imcts,3,520;521;522,1.0,-5.171653220768987,-5.497432708662539,5.334542964715763
g0663,pyoperon,2,520;522,0.6666666666666666,-0.0764410833800854,-0.10052007802653702,-0.5781860859633555
g0663,udsr,3,520;521;522,1.0,-2.4102398560881397,-1.9619881343467591,2.1861139952174495
g0664,dso,3,520;521;522,1.0,0.13465383023676747,0.8575930858034823,-0.49612345802012486
g0664,imcts,3,520;521;522,1.0,-0.9224155941395935,3.263793571547898,-1.1706889887041523
g0664,pyoperon,3,520;521;522,1.0,0.541015621322686,-0.4123677039367115,-0.06432395869298724
g0664,udsr,3,520;521;522,1.0,-0.8789898766394741,-0.9449399985355017,0.9119649375874879
