relative_path	size_bytes
MANIFEST.tsv	1339
README.md	3631
REMOTE_RESTORE_AUDIT.md	5046
REMOTE_RESTORE_SUMMARY.json	4790
REMOTE_RESULT_PATHS.tsv	5070610
REMOTE_RESULT_PATHS_MISSING.tsv	71148
STAGE2_SOURCE_PATH_GAPS.tsv	230839
stage1_664dats_2probes_1seed_1h/01_probe_run_results/README_original.md	3558
stage1_664dats_2probes_1seed_1h/01_probe_run_results/one_seed_probe_dataset_compare_664.csv	1106527
stage1_664dats_2probes_1seed_1h/01_probe_run_results/one_seed_probe_formulas_1328.csv	602824
stage1_664dats_2probes_1seed_1h/01_probe_run_results/one_seed_probe_summary.md	384
stage1_664dats_2probes_1seed_1h/01_probe_run_results/one_seed_probe_task_results_1328.csv	1446118
stage1_664dats_2probes_1seed_1h/02_candidate200_selection/01_stage_664_to_200.md	2851
stage1_664dats_2probes_1seed_1h/02_candidate200_selection/03_metrics_catalog.md	2639
stage1_664dats_2probes_1seed_1h/02_candidate200_selection/README_original_dossier.md	1536
stage1_664dats_2probes_1seed_1h/02_candidate200_selection/pipeline_stage_overview.csv	208
stage1_664dats_2probes_1seed_1h/02_candidate200_selection/stage1_candidate200_flat_200.csv	72641
stage1_664dats_2probes_1seed_1h/02_candidate200_selection/stage1_probe_family_wins.csv	195
stage1_664dats_2probes_1seed_1h/03_launch_materials/dataset_runnable_summary.md	141
stage1_664dats_2probes_1seed_1h/03_launch_materials/datasets_invalid.csv	154
stage1_664dats_2probes_1seed_1h/03_launch_materials/datasets_runnable.csv	373369
stage1_664dats_2probes_1seed_1h/03_launch_materials/datasets_to_run_664.csv	282785
stage1_664dats_2probes_1seed_1h/03_launch_materials/launch_llmsr_probe.py	9678
stage1_664dats_2probes_1seed_1h/03_launch_materials/launch_pysr_probe.py	9875
stage1_664dats_2probes_1seed_1h/03_launch_materials/make_probe_slices.py	3427
stage1_664dats_2probes_1seed_1h/03_launch_materials/probe_parameter_plan.md	11104
stage1_664dats_2probes_1seed_1h/03_launch_materials/screen_runnable_datasets.py	5184
stage1_664dats_2probes_1seed_1h/03_launch_materials/slices/llmsr/iaaccn26.csv	72859
stage1_664dats_2probes_1seed_1h/03_launch_materials/slices/llmsr/iaaccn27.csv	72981
stage1_664dats_2probes_1seed_1h/03_launch_materials/slices/llmsr/iaaccn28.csv	82270
stage1_664dats_2probes_1seed_1h/03_launch_materials/slices/llmsr/iaaccn29.csv	69907
stage1_664dats_2probes_1seed_1h/03_launch_materials/slices/pysr/iaaccn22.csv	72693
stage1_664dats_2probes_1seed_1h/03_launch_materials/slices/pysr/iaaccn23.csv	72815
stage1_664dats_2probes_1seed_1h/03_launch_materials/slices/pysr/iaaccn24.csv	82104
stage1_664dats_2probes_1seed_1h/03_launch_materials/slices/pysr/iaaccn25.csv	69741
stage1_664dats_2probes_1seed_1h/04_iteration_analysis/stage1_llmsr_iteration_rows.csv	213742
stage1_664dats_2probes_1seed_1h/04_iteration_analysis/stage1_llmsr_iteration_summary.json	1142
stage1_664dats_2probes_1seed_1h/99_audit/checksums.sha256	3750
stage1_664dats_2probes_1seed_1h/99_audit/file_inventory.tsv	2446
stage1_664dats_2probes_1seed_1h/99_audit/source_map.tsv	2523
stage1_664dats_2probes_1seed_1h/README.md	1549
stage2_200dats_12algs_1seed_1h/01_v02_selection_digest/README_original.md	4964
stage2_200dats_12algs_1seed_1h/01_v02_selection_digest/build_report.json	364
stage2_200dats_12algs_1seed_1h/01_v02_selection_digest/probe4_algorithm_level_summary_12alg.csv	4990
stage2_200dats_12algs_1seed_1h/01_v02_selection_digest/probe4_dataset_level_summary_200datasets.csv	19188
stage2_200dats_12algs_1seed_1h/01_v02_selection_digest/probe4_metric_dictionary_human.md	4372
stage2_200dats_12algs_1seed_1h/01_v02_selection_digest/probe4_run_level_big_table_2400.csv	1677405
stage2_200dats_12algs_1seed_1h/01_v02_selection_digest/probe4_selection_process_human.md	4121
stage2_200dats_12algs_1seed_1h/02_candidate200_inputs/candidate200_unified_with_paths.csv	139709
stage2_200dats_12algs_1seed_1h/02_candidate200_inputs/pipeline_stage_overview.csv	208
stage2_200dats_12algs_1seed_1h/02_candidate200_inputs/stage1_candidate200_flat.csv	72641
stage2_200dats_12algs_1seed_1h/02_candidate200_inputs/stage1_probe_family_wins.csv	195
stage2_200dats_12algs_1seed_1h/02_candidate200_inputs/stage2_formal_family_wins.csv	164
stage2_200dats_12algs_1seed_1h/02_candidate200_inputs/stage2_master100_selection_basis.csv	52867
stage2_200dats_12algs_1seed_1h/03_e1_12alg_calibration/README_original.md	535
stage2_200dats_12algs_1seed_1h/03_e1_12alg_calibration/e1_12_dataset_algorithm_nmse_table_2400.csv	583558
stage2_200dats_12algs_1seed_1h/03_e1_12alg_calibration/e1_12_method_nmse_summary.csv	478
stage2_200dats_12algs_1seed_1h/03_e1_12alg_calibration/probe4_algorithm_scores_nmse_only.csv	4422
stage2_200dats_12algs_1seed_1h/03_e1_12alg_calibration/probe4_combo_scores_nmse_only.csv	42591
stage2_200dats_12algs_1seed_1h/03_e1_12alg_calibration/probe4_family_coverage_nmse_only.csv	5401
stage2_200dats_12algs_1seed_1h/03_e1_12alg_calibration/probe4_pairwise_complementarity_nmse_only.csv	2625
stage2_200dats_12algs_1seed_1h/03_e1_12alg_calibration/probe4_selection_methodology.md	18820
stage2_200dats_12algs_1seed_1h/03_e1_12alg_calibration/probe4_selection_report.md	2865
stage2_200dats_12algs_1seed_1h/03_e1_12alg_calibration/probe4_selection_v02_complete_plan.md	29654
stage2_200dats_12algs_1seed_1h/04_semantic_llm_override/README_original.md	1684
stage2_200dats_12algs_1seed_1h/04_semantic_llm_override/semantic_results_raw_400.csv	415519
stage2_200dats_12algs_1seed_1h/04_semantic_llm_override/semantic_vs_nonsemantic_family_summary.csv	5580
stage2_200dats_12algs_1seed_1h/04_semantic_llm_override/semantic_vs_nonsemantic_method_summary.csv	1445
stage2_200dats_12algs_1seed_1h/04_semantic_llm_override/semantic_vs_nonsemantic_run_table.csv	571785
stage2_200dats_12algs_1seed_1h/04_semantic_llm_override/semantic_vs_nonsemantic_top_changes.csv	10253
stage2_200dats_12algs_1seed_1h/05_downstream_freeze_probe4_full664/README.md	385
stage2_200dats_12algs_1seed_1h/06_merged_tables/README.md	1597
stage2_200dats_12algs_1seed_1h/06_merged_tables/candidate200_e1_nmse_by_dataset_wide_12alg.csv	527083
stage2_200dats_12algs_1seed_1h/06_merged_tables/candidate200_v02_by_dataset_wide_12alg.csv	1028678
stage2_200dats_12algs_1seed_1h/07_stage2_run_provenance/README.md	2609
stage2_200dats_12algs_1seed_1h/07_stage2_run_provenance/docs/README_original_stage2.md	833
stage2_200dats_12algs_1seed_1h/07_stage2_run_provenance/docs/e1_repair_summary_20260426.md	2736
stage2_200dats_12algs_1seed_1h/07_stage2_run_provenance/docs/e1_run_summary_20260424-041046.md	4631
stage2_200dats_12algs_1seed_1h/07_stage2_run_provenance/docs/semantic200_llm_physics_execution_plan.md	5144
stage2_200dats_12algs_1seed_1h/07_stage2_run_provenance/generated/launch/run_w1.sh	3546
stage2_200dats_12algs_1seed_1h/07_stage2_run_provenance/generated/launch/run_w2.sh	3546
stage2_200dats_12algs_1seed_1h/07_stage2_run_provenance/generated/launch/run_w3.sh	2490
stage2_200dats_12algs_1seed_1h/07_stage2_run_provenance/generated/launch/run_w4.sh	3206
stage2_200dats_12algs_1seed_1h/07_stage2_run_provenance/generated/launch/run_w5.sh	2490
stage2_200dats_12algs_1seed_1h/07_stage2_run_provenance/generated/params/drsr.json	405
stage2_200dats_12algs_1seed_1h/07_stage2_run_provenance/generated/params/dso.json	1126
stage2_200dats_12algs_1seed_1h/07_stage2_run_provenance/generated/params/e2esr.json	252
stage2_200dats_12algs_1seed_1h/07_stage2_run_provenance/generated/params/gplearn.json	652
stage2_200dats_12algs_1seed_1h/07_stage2_run_provenance/generated/params/imcts.json	454
stage2_200dats_12algs_1seed_1h/07_stage2_run_provenance/generated/params/llmsr.json	405
stage2_200dats_12algs_1seed_1h/07_stage2_run_provenance/generated/params/pyoperon.json	446
stage2_200dats_12algs_1seed_1h/07_stage2_run_provenance/generated/params/pysr.json	1207
stage2_200dats_12algs_1seed_1h/07_stage2_run_provenance/generated/params/qlattice.json	173
stage2_200dats_12algs_1seed_1h/07_stage2_run_provenance/generated/params/ragsr.json	1860
stage2_200dats_12algs_1seed_1h/07_stage2_run_provenance/generated/params/tpsr.json	546
stage2_200dats_12algs_1seed_1h/07_stage2_run_provenance/generated/params/udsr.json	2178
stage2_200dats_12algs_1seed_1h/07_stage2_run_provenance/generated/remaining5_full200_v1/README.md	546
stage2_200dats_12algs_1seed_1h/07_stage2_run_provenance/generated/remaining5_full200_v1/launch/run_remaining5_full200.sh	3170
stage2_200dats_12algs_1seed_1h/07_stage2_run_provenance/generated/remaining5_full200_v1/remaining5_manifest.csv	677
stage2_200dats_12algs_1seed_1h/07_stage2_run_provenance/generated/remaining5_full200_v1/remote_jobs/bootstrap_env_and_run.sh	1069
stage2_200dats_12algs_1seed_1h/07_stage2_run_provenance/generated/remaining5_full200_v1/remote_jobs/e2esr_iaaccn24.sh	807
stage2_200dats_12algs_1seed_1h/07_stage2_run_provenance/generated/remaining5_full200_v1/remote_jobs/imcts_iaaccn25.sh	807
stage2_200dats_12algs_1seed_1h/07_stage2_run_provenance/generated/remaining5_full200_v1/remote_jobs/qlattice_iaaccn26.sh	822
stage2_200dats_12algs_1seed_1h/07_stage2_run_provenance/generated/remaining5_full200_v1/remote_jobs/ragsr_iaaccn27.sh	948
stage2_200dats_12algs_1seed_1h/07_stage2_run_provenance/generated/remaining5_full200_v1/remote_jobs/udsr_iaaccn28.sh	801
stage2_200dats_12algs_1seed_1h/07_stage2_run_provenance/generated/remaining5_full200_v1/slices/e2esr/iaaccn24.csv	139709
stage2_200dats_12algs_1seed_1h/07_stage2_run_provenance/generated/remaining5_full200_v1/slices/imcts/iaaccn25.csv	139709
stage2_200dats_12algs_1seed_1h/07_stage2_run_provenance/generated/remaining5_full200_v1/slices/qlattice/iaaccn26.csv	139709
stage2_200dats_12algs_1seed_1h/07_stage2_run_provenance/generated/remaining5_full200_v1/slices/ragsr/iaaccn27.csv	139709
stage2_200dats_12algs_1seed_1h/07_stage2_run_provenance/generated/remaining5_full200_v1/slices/udsr/iaaccn28.csv	139709
stage2_200dats_12algs_1seed_1h/07_stage2_run_provenance/generated/remote_jobs/W1/gplearn_iaaccn22.sh	788
stage2_200dats_12algs_1seed_1h/07_stage2_run_provenance/generated/remote_jobs/W1/gplearn_iaaccn23.sh	788
stage2_200dats_12algs_1seed_1h/07_stage2_run_provenance/generated/remote_jobs/W1/gplearn_iaaccn24.sh	788
stage2_200dats_12algs_1seed_1h/07_stage2_run_provenance/generated/remote_jobs/W1/gplearn_iaaccn25.sh	788
stage2_200dats_12algs_1seed_1h/07_stage2_run_provenance/generated/remote_jobs/W1/llmsr_iaaccn26.sh	781
stage2_200dats_12algs_1seed_1h/07_stage2_run_provenance/generated/remote_jobs/W1/llmsr_iaaccn27.sh	781
stage2_200dats_12algs_1seed_1h/07_stage2_run_provenance/generated/remote_jobs/W1/llmsr_iaaccn28.sh	781
stage2_200dats_12algs_1seed_1h/07_stage2_run_provenance/generated/remote_jobs/W1/llmsr_iaaccn29.sh	781
stage2_200dats_12algs_1seed_1h/07_stage2_run_provenance/generated/remote_jobs/W2/drsr_iaaccn26.sh	778
stage2_200dats_12algs_1seed_1h/07_stage2_run_provenance/generated/remote_jobs/W2/drsr_iaaccn27.sh	778
stage2_200dats_12algs_1seed_1h/07_stage2_run_provenance/generated/remote_jobs/W2/drsr_iaaccn28.sh	778
stage2_200dats_12algs_1seed_1h/07_stage2_run_provenance/generated/remote_jobs/W2/drsr_iaaccn29.sh	778
stage2_200dats_12algs_1seed_1h/07_stage2_run_provenance/generated/remote_jobs/W2/pyoperon_iaaccn22.sh	791
stage2_200dats_12algs_1seed_1h/07_stage2_run_provenance/generated/remote_jobs/W2/pyoperon_iaaccn23.sh	791
stage2_200dats_12algs_1seed_1h/07_stage2_run_provenance/generated/remote_jobs/W2/pyoperon_iaaccn24.sh	791
stage2_200dats_12algs_1seed_1h/07_stage2_run_provenance/generated/remote_jobs/W2/pyoperon_iaaccn25.sh	791
stage2_200dats_12algs_1seed_1h/07_stage2_run_provenance/generated/remote_jobs/W3/pysr_iaaccn22.sh	779
stage2_200dats_12algs_1seed_1h/07_stage2_run_provenance/generated/remote_jobs/W3/pysr_iaaccn23.sh	779
stage2_200dats_12algs_1seed_1h/07_stage2_run_provenance/generated/remote_jobs/W3/pysr_iaaccn24.sh	779
stage2_200dats_12algs_1seed_1h/07_stage2_run_provenance/generated/remote_jobs/W3/pysr_iaaccn25.sh	779
stage2_200dats_12algs_1seed_1h/07_stage2_run_provenance/generated/remote_jobs/W4/dso_iaaccn22.sh	775
stage2_200dats_12algs_1seed_1h/07_stage2_run_provenance/generated/remote_jobs/W4/dso_iaaccn23.sh	775
stage2_200dats_12algs_1seed_1h/07_stage2_run_provenance/generated/remote_jobs/W4/dso_iaaccn24.sh	775
stage2_200dats_12algs_1seed_1h/07_stage2_run_provenance/generated/remote_jobs/W4/dso_iaaccn25.sh	775
stage2_200dats_12algs_1seed_1h/07_stage2_run_provenance/generated/remote_jobs/W4/dso_iaaccn26.sh	775
stage2_200dats_12algs_1seed_1h/07_stage2_run_provenance/generated/remote_jobs/W4/dso_iaaccn27.sh	775
stage2_200dats_12algs_1seed_1h/07_stage2_run_provenance/generated/remote_jobs/W4/dso_iaaccn28.sh	775
stage2_200dats_12algs_1seed_1h/07_stage2_run_provenance/generated/remote_jobs/W5/tpsr_iaaccn22.sh	779
stage2_200dats_12algs_1seed_1h/07_stage2_run_provenance/generated/remote_jobs/W5/tpsr_iaaccn23.sh	779
stage2_200dats_12algs_1seed_1h/07_stage2_run_provenance/generated/remote_jobs/W5/tpsr_iaaccn24.sh	779
stage2_200dats_12algs_1seed_1h/07_stage2_run_provenance/generated/remote_jobs/W5/tpsr_iaaccn25.sh	779
stage2_200dats_12algs_1seed_1h/07_stage2_run_provenance/generated/slices/W1/gplearn/iaaccn22.csv	39792
stage2_200dats_12algs_1seed_1h/07_stage2_run_provenance/generated/slices/W1/gplearn/iaaccn23.csv	36649
stage2_200dats_12algs_1seed_1h/07_stage2_run_provenance/generated/slices/W1/gplearn/iaaccn24.csv	33074
stage2_200dats_12algs_1seed_1h/07_stage2_run_provenance/generated/slices/W1/gplearn/iaaccn25.csv	35451
stage2_200dats_12algs_1seed_1h/07_stage2_run_provenance/generated/slices/W1/llmsr/iaaccn26.csv	39692
stage2_200dats_12algs_1seed_1h/07_stage2_run_provenance/generated/slices/W1/llmsr/iaaccn27.csv	36549
stage2_200dats_12algs_1seed_1h/07_stage2_run_provenance/generated/slices/W1/llmsr/iaaccn28.csv	32974
stage2_200dats_12algs_1seed_1h/07_stage2_run_provenance/generated/slices/W1/llmsr/iaaccn29.csv	35351
stage2_200dats_12algs_1seed_1h/07_stage2_run_provenance/generated/slices/W2/drsr/iaaccn26.csv	39642
stage2_200dats_12algs_1seed_1h/07_stage2_run_provenance/generated/slices/W2/drsr/iaaccn27.csv	36499
stage2_200dats_12algs_1seed_1h/07_stage2_run_provenance/generated/slices/W2/drsr/iaaccn28.csv	32924
stage2_200dats_12algs_1seed_1h/07_stage2_run_provenance/generated/slices/W2/drsr/iaaccn29.csv	35301
stage2_200dats_12algs_1seed_1h/07_stage2_run_provenance/generated/slices/W2/pyoperon/iaaccn22.csv	39842
stage2_200dats_12algs_1seed_1h/07_stage2_run_provenance/generated/slices/W2/pyoperon/iaaccn23.csv	36699
stage2_200dats_12algs_1seed_1h/07_stage2_run_provenance/generated/slices/W2/pyoperon/iaaccn24.csv	33124
stage2_200dats_12algs_1seed_1h/07_stage2_run_provenance/generated/slices/W2/pyoperon/iaaccn25.csv	35501
stage2_200dats_12algs_1seed_1h/07_stage2_run_provenance/generated/slices/W3/pysr/iaaccn22.csv	39642
stage2_200dats_12algs_1seed_1h/07_stage2_run_provenance/generated/slices/W3/pysr/iaaccn23.csv	36499
stage2_200dats_12algs_1seed_1h/07_stage2_run_provenance/generated/slices/W3/pysr/iaaccn24.csv	32924
stage2_200dats_12algs_1seed_1h/07_stage2_run_provenance/generated/slices/W3/pysr/iaaccn25.csv	35301
stage2_200dats_12algs_1seed_1h/07_stage2_run_provenance/generated/slices/W4/dso/iaaccn22.csv	23137
stage2_200dats_12algs_1seed_1h/07_stage2_run_provenance/generated/slices/W4/dso/iaaccn23.csv	22673
stage2_200dats_12algs_1seed_1h/07_stage2_run_provenance/generated/slices/W4/dso/iaaccn24.csv	21709
stage2_200dats_12algs_1seed_1h/07_stage2_run_provenance/generated/slices/W4/dso/iaaccn25.csv	18893
stage2_200dats_12algs_1seed_1h/07_stage2_run_provenance/generated/slices/W4/dso/iaaccn26.csv	18808
stage2_200dats_12algs_1seed_1h/07_stage2_run_provenance/generated/slices/W4/dso/iaaccn27.csv	18994
stage2_200dats_12algs_1seed_1h/07_stage2_run_provenance/generated/slices/W4/dso/iaaccn28.csv	20588
stage2_200dats_12algs_1seed_1h/07_stage2_run_provenance/generated/slices/W5/tpsr/iaaccn22.csv	39642
stage2_200dats_12algs_1seed_1h/07_stage2_run_provenance/generated/slices/W5/tpsr/iaaccn23.csv	36499
stage2_200dats_12algs_1seed_1h/07_stage2_run_provenance/generated/slices/W5/tpsr/iaaccn24.csv	32924
stage2_200dats_12algs_1seed_1h/07_stage2_run_provenance/generated/slices/W5/tpsr/iaaccn25.csv	35301
stage2_200dats_12algs_1seed_1h/07_stage2_run_provenance/generated/wave_manifest.csv	7856
stage2_200dats_12algs_1seed_1h/07_stage2_run_provenance/hyperparams_snapshot_20260423/README.md	6188
stage2_200dats_12algs_1seed_1h/07_stage2_run_provenance/hyperparams_snapshot_20260423/drsr.json	477
stage2_200dats_12algs_1seed_1h/07_stage2_run_provenance/hyperparams_snapshot_20260423/dso.json	1126
stage2_200dats_12algs_1seed_1h/07_stage2_run_provenance/hyperparams_snapshot_20260423/e2esr.json	252
stage2_200dats_12algs_1seed_1h/07_stage2_run_provenance/hyperparams_snapshot_20260423/gplearn.json	652
stage2_200dats_12algs_1seed_1h/07_stage2_run_provenance/hyperparams_snapshot_20260423/hyperparams_overview.md	4946
stage2_200dats_12algs_1seed_1h/07_stage2_run_provenance/hyperparams_snapshot_20260423/imcts.json	454
stage2_200dats_12algs_1seed_1h/07_stage2_run_provenance/hyperparams_snapshot_20260423/llmsr.json	513
stage2_200dats_12algs_1seed_1h/07_stage2_run_provenance/hyperparams_snapshot_20260423/manifest.json	1873
stage2_200dats_12algs_1seed_1h/07_stage2_run_provenance/hyperparams_snapshot_20260423/pyoperon.json	446
stage2_200dats_12algs_1seed_1h/07_stage2_run_provenance/hyperparams_snapshot_20260423/pysr.json	1206
stage2_200dats_12algs_1seed_1h/07_stage2_run_provenance/hyperparams_snapshot_20260423/qlattice.json	173
stage2_200dats_12algs_1seed_1h/07_stage2_run_provenance/hyperparams_snapshot_20260423/ragsr.json	1860
stage2_200dats_12algs_1seed_1h/07_stage2_run_provenance/hyperparams_snapshot_20260423/tpsr.json	546
stage2_200dats_12algs_1seed_1h/07_stage2_run_provenance/hyperparams_snapshot_20260423/udsr.json	2178
stage2_200dats_12algs_1seed_1h/07_stage2_run_provenance/raw_clean_archive/all_results.jsonl	8728335
stage2_200dats_12algs_1seed_1h/07_stage2_run_provenance/raw_clean_archive/result_index.csv	588825
stage2_200dats_12algs_1seed_1h/07_stage2_run_provenance/raw_clean_archive/summary/archive_integrity.json	105
stage2_200dats_12algs_1seed_1h/07_stage2_run_provenance/raw_clean_archive/summary/drsr_backfill_20260426.csv	14105
stage2_200dats_12algs_1seed_1h/07_stage2_run_provenance/raw_clean_archive/summary/drsr_backfill_20260426.json	33225
stage2_200dats_12algs_1seed_1h/07_stage2_run_provenance/raw_clean_archive/summary/e1_run_summary_20260424-041046.md	4631
stage2_200dats_12algs_1seed_1h/07_stage2_run_provenance/raw_clean_archive/summary/e1_run_summary_by_host_20260424-041046.csv	1267
stage2_200dats_12algs_1seed_1h/07_stage2_run_provenance/raw_clean_archive/summary/exact_metric_backfill_20260426.csv	2571
stage2_200dats_12algs_1seed_1h/07_stage2_run_provenance/raw_clean_archive/summary/exact_metric_backfill_20260426.json	6254
stage2_200dats_12algs_1seed_1h/07_stage2_run_provenance/raw_clean_archive/summary/gplearn_backfill_20260425.csv	23632
stage2_200dats_12algs_1seed_1h/07_stage2_run_provenance/raw_clean_archive/summary/gplearn_backfill_20260425.json	56460
stage2_200dats_12algs_1seed_1h/07_stage2_run_provenance/raw_clean_archive/summary/identity_rerun_ingest_20260426.csv	27601
stage2_200dats_12algs_1seed_1h/07_stage2_run_provenance/raw_clean_archive/summary/identity_rerun_ingest_20260426.json	45266
stage2_200dats_12algs_1seed_1h/07_stage2_run_provenance/raw_clean_archive/summary/summary_iaaccn22.json	164
stage2_200dats_12algs_1seed_1h/07_stage2_run_provenance/raw_clean_archive/summary/summary_iaaccn23.json	164
stage2_200dats_12algs_1seed_1h/07_stage2_run_provenance/raw_clean_archive/summary/summary_iaaccn24.json	164
stage2_200dats_12algs_1seed_1h/07_stage2_run_provenance/raw_clean_archive/summary/summary_iaaccn25.json	164
stage2_200dats_12algs_1seed_1h/07_stage2_run_provenance/raw_clean_archive/summary/summary_iaaccn26.json	164
stage2_200dats_12algs_1seed_1h/07_stage2_run_provenance/raw_clean_archive/summary/summary_iaaccn27.json	164
stage2_200dats_12algs_1seed_1h/07_stage2_run_provenance/raw_clean_archive/summary/summary_iaaccn28.json	164
stage2_200dats_12algs_1seed_1h/07_stage2_run_provenance/raw_clean_archive/summary/summary_iaaccn29.json	164
stage2_200dats_12algs_1seed_1h/07_stage2_run_provenance/raw_clean_archive/summary/wave_manifest.csv	7845
stage2_200dats_12algs_1seed_1h/99_audit/build_merged_tables.py	14211
stage2_200dats_12algs_1seed_1h/99_audit/checksums.sha256	22928
stage2_200dats_12algs_1seed_1h/99_audit/file_inventory.tsv	12026
stage2_200dats_12algs_1seed_1h/99_audit/source_map.tsv	4010
stage2_200dats_12algs_1seed_1h/README.md	3028
stage3_664dats_4probes_3seeds_1h/CHECKSUMS.sha256	1172
stage3_664dats_4probes_3seeds_1h/FILE_INVENTORY.tsv	743
stage3_664dats_4probes_3seeds_1h/README.md	1576
stage3_664dats_4probes_3seeds_1h/README_original.md	995
stage3_664dats_4probes_3seeds_1h/SOURCE_MAP.tsv	2074
stage3_664dats_4probes_3seeds_1h/probe4_current_method_seed_coverage.csv	567
stage3_664dats_4probes_3seeds_1h/probe4_current_run_level_raw_digest_7968.csv	14798561
stage3_664dats_4probes_3seeds_1h/probe4_final_digest_summary.json	1131
stage3_664dats_4probes_3seeds_1h/probe4_postprocess_dataset_algorithm.csv	1066692
stage3_664dats_4probes_3seeds_1h/probe4_postprocess_dataset_level.csv	573906
stage3_664dats_4probes_3seeds_1h/probe4_postprocess_run_level.csv	5545624
stage3_664dats_4probes_3seeds_1h/probe4_postprocess_summary.json	1896
stage3_664dats_4probes_3seeds_1h/selection_constraints_report.md	1476
stage4_core50_12algs_5seeds_4noise_1h/CHECKSUMS.sha256	375516
stage4_core50_12algs_5seeds_4noise_1h/EXPERIMENT_PATHS.md	4402
stage4_core50_12algs_5seeds_4noise_1h/FILE_INVENTORY.tsv	179099
stage4_core50_12algs_5seeds_4noise_1h/README.md	3756
stage4_core50_12algs_5seeds_4noise_1h/SOURCE_MAP.tsv	3738
stage4_core50_12algs_5seeds_4noise_1h/collected_results/core50_12alg_dataset_algorithm_median_log_nmse_20260503.csv	105486
stage4_core50_12algs_5seeds_4noise_1h/collected_results/core50_12alg_leaderboard_ood_log_nmse_20260503.csv	2224
stage4_core50_12algs_5seeds_4noise_1h/collected_results/core50_12alg_leaderboard_ood_log_nmse_20260503.md	1354
stage4_core50_12algs_5seeds_4noise_1h/collected_results/core50_12alg_run_level_log_nmse_20260503.csv	785002
stage4_core50_12algs_5seeds_4noise_1h/collected_results/core50_algorithm_runtime_summary.csv	1306
stage4_core50_12algs_5seeds_4noise_1h/collected_results/core50_probe4_previous_vs_current_dataset_algorithm_20260503.csv	53326
stage4_core50_12algs_5seeds_4noise_1h/collected_results/core50_probe4_previous_vs_current_pairwise_20260503.csv	479
stage4_core50_12algs_5seeds_4noise_1h/collected_results/core50_probe4_previous_vs_current_ranking_20260503.csv	825
stage4_core50_12algs_5seeds_4noise_1h/collected_results/core50_probe4_previous_vs_current_ranking_20260503.md	1275
stage4_core50_12algs_5seeds_4noise_1h/collected_results/core50_vs_candidate200_iteration_comparison_20260503.csv	1900
stage4_core50_12algs_5seeds_4noise_1h/collected_results/core50_vs_candidate200_iteration_comparison_20260503.md	2018
stage4_core50_12algs_5seeds_4noise_1h/collected_results/llmsr_drsr_iteration_summary.json	1540
stage4_core50_12algs_5seeds_4noise_1h/collected_results/llmsr_drsr_iteration_summary_rows.csv	143656
stage4_core50_12algs_5seeds_4noise_1h/core50_manifest/core50_dataset_paths.tsv	3318
stage4_core50_12algs_5seeds_4noise_1h/core50_manifest/core50_datasets.csv	26049
stage4_core50_12algs_5seeds_4noise_1h/core50_manifest/validation_report.md	735
stage4_core50_12algs_5seeds_4noise_1h/formal_analysis/symbolic_metrics_formal.csv	4321351
stage4_core50_12algs_5seeds_4noise_1h/formal_analysis/symbolic_metrics_formal_algorithm_summary.csv	1440
stage4_core50_12algs_5seeds_4noise_1h/formal_analysis/symbolic_metrics_formal_dataset_summary.csv	59206
stage4_core50_12algs_5seeds_4noise_1h/formal_analysis/symbolic_metrics_formal_summary.json	6535
stage4_core50_12algs_5seeds_4noise_1h/hexagon/dataset_axis_components_formal.csv	197112
stage4_core50_12algs_5seeds_4noise_1h/hexagon/hexagon_scores_formal.csv	4698
stage4_core50_12algs_5seeds_4noise_1h/hexagon/hexagon_scores_formal_with_ci.csv	8004
stage4_core50_12algs_5seeds_4noise_1h/noise_robustness/noise_completion_summary.csv	3005
stage4_core50_12algs_5seeds_4noise_1h/noise_robustness/noise_final_runs.csv	1182068
stage4_core50_12algs_5seeds_4noise_1h/noise_robustness/robustness_components.csv	250925
stage4_core50_12algs_5seeds_4noise_1h/paper_tables/table08_core50_baseline_quality.csv	1641
stage4_core50_12algs_5seeds_4noise_1h/paper_tables/table09_k_scaling_metrics.csv	1949
stage4_core50_12algs_5seeds_4noise_1h/paper_tables/table10_clean_core50_leaderboard.csv	712
stage4_core50_12algs_5seeds_4noise_1h/paper_tables/table11_hexagon_scores_formal.csv	764
stage4_core50_12algs_5seeds_4noise_1h/paper_tables/table12_symbolic_fidelity_summary.csv	1375
stage4_core50_12algs_5seeds_4noise_1h/paper_tables/table13_noise_robustness_summary.csv	1450
stage4_core50_12algs_5seeds_4noise_1h/paper_tables/table14_noise_by_sigma.csv	2325
stage4_core50_12algs_5seeds_4noise_1h/paper_tables/table19_core50_ablation_summary.csv	427
stage4_core50_12algs_5seeds_4noise_1h/raw_results/README.md	492
stage4_core50_12algs_5seeds_4noise_1h/run_archive/analysis/core50_12alg_dataset_algorithm_median_log_nmse_20260503.csv	105486
stage4_core50_12algs_5seeds_4noise_1h/run_archive/analysis/core50_12alg_host_concurrency_20260503.csv	2195
stage4_core50_12algs_5seeds_4noise_1h/run_archive/analysis/core50_12alg_leaderboard_ood_log_nmse_20260503.csv	2224
stage4_core50_12algs_5seeds_4noise_1h/run_archive/analysis/core50_12alg_leaderboard_ood_log_nmse_20260503.md	1354
stage4_core50_12algs_5seeds_4noise_1h/run_archive/analysis/core50_12alg_run_level_log_nmse_20260503.csv	785002
stage4_core50_12algs_5seeds_4noise_1h/run_archive/analysis/core50_probe4_previous_vs_current_dataset_algorithm_20260503.csv	53326
stage4_core50_12algs_5seeds_4noise_1h/run_archive/analysis/core50_probe4_previous_vs_current_pairwise_20260503.csv	479
stage4_core50_12algs_5seeds_4noise_1h/run_archive/analysis/core50_probe4_previous_vs_current_ranking_20260503.csv	825
stage4_core50_12algs_5seeds_4noise_1h/run_archive/analysis/core50_probe4_previous_vs_current_ranking_20260503.json	4178
stage4_core50_12algs_5seeds_4noise_1h/run_archive/analysis/core50_probe4_previous_vs_current_ranking_20260503.md	1275
stage4_core50_12algs_5seeds_4noise_1h/run_archive/analysis/core50_vs_candidate200_iteration_comparison_20260503.csv	1900
stage4_core50_12algs_5seeds_4noise_1h/run_archive/analysis/core50_vs_candidate200_iteration_comparison_20260503.json	8012
stage4_core50_12algs_5seeds_4noise_1h/run_archive/analysis/core50_vs_candidate200_iteration_comparison_20260503.md	2018
stage4_core50_12algs_5seeds_4noise_1h/run_archive/analysis/llmsr_drsr_iteration_summary.json	1540
stage4_core50_12algs_5seeds_4noise_1h/run_archive/analysis/llmsr_drsr_iteration_summary_rows.csv	143656
stage4_core50_12algs_5seeds_4noise_1h/run_archive/manifest.csv	1147941
stage4_core50_12algs_5seeds_4noise_1h/run_archive/results/drsr/seed0/drsr_s0_g0001.json	9375
stage4_core50_12algs_5seeds_4noise_1h/run_archive/results/drsr/seed0/drsr_s0_g0002.json	9899
stage4_core50_12algs_5seeds_4noise_1h/run_archive/results/drsr/seed0/drsr_s0_g0003.json	11806
stage4_core50_12algs_5seeds_4noise_1h/run_archive/results/drsr/seed0/drsr_s0_g0004.json	8921
stage4_core50_12algs_5seeds_4noise_1h/run_archive/results/drsr/seed0/drsr_s0_g0005.json	9316
stage4_core50_12algs_5seeds_4noise_1h/run_archive/results/drsr/seed0/drsr_s0_g0006.json	7235
stage4_core50_12algs_5seeds_4noise_1h/run_archive/results/drsr/seed0/drsr_s0_g0007.json	8854
stage4_core50_12algs_5seeds_4noise_1h/run_archive/results/drsr/seed0/drsr_s0_g0008.json	9287
stage4_core50_12algs_5seeds_4noise_1h/run_archive/results/drsr/seed0/drsr_s0_g0009.json	6826
stage4_core50_12algs_5seeds_4noise_1h/run_archive/results/drsr/seed0/drsr_s0_g0010.json	7532
stage4_core50_12algs_5seeds_4noise_1h/run_archive/results/drsr/seed0/drsr_s0_g0011.json	9195
stage4_core50_12algs_5seeds_4noise_1h/run_archive/results/drsr/seed0/drsr_s0_g0012.json	7963
stage4_core50_12algs_5seeds_4noise_1h/run_archive/results/drsr/seed0/drsr_s0_g0013.json	8869
stage4_core50_12algs_5seeds_4noise_1h/run_archive/results/drsr/seed0/drsr_s0_g0014.json	11751
stage4_core50_12algs_5seeds_4noise_1h/run_archive/results/drsr/seed0/drsr_s0_g0015.json	8296
stage4_core50_12algs_5seeds_4noise_1h/run_archive/results/drsr/seed0/drsr_s0_g0016.json	7349
stage4_core50_12algs_5seeds_4noise_1h/run_archive/results/drsr/seed0/drsr_s0_g0017.json	9418
stage4_core50_12algs_5seeds_4noise_1h/run_archive/results/drsr/seed0/drsr_s0_g0018.json	10436
stage4_core50_12algs_5seeds_4noise_1h/run_archive/results/drsr/seed0/drsr_s0_g0019.json	10476
stage4_core50_12algs_5seeds_4noise_1h/run_archive/results/drsr/seed0/drsr_s0_g0020.json	8199
stage4_core50_12algs_5seeds_4noise_1h/run_archive/results/drsr/seed0/drsr_s0_g0021.json	13820
stage4_core50_12algs_5seeds_4noise_1h/run_archive/results/drsr/seed0/drsr_s0_g0022.json	13348
stage4_core50_12algs_5seeds_4noise_1h/run_archive/results/drsr/seed0/drsr_s0_g0023.json	6329
stage4_core50_12algs_5seeds_4noise_1h/run_archive/results/drsr/seed0/drsr_s0_g0024.json	8146
stage4_core50_12algs_5seeds_4noise_1h/run_archive/results/drsr/seed0/drsr_s0_g0025.json	8285
stage4_core50_12algs_5seeds_4noise_1h/run_archive/results/drsr/seed0/drsr_s0_g0026.json	8601
stage4_core50_12algs_5seeds_4noise_1h/run_archive/results/drsr/seed0/drsr_s0_g0027.json	7876
stage4_core50_12algs_5seeds_4noise_1h/run_archive/results/drsr/seed0/drsr_s0_g0028.json	9102
stage4_core50_12algs_5seeds_4noise_1h/run_archive/results/drsr/seed0/drsr_s0_g0029.json	8518
stage4_core50_12algs_5seeds_4noise_1h/run_archive/results/drsr/seed0/drsr_s0_g0030.json	7314
stage4_core50_12algs_5seeds_4noise_1h/run_archive/results/drsr/seed0/drsr_s0_g0031.json	8655
stage4_core50_12algs_5seeds_4noise_1h/run_archive/results/drsr/seed0/drsr_s0_g0032.json	7964
stage4_core50_12algs_5seeds_4noise_1h/run_archive/results/drsr/seed0/drsr_s0_g0033.json	11365
stage4_core50_12algs_5seeds_4noise_1h/run_archive/results/drsr/seed0/drsr_s0_g0034.json	7469
stage4_core50_12algs_5seeds_4noise_1h/run_archive/results/drsr/seed0/drsr_s0_g0035.json	9005
stage4_core50_12algs_5seeds_4noise_1h/run_archive/results/drsr/seed0/drsr_s0_g0036.json	8067
stage4_core50_12algs_5seeds_4noise_1h/run_archive/results/drsr/seed0/drsr_s0_g0037.json	10275
stage4_core50_12algs_5seeds_4noise_1h/run_archive/results/drsr/seed0/drsr_s0_g0038.json	8513
stage4_core50_12algs_5seeds_4noise_1h/run_archive/results/drsr/seed0/drsr_s0_g0039.json	8291
stage4_core50_12algs_5seeds_4noise_1h/run_archive/results/drsr/seed0/drsr_s0_g0040.json	8096
stage4_core50_12algs_5seeds_4noise_1h/run_archive/results/drsr/seed0/drsr_s0_g0041.json	8604
stage4_core50_12algs_5seeds_4noise_1h/run_archive/results/drsr/seed0/drsr_s0_g0042.json	8140
stage4_core50_12algs_5seeds_4noise_1h/run_archive/results/drsr/seed0/drsr_s0_g0043.json	7912
stage4_core50_12algs_5seeds_4noise_1h/run_archive/results/drsr/seed0/drsr_s0_g0044.json	6236
stage4_core50_12algs_5seeds_4noise_1h/run_archive/results/drsr/seed0/drsr_s0_g0045.json	6337
stage4_core50_12algs_5seeds_4noise_1h/run_archive/results/drsr/seed0/drsr_s0_g0046.json	12598
stage4_core50_12algs_5seeds_4noise_1h/run_archive/results/drsr/seed0/drsr_s0_g0047.json	8076
stage4_core50_12algs_5seeds_4noise_1h/run_archive/results/drsr/seed0/drsr_s0_g0048.json	8208
stage4_core50_12algs_5seeds_4noise_1h/run_archive/results/drsr/seed0/drsr_s0_g0049.json	7882
stage4_core50_12algs_5seeds_4noise_1h/run_archive/results/drsr/seed0/drsr_s0_g0050.json	8064
stage4_core50_12algs_5seeds_4noise_1h/run_archive/results/drsr/seed1/drsr_s1_g0001.json	9454
stage4_core50_12algs_5seeds_4noise_1h/run_archive/results/drsr/seed1/drsr_s1_g0002.json	10003
stage4_core50_12algs_5seeds_4noise_1h/run_archive/results/drsr/seed1/drsr_s1_g0003.json	8886
stage4_core50_12algs_5seeds_4noise_1h/run_archive/results/drsr/seed1/drsr_s1_g0004.json	8923
stage4_core50_12algs_5seeds_4noise_1h/run_archive/results/drsr/seed1/drsr_s1_g0005.json	7955
stage4_core50_12algs_5seeds_4noise_1h/run_archive/results/drsr/seed1/drsr_s1_g0006.json	7439
stage4_core50_12algs_5seeds_4noise_1h/run_archive/results/drsr/seed1/drsr_s1_g0007.json	8849
stage4_core50_12algs_5seeds_4noise_1h/run_archive/results/drsr/seed1/drsr_s1_g0008.json	9842
stage4_core50_12algs_5seeds_4noise_1h/run_archive/results/drsr/seed1/drsr_s1_g0009.json	7891
stage4_core50_12algs_5seeds_4noise_1h/run_archive/results/drsr/seed1/drsr_s1_g0010.json	8161
stage4_core50_12algs_5seeds_4noise_1h/run_archive/results/drsr/seed1/drsr_s1_g0011.json	9100
stage4_core50_12algs_5seeds_4noise_1h/run_archive/results/drsr/seed1/drsr_s1_g0012.json	8477
stage4_core50_12algs_5seeds_4noise_1h/run_archive/results/drsr/seed1/drsr_s1_g0013.json	5018
stage4_core50_12algs_5seeds_4noise_1h/run_archive/results/drsr/seed1/drsr_s1_g0014.json	11320
stage4_core50_12algs_5seeds_4noise_1h/run_archive/results/drsr/seed1/drsr_s1_g0015.json	8156
stage4_core50_12algs_5seeds_4noise_1h/run_archive/results/drsr/seed1/drsr_s1_g0016.json	7185
stage4_core50_12algs_5seeds_4noise_1h/run_archive/results/drsr/seed1/drsr_s1_g0017.json	9474
stage4_core50_12algs_5seeds_4noise_1h/run_archive/results/drsr/seed1/drsr_s1_g0018.json	10514
stage4_core50_12algs_5seeds_4noise_1h/run_archive/results/drsr/seed1/drsr_s1_g0019.json	10320
stage4_core50_12algs_5seeds_4noise_1h/run_archive/results/drsr/seed1/drsr_s1_g0020.json	8252
stage4_core50_12algs_5seeds_4noise_1h/run_archive/results/drsr/seed1/drsr_s1_g0021.json	14092
stage4_core50_12algs_5seeds_4noise_1h/run_archive/results/drsr/seed1/drsr_s1_g0022.json	12631
stage4_core50_12algs_5seeds_4noise_1h/run_archive/results/drsr/seed1/drsr_s1_g0023.json	6174
stage4_core50_12algs_5seeds_4noise_1h/run_archive/results/drsr/seed1/drsr_s1_g0024.json	8060
stage4_core50_12algs_5seeds_4noise_1h/run_archive/results/drsr/seed1/drsr_s1_g0025.json	8355
stage4_core50_12algs_5seeds_4noise_1h/run_archive/results/drsr/seed1/drsr_s1_g0026.json	8457
stage4_core50_12algs_5seeds_4noise_1h/run_archive/results/drsr/seed1/drsr_s1_g0027.json	10354
stage4_core50_12algs_5seeds_4noise_1h/run_archive/results/drsr/seed1/drsr_s1_g0028.json	7252
stage4_core50_12algs_5seeds_4noise_1h/run_archive/results/drsr/seed1/drsr_s1_g0029.json	8038
stage4_core50_12algs_5seeds_4noise_1h/run_archive/results/drsr/seed1/drsr_s1_g0030.json	7299
stage4_core50_12algs_5seeds_4noise_1h/run_archive/results/drsr/seed1/drsr_s1_g0031.json	9584
stage4_core50_12algs_5seeds_4noise_1h/run_archive/results/drsr/seed1/drsr_s1_g0032.json	7801
stage4_core50_12algs_5seeds_4noise_1h/run_archive/results/drsr/seed1/drsr_s1_g0033.json	10993
stage4_core50_12algs_5seeds_4noise_1h/run_archive/results/drsr/seed1/drsr_s1_g0034.json	7938
stage4_core50_12algs_5seeds_4noise_1h/run_archive/results/drsr/seed1/drsr_s1_g0035.json	9096
stage4_core50_12algs_5seeds_4noise_1h/run_archive/results/drsr/seed1/drsr_s1_g0036.json	8293
stage4_core50_12algs_5seeds_4noise_1h/run_archive/results/drsr/seed1/drsr_s1_g0037.json	7797
stage4_core50_12algs_5seeds_4noise_1h/run_archive/results/drsr/seed1/drsr_s1_g0038.json	8407
stage4_core50_12algs_5seeds_4noise_1h/run_archive/results/drsr/seed1/drsr_s1_g0039.json	8248
stage4_core50_12algs_5seeds_4noise_1h/run_archive/results/drsr/seed1/drsr_s1_g0040.json	8729
stage4_core50_12algs_5seeds_4noise_1h/run_archive/results/drsr/seed1/drsr_s1_g0041.json	8414
stage4_core50_12algs_5seeds_4noise_1h/run_archive/results/drsr/seed1/drsr_s1_g0042.json	8341
stage4_core50_12algs_5seeds_4noise_1h/run_archive/results/drsr/seed1/drsr_s1_g0043.json	7833
stage4_core50_12algs_5seeds_4noise_1h/run_archive/results/drsr/seed1/drsr_s1_g0044.json	10057
stage4_core50_12algs_5seeds_4noise_1h/run_archive/results/drsr/seed1/drsr_s1_g0045.json	10838
stage4_core50_12algs_5seeds_4noise_1h/run_archive/results/drsr/seed1/drsr_s1_g0046.json	9525
stage4_core50_12algs_5seeds_4noise_1h/run_archive/results/drsr/seed1/drsr_s1_g0047.json	7959
stage4_core50_12algs_5seeds_4noise_1h/run_archive/results/drsr/seed1/drsr_s1_g0048.json	7740
stage4_core50_12algs_5seeds_4noise_1h/run_archive/results/drsr/seed1/drsr_s1_g0049.json	7521
stage4_core50_12algs_5seeds_4noise_1h/run_archive/results/drsr/seed1/drsr_s1_g0050.json	8204
stage4_core50_12algs_5seeds_4noise_1h/run_archive/results/drsr/seed2/drsr_s2_g0001.json	9252
stage4_core50_12algs_5seeds_4noise_1h/run_archive/results/drsr/seed2/drsr_s2_g0002.json	7786
stage4_core50_12algs_5seeds_4noise_1h/run_archive/results/drsr/seed2/drsr_s2_g0003.json	8988
stage4_core50_12algs_5seeds_4noise_1h/run_archive/results/drsr/seed2/drsr_s2_g0004.json	9051
stage4_core50_12algs_5seeds_4noise_1h/run_archive/results/drsr/seed2/drsr_s2_g0005.json	8034
stage4_core50_12algs_5seeds_4noise_1h/run_archive/results/drsr/seed2/drsr_s2_g0006.json	7910
stage4_core50_12algs_5seeds_4noise_1h/run_archive/results/drsr/seed2/drsr_s2_g0007.json	6166
stage4_core50_12algs_5seeds_4noise_1h/run_archive/results/drsr/seed2/drsr_s2_g0008.json	8152
stage4_core50_12algs_5seeds_4noise_1h/run_archive/results/drsr/seed2/drsr_s2_g0009.json	8038
stage4_core50_12algs_5seeds_4noise_1h/run_archive/results/drsr/seed2/drsr_s2_g0010.json	8187
stage4_core50_12algs_5seeds_4noise_1h/run_archive/results/drsr/seed2/drsr_s2_g0011.json	9093
stage4_core50_12algs_5seeds_4noise_1h/run_archive/results/drsr/seed2/drsr_s2_g0012.json	8393
stage4_core50_12algs_5seeds_4noise_1h/run_archive/results/drsr/seed2/drsr_s2_g0013.json	7373
stage4_core50_12algs_5seeds_4noise_1h/run_archive/results/drsr/seed2/drsr_s2_g0014.json	6551
stage4_core50_12algs_5seeds_4noise_1h/run_archive/results/drsr/seed2/drsr_s2_g0015.json	8263
stage4_core50_12algs_5seeds_4noise_1h/run_archive/results/drsr/seed2/drsr_s2_g0016.json	9093
stage4_core50_12algs_5seeds_4noise_1h/run_archive/results/drsr/seed2/drsr_s2_g0017.json	8680
stage4_core50_12algs_5seeds_4noise_1h/run_archive/results/drsr/seed2/drsr_s2_g0018.json	6218
stage4_core50_12algs_5seeds_4noise_1h/run_archive/results/drsr/seed2/drsr_s2_g0019.json	10560
stage4_core50_12algs_5seeds_4noise_1h/run_archive/results/drsr/seed2/drsr_s2_g0020.json	8398
stage4_core50_12algs_5seeds_4noise_1h/run_archive/results/drsr/seed2/drsr_s2_g0021.json	10252
stage4_core50_12algs_5seeds_4noise_1h/run_archive/results/drsr/seed2/drsr_s2_g0022.json	13257
stage4_core50_12algs_5seeds_4noise_1h/run_archive/results/drsr/seed2/drsr_s2_g0023.json	6622
stage4_core50_12algs_5seeds_4noise_1h/run_archive/results/drsr/seed2/drsr_s2_g0024.json	8441
stage4_core50_12algs_5seeds_4noise_1h/run_archive/results/drsr/seed2/drsr_s2_g0025.json	8998
stage4_core50_12algs_5seeds_4noise_1h/run_archive/results/drsr/seed2/drsr_s2_g0026.json	8012
stage4_core50_12algs_5seeds_4noise_1h/run_archive/results/drsr/seed2/drsr_s2_g0027.json	8348
stage4_core50_12algs_5seeds_4noise_1h/run_archive/results/drsr/seed2/drsr_s2_g0028.json	7236
stage4_core50_12algs_5seeds_4noise_1h/run_archive/results/drsr/seed2/drsr_s2_g0029.json	10497
stage4_core50_12algs_5seeds_4noise_1h/run_archive/results/drsr/seed2/drsr_s2_g0030.json	7316
stage4_core50_12algs_5seeds_4noise_1h/run_archive/results/drsr/seed2/drsr_s2_g0031.json	9412
stage4_core50_12algs_5seeds_4noise_1h/run_archive/results/drsr/seed2/drsr_s2_g0032.json	5357
stage4_core50_12algs_5seeds_4noise_1h/run_archive/results/drsr/seed2/drsr_s2_g0033.json	15364
stage4_core50_12algs_5seeds_4noise_1h/run_archive/results/drsr/seed2/drsr_s2_g0034.json	7926
stage4_core50_12algs_5seeds_4noise_1h/run_archive/results/drsr/seed2/drsr_s2_g0035.json	7547
stage4_core50_12algs_5seeds_4noise_1h/run_archive/results/drsr/seed2/drsr_s2_g0036.json	8162
stage4_core50_12algs_5seeds_4noise_1h/run_archive/results/drsr/seed2/drsr_s2_g0037.json	7982
stage4_core50_12algs_5seeds_4noise_1h/run_archive/results/drsr/seed2/drsr_s2_g0038.json	8576
stage4_core50_12algs_5seeds_4noise_1h/run_archive/results/drsr/seed2/drsr_s2_g0039.json	8144
stage4_core50_12algs_5seeds_4noise_1h/run_archive/results/drsr/seed2/drsr_s2_g0040.json	8531
stage4_core50_12algs_5seeds_4noise_1h/run_archive/results/drsr/seed2/drsr_s2_g0041.json	8639
stage4_core50_12algs_5seeds_4noise_1h/run_archive/results/drsr/seed2/drsr_s2_g0042.json	8299
stage4_core50_12algs_5seeds_4noise_1h/run_archive/results/drsr/seed2/drsr_s2_g0043.json	8055
stage4_core50_12algs_5seeds_4noise_1h/run_archive/results/drsr/seed2/drsr_s2_g0044.json	10065
stage4_core50_12algs_5seeds_4noise_1h/run_archive/results/drsr/seed2/drsr_s2_g0045.json	10767
stage4_core50_12algs_5seeds_4noise_1h/run_archive/results/drsr/seed2/drsr_s2_g0046.json	12367
stage4_core50_12algs_5seeds_4noise_1h/run_archive/results/drsr/seed2/drsr_s2_g0047.json	7845
stage4_core50_12algs_5seeds_4noise_1h/run_archive/results/drsr/seed2/drsr_s2_g0048.json	7511
stage4_core50_12algs_5seeds_4noise_1h/run_archive/results/drsr/seed2/drsr_s2_g0049.json	7859
stage4_core50_12algs_5seeds_4noise_1h/run_archive/results/drsr/seed2/drsr_s2_g0050.json	7616
stage4_core50_12algs_5seeds_4noise_1h/run_archive/results/drsr/seed3/drsr_s3_g0001.json	9389
stage4_core50_12algs_5seeds_4noise_1h/run_archive/results/drsr/seed3/drsr_s3_g0002.json	7934
stage4_core50_12algs_5seeds_4noise_1h/run_archive/results/drsr/seed3/drsr_s3_g0003.json	5483
stage4_core50_12algs_5seeds_4noise_1h/run_archive/results/drsr/seed3/drsr_s3_g0004.json	9083
stage4_core50_12algs_5seeds_4noise_1h/run_archive/results/drsr/seed3/drsr_s3_g0005.json	8069
stage4_core50_12algs_5seeds_4noise_1h/run_archive/results/drsr/seed3/drsr_s3_g0006.json	7921
stage4_core50_12algs_5seeds_4noise_1h/run_archive/results/drsr/seed3/drsr_s3_g0007.json	9422
stage4_core50_12algs_5seeds_4noise_1h/run_archive/results/drsr/seed3/drsr_s3_g0008.json	8168
stage4_core50_12algs_5seeds_4noise_1h/run_archive/results/drsr/seed3/drsr_s3_g0009.json	7783
stage4_core50_12algs_5seeds_4noise_1h/run_archive/results/drsr/seed3/drsr_s3_g0010.json	8193
stage4_core50_12algs_5seeds_4noise_1h/run_archive/results/drsr/seed3/drsr_s3_g0011.json	9093
stage4_core50_12algs_5seeds_4noise_1h/run_archive/results/drsr/seed3/drsr_s3_g0012.json	8480
stage4_core50_12algs_5seeds_4noise_1h/run_archive/results/drsr/seed3/drsr_s3_g0013.json	8948
stage4_core50_12algs_5seeds_4noise_1h/run_archive/results/drsr/seed3/drsr_s3_g0014.json	11457
stage4_core50_12algs_5seeds_4noise_1h/run_archive/results/drsr/seed3/drsr_s3_g0015.json	8220
stage4_core50_12algs_5seeds_4noise_1h/run_archive/results/drsr/seed3/drsr_s3_g0016.json	7190
stage4_core50_12algs_5seeds_4noise_1h/run_archive/results/drsr/seed3/drsr_s3_g0017.json	9221
stage4_core50_12algs_5seeds_4noise_1h/run_archive/results/drsr/seed3/drsr_s3_g0018.json	15059
stage4_core50_12algs_5seeds_4noise_1h/run_archive/results/drsr/seed3/drsr_s3_g0019.json	10413
stage4_core50_12algs_5seeds_4noise_1h/run_archive/results/drsr/seed3/drsr_s3_g0020.json	8425
stage4_core50_12algs_5seeds_4noise_1h/run_archive/results/drsr/seed3/drsr_s3_g0021.json	10010
stage4_core50_12algs_5seeds_4noise_1h/run_archive/results/drsr/seed3/drsr_s3_g0022.json	12673
stage4_core50_12algs_5seeds_4noise_1h/run_archive/results/drsr/seed3/drsr_s3_g0023.json	6312
stage4_core50_12algs_5seeds_4noise_1h/run_archive/results/drsr/seed3/drsr_s3_g0024.json	8153
stage4_core50_12algs_5seeds_4noise_1h/run_archive/results/drsr/seed3/drsr_s3_g0025.json	8199
stage4_core50_12algs_5seeds_4noise_1h/run_archive/results/drsr/seed3/drsr_s3_g0026.json	8638
stage4_core50_12algs_5seeds_4noise_1h/run_archive/results/drsr/seed3/drsr_s3_g0027.json	9797
stage4_core50_12algs_5seeds_4noise_1h/run_archive/results/drsr/seed3/drsr_s3_g0028.json	7193
stage4_core50_12algs_5seeds_4noise_1h/run_archive/results/drsr/seed3/drsr_s3_g0029.json	10293
stage4_core50_12algs_5seeds_4noise_1h/run_archive/results/drsr/seed3/drsr_s3_g0030.json	7150
stage4_core50_12algs_5seeds_4noise_1h/run_archive/results/drsr/seed3/drsr_s3_g0031.json	9580
stage4_core50_12algs_5seeds_4noise_1h/run_archive/results/drsr/seed3/drsr_s3_g0032.json	7965
stage4_core50_12algs_5seeds_4noise_1h/run_archive/results/drsr/seed3/drsr_s3_g0033.json	11117
stage4_core50_12algs_5seeds_4noise_1h/run_archive/results/drsr/seed3/drsr_s3_g0034.json	9638
stage4_core50_12algs_5seeds_4noise_1h/run_archive/results/drsr/seed3/drsr_s3_g0035.json	7504
stage4_core50_12algs_5seeds_4noise_1h/run_archive/results/drsr/seed3/drsr_s3_g0036.json	7977
stage4_core50_12algs_5seeds_4noise_1h/run_archive/results/drsr/seed3/drsr_s3_g0037.json	8235
stage4_core50_12algs_5seeds_4noise_1h/run_archive/results/drsr/seed3/drsr_s3_g0038.json	8411
stage4_core50_12algs_5seeds_4noise_1h/run_archive/results/drsr/seed3/drsr_s3_g0039.json	7875
stage4_core50_12algs_5seeds_4noise_1h/run_archive/results/drsr/seed3/drsr_s3_g0040.json	8655
stage4_core50_12algs_5seeds_4noise_1h/run_archive/results/drsr/seed3/drsr_s3_g0041.json	8626
stage4_core50_12algs_5seeds_4noise_1h/run_archive/results/drsr/seed3/drsr_s3_g0042.json	7726
stage4_core50_12algs_5seeds_4noise_1h/run_archive/results/drsr/seed3/drsr_s3_g0043.json	8036
stage4_core50_12algs_5seeds_4noise_1h/run_archive/results/drsr/seed3/drsr_s3_g0044.json	5831
stage4_core50_12algs_5seeds_4noise_1h/run_archive/results/drsr/seed3/drsr_s3_g0045.json	10877
stage4_core50_12algs_5seeds_4noise_1h/run_archive/results/drsr/seed3/drsr_s3_g0046.json	6788
stage4_core50_12algs_5seeds_4noise_1h/run_archive/results/drsr/seed3/drsr_s3_g0047.json	7736
stage4_core50_12algs_5seeds_4noise_1h/run_archive/results/drsr/seed3/drsr_s3_g0048.json	7812
stage4_core50_12algs_5seeds_4noise_1h/run_archive/results/drsr/seed3/drsr_s3_g0049.json	7535
stage4_core50_12algs_5seeds_4noise_1h/run_archive/results/drsr/seed3/drsr_s3_g0050.json	7418
stage4_core50_12algs_5seeds_4noise_1h/run_archive/results/drsr/seed4/drsr_s4_g0001.json	9200
stage4_core50_12algs_5seeds_4noise_1h/run_archive/results/drsr/seed4/drsr_s4_g0002.json	7936
stage4_core50_12algs_5seeds_4noise_1h/run_archive/results/drsr/seed4/drsr_s4_g0003.json	8964
stage4_core50_12algs_5seeds_4noise_1h/run_archive/results/drsr/seed4/drsr_s4_g0004.json	8927
stage4_core50_12algs_5seeds_4noise_1h/run_archive/results/drsr/seed4/drsr_s4_g0005.json	8001
stage4_core50_12algs_5seeds_4noise_1h/run_archive/results/drsr/seed4/drsr_s4_g0006.json	8169
stage4_core50_12algs_5seeds_4noise_1h/run_archive/results/drsr/seed4/drsr_s4_g0007.json	9378
stage4_core50_12algs_5seeds_4noise_1h/run_archive/results/drsr/seed4/drsr_s4_g0008.json	7835
stage4_core50_12algs_5seeds_4noise_1h/run_archive/results/drsr/seed4/drsr_s4_g0009.json	9550
stage4_core50_12algs_5seeds_4noise_1h/run_archive/results/drsr/seed4/drsr_s4_g0010.json	8154
stage4_core50_12algs_5seeds_4noise_1h/run_archive/results/drsr/seed4/drsr_s4_g0011.json	9224
stage4_core50_12algs_5seeds_4noise_1h/run_archive/results/drsr/seed4/drsr_s4_g0012.json	7623
stage4_core50_12algs_5seeds_4noise_1h/run_archive/results/drsr/seed4/drsr_s4_g0013.json	8954
stage4_core50_12algs_5seeds_4noise_1h/run_archive/results/drsr/seed4/drsr_s4_g0014.json	11248
stage4_core50_12algs_5seeds_4noise_1h/run_archive/results/drsr/seed4/drsr_s4_g0015.json	8391
stage4_core50_12algs_5seeds_4noise_1h/run_archive/results/drsr/seed4/drsr_s4_g0016.json	7356
stage4_core50_12algs_5seeds_4noise_1h/run_archive/results/drsr/seed4/drsr_s4_g0017.json	8929
stage4_core50_12algs_5seeds_4noise_1h/run_archive/results/drsr/seed4/drsr_s4_g0018.json	10536
stage4_core50_12algs_5seeds_4noise_1h/run_archive/results/drsr/seed4/drsr_s4_g0019.json	10346
stage4_core50_12algs_5seeds_4noise_1h/run_archive/results/drsr/seed4/drsr_s4_g0020.json	8670
stage4_core50_12algs_5seeds_4noise_1h/run_archive/results/drsr/seed4/drsr_s4_g0021.json	5990
stage4_core50_12algs_5seeds_4noise_1h/run_archive/results/drsr/seed4/drsr_s4_g0022.json	12787
stage4_core50_12algs_5seeds_4noise_1h/run_archive/results/drsr/seed4/drsr_s4_g0023.json	9793
stage4_core50_12algs_5seeds_4noise_1h/run_archive/results/drsr/seed4/drsr_s4_g0024.json	8190
stage4_core50_12algs_5seeds_4noise_1h/run_archive/results/drsr/seed4/drsr_s4_g0025.json	9074
stage4_core50_12algs_5seeds_4noise_1h/run_archive/results/drsr/seed4/drsr_s4_g0026.json	8571
stage4_core50_12algs_5seeds_4noise_1h/run_archive/results/drsr/seed4/drsr_s4_g0027.json	7797
stage4_core50_12algs_5seeds_4noise_1h/run_archive/results/drsr/seed4/drsr_s4_g0028.json	8972
stage4_core50_12algs_5seeds_4noise_1h/run_archive/results/drsr/seed4/drsr_s4_g0029.json	8282
stage4_core50_12algs_5seeds_4noise_1h/run_archive/results/drsr/seed4/drsr_s4_g0030.json	7187
stage4_core50_12algs_5seeds_4noise_1h/run_archive/results/drsr/seed4/drsr_s4_g0031.json	8655
stage4_core50_12algs_5seeds_4noise_1h/run_archive/results/drsr/seed4/drsr_s4_g0032.json	7803
stage4_core50_12algs_5seeds_4noise_1h/run_archive/results/drsr/seed4/drsr_s4_g0033.json	11146
stage4_core50_12algs_5seeds_4noise_1h/run_archive/results/drsr/seed4/drsr_s4_g0034.json	7770
stage4_core50_12algs_5seeds_4noise_1h/run_archive/results/drsr/seed4/drsr_s4_g0035.json	7232
stage4_core50_12algs_5seeds_4noise_1h/run_archive/results/drsr/seed4/drsr_s4_g0036.json	8168
stage4_core50_12algs_5seeds_4noise_1h/run_archive/results/drsr/seed4/drsr_s4_g0037.json	7845
stage4_core50_12algs_5seeds_4noise_1h/run_archive/results/drsr/seed4/drsr_s4_g0038.json	8403
stage4_core50_12algs_5seeds_4noise_1h/run_archive/results/drsr/seed4/drsr_s4_g0039.json	8282
stage4_core50_12algs_5seeds_4noise_1h/run_archive/results/drsr/seed4/drsr_s4_g0040.json	8764
stage4_core50_12algs_5seeds_4noise_1h/run_archive/results/drsr/seed4/drsr_s4_g0041.json	8413
stage4_core50_12algs_5seeds_4noise_1h/run_archive/results/drsr/seed4/drsr_s4_g0042.json	7723
stage4_core50_12algs_5seeds_4noise_1h/run_archive/results/drsr/seed4/drsr_s4_g0043.json	8027
stage4_core50_12algs_5seeds_4noise_1h/run_archive/results/drsr/seed4/drsr_s4_g0044.json	6107
stage4_core50_12algs_5seeds_4noise_1h/run_archive/results/drsr/seed4/drsr_s4_g0045.json	10837
stage4_core50_12algs_5seeds_4noise_1h/run_archive/results/drsr/seed4/drsr_s4_g0046.json	12169
stage4_core50_12algs_5seeds_4noise_1h/run_archive/results/drsr/seed4/drsr_s4_g0047.json	7694
stage4_core50_12algs_5seeds_4noise_1h/run_archive/results/drsr/seed4/drsr_s4_g0048.json	7687
stage4_core50_12algs_5seeds_4noise_1h/run_archive/results/drsr/seed4/drsr_s4_g0049.json	7350
stage4_core50_12algs_5seeds_4noise_1h/run_archive/results/drsr/seed4/drsr_s4_g0050.json	7350
stage4_core50_12algs_5seeds_4noise_1h/run_archive/results/dso/seed0/dso_s0_g0001.json	4730
stage4_core50_12algs_5seeds_4noise_1h/run_archive/results/dso/seed0/dso_s0_g0002.json	5310
stage4_core50_12algs_5seeds_4noise_1h/run_archive/results/dso/seed0/dso_s0_g0003.json	5044
stage4_core50_12algs_5seeds_4noise_1h/run_archive/results/dso/seed0/dso_s0_g0004.json	4702
stage4_core50_12algs_5seeds_4noise_1h/run_archive/results/dso/seed0/dso_s0_g0005.json	4737
stage4_core50_12algs_5seeds_4noise_1h/run_archive/results/dso/seed0/dso_s0_g0006.json	4715
stage4_core50_12algs_5seeds_4noise_1h/run_archive/results/dso/seed0/dso_s0_g0007.json	4836
stage4_core50_12algs_5seeds_4noise_1h/run_archive/results/dso/seed0/dso_s0_g0008.json	4955
stage4_core50_12algs_5seeds_4noise_1h/run_archive/results/dso/seed0/dso_s0_g0009.json	4539
stage4_core50_12algs_5seeds_4noise_1h/run_archive/results/dso/seed0/dso_s0_g0010.json	4499
stage4_core50_12algs_5seeds_4noise_1h/run_archive/results/dso/seed0/dso_s0_g0011.json	4882
stage4_core50_12algs_5seeds_4noise_1h/run_archive/results/dso/seed0/dso_s0_g0012.json	4759
stage4_core50_12algs_5seeds_4noise_1h/run_archive/results/dso/seed0/dso_s0_g0013.json	5159
stage4_core50_12algs_5seeds_4noise_1h/run_archive/results/dso/seed0/dso_s0_g0014.json	5114
stage4_core50_12algs_5seeds_4noise_1h/run_archive/results/dso/seed0/dso_s0_g0015.json	4836
stage4_core50_12algs_5seeds_4noise_1h/run_archive/results/dso/seed0/dso_s0_g0016.json	4712
stage4_core50_12algs_5seeds_4noise_1h/run_archive/results/dso/seed0/dso_s0_g0017.json	5027
stage4_core50_12algs_5seeds_4noise_1h/run_archive/results/dso/seed0/dso_s0_g0018.json	5251
stage4_core50_12algs_5seeds_4noise_1h/run_archive/results/dso/seed0/dso_s0_g0019.json	5557
stage4_core50_12algs_5seeds_4noise_1h/run_archive/results/dso/seed0/dso_s0_g0020.json	5177
stage4_core50_12algs_5seeds_4noise_1h/run_archive/results/dso/seed0/dso_s0_g0021.json	4934
stage4_core50_12algs_5seeds_4noise_1h/run_archive/results/dso/seed0/dso_s0_g0022.json	5062
stage4_core50_12algs_5seeds_4noise_1h/run_archive/results/dso/seed0/dso_s0_g0023.json	4973
stage4_core50_12algs_5seeds_4noise_1h/run_archive/results/dso/seed0/dso_s0_g0024.json	5013
stage4_core50_12algs_5seeds_4noise_1h/run_archive/results/dso/seed0/dso_s0_g0025.json	4817
stage4_core50_12algs_5seeds_4noise_1h/run_archive/results/dso/seed0/dso_s0_g0026.json	5097
stage4_core50_12algs_5seeds_4noise_1h/run_archive/results/dso/seed0/dso_s0_g0027.json	4867
stage4_core50_12algs_5seeds_4noise_1h/run_archive/results/dso/seed0/dso_s0_g0028.json	5235
stage4_core50_12algs_5seeds_4noise_1h/run_archive/results/dso/seed0/dso_s0_g0029.json	5053
stage4_core50_12algs_5seeds_4noise_1h/run_archive/results/dso/seed0/dso_s0_g0030.json	5248
stage4_core50_12algs_5seeds_4noise_1h/run_archive/results/dso/seed0/dso_s0_g0031.json	4915
stage4_core50_12algs_5seeds_4noise_1h/run_archive/results/dso/seed0/dso_s0_g0032.json	4587
stage4_core50_12algs_5seeds_4noise_1h/run_archive/results/dso/seed0/dso_s0_g0033.json	5342
stage4_core50_12algs_5seeds_4noise_1h/run_archive/results/dso/seed0/dso_s0_g0034.json	4858
stage4_core50_12algs_5seeds_4noise_1h/run_archive/results/dso/seed0/dso_s0_g0035.json	5120
stage4_core50_12algs_5seeds_4noise_1h/run_archive/results/dso/seed0/dso_s0_g0036.json	4807
stage4_core50_12algs_5seeds_4noise_1h/run_archive/results/dso/seed0/dso_s0_g0037.json	4852
stage4_core50_12algs_5seeds_4noise_1h/run_archive/results/dso/seed0/dso_s0_g0038.json	4961
stage4_core50_12algs_5seeds_4noise_1h/run_archive/results/dso/seed0/dso_s0_g0039.json	4856
stage4_core50_12algs_5seeds_4noise_1h/run_archive/results/dso/seed0/dso_s0_g0040.json	4888
stage4_core50_12algs_5seeds_4noise_1h/run_archive/results/dso/seed0/dso_s0_g0041.json	4723
stage4_core50_12algs_5seeds_4noise_1h/run_archive/results/dso/seed0/dso_s0_g0042.json	5142
stage4_core50_12algs_5seeds_4noise_1h/run_archive/results/dso/seed0/dso_s0_g0043.json	4818
stage4_core50_12algs_5seeds_4noise_1h/run_archive/results/dso/seed0/dso_s0_g0044.json	5179
stage4_core50_12algs_5seeds_4noise_1h/run_archive/results/dso/seed0/dso_s0_g0045.json	5215
stage4_core50_12algs_5seeds_4noise_1h/run_archive/results/dso/seed0/dso_s0_g0046.json	5243
stage4_core50_12algs_5seeds_4noise_1h/run_archive/results/dso/seed0/dso_s0_g0047.json	4997
stage4_core50_12algs_5seeds_4noise_1h/run_archive/results/dso/seed0/dso_s0_g0048.json	4867
stage4_core50_12algs_5seeds_4noise_1h/run_archive/results/dso/seed0/dso_s0_g0049.json	4794
stage4_core50_12algs_5seeds_4noise_1h/run_archive/results/dso/seed0/dso_s0_g0050.json	4962
stage4_core50_12algs_5seeds_4noise_1h/run_archive/results/dso/seed1/dso_s1_g0001.json	4731
stage4_core50_12algs_5seeds_4noise_1h/run_archive/results/dso/seed1/dso_s1_g0002.json	5274
stage4_core50_12algs_5seeds_4noise_1h/run_archive/results/dso/seed1/dso_s1_g0003.json	5225
stage4_core50_12algs_5seeds_4noise_1h/run_archive/results/dso/seed1/dso_s1_g0004.json	4941
stage4_core50_12algs_5seeds_4noise_1h/run_archive/results/dso/seed1/dso_s1_g0005.json	4756
stage4_core50_12algs_5seeds_4noise_1h/run_archive/results/dso/seed1/dso_s1_g0006.json	4617
stage4_core50_12algs_5seeds_4noise_1h/run_archive/results/dso/seed1/dso_s1_g0007.json	4808
stage4_core50_12algs_5seeds_4noise_1h/run_archive/results/dso/seed1/dso_s1_g0008.json	4736
stage4_core50_12algs_5seeds_4noise_1h/run_archive/results/dso/seed1/dso_s1_g0009.json	4540
stage4_core50_12algs_5seeds_4noise_1h/run_archive/results/dso/seed1/dso_s1_g0010.json	4500
stage4_core50_12algs_5seeds_4noise_1h/run_archive/results/dso/seed1/dso_s1_g0011.json	5022
stage4_core50_12algs_5seeds_4noise_1h/run_archive/results/dso/seed1/dso_s1_g0012.json	4760
stage4_core50_12algs_5seeds_4noise_1h/run_archive/results/dso/seed1/dso_s1_g0013.json	5162
stage4_core50_12algs_5seeds_4noise_1h/run_archive/results/dso/seed1/dso_s1_g0014.json	5305
stage4_core50_12algs_5seeds_4noise_1h/run_archive/results/dso/seed1/dso_s1_g0015.json	4837
stage4_core50_12algs_5seeds_4noise_1h/run_archive/results/dso/seed1/dso_s1_g0016.json	4713
stage4_core50_12algs_5seeds_4noise_1h/run_archive/results/dso/seed1/dso_s1_g0017.json	4865
stage4_core50_12algs_5seeds_4noise_1h/run_archive/results/dso/seed1/dso_s1_g0018.json	4915
stage4_core50_12algs_5seeds_4noise_1h/run_archive/results/dso/seed1/dso_s1_g0019.json	5483
stage4_core50_12algs_5seeds_4noise_1h/run_archive/results/dso/seed1/dso_s1_g0020.json	5029
stage4_core50_12algs_5seeds_4noise_1h/run_archive/results/dso/seed1/dso_s1_g0021.json	5144
stage4_core50_12algs_5seeds_4noise_1h/run_archive/results/dso/seed1/dso_s1_g0022.json	5048
stage4_core50_12algs_5seeds_4noise_1h/run_archive/results/dso/seed1/dso_s1_g0023.json	4973
stage4_core50_12algs_5seeds_4noise_1h/run_archive/results/dso/seed1/dso_s1_g0024.json	5044
stage4_core50_12algs_5seeds_4noise_1h/run_archive/results/dso/seed1/dso_s1_g0025.json	4872
stage4_core50_12algs_5seeds_4noise_1h/run_archive/results/dso/seed1/dso_s1_g0026.json	5351
stage4_core50_12algs_5seeds_4noise_1h/run_archive/results/dso/seed1/dso_s1_g0027.json	4866
stage4_core50_12algs_5seeds_4noise_1h/run_archive/results/dso/seed1/dso_s1_g0028.json	5137
stage4_core50_12algs_5seeds_4noise_1h/run_archive/results/dso/seed1/dso_s1_g0029.json	4783
stage4_core50_12algs_5seeds_4noise_1h/run_archive/results/dso/seed1/dso_s1_g0030.json	5180
stage4_core50_12algs_5seeds_4noise_1h/run_archive/results/dso/seed1/dso_s1_g0031.json	4915
stage4_core50_12algs_5seeds_4noise_1h/run_archive/results/dso/seed1/dso_s1_g0032.json	4586
stage4_core50_12algs_5seeds_4noise_1h/run_archive/results/dso/seed1/dso_s1_g0033.json	5169
stage4_core50_12algs_5seeds_4noise_1h/run_archive/results/dso/seed1/dso_s1_g0034.json	4666
stage4_core50_12algs_5seeds_4noise_1h/run_archive/results/dso/seed1/dso_s1_g0035.json	4880
stage4_core50_12algs_5seeds_4noise_1h/run_archive/results/dso/seed1/dso_s1_g0036.json	4857
stage4_core50_12algs_5seeds_4noise_1h/run_archive/results/dso/seed1/dso_s1_g0037.json	4767
stage4_core50_12algs_5seeds_4noise_1h/run_archive/results/dso/seed1/dso_s1_g0038.json	4821
stage4_core50_12algs_5seeds_4noise_1h/run_archive/results/dso/seed1/dso_s1_g0039.json	4785
stage4_core50_12algs_5seeds_4noise_1h/run_archive/results/dso/seed1/dso_s1_g0040.json	4888
stage4_core50_12algs_5seeds_4noise_1h/run_archive/results/dso/seed1/dso_s1_g0041.json	4764
stage4_core50_12algs_5seeds_4noise_1h/run_archive/results/dso/seed1/dso_s1_g0042.json	4846
stage4_core50_12algs_5seeds_4noise_1h/run_archive/results/dso/seed1/dso_s1_g0043.json	4895
stage4_core50_12algs_5seeds_4noise_1h/run_archive/results/dso/seed1/dso_s1_g0044.json	5175
stage4_core50_12algs_5seeds_4noise_1h/run_archive/results/dso/seed1/dso_s1_g0045.json	5050
stage4_core50_12algs_5seeds_4noise_1h/run_archive/results/dso/seed1/dso_s1_g0046.json	5011
stage4_core50_12algs_5seeds_4noise_1h/run_archive/results/dso/seed1/dso_s1_g0047.json	4916
stage4_core50_12algs_5seeds_4noise_1h/run_archive/results/dso/seed1/dso_s1_g0048.json	5049
stage4_core50_12algs_5seeds_4noise_1h/run_archive/results/dso/seed1/dso_s1_g0049.json	4699
stage4_core50_12algs_5seeds_4noise_1h/run_archive/results/dso/seed1/dso_s1_g0050.json	5010
stage4_core50_12algs_5seeds_4noise_1h/run_archive/results/dso/seed2/dso_s2_g0001.json	4731
stage4_core50_12algs_5seeds_4noise_1h/run_archive/results/dso/seed2/dso_s2_g0002.json	5104
stage4_core50_12algs_5seeds_4noise_1h/run_archive/results/dso/seed2/dso_s2_g0003.json	5120
stage4_core50_12algs_5seeds_4noise_1h/run_archive/results/dso/seed2/dso_s2_g0004.json	5065
stage4_core50_12algs_5seeds_4noise_1h/run_archive/results/dso/seed2/dso_s2_g0005.json	4635
stage4_core50_12algs_5seeds_4noise_1h/run_archive/results/dso/seed2/dso_s2_g0006.json	4717
stage4_core50_12algs_5seeds_4noise_1h/run_archive/results/dso/seed2/dso_s2_g0007.json	4808
stage4_core50_12algs_5seeds_4noise_1h/run_archive/results/dso/seed2/dso_s2_g0008.json	5047
stage4_core50_12algs_5seeds_4noise_1h/run_archive/results/dso/seed2/dso_s2_g0009.json	4539
stage4_core50_12algs_5seeds_4noise_1h/run_archive/results/dso/seed2/dso_s2_g0010.json	4499
stage4_core50_12algs_5seeds_4noise_1h/run_archive/results/dso/seed2/dso_s2_g0011.json	4918
stage4_core50_12algs_5seeds_4noise_1h/run_archive/results/dso/seed2/dso_s2_g0012.json	4759
stage4_core50_12algs_5seeds_4noise_1h/run_archive/results/dso/seed2/dso_s2_g0013.json	5102
stage4_core50_12algs_5seeds_4noise_1h/run_archive/results/dso/seed2/dso_s2_g0014.json	5334
stage4_core50_12algs_5seeds_4noise_1h/run_archive/results/dso/seed2/dso_s2_g0015.json	4837
stage4_core50_12algs_5seeds_4noise_1h/run_archive/results/dso/seed2/dso_s2_g0016.json	4941
stage4_core50_12algs_5seeds_4noise_1h/run_archive/results/dso/seed2/dso_s2_g0017.json	4864
stage4_core50_12algs_5seeds_4noise_1h/run_archive/results/dso/seed2/dso_s2_g0018.json	4915
stage4_core50_12algs_5seeds_4noise_1h/run_archive/results/dso/seed2/dso_s2_g0019.json	5389
stage4_core50_12algs_5seeds_4noise_1h/run_archive/results/dso/seed2/dso_s2_g0020.json	5177
stage4_core50_12algs_5seeds_4noise_1h/run_archive/results/dso/seed2/dso_s2_g0021.json	5130
stage4_core50_12algs_5seeds_4noise_1h/run_archive/results/dso/seed2/dso_s2_g0022.json	4949
stage4_core50_12algs_5seeds_4noise_1h/run_archive/results/dso/seed2/dso_s2_g0023.json	5108
stage4_core50_12algs_5seeds_4noise_1h/run_archive/results/dso/seed2/dso_s2_g0024.json	4944
stage4_core50_12algs_5seeds_4noise_1h/run_archive/results/dso/seed2/dso_s2_g0025.json	5142
stage4_core50_12algs_5seeds_4noise_1h/run_archive/results/dso/seed2/dso_s2_g0026.json	5408
stage4_core50_12algs_5seeds_4noise_1h/run_archive/results/dso/seed2/dso_s2_g0027.json	4866
stage4_core50_12algs_5seeds_4noise_1h/run_archive/results/dso/seed2/dso_s2_g0028.json	5949
stage4_core50_12algs_5seeds_4noise_1h/run_archive/results/dso/seed2/dso_s2_g0029.json	4784
stage4_core50_12algs_5seeds_4noise_1h/run_archive/results/dso/seed2/dso_s2_g0030.json	5252
stage4_core50_12algs_5seeds_4noise_1h/run_archive/results/dso/seed2/dso_s2_g0031.json	4915
stage4_core50_12algs_5seeds_4noise_1h/run_archive/results/dso/seed2/dso_s2_g0032.json	4587
stage4_core50_12algs_5seeds_4noise_1h/run_archive/results/dso/seed2/dso_s2_g0033.json	5361
stage4_core50_12algs_5seeds_4noise_1h/run_archive/results/dso/seed2/dso_s2_g0034.json	4806
stage4_core50_12algs_5seeds_4noise_1h/run_archive/results/dso/seed2/dso_s2_g0035.json	4939
stage4_core50_12algs_5seeds_4noise_1h/run_archive/results/dso/seed2/dso_s2_g0036.json	5186
stage4_core50_12algs_5seeds_4noise_1h/run_archive/results/dso/seed2/dso_s2_g0037.json	4778
stage4_core50_12algs_5seeds_4noise_1h/run_archive/results/dso/seed2/dso_s2_g0038.json	4851
stage4_core50_12algs_5seeds_4noise_1h/run_archive/results/dso/seed2/dso_s2_g0039.json	4746
stage4_core50_12algs_5seeds_4noise_1h/run_archive/results/dso/seed2/dso_s2_g0040.json	4888
stage4_core50_12algs_5seeds_4noise_1h/run_archive/results/dso/seed2/dso_s2_g0041.json	4748
stage4_core50_12algs_5seeds_4noise_1h/run_archive/results/dso/seed2/dso_s2_g0042.json	4951
stage4_core50_12algs_5seeds_4noise_1h/run_archive/results/dso/seed2/dso_s2_g0043.json	4758
stage4_core50_12algs_5seeds_4noise_1h/run_archive/results/dso/seed2/dso_s2_g0044.json	5210
stage4_core50_12algs_5seeds_4noise_1h/run_archive/results/dso/seed2/dso_s2_g0045.json	5117
stage4_core50_12algs_5seeds_4noise_1h/run_archive/results/dso/seed2/dso_s2_g0046.json	5224
stage4_core50_12algs_5seeds_4noise_1h/run_archive/results/dso/seed2/dso_s2_g0047.json	4988
stage4_core50_12algs_5seeds_4noise_1h/run_archive/results/dso/seed2/dso_s2_g0048.json	4853
stage4_core50_12algs_5seeds_4noise_1h/run_archive/results/dso/seed2/dso_s2_g0049.json	4979
stage4_core50_12algs_5seeds_4noise_1h/run_archive/results/dso/seed2/dso_s2_g0050.json	5126
stage4_core50_12algs_5seeds_4noise_1h/run_archive/results/dso/seed3/dso_s3_g0001.json	4731
stage4_core50_12algs_5seeds_4noise_1h/run_archive/results/dso/seed3/dso_s3_g0002.json	4871
stage4_core50_12algs_5seeds_4noise_1h/run_archive/results/dso/seed3/dso_s3_g0003.json	5242
stage4_core50_12algs_5seeds_4noise_1h/run_archive/results/dso/seed3/dso_s3_g0004.json	4716
stage4_core50_12algs_5seeds_4noise_1h/run_archive/results/dso/seed3/dso_s3_g0005.json	4681
stage4_core50_12algs_5seeds_4noise_1h/run_archive/results/dso/seed3/dso_s3_g0006.json	4629
stage4_core50_12algs_5seeds_4noise_1h/run_archive/results/dso/seed3/dso_s3_g0007.json	4836
stage4_core50_12algs_5seeds_4noise_1h/run_archive/results/dso/seed3/dso_s3_g0008.json	4784
stage4_core50_12algs_5seeds_4noise_1h/run_archive/results/dso/seed3/dso_s3_g0009.json	4539
stage4_core50_12algs_5seeds_4noise_1h/run_archive/results/dso/seed3/dso_s3_g0010.json	4500
stage4_core50_12algs_5seeds_4noise_1h/run_archive/results/dso/seed3/dso_s3_g0011.json	4874
stage4_core50_12algs_5seeds_4noise_1h/run_archive/results/dso/seed3/dso_s3_g0012.json	4759
stage4_core50_12algs_5seeds_4noise_1h/run_archive/results/dso/seed3/dso_s3_g0013.json	4805
stage4_core50_12algs_5seeds_4noise_1h/run_archive/results/dso/seed3/dso_s3_g0014.json	5067
stage4_core50_12algs_5seeds_4noise_1h/run_archive/results/dso/seed3/dso_s3_g0015.json	4837
stage4_core50_12algs_5seeds_4noise_1h/run_archive/results/dso/seed3/dso_s3_g0016.json	4713
stage4_core50_12algs_5seeds_4noise_1h/run_archive/results/dso/seed3/dso_s3_g0017.json	4865
stage4_core50_12algs_5seeds_4noise_1h/run_archive/results/dso/seed3/dso_s3_g0018.json	5110
stage4_core50_12algs_5seeds_4noise_1h/run_archive/results/dso/seed3/dso_s3_g0019.json	5323
stage4_core50_12algs_5seeds_4noise_1h/run_archive/results/dso/seed3/dso_s3_g0020.json	5506
stage4_core50_12algs_5seeds_4noise_1h/run_archive/results/dso/seed3/dso_s3_g0021.json	5238
stage4_core50_12algs_5seeds_4noise_1h/run_archive/results/dso/seed3/dso_s3_g0022.json	5018
stage4_core50_12algs_5seeds_4noise_1h/run_archive/results/dso/seed3/dso_s3_g0023.json	5047
stage4_core50_12algs_5seeds_4noise_1h/run_archive/results/dso/seed3/dso_s3_g0024.json	5182
stage4_core50_12algs_5seeds_4noise_1h/run_archive/results/dso/seed3/dso_s3_g0025.json	5057
stage4_core50_12algs_5seeds_4noise_1h/run_archive/results/dso/seed3/dso_s3_g0026.json	4987
stage4_core50_12algs_5seeds_4noise_1h/run_archive/results/dso/seed3/dso_s3_g0027.json	4867
stage4_core50_12algs_5seeds_4noise_1h/run_archive/results/dso/seed3/dso_s3_g0028.json	5269
stage4_core50_12algs_5seeds_4noise_1h/run_archive/results/dso/seed3/dso_s3_g0029.json	4784
stage4_core50_12algs_5seeds_4noise_1h/run_archive/results/dso/seed3/dso_s3_g0030.json	5170
stage4_core50_12algs_5seeds_4noise_1h/run_archive/results/dso/seed3/dso_s3_g0031.json	4985
stage4_core50_12algs_5seeds_4noise_1h/run_archive/results/dso/seed3/dso_s3_g0032.json	4587
stage4_core50_12algs_5seeds_4noise_1h/run_archive/results/dso/seed3/dso_s3_g0033.json	5106
stage4_core50_12algs_5seeds_4noise_1h/run_archive/results/dso/seed3/dso_s3_g0034.json	4722
stage4_core50_12algs_5seeds_4noise_1h/run_archive/results/dso/seed3/dso_s3_g0035.json	4787
stage4_core50_12algs_5seeds_4noise_1h/run_archive/results/dso/seed3/dso_s3_g0036.json	4962
stage4_core50_12algs_5seeds_4noise_1h/run_archive/results/dso/seed3/dso_s3_g0037.json	4770
stage4_core50_12algs_5seeds_4noise_1h/run_archive/results/dso/seed3/dso_s3_g0038.json	4812
stage4_core50_12algs_5seeds_4noise_1h/run_archive/results/dso/seed3/dso_s3_g0039.json	4871
stage4_core50_12algs_5seeds_4noise_1h/run_archive/results/dso/seed3/dso_s3_g0040.json	4888
stage4_core50_12algs_5seeds_4noise_1h/run_archive/results/dso/seed3/dso_s3_g0041.json	4772
stage4_core50_12algs_5seeds_4noise_1h/run_archive/results/dso/seed3/dso_s3_g0042.json	4956
stage4_core50_12algs_5seeds_4noise_1h/run_archive/results/dso/seed3/dso_s3_g0043.json	4820
stage4_core50_12algs_5seeds_4noise_1h/run_archive/results/dso/seed3/dso_s3_g0044.json	5068
stage4_core50_12algs_5seeds_4noise_1h/run_archive/results/dso/seed3/dso_s3_g0045.json	5197
stage4_core50_12algs_5seeds_4noise_1h/run_archive/results/dso/seed3/dso_s3_g0046.json	5190
stage4_core50_12algs_5seeds_4noise_1h/run_archive/results/dso/seed3/dso_s3_g0047.json	5216
stage4_core50_12algs_5seeds_4noise_1h/run_archive/results/dso/seed3/dso_s3_g0048.json	5074
stage4_core50_12algs_5seeds_4noise_1h/run_archive/results/dso/seed3/dso_s3_g0049.json	4817
stage4_core50_12algs_5seeds_4noise_1h/run_archive/results/dso/seed3/dso_s3_g0050.json	4878
stage4_core50_12algs_5seeds_4noise_1h/run_archive/results/dso/seed4/dso_s4_g0001.json	4731
stage4_core50_12algs_5seeds_4noise_1h/run_archive/results/dso/seed4/dso_s4_g0002.json	5177
stage4_core50_12algs_5seeds_4noise_1h/run_archive/results/dso/seed4/dso_s4_g0003.json	5022
stage4_core50_12algs_5seeds_4noise_1h/run_archive/results/dso/seed4/dso_s4_g0004.json	4981
stage4_core50_12algs_5seeds_4noise_1h/run_archive/results/dso/seed4/dso_s4_g0005.json	4811
stage4_core50_12algs_5seeds_4noise_1h/run_archive/results/dso/seed4/dso_s4_g0006.json	4730
stage4_core50_12algs_5seeds_4noise_1h/run_archive/results/dso/seed4/dso_s4_g0007.json	4814
stage4_core50_12algs_5seeds_4noise_1h/run_archive/results/dso/seed4/dso_s4_g0008.json	4956
stage4_core50_12algs_5seeds_4noise_1h/run_archive/results/dso/seed4/dso_s4_g0009.json	4539
stage4_core50_12algs_5seeds_4noise_1h/run_archive/results/dso/seed4/dso_s4_g0010.json	4500
stage4_core50_12algs_5seeds_4noise_1h/run_archive/results/dso/seed4/dso_s4_g0011.json	5032
stage4_core50_12algs_5seeds_4noise_1h/run_archive/results/dso/seed4/dso_s4_g0012.json	4759
stage4_core50_12algs_5seeds_4noise_1h/run_archive/results/dso/seed4/dso_s4_g0013.json	5065
stage4_core50_12algs_5seeds_4noise_1h/run_archive/results/dso/seed4/dso_s4_g0014.json	5425
stage4_core50_12algs_5seeds_4noise_1h/run_archive/results/dso/seed4/dso_s4_g0015.json	4988
stage4_core50_12algs_5seeds_4noise_1h/run_archive/results/dso/seed4/dso_s4_g0016.json	4713
stage4_core50_12algs_5seeds_4noise_1h/run_archive/results/dso/seed4/dso_s4_g0017.json	4867
stage4_core50_12algs_5seeds_4noise_1h/run_archive/results/dso/seed4/dso_s4_g0018.json	4915
stage4_core50_12algs_5seeds_4noise_1h/run_archive/results/dso/seed4/dso_s4_g0019.json	5306
stage4_core50_12algs_5seeds_4noise_1h/run_archive/results/dso/seed4/dso_s4_g0020.json	5506
stage4_core50_12algs_5seeds_4noise_1h/run_archive/results/dso/seed4/dso_s4_g0021.json	4977
stage4_core50_12algs_5seeds_4noise_1h/run_archive/results/dso/seed4/dso_s4_g0022.json	5048
stage4_core50_12algs_5seeds_4noise_1h/run_archive/results/dso/seed4/dso_s4_g0023.json	4977
stage4_core50_12algs_5seeds_4noise_1h/run_archive/results/dso/seed4/dso_s4_g0024.json	4935
stage4_core50_12algs_5seeds_4noise_1h/run_archive/results/dso/seed4/dso_s4_g0025.json	5043
stage4_core50_12algs_5seeds_4noise_1h/run_archive/results/dso/seed4/dso_s4_g0026.json	5249
stage4_core50_12algs_5seeds_4noise_1h/run_archive/results/dso/seed4/dso_s4_g0027.json	4866
stage4_core50_12algs_5seeds_4noise_1h/run_archive/results/dso/seed4/dso_s4_g0028.json	5176
stage4_core50_12algs_5seeds_4noise_1h/run_archive/results/dso/seed4/dso_s4_g0029.json	4875
stage4_core50_12algs_5seeds_4noise_1h/run_archive/results/dso/seed4/dso_s4_g0030.json	5816
stage4_core50_12algs_5seeds_4noise_1h/run_archive/results/dso/seed4/dso_s4_g0031.json	4915
stage4_core50_12algs_5seeds_4noise_1h/run_archive/results/dso/seed4/dso_s4_g0032.json	5212
stage4_core50_12algs_5seeds_4noise_1h/run_archive/results/dso/seed4/dso_s4_g0033.json	4920
stage4_core50_12algs_5seeds_4noise_1h/run_archive/results/dso/seed4/dso_s4_g0034.json	4778
stage4_core50_12algs_5seeds_4noise_1h/run_archive/results/dso/seed4/dso_s4_g0035.json	4888
stage4_core50_12algs_5seeds_4noise_1h/run_archive/results/dso/seed4/dso_s4_g0036.json	4936
stage4_core50_12algs_5seeds_4noise_1h/run_archive/results/dso/seed4/dso_s4_g0037.json	5004
stage4_core50_12algs_5seeds_4noise_1h/run_archive/results/dso/seed4/dso_s4_g0038.json	4808
stage4_core50_12algs_5seeds_4noise_1h/run_archive/results/dso/seed4/dso_s4_g0039.json	4805
stage4_core50_12algs_5seeds_4noise_1h/run_archive/results/dso/seed4/dso_s4_g0040.json	4888
stage4_core50_12algs_5seeds_4noise_1h/run_archive/results/dso/seed4/dso_s4_g0041.json	4884
stage4_core50_12algs_5seeds_4noise_1h/run_archive/results/dso/seed4/dso_s4_g0042.json	5480
stage4_core50_12algs_5seeds_4noise_1h/run_archive/results/dso/seed4/dso_s4_g0043.json	4866
stage4_core50_12algs_5seeds_4noise_1h/run_archive/results/dso/seed4/dso_s4_g0044.json	5083
stage4_core50_12algs_5seeds_4noise_1h/run_archive/results/dso/seed4/dso_s4_g0045.json	5137
stage4_core50_12algs_5seeds_4noise_1h/run_archive/results/dso/seed4/dso_s4_g0046.json	5240
stage4_core50_12algs_5seeds_4noise_1h/run_archive/results/dso/seed4/dso_s4_g0047.json	5047
stage4_core50_12algs_5seeds_4noise_1h/run_archive/results/dso/seed4/dso_s4_g0048.json	4717
stage4_core50_12algs_5seeds_4noise_1h/run_archive/results/dso/seed4/dso_s4_g0049.json	4699
stage4_core50_12algs_5seeds_4noise_1h/run_archive/results/dso/seed4/dso_s4_g0050.json	5028
stage4_core50_12algs_5seeds_4noise_1h/run_archive/results/e2esr/seed0/e2esr_s0_g0001.json	5647
stage4_core50_12algs_5seeds_4noise_1h/run_archive/results/e2esr/seed0/e2esr_s0_g0002.json	6184
stage4_core50_12algs_5seeds_4noise_1h/run_archive/results/e2esr/seed0/e2esr_s0_g0003.json	6233
stage4_core50_12algs_5seeds_4noise_1h/run_archive/results/e2esr/seed0/e2esr_s0_g0004.json	4805
stage4_core50_12algs_5seeds_4noise_1h/run_archive/results/e2esr/seed0/e2esr_s0_g0005.json	4523
stage4_core50_12algs_5seeds_4noise_1h/run_archive/results/e2esr/seed0/e2esr_s0_g0006.json	5418
stage4_core50_12algs_5seeds_4noise_1h/run_archive/results/e2esr/seed0/e2esr_s0_g0007.json	5176
stage4_core50_12algs_5seeds_4noise_1h/run_archive/results/e2esr/seed0/e2esr_s0_g0008.json	4458
stage4_core50_12algs_5seeds_4noise_1h/run_archive/results/e2esr/seed0/e2esr_s0_g0009.json	4181
stage4_core50_12algs_5seeds_4noise_1h/run_archive/results/e2esr/seed0/e2esr_s0_g0010.json	5385
stage4_core50_12algs_5seeds_4noise_1h/run_archive/results/e2esr/seed0/e2esr_s0_g0011.json	4896
stage4_core50_12algs_5seeds_4noise_1h/run_archive/results/e2esr/seed0/e2esr_s0_g0012.json	5719
stage4_core50_12algs_5seeds_4noise_1h/run_archive/results/e2esr/seed0/e2esr_s0_g0013.json	4645
stage4_core50_12algs_5seeds_4noise_1h/run_archive/results/e2esr/seed0/e2esr_s0_g0014.json	8622
stage4_core50_12algs_5seeds_4noise_1h/run_archive/results/e2esr/seed0/e2esr_s0_g0015.json	6054
stage4_core50_12algs_5seeds_4noise_1h/run_archive/results/e2esr/seed0/e2esr_s0_g0016.json	5116
stage4_core50_12algs_5seeds_4noise_1h/run_archive/results/e2esr/seed0/e2esr_s0_g0017.json	5273
stage4_core50_12algs_5seeds_4noise_1h/run_archive/results/e2esr/seed0/e2esr_s0_g0018.json	5373
stage4_core50_12algs_5seeds_4noise_1h/run_archive/results/e2esr/seed0/e2esr_s0_g0019.json	4940
stage4_core50_12algs_5seeds_4noise_1h/run_archive/results/e2esr/seed0/e2esr_s0_g0020.json	4710
stage4_core50_12algs_5seeds_4noise_1h/run_archive/results/e2esr/seed0/e2esr_s0_g0021.json	7339
stage4_core50_12algs_5seeds_4noise_1h/run_archive/results/e2esr/seed0/e2esr_s0_g0022.json	6220
stage4_core50_12algs_5seeds_4noise_1h/run_archive/results/e2esr/seed0/e2esr_s0_g0023.json	6475
stage4_core50_12algs_5seeds_4noise_1h/run_archive/results/e2esr/seed0/e2esr_s0_g0024.json	4217
stage4_core50_12algs_5seeds_4noise_1h/run_archive/results/e2esr/seed0/e2esr_s0_g0025.json	6430
stage4_core50_12algs_5seeds_4noise_1h/run_archive/results/e2esr/seed0/e2esr_s0_g0026.json	4628
stage4_core50_12algs_5seeds_4noise_1h/run_archive/results/e2esr/seed0/e2esr_s0_g0027.json	5493
stage4_core50_12algs_5seeds_4noise_1h/run_archive/results/e2esr/seed0/e2esr_s0_g0028.json	5400
stage4_core50_12algs_5seeds_4noise_1h/run_archive/results/e2esr/seed0/e2esr_s0_g0029.json	6357
stage4_core50_12algs_5seeds_4noise_1h/run_archive/results/e2esr/seed0/e2esr_s0_g0030.json	5652
stage4_core50_12algs_5seeds_4noise_1h/run_archive/results/e2esr/seed0/e2esr_s0_g0031.json	6107
stage4_core50_12algs_5seeds_4noise_1h/run_archive/results/e2esr/seed0/e2esr_s0_g0032.json	7316
stage4_core50_12algs_5seeds_4noise_1h/run_archive/results/e2esr/seed0/e2esr_s0_g0033.json	5334
stage4_core50_12algs_5seeds_4noise_1h/run_archive/results/e2esr/seed0/e2esr_s0_g0034.json	5195
stage4_core50_12algs_5seeds_4noise_1h/run_archive/results/e2esr/seed0/e2esr_s0_g0035.json	4837
stage4_core50_12algs_5seeds_4noise_1h/run_archive/results/e2esr/seed0/e2esr_s0_g0036.json	4962
stage4_core50_12algs_5seeds_4noise_1h/run_archive/results/e2esr/seed0/e2esr_s0_g0037.json	4292
stage4_core50_12algs_5seeds_4noise_1h/run_archive/results/e2esr/seed0/e2esr_s0_g0038.json	5892
stage4_core50_12algs_5seeds_4noise_1h/run_archive/results/e2esr/seed0/e2esr_s0_g0039.json	3974
stage4_core50_12algs_5seeds_4noise_1h/run_archive/results/e2esr/seed0/e2esr_s0_g0040.json	7092
stage4_core50_12algs_5seeds_4noise_1h/run_archive/results/e2esr/seed0/e2esr_s0_g0041.json	5711
stage4_core50_12algs_5seeds_4noise_1h/run_archive/results/e2esr/seed0/e2esr_s0_g0042.json	7247
stage4_core50_12algs_5seeds_4noise_1h/run_archive/results/e2esr/seed0/e2esr_s0_g0043.json	4529
stage4_core50_12algs_5seeds_4noise_1h/run_archive/results/e2esr/seed0/e2esr_s0_g0044.json	7639
stage4_core50_12algs_5seeds_4noise_1h/run_archive/results/e2esr/seed0/e2esr_s0_g0045.json	7394
stage4_core50_12algs_5seeds_4noise_1h/run_archive/results/e2esr/seed0/e2esr_s0_g0046.json	7179
stage4_core50_12algs_5seeds_4noise_1h/run_archive/results/e2esr/seed0/e2esr_s0_g0047.json	5396
stage4_core50_12algs_5seeds_4noise_1h/run_archive/results/e2esr/seed0/e2esr_s0_g0048.json	5009
stage4_core50_12algs_5seeds_4noise_1h/run_archive/results/e2esr/seed0/e2esr_s0_g0049.json	5014
stage4_core50_12algs_5seeds_4noise_1h/run_archive/results/e2esr/seed0/e2esr_s0_g0050.json	6504
stage4_core50_12algs_5seeds_4noise_1h/run_archive/results/e2esr/seed1/e2esr_s1_g0001.json	4973
stage4_core50_12algs_5seeds_4noise_1h/run_archive/results/e2esr/seed1/e2esr_s1_g0002.json	4864
stage4_core50_12algs_5seeds_4noise_1h/run_archive/results/e2esr/seed1/e2esr_s1_g0003.json	6338
stage4_core50_12algs_5seeds_4noise_1h/run_archive/results/e2esr/seed1/e2esr_s1_g0004.json	6481
stage4_core50_12algs_5seeds_4noise_1h/run_archive/results/e2esr/seed1/e2esr_s1_g0005.json	4523
stage4_core50_12algs_5seeds_4noise_1h/run_archive/results/e2esr/seed1/e2esr_s1_g0006.json	4562
stage4_core50_12algs_5seeds_4noise_1h/run_archive/results/e2esr/seed1/e2esr_s1_g0007.json	6352
stage4_core50_12algs_5seeds_4noise_1h/run_archive/results/e2esr/seed1/e2esr_s1_g0008.json	5984
stage4_core50_12algs_5seeds_4noise_1h/run_archive/results/e2esr/seed1/e2esr_s1_g0009.json	4249
stage4_core50_12algs_5seeds_4noise_1h/run_archive/results/e2esr/seed1/e2esr_s1_g0010.json	5595
stage4_core50_12algs_5seeds_4noise_1h/run_archive/results/e2esr/seed1/e2esr_s1_g0011.json	6557
stage4_core50_12algs_5seeds_4noise_1h/run_archive/results/e2esr/seed1/e2esr_s1_g0012.json	5382
stage4_core50_12algs_5seeds_4noise_1h/run_archive/results/e2esr/seed1/e2esr_s1_g0013.json	6515
stage4_core50_12algs_5seeds_4noise_1h/run_archive/results/e2esr/seed1/e2esr_s1_g0014.json	7264
stage4_core50_12algs_5seeds_4noise_1h/run_archive/results/e2esr/seed1/e2esr_s1_g0015.json	5312
stage4_core50_12algs_5seeds_4noise_1h/run_archive/results/e2esr/seed1/e2esr_s1_g0016.json	4790
stage4_core50_12algs_5seeds_4noise_1h/run_archive/results/e2esr/seed1/e2esr_s1_g0017.json	6423
stage4_core50_12algs_5seeds_4noise_1h/run_archive/results/e2esr/seed1/e2esr_s1_g0018.json	6020
stage4_core50_12algs_5seeds_4noise_1h/run_archive/results/e2esr/seed1/e2esr_s1_g0019.json	5496
stage4_core50_12algs_5seeds_4noise_1h/run_archive/results/e2esr/seed1/e2esr_s1_g0020.json	4711
stage4_core50_12algs_5seeds_4noise_1h/run_archive/results/e2esr/seed1/e2esr_s1_g0021.json	6985
stage4_core50_12algs_5seeds_4noise_1h/run_archive/results/e2esr/seed1/e2esr_s1_g0022.json	6480
stage4_core50_12algs_5seeds_4noise_1h/run_archive/results/e2esr/seed1/e2esr_s1_g0023.json	6227
stage4_core50_12algs_5seeds_4noise_1h/run_archive/results/e2esr/seed1/e2esr_s1_g0024.json	4217
stage4_core50_12algs_5seeds_4noise_1h/run_archive/results/e2esr/seed1/e2esr_s1_g0025.json	5358
stage4_core50_12algs_5seeds_4noise_1h/run_archive/results/e2esr/seed1/e2esr_s1_g0026.json	7048
stage4_core50_12algs_5seeds_4noise_1h/run_archive/results/e2esr/seed1/e2esr_s1_g0027.json	5492
stage4_core50_12algs_5seeds_4noise_1h/run_archive/results/e2esr/seed1/e2esr_s1_g0028.json	6193
stage4_core50_12algs_5seeds_4noise_1h/run_archive/results/e2esr/seed1/e2esr_s1_g0029.json	4700
stage4_core50_12algs_5seeds_4noise_1h/run_archive/results/e2esr/seed1/e2esr_s1_g0030.json	5514
stage4_core50_12algs_5seeds_4noise_1h/run_archive/results/e2esr/seed1/e2esr_s1_g0031.json	6856
stage4_core50_12algs_5seeds_4noise_1h/run_archive/results/e2esr/seed1/e2esr_s1_g0032.json	6080
stage4_core50_12algs_5seeds_4noise_1h/run_archive/results/e2esr/seed1/e2esr_s1_g0033.json	6959
stage4_core50_12algs_5seeds_4noise_1h/run_archive/results/e2esr/seed1/e2esr_s1_g0034.json	4707
stage4_core50_12algs_5seeds_4noise_1h/run_archive/results/e2esr/seed1/e2esr_s1_g0035.json	4872
stage4_core50_12algs_5seeds_4noise_1h/run_archive/results/e2esr/seed1/e2esr_s1_g0036.json	4854
stage4_core50_12algs_5seeds_4noise_1h/run_archive/results/e2esr/seed1/e2esr_s1_g0037.json	4292
stage4_core50_12algs_5seeds_4noise_1h/run_archive/results/e2esr/seed1/e2esr_s1_g0038.json	5097
stage4_core50_12algs_5seeds_4noise_1h/run_archive/results/e2esr/seed1/e2esr_s1_g0039.json	4298
stage4_core50_12algs_5seeds_4noise_1h/run_archive/results/e2esr/seed1/e2esr_s1_g0040.json	5992
stage4_core50_12algs_5seeds_4noise_1h/run_archive/results/e2esr/seed1/e2esr_s1_g0041.json	5329
stage4_core50_12algs_5seeds_4noise_1h/run_archive/results/e2esr/seed1/e2esr_s1_g0042.json	6374
stage4_core50_12algs_5seeds_4noise_1h/run_archive/results/e2esr/seed1/e2esr_s1_g0043.json	5175
stage4_core50_12algs_5seeds_4noise_1h/run_archive/results/e2esr/seed1/e2esr_s1_g0044.json	6505
stage4_core50_12algs_5seeds_4noise_1h/run_archive/results/e2esr/seed1/e2esr_s1_g0045.json	7711
stage4_core50_12algs_5seeds_4noise_1h/run_archive/results/e2esr/seed1/e2esr_s1_g0046.json	6923
stage4_core50_12algs_5seeds_4noise_1h/run_archive/results/e2esr/seed1/e2esr_s1_g0047.json	5897
stage4_core50_12algs_5seeds_4noise_1h/run_archive/results/e2esr/seed1/e2esr_s1_g0048.json	5365
stage4_core50_12algs_5seeds_4noise_1h/run_archive/results/e2esr/seed1/e2esr_s1_g0049.json	4963
stage4_core50_12algs_5seeds_4noise_1h/run_archive/results/e2esr/seed1/e2esr_s1_g0050.json	6771
stage4_core50_12algs_5seeds_4noise_1h/run_archive/results/e2esr/seed2/e2esr_s2_g0001.json	4813
stage4_core50_12algs_5seeds_4noise_1h/run_archive/results/e2esr/seed2/e2esr_s2_g0002.json	4864
stage4_core50_12algs_5seeds_4noise_1h/run_archive/results/e2esr/seed2/e2esr_s2_g0003.json	6494
stage4_core50_12algs_5seeds_4noise_1h/run_archive/results/e2esr/seed2/e2esr_s2_g0004.json	5219
stage4_core50_12algs_5seeds_4noise_1h/run_archive/results/e2esr/seed2/e2esr_s2_g0005.json	5307
stage4_core50_12algs_5seeds_4noise_1h/run_archive/results/e2esr/seed2/e2esr_s2_g0006.json	6057
stage4_core50_12algs_5seeds_4noise_1h/run_archive/results/e2esr/seed2/e2esr_s2_g0007.json	5176
stage4_core50_12algs_5seeds_4noise_1h/run_archive/results/e2esr/seed2/e2esr_s2_g0008.json	5040
stage4_core50_12algs_5seeds_4noise_1h/run_archive/results/e2esr/seed2/e2esr_s2_g0009.json	4682
stage4_core50_12algs_5seeds_4noise_1h/run_archive/results/e2esr/seed2/e2esr_s2_g0010.json	5803
stage4_core50_12algs_5seeds_4noise_1h/run_archive/results/e2esr/seed2/e2esr_s2_g0011.json	4896
stage4_core50_12algs_5seeds_4noise_1h/run_archive/results/e2esr/seed2/e2esr_s2_g0012.json	6237
stage4_core50_12algs_5seeds_4noise_1h/run_archive/results/e2esr/seed2/e2esr_s2_g0013.json	5540
stage4_core50_12algs_5seeds_4noise_1h/run_archive/results/e2esr/seed2/e2esr_s2_g0014.json	6710
stage4_core50_12algs_5seeds_4noise_1h/run_archive/results/e2esr/seed2/e2esr_s2_g0015.json	5653
stage4_core50_12algs_5seeds_4noise_1h/run_archive/results/e2esr/seed2/e2esr_s2_g0016.json	4802
stage4_core50_12algs_5seeds_4noise_1h/run_archive/results/e2esr/seed2/e2esr_s2_g0017.json	5707
stage4_core50_12algs_5seeds_4noise_1h/run_archive/results/e2esr/seed2/e2esr_s2_g0018.json	4965
stage4_core50_12algs_5seeds_4noise_1h/run_archive/results/e2esr/seed2/e2esr_s2_g0019.json	5525
stage4_core50_12algs_5seeds_4noise_1h/run_archive/results/e2esr/seed2/e2esr_s2_g0020.json	4711
stage4_core50_12algs_5seeds_4noise_1h/run_archive/results/e2esr/seed2/e2esr_s2_g0021.json	6179
stage4_core50_12algs_5seeds_4noise_1h/run_archive/results/e2esr/seed2/e2esr_s2_g0022.json	6564
stage4_core50_12algs_5seeds_4noise_1h/run_archive/results/e2esr/seed2/e2esr_s2_g0023.json	6298
stage4_core50_12algs_5seeds_4noise_1h/run_archive/results/e2esr/seed2/e2esr_s2_g0024.json	4217
stage4_core50_12algs_5seeds_4noise_1h/run_archive/results/e2esr/seed2/e2esr_s2_g0025.json	6833
stage4_core50_12algs_5seeds_4noise_1h/run_archive/results/e2esr/seed2/e2esr_s2_g0026.json	5999
stage4_core50_12algs_5seeds_4noise_1h/run_archive/results/e2esr/seed2/e2esr_s2_g0027.json	5493
stage4_core50_12algs_5seeds_4noise_1h/run_archive/results/e2esr/seed2/e2esr_s2_g0028.json	5329
stage4_core50_12algs_5seeds_4noise_1h/run_archive/results/e2esr/seed2/e2esr_s2_g0029.json	5667
stage4_core50_12algs_5seeds_4noise_1h/run_archive/results/e2esr/seed2/e2esr_s2_g0030.json	6246
stage4_core50_12algs_5seeds_4noise_1h/run_archive/results/e2esr/seed2/e2esr_s2_g0031.json	6451
stage4_core50_12algs_5seeds_4noise_1h/run_archive/results/e2esr/seed2/e2esr_s2_g0032.json	5549
stage4_core50_12algs_5seeds_4noise_1h/run_archive/results/e2esr/seed2/e2esr_s2_g0033.json	7833
stage4_core50_12algs_5seeds_4noise_1h/run_archive/results/e2esr/seed2/e2esr_s2_g0034.json	4172
stage4_core50_12algs_5seeds_4noise_1h/run_archive/results/e2esr/seed2/e2esr_s2_g0035.json	4872
stage4_core50_12algs_5seeds_4noise_1h/run_archive/results/e2esr/seed2/e2esr_s2_g0036.json	4817
stage4_core50_12algs_5seeds_4noise_1h/run_archive/results/e2esr/seed2/e2esr_s2_g0037.json	4103
stage4_core50_12algs_5seeds_4noise_1h/run_archive/results/e2esr/seed2/e2esr_s2_g0038.json	6130
stage4_core50_12algs_5seeds_4noise_1h/run_archive/results/e2esr/seed2/e2esr_s2_g0039.json	5211
stage4_core50_12algs_5seeds_4noise_1h/run_archive/results/e2esr/seed2/e2esr_s2_g0040.json	6023
stage4_core50_12algs_5seeds_4noise_1h/run_archive/results/e2esr/seed2/e2esr_s2_g0041.json	4979
stage4_core50_12algs_5seeds_4noise_1h/run_archive/results/e2esr/seed2/e2esr_s2_g0042.json	5338
stage4_core50_12algs_5seeds_4noise_1h/run_archive/results/e2esr/seed2/e2esr_s2_g0043.json	4450
stage4_core50_12algs_5seeds_4noise_1h/run_archive/results/e2esr/seed2/e2esr_s2_g0044.json	6328
stage4_core50_12algs_5seeds_4noise_1h/run_archive/results/e2esr/seed2/e2esr_s2_g0045.json	7608
stage4_core50_12algs_5seeds_4noise_1h/run_archive/results/e2esr/seed2/e2esr_s2_g0046.json	6311
stage4_core50_12algs_5seeds_4noise_1h/run_archive/results/e2esr/seed2/e2esr_s2_g0047.json	5514
stage4_core50_12algs_5seeds_4noise_1h/run_archive/results/e2esr/seed2/e2esr_s2_g0048.json	5150
stage4_core50_12algs_5seeds_4noise_1h/run_archive/results/e2esr/seed2/e2esr_s2_g0049.json	6186
stage4_core50_12algs_5seeds_4noise_1h/run_archive/results/e2esr/seed2/e2esr_s2_g0050.json	5832
stage4_core50_12algs_5seeds_4noise_1h/run_archive/results/e2esr/seed3/e2esr_s3_g0001.json	5220
stage4_core50_12algs_5seeds_4noise_1h/run_archive/results/e2esr/seed3/e2esr_s3_g0002.json	5883
stage4_core50_12algs_5seeds_4noise_1h/run_archive/results/e2esr/seed3/e2esr_s3_g0003.json	6190
stage4_core50_12algs_5seeds_4noise_1h/run_archive/results/e2esr/seed3/e2esr_s3_g0004.json	6578
stage4_core50_12algs_5seeds_4noise_1h/run_archive/results/e2esr/seed3/e2esr_s3_g0005.json	5652
stage4_core50_12algs_5seeds_4noise_1h/run_archive/results/e2esr/seed3/e2esr_s3_g0006.json	5088
stage4_core50_12algs_5seeds_4noise_1h/run_archive/results/e2esr/seed3/e2esr_s3_g0007.json	5176
stage4_core50_12algs_5seeds_4noise_1h/run_archive/results/e2esr/seed3/e2esr_s3_g0008.json	4312
stage4_core50_12algs_5seeds_4noise_1h/run_archive/results/e2esr/seed3/e2esr_s3_g0009.json	4840
stage4_core50_12algs_5seeds_4noise_1h/run_archive/results/e2esr/seed3/e2esr_s3_g0010.json	4937
stage4_core50_12algs_5seeds_4noise_1h/run_archive/results/e2esr/seed3/e2esr_s3_g0011.json	5773
stage4_core50_12algs_5seeds_4noise_1h/run_archive/results/e2esr/seed3/e2esr_s3_g0012.json	6497
stage4_core50_12algs_5seeds_4noise_1h/run_archive/results/e2esr/seed3/e2esr_s3_g0013.json	4900
stage4_core50_12algs_5seeds_4noise_1h/run_archive/results/e2esr/seed3/e2esr_s3_g0014.json	7790
stage4_core50_12algs_5seeds_4noise_1h/run_archive/results/e2esr/seed3/e2esr_s3_g0015.json	5943
stage4_core50_12algs_5seeds_4noise_1h/run_archive/results/e2esr/seed3/e2esr_s3_g0016.json	4802
stage4_core50_12algs_5seeds_4noise_1h/run_archive/results/e2esr/seed3/e2esr_s3_g0017.json	6820
stage4_core50_12algs_5seeds_4noise_1h/run_archive/results/e2esr/seed3/e2esr_s3_g0018.json	6020
stage4_core50_12algs_5seeds_4noise_1h/run_archive/results/e2esr/seed3/e2esr_s3_g0019.json	5525
stage4_core50_12algs_5seeds_4noise_1h/run_archive/results/e2esr/seed3/e2esr_s3_g0020.json	4711
stage4_core50_12algs_5seeds_4noise_1h/run_archive/results/e2esr/seed3/e2esr_s3_g0021.json	5194
stage4_core50_12algs_5seeds_4noise_1h/run_archive/results/e2esr/seed3/e2esr_s3_g0022.json	6607
stage4_core50_12algs_5seeds_4noise_1h/run_archive/results/e2esr/seed3/e2esr_s3_g0023.json	6847
stage4_core50_12algs_5seeds_4noise_1h/run_archive/results/e2esr/seed3/e2esr_s3_g0024.json	4846
stage4_core50_12algs_5seeds_4noise_1h/run_archive/results/e2esr/seed3/e2esr_s3_g0025.json	5448
stage4_core50_12algs_5seeds_4noise_1h/run_archive/results/e2esr/seed3/e2esr_s3_g0026.json	6099
stage4_core50_12algs_5seeds_4noise_1h/run_archive/results/e2esr/seed3/e2esr_s3_g0027.json	5493
stage4_core50_12algs_5seeds_4noise_1h/run_archive/results/e2esr/seed3/e2esr_s3_g0028.json	6051
stage4_core50_12algs_5seeds_4noise_1h/run_archive/results/e2esr/seed3/e2esr_s3_g0029.json	4699
stage4_core50_12algs_5seeds_4noise_1h/run_archive/results/e2esr/seed3/e2esr_s3_g0030.json	5814
stage4_core50_12algs_5seeds_4noise_1h/run_archive/results/e2esr/seed3/e2esr_s3_g0031.json	5365
stage4_core50_12algs_5seeds_4noise_1h/run_archive/results/e2esr/seed3/e2esr_s3_g0032.json	7214
stage4_core50_12algs_5seeds_4noise_1h/run_archive/results/e2esr/seed3/e2esr_s3_g0033.json	7436
stage4_core50_12algs_5seeds_4noise_1h/run_archive/results/e2esr/seed3/e2esr_s3_g0034.json	4111
stage4_core50_12algs_5seeds_4noise_1h/run_archive/results/e2esr/seed3/e2esr_s3_g0035.json	4865
stage4_core50_12algs_5seeds_4noise_1h/run_archive/results/e2esr/seed3/e2esr_s3_g0036.json	4141
stage4_core50_12algs_5seeds_4noise_1h/run_archive/results/e2esr/seed3/e2esr_s3_g0037.json	5379
stage4_core50_12algs_5seeds_4noise_1h/run_archive/results/e2esr/seed3/e2esr_s3_g0038.json	5361
stage4_core50_12algs_5seeds_4noise_1h/run_archive/results/e2esr/seed3/e2esr_s3_g0039.json	5560
stage4_core50_12algs_5seeds_4noise_1h/run_archive/results/e2esr/seed3/e2esr_s3_g0040.json	4916
stage4_core50_12algs_5seeds_4noise_1h/run_archive/results/e2esr/seed3/e2esr_s3_g0041.json	5311
stage4_core50_12algs_5seeds_4noise_1h/run_archive/results/e2esr/seed3/e2esr_s3_g0042.json	6055
stage4_core50_12algs_5seeds_4noise_1h/run_archive/results/e2esr/seed3/e2esr_s3_g0043.json	4678
stage4_core50_12algs_5seeds_4noise_1h/run_archive/results/e2esr/seed3/e2esr_s3_g0044.json	6995
stage4_core50_12algs_5seeds_4noise_1h/run_archive/results/e2esr/seed3/e2esr_s3_g0045.json	7480
stage4_core50_12algs_5seeds_4noise_1h/run_archive/results/e2esr/seed3/e2esr_s3_g0046.json	8128
stage4_core50_12algs_5seeds_4noise_1h/run_archive/results/e2esr/seed3/e2esr_s3_g0047.json	4644
stage4_core50_12algs_5seeds_4noise_1h/run_archive/results/e2esr/seed3/e2esr_s3_g0048.json	5339
stage4_core50_12algs_5seeds_4noise_1h/run_archive/results/e2esr/seed3/e2esr_s3_g0049.json	5664
stage4_core50_12algs_5seeds_4noise_1h/run_archive/results/e2esr/seed3/e2esr_s3_g0050.json	5989
stage4_core50_12algs_5seeds_4noise_1h/run_archive/results/e2esr/seed4/e2esr_s4_g0001.json	4862
stage4_core50_12algs_5seeds_4noise_1h/run_archive/results/e2esr/seed4/e2esr_s4_g0002.json	5638
stage4_core50_12algs_5seeds_4noise_1h/run_archive/results/e2esr/seed4/e2esr_s4_g0003.json	6881
stage4_core50_12algs_5seeds_4noise_1h/run_archive/results/e2esr/seed4/e2esr_s4_g0004.json	5117
stage4_core50_12algs_5seeds_4noise_1h/run_archive/results/e2esr/seed4/e2esr_s4_g0005.json	4952
stage4_core50_12algs_5seeds_4noise_1h/run_archive/results/e2esr/seed4/e2esr_s4_g0006.json	6053
stage4_core50_12algs_5seeds_4noise_1h/run_archive/results/e2esr/seed4/e2esr_s4_g0007.json	5176
stage4_core50_12algs_5seeds_4noise_1h/run_archive/results/e2esr/seed4/e2esr_s4_g0008.json	4312
stage4_core50_12algs_5seeds_4noise_1h/run_archive/results/e2esr/seed4/e2esr_s4_g0009.json	4875
stage4_core50_12algs_5seeds_4noise_1h/run_archive/results/e2esr/seed4/e2esr_s4_g0010.json	5160
stage4_core50_12algs_5seeds_4noise_1h/run_archive/results/e2esr/seed4/e2esr_s4_g0011.json	4896
stage4_core50_12algs_5seeds_4noise_1h/run_archive/results/e2esr/seed4/e2esr_s4_g0012.json	5780
stage4_core50_12algs_5seeds_4noise_1h/run_archive/results/e2esr/seed4/e2esr_s4_g0013.json	4189
stage4_core50_12algs_5seeds_4noise_1h/run_archive/results/e2esr/seed4/e2esr_s4_g0014.json	7530
stage4_core50_12algs_5seeds_4noise_1h/run_archive/results/e2esr/seed4/e2esr_s4_g0015.json	5901
stage4_core50_12algs_5seeds_4noise_1h/run_archive/results/e2esr/seed4/e2esr_s4_g0016.json	4802
stage4_core50_12algs_5seeds_4noise_1h/run_archive/results/e2esr/seed4/e2esr_s4_g0017.json	5932
stage4_core50_12algs_5seeds_4noise_1h/run_archive/results/e2esr/seed4/e2esr_s4_g0018.json	6020
stage4_core50_12algs_5seeds_4noise_1h/run_archive/results/e2esr/seed4/e2esr_s4_g0019.json	5525
stage4_core50_12algs_5seeds_4noise_1h/run_archive/results/e2esr/seed4/e2esr_s4_g0020.json	4712
stage4_core50_12algs_5seeds_4noise_1h/run_archive/results/e2esr/seed4/e2esr_s4_g0021.json	7256
stage4_core50_12algs_5seeds_4noise_1h/run_archive/results/e2esr/seed4/e2esr_s4_g0022.json	6403
stage4_core50_12algs_5seeds_4noise_1h/run_archive/results/e2esr/seed4/e2esr_s4_g0023.json	7313
stage4_core50_12algs_5seeds_4noise_1h/run_archive/results/e2esr/seed4/e2esr_s4_g0024.json	4217
stage4_core50_12algs_5seeds_4noise_1h/run_archive/results/e2esr/seed4/e2esr_s4_g0025.json	5351
stage4_core50_12algs_5seeds_4noise_1h/run_archive/results/e2esr/seed4/e2esr_s4_g0026.json	4822
stage4_core50_12algs_5seeds_4noise_1h/run_archive/results/e2esr/seed4/e2esr_s4_g0027.json	5493
stage4_core50_12algs_5seeds_4noise_1h/run_archive/results/e2esr/seed4/e2esr_s4_g0028.json	5904
stage4_core50_12algs_5seeds_4noise_1h/run_archive/results/e2esr/seed4/e2esr_s4_g0029.json	4794
stage4_core50_12algs_5seeds_4noise_1h/run_archive/results/e2esr/seed4/e2esr_s4_g0030.json	6106
stage4_core50_12algs_5seeds_4noise_1h/run_archive/results/e2esr/seed4/e2esr_s4_g0031.json	4708
stage4_core50_12algs_5seeds_4noise_1h/run_archive/results/e2esr/seed4/e2esr_s4_g0032.json	6053
stage4_core50_12algs_5seeds_4noise_1h/run_archive/results/e2esr/seed4/e2esr_s4_g0033.json	7804
stage4_core50_12algs_5seeds_4noise_1h/run_archive/results/e2esr/seed4/e2esr_s4_g0034.json	4103
stage4_core50_12algs_5seeds_4noise_1h/run_archive/results/e2esr/seed4/e2esr_s4_g0035.json	5541
stage4_core50_12algs_5seeds_4noise_1h/run_archive/results/e2esr/seed4/e2esr_s4_g0036.json	4812
stage4_core50_12algs_5seeds_4noise_1h/run_archive/results/e2esr/seed4/e2esr_s4_g0037.json	4104
stage4_core50_12algs_5seeds_4noise_1h/run_archive/results/e2esr/seed4/e2esr_s4_g0038.json	5749
stage4_core50_12algs_5seeds_4noise_1h/run_archive/results/e2esr/seed4/e2esr_s4_g0039.json	4158
stage4_core50_12algs_5seeds_4noise_1h/run_archive/results/e2esr/seed4/e2esr_s4_g0040.json	6535
stage4_core50_12algs_5seeds_4noise_1h/run_archive/results/e2esr/seed4/e2esr_s4_g0041.json	4909
stage4_core50_12algs_5seeds_4noise_1h/run_archive/results/e2esr/seed4/e2esr_s4_g0042.json	5260
stage4_core50_12algs_5seeds_4noise_1h/run_archive/results/e2esr/seed4/e2esr_s4_g0043.json	4646
stage4_core50_12algs_5seeds_4noise_1h/run_archive/results/e2esr/seed4/e2esr_s4_g0044.json	5791
stage4_core50_12algs_5seeds_4noise_1h/run_archive/results/e2esr/seed4/e2esr_s4_g0045.json	7247
stage4_core50_12algs_5seeds_4noise_1h/run_archive/results/e2esr/seed4/e2esr_s4_g0046.json	7064
stage4_core50_12algs_5seeds_4noise_1h/run_archive/results/e2esr/seed4/e2esr_s4_g0047.json	4643
stage4_core50_12algs_5seeds_4noise_1h/run_archive/results/e2esr/seed4/e2esr_s4_g0048.json	5560
stage4_core50_12algs_5seeds_4noise_1h/run_archive/results/e2esr/seed4/e2esr_s4_g0049.json	5700
stage4_core50_12algs_5seeds_4noise_1h/run_archive/results/e2esr/seed4/e2esr_s4_g0050.json	4645
stage4_core50_12algs_5seeds_4noise_1h/run_archive/results/gplearn/seed0/gplearn_s0_g0001.json	6069
stage4_core50_12algs_5seeds_4noise_1h/run_archive/results/gplearn/seed0/gplearn_s0_g0002.json	51783
stage4_core50_12algs_5seeds_4noise_1h/run_archive/results/gplearn/seed0/gplearn_s0_g0003.json	4277
stage4_core50_12algs_5seeds_4noise_1h/run_archive/results/gplearn/seed0/gplearn_s0_g0004.json	4144
stage4_core50_12algs_5seeds_4noise_1h/run_archive/results/gplearn/seed0/gplearn_s0_g0005.json	6232
stage4_core50_12algs_5seeds_4noise_1h/run_archive/results/gplearn/seed0/gplearn_s0_g0006.json	4444
stage4_core50_12algs_5seeds_4noise_1h/run_archive/results/gplearn/seed0/gplearn_s0_g0007.json	6280
stage4_core50_12algs_5seeds_4noise_1h/run_archive/results/gplearn/seed0/gplearn_s0_g0008.json	4337
stage4_core50_12algs_5seeds_4noise_1h/run_archive/results/gplearn/seed0/gplearn_s0_g0009.json	4156
stage4_core50_12algs_5seeds_4noise_1h/run_archive/results/gplearn/seed0/gplearn_s0_g0010.json	4419
stage4_core50_12algs_5seeds_4noise_1h/run_archive/results/gplearn/seed0/gplearn_s0_g0011.json	4338
stage4_core50_12algs_5seeds_4noise_1h/run_archive/results/gplearn/seed0/gplearn_s0_g0012.json	4827
stage4_core50_12algs_5seeds_4noise_1h/run_archive/results/gplearn/seed0/gplearn_s0_g0013.json	4179
stage4_core50_12algs_5seeds_4noise_1h/run_archive/results/gplearn/seed0/gplearn_s0_g0014.json	47103
stage4_core50_12algs_5seeds_4noise_1h/run_archive/results/gplearn/seed0/gplearn_s0_g0015.json	4522
stage4_core50_12algs_5seeds_4noise_1h/run_archive/results/gplearn/seed0/gplearn_s0_g0016.json	4385
stage4_core50_12algs_5seeds_4noise_1h/run_archive/results/gplearn/seed0/gplearn_s0_g0017.json	5249
stage4_core50_12algs_5seeds_4noise_1h/run_archive/results/gplearn/seed0/gplearn_s0_g0018.json	4564
stage4_core50_12algs_5seeds_4noise_1h/run_archive/results/gplearn/seed0/gplearn_s0_g0019.json	118016
stage4_core50_12algs_5seeds_4noise_1h/run_archive/results/gplearn/seed0/gplearn_s0_g0020.json	5161
stage4_core50_12algs_5seeds_4noise_1h/run_archive/results/gplearn/seed0/gplearn_s0_g0021.json	59822
stage4_core50_12algs_5seeds_4noise_1h/run_archive/results/gplearn/seed0/gplearn_s0_g0022.json	4480
stage4_core50_12algs_5seeds_4noise_1h/run_archive/results/gplearn/seed0/gplearn_s0_g0023.json	5599
stage4_core50_12algs_5seeds_4noise_1h/run_archive/results/gplearn/seed0/gplearn_s0_g0024.json	5254
stage4_core50_12algs_5seeds_4noise_1h/run_archive/results/gplearn/seed0/gplearn_s0_g0025.json	4523
stage4_core50_12algs_5seeds_4noise_1h/run_archive/results/gplearn/seed0/gplearn_s0_g0026.json	4629
stage4_core50_12algs_5seeds_4noise_1h/run_archive/results/gplearn/seed0/gplearn_s0_g0027.json	5416
stage4_core50_12algs_5seeds_4noise_1h/run_archive/results/gplearn/seed0/gplearn_s0_g0028.json	74104
stage4_core50_12algs_5seeds_4noise_1h/run_archive/results/gplearn/seed0/gplearn_s0_g0029.json	5416
stage4_core50_12algs_5seeds_4noise_1h/run_archive/results/gplearn/seed0/gplearn_s0_g0030.json	59788
stage4_core50_12algs_5seeds_4noise_1h/run_archive/results/gplearn/seed0/gplearn_s0_g0031.json	5609
stage4_core50_12algs_5seeds_4noise_1h/run_archive/results/gplearn/seed0/gplearn_s0_g0032.json	4232
stage4_core50_12algs_5seeds_4noise_1h/run_archive/results/gplearn/seed0/gplearn_s0_g0033.json	4466
stage4_core50_12algs_5seeds_4noise_1h/run_archive/results/gplearn/seed0/gplearn_s0_g0034.json	4210
stage4_core50_12algs_5seeds_4noise_1h/run_archive/results/gplearn/seed0/gplearn_s0_g0035.json	4161
stage4_core50_12algs_5seeds_4noise_1h/run_archive/results/gplearn/seed0/gplearn_s0_g0036.json	4269
stage4_core50_12algs_5seeds_4noise_1h/run_archive/results/gplearn/seed0/gplearn_s0_g0037.json	4446
stage4_core50_12algs_5seeds_4noise_1h/run_archive/results/gplearn/seed0/gplearn_s0_g0038.json	4332
stage4_core50_12algs_5seeds_4noise_1h/run_archive/results/gplearn/seed0/gplearn_s0_g0039.json	4002
stage4_core50_12algs_5seeds_4noise_1h/run_archive/results/gplearn/seed0/gplearn_s0_g0040.json	6188
stage4_core50_12algs_5seeds_4noise_1h/run_archive/results/gplearn/seed0/gplearn_s0_g0041.json	4333
stage4_core50_12algs_5seeds_4noise_1h/run_archive/results/gplearn/seed0/gplearn_s0_g0042.json	5042
stage4_core50_12algs_5seeds_4noise_1h/run_archive/results/gplearn/seed0/gplearn_s0_g0043.json	4384
stage4_core50_12algs_5seeds_4noise_1h/run_archive/results/gplearn/seed0/gplearn_s0_g0044.json	4339
stage4_core50_12algs_5seeds_4noise_1h/run_archive/results/gplearn/seed0/gplearn_s0_g0045.json	4375
stage4_core50_12algs_5seeds_4noise_1h/run_archive/results/gplearn/seed0/gplearn_s0_g0046.json	4639
stage4_core50_12algs_5seeds_4noise_1h/run_archive/results/gplearn/seed0/gplearn_s0_g0047.json	5534
stage4_core50_12algs_5seeds_4noise_1h/run_archive/results/gplearn/seed0/gplearn_s0_g0048.json	8155
stage4_core50_12algs_5seeds_4noise_1h/run_archive/results/gplearn/seed0/gplearn_s0_g0049.json	4186
stage4_core50_12algs_5seeds_4noise_1h/run_archive/results/gplearn/seed0/gplearn_s0_g0050.json	4292
stage4_core50_12algs_5seeds_4noise_1h/run_archive/results/gplearn/seed1/gplearn_s1_g0001.json	5799
stage4_core50_12algs_5seeds_4noise_1h/run_archive/results/gplearn/seed1/gplearn_s1_g0002.json	35015
stage4_core50_12algs_5seeds_4noise_1h/run_archive/results/gplearn/seed1/gplearn_s1_g0003.json	4277
stage4_core50_12algs_5seeds_4noise_1h/run_archive/results/gplearn/seed1/gplearn_s1_g0004.json	4148
stage4_core50_12algs_5seeds_4noise_1h/run_archive/results/gplearn/seed1/gplearn_s1_g0005.json	4234
stage4_core50_12algs_5seeds_4noise_1h/run_archive/results/gplearn/seed1/gplearn_s1_g0006.json	4533
stage4_core50_12algs_5seeds_4noise_1h/run_archive/results/gplearn/seed1/gplearn_s1_g0007.json	5325
stage4_core50_12algs_5seeds_4noise_1h/run_archive/results/gplearn/seed1/gplearn_s1_g0008.json	4329
stage4_core50_12algs_5seeds_4noise_1h/run_archive/results/gplearn/seed1/gplearn_s1_g0009.json	4421
stage4_core50_12algs_5seeds_4noise_1h/run_archive/results/gplearn/seed1/gplearn_s1_g0010.json	4115
stage4_core50_12algs_5seeds_4noise_1h/run_archive/results/gplearn/seed1/gplearn_s1_g0011.json	4337
stage4_core50_12algs_5seeds_4noise_1h/run_archive/results/gplearn/seed1/gplearn_s1_g0012.json	4825
stage4_core50_12algs_5seeds_4noise_1h/run_archive/results/gplearn/seed1/gplearn_s1_g0013.json	4320
stage4_core50_12algs_5seeds_4noise_1h/run_archive/results/gplearn/seed1/gplearn_s1_g0014.json	59086
stage4_core50_12algs_5seeds_4noise_1h/run_archive/results/gplearn/seed1/gplearn_s1_g0015.json	4802
stage4_core50_12algs_5seeds_4noise_1h/run_archive/results/gplearn/seed1/gplearn_s1_g0016.json	5544
stage4_core50_12algs_5seeds_4noise_1h/run_archive/results/gplearn/seed1/gplearn_s1_g0017.json	4819
stage4_core50_12algs_5seeds_4noise_1h/run_archive/results/gplearn/seed1/gplearn_s1_g0018.json	4566
stage4_core50_12algs_5seeds_4noise_1h/run_archive/results/gplearn/seed1/gplearn_s1_g0019.json	74270
stage4_core50_12algs_5seeds_4noise_1h/run_archive/results/gplearn/seed1/gplearn_s1_g0020.json	5120
stage4_core50_12algs_5seeds_4noise_1h/run_archive/results/gplearn/seed1/gplearn_s1_g0021.json	78328
stage4_core50_12algs_5seeds_4noise_1h/run_archive/results/gplearn/seed1/gplearn_s1_g0022.json	4480
stage4_core50_12algs_5seeds_4noise_1h/run_archive/results/gplearn/seed1/gplearn_s1_g0023.json	9011
stage4_core50_12algs_5seeds_4noise_1h/run_archive/results/gplearn/seed1/gplearn_s1_g0024.json	5846
stage4_core50_12algs_5seeds_4noise_1h/run_archive/results/gplearn/seed1/gplearn_s1_g0025.json	4396
stage4_core50_12algs_5seeds_4noise_1h/run_archive/results/gplearn/seed1/gplearn_s1_g0026.json	4557
stage4_core50_12algs_5seeds_4noise_1h/run_archive/results/gplearn/seed1/gplearn_s1_g0027.json	4512
stage4_core50_12algs_5seeds_4noise_1h/run_archive/results/gplearn/seed1/gplearn_s1_g0028.json	84948
stage4_core50_12algs_5seeds_4noise_1h/run_archive/results/gplearn/seed1/gplearn_s1_g0029.json	5595
stage4_core50_12algs_5seeds_4noise_1h/run_archive/results/gplearn/seed1/gplearn_s1_g0030.json	4247
stage4_core50_12algs_5seeds_4noise_1h/run_archive/results/gplearn/seed1/gplearn_s1_g0031.json	5415
stage4_core50_12algs_5seeds_4noise_1h/run_archive/results/gplearn/seed1/gplearn_s1_g0032.json	4359
stage4_core50_12algs_5seeds_4noise_1h/run_archive/results/gplearn/seed1/gplearn_s1_g0033.json	4447
stage4_core50_12algs_5seeds_4noise_1h/run_archive/results/gplearn/seed1/gplearn_s1_g0034.json	4168
stage4_core50_12algs_5seeds_4noise_1h/run_archive/results/gplearn/seed1/gplearn_s1_g0035.json	4164
stage4_core50_12algs_5seeds_4noise_1h/run_archive/results/gplearn/seed1/gplearn_s1_g0036.json	4264
stage4_core50_12algs_5seeds_4noise_1h/run_archive/results/gplearn/seed1/gplearn_s1_g0037.json	4220
stage4_core50_12algs_5seeds_4noise_1h/run_archive/results/gplearn/seed1/gplearn_s1_g0038.json	4446
stage4_core50_12algs_5seeds_4noise_1h/run_archive/results/gplearn/seed1/gplearn_s1_g0039.json	4165
stage4_core50_12algs_5seeds_4noise_1h/run_archive/results/gplearn/seed1/gplearn_s1_g0040.json	5337
stage4_core50_12algs_5seeds_4noise_1h/run_archive/results/gplearn/seed1/gplearn_s1_g0041.json	4550
stage4_core50_12algs_5seeds_4noise_1h/run_archive/results/gplearn/seed1/gplearn_s1_g0042.json	4887
stage4_core50_12algs_5seeds_4noise_1h/run_archive/results/gplearn/seed1/gplearn_s1_g0043.json	4272
stage4_core50_12algs_5seeds_4noise_1h/run_archive/results/gplearn/seed1/gplearn_s1_g0044.json	4339
stage4_core50_12algs_5seeds_4noise_1h/run_archive/results/gplearn/seed1/gplearn_s1_g0045.json	4375
stage4_core50_12algs_5seeds_4noise_1h/run_archive/results/gplearn/seed1/gplearn_s1_g0046.json	4809
stage4_core50_12algs_5seeds_4noise_1h/run_archive/results/gplearn/seed1/gplearn_s1_g0047.json	6434
stage4_core50_12algs_5seeds_4noise_1h/run_archive/results/gplearn/seed1/gplearn_s1_g0048.json	7913
stage4_core50_12algs_5seeds_4noise_1h/run_archive/results/gplearn/seed1/gplearn_s1_g0049.json	4193
stage4_core50_12algs_5seeds_4noise_1h/run_archive/results/gplearn/seed1/gplearn_s1_g0050.json	4635
stage4_core50_12algs_5seeds_4noise_1h/run_archive/results/gplearn/seed2/gplearn_s2_g0001.json	4828
stage4_core50_12algs_5seeds_4noise_1h/run_archive/results/gplearn/seed2/gplearn_s2_g0002.json	32707
stage4_core50_12algs_5seeds_4noise_1h/run_archive/results/gplearn/seed2/gplearn_s2_g0003.json	4367
stage4_core50_12algs_5seeds_4noise_1h/run_archive/results/gplearn/seed2/gplearn_s2_g0004.json	4251
stage4_core50_12algs_5seeds_4noise_1h/run_archive/results/gplearn/seed2/gplearn_s2_g0005.json	4319
stage4_core50_12algs_5seeds_4noise_1h/run_archive/results/gplearn/seed2/gplearn_s2_g0006.json	4983
stage4_core50_12algs_5seeds_4noise_1h/run_archive/results/gplearn/seed2/gplearn_s2_g0007.json	5932
stage4_core50_12algs_5seeds_4noise_1h/run_archive/results/gplearn/seed2/gplearn_s2_g0008.json	4414
stage4_core50_12algs_5seeds_4noise_1h/run_archive/results/gplearn/seed2/gplearn_s2_g0009.json	4380
stage4_core50_12algs_5seeds_4noise_1h/run_archive/results/gplearn/seed2/gplearn_s2_g0010.json	4115
stage4_core50_12algs_5seeds_4noise_1h/run_archive/results/gplearn/seed2/gplearn_s2_g0011.json	4336
stage4_core50_12algs_5seeds_4noise_1h/run_archive/results/gplearn/seed2/gplearn_s2_g0012.json	4997
stage4_core50_12algs_5seeds_4noise_1h/run_archive/results/gplearn/seed2/gplearn_s2_g0013.json	4227
stage4_core50_12algs_5seeds_4noise_1h/run_archive/results/gplearn/seed2/gplearn_s2_g0014.json	96503
stage4_core50_12algs_5seeds_4noise_1h/run_archive/results/gplearn/seed2/gplearn_s2_g0015.json	4490
stage4_core50_12algs_5seeds_4noise_1h/run_archive/results/gplearn/seed2/gplearn_s2_g0016.json	6125
stage4_core50_12algs_5seeds_4noise_1h/run_archive/results/gplearn/seed2/gplearn_s2_g0017.json	4602
stage4_core50_12algs_5seeds_4noise_1h/run_archive/results/gplearn/seed2/gplearn_s2_g0018.json	6456
stage4_core50_12algs_5seeds_4noise_1h/run_archive/results/gplearn/seed2/gplearn_s2_g0019.json	194153
stage4_core50_12algs_5seeds_4noise_1h/run_archive/results/gplearn/seed2/gplearn_s2_g0020.json	5187
stage4_core50_12algs_5seeds_4noise_1h/run_archive/results/gplearn/seed2/gplearn_s2_g0021.json	417485
stage4_core50_12algs_5seeds_4noise_1h/run_archive/results/gplearn/seed2/gplearn_s2_g0022.json	4707
stage4_core50_12algs_5seeds_4noise_1h/run_archive/results/gplearn/seed2/gplearn_s2_g0023.json	7799
stage4_core50_12algs_5seeds_4noise_1h/run_archive/results/gplearn/seed2/gplearn_s2_g0024.json	5435
stage4_core50_12algs_5seeds_4noise_1h/run_archive/results/gplearn/seed2/gplearn_s2_g0025.json	4666
stage4_core50_12algs_5seeds_4noise_1h/run_archive/results/gplearn/seed2/gplearn_s2_g0026.json	4769
stage4_core50_12algs_5seeds_4noise_1h/run_archive/results/gplearn/seed2/gplearn_s2_g0027.json	4515
stage4_core50_12algs_5seeds_4noise_1h/run_archive/results/gplearn/seed2/gplearn_s2_g0028.json	218897
stage4_core50_12algs_5seeds_4noise_1h/run_archive/results/gplearn/seed2/gplearn_s2_g0029.json	4874
stage4_core50_12algs_5seeds_4noise_1h/run_archive/results/gplearn/seed2/gplearn_s2_g0030.json	4273
stage4_core50_12algs_5seeds_4noise_1h/run_archive/results/gplearn/seed2/gplearn_s2_g0031.json	5625
stage4_core50_12algs_5seeds_4noise_1h/run_archive/results/gplearn/seed2/gplearn_s2_g0032.json	4232
stage4_core50_12algs_5seeds_4noise_1h/run_archive/results/gplearn/seed2/gplearn_s2_g0033.json	4392
stage4_core50_12algs_5seeds_4noise_1h/run_archive/results/gplearn/seed2/gplearn_s2_g0034.json	4037
stage4_core50_12algs_5seeds_4noise_1h/run_archive/results/gplearn/seed2/gplearn_s2_g0035.json	4163
stage4_core50_12algs_5seeds_4noise_1h/run_archive/results/gplearn/seed2/gplearn_s2_g0036.json	4181
stage4_core50_12algs_5seeds_4noise_1h/run_archive/results/gplearn/seed2/gplearn_s2_g0037.json	4368
stage4_core50_12algs_5seeds_4noise_1h/run_archive/results/gplearn/seed2/gplearn_s2_g0038.json	4525
stage4_core50_12algs_5seeds_4noise_1h/run_archive/results/gplearn/seed2/gplearn_s2_g0039.json	4001
stage4_core50_12algs_5seeds_4noise_1h/run_archive/results/gplearn/seed2/gplearn_s2_g0040.json	4630
stage4_core50_12algs_5seeds_4noise_1h/run_archive/results/gplearn/seed2/gplearn_s2_g0041.json	4475
stage4_core50_12algs_5seeds_4noise_1h/run_archive/results/gplearn/seed2/gplearn_s2_g0042.json	4260
stage4_core50_12algs_5seeds_4noise_1h/run_archive/results/gplearn/seed2/gplearn_s2_g0043.json	4306
stage4_core50_12algs_5seeds_4noise_1h/run_archive/results/gplearn/seed2/gplearn_s2_g0044.json	4339
stage4_core50_12algs_5seeds_4noise_1h/run_archive/results/gplearn/seed2/gplearn_s2_g0045.json	4375
stage4_core50_12algs_5seeds_4noise_1h/run_archive/results/gplearn/seed2/gplearn_s2_g0046.json	5056
stage4_core50_12algs_5seeds_4noise_1h/run_archive/results/gplearn/seed2/gplearn_s2_g0047.json	5057
stage4_core50_12algs_5seeds_4noise_1h/run_archive/results/gplearn/seed2/gplearn_s2_g0048.json	8069
stage4_core50_12algs_5seeds_4noise_1h/run_archive/results/gplearn/seed2/gplearn_s2_g0049.json	4194
stage4_core50_12algs_5seeds_4noise_1h/run_archive/results/gplearn/seed2/gplearn_s2_g0050.json	4672
stage4_core50_12algs_5seeds_4noise_1h/run_archive/results/gplearn/seed3/gplearn_s3_g0001.json	4401
stage4_core50_12algs_5seeds_4noise_1h/run_archive/results/gplearn/seed3/gplearn_s3_g0002.json	57132
stage4_core50_12algs_5seeds_4noise_1h/run_archive/results/gplearn/seed3/gplearn_s3_g0003.json	4277
stage4_core50_12algs_5seeds_4noise_1h/run_archive/results/gplearn/seed3/gplearn_s3_g0004.json	4251
stage4_core50_12algs_5seeds_4noise_1h/run_archive/results/gplearn/seed3/gplearn_s3_g0005.json	4497
stage4_core50_12algs_5seeds_4noise_1h/run_archive/results/gplearn/seed3/gplearn_s3_g0006.json	4375
stage4_core50_12algs_5seeds_4noise_1h/run_archive/results/gplearn/seed3/gplearn_s3_g0007.json	10714
stage4_core50_12algs_5seeds_4noise_1h/run_archive/results/gplearn/seed3/gplearn_s3_g0008.json	4225
stage4_core50_12algs_5seeds_4noise_1h/run_archive/results/gplearn/seed3/gplearn_s3_g0009.json	4669
stage4_core50_12algs_5seeds_4noise_1h/run_archive/results/gplearn/seed3/gplearn_s3_g0010.json	4500
stage4_core50_12algs_5seeds_4noise_1h/run_archive/results/gplearn/seed3/gplearn_s3_g0011.json	4333
stage4_core50_12algs_5seeds_4noise_1h/run_archive/results/gplearn/seed3/gplearn_s3_g0012.json	4359
stage4_core50_12algs_5seeds_4noise_1h/run_archive/results/gplearn/seed3/gplearn_s3_g0013.json	4320
stage4_core50_12algs_5seeds_4noise_1h/run_archive/results/gplearn/seed3/gplearn_s3_g0014.json	80697
stage4_core50_12algs_5seeds_4noise_1h/run_archive/results/gplearn/seed3/gplearn_s3_g0015.json	5646
stage4_core50_12algs_5seeds_4noise_1h/run_archive/results/gplearn/seed3/gplearn_s3_g0016.json	4385
stage4_core50_12algs_5seeds_4noise_1h/run_archive/results/gplearn/seed3/gplearn_s3_g0017.json	4907
stage4_core50_12algs_5seeds_4noise_1h/run_archive/results/gplearn/seed3/gplearn_s3_g0018.json	4564
stage4_core50_12algs_5seeds_4noise_1h/run_archive/results/gplearn/seed3/gplearn_s3_g0019.json	56540
stage4_core50_12algs_5seeds_4noise_1h/run_archive/results/gplearn/seed3/gplearn_s3_g0020.json	5618
stage4_core50_12algs_5seeds_4noise_1h/run_archive/results/gplearn/seed3/gplearn_s3_g0021.json	105075
stage4_core50_12algs_5seeds_4noise_1h/run_archive/results/gplearn/seed3/gplearn_s3_g0022.json	4708
stage4_core50_12algs_5seeds_4noise_1h/run_archive/results/gplearn/seed3/gplearn_s3_g0023.json	9069
stage4_core50_12algs_5seeds_4noise_1h/run_archive/results/gplearn/seed3/gplearn_s3_g0024.json	5972
stage4_core50_12algs_5seeds_4noise_1h/run_archive/results/gplearn/seed3/gplearn_s3_g0025.json	4444
stage4_core50_12algs_5seeds_4noise_1h/run_archive/results/gplearn/seed3/gplearn_s3_g0026.json	4486
stage4_core50_12algs_5seeds_4noise_1h/run_archive/results/gplearn/seed3/gplearn_s3_g0027.json	8344
stage4_core50_12algs_5seeds_4noise_1h/run_archive/results/gplearn/seed3/gplearn_s3_g0028.json	111429
stage4_core50_12algs_5seeds_4noise_1h/run_archive/results/gplearn/seed3/gplearn_s3_g0029.json	5320
stage4_core50_12algs_5seeds_4noise_1h/run_archive/results/gplearn/seed3/gplearn_s3_g0030.json	100844
stage4_core50_12algs_5seeds_4noise_1h/run_archive/results/gplearn/seed3/gplearn_s3_g0031.json	5678
stage4_core50_12algs_5seeds_4noise_1h/run_archive/results/gplearn/seed3/gplearn_s3_g0032.json	4231
stage4_core50_12algs_5seeds_4noise_1h/run_archive/results/gplearn/seed3/gplearn_s3_g0033.json	4392
stage4_core50_12algs_5seeds_4noise_1h/run_archive/results/gplearn/seed3/gplearn_s3_g0034.json	4184
stage4_core50_12algs_5seeds_4noise_1h/run_archive/results/gplearn/seed3/gplearn_s3_g0035.json	4164
stage4_core50_12algs_5seeds_4noise_1h/run_archive/results/gplearn/seed3/gplearn_s3_g0036.json	4174
stage4_core50_12algs_5seeds_4noise_1h/run_archive/results/gplearn/seed3/gplearn_s3_g0037.json	4220
stage4_core50_12algs_5seeds_4noise_1h/run_archive/results/gplearn/seed3/gplearn_s3_g0038.json	4380
stage4_core50_12algs_5seeds_4noise_1h/run_archive/results/gplearn/seed3/gplearn_s3_g0039.json	4002
stage4_core50_12algs_5seeds_4noise_1h/run_archive/results/gplearn/seed3/gplearn_s3_g0040.json	4456
stage4_core50_12algs_5seeds_4noise_1h/run_archive/results/gplearn/seed3/gplearn_s3_g0041.json	4567
stage4_core50_12algs_5seeds_4noise_1h/run_archive/results/gplearn/seed3/gplearn_s3_g0042.json	5214
stage4_core50_12algs_5seeds_4noise_1h/run_archive/results/gplearn/seed3/gplearn_s3_g0043.json	4749
stage4_core50_12algs_5seeds_4noise_1h/run_archive/results/gplearn/seed3/gplearn_s3_g0044.json	4339
stage4_core50_12algs_5seeds_4noise_1h/run_archive/results/gplearn/seed3/gplearn_s3_g0045.json	4375
stage4_core50_12algs_5seeds_4noise_1h/run_archive/results/gplearn/seed3/gplearn_s3_g0046.json	4569
stage4_core50_12algs_5seeds_4noise_1h/run_archive/results/gplearn/seed3/gplearn_s3_g0047.json	6975
stage4_core50_12algs_5seeds_4noise_1h/run_archive/results/gplearn/seed3/gplearn_s3_g0048.json	11298
stage4_core50_12algs_5seeds_4noise_1h/run_archive/results/gplearn/seed3/gplearn_s3_g0049.json	4193
stage4_core50_12algs_5seeds_4noise_1h/run_archive/results/gplearn/seed3/gplearn_s3_g0050.json	4441
stage4_core50_12algs_5seeds_4noise_1h/run_archive/results/gplearn/seed4/gplearn_s4_g0001.json	5423
stage4_core50_12algs_5seeds_4noise_1h/run_archive/results/gplearn/seed4/gplearn_s4_g0002.json	36455
stage4_core50_12algs_5seeds_4noise_1h/run_archive/results/gplearn/seed4/gplearn_s4_g0003.json	4277
stage4_core50_12algs_5seeds_4noise_1h/run_archive/results/gplearn/seed4/gplearn_s4_g0004.json	4182
stage4_core50_12algs_5seeds_4noise_1h/run_archive/results/gplearn/seed4/gplearn_s4_g0005.json	5971
stage4_core50_12algs_5seeds_4noise_1h/run_archive/results/gplearn/seed4/gplearn_s4_g0006.json	4970
stage4_core50_12algs_5seeds_4noise_1h/run_archive/results/gplearn/seed4/gplearn_s4_g0007.json	5417
stage4_core50_12algs_5seeds_4noise_1h/run_archive/results/gplearn/seed4/gplearn_s4_g0008.json	4219
stage4_core50_12algs_5seeds_4noise_1h/run_archive/results/gplearn/seed4/gplearn_s4_g0009.json	4415
stage4_core50_12algs_5seeds_4noise_1h/run_archive/results/gplearn/seed4/gplearn_s4_g0010.json	4431
stage4_core50_12algs_5seeds_4noise_1h/run_archive/results/gplearn/seed4/gplearn_s4_g0011.json	4334
stage4_core50_12algs_5seeds_4noise_1h/run_archive/results/gplearn/seed4/gplearn_s4_g0012.json	4968
stage4_core50_12algs_5seeds_4noise_1h/run_archive/results/gplearn/seed4/gplearn_s4_g0013.json	4403
stage4_core50_12algs_5seeds_4noise_1h/run_archive/results/gplearn/seed4/gplearn_s4_g0014.json	64411
stage4_core50_12algs_5seeds_4noise_1h/run_archive/results/gplearn/seed4/gplearn_s4_g0015.json	5218
stage4_core50_12algs_5seeds_4noise_1h/run_archive/results/gplearn/seed4/gplearn_s4_g0016.json	4561
stage4_core50_12algs_5seeds_4noise_1h/run_archive/results/gplearn/seed4/gplearn_s4_g0017.json	4729
stage4_core50_12algs_5seeds_4noise_1h/run_archive/results/gplearn/seed4/gplearn_s4_g0018.json	4563
stage4_core50_12algs_5seeds_4noise_1h/run_archive/results/gplearn/seed4/gplearn_s4_g0019.json	32705
stage4_core50_12algs_5seeds_4noise_1h/run_archive/results/gplearn/seed4/gplearn_s4_g0020.json	4763
stage4_core50_12algs_5seeds_4noise_1h/run_archive/results/gplearn/seed4/gplearn_s4_g0021.json	80982
stage4_core50_12algs_5seeds_4noise_1h/run_archive/results/gplearn/seed4/gplearn_s4_g0022.json	4480
stage4_core50_12algs_5seeds_4noise_1h/run_archive/results/gplearn/seed4/gplearn_s4_g0023.json	6001
stage4_core50_12algs_5seeds_4noise_1h/run_archive/results/gplearn/seed4/gplearn_s4_g0024.json	5773
stage4_core50_12algs_5seeds_4noise_1h/run_archive/results/gplearn/seed4/gplearn_s4_g0025.json	4773
stage4_core50_12algs_5seeds_4noise_1h/run_archive/results/gplearn/seed4/gplearn_s4_g0026.json	4638
stage4_core50_12algs_5seeds_4noise_1h/run_archive/results/gplearn/seed4/gplearn_s4_g0027.json	4540
stage4_core50_12algs_5seeds_4noise_1h/run_archive/results/gplearn/seed4/gplearn_s4_g0028.json	85866
stage4_core50_12algs_5seeds_4noise_1h/run_archive/results/gplearn/seed4/gplearn_s4_g0029.json	4715
stage4_core50_12algs_5seeds_4noise_1h/run_archive/results/gplearn/seed4/gplearn_s4_g0030.json	67636
stage4_core50_12algs_5seeds_4noise_1h/run_archive/results/gplearn/seed4/gplearn_s4_g0031.json	5430
stage4_core50_12algs_5seeds_4noise_1h/run_archive/results/gplearn/seed4/gplearn_s4_g0032.json	4232
stage4_core50_12algs_5seeds_4noise_1h/run_archive/results/gplearn/seed4/gplearn_s4_g0033.json	4383
stage4_core50_12algs_5seeds_4noise_1h/run_archive/results/gplearn/seed4/gplearn_s4_g0034.json	4174
stage4_core50_12algs_5seeds_4noise_1h/run_archive/results/gplearn/seed4/gplearn_s4_g0035.json	4161
stage4_core50_12algs_5seeds_4noise_1h/run_archive/results/gplearn/seed4/gplearn_s4_g0036.json	4372
stage4_core50_12algs_5seeds_4noise_1h/run_archive/results/gplearn/seed4/gplearn_s4_g0037.json	4223
stage4_core50_12algs_5seeds_4noise_1h/run_archive/results/gplearn/seed4/gplearn_s4_g0038.json	4544
stage4_core50_12algs_5seeds_4noise_1h/run_archive/results/gplearn/seed4/gplearn_s4_g0039.json	4141
stage4_core50_12algs_5seeds_4noise_1h/run_archive/results/gplearn/seed4/gplearn_s4_g0040.json	4630
stage4_core50_12algs_5seeds_4noise_1h/run_archive/results/gplearn/seed4/gplearn_s4_g0041.json	4354
stage4_core50_12algs_5seeds_4noise_1h/run_archive/results/gplearn/seed4/gplearn_s4_g0042.json	5428
stage4_core50_12algs_5seeds_4noise_1h/run_archive/results/gplearn/seed4/gplearn_s4_g0043.json	4261
stage4_core50_12algs_5seeds_4noise_1h/run_archive/results/gplearn/seed4/gplearn_s4_g0044.json	4339
stage4_core50_12algs_5seeds_4noise_1h/run_archive/results/gplearn/seed4/gplearn_s4_g0045.json	4375
stage4_core50_12algs_5seeds_4noise_1h/run_archive/results/gplearn/seed4/gplearn_s4_g0046.json	5144
stage4_core50_12algs_5seeds_4noise_1h/run_archive/results/gplearn/seed4/gplearn_s4_g0047.json	6285
stage4_core50_12algs_5seeds_4noise_1h/run_archive/results/gplearn/seed4/gplearn_s4_g0048.json	9401
stage4_core50_12algs_5seeds_4noise_1h/run_archive/results/gplearn/seed4/gplearn_s4_g0049.json	4191
stage4_core50_12algs_5seeds_4noise_1h/run_archive/results/gplearn/seed4/gplearn_s4_g0050.json	4525
stage4_core50_12algs_5seeds_4noise_1h/run_archive/results/imcts/seed0/imcts_s0_g0001.json	4457
stage4_core50_12algs_5seeds_4noise_1h/run_archive/results/imcts/seed0/imcts_s0_g0002.json	5373
stage4_core50_12algs_5seeds_4noise_1h/run_archive/results/imcts/seed0/imcts_s0_g0003.json	5135
stage4_core50_12algs_5seeds_4noise_1h/run_archive/results/imcts/seed0/imcts_s0_g0004.json	4059
stage4_core50_12algs_5seeds_4noise_1h/run_archive/results/imcts/seed0/imcts_s0_g0005.json	4343
stage4_core50_12algs_5seeds_4noise_1h/run_archive/results/imcts/seed0/imcts_s0_g0006.json	4170
stage4_core50_12algs_5seeds_4noise_1h/run_archive/results/imcts/seed0/imcts_s0_g0007.json	4247
stage4_core50_12algs_5seeds_4noise_1h/run_archive/results/imcts/seed0/imcts_s0_g0008.json	4291
stage4_core50_12algs_5seeds_4noise_1h/run_archive/results/imcts/seed0/imcts_s0_g0009.json	4360
stage4_core50_12algs_5seeds_4noise_1h/run_archive/results/imcts/seed0/imcts_s0_g0010.json	4228
stage4_core50_12algs_5seeds_4noise_1h/run_archive/results/imcts/seed0/imcts_s0_g0011.json	5986
stage4_core50_12algs_5seeds_4noise_1h/run_archive/results/imcts/seed0/imcts_s0_g0012.json	4992
stage4_core50_12algs_5seeds_4noise_1h/run_archive/results/imcts/seed0/imcts_s0_g0013.json	4105
stage4_core50_12algs_5seeds_4noise_1h/run_archive/results/imcts/seed0/imcts_s0_g0014.json	4506
stage4_core50_12algs_5seeds_4noise_1h/run_archive/results/imcts/seed0/imcts_s0_g0015.json	4195
stage4_core50_12algs_5seeds_4noise_1h/run_archive/results/imcts/seed0/imcts_s0_g0016.json	4518
stage4_core50_12algs_5seeds_4noise_1h/run_archive/results/imcts/seed0/imcts_s0_g0017.json	4561
stage4_core50_12algs_5seeds_4noise_1h/run_archive/results/imcts/seed0/imcts_s0_g0018.json	4641
stage4_core50_12algs_5seeds_4noise_1h/run_archive/results/imcts/seed0/imcts_s0_g0019.json	4382
stage4_core50_12algs_5seeds_4noise_1h/run_archive/results/imcts/seed0/imcts_s0_g0020.json	5676
stage4_core50_12algs_5seeds_4noise_1h/run_archive/results/imcts/seed0/imcts_s0_g0021.json	4243
stage4_core50_12algs_5seeds_4noise_1h/run_archive/results/imcts/seed0/imcts_s0_g0022.json	4457
stage4_core50_12algs_5seeds_4noise_1h/run_archive/results/imcts/seed0/imcts_s0_g0023.json	4892
stage4_core50_12algs_5seeds_4noise_1h/run_archive/results/imcts/seed0/imcts_s0_g0024.json	4306
stage4_core50_12algs_5seeds_4noise_1h/run_archive/results/imcts/seed0/imcts_s0_g0025.json	4495
stage4_core50_12algs_5seeds_4noise_1h/run_archive/results/imcts/seed0/imcts_s0_g0026.json	4488
stage4_core50_12algs_5seeds_4noise_1h/run_archive/results/imcts/seed0/imcts_s0_g0027.json	4729
stage4_core50_12algs_5seeds_4noise_1h/run_archive/results/imcts/seed0/imcts_s0_g0028.json	4052
stage4_core50_12algs_5seeds_4noise_1h/run_archive/results/imcts/seed0/imcts_s0_g0029.json	4905
stage4_core50_12algs_5seeds_4noise_1h/run_archive/results/imcts/seed0/imcts_s0_g0030.json	4404
stage4_core50_12algs_5seeds_4noise_1h/run_archive/results/imcts/seed0/imcts_s0_g0031.json	9109
stage4_core50_12algs_5seeds_4noise_1h/run_archive/results/imcts/seed0/imcts_s0_g0032.json	4470
stage4_core50_12algs_5seeds_4noise_1h/run_archive/results/imcts/seed0/imcts_s0_g0033.json	4742
stage4_core50_12algs_5seeds_4noise_1h/run_archive/results/imcts/seed0/imcts_s0_g0034.json	4682
stage4_core50_12algs_5seeds_4noise_1h/run_archive/results/imcts/seed0/imcts_s0_g0035.json	4432
stage4_core50_12algs_5seeds_4noise_1h/run_archive/results/imcts/seed0/imcts_s0_g0036.json	4978
stage4_core50_12algs_5seeds_4noise_1h/run_archive/results/imcts/seed0/imcts_s0_g0037.json	5164
stage4_core50_12algs_5seeds_4noise_1h/run_archive/results/imcts/seed0/imcts_s0_g0038.json	4839
stage4_core50_12algs_5seeds_4noise_1h/run_archive/results/imcts/seed0/imcts_s0_g0039.json	4483
stage4_core50_12algs_5seeds_4noise_1h/run_archive/results/imcts/seed0/imcts_s0_g0040.json	4788
stage4_core50_12algs_5seeds_4noise_1h/run_archive/results/imcts/seed0/imcts_s0_g0041.json	5419
stage4_core50_12algs_5seeds_4noise_1h/run_archive/results/imcts/seed0/imcts_s0_g0042.json	4472
stage4_core50_12algs_5seeds_4noise_1h/run_archive/results/imcts/seed0/imcts_s0_g0043.json	4969
stage4_core50_12algs_5seeds_4noise_1h/run_archive/results/imcts/seed0/imcts_s0_g0044.json	4285
stage4_core50_12algs_5seeds_4noise_1h/run_archive/results/imcts/seed0/imcts_s0_g0045.json	4483
stage4_core50_12algs_5seeds_4noise_1h/run_archive/results/imcts/seed0/imcts_s0_g0046.json	4402
stage4_core50_12algs_5seeds_4noise_1h/run_archive/results/imcts/seed0/imcts_s0_g0047.json	4418
stage4_core50_12algs_5seeds_4noise_1h/run_archive/results/imcts/seed0/imcts_s0_g0048.json	9177
stage4_core50_12algs_5seeds_4noise_1h/run_archive/results/imcts/seed0/imcts_s0_g0049.json	4713
stage4_core50_12algs_5seeds_4noise_1h/run_archive/results/imcts/seed0/imcts_s0_g0050.json	4526
stage4_core50_12algs_5seeds_4noise_1h/run_archive/results/imcts/seed1/imcts_s1_g0001.json	4088
stage4_core50_12algs_5seeds_4noise_1h/run_archive/results/imcts/seed1/imcts_s1_g0002.json	6882
stage4_core50_12algs_5seeds_4noise_1h/run_archive/results/imcts/seed1/imcts_s1_g0003.json	4164
stage4_core50_12algs_5seeds_4noise_1h/run_archive/results/imcts/seed1/imcts_s1_g0004.json	4202
stage4_core50_12algs_5seeds_4noise_1h/run_archive/results/imcts/seed1/imcts_s1_g0005.json	4883
stage4_core50_12algs_5seeds_4noise_1h/run_archive/results/imcts/seed1/imcts_s1_g0006.json	3986
stage4_core50_12algs_5seeds_4noise_1h/run_archive/results/imcts/seed1/imcts_s1_g0007.json	4260
stage4_core50_12algs_5seeds_4noise_1h/run_archive/results/imcts/seed1/imcts_s1_g0008.json	5030
stage4_core50_12algs_5seeds_4noise_1h/run_archive/results/imcts/seed1/imcts_s1_g0009.json	3940
stage4_core50_12algs_5seeds_4noise_1h/run_archive/results/imcts/seed1/imcts_s1_g0010.json	4331
stage4_core50_12algs_5seeds_4noise_1h/run_archive/results/imcts/seed1/imcts_s1_g0011.json	5778
stage4_core50_12algs_5seeds_4noise_1h/run_archive/results/imcts/seed1/imcts_s1_g0012.json	5605
stage4_core50_12algs_5seeds_4noise_1h/run_archive/results/imcts/seed1/imcts_s1_g0013.json	4107
stage4_core50_12algs_5seeds_4noise_1h/run_archive/results/imcts/seed1/imcts_s1_g0014.json	4322
stage4_core50_12algs_5seeds_4noise_1h/run_archive/results/imcts/seed1/imcts_s1_g0015.json	6169
stage4_core50_12algs_5seeds_4noise_1h/run_archive/results/imcts/seed1/imcts_s1_g0016.json	4116
stage4_core50_12algs_5seeds_4noise_1h/run_archive/results/imcts/seed1/imcts_s1_g0017.json	4702
stage4_core50_12algs_5seeds_4noise_1h/run_archive/results/imcts/seed1/imcts_s1_g0018.json	4173
stage4_core50_12algs_5seeds_4noise_1h/run_archive/results/imcts/seed1/imcts_s1_g0019.json	4331
stage4_core50_12algs_5seeds_4noise_1h/run_archive/results/imcts/seed1/imcts_s1_g0020.json	5422
stage4_core50_12algs_5seeds_4noise_1h/run_archive/results/imcts/seed1/imcts_s1_g0021.json	4462
stage4_core50_12algs_5seeds_4noise_1h/run_archive/results/imcts/seed1/imcts_s1_g0022.json	4298
stage4_core50_12algs_5seeds_4noise_1h/run_archive/results/imcts/seed1/imcts_s1_g0023.json	6850
stage4_core50_12algs_5seeds_4noise_1h/run_archive/results/imcts/seed1/imcts_s1_g0024.json	5477
stage4_core50_12algs_5seeds_4noise_1h/run_archive/results/imcts/seed1/imcts_s1_g0025.json	4514
stage4_core50_12algs_5seeds_4noise_1h/run_archive/results/imcts/seed1/imcts_s1_g0026.json	4482
stage4_core50_12algs_5seeds_4noise_1h/run_archive/results/imcts/seed1/imcts_s1_g0027.json	4809
stage4_core50_12algs_5seeds_4noise_1h/run_archive/results/imcts/seed1/imcts_s1_g0028.json	4137
stage4_core50_12algs_5seeds_4noise_1h/run_archive/results/imcts/seed1/imcts_s1_g0029.json	4592
stage4_core50_12algs_5seeds_4noise_1h/run_archive/results/imcts/seed1/imcts_s1_g0030.json	4710
stage4_core50_12algs_5seeds_4noise_1h/run_archive/results/imcts/seed1/imcts_s1_g0031.json	6273
stage4_core50_12algs_5seeds_4noise_1h/run_archive/results/imcts/seed1/imcts_s1_g0032.json	4633
stage4_core50_12algs_5seeds_4noise_1h/run_archive/results/imcts/seed1/imcts_s1_g0033.json	5261
stage4_core50_12algs_5seeds_4noise_1h/run_archive/results/imcts/seed1/imcts_s1_g0034.json	4687
stage4_core50_12algs_5seeds_4noise_1h/run_archive/results/imcts/seed1/imcts_s1_g0035.json	4502
stage4_core50_12algs_5seeds_4noise_1h/run_archive/results/imcts/seed1/imcts_s1_g0036.json	5000
stage4_core50_12algs_5seeds_4noise_1h/run_archive/results/imcts/seed1/imcts_s1_g0037.json	4827
stage4_core50_12algs_5seeds_4noise_1h/run_archive/results/imcts/seed1/imcts_s1_g0038.json	4951
stage4_core50_12algs_5seeds_4noise_1h/run_archive/results/imcts/seed1/imcts_s1_g0039.json	5593
stage4_core50_12algs_5seeds_4noise_1h/run_archive/results/imcts/seed1/imcts_s1_g0040.json	4937
stage4_core50_12algs_5seeds_4noise_1h/run_archive/results/imcts/seed1/imcts_s1_g0041.json	5516
stage4_core50_12algs_5seeds_4noise_1h/run_archive/results/imcts/seed1/imcts_s1_g0042.json	4630
stage4_core50_12algs_5seeds_4noise_1h/run_archive/results/imcts/seed1/imcts_s1_g0043.json	5001
stage4_core50_12algs_5seeds_4noise_1h/run_archive/results/imcts/seed1/imcts_s1_g0044.json	6041
stage4_core50_12algs_5seeds_4noise_1h/run_archive/results/imcts/seed1/imcts_s1_g0045.json	4429
stage4_core50_12algs_5seeds_4noise_1h/run_archive/results/imcts/seed1/imcts_s1_g0046.json	4754
stage4_core50_12algs_5seeds_4noise_1h/run_archive/results/imcts/seed1/imcts_s1_g0047.json	4427
stage4_core50_12algs_5seeds_4noise_1h/run_archive/results/imcts/seed1/imcts_s1_g0048.json	6334
stage4_core50_12algs_5seeds_4noise_1h/run_archive/results/imcts/seed1/imcts_s1_g0049.json	4470
stage4_core50_12algs_5seeds_4noise_1h/run_archive/results/imcts/seed1/imcts_s1_g0050.json	4485
stage4_core50_12algs_5seeds_4noise_1h/run_archive/results/imcts/seed2/imcts_s2_g0001.json	4087
stage4_core50_12algs_5seeds_4noise_1h/run_archive/results/imcts/seed2/imcts_s2_g0002.json	7341
stage4_core50_12algs_5seeds_4noise_1h/run_archive/results/imcts/seed2/imcts_s2_g0003.json	4297
stage4_core50_12algs_5seeds_4noise_1h/run_archive/results/imcts/seed2/imcts_s2_g0004.json	4064
stage4_core50_12algs_5seeds_4noise_1h/run_archive/results/imcts/seed2/imcts_s2_g0005.json	5001
stage4_core50_12algs_5seeds_4noise_1h/run_archive/results/imcts/seed2/imcts_s2_g0006.json	4369
stage4_core50_12algs_5seeds_4noise_1h/run_archive/results/imcts/seed2/imcts_s2_g0007.json	4463
stage4_core50_12algs_5seeds_4noise_1h/run_archive/results/imcts/seed2/imcts_s2_g0008.json	4289
stage4_core50_12algs_5seeds_4noise_1h/run_archive/results/imcts/seed2/imcts_s2_g0009.json	4377
stage4_core50_12algs_5seeds_4noise_1h/run_archive/results/imcts/seed2/imcts_s2_g0010.json	4179
stage4_core50_12algs_5seeds_4noise_1h/run_archive/results/imcts/seed2/imcts_s2_g0011.json	6026
stage4_core50_12algs_5seeds_4noise_1h/run_archive/results/imcts/seed2/imcts_s2_g0012.json	4544
stage4_core50_12algs_5seeds_4noise_1h/run_archive/results/imcts/seed2/imcts_s2_g0013.json	4107
stage4_core50_12algs_5seeds_4noise_1h/run_archive/results/imcts/seed2/imcts_s2_g0014.json	4509
stage4_core50_12algs_5seeds_4noise_1h/run_archive/results/imcts/seed2/imcts_s2_g0015.json	4279
stage4_core50_12algs_5seeds_4noise_1h/run_archive/results/imcts/seed2/imcts_s2_g0016.json	4616
stage4_core50_12algs_5seeds_4noise_1h/run_archive/results/imcts/seed2/imcts_s2_g0017.json	4517
stage4_core50_12algs_5seeds_4noise_1h/run_archive/results/imcts/seed2/imcts_s2_g0018.json	4328
stage4_core50_12algs_5seeds_4noise_1h/run_archive/results/imcts/seed2/imcts_s2_g0019.json	5566
stage4_core50_12algs_5seeds_4noise_1h/run_archive/results/imcts/seed2/imcts_s2_g0020.json	5066
stage4_core50_12algs_5seeds_4noise_1h/run_archive/results/imcts/seed2/imcts_s2_g0021.json	4425
stage4_core50_12algs_5seeds_4noise_1h/run_archive/results/imcts/seed2/imcts_s2_g0022.json	4468
stage4_core50_12algs_5seeds_4noise_1h/run_archive/results/imcts/seed2/imcts_s2_g0023.json	4881
stage4_core50_12algs_5seeds_4noise_1h/run_archive/results/imcts/seed2/imcts_s2_g0024.json	5128
stage4_core50_12algs_5seeds_4noise_1h/run_archive/results/imcts/seed2/imcts_s2_g0025.json	4325
stage4_core50_12algs_5seeds_4noise_1h/run_archive/results/imcts/seed2/imcts_s2_g0026.json	4673
stage4_core50_12algs_5seeds_4noise_1h/run_archive/results/imcts/seed2/imcts_s2_g0027.json	4696
stage4_core50_12algs_5seeds_4noise_1h/run_archive/results/imcts/seed2/imcts_s2_g0028.json	4051
stage4_core50_12algs_5seeds_4noise_1h/run_archive/results/imcts/seed2/imcts_s2_g0029.json	4376
stage4_core50_12algs_5seeds_4noise_1h/run_archive/results/imcts/seed2/imcts_s2_g0030.json	4640
stage4_core50_12algs_5seeds_4noise_1h/run_archive/results/imcts/seed2/imcts_s2_g0031.json	4398
stage4_core50_12algs_5seeds_4noise_1h/run_archive/results/imcts/seed2/imcts_s2_g0032.json	4400
stage4_core50_12algs_5seeds_4noise_1h/run_archive/results/imcts/seed2/imcts_s2_g0033.json	4920
stage4_core50_12algs_5seeds_4noise_1h/run_archive/results/imcts/seed2/imcts_s2_g0034.json	4660
stage4_core50_12algs_5seeds_4noise_1h/run_archive/results/imcts/seed2/imcts_s2_g0035.json	4144
stage4_core50_12algs_5seeds_4noise_1h/run_archive/results/imcts/seed2/imcts_s2_g0036.json	5597
stage4_core50_12algs_5seeds_4noise_1h/run_archive/results/imcts/seed2/imcts_s2_g0037.json	5075
stage4_core50_12algs_5seeds_4noise_1h/run_archive/results/imcts/seed2/imcts_s2_g0038.json	4897
stage4_core50_12algs_5seeds_4noise_1h/run_archive/results/imcts/seed2/imcts_s2_g0039.json	4746
stage4_core50_12algs_5seeds_4noise_1h/run_archive/results/imcts/seed2/imcts_s2_g0040.json	5070
stage4_core50_12algs_5seeds_4noise_1h/run_archive/results/imcts/seed2/imcts_s2_g0041.json	5076
stage4_core50_12algs_5seeds_4noise_1h/run_archive/results/imcts/seed2/imcts_s2_g0042.json	4520
stage4_core50_12algs_5seeds_4noise_1h/run_archive/results/imcts/seed2/imcts_s2_g0043.json	4411
stage4_core50_12algs_5seeds_4noise_1h/run_archive/results/imcts/seed2/imcts_s2_g0044.json	4282
stage4_core50_12algs_5seeds_4noise_1h/run_archive/results/imcts/seed2/imcts_s2_g0045.json	4667
stage4_core50_12algs_5seeds_4noise_1h/run_archive/results/imcts/seed2/imcts_s2_g0046.json	4895
stage4_core50_12algs_5seeds_4noise_1h/run_archive/results/imcts/seed2/imcts_s2_g0047.json	4425
stage4_core50_12algs_5seeds_4noise_1h/run_archive/results/imcts/seed2/imcts_s2_g0048.json	5423
stage4_core50_12algs_5seeds_4noise_1h/run_archive/results/imcts/seed2/imcts_s2_g0049.json	4454
stage4_core50_12algs_5seeds_4noise_1h/run_archive/results/imcts/seed2/imcts_s2_g0050.json	4469
stage4_core50_12algs_5seeds_4noise_1h/run_archive/results/imcts/seed3/imcts_s3_g0001.json	4509
stage4_core50_12algs_5seeds_4noise_1h/run_archive/results/imcts/seed3/imcts_s3_g0002.json	5483
stage4_core50_12algs_5seeds_4noise_1h/run_archive/results/imcts/seed3/imcts_s3_g0003.json	4167
stage4_core50_12algs_5seeds_4noise_1h/run_archive/results/imcts/seed3/imcts_s3_g0004.json	4052
stage4_core50_12algs_5seeds_4noise_1h/run_archive/results/imcts/seed3/imcts_s3_g0005.json	4214
stage4_core50_12algs_5seeds_4noise_1h/run_archive/results/imcts/seed3/imcts_s3_g0006.json	3982
stage4_core50_12algs_5seeds_4noise_1h/run_archive/results/imcts/seed3/imcts_s3_g0007.json	4437
stage4_core50_12algs_5seeds_4noise_1h/run_archive/results/imcts/seed3/imcts_s3_g0008.json	4554
stage4_core50_12algs_5seeds_4noise_1h/run_archive/results/imcts/seed3/imcts_s3_g0009.json	4263
stage4_core50_12algs_5seeds_4noise_1h/run_archive/results/imcts/seed3/imcts_s3_g0010.json	4319
stage4_core50_12algs_5seeds_4noise_1h/run_archive/results/imcts/seed3/imcts_s3_g0011.json	7127
stage4_core50_12algs_5seeds_4noise_1h/run_archive/results/imcts/seed3/imcts_s3_g0012.json	5998
stage4_core50_12algs_5seeds_4noise_1h/run_archive/results/imcts/seed3/imcts_s3_g0013.json	4103
stage4_core50_12algs_5seeds_4noise_1h/run_archive/results/imcts/seed3/imcts_s3_g0014.json	4358
stage4_core50_12algs_5seeds_4noise_1h/run_archive/results/imcts/seed3/imcts_s3_g0015.json	5531
stage4_core50_12algs_5seeds_4noise_1h/run_archive/results/imcts/seed3/imcts_s3_g0016.json	4556
stage4_core50_12algs_5seeds_4noise_1h/run_archive/results/imcts/seed3/imcts_s3_g0017.json	4365
stage4_core50_12algs_5seeds_4noise_1h/run_archive/results/imcts/seed3/imcts_s3_g0018.json	4453
stage4_core50_12algs_5seeds_4noise_1h/run_archive/results/imcts/seed3/imcts_s3_g0019.json	4249
stage4_core50_12algs_5seeds_4noise_1h/run_archive/results/imcts/seed3/imcts_s3_g0020.json	5183
stage4_core50_12algs_5seeds_4noise_1h/run_archive/results/imcts/seed3/imcts_s3_g0021.json	4244
stage4_core50_12algs_5seeds_4noise_1h/run_archive/results/imcts/seed3/imcts_s3_g0022.json	4299
stage4_core50_12algs_5seeds_4noise_1h/run_archive/results/imcts/seed3/imcts_s3_g0023.json	4368
stage4_core50_12algs_5seeds_4noise_1h/run_archive/results/imcts/seed3/imcts_s3_g0024.json	5454
stage4_core50_12algs_5seeds_4noise_1h/run_archive/results/imcts/seed3/imcts_s3_g0025.json	4338
stage4_core50_12algs_5seeds_4noise_1h/run_archive/results/imcts/seed3/imcts_s3_g0026.json	4634
stage4_core50_12algs_5seeds_4noise_1h/run_archive/results/imcts/seed3/imcts_s3_g0027.json	4691
stage4_core50_12algs_5seeds_4noise_1h/run_archive/results/imcts/seed3/imcts_s3_g0028.json	4106
stage4_core50_12algs_5seeds_4noise_1h/run_archive/results/imcts/seed3/imcts_s3_g0029.json	4374
stage4_core50_12algs_5seeds_4noise_1h/run_archive/results/imcts/seed3/imcts_s3_g0030.json	4528
stage4_core50_12algs_5seeds_4noise_1h/run_archive/results/imcts/seed3/imcts_s3_g0031.json	4703
stage4_core50_12algs_5seeds_4noise_1h/run_archive/results/imcts/seed3/imcts_s3_g0032.json	4939
stage4_core50_12algs_5seeds_4noise_1h/run_archive/results/imcts/seed3/imcts_s3_g0033.json	5305
stage4_core50_12algs_5seeds_4noise_1h/run_archive/results/imcts/seed3/imcts_s3_g0034.json	4469
stage4_core50_12algs_5seeds_4noise_1h/run_archive/results/imcts/seed3/imcts_s3_g0035.json	4147
stage4_core50_12algs_5seeds_4noise_1h/run_archive/results/imcts/seed3/imcts_s3_g0036.json	5926
stage4_core50_12algs_5seeds_4noise_1h/run_archive/results/imcts/seed3/imcts_s3_g0037.json	4882
stage4_core50_12algs_5seeds_4noise_1h/run_archive/results/imcts/seed3/imcts_s3_g0038.json	4812
stage4_core50_12algs_5seeds_4noise_1h/run_archive/results/imcts/seed3/imcts_s3_g0039.json	5058
stage4_core50_12algs_5seeds_4noise_1h/run_archive/results/imcts/seed3/imcts_s3_g0040.json	4922
stage4_core50_12algs_5seeds_4noise_1h/run_archive/results/imcts/seed3/imcts_s3_g0041.json	5466
stage4_core50_12algs_5seeds_4noise_1h/run_archive/results/imcts/seed3/imcts_s3_g0042.json	4494
stage4_core50_12algs_5seeds_4noise_1h/run_archive/results/imcts/seed3/imcts_s3_g0043.json	5258
stage4_core50_12algs_5seeds_4noise_1h/run_archive/results/imcts/seed3/imcts_s3_g0044.json	4264
stage4_core50_12algs_5seeds_4noise_1h/run_archive/results/imcts/seed3/imcts_s3_g0045.json	4526
stage4_core50_12algs_5seeds_4noise_1h/run_archive/results/imcts/seed3/imcts_s3_g0046.json	4294
stage4_core50_12algs_5seeds_4noise_1h/run_archive/results/imcts/seed3/imcts_s3_g0047.json	4401
stage4_core50_12algs_5seeds_4noise_1h/run_archive/results/imcts/seed3/imcts_s3_g0048.json	6119
stage4_core50_12algs_5seeds_4noise_1h/run_archive/results/imcts/seed3/imcts_s3_g0049.json	4828
stage4_core50_12algs_5seeds_4noise_1h/run_archive/results/imcts/seed3/imcts_s3_g0050.json	4883
stage4_core50_12algs_5seeds_4noise_1h/run_archive/results/imcts/seed4/imcts_s4_g0001.json	4104
stage4_core50_12algs_5seeds_4noise_1h/run_archive/results/imcts/seed4/imcts_s4_g0002.json	5972
stage4_core50_12algs_5seeds_4noise_1h/run_archive/results/imcts/seed4/imcts_s4_g0003.json	4278
stage4_core50_12algs_5seeds_4noise_1h/run_archive/results/imcts/seed4/imcts_s4_g0004.json	4055
stage4_core50_12algs_5seeds_4noise_1h/run_archive/results/imcts/seed4/imcts_s4_g0005.json	4497
stage4_core50_12algs_5seeds_4noise_1h/run_archive/results/imcts/seed4/imcts_s4_g0006.json	4374
stage4_core50_12algs_5seeds_4noise_1h/run_archive/results/imcts/seed4/imcts_s4_g0007.json	5152
stage4_core50_12algs_5seeds_4noise_1h/run_archive/results/imcts/seed4/imcts_s4_g0008.json	4301
stage4_core50_12algs_5seeds_4noise_1h/run_archive/results/imcts/seed4/imcts_s4_g0009.json	4280
stage4_core50_12algs_5seeds_4noise_1h/run_archive/results/imcts/seed4/imcts_s4_g0010.json	4141
stage4_core50_12algs_5seeds_4noise_1h/run_archive/results/imcts/seed4/imcts_s4_g0011.json	7510
stage4_core50_12algs_5seeds_4noise_1h/run_archive/results/imcts/seed4/imcts_s4_g0012.json	5030
stage4_core50_12algs_5seeds_4noise_1h/run_archive/results/imcts/seed4/imcts_s4_g0013.json	4313
stage4_core50_12algs_5seeds_4noise_1h/run_archive/results/imcts/seed4/imcts_s4_g0014.json	4593
stage4_core50_12algs_5seeds_4noise_1h/run_archive/results/imcts/seed4/imcts_s4_g0015.json	4206
stage4_core50_12algs_5seeds_4noise_1h/run_archive/results/imcts/seed4/imcts_s4_g0016.json	4454
stage4_core50_12algs_5seeds_4noise_1h/run_archive/results/imcts/seed4/imcts_s4_g0017.json	4572
stage4_core50_12algs_5seeds_4noise_1h/run_archive/results/imcts/seed4/imcts_s4_g0018.json	4984
stage4_core50_12algs_5seeds_4noise_1h/run_archive/results/imcts/seed4/imcts_s4_g0019.json	4245
stage4_core50_12algs_5seeds_4noise_1h/run_archive/results/imcts/seed4/imcts_s4_g0020.json	5972
stage4_core50_12algs_5seeds_4noise_1h/run_archive/results/imcts/seed4/imcts_s4_g0021.json	4244
stage4_core50_12algs_5seeds_4noise_1h/run_archive/results/imcts/seed4/imcts_s4_g0022.json	4298
stage4_core50_12algs_5seeds_4noise_1h/run_archive/results/imcts/seed4/imcts_s4_g0023.json	4624
stage4_core50_12algs_5seeds_4noise_1h/run_archive/results/imcts/seed4/imcts_s4_g0024.json	4509
stage4_core50_12algs_5seeds_4noise_1h/run_archive/results/imcts/seed4/imcts_s4_g0025.json	4384
stage4_core50_12algs_5seeds_4noise_1h/run_archive/results/imcts/seed4/imcts_s4_g0026.json	5850
stage4_core50_12algs_5seeds_4noise_1h/run_archive/results/imcts/seed4/imcts_s4_g0027.json	4760
stage4_core50_12algs_5seeds_4noise_1h/run_archive/results/imcts/seed4/imcts_s4_g0028.json	4122
stage4_core50_12algs_5seeds_4noise_1h/run_archive/results/imcts/seed4/imcts_s4_g0029.json	5040
stage4_core50_12algs_5seeds_4noise_1h/run_archive/results/imcts/seed4/imcts_s4_g0030.json	4446
stage4_core50_12algs_5seeds_4noise_1h/run_archive/results/imcts/seed4/imcts_s4_g0031.json	4824
stage4_core50_12algs_5seeds_4noise_1h/run_archive/results/imcts/seed4/imcts_s4_g0032.json	4461
stage4_core50_12algs_5seeds_4noise_1h/run_archive/results/imcts/seed4/imcts_s4_g0033.json	5632
stage4_core50_12algs_5seeds_4noise_1h/run_archive/results/imcts/seed4/imcts_s4_g0034.json	4554
stage4_core50_12algs_5seeds_4noise_1h/run_archive/results/imcts/seed4/imcts_s4_g0035.json	4833
stage4_core50_12algs_5seeds_4noise_1h/run_archive/results/imcts/seed4/imcts_s4_g0036.json	5774
stage4_core50_12algs_5seeds_4noise_1h/run_archive/results/imcts/seed4/imcts_s4_g0037.json	4802
stage4_core50_12algs_5seeds_4noise_1h/run_archive/results/imcts/seed4/imcts_s4_g0038.json	6098
stage4_core50_12algs_5seeds_4noise_1h/run_archive/results/imcts/seed4/imcts_s4_g0039.json	4416
stage4_core50_12algs_5seeds_4noise_1h/run_archive/results/imcts/seed4/imcts_s4_g0040.json	4822
stage4_core50_12algs_5seeds_4noise_1h/run_archive/results/imcts/seed4/imcts_s4_g0041.json	6385
stage4_core50_12algs_5seeds_4noise_1h/run_archive/results/imcts/seed4/imcts_s4_g0042.json	4505
stage4_core50_12algs_5seeds_4noise_1h/run_archive/results/imcts/seed4/imcts_s4_g0043.json	4941
stage4_core50_12algs_5seeds_4noise_1h/run_archive/results/imcts/seed4/imcts_s4_g0044.json	4503
stage4_core50_12algs_5seeds_4noise_1h/run_archive/results/imcts/seed4/imcts_s4_g0045.json	4608
stage4_core50_12algs_5seeds_4noise_1h/run_archive/results/imcts/seed4/imcts_s4_g0046.json	4387
stage4_core50_12algs_5seeds_4noise_1h/run_archive/results/imcts/seed4/imcts_s4_g0047.json	4421
stage4_core50_12algs_5seeds_4noise_1h/run_archive/results/imcts/seed4/imcts_s4_g0048.json	6104
stage4_core50_12algs_5seeds_4noise_1h/run_archive/results/imcts/seed4/imcts_s4_g0049.json	4401
stage4_core50_12algs_5seeds_4noise_1h/run_archive/results/imcts/seed4/imcts_s4_g0050.json	4480
stage4_core50_12algs_5seeds_4noise_1h/run_archive/results/llmsr/seed0/llmsr_s0_g0001.json	9981
stage4_core50_12algs_5seeds_4noise_1h/run_archive/results/llmsr/seed0/llmsr_s0_g0002.json	8113
stage4_core50_12algs_5seeds_4noise_1h/run_archive/results/llmsr/seed0/llmsr_s0_g0003.json	12479
stage4_core50_12algs_5seeds_4noise_1h/run_archive/results/llmsr/seed0/llmsr_s0_g0004.json	10849
stage4_core50_12algs_5seeds_4noise_1h/run_archive/results/llmsr/seed0/llmsr_s0_g0005.json	10045
stage4_core50_12algs_5seeds_4noise_1h/run_archive/results/llmsr/seed0/llmsr_s0_g0006.json	7503
stage4_core50_12algs_5seeds_4noise_1h/run_archive/results/llmsr/seed0/llmsr_s0_g0007.json	10799
stage4_core50_12algs_5seeds_4noise_1h/run_archive/results/llmsr/seed0/llmsr_s0_g0008.json	9751
stage4_core50_12algs_5seeds_4noise_1h/run_archive/results/llmsr/seed0/llmsr_s0_g0009.json	7441
stage4_core50_12algs_5seeds_4noise_1h/run_archive/results/llmsr/seed0/llmsr_s0_g0010.json	9814
stage4_core50_12algs_5seeds_4noise_1h/run_archive/results/llmsr/seed0/llmsr_s0_g0011.json	9377
stage4_core50_12algs_5seeds_4noise_1h/run_archive/results/llmsr/seed0/llmsr_s0_g0012.json	8539
stage4_core50_12algs_5seeds_4noise_1h/run_archive/results/llmsr/seed0/llmsr_s0_g0013.json	8694
stage4_core50_12algs_5seeds_4noise_1h/run_archive/results/llmsr/seed0/llmsr_s0_g0014.json	10980
stage4_core50_12algs_5seeds_4noise_1h/run_archive/results/llmsr/seed0/llmsr_s0_g0015.json	11441
stage4_core50_12algs_5seeds_4noise_1h/run_archive/results/llmsr/seed0/llmsr_s0_g0016.json	7143
stage4_core50_12algs_5seeds_4noise_1h/run_archive/results/llmsr/seed0/llmsr_s0_g0017.json	11530
stage4_core50_12algs_5seeds_4noise_1h/run_archive/results/llmsr/seed0/llmsr_s0_g0018.json	12600
stage4_core50_12algs_5seeds_4noise_1h/run_archive/results/llmsr/seed0/llmsr_s0_g0019.json	10396
stage4_core50_12algs_5seeds_4noise_1h/run_archive/results/llmsr/seed0/llmsr_s0_g0020.json	8710
stage4_core50_12algs_5seeds_4noise_1h/run_archive/results/llmsr/seed0/llmsr_s0_g0021.json	10259
stage4_core50_12algs_5seeds_4noise_1h/run_archive/results/llmsr/seed0/llmsr_s0_g0022.json	12443
stage4_core50_12algs_5seeds_4noise_1h/run_archive/results/llmsr/seed0/llmsr_s0_g0023.json	12715
stage4_core50_12algs_5seeds_4noise_1h/run_archive/results/llmsr/seed0/llmsr_s0_g0024.json	11098
stage4_core50_12algs_5seeds_4noise_1h/run_archive/results/llmsr/seed0/llmsr_s0_g0025.json	10993
stage4_core50_12algs_5seeds_4noise_1h/run_archive/results/llmsr/seed0/llmsr_s0_g0026.json	8327
stage4_core50_12algs_5seeds_4noise_1h/run_archive/results/llmsr/seed0/llmsr_s0_g0027.json	8462
stage4_core50_12algs_5seeds_4noise_1h/run_archive/results/llmsr/seed0/llmsr_s0_g0028.json	7193
stage4_core50_12algs_5seeds_4noise_1h/run_archive/results/llmsr/seed0/llmsr_s0_g0029.json	10287
stage4_core50_12algs_5seeds_4noise_1h/run_archive/results/llmsr/seed0/llmsr_s0_g0030.json	6922
stage4_core50_12algs_5seeds_4noise_1h/run_archive/results/llmsr/seed0/llmsr_s0_g0031.json	8645
stage4_core50_12algs_5seeds_4noise_1h/run_archive/results/llmsr/seed0/llmsr_s0_g0032.json	9694
stage4_core50_12algs_5seeds_4noise_1h/run_archive/results/llmsr/seed0/llmsr_s0_g0033.json	13214
stage4_core50_12algs_5seeds_4noise_1h/run_archive/results/llmsr/seed0/llmsr_s0_g0034.json	9913
stage4_core50_12algs_5seeds_4noise_1h/run_archive/results/llmsr/seed0/llmsr_s0_g0035.json	8941
stage4_core50_12algs_5seeds_4noise_1h/run_archive/results/llmsr/seed0/llmsr_s0_g0036.json	10185
stage4_core50_12algs_5seeds_4noise_1h/run_archive/results/llmsr/seed0/llmsr_s0_g0037.json	10314
stage4_core50_12algs_5seeds_4noise_1h/run_archive/results/llmsr/seed0/llmsr_s0_g0038.json	7905
stage4_core50_12algs_5seeds_4noise_1h/run_archive/results/llmsr/seed0/llmsr_s0_g0039.json	10148
stage4_core50_12algs_5seeds_4noise_1h/run_archive/results/llmsr/seed0/llmsr_s0_g0040.json	9033
stage4_core50_12algs_5seeds_4noise_1h/run_archive/results/llmsr/seed0/llmsr_s0_g0041.json	10468
stage4_core50_12algs_5seeds_4noise_1h/run_archive/results/llmsr/seed0/llmsr_s0_g0042.json	8135
stage4_core50_12algs_5seeds_4noise_1h/run_archive/results/llmsr/seed0/llmsr_s0_g0043.json	8204
stage4_core50_12algs_5seeds_4noise_1h/run_archive/results/llmsr/seed0/llmsr_s0_g0044.json	10975
stage4_core50_12algs_5seeds_4noise_1h/run_archive/results/llmsr/seed0/llmsr_s0_g0045.json	11234
stage4_core50_12algs_5seeds_4noise_1h/run_archive/results/llmsr/seed0/llmsr_s0_g0046.json	9969
stage4_core50_12algs_5seeds_4noise_1h/run_archive/results/llmsr/seed0/llmsr_s0_g0047.json	8865
stage4_core50_12algs_5seeds_4noise_1h/run_archive/results/llmsr/seed0/llmsr_s0_g0048.json	8570
stage4_core50_12algs_5seeds_4noise_1h/run_archive/results/llmsr/seed0/llmsr_s0_g0049.json	8736
stage4_core50_12algs_5seeds_4noise_1h/run_archive/results/llmsr/seed0/llmsr_s0_g0050.json	9123
stage4_core50_12algs_5seeds_4noise_1h/run_archive/results/llmsr/seed1/llmsr_s1_g0001.json	8719
stage4_core50_12algs_5seeds_4noise_1h/run_archive/results/llmsr/seed1/llmsr_s1_g0002.json	10405
stage4_core50_12algs_5seeds_4noise_1h/run_archive/results/llmsr/seed1/llmsr_s1_g0003.json	11616
stage4_core50_12algs_5seeds_4noise_1h/run_archive/results/llmsr/seed1/llmsr_s1_g0004.json	10819
stage4_core50_12algs_5seeds_4noise_1h/run_archive/results/llmsr/seed1/llmsr_s1_g0005.json	10307
stage4_core50_12algs_5seeds_4noise_1h/run_archive/results/llmsr/seed1/llmsr_s1_g0006.json	7899
stage4_core50_12algs_5seeds_4noise_1h/run_archive/results/llmsr/seed1/llmsr_s1_g0007.json	10716
stage4_core50_12algs_5seeds_4noise_1h/run_archive/results/llmsr/seed1/llmsr_s1_g0008.json	9751
stage4_core50_12algs_5seeds_4noise_1h/run_archive/results/llmsr/seed1/llmsr_s1_g0009.json	9735
stage4_core50_12algs_5seeds_4noise_1h/run_archive/results/llmsr/seed1/llmsr_s1_g0010.json	9893
stage4_core50_12algs_5seeds_4noise_1h/run_archive/results/llmsr/seed1/llmsr_s1_g0011.json	10878
stage4_core50_12algs_5seeds_4noise_1h/run_archive/results/llmsr/seed1/llmsr_s1_g0012.json	8528
stage4_core50_12algs_5seeds_4noise_1h/run_archive/results/llmsr/seed1/llmsr_s1_g0013.json	8725
stage4_core50_12algs_5seeds_4noise_1h/run_archive/results/llmsr/seed1/llmsr_s1_g0014.json	11098
stage4_core50_12algs_5seeds_4noise_1h/run_archive/results/llmsr/seed1/llmsr_s1_g0015.json	11687
stage4_core50_12algs_5seeds_4noise_1h/run_archive/results/llmsr/seed1/llmsr_s1_g0016.json	7143
stage4_core50_12algs_5seeds_4noise_1h/run_archive/results/llmsr/seed1/llmsr_s1_g0017.json	11529
stage4_core50_12algs_5seeds_4noise_1h/run_archive/results/llmsr/seed1/llmsr_s1_g0018.json	13731
stage4_core50_12algs_5seeds_4noise_1h/run_archive/results/llmsr/seed1/llmsr_s1_g0019.json	10180
stage4_core50_12algs_5seeds_4noise_1h/run_archive/results/llmsr/seed1/llmsr_s1_g0020.json	8710
stage4_core50_12algs_5seeds_4noise_1h/run_archive/results/llmsr/seed1/llmsr_s1_g0021.json	10259
stage4_core50_12algs_5seeds_4noise_1h/run_archive/results/llmsr/seed1/llmsr_s1_g0022.json	12782
stage4_core50_12algs_5seeds_4noise_1h/run_archive/results/llmsr/seed1/llmsr_s1_g0023.json	12714
stage4_core50_12algs_5seeds_4noise_1h/run_archive/results/llmsr/seed1/llmsr_s1_g0024.json	10771
stage4_core50_12algs_5seeds_4noise_1h/run_archive/results/llmsr/seed1/llmsr_s1_g0025.json	8815
stage4_core50_12algs_5seeds_4noise_1h/run_archive/results/llmsr/seed1/llmsr_s1_g0026.json	8326
stage4_core50_12algs_5seeds_4noise_1h/run_archive/results/llmsr/seed1/llmsr_s1_g0027.json	8462
stage4_core50_12algs_5seeds_4noise_1h/run_archive/results/llmsr/seed1/llmsr_s1_g0028.json	9179
stage4_core50_12algs_5seeds_4noise_1h/run_archive/results/llmsr/seed1/llmsr_s1_g0029.json	10225
stage4_core50_12algs_5seeds_4noise_1h/run_archive/results/llmsr/seed1/llmsr_s1_g0030.json	6922
stage4_core50_12algs_5seeds_4noise_1h/run_archive/results/llmsr/seed1/llmsr_s1_g0031.json	10772
stage4_core50_12algs_5seeds_4noise_1h/run_archive/results/llmsr/seed1/llmsr_s1_g0032.json	9694
stage4_core50_12algs_5seeds_4noise_1h/run_archive/results/llmsr/seed1/llmsr_s1_g0033.json	11446
stage4_core50_12algs_5seeds_4noise_1h/run_archive/results/llmsr/seed1/llmsr_s1_g0034.json	9761
stage4_core50_12algs_5seeds_4noise_1h/run_archive/results/llmsr/seed1/llmsr_s1_g0035.json	9126
stage4_core50_12algs_5seeds_4noise_1h/run_archive/results/llmsr/seed1/llmsr_s1_g0036.json	10159
stage4_core50_12algs_5seeds_4noise_1h/run_archive/results/llmsr/seed1/llmsr_s1_g0037.json	10178
stage4_core50_12algs_5seeds_4noise_1h/run_archive/results/llmsr/seed1/llmsr_s1_g0038.json	8671
stage4_core50_12algs_5seeds_4noise_1h/run_archive/results/llmsr/seed1/llmsr_s1_g0039.json	10163
stage4_core50_12algs_5seeds_4noise_1h/run_archive/results/llmsr/seed1/llmsr_s1_g0040.json	8913
stage4_core50_12algs_5seeds_4noise_1h/run_archive/results/llmsr/seed1/llmsr_s1_g0041.json	8485
stage4_core50_12algs_5seeds_4noise_1h/run_archive/results/llmsr/seed1/llmsr_s1_g0042.json	10061
stage4_core50_12algs_5seeds_4noise_1h/run_archive/results/llmsr/seed1/llmsr_s1_g0043.json	7978
stage4_core50_12algs_5seeds_4noise_1h/run_archive/results/llmsr/seed1/llmsr_s1_g0044.json	13306
stage4_core50_12algs_5seeds_4noise_1h/run_archive/results/llmsr/seed1/llmsr_s1_g0045.json	10766
stage4_core50_12algs_5seeds_4noise_1h/run_archive/results/llmsr/seed1/llmsr_s1_g0046.json	10112
stage4_core50_12algs_5seeds_4noise_1h/run_archive/results/llmsr/seed1/llmsr_s1_g0047.json	7170
stage4_core50_12algs_5seeds_4noise_1h/run_archive/results/llmsr/seed1/llmsr_s1_g0048.json	8579
stage4_core50_12algs_5seeds_4noise_1h/run_archive/results/llmsr/seed1/llmsr_s1_g0049.json	8584
stage4_core50_12algs_5seeds_4noise_1h/run_archive/results/llmsr/seed1/llmsr_s1_g0050.json	9077
stage4_core50_12algs_5seeds_4noise_1h/run_archive/results/llmsr/seed2/llmsr_s2_g0001.json	9732
stage4_core50_12algs_5seeds_4noise_1h/run_archive/results/llmsr/seed2/llmsr_s2_g0002.json	10096
stage4_core50_12algs_5seeds_4noise_1h/run_archive/results/llmsr/seed2/llmsr_s2_g0003.json	11616
stage4_core50_12algs_5seeds_4noise_1h/run_archive/results/llmsr/seed2/llmsr_s2_g0004.json	10847
stage4_core50_12algs_5seeds_4noise_1h/run_archive/results/llmsr/seed2/llmsr_s2_g0005.json	10045
stage4_core50_12algs_5seeds_4noise_1h/run_archive/results/llmsr/seed2/llmsr_s2_g0006.json	10242
stage4_core50_12algs_5seeds_4noise_1h/run_archive/results/llmsr/seed2/llmsr_s2_g0007.json	10227
stage4_core50_12algs_5seeds_4noise_1h/run_archive/results/llmsr/seed2/llmsr_s2_g0008.json	9751
stage4_core50_12algs_5seeds_4noise_1h/run_archive/results/llmsr/seed2/llmsr_s2_g0009.json	9179
stage4_core50_12algs_5seeds_4noise_1h/run_archive/results/llmsr/seed2/llmsr_s2_g0010.json	9837
stage4_core50_12algs_5seeds_4noise_1h/run_archive/results/llmsr/seed2/llmsr_s2_g0011.json	11056
stage4_core50_12algs_5seeds_4noise_1h/run_archive/results/llmsr/seed2/llmsr_s2_g0012.json	8653
stage4_core50_12algs_5seeds_4noise_1h/run_archive/results/llmsr/seed2/llmsr_s2_g0013.json	8726
stage4_core50_12algs_5seeds_4noise_1h/run_archive/results/llmsr/seed2/llmsr_s2_g0014.json	15487
stage4_core50_12algs_5seeds_4noise_1h/run_archive/results/llmsr/seed2/llmsr_s2_g0015.json	12388
stage4_core50_12algs_5seeds_4noise_1h/run_archive/results/llmsr/seed2/llmsr_s2_g0016.json	7085
stage4_core50_12algs_5seeds_4noise_1h/run_archive/results/llmsr/seed2/llmsr_s2_g0017.json	9123
stage4_core50_12algs_5seeds_4noise_1h/run_archive/results/llmsr/seed2/llmsr_s2_g0018.json	10276
stage4_core50_12algs_5seeds_4noise_1h/run_archive/results/llmsr/seed2/llmsr_s2_g0019.json	10023
stage4_core50_12algs_5seeds_4noise_1h/run_archive/results/llmsr/seed2/llmsr_s2_g0020.json	8709
stage4_core50_12algs_5seeds_4noise_1h/run_archive/results/llmsr/seed2/llmsr_s2_g0021.json	10258
stage4_core50_12algs_5seeds_4noise_1h/run_archive/results/llmsr/seed2/llmsr_s2_g0022.json	12161
stage4_core50_12algs_5seeds_4noise_1h/run_archive/results/llmsr/seed2/llmsr_s2_g0023.json	12715
stage4_core50_12algs_5seeds_4noise_1h/run_archive/results/llmsr/seed2/llmsr_s2_g0024.json	11099
stage4_core50_12algs_5seeds_4noise_1h/run_archive/results/llmsr/seed2/llmsr_s2_g0025.json	8688
stage4_core50_12algs_5seeds_4noise_1h/run_archive/results/llmsr/seed2/llmsr_s2_g0026.json	8838
stage4_core50_12algs_5seeds_4noise_1h/run_archive/results/llmsr/seed2/llmsr_s2_g0027.json	10538
stage4_core50_12algs_5seeds_4noise_1h/run_archive/results/llmsr/seed2/llmsr_s2_g0028.json	8955
stage4_core50_12algs_5seeds_4noise_1h/run_archive/results/llmsr/seed2/llmsr_s2_g0029.json	8219
stage4_core50_12algs_5seeds_4noise_1h/run_archive/results/llmsr/seed2/llmsr_s2_g0030.json	6922
stage4_core50_12algs_5seeds_4noise_1h/run_archive/results/llmsr/seed2/llmsr_s2_g0031.json	8645
stage4_core50_12algs_5seeds_4noise_1h/run_archive/results/llmsr/seed2/llmsr_s2_g0032.json	9694
stage4_core50_12algs_5seeds_4noise_1h/run_archive/results/llmsr/seed2/llmsr_s2_g0033.json	11092
stage4_core50_12algs_5seeds_4noise_1h/run_archive/results/llmsr/seed2/llmsr_s2_g0034.json	10147
stage4_core50_12algs_5seeds_4noise_1h/run_archive/results/llmsr/seed2/llmsr_s2_g0035.json	8976
stage4_core50_12algs_5seeds_4noise_1h/run_archive/results/llmsr/seed2/llmsr_s2_g0036.json	10331
stage4_core50_12algs_5seeds_4noise_1h/run_archive/results/llmsr/seed2/llmsr_s2_g0037.json	8365
stage4_core50_12algs_5seeds_4noise_1h/run_archive/results/llmsr/seed2/llmsr_s2_g0038.json	10548
stage4_core50_12algs_5seeds_4noise_1h/run_archive/results/llmsr/seed2/llmsr_s2_g0039.json	9595
stage4_core50_12algs_5seeds_4noise_1h/run_archive/results/llmsr/seed2/llmsr_s2_g0040.json	9287
stage4_core50_12algs_5seeds_4noise_1h/run_archive/results/llmsr/seed2/llmsr_s2_g0041.json	8584
stage4_core50_12algs_5seeds_4noise_1h/run_archive/results/llmsr/seed2/llmsr_s2_g0042.json	10294
stage4_core50_12algs_5seeds_4noise_1h/run_archive/results/llmsr/seed2/llmsr_s2_g0043.json	10312
stage4_core50_12algs_5seeds_4noise_1h/run_archive/results/llmsr/seed2/llmsr_s2_g0044.json	13242
stage4_core50_12algs_5seeds_4noise_1h/run_archive/results/llmsr/seed2/llmsr_s2_g0045.json	12563
stage4_core50_12algs_5seeds_4noise_1h/run_archive/results/llmsr/seed2/llmsr_s2_g0046.json	10480
stage4_core50_12algs_5seeds_4noise_1h/run_archive/results/llmsr/seed2/llmsr_s2_g0047.json	8994
stage4_core50_12algs_5seeds_4noise_1h/run_archive/results/llmsr/seed2/llmsr_s2_g0048.json	8570
stage4_core50_12algs_5seeds_4noise_1h/run_archive/results/llmsr/seed2/llmsr_s2_g0049.json	7327
stage4_core50_12algs_5seeds_4noise_1h/run_archive/results/llmsr/seed2/llmsr_s2_g0050.json	9546
stage4_core50_12algs_5seeds_4noise_1h/run_archive/results/llmsr/seed3/llmsr_s3_g0001.json	9981
stage4_core50_12algs_5seeds_4noise_1h/run_archive/results/llmsr/seed3/llmsr_s3_g0002.json	10219
stage4_core50_12algs_5seeds_4noise_1h/run_archive/results/llmsr/seed3/llmsr_s3_g0003.json	12467
stage4_core50_12algs_5seeds_4noise_1h/run_archive/results/llmsr/seed3/llmsr_s3_g0004.json	10848
stage4_core50_12algs_5seeds_4noise_1h/run_archive/results/llmsr/seed3/llmsr_s3_g0005.json	10045
stage4_core50_12algs_5seeds_4noise_1h/run_archive/results/llmsr/seed3/llmsr_s3_g0006.json	7503
stage4_core50_12algs_5seeds_4noise_1h/run_archive/results/llmsr/seed3/llmsr_s3_g0007.json	10152
stage4_core50_12algs_5seeds_4noise_1h/run_archive/results/llmsr/seed3/llmsr_s3_g0008.json	7965
stage4_core50_12algs_5seeds_4noise_1h/run_archive/results/llmsr/seed3/llmsr_s3_g0009.json	9646
stage4_core50_12algs_5seeds_4noise_1h/run_archive/results/llmsr/seed3/llmsr_s3_g0010.json	9755
stage4_core50_12algs_5seeds_4noise_1h/run_archive/results/llmsr/seed3/llmsr_s3_g0011.json	9504
stage4_core50_12algs_5seeds_4noise_1h/run_archive/results/llmsr/seed3/llmsr_s3_g0012.json	7403
stage4_core50_12algs_5seeds_4noise_1h/run_archive/results/llmsr/seed3/llmsr_s3_g0013.json	7958
stage4_core50_12algs_5seeds_4noise_1h/run_archive/results/llmsr/seed3/llmsr_s3_g0014.json	11098
stage4_core50_12algs_5seeds_4noise_1h/run_archive/results/llmsr/seed3/llmsr_s3_g0015.json	9674
stage4_core50_12algs_5seeds_4noise_1h/run_archive/results/llmsr/seed3/llmsr_s3_g0016.json	7143
stage4_core50_12algs_5seeds_4noise_1h/run_archive/results/llmsr/seed3/llmsr_s3_g0017.json	11514
stage4_core50_12algs_5seeds_4noise_1h/run_archive/results/llmsr/seed3/llmsr_s3_g0018.json	13731
stage4_core50_12algs_5seeds_4noise_1h/run_archive/results/llmsr/seed3/llmsr_s3_g0019.json	10179
stage4_core50_12algs_5seeds_4noise_1h/run_archive/results/llmsr/seed3/llmsr_s3_g0020.json	8762
stage4_core50_12algs_5seeds_4noise_1h/run_archive/results/llmsr/seed3/llmsr_s3_g0021.json	10259
stage4_core50_12algs_5seeds_4noise_1h/run_archive/results/llmsr/seed3/llmsr_s3_g0022.json	17168
stage4_core50_12algs_5seeds_4noise_1h/run_archive/results/llmsr/seed3/llmsr_s3_g0023.json	12715
stage4_core50_12algs_5seeds_4noise_1h/run_archive/results/llmsr/seed3/llmsr_s3_g0024.json	11210
stage4_core50_12algs_5seeds_4noise_1h/run_archive/results/llmsr/seed3/llmsr_s3_g0025.json	10946
stage4_core50_12algs_5seeds_4noise_1h/run_archive/results/llmsr/seed3/llmsr_s3_g0026.json	9697
stage4_core50_12algs_5seeds_4noise_1h/run_archive/results/llmsr/seed3/llmsr_s3_g0027.json	10538
stage4_core50_12algs_5seeds_4noise_1h/run_archive/results/llmsr/seed3/llmsr_s3_g0028.json	9092
stage4_core50_12algs_5seeds_4noise_1h/run_archive/results/llmsr/seed3/llmsr_s3_g0029.json	8219
stage4_core50_12algs_5seeds_4noise_1h/run_archive/results/llmsr/seed3/llmsr_s3_g0030.json	6922
stage4_core50_12algs_5seeds_4noise_1h/run_archive/results/llmsr/seed3/llmsr_s3_g0031.json	12382
stage4_core50_12algs_5seeds_4noise_1h/run_archive/results/llmsr/seed3/llmsr_s3_g0032.json	7459
stage4_core50_12algs_5seeds_4noise_1h/run_archive/results/llmsr/seed3/llmsr_s3_g0033.json	11092
stage4_core50_12algs_5seeds_4noise_1h/run_archive/results/llmsr/seed3/llmsr_s3_g0034.json	9305
stage4_core50_12algs_5seeds_4noise_1h/run_archive/results/llmsr/seed3/llmsr_s3_g0035.json	8941
stage4_core50_12algs_5seeds_4noise_1h/run_archive/results/llmsr/seed3/llmsr_s3_g0036.json	9305
stage4_core50_12algs_5seeds_4noise_1h/run_archive/results/llmsr/seed3/llmsr_s3_g0037.json	10313
stage4_core50_12algs_5seeds_4noise_1h/run_archive/results/llmsr/seed3/llmsr_s3_g0038.json	10386
stage4_core50_12algs_5seeds_4noise_1h/run_archive/results/llmsr/seed3/llmsr_s3_g0039.json	10204
stage4_core50_12algs_5seeds_4noise_1h/run_archive/results/llmsr/seed3/llmsr_s3_g0040.json	9139
stage4_core50_12algs_5seeds_4noise_1h/run_archive/results/llmsr/seed3/llmsr_s3_g0041.json	8441
stage4_core50_12algs_5seeds_4noise_1h/run_archive/results/llmsr/seed3/llmsr_s3_g0042.json	10062
stage4_core50_12algs_5seeds_4noise_1h/run_archive/results/llmsr/seed3/llmsr_s3_g0043.json	8325
stage4_core50_12algs_5seeds_4noise_1h/run_archive/results/llmsr/seed3/llmsr_s3_g0044.json	10728
stage4_core50_12algs_5seeds_4noise_1h/run_archive/results/llmsr/seed3/llmsr_s3_g0045.json	10864
stage4_core50_12algs_5seeds_4noise_1h/run_archive/results/llmsr/seed3/llmsr_s3_g0046.json	9970
stage4_core50_12algs_5seeds_4noise_1h/run_archive/results/llmsr/seed3/llmsr_s3_g0047.json	8994
stage4_core50_12algs_5seeds_4noise_1h/run_archive/results/llmsr/seed3/llmsr_s3_g0048.json	8579
stage4_core50_12algs_5seeds_4noise_1h/run_archive/results/llmsr/seed3/llmsr_s3_g0049.json	7053
stage4_core50_12algs_5seeds_4noise_1h/run_archive/results/llmsr/seed3/llmsr_s3_g0050.json	7415
stage4_core50_12algs_5seeds_4noise_1h/run_archive/results/llmsr/seed4/llmsr_s4_g0001.json	12045
stage4_core50_12algs_5seeds_4noise_1h/run_archive/results/llmsr/seed4/llmsr_s4_g0002.json	10162
stage4_core50_12algs_5seeds_4noise_1h/run_archive/results/llmsr/seed4/llmsr_s4_g0003.json	12479
stage4_core50_12algs_5seeds_4noise_1h/run_archive/results/llmsr/seed4/llmsr_s4_g0004.json	10852
stage4_core50_12algs_5seeds_4noise_1h/run_archive/results/llmsr/seed4/llmsr_s4_g0005.json	9920
stage4_core50_12algs_5seeds_4noise_1h/run_archive/results/llmsr/seed4/llmsr_s4_g0006.json	9376
stage4_core50_12algs_5seeds_4noise_1h/run_archive/results/llmsr/seed4/llmsr_s4_g0007.json	10802
stage4_core50_12algs_5seeds_4noise_1h/run_archive/results/llmsr/seed4/llmsr_s4_g0008.json	8115
stage4_core50_12algs_5seeds_4noise_1h/run_archive/results/llmsr/seed4/llmsr_s4_g0009.json	7337
stage4_core50_12algs_5seeds_4noise_1h/run_archive/results/llmsr/seed4/llmsr_s4_g0010.json	10022
stage4_core50_12algs_5seeds_4noise_1h/run_archive/results/llmsr/seed4/llmsr_s4_g0011.json	9378
stage4_core50_12algs_5seeds_4noise_1h/run_archive/results/llmsr/seed4/llmsr_s4_g0012.json	8982
stage4_core50_12algs_5seeds_4noise_1h/run_archive/results/llmsr/seed4/llmsr_s4_g0013.json	8726
stage4_core50_12algs_5seeds_4noise_1h/run_archive/results/llmsr/seed4/llmsr_s4_g0014.json	15281
stage4_core50_12algs_5seeds_4noise_1h/run_archive/results/llmsr/seed4/llmsr_s4_g0015.json	12321
stage4_core50_12algs_5seeds_4noise_1h/run_archive/results/llmsr/seed4/llmsr_s4_g0016.json	7143
stage4_core50_12algs_5seeds_4noise_1h/run_archive/results/llmsr/seed4/llmsr_s4_g0017.json	11667
stage4_core50_12algs_5seeds_4noise_1h/run_archive/results/llmsr/seed4/llmsr_s4_g0018.json	10276
stage4_core50_12algs_5seeds_4noise_1h/run_archive/results/llmsr/seed4/llmsr_s4_g0019.json	10023
stage4_core50_12algs_5seeds_4noise_1h/run_archive/results/llmsr/seed4/llmsr_s4_g0020.json	8709
stage4_core50_12algs_5seeds_4noise_1h/run_archive/results/llmsr/seed4/llmsr_s4_g0021.json	10259
stage4_core50_12algs_5seeds_4noise_1h/run_archive/results/llmsr/seed4/llmsr_s4_g0022.json	12185
stage4_core50_12algs_5seeds_4noise_1h/run_archive/results/llmsr/seed4/llmsr_s4_g0023.json	12715
stage4_core50_12algs_5seeds_4noise_1h/run_archive/results/llmsr/seed4/llmsr_s4_g0024.json	11099
stage4_core50_12algs_5seeds_4noise_1h/run_archive/results/llmsr/seed4/llmsr_s4_g0025.json	8769
stage4_core50_12algs_5seeds_4noise_1h/run_archive/results/llmsr/seed4/llmsr_s4_g0026.json	8752
stage4_core50_12algs_5seeds_4noise_1h/run_archive/results/llmsr/seed4/llmsr_s4_g0027.json	8816
stage4_core50_12algs_5seeds_4noise_1h/run_archive/results/llmsr/seed4/llmsr_s4_g0028.json	8744
stage4_core50_12algs_5seeds_4noise_1h/run_archive/results/llmsr/seed4/llmsr_s4_g0029.json	8692
stage4_core50_12algs_5seeds_4noise_1h/run_archive/results/llmsr/seed4/llmsr_s4_g0030.json	6922
stage4_core50_12algs_5seeds_4noise_1h/run_archive/results/llmsr/seed4/llmsr_s4_g0031.json	8645
stage4_core50_12algs_5seeds_4noise_1h/run_archive/results/llmsr/seed4/llmsr_s4_g0032.json	9660
stage4_core50_12algs_5seeds_4noise_1h/run_archive/results/llmsr/seed4/llmsr_s4_g0033.json	11053
stage4_core50_12algs_5seeds_4noise_1h/run_archive/results/llmsr/seed4/llmsr_s4_g0034.json	9539
stage4_core50_12algs_5seeds_4noise_1h/run_archive/results/llmsr/seed4/llmsr_s4_g0035.json	8976
stage4_core50_12algs_5seeds_4noise_1h/run_archive/results/llmsr/seed4/llmsr_s4_g0036.json	10350
stage4_core50_12algs_5seeds_4noise_1h/run_archive/results/llmsr/seed4/llmsr_s4_g0037.json	10119
stage4_core50_12algs_5seeds_4noise_1h/run_archive/results/llmsr/seed4/llmsr_s4_g0038.json	8416
stage4_core50_12algs_5seeds_4noise_1h/run_archive/results/llmsr/seed4/llmsr_s4_g0039.json	9593
stage4_core50_12algs_5seeds_4noise_1h/run_archive/results/llmsr/seed4/llmsr_s4_g0040.json	10544
stage4_core50_12algs_5seeds_4noise_1h/run_archive/results/llmsr/seed4/llmsr_s4_g0041.json	8466
stage4_core50_12algs_5seeds_4noise_1h/run_archive/results/llmsr/seed4/llmsr_s4_g0042.json	11079
stage4_core50_12algs_5seeds_4noise_1h/run_archive/results/llmsr/seed4/llmsr_s4_g0043.json	8208
stage4_core50_12algs_5seeds_4noise_1h/run_archive/results/llmsr/seed4/llmsr_s4_g0044.json	11148
stage4_core50_12algs_5seeds_4noise_1h/run_archive/results/llmsr/seed4/llmsr_s4_g0045.json	11036
stage4_core50_12algs_5seeds_4noise_1h/run_archive/results/llmsr/seed4/llmsr_s4_g0046.json	9038
stage4_core50_12algs_5seeds_4noise_1h/run_archive/results/llmsr/seed4/llmsr_s4_g0047.json	7560
stage4_core50_12algs_5seeds_4noise_1h/run_archive/results/llmsr/seed4/llmsr_s4_g0048.json	8579
stage4_core50_12algs_5seeds_4noise_1h/run_archive/results/llmsr/seed4/llmsr_s4_g0049.json	7017
stage4_core50_12algs_5seeds_4noise_1h/run_archive/results/llmsr/seed4/llmsr_s4_g0050.json	9260
stage4_core50_12algs_5seeds_4noise_1h/run_archive/results/pyoperon/seed0/pyoperon_s0_g0001.json	4265
stage4_core50_12algs_5seeds_4noise_1h/run_archive/results/pyoperon/seed0/pyoperon_s0_g0002.json	4394
stage4_core50_12algs_5seeds_4noise_1h/run_archive/results/pyoperon/seed0/pyoperon_s0_g0003.json	3925
stage4_core50_12algs_5seeds_4noise_1h/run_archive/results/pyoperon/seed0/pyoperon_s0_g0004.json	4305
stage4_core50_12algs_5seeds_4noise_1h/run_archive/results/pyoperon/seed0/pyoperon_s0_g0005.json	4232
stage4_core50_12algs_5seeds_4noise_1h/run_archive/results/pyoperon/seed0/pyoperon_s0_g0006.json	4322
stage4_core50_12algs_5seeds_4noise_1h/run_archive/results/pyoperon/seed0/pyoperon_s0_g0007.json	4001
stage4_core50_12algs_5seeds_4noise_1h/run_archive/results/pyoperon/seed0/pyoperon_s0_g0008.json	4209
stage4_core50_12algs_5seeds_4noise_1h/run_archive/results/pyoperon/seed0/pyoperon_s0_g0009.json	4072
stage4_core50_12algs_5seeds_4noise_1h/run_archive/results/pyoperon/seed0/pyoperon_s0_g0010.json	3961
stage4_core50_12algs_5seeds_4noise_1h/run_archive/results/pyoperon/seed0/pyoperon_s0_g0011.json	4530
stage4_core50_12algs_5seeds_4noise_1h/run_archive/results/pyoperon/seed0/pyoperon_s0_g0012.json	4412
stage4_core50_12algs_5seeds_4noise_1h/run_archive/results/pyoperon/seed0/pyoperon_s0_g0013.json	3768
stage4_core50_12algs_5seeds_4noise_1h/run_archive/results/pyoperon/seed0/pyoperon_s0_g0014.json	4878
stage4_core50_12algs_5seeds_4noise_1h/run_archive/results/pyoperon/seed0/pyoperon_s0_g0015.json	4289
stage4_core50_12algs_5seeds_4noise_1h/run_archive/results/pyoperon/seed0/pyoperon_s0_g0016.json	4103
stage4_core50_12algs_5seeds_4noise_1h/run_archive/results/pyoperon/seed0/pyoperon_s0_g0017.json	4480
stage4_core50_12algs_5seeds_4noise_1h/run_archive/results/pyoperon/seed0/pyoperon_s0_g0018.json	4467
stage4_core50_12algs_5seeds_4noise_1h/run_archive/results/pyoperon/seed0/pyoperon_s0_g0019.json	4323
stage4_core50_12algs_5seeds_4noise_1h/run_archive/results/pyoperon/seed0/pyoperon_s0_g0020.json	4512
stage4_core50_12algs_5seeds_4noise_1h/run_archive/results/pyoperon/seed0/pyoperon_s0_g0021.json	4616
stage4_core50_12algs_5seeds_4noise_1h/run_archive/results/pyoperon/seed0/pyoperon_s0_g0022.json	4486
stage4_core50_12algs_5seeds_4noise_1h/run_archive/results/pyoperon/seed0/pyoperon_s0_g0023.json	4369
stage4_core50_12algs_5seeds_4noise_1h/run_archive/results/pyoperon/seed0/pyoperon_s0_g0024.json	4556
stage4_core50_12algs_5seeds_4noise_1h/run_archive/results/pyoperon/seed0/pyoperon_s0_g0025.json	4208
stage4_core50_12algs_5seeds_4noise_1h/run_archive/results/pyoperon/seed0/pyoperon_s0_g0026.json	4443
stage4_core50_12algs_5seeds_4noise_1h/run_archive/results/pyoperon/seed0/pyoperon_s0_g0027.json	4562
stage4_core50_12algs_5seeds_4noise_1h/run_archive/results/pyoperon/seed0/pyoperon_s0_g0028.json	4195
stage4_core50_12algs_5seeds_4noise_1h/run_archive/results/pyoperon/seed0/pyoperon_s0_g0029.json	4190
stage4_core50_12algs_5seeds_4noise_1h/run_archive/results/pyoperon/seed0/pyoperon_s0_g0030.json	4425
stage4_core50_12algs_5seeds_4noise_1h/run_archive/results/pyoperon/seed0/pyoperon_s0_g0031.json	4298
stage4_core50_12algs_5seeds_4noise_1h/run_archive/results/pyoperon/seed0/pyoperon_s0_g0032.json	3844
stage4_core50_12algs_5seeds_4noise_1h/run_archive/results/pyoperon/seed0/pyoperon_s0_g0033.json	3945
stage4_core50_12algs_5seeds_4noise_1h/run_archive/results/pyoperon/seed0/pyoperon_s0_g0034.json	4048
stage4_core50_12algs_5seeds_4noise_1h/run_archive/results/pyoperon/seed0/pyoperon_s0_g0035.json	4422
stage4_core50_12algs_5seeds_4noise_1h/run_archive/results/pyoperon/seed0/pyoperon_s0_g0036.json	4212
stage4_core50_12algs_5seeds_4noise_1h/run_archive/results/pyoperon/seed0/pyoperon_s0_g0037.json	4385
stage4_core50_12algs_5seeds_4noise_1h/run_archive/results/pyoperon/seed0/pyoperon_s0_g0038.json	4139
stage4_core50_12algs_5seeds_4noise_1h/run_archive/results/pyoperon/seed0/pyoperon_s0_g0039.json	4062
stage4_core50_12algs_5seeds_4noise_1h/run_archive/results/pyoperon/seed0/pyoperon_s0_g0040.json	4455
stage4_core50_12algs_5seeds_4noise_1h/run_archive/results/pyoperon/seed0/pyoperon_s0_g0041.json	4338
stage4_core50_12algs_5seeds_4noise_1h/run_archive/results/pyoperon/seed0/pyoperon_s0_g0042.json	4380
stage4_core50_12algs_5seeds_4noise_1h/run_archive/results/pyoperon/seed0/pyoperon_s0_g0043.json	4289
stage4_core50_12algs_5seeds_4noise_1h/run_archive/results/pyoperon/seed0/pyoperon_s0_g0044.json	4225
stage4_core50_12algs_5seeds_4noise_1h/run_archive/results/pyoperon/seed0/pyoperon_s0_g0045.json	3925
stage4_core50_12algs_5seeds_4noise_1h/run_archive/results/pyoperon/seed0/pyoperon_s0_g0046.json	5731
stage4_core50_12algs_5seeds_4noise_1h/run_archive/results/pyoperon/seed0/pyoperon_s0_g0047.json	4300
stage4_core50_12algs_5seeds_4noise_1h/run_archive/results/pyoperon/seed0/pyoperon_s0_g0048.json	4311
stage4_core50_12algs_5seeds_4noise_1h/run_archive/results/pyoperon/seed0/pyoperon_s0_g0049.json	4126
stage4_core50_12algs_5seeds_4noise_1h/run_archive/results/pyoperon/seed0/pyoperon_s0_g0050.json	3973
stage4_core50_12algs_5seeds_4noise_1h/run_archive/results/pyoperon/seed1/pyoperon_s1_g0001.json	4408
stage4_core50_12algs_5seeds_4noise_1h/run_archive/results/pyoperon/seed1/pyoperon_s1_g0002.json	4842
stage4_core50_12algs_5seeds_4noise_1h/run_archive/results/pyoperon/seed1/pyoperon_s1_g0003.json	3844
stage4_core50_12algs_5seeds_4noise_1h/run_archive/results/pyoperon/seed1/pyoperon_s1_g0004.json	4163
stage4_core50_12algs_5seeds_4noise_1h/run_archive/results/pyoperon/seed1/pyoperon_s1_g0005.json	4044
stage4_core50_12algs_5seeds_4noise_1h/run_archive/results/pyoperon/seed1/pyoperon_s1_g0006.json	4003
stage4_core50_12algs_5seeds_4noise_1h/run_archive/results/pyoperon/seed1/pyoperon_s1_g0007.json	4128
stage4_core50_12algs_5seeds_4noise_1h/run_archive/results/pyoperon/seed1/pyoperon_s1_g0008.json	4076
stage4_core50_12algs_5seeds_4noise_1h/run_archive/results/pyoperon/seed1/pyoperon_s1_g0009.json	4048
stage4_core50_12algs_5seeds_4noise_1h/run_archive/results/pyoperon/seed1/pyoperon_s1_g0010.json	4181
stage4_core50_12algs_5seeds_4noise_1h/run_archive/results/pyoperon/seed1/pyoperon_s1_g0011.json	4149
stage4_core50_12algs_5seeds_4noise_1h/run_archive/results/pyoperon/seed1/pyoperon_s1_g0012.json	4554
stage4_core50_12algs_5seeds_4noise_1h/run_archive/results/pyoperon/seed1/pyoperon_s1_g0013.json	3826
stage4_core50_12algs_5seeds_4noise_1h/run_archive/results/pyoperon/seed1/pyoperon_s1_g0014.json	4777
stage4_core50_12algs_5seeds_4noise_1h/run_archive/results/pyoperon/seed1/pyoperon_s1_g0015.json	4275
stage4_core50_12algs_5seeds_4noise_1h/run_archive/results/pyoperon/seed1/pyoperon_s1_g0016.json	4125
stage4_core50_12algs_5seeds_4noise_1h/run_archive/results/pyoperon/seed1/pyoperon_s1_g0017.json	4666
stage4_core50_12algs_5seeds_4noise_1h/run_archive/results/pyoperon/seed1/pyoperon_s1_g0018.json	4446
stage4_core50_12algs_5seeds_4noise_1h/run_archive/results/pyoperon/seed1/pyoperon_s1_g0019.json	4119
stage4_core50_12algs_5seeds_4noise_1h/run_archive/results/pyoperon/seed1/pyoperon_s1_g0020.json	4671
stage4_core50_12algs_5seeds_4noise_1h/run_archive/results/pyoperon/seed1/pyoperon_s1_g0021.json	4437
stage4_core50_12algs_5seeds_4noise_1h/run_archive/results/pyoperon/seed1/pyoperon_s1_g0022.json	4472
stage4_core50_12algs_5seeds_4noise_1h/run_archive/results/pyoperon/seed1/pyoperon_s1_g0023.json	4620
stage4_core50_12algs_5seeds_4noise_1h/run_archive/results/pyoperon/seed1/pyoperon_s1_g0024.json	4524
stage4_core50_12algs_5seeds_4noise_1h/run_archive/results/pyoperon/seed1/pyoperon_s1_g0025.json	4202
stage4_core50_12algs_5seeds_4noise_1h/run_archive/results/pyoperon/seed1/pyoperon_s1_g0026.json	4091
stage4_core50_12algs_5seeds_4noise_1h/run_archive/results/pyoperon/seed1/pyoperon_s1_g0027.json	4715
stage4_core50_12algs_5seeds_4noise_1h/run_archive/results/pyoperon/seed1/pyoperon_s1_g0028.json	4178
stage4_core50_12algs_5seeds_4noise_1h/run_archive/results/pyoperon/seed1/pyoperon_s1_g0029.json	4425
stage4_core50_12algs_5seeds_4noise_1h/run_archive/results/pyoperon/seed1/pyoperon_s1_g0030.json	4440
stage4_core50_12algs_5seeds_4noise_1h/run_archive/results/pyoperon/seed1/pyoperon_s1_g0031.json	4536
stage4_core50_12algs_5seeds_4noise_1h/run_archive/results/pyoperon/seed1/pyoperon_s1_g0032.json	3936
stage4_core50_12algs_5seeds_4noise_1h/run_archive/results/pyoperon/seed1/pyoperon_s1_g0033.json	3900
stage4_core50_12algs_5seeds_4noise_1h/run_archive/results/pyoperon/seed1/pyoperon_s1_g0034.json	4044
stage4_core50_12algs_5seeds_4noise_1h/run_archive/results/pyoperon/seed1/pyoperon_s1_g0035.json	3796
stage4_core50_12algs_5seeds_4noise_1h/run_archive/results/pyoperon/seed1/pyoperon_s1_g0036.json	4041
stage4_core50_12algs_5seeds_4noise_1h/run_archive/results/pyoperon/seed1/pyoperon_s1_g0037.json	4197
stage4_core50_12algs_5seeds_4noise_1h/run_archive/results/pyoperon/seed1/pyoperon_s1_g0038.json	4035
stage4_core50_12algs_5seeds_4noise_1h/run_archive/results/pyoperon/seed1/pyoperon_s1_g0039.json	4171
stage4_core50_12algs_5seeds_4noise_1h/run_archive/results/pyoperon/seed1/pyoperon_s1_g0040.json	4535
stage4_core50_12algs_5seeds_4noise_1h/run_archive/results/pyoperon/seed1/pyoperon_s1_g0041.json	4061
stage4_core50_12algs_5seeds_4noise_1h/run_archive/results/pyoperon/seed1/pyoperon_s1_g0042.json	4174
stage4_core50_12algs_5seeds_4noise_1h/run_archive/results/pyoperon/seed1/pyoperon_s1_g0043.json	4110
stage4_core50_12algs_5seeds_4noise_1h/run_archive/results/pyoperon/seed1/pyoperon_s1_g0044.json	4538
stage4_core50_12algs_5seeds_4noise_1h/run_archive/results/pyoperon/seed1/pyoperon_s1_g0045.json	3887
stage4_core50_12algs_5seeds_4noise_1h/run_archive/results/pyoperon/seed1/pyoperon_s1_g0046.json	4584
stage4_core50_12algs_5seeds_4noise_1h/run_archive/results/pyoperon/seed1/pyoperon_s1_g0047.json	4484
stage4_core50_12algs_5seeds_4noise_1h/run_archive/results/pyoperon/seed1/pyoperon_s1_g0048.json	4207
stage4_core50_12algs_5seeds_4noise_1h/run_archive/results/pyoperon/seed1/pyoperon_s1_g0049.json	4331
stage4_core50_12algs_5seeds_4noise_1h/run_archive/results/pyoperon/seed1/pyoperon_s1_g0050.json	4154
stage4_core50_12algs_5seeds_4noise_1h/run_archive/results/pyoperon/seed2/pyoperon_s2_g0001.json	4263
stage4_core50_12algs_5seeds_4noise_1h/run_archive/results/pyoperon/seed2/pyoperon_s2_g0002.json	4334
stage4_core50_12algs_5seeds_4noise_1h/run_archive/results/pyoperon/seed2/pyoperon_s2_g0003.json	3839
stage4_core50_12algs_5seeds_4noise_1h/run_archive/results/pyoperon/seed2/pyoperon_s2_g0004.json	4034
stage4_core50_12algs_5seeds_4noise_1h/run_archive/results/pyoperon/seed2/pyoperon_s2_g0005.json	4344
stage4_core50_12algs_5seeds_4noise_1h/run_archive/results/pyoperon/seed2/pyoperon_s2_g0006.json	4091
stage4_core50_12algs_5seeds_4noise_1h/run_archive/results/pyoperon/seed2/pyoperon_s2_g0007.json	4340
stage4_core50_12algs_5seeds_4noise_1h/run_archive/results/pyoperon/seed2/pyoperon_s2_g0008.json	4268
stage4_core50_12algs_5seeds_4noise_1h/run_archive/results/pyoperon/seed2/pyoperon_s2_g0009.json	4000
stage4_core50_12algs_5seeds_4noise_1h/run_archive/results/pyoperon/seed2/pyoperon_s2_g0010.json	4260
stage4_core50_12algs_5seeds_4noise_1h/run_archive/results/pyoperon/seed2/pyoperon_s2_g0011.json	4145
stage4_core50_12algs_5seeds_4noise_1h/run_archive/results/pyoperon/seed2/pyoperon_s2_g0012.json	4338
stage4_core50_12algs_5seeds_4noise_1h/run_archive/results/pyoperon/seed2/pyoperon_s2_g0013.json	3825
stage4_core50_12algs_5seeds_4noise_1h/run_archive/results/pyoperon/seed2/pyoperon_s2_g0014.json	4529
stage4_core50_12algs_5seeds_4noise_1h/run_archive/results/pyoperon/seed2/pyoperon_s2_g0015.json	4526
stage4_core50_12algs_5seeds_4noise_1h/run_archive/results/pyoperon/seed2/pyoperon_s2_g0016.json	4497
stage4_core50_12algs_5seeds_4noise_1h/run_archive/results/pyoperon/seed2/pyoperon_s2_g0017.json	4193
stage4_core50_12algs_5seeds_4noise_1h/run_archive/results/pyoperon/seed2/pyoperon_s2_g0018.json	4450
stage4_core50_12algs_5seeds_4noise_1h/run_archive/results/pyoperon/seed2/pyoperon_s2_g0019.json	4720
stage4_core50_12algs_5seeds_4noise_1h/run_archive/results/pyoperon/seed2/pyoperon_s2_g0020.json	4615
stage4_core50_12algs_5seeds_4noise_1h/run_archive/results/pyoperon/seed2/pyoperon_s2_g0021.json	4369
stage4_core50_12algs_5seeds_4noise_1h/run_archive/results/pyoperon/seed2/pyoperon_s2_g0022.json	4625
stage4_core50_12algs_5seeds_4noise_1h/run_archive/results/pyoperon/seed2/pyoperon_s2_g0023.json	4474
stage4_core50_12algs_5seeds_4noise_1h/run_archive/results/pyoperon/seed2/pyoperon_s2_g0024.json	4395
stage4_core50_12algs_5seeds_4noise_1h/run_archive/results/pyoperon/seed2/pyoperon_s2_g0025.json	4291
stage4_core50_12algs_5seeds_4noise_1h/run_archive/results/pyoperon/seed2/pyoperon_s2_g0026.json	4271
stage4_core50_12algs_5seeds_4noise_1h/run_archive/results/pyoperon/seed2/pyoperon_s2_g0027.json	4418
stage4_core50_12algs_5seeds_4noise_1h/run_archive/results/pyoperon/seed2/pyoperon_s2_g0028.json	4262
stage4_core50_12algs_5seeds_4noise_1h/run_archive/results/pyoperon/seed2/pyoperon_s2_g0029.json	4642
stage4_core50_12algs_5seeds_4noise_1h/run_archive/results/pyoperon/seed2/pyoperon_s2_g0030.json	4527
stage4_core50_12algs_5seeds_4noise_1h/run_archive/results/pyoperon/seed2/pyoperon_s2_g0031.json	4336
stage4_core50_12algs_5seeds_4noise_1h/run_archive/results/pyoperon/seed2/pyoperon_s2_g0032.json	3916
stage4_core50_12algs_5seeds_4noise_1h/run_archive/results/pyoperon/seed2/pyoperon_s2_g0033.json	3907
stage4_core50_12algs_5seeds_4noise_1h/run_archive/results/pyoperon/seed2/pyoperon_s2_g0034.json	4132
stage4_core50_12algs_5seeds_4noise_1h/run_archive/results/pyoperon/seed2/pyoperon_s2_g0035.json	3812
stage4_core50_12algs_5seeds_4noise_1h/run_archive/results/pyoperon/seed2/pyoperon_s2_g0036.json	4072
stage4_core50_12algs_5seeds_4noise_1h/run_archive/results/pyoperon/seed2/pyoperon_s2_g0037.json	4116
stage4_core50_12algs_5seeds_4noise_1h/run_archive/results/pyoperon/seed2/pyoperon_s2_g0038.json	4260
stage4_core50_12algs_5seeds_4noise_1h/run_archive/results/pyoperon/seed2/pyoperon_s2_g0039.json	4176
stage4_core50_12algs_5seeds_4noise_1h/run_archive/results/pyoperon/seed2/pyoperon_s2_g0040.json	4347
stage4_core50_12algs_5seeds_4noise_1h/run_archive/results/pyoperon/seed2/pyoperon_s2_g0041.json	4106
stage4_core50_12algs_5seeds_4noise_1h/run_archive/results/pyoperon/seed2/pyoperon_s2_g0042.json	4263
stage4_core50_12algs_5seeds_4noise_1h/run_archive/results/pyoperon/seed2/pyoperon_s2_g0043.json	4049
stage4_core50_12algs_5seeds_4noise_1h/run_archive/results/pyoperon/seed2/pyoperon_s2_g0044.json	4185
stage4_core50_12algs_5seeds_4noise_1h/run_archive/results/pyoperon/seed2/pyoperon_s2_g0045.json	3892
stage4_core50_12algs_5seeds_4noise_1h/run_archive/results/pyoperon/seed2/pyoperon_s2_g0046.json	4375
stage4_core50_12algs_5seeds_4noise_1h/run_archive/results/pyoperon/seed2/pyoperon_s2_g0047.json	3697
stage4_core50_12algs_5seeds_4noise_1h/run_archive/results/pyoperon/seed2/pyoperon_s2_g0048.json	4556
stage4_core50_12algs_5seeds_4noise_1h/run_archive/results/pyoperon/seed2/pyoperon_s2_g0049.json	4341
stage4_core50_12algs_5seeds_4noise_1h/run_archive/results/pyoperon/seed2/pyoperon_s2_g0050.json	3982
stage4_core50_12algs_5seeds_4noise_1h/run_archive/results/pyoperon/seed3/pyoperon_s3_g0001.json	4191
stage4_core50_12algs_5seeds_4noise_1h/run_archive/results/pyoperon/seed3/pyoperon_s3_g0002.json	4569
stage4_core50_12algs_5seeds_4noise_1h/run_archive/results/pyoperon/seed3/pyoperon_s3_g0003.json	3875
stage4_core50_12algs_5seeds_4noise_1h/run_archive/results/pyoperon/seed3/pyoperon_s3_g0004.json	3831
stage4_core50_12algs_5seeds_4noise_1h/run_archive/results/pyoperon/seed3/pyoperon_s3_g0005.json	4087
stage4_core50_12algs_5seeds_4noise_1h/run_archive/results/pyoperon/seed3/pyoperon_s3_g0006.json	3999
stage4_core50_12algs_5seeds_4noise_1h/run_archive/results/pyoperon/seed3/pyoperon_s3_g0007.json	4278
stage4_core50_12algs_5seeds_4noise_1h/run_archive/results/pyoperon/seed3/pyoperon_s3_g0008.json	4212
stage4_core50_12algs_5seeds_4noise_1h/run_archive/results/pyoperon/seed3/pyoperon_s3_g0009.json	4030
stage4_core50_12algs_5seeds_4noise_1h/run_archive/results/pyoperon/seed3/pyoperon_s3_g0010.json	4309
stage4_core50_12algs_5seeds_4noise_1h/run_archive/results/pyoperon/seed3/pyoperon_s3_g0011.json	4464
stage4_core50_12algs_5seeds_4noise_1h/run_archive/results/pyoperon/seed3/pyoperon_s3_g0012.json	4402
stage4_core50_12algs_5seeds_4noise_1h/run_archive/results/pyoperon/seed3/pyoperon_s3_g0013.json	3832
stage4_core50_12algs_5seeds_4noise_1h/run_archive/results/pyoperon/seed3/pyoperon_s3_g0014.json	4533
stage4_core50_12algs_5seeds_4noise_1h/run_archive/results/pyoperon/seed3/pyoperon_s3_g0015.json	4209
stage4_core50_12algs_5seeds_4noise_1h/run_archive/results/pyoperon/seed3/pyoperon_s3_g0016.json	4437
stage4_core50_12algs_5seeds_4noise_1h/run_archive/results/pyoperon/seed3/pyoperon_s3_g0017.json	4189
stage4_core50_12algs_5seeds_4noise_1h/run_archive/results/pyoperon/seed3/pyoperon_s3_g0018.json	4440
stage4_core50_12algs_5seeds_4noise_1h/run_archive/results/pyoperon/seed3/pyoperon_s3_g0019.json	4544
stage4_core50_12algs_5seeds_4noise_1h/run_archive/results/pyoperon/seed3/pyoperon_s3_g0020.json	4536
stage4_core50_12algs_5seeds_4noise_1h/run_archive/results/pyoperon/seed3/pyoperon_s3_g0021.json	4712
stage4_core50_12algs_5seeds_4noise_1h/run_archive/results/pyoperon/seed3/pyoperon_s3_g0022.json	4732
stage4_core50_12algs_5seeds_4noise_1h/run_archive/results/pyoperon/seed3/pyoperon_s3_g0023.json	4418
stage4_core50_12algs_5seeds_4noise_1h/run_archive/results/pyoperon/seed3/pyoperon_s3_g0024.json	4549
stage4_core50_12algs_5seeds_4noise_1h/run_archive/results/pyoperon/seed3/pyoperon_s3_g0025.json	4337
stage4_core50_12algs_5seeds_4noise_1h/run_archive/results/pyoperon/seed3/pyoperon_s3_g0026.json	4200
stage4_core50_12algs_5seeds_4noise_1h/run_archive/results/pyoperon/seed3/pyoperon_s3_g0027.json	4392
stage4_core50_12algs_5seeds_4noise_1h/run_archive/results/pyoperon/seed3/pyoperon_s3_g0028.json	4221
stage4_core50_12algs_5seeds_4noise_1h/run_archive/results/pyoperon/seed3/pyoperon_s3_g0029.json	4263
stage4_core50_12algs_5seeds_4noise_1h/run_archive/results/pyoperon/seed3/pyoperon_s3_g0030.json	4649
stage4_core50_12algs_5seeds_4noise_1h/run_archive/results/pyoperon/seed3/pyoperon_s3_g0031.json	4256
stage4_core50_12algs_5seeds_4noise_1h/run_archive/results/pyoperon/seed3/pyoperon_s3_g0032.json	3869
stage4_core50_12algs_5seeds_4noise_1h/run_archive/results/pyoperon/seed3/pyoperon_s3_g0033.json	2899
stage4_core50_12algs_5seeds_4noise_1h/run_archive/results/pyoperon/seed3/pyoperon_s3_g0034.json	4107
stage4_core50_12algs_5seeds_4noise_1h/run_archive/results/pyoperon/seed3/pyoperon_s3_g0035.json	3848
stage4_core50_12algs_5seeds_4noise_1h/run_archive/results/pyoperon/seed3/pyoperon_s3_g0036.json	4320
stage4_core50_12algs_5seeds_4noise_1h/run_archive/results/pyoperon/seed3/pyoperon_s3_g0037.json	3965
stage4_core50_12algs_5seeds_4noise_1h/run_archive/results/pyoperon/seed3/pyoperon_s3_g0038.json	4211
stage4_core50_12algs_5seeds_4noise_1h/run_archive/results/pyoperon/seed3/pyoperon_s3_g0039.json	4172
stage4_core50_12algs_5seeds_4noise_1h/run_archive/results/pyoperon/seed3/pyoperon_s3_g0040.json	4487
stage4_core50_12algs_5seeds_4noise_1h/run_archive/results/pyoperon/seed3/pyoperon_s3_g0041.json	4318
stage4_core50_12algs_5seeds_4noise_1h/run_archive/results/pyoperon/seed3/pyoperon_s3_g0042.json	4427
stage4_core50_12algs_5seeds_4noise_1h/run_archive/results/pyoperon/seed3/pyoperon_s3_g0043.json	4180
stage4_core50_12algs_5seeds_4noise_1h/run_archive/results/pyoperon/seed3/pyoperon_s3_g0044.json	4166
stage4_core50_12algs_5seeds_4noise_1h/run_archive/results/pyoperon/seed3/pyoperon_s3_g0045.json	2885
stage4_core50_12algs_5seeds_4noise_1h/run_archive/results/pyoperon/seed3/pyoperon_s3_g0046.json	4502
stage4_core50_12algs_5seeds_4noise_1h/run_archive/results/pyoperon/seed3/pyoperon_s3_g0047.json	4062
stage4_core50_12algs_5seeds_4noise_1h/run_archive/results/pyoperon/seed3/pyoperon_s3_g0048.json	4372
stage4_core50_12algs_5seeds_4noise_1h/run_archive/results/pyoperon/seed3/pyoperon_s3_g0049.json	4193
stage4_core50_12algs_5seeds_4noise_1h/run_archive/results/pyoperon/seed3/pyoperon_s3_g0050.json	4325
stage4_core50_12algs_5seeds_4noise_1h/run_archive/results/pyoperon/seed4/pyoperon_s4_g0001.json	4387
stage4_core50_12algs_5seeds_4noise_1h/run_archive/results/pyoperon/seed4/pyoperon_s4_g0002.json	4767
stage4_core50_12algs_5seeds_4noise_1h/run_archive/results/pyoperon/seed4/pyoperon_s4_g0003.json	3812
stage4_core50_12algs_5seeds_4noise_1h/run_archive/results/pyoperon/seed4/pyoperon_s4_g0004.json	3960
stage4_core50_12algs_5seeds_4noise_1h/run_archive/results/pyoperon/seed4/pyoperon_s4_g0005.json	4038
stage4_core50_12algs_5seeds_4noise_1h/run_archive/results/pyoperon/seed4/pyoperon_s4_g0006.json	4143
stage4_core50_12algs_5seeds_4noise_1h/run_archive/results/pyoperon/seed4/pyoperon_s4_g0007.json	3998
stage4_core50_12algs_5seeds_4noise_1h/run_archive/results/pyoperon/seed4/pyoperon_s4_g0008.json	4182
stage4_core50_12algs_5seeds_4noise_1h/run_archive/results/pyoperon/seed4/pyoperon_s4_g0009.json	4083
stage4_core50_12algs_5seeds_4noise_1h/run_archive/results/pyoperon/seed4/pyoperon_s4_g0010.json	4323
stage4_core50_12algs_5seeds_4noise_1h/run_archive/results/pyoperon/seed4/pyoperon_s4_g0011.json	4510
stage4_core50_12algs_5seeds_4noise_1h/run_archive/results/pyoperon/seed4/pyoperon_s4_g0012.json	4405
stage4_core50_12algs_5seeds_4noise_1h/run_archive/results/pyoperon/seed4/pyoperon_s4_g0013.json	3781
stage4_core50_12algs_5seeds_4noise_1h/run_archive/results/pyoperon/seed4/pyoperon_s4_g0014.json	4837
stage4_core50_12algs_5seeds_4noise_1h/run_archive/results/pyoperon/seed4/pyoperon_s4_g0015.json	4570
stage4_core50_12algs_5seeds_4noise_1h/run_archive/results/pyoperon/seed4/pyoperon_s4_g0016.json	4109
stage4_core50_12algs_5seeds_4noise_1h/run_archive/results/pyoperon/seed4/pyoperon_s4_g0017.json	4184
stage4_core50_12algs_5seeds_4noise_1h/run_archive/results/pyoperon/seed4/pyoperon_s4_g0018.json	5098
stage4_core50_12algs_5seeds_4noise_1h/run_archive/results/pyoperon/seed4/pyoperon_s4_g0019.json	4915
stage4_core50_12algs_5seeds_4noise_1h/run_archive/results/pyoperon/seed4/pyoperon_s4_g0020.json	4689
stage4_core50_12algs_5seeds_4noise_1h/run_archive/results/pyoperon/seed4/pyoperon_s4_g0021.json	4720
stage4_core50_12algs_5seeds_4noise_1h/run_archive/results/pyoperon/seed4/pyoperon_s4_g0022.json	4359
stage4_core50_12algs_5seeds_4noise_1h/run_archive/results/pyoperon/seed4/pyoperon_s4_g0023.json	4367
stage4_core50_12algs_5seeds_4noise_1h/run_archive/results/pyoperon/seed4/pyoperon_s4_g0024.json	4279
stage4_core50_12algs_5seeds_4noise_1h/run_archive/results/pyoperon/seed4/pyoperon_s4_g0025.json	4414
stage4_core50_12algs_5seeds_4noise_1h/run_archive/results/pyoperon/seed4/pyoperon_s4_g0026.json	4501
stage4_core50_12algs_5seeds_4noise_1h/run_archive/results/pyoperon/seed4/pyoperon_s4_g0027.json	4560
stage4_core50_12algs_5seeds_4noise_1h/run_archive/results/pyoperon/seed4/pyoperon_s4_g0028.json	4292
stage4_core50_12algs_5seeds_4noise_1h/run_archive/results/pyoperon/seed4/pyoperon_s4_g0029.json	4320
stage4_core50_12algs_5seeds_4noise_1h/run_archive/results/pyoperon/seed4/pyoperon_s4_g0030.json	4439
stage4_core50_12algs_5seeds_4noise_1h/run_archive/results/pyoperon/seed4/pyoperon_s4_g0031.json	4404
stage4_core50_12algs_5seeds_4noise_1h/run_archive/results/pyoperon/seed4/pyoperon_s4_g0032.json	3906
stage4_core50_12algs_5seeds_4noise_1h/run_archive/results/pyoperon/seed4/pyoperon_s4_g0033.json	2899
stage4_core50_12algs_5seeds_4noise_1h/run_archive/results/pyoperon/seed4/pyoperon_s4_g0034.json	4252
stage4_core50_12algs_5seeds_4noise_1h/run_archive/results/pyoperon/seed4/pyoperon_s4_g0035.json	3805
stage4_core50_12algs_5seeds_4noise_1h/run_archive/results/pyoperon/seed4/pyoperon_s4_g0036.json	4235
stage4_core50_12algs_5seeds_4noise_1h/run_archive/results/pyoperon/seed4/pyoperon_s4_g0037.json	4204
stage4_core50_12algs_5seeds_4noise_1h/run_archive/results/pyoperon/seed4/pyoperon_s4_g0038.json	4119
stage4_core50_12algs_5seeds_4noise_1h/run_archive/results/pyoperon/seed4/pyoperon_s4_g0039.json	4186
stage4_core50_12algs_5seeds_4noise_1h/run_archive/results/pyoperon/seed4/pyoperon_s4_g0040.json	4198
stage4_core50_12algs_5seeds_4noise_1h/run_archive/results/pyoperon/seed4/pyoperon_s4_g0041.json	4281
stage4_core50_12algs_5seeds_4noise_1h/run_archive/results/pyoperon/seed4/pyoperon_s4_g0042.json	4519
stage4_core50_12algs_5seeds_4noise_1h/run_archive/results/pyoperon/seed4/pyoperon_s4_g0043.json	4271
stage4_core50_12algs_5seeds_4noise_1h/run_archive/results/pyoperon/seed4/pyoperon_s4_g0044.json	4188
stage4_core50_12algs_5seeds_4noise_1h/run_archive/results/pyoperon/seed4/pyoperon_s4_g0045.json	2885
stage4_core50_12algs_5seeds_4noise_1h/run_archive/results/pyoperon/seed4/pyoperon_s4_g0046.json	4252
stage4_core50_12algs_5seeds_4noise_1h/run_archive/results/pyoperon/seed4/pyoperon_s4_g0047.json	4536
stage4_core50_12algs_5seeds_4noise_1h/run_archive/results/pyoperon/seed4/pyoperon_s4_g0048.json	4199
stage4_core50_12algs_5seeds_4noise_1h/run_archive/results/pyoperon/seed4/pyoperon_s4_g0049.json	4034
stage4_core50_12algs_5seeds_4noise_1h/run_archive/results/pyoperon/seed4/pyoperon_s4_g0050.json	4132
stage4_core50_12algs_5seeds_4noise_1h/run_archive/results/pysr/seed0/pysr_s0_g0001.json	4951
stage4_core50_12algs_5seeds_4noise_1h/run_archive/results/pysr/seed0/pysr_s0_g0002.json	5690
stage4_core50_12algs_5seeds_4noise_1h/run_archive/results/pysr/seed0/pysr_s0_g0003.json	5039
stage4_core50_12algs_5seeds_4noise_1h/run_archive/results/pysr/seed0/pysr_s0_g0004.json	5005
stage4_core50_12algs_5seeds_4noise_1h/run_archive/results/pysr/seed0/pysr_s0_g0005.json	5379
stage4_core50_12algs_5seeds_4noise_1h/run_archive/results/pysr/seed0/pysr_s0_g0006.json	4998
stage4_core50_12algs_5seeds_4noise_1h/run_archive/results/pysr/seed0/pysr_s0_g0007.json	4951
stage4_core50_12algs_5seeds_4noise_1h/run_archive/results/pysr/seed0/pysr_s0_g0008.json	4999
stage4_core50_12algs_5seeds_4noise_1h/run_archive/results/pysr/seed0/pysr_s0_g0009.json	4964
stage4_core50_12algs_5seeds_4noise_1h/run_archive/results/pysr/seed0/pysr_s0_g0010.json	4703
stage4_core50_12algs_5seeds_4noise_1h/run_archive/results/pysr/seed0/pysr_s0_g0011.json	5590
stage4_core50_12algs_5seeds_4noise_1h/run_archive/results/pysr/seed0/pysr_s0_g0012.json	4945
stage4_core50_12algs_5seeds_4noise_1h/run_archive/results/pysr/seed0/pysr_s0_g0013.json	4943
stage4_core50_12algs_5seeds_4noise_1h/run_archive/results/pysr/seed0/pysr_s0_g0014.json	5182
stage4_core50_12algs_5seeds_4noise_1h/run_archive/results/pysr/seed0/pysr_s0_g0015.json	5204
stage4_core50_12algs_5seeds_4noise_1h/run_archive/results/pysr/seed0/pysr_s0_g0016.json	5094
stage4_core50_12algs_5seeds_4noise_1h/run_archive/results/pysr/seed0/pysr_s0_g0017.json	5043
stage4_core50_12algs_5seeds_4noise_1h/run_archive/results/pysr/seed0/pysr_s0_g0018.json	5461
stage4_core50_12algs_5seeds_4noise_1h/run_archive/results/pysr/seed0/pysr_s0_g0019.json	5607
stage4_core50_12algs_5seeds_4noise_1h/run_archive/results/pysr/seed0/pysr_s0_g0020.json	5733
stage4_core50_12algs_5seeds_4noise_1h/run_archive/results/pysr/seed0/pysr_s0_g0021.json	5544
stage4_core50_12algs_5seeds_4noise_1h/run_archive/results/pysr/seed0/pysr_s0_g0022.json	5598
stage4_core50_12algs_5seeds_4noise_1h/run_archive/results/pysr/seed0/pysr_s0_g0023.json	5168
stage4_core50_12algs_5seeds_4noise_1h/run_archive/results/pysr/seed0/pysr_s0_g0024.json	5571
stage4_core50_12algs_5seeds_4noise_1h/run_archive/results/pysr/seed0/pysr_s0_g0025.json	5147
stage4_core50_12algs_5seeds_4noise_1h/run_archive/results/pysr/seed0/pysr_s0_g0026.json	5010
stage4_core50_12algs_5seeds_4noise_1h/run_archive/results/pysr/seed0/pysr_s0_g0027.json	5211
stage4_core50_12algs_5seeds_4noise_1h/run_archive/results/pysr/seed0/pysr_s0_g0028.json	4988
stage4_core50_12algs_5seeds_4noise_1h/run_archive/results/pysr/seed0/pysr_s0_g0029.json	5216
stage4_core50_12algs_5seeds_4noise_1h/run_archive/results/pysr/seed0/pysr_s0_g0030.json	4792
stage4_core50_12algs_5seeds_4noise_1h/run_archive/results/pysr/seed0/pysr_s0_g0031.json	5665
stage4_core50_12algs_5seeds_4noise_1h/run_archive/results/pysr/seed0/pysr_s0_g0032.json	5299
stage4_core50_12algs_5seeds_4noise_1h/run_archive/results/pysr/seed0/pysr_s0_g0033.json	5020
stage4_core50_12algs_5seeds_4noise_1h/run_archive/results/pysr/seed0/pysr_s0_g0034.json	5271
stage4_core50_12algs_5seeds_4noise_1h/run_archive/results/pysr/seed0/pysr_s0_g0035.json	5213
stage4_core50_12algs_5seeds_4noise_1h/run_archive/results/pysr/seed0/pysr_s0_g0036.json	5361
stage4_core50_12algs_5seeds_4noise_1h/run_archive/results/pysr/seed0/pysr_s0_g0037.json	5335
stage4_core50_12algs_5seeds_4noise_1h/run_archive/results/pysr/seed0/pysr_s0_g0038.json	5362
stage4_core50_12algs_5seeds_4noise_1h/run_archive/results/pysr/seed0/pysr_s0_g0039.json	5209
stage4_core50_12algs_5seeds_4noise_1h/run_archive/results/pysr/seed0/pysr_s0_g0040.json	5685
stage4_core50_12algs_5seeds_4noise_1h/run_archive/results/pysr/seed0/pysr_s0_g0041.json	5397
stage4_core50_12algs_5seeds_4noise_1h/run_archive/results/pysr/seed0/pysr_s0_g0042.json	5354
stage4_core50_12algs_5seeds_4noise_1h/run_archive/results/pysr/seed0/pysr_s0_g0043.json	5321
stage4_core50_12algs_5seeds_4noise_1h/run_archive/results/pysr/seed0/pysr_s0_g0044.json	5074
stage4_core50_12algs_5seeds_4noise_1h/run_archive/results/pysr/seed0/pysr_s0_g0045.json	4987
stage4_core50_12algs_5seeds_4noise_1h/run_archive/results/pysr/seed0/pysr_s0_g0046.json	5563
stage4_core50_12algs_5seeds_4noise_1h/run_archive/results/pysr/seed0/pysr_s0_g0047.json	5345
stage4_core50_12algs_5seeds_4noise_1h/run_archive/results/pysr/seed0/pysr_s0_g0048.json	5451
stage4_core50_12algs_5seeds_4noise_1h/run_archive/results/pysr/seed0/pysr_s0_g0049.json	5172
stage4_core50_12algs_5seeds_4noise_1h/run_archive/results/pysr/seed0/pysr_s0_g0050.json	5444
stage4_core50_12algs_5seeds_4noise_1h/run_archive/results/pysr/seed1/pysr_s1_g0001.json	4951
stage4_core50_12algs_5seeds_4noise_1h/run_archive/results/pysr/seed1/pysr_s1_g0002.json	5698
stage4_core50_12algs_5seeds_4noise_1h/run_archive/results/pysr/seed1/pysr_s1_g0003.json	5512
stage4_core50_12algs_5seeds_4noise_1h/run_archive/results/pysr/seed1/pysr_s1_g0004.json	4939
stage4_core50_12algs_5seeds_4noise_1h/run_archive/results/pysr/seed1/pysr_s1_g0005.json	5135
stage4_core50_12algs_5seeds_4noise_1h/run_archive/results/pysr/seed1/pysr_s1_g0006.json	4959
stage4_core50_12algs_5seeds_4noise_1h/run_archive/results/pysr/seed1/pysr_s1_g0007.json	5288
stage4_core50_12algs_5seeds_4noise_1h/run_archive/results/pysr/seed1/pysr_s1_g0008.json	4844
stage4_core50_12algs_5seeds_4noise_1h/run_archive/results/pysr/seed1/pysr_s1_g0009.json	4868
stage4_core50_12algs_5seeds_4noise_1h/run_archive/results/pysr/seed1/pysr_s1_g0010.json	5072
stage4_core50_12algs_5seeds_4noise_1h/run_archive/results/pysr/seed1/pysr_s1_g0011.json	5594
stage4_core50_12algs_5seeds_4noise_1h/run_archive/results/pysr/seed1/pysr_s1_g0012.json	4946
stage4_core50_12algs_5seeds_4noise_1h/run_archive/results/pysr/seed1/pysr_s1_g0013.json	4938
stage4_core50_12algs_5seeds_4noise_1h/run_archive/results/pysr/seed1/pysr_s1_g0014.json	5184
stage4_core50_12algs_5seeds_4noise_1h/run_archive/results/pysr/seed1/pysr_s1_g0015.json	5128
stage4_core50_12algs_5seeds_4noise_1h/run_archive/results/pysr/seed1/pysr_s1_g0016.json	5406
stage4_core50_12algs_5seeds_4noise_1h/run_archive/results/pysr/seed1/pysr_s1_g0017.json	5070
stage4_core50_12algs_5seeds_4noise_1h/run_archive/results/pysr/seed1/pysr_s1_g0018.json	5149
stage4_core50_12algs_5seeds_4noise_1h/run_archive/results/pysr/seed1/pysr_s1_g0019.json	5411
stage4_core50_12algs_5seeds_4noise_1h/run_archive/results/pysr/seed1/pysr_s1_g0020.json	5665
stage4_core50_12algs_5seeds_4noise_1h/run_archive/results/pysr/seed1/pysr_s1_g0021.json	5356
stage4_core50_12algs_5seeds_4noise_1h/run_archive/results/pysr/seed1/pysr_s1_g0022.json	5558
stage4_core50_12algs_5seeds_4noise_1h/run_archive/results/pysr/seed1/pysr_s1_g0023.json	5168
stage4_core50_12algs_5seeds_4noise_1h/run_archive/results/pysr/seed1/pysr_s1_g0024.json	5284
stage4_core50_12algs_5seeds_4noise_1h/run_archive/results/pysr/seed1/pysr_s1_g0025.json	5337
stage4_core50_12algs_5seeds_4noise_1h/run_archive/results/pysr/seed1/pysr_s1_g0026.json	5118
stage4_core50_12algs_5seeds_4noise_1h/run_archive/results/pysr/seed1/pysr_s1_g0027.json	5120
stage4_core50_12algs_5seeds_4noise_1h/run_archive/results/pysr/seed1/pysr_s1_g0028.json	4988
stage4_core50_12algs_5seeds_4noise_1h/run_archive/results/pysr/seed1/pysr_s1_g0029.json	5213
stage4_core50_12algs_5seeds_4noise_1h/run_archive/results/pysr/seed1/pysr_s1_g0030.json	4792
stage4_core50_12algs_5seeds_4noise_1h/run_archive/results/pysr/seed1/pysr_s1_g0031.json	5525
stage4_core50_12algs_5seeds_4noise_1h/run_archive/results/pysr/seed1/pysr_s1_g0032.json	5243
stage4_core50_12algs_5seeds_4noise_1h/run_archive/results/pysr/seed1/pysr_s1_g0033.json	5020
stage4_core50_12algs_5seeds_4noise_1h/run_archive/results/pysr/seed1/pysr_s1_g0034.json	5248
stage4_core50_12algs_5seeds_4noise_1h/run_archive/results/pysr/seed1/pysr_s1_g0035.json	5244
stage4_core50_12algs_5seeds_4noise_1h/run_archive/results/pysr/seed1/pysr_s1_g0036.json	5226
stage4_core50_12algs_5seeds_4noise_1h/run_archive/results/pysr/seed1/pysr_s1_g0037.json	5305
stage4_core50_12algs_5seeds_4noise_1h/run_archive/results/pysr/seed1/pysr_s1_g0038.json	5475
stage4_core50_12algs_5seeds_4noise_1h/run_archive/results/pysr/seed1/pysr_s1_g0039.json	5241
stage4_core50_12algs_5seeds_4noise_1h/run_archive/results/pysr/seed1/pysr_s1_g0040.json	5522
stage4_core50_12algs_5seeds_4noise_1h/run_archive/results/pysr/seed1/pysr_s1_g0041.json	5393
stage4_core50_12algs_5seeds_4noise_1h/run_archive/results/pysr/seed1/pysr_s1_g0042.json	5487
stage4_core50_12algs_5seeds_4noise_1h/run_archive/results/pysr/seed1/pysr_s1_g0043.json	5480
stage4_core50_12algs_5seeds_4noise_1h/run_archive/results/pysr/seed1/pysr_s1_g0044.json	5270
stage4_core50_12algs_5seeds_4noise_1h/run_archive/results/pysr/seed1/pysr_s1_g0045.json	4987
stage4_core50_12algs_5seeds_4noise_1h/run_archive/results/pysr/seed1/pysr_s1_g0046.json	5670
stage4_core50_12algs_5seeds_4noise_1h/run_archive/results/pysr/seed1/pysr_s1_g0047.json	5092
stage4_core50_12algs_5seeds_4noise_1h/run_archive/results/pysr/seed1/pysr_s1_g0048.json	5465
stage4_core50_12algs_5seeds_4noise_1h/run_archive/results/pysr/seed1/pysr_s1_g0049.json	5270
stage4_core50_12algs_5seeds_4noise_1h/run_archive/results/pysr/seed1/pysr_s1_g0050.json	5394
stage4_core50_12algs_5seeds_4noise_1h/run_archive/results/pysr/seed2/pysr_s2_g0001.json	4950
stage4_core50_12algs_5seeds_4noise_1h/run_archive/results/pysr/seed2/pysr_s2_g0002.json	5702
stage4_core50_12algs_5seeds_4noise_1h/run_archive/results/pysr/seed2/pysr_s2_g0003.json	5006
stage4_core50_12algs_5seeds_4noise_1h/run_archive/results/pysr/seed2/pysr_s2_g0004.json	5034
stage4_core50_12algs_5seeds_4noise_1h/run_archive/results/pysr/seed2/pysr_s2_g0005.json	5348
stage4_core50_12algs_5seeds_4noise_1h/run_archive/results/pysr/seed2/pysr_s2_g0006.json	4992
stage4_core50_12algs_5seeds_4noise_1h/run_archive/results/pysr/seed2/pysr_s2_g0007.json	4948
stage4_core50_12algs_5seeds_4noise_1h/run_archive/results/pysr/seed2/pysr_s2_g0008.json	4840
stage4_core50_12algs_5seeds_4noise_1h/run_archive/results/pysr/seed2/pysr_s2_g0009.json	4740
stage4_core50_12algs_5seeds_4noise_1h/run_archive/results/pysr/seed2/pysr_s2_g0010.json	5151
stage4_core50_12algs_5seeds_4noise_1h/run_archive/results/pysr/seed2/pysr_s2_g0011.json	5591
stage4_core50_12algs_5seeds_4noise_1h/run_archive/results/pysr/seed2/pysr_s2_g0012.json	4945
stage4_core50_12algs_5seeds_4noise_1h/run_archive/results/pysr/seed2/pysr_s2_g0013.json	4938
stage4_core50_12algs_5seeds_4noise_1h/run_archive/results/pysr/seed2/pysr_s2_g0014.json	5456
stage4_core50_12algs_5seeds_4noise_1h/run_archive/results/pysr/seed2/pysr_s2_g0015.json	5134
stage4_core50_12algs_5seeds_4noise_1h/run_archive/results/pysr/seed2/pysr_s2_g0016.json	5324
stage4_core50_12algs_5seeds_4noise_1h/run_archive/results/pysr/seed2/pysr_s2_g0017.json	5043
stage4_core50_12algs_5seeds_4noise_1h/run_archive/results/pysr/seed2/pysr_s2_g0018.json	5317
stage4_core50_12algs_5seeds_4noise_1h/run_archive/results/pysr/seed2/pysr_s2_g0019.json	5307
stage4_core50_12algs_5seeds_4noise_1h/run_archive/results/pysr/seed2/pysr_s2_g0020.json	5720
stage4_core50_12algs_5seeds_4noise_1h/run_archive/results/pysr/seed2/pysr_s2_g0021.json	5634
stage4_core50_12algs_5seeds_4noise_1h/run_archive/results/pysr/seed2/pysr_s2_g0022.json	5502
stage4_core50_12algs_5seeds_4noise_1h/run_archive/results/pysr/seed2/pysr_s2_g0023.json	5167
stage4_core50_12algs_5seeds_4noise_1h/run_archive/results/pysr/seed2/pysr_s2_g0024.json	5571
stage4_core50_12algs_5seeds_4noise_1h/run_archive/results/pysr/seed2/pysr_s2_g0025.json	5010
stage4_core50_12algs_5seeds_4noise_1h/run_archive/results/pysr/seed2/pysr_s2_g0026.json	5305
stage4_core50_12algs_5seeds_4noise_1h/run_archive/results/pysr/seed2/pysr_s2_g0027.json	5120
stage4_core50_12algs_5seeds_4noise_1h/run_archive/results/pysr/seed2/pysr_s2_g0028.json	5023
stage4_core50_12algs_5seeds_4noise_1h/run_archive/results/pysr/seed2/pysr_s2_g0029.json	5157
stage4_core50_12algs_5seeds_4noise_1h/run_archive/results/pysr/seed2/pysr_s2_g0030.json	4792
stage4_core50_12algs_5seeds_4noise_1h/run_archive/results/pysr/seed2/pysr_s2_g0031.json	5388
stage4_core50_12algs_5seeds_4noise_1h/run_archive/results/pysr/seed2/pysr_s2_g0032.json	4827
stage4_core50_12algs_5seeds_4noise_1h/run_archive/results/pysr/seed2/pysr_s2_g0033.json	5047
stage4_core50_12algs_5seeds_4noise_1h/run_archive/results/pysr/seed2/pysr_s2_g0034.json	5135
stage4_core50_12algs_5seeds_4noise_1h/run_archive/results/pysr/seed2/pysr_s2_g0035.json	5258
stage4_core50_12algs_5seeds_4noise_1h/run_archive/results/pysr/seed2/pysr_s2_g0036.json	5519
stage4_core50_12algs_5seeds_4noise_1h/run_archive/results/pysr/seed2/pysr_s2_g0037.json	5216
stage4_core50_12algs_5seeds_4noise_1h/run_archive/results/pysr/seed2/pysr_s2_g0038.json	5425
stage4_core50_12algs_5seeds_4noise_1h/run_archive/results/pysr/seed2/pysr_s2_g0039.json	5176
stage4_core50_12algs_5seeds_4noise_1h/run_archive/results/pysr/seed2/pysr_s2_g0040.json	5487
stage4_core50_12algs_5seeds_4noise_1h/run_archive/results/pysr/seed2/pysr_s2_g0041.json	5370
stage4_core50_12algs_5seeds_4noise_1h/run_archive/results/pysr/seed2/pysr_s2_g0042.json	5565
stage4_core50_12algs_5seeds_4noise_1h/run_archive/results/pysr/seed2/pysr_s2_g0043.json	5396
stage4_core50_12algs_5seeds_4noise_1h/run_archive/results/pysr/seed2/pysr_s2_g0044.json	5074
stage4_core50_12algs_5seeds_4noise_1h/run_archive/results/pysr/seed2/pysr_s2_g0045.json	4987
stage4_core50_12algs_5seeds_4noise_1h/run_archive/results/pysr/seed2/pysr_s2_g0046.json	5604
stage4_core50_12algs_5seeds_4noise_1h/run_archive/results/pysr/seed2/pysr_s2_g0047.json	5152
stage4_core50_12algs_5seeds_4noise_1h/run_archive/results/pysr/seed2/pysr_s2_g0048.json	5351
stage4_core50_12algs_5seeds_4noise_1h/run_archive/results/pysr/seed2/pysr_s2_g0049.json	5097
stage4_core50_12algs_5seeds_4noise_1h/run_archive/results/pysr/seed2/pysr_s2_g0050.json	5516
stage4_core50_12algs_5seeds_4noise_1h/run_archive/results/pysr/seed3/pysr_s3_g0001.json	4951
stage4_core50_12algs_5seeds_4noise_1h/run_archive/results/pysr/seed3/pysr_s3_g0002.json	5702
stage4_core50_12algs_5seeds_4noise_1h/run_archive/results/pysr/seed3/pysr_s3_g0003.json	4921
stage4_core50_12algs_5seeds_4noise_1h/run_archive/results/pysr/seed3/pysr_s3_g0004.json	4978
stage4_core50_12algs_5seeds_4noise_1h/run_archive/results/pysr/seed3/pysr_s3_g0005.json	5174
stage4_core50_12algs_5seeds_4noise_1h/run_archive/results/pysr/seed3/pysr_s3_g0006.json	4984
stage4_core50_12algs_5seeds_4noise_1h/run_archive/results/pysr/seed3/pysr_s3_g0007.json	5026
stage4_core50_12algs_5seeds_4noise_1h/run_archive/results/pysr/seed3/pysr_s3_g0008.json	4840
stage4_core50_12algs_5seeds_4noise_1h/run_archive/results/pysr/seed3/pysr_s3_g0009.json	4897
stage4_core50_12algs_5seeds_4noise_1h/run_archive/results/pysr/seed3/pysr_s3_g0010.json	5092
stage4_core50_12algs_5seeds_4noise_1h/run_archive/results/pysr/seed3/pysr_s3_g0011.json	5599
stage4_core50_12algs_5seeds_4noise_1h/run_archive/results/pysr/seed3/pysr_s3_g0012.json	4946
stage4_core50_12algs_5seeds_4noise_1h/run_archive/results/pysr/seed3/pysr_s3_g0013.json	4939
stage4_core50_12algs_5seeds_4noise_1h/run_archive/results/pysr/seed3/pysr_s3_g0014.json	5182
stage4_core50_12algs_5seeds_4noise_1h/run_archive/results/pysr/seed3/pysr_s3_g0015.json	5067
stage4_core50_12algs_5seeds_4noise_1h/run_archive/results/pysr/seed3/pysr_s3_g0016.json	4993
stage4_core50_12algs_5seeds_4noise_1h/run_archive/results/pysr/seed3/pysr_s3_g0017.json	5237
stage4_core50_12algs_5seeds_4noise_1h/run_archive/results/pysr/seed3/pysr_s3_g0018.json	5392
stage4_core50_12algs_5seeds_4noise_1h/run_archive/results/pysr/seed3/pysr_s3_g0019.json	5404
stage4_core50_12algs_5seeds_4noise_1h/run_archive/results/pysr/seed3/pysr_s3_g0020.json	5745
stage4_core50_12algs_5seeds_4noise_1h/run_archive/results/pysr/seed3/pysr_s3_g0021.json	5525
stage4_core50_12algs_5seeds_4noise_1h/run_archive/results/pysr/seed3/pysr_s3_g0022.json	5522
stage4_core50_12algs_5seeds_4noise_1h/run_archive/results/pysr/seed3/pysr_s3_g0023.json	5754
stage4_core50_12algs_5seeds_4noise_1h/run_archive/results/pysr/seed3/pysr_s3_g0024.json	5086
stage4_core50_12algs_5seeds_4noise_1h/run_archive/results/pysr/seed3/pysr_s3_g0025.json	5010
stage4_core50_12algs_5seeds_4noise_1h/run_archive/results/pysr/seed3/pysr_s3_g0026.json	5565
stage4_core50_12algs_5seeds_4noise_1h/run_archive/results/pysr/seed3/pysr_s3_g0027.json	5443
stage4_core50_12algs_5seeds_4noise_1h/run_archive/results/pysr/seed3/pysr_s3_g0028.json	4962
stage4_core50_12algs_5seeds_4noise_1h/run_archive/results/pysr/seed3/pysr_s3_g0029.json	5278
stage4_core50_12algs_5seeds_4noise_1h/run_archive/results/pysr/seed3/pysr_s3_g0030.json	4792
stage4_core50_12algs_5seeds_4noise_1h/run_archive/results/pysr/seed3/pysr_s3_g0031.json	5289
stage4_core50_12algs_5seeds_4noise_1h/run_archive/results/pysr/seed3/pysr_s3_g0032.json	4827
stage4_core50_12algs_5seeds_4noise_1h/run_archive/results/pysr/seed3/pysr_s3_g0033.json	5071
stage4_core50_12algs_5seeds_4noise_1h/run_archive/results/pysr/seed3/pysr_s3_g0034.json	5298
stage4_core50_12algs_5seeds_4noise_1h/run_archive/results/pysr/seed3/pysr_s3_g0035.json	5201
stage4_core50_12algs_5seeds_4noise_1h/run_archive/results/pysr/seed3/pysr_s3_g0036.json	5197
stage4_core50_12algs_5seeds_4noise_1h/run_archive/results/pysr/seed3/pysr_s3_g0037.json	5522
stage4_core50_12algs_5seeds_4noise_1h/run_archive/results/pysr/seed3/pysr_s3_g0038.json	5449
stage4_core50_12algs_5seeds_4noise_1h/run_archive/results/pysr/seed3/pysr_s3_g0039.json	5194
stage4_core50_12algs_5seeds_4noise_1h/run_archive/results/pysr/seed3/pysr_s3_g0040.json	5630
stage4_core50_12algs_5seeds_4noise_1h/run_archive/results/pysr/seed3/pysr_s3_g0041.json	5471
stage4_core50_12algs_5seeds_4noise_1h/run_archive/results/pysr/seed3/pysr_s3_g0042.json	5560
stage4_core50_12algs_5seeds_4noise_1h/run_archive/results/pysr/seed3/pysr_s3_g0043.json	5316
stage4_core50_12algs_5seeds_4noise_1h/run_archive/results/pysr/seed3/pysr_s3_g0044.json	5130
stage4_core50_12algs_5seeds_4noise_1h/run_archive/results/pysr/seed3/pysr_s3_g0045.json	4987
stage4_core50_12algs_5seeds_4noise_1h/run_archive/results/pysr/seed3/pysr_s3_g0046.json	5499
stage4_core50_12algs_5seeds_4noise_1h/run_archive/results/pysr/seed3/pysr_s3_g0047.json	5120
stage4_core50_12algs_5seeds_4noise_1h/run_archive/results/pysr/seed3/pysr_s3_g0048.json	5311
stage4_core50_12algs_5seeds_4noise_1h/run_archive/results/pysr/seed3/pysr_s3_g0049.json	5166
stage4_core50_12algs_5seeds_4noise_1h/run_archive/results/pysr/seed3/pysr_s3_g0050.json	5438
stage4_core50_12algs_5seeds_4noise_1h/run_archive/results/pysr/seed4/pysr_s4_g0001.json	5087
stage4_core50_12algs_5seeds_4noise_1h/run_archive/results/pysr/seed4/pysr_s4_g0002.json	5697
stage4_core50_12algs_5seeds_4noise_1h/run_archive/results/pysr/seed4/pysr_s4_g0003.json	4921
stage4_core50_12algs_5seeds_4noise_1h/run_archive/results/pysr/seed4/pysr_s4_g0004.json	4967
stage4_core50_12algs_5seeds_4noise_1h/run_archive/results/pysr/seed4/pysr_s4_g0005.json	5156
stage4_core50_12algs_5seeds_4noise_1h/run_archive/results/pysr/seed4/pysr_s4_g0006.json	4874
stage4_core50_12algs_5seeds_4noise_1h/run_archive/results/pysr/seed4/pysr_s4_g0007.json	5113
stage4_core50_12algs_5seeds_4noise_1h/run_archive/results/pysr/seed4/pysr_s4_g0008.json	5269
stage4_core50_12algs_5seeds_4noise_1h/run_archive/results/pysr/seed4/pysr_s4_g0009.json	4740
stage4_core50_12algs_5seeds_4noise_1h/run_archive/results/pysr/seed4/pysr_s4_g0010.json	4986
stage4_core50_12algs_5seeds_4noise_1h/run_archive/results/pysr/seed4/pysr_s4_g0011.json	5587
stage4_core50_12algs_5seeds_4noise_1h/run_archive/results/pysr/seed4/pysr_s4_g0012.json	4946
stage4_core50_12algs_5seeds_4noise_1h/run_archive/results/pysr/seed4/pysr_s4_g0013.json	4939
stage4_core50_12algs_5seeds_4noise_1h/run_archive/results/pysr/seed4/pysr_s4_g0014.json	5292
stage4_core50_12algs_5seeds_4noise_1h/run_archive/results/pysr/seed4/pysr_s4_g0015.json	5196
stage4_core50_12algs_5seeds_4noise_1h/run_archive/results/pysr/seed4/pysr_s4_g0016.json	5082
stage4_core50_12algs_5seeds_4noise_1h/run_archive/results/pysr/seed4/pysr_s4_g0017.json	5307
stage4_core50_12algs_5seeds_4noise_1h/run_archive/results/pysr/seed4/pysr_s4_g0018.json	5149
stage4_core50_12algs_5seeds_4noise_1h/run_archive/results/pysr/seed4/pysr_s4_g0019.json	5108
stage4_core50_12algs_5seeds_4noise_1h/run_archive/results/pysr/seed4/pysr_s4_g0020.json	5703
stage4_core50_12algs_5seeds_4noise_1h/run_archive/results/pysr/seed4/pysr_s4_g0021.json	5644
stage4_core50_12algs_5seeds_4noise_1h/run_archive/results/pysr/seed4/pysr_s4_g0022.json	5448
stage4_core50_12algs_5seeds_4noise_1h/run_archive/results/pysr/seed4/pysr_s4_g0023.json	5413
stage4_core50_12algs_5seeds_4noise_1h/run_archive/results/pysr/seed4/pysr_s4_g0024.json	5713
stage4_core50_12algs_5seeds_4noise_1h/run_archive/results/pysr/seed4/pysr_s4_g0025.json	5340
stage4_core50_12algs_5seeds_4noise_1h/run_archive/results/pysr/seed4/pysr_s4_g0026.json	5261
stage4_core50_12algs_5seeds_4noise_1h/run_archive/results/pysr/seed4/pysr_s4_g0027.json	5119
stage4_core50_12algs_5seeds_4noise_1h/run_archive/results/pysr/seed4/pysr_s4_g0028.json	4988
stage4_core50_12algs_5seeds_4noise_1h/run_archive/results/pysr/seed4/pysr_s4_g0029.json	5194
stage4_core50_12algs_5seeds_4noise_1h/run_archive/results/pysr/seed4/pysr_s4_g0030.json	4792
stage4_core50_12algs_5seeds_4noise_1h/run_archive/results/pysr/seed4/pysr_s4_g0031.json	5627
stage4_core50_12algs_5seeds_4noise_1h/run_archive/results/pysr/seed4/pysr_s4_g0032.json	5197
stage4_core50_12algs_5seeds_4noise_1h/run_archive/results/pysr/seed4/pysr_s4_g0033.json	5020
stage4_core50_12algs_5seeds_4noise_1h/run_archive/results/pysr/seed4/pysr_s4_g0034.json	5231
stage4_core50_12algs_5seeds_4noise_1h/run_archive/results/pysr/seed4/pysr_s4_g0035.json	5260
stage4_core50_12algs_5seeds_4noise_1h/run_archive/results/pysr/seed4/pysr_s4_g0036.json	5283
stage4_core50_12algs_5seeds_4noise_1h/run_archive/results/pysr/seed4/pysr_s4_g0037.json	5388
stage4_core50_12algs_5seeds_4noise_1h/run_archive/results/pysr/seed4/pysr_s4_g0038.json	5400
stage4_core50_12algs_5seeds_4noise_1h/run_archive/results/pysr/seed4/pysr_s4_g0039.json	5293
stage4_core50_12algs_5seeds_4noise_1h/run_archive/results/pysr/seed4/pysr_s4_g0040.json	5617
stage4_core50_12algs_5seeds_4noise_1h/run_archive/results/pysr/seed4/pysr_s4_g0041.json	5447
stage4_core50_12algs_5seeds_4noise_1h/run_archive/results/pysr/seed4/pysr_s4_g0042.json	5475
stage4_core50_12algs_5seeds_4noise_1h/run_archive/results/pysr/seed4/pysr_s4_g0043.json	5458
stage4_core50_12algs_5seeds_4noise_1h/run_archive/results/pysr/seed4/pysr_s4_g0044.json	5380
stage4_core50_12algs_5seeds_4noise_1h/run_archive/results/pysr/seed4/pysr_s4_g0045.json	4987
stage4_core50_12algs_5seeds_4noise_1h/run_archive/results/pysr/seed4/pysr_s4_g0046.json	5627
stage4_core50_12algs_5seeds_4noise_1h/run_archive/results/pysr/seed4/pysr_s4_g0047.json	5357
stage4_core50_12algs_5seeds_4noise_1h/run_archive/results/pysr/seed4/pysr_s4_g0048.json	5350
stage4_core50_12algs_5seeds_4noise_1h/run_archive/results/pysr/seed4/pysr_s4_g0049.json	5422
stage4_core50_12algs_5seeds_4noise_1h/run_archive/results/pysr/seed4/pysr_s4_g0050.json	5429
stage4_core50_12algs_5seeds_4noise_1h/run_archive/results/qlattice/seed0/qlattice_s0_g0001.json	4567
stage4_core50_12algs_5seeds_4noise_1h/run_archive/results/qlattice/seed0/qlattice_s0_g0002.json	4147
stage4_core50_12algs_5seeds_4noise_1h/run_archive/results/qlattice/seed0/qlattice_s0_g0003.json	3837
stage4_core50_12algs_5seeds_4noise_1h/run_archive/results/qlattice/seed0/qlattice_s0_g0004.json	3689
stage4_core50_12algs_5seeds_4noise_1h/run_archive/results/qlattice/seed0/qlattice_s0_g0005.json	4033
stage4_core50_12algs_5seeds_4noise_1h/run_archive/results/qlattice/seed0/qlattice_s0_g0006.json	4120
stage4_core50_12algs_5seeds_4noise_1h/run_archive/results/qlattice/seed0/qlattice_s0_g0007.json	4037
stage4_core50_12algs_5seeds_4noise_1h/run_archive/results/qlattice/seed0/qlattice_s0_g0008.json	4216
stage4_core50_12algs_5seeds_4noise_1h/run_archive/results/qlattice/seed0/qlattice_s0_g0009.json	3619
stage4_core50_12algs_5seeds_4noise_1h/run_archive/results/qlattice/seed0/qlattice_s0_g0010.json	4075
stage4_core50_12algs_5seeds_4noise_1h/run_archive/results/qlattice/seed0/qlattice_s0_g0011.json	4981
stage4_core50_12algs_5seeds_4noise_1h/run_archive/results/qlattice/seed0/qlattice_s0_g0012.json	4930
stage4_core50_12algs_5seeds_4noise_1h/run_archive/results/qlattice/seed0/qlattice_s0_g0013.json	3743
stage4_core50_12algs_5seeds_4noise_1h/run_archive/results/qlattice/seed0/qlattice_s0_g0014.json	4765
stage4_core50_12algs_5seeds_4noise_1h/run_archive/results/qlattice/seed0/qlattice_s0_g0015.json	4623
stage4_core50_12algs_5seeds_4noise_1h/run_archive/results/qlattice/seed0/qlattice_s0_g0016.json	4677
stage4_core50_12algs_5seeds_4noise_1h/run_archive/results/qlattice/seed0/qlattice_s0_g0017.json	4908
stage4_core50_12algs_5seeds_4noise_1h/run_archive/results/qlattice/seed0/qlattice_s0_g0018.json	4834
stage4_core50_12algs_5seeds_4noise_1h/run_archive/results/qlattice/seed0/qlattice_s0_g0019.json	4470
stage4_core50_12algs_5seeds_4noise_1h/run_archive/results/qlattice/seed0/qlattice_s0_g0020.json	4115
stage4_core50_12algs_5seeds_4noise_1h/run_archive/results/qlattice/seed0/qlattice_s0_g0021.json	4822
stage4_core50_12algs_5seeds_4noise_1h/run_archive/results/qlattice/seed0/qlattice_s0_g0022.json	4751
stage4_core50_12algs_5seeds_4noise_1h/run_archive/results/qlattice/seed0/qlattice_s0_g0023.json	4771
stage4_core50_12algs_5seeds_4noise_1h/run_archive/results/qlattice/seed0/qlattice_s0_g0024.json	4669
stage4_core50_12algs_5seeds_4noise_1h/run_archive/results/qlattice/seed0/qlattice_s0_g0025.json	4446
stage4_core50_12algs_5seeds_4noise_1h/run_archive/results/qlattice/seed0/qlattice_s0_g0026.json	4503
stage4_core50_12algs_5seeds_4noise_1h/run_archive/results/qlattice/seed0/qlattice_s0_g0027.json	4590
stage4_core50_12algs_5seeds_4noise_1h/run_archive/results/qlattice/seed0/qlattice_s0_g0028.json	4368
stage4_core50_12algs_5seeds_4noise_1h/run_archive/results/qlattice/seed0/qlattice_s0_g0029.json	4327
stage4_core50_12algs_5seeds_4noise_1h/run_archive/results/qlattice/seed0/qlattice_s0_g0030.json	2454
stage4_core50_12algs_5seeds_4noise_1h/run_archive/results/qlattice/seed0/qlattice_s0_g0031.json	4690
stage4_core50_12algs_5seeds_4noise_1h/run_archive/results/qlattice/seed0/qlattice_s0_g0032.json	3822
stage4_core50_12algs_5seeds_4noise_1h/run_archive/results/qlattice/seed0/qlattice_s0_g0033.json	3930
stage4_core50_12algs_5seeds_4noise_1h/run_archive/results/qlattice/seed0/qlattice_s0_g0034.json	3824
stage4_core50_12algs_5seeds_4noise_1h/run_archive/results/qlattice/seed0/qlattice_s0_g0035.json	3755
stage4_core50_12algs_5seeds_4noise_1h/run_archive/results/qlattice/seed0/qlattice_s0_g0036.json	4257
stage4_core50_12algs_5seeds_4noise_1h/run_archive/results/qlattice/seed0/qlattice_s0_g0037.json	3770
stage4_core50_12algs_5seeds_4noise_1h/run_archive/results/qlattice/seed0/qlattice_s0_g0038.json	4675
stage4_core50_12algs_5seeds_4noise_1h/run_archive/results/qlattice/seed0/qlattice_s0_g0039.json	3740
stage4_core50_12algs_5seeds_4noise_1h/run_archive/results/qlattice/seed0/qlattice_s0_g0040.json	4500
stage4_core50_12algs_5seeds_4noise_1h/run_archive/results/qlattice/seed0/qlattice_s0_g0041.json	4258
stage4_core50_12algs_5seeds_4noise_1h/run_archive/results/qlattice/seed0/qlattice_s0_g0042.json	4722
stage4_core50_12algs_5seeds_4noise_1h/run_archive/results/qlattice/seed0/qlattice_s0_g0043.json	3852
stage4_core50_12algs_5seeds_4noise_1h/run_archive/results/qlattice/seed0/qlattice_s0_g0044.json	3829
stage4_core50_12algs_5seeds_4noise_1h/run_archive/results/qlattice/seed0/qlattice_s0_g0045.json	3901
stage4_core50_12algs_5seeds_4noise_1h/run_archive/results/qlattice/seed0/qlattice_s0_g0046.json	4539
stage4_core50_12algs_5seeds_4noise_1h/run_archive/results/qlattice/seed0/qlattice_s0_g0047.json	3858
stage4_core50_12algs_5seeds_4noise_1h/run_archive/results/qlattice/seed0/qlattice_s0_g0048.json	4297
stage4_core50_12algs_5seeds_4noise_1h/run_archive/results/qlattice/seed0/qlattice_s0_g0049.json	4405
stage4_core50_12algs_5seeds_4noise_1h/run_archive/results/qlattice/seed0/qlattice_s0_g0050.json	3997
stage4_core50_12algs_5seeds_4noise_1h/run_archive/results/qlattice/seed1/qlattice_s1_g0001.json	4556
stage4_core50_12algs_5seeds_4noise_1h/run_archive/results/qlattice/seed1/qlattice_s1_g0002.json	4150
stage4_core50_12algs_5seeds_4noise_1h/run_archive/results/qlattice/seed1/qlattice_s1_g0003.json	3839
stage4_core50_12algs_5seeds_4noise_1h/run_archive/results/qlattice/seed1/qlattice_s1_g0004.json	3737
stage4_core50_12algs_5seeds_4noise_1h/run_archive/results/qlattice/seed1/qlattice_s1_g0005.json	4027
stage4_core50_12algs_5seeds_4noise_1h/run_archive/results/qlattice/seed1/qlattice_s1_g0006.json	4409
stage4_core50_12algs_5seeds_4noise_1h/run_archive/results/qlattice/seed1/qlattice_s1_g0007.json	3761
stage4_core50_12algs_5seeds_4noise_1h/run_archive/results/qlattice/seed1/qlattice_s1_g0008.json	4139
stage4_core50_12algs_5seeds_4noise_1h/run_archive/results/qlattice/seed1/qlattice_s1_g0009.json	3704
stage4_core50_12algs_5seeds_4noise_1h/run_archive/results/qlattice/seed1/qlattice_s1_g0010.json	3951
stage4_core50_12algs_5seeds_4noise_1h/run_archive/results/qlattice/seed1/qlattice_s1_g0011.json	5000
stage4_core50_12algs_5seeds_4noise_1h/run_archive/results/qlattice/seed1/qlattice_s1_g0012.json	4848
stage4_core50_12algs_5seeds_4noise_1h/run_archive/results/qlattice/seed1/qlattice_s1_g0013.json	3766
stage4_core50_12algs_5seeds_4noise_1h/run_archive/results/qlattice/seed1/qlattice_s1_g0014.json	4726
stage4_core50_12algs_5seeds_4noise_1h/run_archive/results/qlattice/seed1/qlattice_s1_g0015.json	4454
stage4_core50_12algs_5seeds_4noise_1h/run_archive/results/qlattice/seed1/qlattice_s1_g0016.json	4574
stage4_core50_12algs_5seeds_4noise_1h/run_archive/results/qlattice/seed1/qlattice_s1_g0017.json	4686
stage4_core50_12algs_5seeds_4noise_1h/run_archive/results/qlattice/seed1/qlattice_s1_g0018.json	4780
stage4_core50_12algs_5seeds_4noise_1h/run_archive/results/qlattice/seed1/qlattice_s1_g0019.json	4700
stage4_core50_12algs_5seeds_4noise_1h/run_archive/results/qlattice/seed1/qlattice_s1_g0020.json	4064
stage4_core50_12algs_5seeds_4noise_1h/run_archive/results/qlattice/seed1/qlattice_s1_g0021.json	4494
stage4_core50_12algs_5seeds_4noise_1h/run_archive/results/qlattice/seed1/qlattice_s1_g0022.json	4621
stage4_core50_12algs_5seeds_4noise_1h/run_archive/results/qlattice/seed1/qlattice_s1_g0023.json	4935
stage4_core50_12algs_5seeds_4noise_1h/run_archive/results/qlattice/seed1/qlattice_s1_g0024.json	4405
stage4_core50_12algs_5seeds_4noise_1h/run_archive/results/qlattice/seed1/qlattice_s1_g0025.json	4448
stage4_core50_12algs_5seeds_4noise_1h/run_archive/results/qlattice/seed1/qlattice_s1_g0026.json	4540
stage4_core50_12algs_5seeds_4noise_1h/run_archive/results/qlattice/seed1/qlattice_s1_g0027.json	4733
stage4_core50_12algs_5seeds_4noise_1h/run_archive/results/qlattice/seed1/qlattice_s1_g0028.json	4294
stage4_core50_12algs_5seeds_4noise_1h/run_archive/results/qlattice/seed1/qlattice_s1_g0029.json	4170
stage4_core50_12algs_5seeds_4noise_1h/run_archive/results/qlattice/seed1/qlattice_s1_g0030.json	2454
stage4_core50_12algs_5seeds_4noise_1h/run_archive/results/qlattice/seed1/qlattice_s1_g0031.json	4358
stage4_core50_12algs_5seeds_4noise_1h/run_archive/results/qlattice/seed1/qlattice_s1_g0032.json	3824
stage4_core50_12algs_5seeds_4noise_1h/run_archive/results/qlattice/seed1/qlattice_s1_g0033.json	3928
stage4_core50_12algs_5seeds_4noise_1h/run_archive/results/qlattice/seed1/qlattice_s1_g0034.json	3858
stage4_core50_12algs_5seeds_4noise_1h/run_archive/results/qlattice/seed1/qlattice_s1_g0035.json	3750
stage4_core50_12algs_5seeds_4noise_1h/run_archive/results/qlattice/seed1/qlattice_s1_g0036.json	3755
stage4_core50_12algs_5seeds_4noise_1h/run_archive/results/qlattice/seed1/qlattice_s1_g0037.json	4449
stage4_core50_12algs_5seeds_4noise_1h/run_archive/results/qlattice/seed1/qlattice_s1_g0038.json	4272
stage4_core50_12algs_5seeds_4noise_1h/run_archive/results/qlattice/seed1/qlattice_s1_g0039.json	3726
stage4_core50_12algs_5seeds_4noise_1h/run_archive/results/qlattice/seed1/qlattice_s1_g0040.json	4310
stage4_core50_12algs_5seeds_4noise_1h/run_archive/results/qlattice/seed1/qlattice_s1_g0041.json	4476
stage4_core50_12algs_5seeds_4noise_1h/run_archive/results/qlattice/seed1/qlattice_s1_g0042.json	4723
stage4_core50_12algs_5seeds_4noise_1h/run_archive/results/qlattice/seed1/qlattice_s1_g0043.json	3853
stage4_core50_12algs_5seeds_4noise_1h/run_archive/results/qlattice/seed1/qlattice_s1_g0044.json	3834
stage4_core50_12algs_5seeds_4noise_1h/run_archive/results/qlattice/seed1/qlattice_s1_g0045.json	3914
stage4_core50_12algs_5seeds_4noise_1h/run_archive/results/qlattice/seed1/qlattice_s1_g0046.json	4654
stage4_core50_12algs_5seeds_4noise_1h/run_archive/results/qlattice/seed1/qlattice_s1_g0047.json	3951
stage4_core50_12algs_5seeds_4noise_1h/run_archive/results/qlattice/seed1/qlattice_s1_g0048.json	4397
stage4_core50_12algs_5seeds_4noise_1h/run_archive/results/qlattice/seed1/qlattice_s1_g0049.json	3851
stage4_core50_12algs_5seeds_4noise_1h/run_archive/results/qlattice/seed1/qlattice_s1_g0050.json	4003
stage4_core50_12algs_5seeds_4noise_1h/run_archive/results/qlattice/seed2/qlattice_s2_g0001.json	4696
stage4_core50_12algs_5seeds_4noise_1h/run_archive/results/qlattice/seed2/qlattice_s2_g0002.json	4134
stage4_core50_12algs_5seeds_4noise_1h/run_archive/results/qlattice/seed2/qlattice_s2_g0003.json	3838
stage4_core50_12algs_5seeds_4noise_1h/run_archive/results/qlattice/seed2/qlattice_s2_g0004.json	3668
stage4_core50_12algs_5seeds_4noise_1h/run_archive/results/qlattice/seed2/qlattice_s2_g0005.json	4028
stage4_core50_12algs_5seeds_4noise_1h/run_archive/results/qlattice/seed2/qlattice_s2_g0006.json	4153
stage4_core50_12algs_5seeds_4noise_1h/run_archive/results/qlattice/seed2/qlattice_s2_g0007.json	4173
stage4_core50_12algs_5seeds_4noise_1h/run_archive/results/qlattice/seed2/qlattice_s2_g0008.json	4387
stage4_core50_12algs_5seeds_4noise_1h/run_archive/results/qlattice/seed2/qlattice_s2_g0009.json	3808
stage4_core50_12algs_5seeds_4noise_1h/run_archive/results/qlattice/seed2/qlattice_s2_g0010.json	3960
stage4_core50_12algs_5seeds_4noise_1h/run_archive/results/qlattice/seed2/qlattice_s2_g0011.json	4701
stage4_core50_12algs_5seeds_4noise_1h/run_archive/results/qlattice/seed2/qlattice_s2_g0012.json	4703
stage4_core50_12algs_5seeds_4noise_1h/run_archive/results/qlattice/seed2/qlattice_s2_g0013.json	3757
stage4_core50_12algs_5seeds_4noise_1h/run_archive/results/qlattice/seed2/qlattice_s2_g0014.json	4767
stage4_core50_12algs_5seeds_4noise_1h/run_archive/results/qlattice/seed2/qlattice_s2_g0015.json	4600
stage4_core50_12algs_5seeds_4noise_1h/run_archive/results/qlattice/seed2/qlattice_s2_g0016.json	4620
stage4_core50_12algs_5seeds_4noise_1h/run_archive/results/qlattice/seed2/qlattice_s2_g0017.json	4802
stage4_core50_12algs_5seeds_4noise_1h/run_archive/results/qlattice/seed2/qlattice_s2_g0018.json	4847
stage4_core50_12algs_5seeds_4noise_1h/run_archive/results/qlattice/seed2/qlattice_s2_g0019.json	4438
stage4_core50_12algs_5seeds_4noise_1h/run_archive/results/qlattice/seed2/qlattice_s2_g0020.json	4120
stage4_core50_12algs_5seeds_4noise_1h/run_archive/results/qlattice/seed2/qlattice_s2_g0021.json	4471
stage4_core50_12algs_5seeds_4noise_1h/run_archive/results/qlattice/seed2/qlattice_s2_g0022.json	4740
stage4_core50_12algs_5seeds_4noise_1h/run_archive/results/qlattice/seed2/qlattice_s2_g0023.json	4940
stage4_core50_12algs_5seeds_4noise_1h/run_archive/results/qlattice/seed2/qlattice_s2_g0024.json	4814
stage4_core50_12algs_5seeds_4noise_1h/run_archive/results/qlattice/seed2/qlattice_s2_g0025.json	4430
stage4_core50_12algs_5seeds_4noise_1h/run_archive/results/qlattice/seed2/qlattice_s2_g0026.json	4534
stage4_core50_12algs_5seeds_4noise_1h/run_archive/results/qlattice/seed2/qlattice_s2_g0027.json	4581
stage4_core50_12algs_5seeds_4noise_1h/run_archive/results/qlattice/seed2/qlattice_s2_g0028.json	4257
stage4_core50_12algs_5seeds_4noise_1h/run_archive/results/qlattice/seed2/qlattice_s2_g0029.json	4327
stage4_core50_12algs_5seeds_4noise_1h/run_archive/results/qlattice/seed2/qlattice_s2_g0030.json	2454
stage4_core50_12algs_5seeds_4noise_1h/run_archive/results/qlattice/seed2/qlattice_s2_g0031.json	4665
stage4_core50_12algs_5seeds_4noise_1h/run_archive/results/qlattice/seed2/qlattice_s2_g0032.json	3816
stage4_core50_12algs_5seeds_4noise_1h/run_archive/results/qlattice/seed2/qlattice_s2_g0033.json	3932
stage4_core50_12algs_5seeds_4noise_1h/run_archive/results/qlattice/seed2/qlattice_s2_g0034.json	4249
stage4_core50_12algs_5seeds_4noise_1h/run_archive/results/qlattice/seed2/qlattice_s2_g0035.json	3750
stage4_core50_12algs_5seeds_4noise_1h/run_archive/results/qlattice/seed2/qlattice_s2_g0036.json	3743
stage4_core50_12algs_5seeds_4noise_1h/run_archive/results/qlattice/seed2/qlattice_s2_g0037.json	4254
stage4_core50_12algs_5seeds_4noise_1h/run_archive/results/qlattice/seed2/qlattice_s2_g0038.json	4143
stage4_core50_12algs_5seeds_4noise_1h/run_archive/results/qlattice/seed2/qlattice_s2_g0039.json	3814
stage4_core50_12algs_5seeds_4noise_1h/run_archive/results/qlattice/seed2/qlattice_s2_g0040.json	4762
stage4_core50_12algs_5seeds_4noise_1h/run_archive/results/qlattice/seed2/qlattice_s2_g0041.json	4334
stage4_core50_12algs_5seeds_4noise_1h/run_archive/results/qlattice/seed2/qlattice_s2_g0042.json	4890
stage4_core50_12algs_5seeds_4noise_1h/run_archive/results/qlattice/seed2/qlattice_s2_g0043.json	4347
stage4_core50_12algs_5seeds_4noise_1h/run_archive/results/qlattice/seed2/qlattice_s2_g0044.json	3843
stage4_core50_12algs_5seeds_4noise_1h/run_archive/results/qlattice/seed2/qlattice_s2_g0045.json	3908
stage4_core50_12algs_5seeds_4noise_1h/run_archive/results/qlattice/seed2/qlattice_s2_g0046.json	4852
stage4_core50_12algs_5seeds_4noise_1h/run_archive/results/qlattice/seed2/qlattice_s2_g0047.json	3744
stage4_core50_12algs_5seeds_4noise_1h/run_archive/results/qlattice/seed2/qlattice_s2_g0048.json	4146
stage4_core50_12algs_5seeds_4noise_1h/run_archive/results/qlattice/seed2/qlattice_s2_g0049.json	3847
stage4_core50_12algs_5seeds_4noise_1h/run_archive/results/qlattice/seed2/qlattice_s2_g0050.json	4294
stage4_core50_12algs_5seeds_4noise_1h/run_archive/results/qlattice/seed3/qlattice_s3_g0001.json	4505
stage4_core50_12algs_5seeds_4noise_1h/run_archive/results/qlattice/seed3/qlattice_s3_g0002.json	4148
stage4_core50_12algs_5seeds_4noise_1h/run_archive/results/qlattice/seed3/qlattice_s3_g0003.json	3837
stage4_core50_12algs_5seeds_4noise_1h/run_archive/results/qlattice/seed3/qlattice_s3_g0004.json	3681
stage4_core50_12algs_5seeds_4noise_1h/run_archive/results/qlattice/seed3/qlattice_s3_g0005.json	4039
stage4_core50_12algs_5seeds_4noise_1h/run_archive/results/qlattice/seed3/qlattice_s3_g0006.json	4043
stage4_core50_12algs_5seeds_4noise_1h/run_archive/results/qlattice/seed3/qlattice_s3_g0007.json	4402
stage4_core50_12algs_5seeds_4noise_1h/run_archive/results/qlattice/seed3/qlattice_s3_g0008.json	4358
stage4_core50_12algs_5seeds_4noise_1h/run_archive/results/qlattice/seed3/qlattice_s3_g0009.json	3620
stage4_core50_12algs_5seeds_4noise_1h/run_archive/results/qlattice/seed3/qlattice_s3_g0010.json	4146
stage4_core50_12algs_5seeds_4noise_1h/run_archive/results/qlattice/seed3/qlattice_s3_g0011.json	4871
stage4_core50_12algs_5seeds_4noise_1h/run_archive/results/qlattice/seed3/qlattice_s3_g0012.json	4763
stage4_core50_12algs_5seeds_4noise_1h/run_archive/results/qlattice/seed3/qlattice_s3_g0013.json	3757
stage4_core50_12algs_5seeds_4noise_1h/run_archive/results/qlattice/seed3/qlattice_s3_g0014.json	4695
stage4_core50_12algs_5seeds_4noise_1h/run_archive/results/qlattice/seed3/qlattice_s3_g0015.json	4908
stage4_core50_12algs_5seeds_4noise_1h/run_archive/results/qlattice/seed3/qlattice_s3_g0016.json	4542
stage4_core50_12algs_5seeds_4noise_1h/run_archive/results/qlattice/seed3/qlattice_s3_g0017.json	4794
stage4_core50_12algs_5seeds_4noise_1h/run_archive/results/qlattice/seed3/qlattice_s3_g0018.json	4797
stage4_core50_12algs_5seeds_4noise_1h/run_archive/results/qlattice/seed3/qlattice_s3_g0019.json	4843
stage4_core50_12algs_5seeds_4noise_1h/run_archive/results/qlattice/seed3/qlattice_s3_g0020.json	4111
stage4_core50_12algs_5seeds_4noise_1h/run_archive/results/qlattice/seed3/qlattice_s3_g0021.json	4682
stage4_core50_12algs_5seeds_4noise_1h/run_archive/results/qlattice/seed3/qlattice_s3_g0022.json	4667
stage4_core50_12algs_5seeds_4noise_1h/run_archive/results/qlattice/seed3/qlattice_s3_g0023.json	4419
stage4_core50_12algs_5seeds_4noise_1h/run_archive/results/qlattice/seed3/qlattice_s3_g0024.json	4747
stage4_core50_12algs_5seeds_4noise_1h/run_archive/results/qlattice/seed3/qlattice_s3_g0025.json	4434
stage4_core50_12algs_5seeds_4noise_1h/run_archive/results/qlattice/seed3/qlattice_s3_g0026.json	4516
stage4_core50_12algs_5seeds_4noise_1h/run_archive/results/qlattice/seed3/qlattice_s3_g0027.json	4725
stage4_core50_12algs_5seeds_4noise_1h/run_archive/results/qlattice/seed3/qlattice_s3_g0028.json	4215
stage4_core50_12algs_5seeds_4noise_1h/run_archive/results/qlattice/seed3/qlattice_s3_g0029.json	4157
stage4_core50_12algs_5seeds_4noise_1h/run_archive/results/qlattice/seed3/qlattice_s3_g0030.json	2454
stage4_core50_12algs_5seeds_4noise_1h/run_archive/results/qlattice/seed3/qlattice_s3_g0031.json	4556
stage4_core50_12algs_5seeds_4noise_1h/run_archive/results/qlattice/seed3/qlattice_s3_g0032.json	3819
stage4_core50_12algs_5seeds_4noise_1h/run_archive/results/qlattice/seed3/qlattice_s3_g0033.json	3933
stage4_core50_12algs_5seeds_4noise_1h/run_archive/results/qlattice/seed3/qlattice_s3_g0034.json	3845
stage4_core50_12algs_5seeds_4noise_1h/run_archive/results/qlattice/seed3/qlattice_s3_g0035.json	3753
stage4_core50_12algs_5seeds_4noise_1h/run_archive/results/qlattice/seed3/qlattice_s3_g0036.json	3982
stage4_core50_12algs_5seeds_4noise_1h/run_archive/results/qlattice/seed3/qlattice_s3_g0037.json	4274
stage4_core50_12algs_5seeds_4noise_1h/run_archive/results/qlattice/seed3/qlattice_s3_g0038.json	4482
stage4_core50_12algs_5seeds_4noise_1h/run_archive/results/qlattice/seed3/qlattice_s3_g0039.json	3740
stage4_core50_12algs_5seeds_4noise_1h/run_archive/results/qlattice/seed3/qlattice_s3_g0040.json	4434
stage4_core50_12algs_5seeds_4noise_1h/run_archive/results/qlattice/seed3/qlattice_s3_g0041.json	4473
stage4_core50_12algs_5seeds_4noise_1h/run_archive/results/qlattice/seed3/qlattice_s3_g0042.json	4878
stage4_core50_12algs_5seeds_4noise_1h/run_archive/results/qlattice/seed3/qlattice_s3_g0043.json	4117
stage4_core50_12algs_5seeds_4noise_1h/run_archive/results/qlattice/seed3/qlattice_s3_g0044.json	3826
stage4_core50_12algs_5seeds_4noise_1h/run_archive/results/qlattice/seed3/qlattice_s3_g0045.json	3897
stage4_core50_12algs_5seeds_4noise_1h/run_archive/results/qlattice/seed3/qlattice_s3_g0046.json	4581
stage4_core50_12algs_5seeds_4noise_1h/run_archive/results/qlattice/seed3/qlattice_s3_g0047.json	3947
stage4_core50_12algs_5seeds_4noise_1h/run_archive/results/qlattice/seed3/qlattice_s3_g0048.json	4173
stage4_core50_12algs_5seeds_4noise_1h/run_archive/results/qlattice/seed3/qlattice_s3_g0049.json	3879
stage4_core50_12algs_5seeds_4noise_1h/run_archive/results/qlattice/seed3/qlattice_s3_g0050.json	4015
stage4_core50_12algs_5seeds_4noise_1h/run_archive/results/qlattice/seed4/qlattice_s4_g0001.json	4747
stage4_core50_12algs_5seeds_4noise_1h/run_archive/results/qlattice/seed4/qlattice_s4_g0002.json	4151
stage4_core50_12algs_5seeds_4noise_1h/run_archive/results/qlattice/seed4/qlattice_s4_g0003.json	3822
stage4_core50_12algs_5seeds_4noise_1h/run_archive/results/qlattice/seed4/qlattice_s4_g0004.json	3679
stage4_core50_12algs_5seeds_4noise_1h/run_archive/results/qlattice/seed4/qlattice_s4_g0005.json	4028
stage4_core50_12algs_5seeds_4noise_1h/run_archive/results/qlattice/seed4/qlattice_s4_g0006.json	4109
stage4_core50_12algs_5seeds_4noise_1h/run_archive/results/qlattice/seed4/qlattice_s4_g0007.json	3991
stage4_core50_12algs_5seeds_4noise_1h/run_archive/results/qlattice/seed4/qlattice_s4_g0008.json	4247
stage4_core50_12algs_5seeds_4noise_1h/run_archive/results/qlattice/seed4/qlattice_s4_g0009.json	3820
stage4_core50_12algs_5seeds_4noise_1h/run_archive/results/qlattice/seed4/qlattice_s4_g0010.json	3735
stage4_core50_12algs_5seeds_4noise_1h/run_archive/results/qlattice/seed4/qlattice_s4_g0011.json	4936
stage4_core50_12algs_5seeds_4noise_1h/run_archive/results/qlattice/seed4/qlattice_s4_g0012.json	4699
stage4_core50_12algs_5seeds_4noise_1h/run_archive/results/qlattice/seed4/qlattice_s4_g0013.json	3765
stage4_core50_12algs_5seeds_4noise_1h/run_archive/results/qlattice/seed4/qlattice_s4_g0014.json	5175
stage4_core50_12algs_5seeds_4noise_1h/run_archive/results/qlattice/seed4/qlattice_s4_g0015.json	4666
stage4_core50_12algs_5seeds_4noise_1h/run_archive/results/qlattice/seed4/qlattice_s4_g0016.json	4554
stage4_core50_12algs_5seeds_4noise_1h/run_archive/results/qlattice/seed4/qlattice_s4_g0017.json	4918
stage4_core50_12algs_5seeds_4noise_1h/run_archive/results/qlattice/seed4/qlattice_s4_g0018.json	4799
stage4_core50_12algs_5seeds_4noise_1h/run_archive/results/qlattice/seed4/qlattice_s4_g0019.json	4651
stage4_core50_12algs_5seeds_4noise_1h/run_archive/results/qlattice/seed4/qlattice_s4_g0020.json	4115
stage4_core50_12algs_5seeds_4noise_1h/run_archive/results/qlattice/seed4/qlattice_s4_g0021.json	4671
stage4_core50_12algs_5seeds_4noise_1h/run_archive/results/qlattice/seed4/qlattice_s4_g0022.json	4599
stage4_core50_12algs_5seeds_4noise_1h/run_archive/results/qlattice/seed4/qlattice_s4_g0023.json	4976
stage4_core50_12algs_5seeds_4noise_1h/run_archive/results/qlattice/seed4/qlattice_s4_g0024.json	4366
stage4_core50_12algs_5seeds_4noise_1h/run_archive/results/qlattice/seed4/qlattice_s4_g0025.json	4452
stage4_core50_12algs_5seeds_4noise_1h/run_archive/results/qlattice/seed4/qlattice_s4_g0026.json	4679
stage4_core50_12algs_5seeds_4noise_1h/run_archive/results/qlattice/seed4/qlattice_s4_g0027.json	4657
stage4_core50_12algs_5seeds_4noise_1h/run_archive/results/qlattice/seed4/qlattice_s4_g0028.json	4168
stage4_core50_12algs_5seeds_4noise_1h/run_archive/results/qlattice/seed4/qlattice_s4_g0029.json	4149
stage4_core50_12algs_5seeds_4noise_1h/run_archive/results/qlattice/seed4/qlattice_s4_g0030.json	2454
stage4_core50_12algs_5seeds_4noise_1h/run_archive/results/qlattice/seed4/qlattice_s4_g0031.json	4255
stage4_core50_12algs_5seeds_4noise_1h/run_archive/results/qlattice/seed4/qlattice_s4_g0032.json	3823
stage4_core50_12algs_5seeds_4noise_1h/run_archive/results/qlattice/seed4/qlattice_s4_g0033.json	3908
stage4_core50_12algs_5seeds_4noise_1h/run_archive/results/qlattice/seed4/qlattice_s4_g0034.json	4074
stage4_core50_12algs_5seeds_4noise_1h/run_archive/results/qlattice/seed4/qlattice_s4_g0035.json	3754
stage4_core50_12algs_5seeds_4noise_1h/run_archive/results/qlattice/seed4/qlattice_s4_g0036.json	3834
stage4_core50_12algs_5seeds_4noise_1h/run_archive/results/qlattice/seed4/qlattice_s4_g0037.json	3850
stage4_core50_12algs_5seeds_4noise_1h/run_archive/results/qlattice/seed4/qlattice_s4_g0038.json	4374
stage4_core50_12algs_5seeds_4noise_1h/run_archive/results/qlattice/seed4/qlattice_s4_g0039.json	4549
stage4_core50_12algs_5seeds_4noise_1h/run_archive/results/qlattice/seed4/qlattice_s4_g0040.json	4641
stage4_core50_12algs_5seeds_4noise_1h/run_archive/results/qlattice/seed4/qlattice_s4_g0041.json	4515
stage4_core50_12algs_5seeds_4noise_1h/run_archive/results/qlattice/seed4/qlattice_s4_g0042.json	4730
stage4_core50_12algs_5seeds_4noise_1h/run_archive/results/qlattice/seed4/qlattice_s4_g0043.json	4135
stage4_core50_12algs_5seeds_4noise_1h/run_archive/results/qlattice/seed4/qlattice_s4_g0044.json	3830
stage4_core50_12algs_5seeds_4noise_1h/run_archive/results/qlattice/seed4/qlattice_s4_g0045.json	3907
stage4_core50_12algs_5seeds_4noise_1h/run_archive/results/qlattice/seed4/qlattice_s4_g0046.json	4539
stage4_core50_12algs_5seeds_4noise_1h/run_archive/results/qlattice/seed4/qlattice_s4_g0047.json	3855
stage4_core50_12algs_5seeds_4noise_1h/run_archive/results/qlattice/seed4/qlattice_s4_g0048.json	4048
stage4_core50_12algs_5seeds_4noise_1h/run_archive/results/qlattice/seed4/qlattice_s4_g0049.json	3853
stage4_core50_12algs_5seeds_4noise_1h/run_archive/results/qlattice/seed4/qlattice_s4_g0050.json	3979
stage4_core50_12algs_5seeds_4noise_1h/run_archive/results/ragsr/seed0/ragsr_s0_g0001.json	9816
stage4_core50_12algs_5seeds_4noise_1h/run_archive/results/ragsr/seed0/ragsr_s0_g0002.json	12640
stage4_core50_12algs_5seeds_4noise_1h/run_archive/results/ragsr/seed0/ragsr_s0_g0003.json	9651
stage4_core50_12algs_5seeds_4noise_1h/run_archive/results/ragsr/seed0/ragsr_s0_g0004.json	14533
stage4_core50_12algs_5seeds_4noise_1h/run_archive/results/ragsr/seed0/ragsr_s0_g0005.json	12038
stage4_core50_12algs_5seeds_4noise_1h/run_archive/results/ragsr/seed0/ragsr_s0_g0006.json	14375
stage4_core50_12algs_5seeds_4noise_1h/run_archive/results/ragsr/seed0/ragsr_s0_g0007.json	12908
stage4_core50_12algs_5seeds_4noise_1h/run_archive/results/ragsr/seed0/ragsr_s0_g0008.json	11024
stage4_core50_12algs_5seeds_4noise_1h/run_archive/results/ragsr/seed0/ragsr_s0_g0009.json	9706
stage4_core50_12algs_5seeds_4noise_1h/run_archive/results/ragsr/seed0/ragsr_s0_g0010.json	11635
stage4_core50_12algs_5seeds_4noise_1h/run_archive/results/ragsr/seed0/ragsr_s0_g0011.json	12288
stage4_core50_12algs_5seeds_4noise_1h/run_archive/results/ragsr/seed0/ragsr_s0_g0012.json	10957
stage4_core50_12algs_5seeds_4noise_1h/run_archive/results/ragsr/seed0/ragsr_s0_g0013.json	7851
stage4_core50_12algs_5seeds_4noise_1h/run_archive/results/ragsr/seed0/ragsr_s0_g0014.json	10758
stage4_core50_12algs_5seeds_4noise_1h/run_archive/results/ragsr/seed0/ragsr_s0_g0015.json	13786
stage4_core50_12algs_5seeds_4noise_1h/run_archive/results/ragsr/seed0/ragsr_s0_g0016.json	11661
stage4_core50_12algs_5seeds_4noise_1h/run_archive/results/ragsr/seed0/ragsr_s0_g0017.json	12819
stage4_core50_12algs_5seeds_4noise_1h/run_archive/results/ragsr/seed0/ragsr_s0_g0018.json	10039
stage4_core50_12algs_5seeds_4noise_1h/run_archive/results/ragsr/seed0/ragsr_s0_g0019.json	11804
stage4_core50_12algs_5seeds_4noise_1h/run_archive/results/ragsr/seed0/ragsr_s0_g0020.json	11418
stage4_core50_12algs_5seeds_4noise_1h/run_archive/results/ragsr/seed0/ragsr_s0_g0021.json	11711
stage4_core50_12algs_5seeds_4noise_1h/run_archive/results/ragsr/seed0/ragsr_s0_g0022.json	9292
stage4_core50_12algs_5seeds_4noise_1h/run_archive/results/ragsr/seed0/ragsr_s0_g0023.json	10381
stage4_core50_12algs_5seeds_4noise_1h/run_archive/results/ragsr/seed0/ragsr_s0_g0024.json	11878
stage4_core50_12algs_5seeds_4noise_1h/run_archive/results/ragsr/seed0/ragsr_s0_g0025.json	10534
stage4_core50_12algs_5seeds_4noise_1h/run_archive/results/ragsr/seed0/ragsr_s0_g0026.json	12125
stage4_core50_12algs_5seeds_4noise_1h/run_archive/results/ragsr/seed0/ragsr_s0_g0027.json	10518
stage4_core50_12algs_5seeds_4noise_1h/run_archive/results/ragsr/seed0/ragsr_s0_g0028.json	9965
stage4_core50_12algs_5seeds_4noise_1h/run_archive/results/ragsr/seed0/ragsr_s0_g0029.json	11195
stage4_core50_12algs_5seeds_4noise_1h/run_archive/results/ragsr/seed0/ragsr_s0_g0030.json	11338
stage4_core50_12algs_5seeds_4noise_1h/run_archive/results/ragsr/seed0/ragsr_s0_g0031.json	9826
stage4_core50_12algs_5seeds_4noise_1h/run_archive/results/ragsr/seed0/ragsr_s0_g0032.json	12563
stage4_core50_12algs_5seeds_4noise_1h/run_archive/results/ragsr/seed0/ragsr_s0_g0033.json	9922
stage4_core50_12algs_5seeds_4noise_1h/run_archive/results/ragsr/seed0/ragsr_s0_g0034.json	8797
stage4_core50_12algs_5seeds_4noise_1h/run_archive/results/ragsr/seed0/ragsr_s0_g0035.json	9699
stage4_core50_12algs_5seeds_4noise_1h/run_archive/results/ragsr/seed0/ragsr_s0_g0036.json	8392
stage4_core50_12algs_5seeds_4noise_1h/run_archive/results/ragsr/seed0/ragsr_s0_g0037.json	8519
stage4_core50_12algs_5seeds_4noise_1h/run_archive/results/ragsr/seed0/ragsr_s0_g0038.json	11313
stage4_core50_12algs_5seeds_4noise_1h/run_archive/results/ragsr/seed0/ragsr_s0_g0039.json	9048
stage4_core50_12algs_5seeds_4noise_1h/run_archive/results/ragsr/seed0/ragsr_s0_g0040.json	10394
stage4_core50_12algs_5seeds_4noise_1h/run_archive/results/ragsr/seed0/ragsr_s0_g0041.json	10961
stage4_core50_12algs_5seeds_4noise_1h/run_archive/results/ragsr/seed0/ragsr_s0_g0042.json	10925
stage4_core50_12algs_5seeds_4noise_1h/run_archive/results/ragsr/seed0/ragsr_s0_g0043.json	8372
stage4_core50_12algs_5seeds_4noise_1h/run_archive/results/ragsr/seed0/ragsr_s0_g0044.json	9271
stage4_core50_12algs_5seeds_4noise_1h/run_archive/results/ragsr/seed0/ragsr_s0_g0045.json	10097
stage4_core50_12algs_5seeds_4noise_1h/run_archive/results/ragsr/seed0/ragsr_s0_g0046.json	13467
stage4_core50_12algs_5seeds_4noise_1h/run_archive/results/ragsr/seed0/ragsr_s0_g0047.json	8421
stage4_core50_12algs_5seeds_4noise_1h/run_archive/results/ragsr/seed0/ragsr_s0_g0048.json	8705
stage4_core50_12algs_5seeds_4noise_1h/run_archive/results/ragsr/seed0/ragsr_s0_g0049.json	8940
stage4_core50_12algs_5seeds_4noise_1h/run_archive/results/ragsr/seed0/ragsr_s0_g0050.json	12179
stage4_core50_12algs_5seeds_4noise_1h/run_archive/results/ragsr/seed1/ragsr_s1_g0001.json	10399
stage4_core50_12algs_5seeds_4noise_1h/run_archive/results/ragsr/seed1/ragsr_s1_g0002.json	12057
stage4_core50_12algs_5seeds_4noise_1h/run_archive/results/ragsr/seed1/ragsr_s1_g0003.json	9029
stage4_core50_12algs_5seeds_4noise_1h/run_archive/results/ragsr/seed1/ragsr_s1_g0004.json	16249
stage4_core50_12algs_5seeds_4noise_1h/run_archive/results/ragsr/seed1/ragsr_s1_g0005.json	11662
stage4_core50_12algs_5seeds_4noise_1h/run_archive/results/ragsr/seed1/ragsr_s1_g0006.json	16257
stage4_core50_12algs_5seeds_4noise_1h/run_archive/results/ragsr/seed1/ragsr_s1_g0007.json	12261
stage4_core50_12algs_5seeds_4noise_1h/run_archive/results/ragsr/seed1/ragsr_s1_g0008.json	12451
stage4_core50_12algs_5seeds_4noise_1h/run_archive/results/ragsr/seed1/ragsr_s1_g0009.json	10017
stage4_core50_12algs_5seeds_4noise_1h/run_archive/results/ragsr/seed1/ragsr_s1_g0010.json	9933
stage4_core50_12algs_5seeds_4noise_1h/run_archive/results/ragsr/seed1/ragsr_s1_g0011.json	13121
stage4_core50_12algs_5seeds_4noise_1h/run_archive/results/ragsr/seed1/ragsr_s1_g0012.json	11228
stage4_core50_12algs_5seeds_4noise_1h/run_archive/results/ragsr/seed1/ragsr_s1_g0013.json	9045
stage4_core50_12algs_5seeds_4noise_1h/run_archive/results/ragsr/seed1/ragsr_s1_g0014.json	11952
stage4_core50_12algs_5seeds_4noise_1h/run_archive/results/ragsr/seed1/ragsr_s1_g0015.json	11347
stage4_core50_12algs_5seeds_4noise_1h/run_archive/results/ragsr/seed1/ragsr_s1_g0016.json	11157
stage4_core50_12algs_5seeds_4noise_1h/run_archive/results/ragsr/seed1/ragsr_s1_g0017.json	11756
stage4_core50_12algs_5seeds_4noise_1h/run_archive/results/ragsr/seed1/ragsr_s1_g0018.json	12010
stage4_core50_12algs_5seeds_4noise_1h/run_archive/results/ragsr/seed1/ragsr_s1_g0019.json	12518
stage4_core50_12algs_5seeds_4noise_1h/run_archive/results/ragsr/seed1/ragsr_s1_g0020.json	10905
stage4_core50_12algs_5seeds_4noise_1h/run_archive/results/ragsr/seed1/ragsr_s1_g0021.json	13529
stage4_core50_12algs_5seeds_4noise_1h/run_archive/results/ragsr/seed1/ragsr_s1_g0022.json	9254
stage4_core50_12algs_5seeds_4noise_1h/run_archive/results/ragsr/seed1/ragsr_s1_g0023.json	10110
stage4_core50_12algs_5seeds_4noise_1h/run_archive/results/ragsr/seed1/ragsr_s1_g0024.json	10660
stage4_core50_12algs_5seeds_4noise_1h/run_archive/results/ragsr/seed1/ragsr_s1_g0025.json	13619
stage4_core50_12algs_5seeds_4noise_1h/run_archive/results/ragsr/seed1/ragsr_s1_g0026.json	11719
stage4_core50_12algs_5seeds_4noise_1h/run_archive/results/ragsr/seed1/ragsr_s1_g0027.json	10808
stage4_core50_12algs_5seeds_4noise_1h/run_archive/results/ragsr/seed1/ragsr_s1_g0028.json	10707
stage4_core50_12algs_5seeds_4noise_1h/run_archive/results/ragsr/seed1/ragsr_s1_g0029.json	10606
stage4_core50_12algs_5seeds_4noise_1h/run_archive/results/ragsr/seed1/ragsr_s1_g0030.json	11039
stage4_core50_12algs_5seeds_4noise_1h/run_archive/results/ragsr/seed1/ragsr_s1_g0031.json	11404
stage4_core50_12algs_5seeds_4noise_1h/run_archive/results/ragsr/seed1/ragsr_s1_g0032.json	11773
stage4_core50_12algs_5seeds_4noise_1h/run_archive/results/ragsr/seed1/ragsr_s1_g0033.json	12135
stage4_core50_12algs_5seeds_4noise_1h/run_archive/results/ragsr/seed1/ragsr_s1_g0034.json	9701
stage4_core50_12algs_5seeds_4noise_1h/run_archive/results/ragsr/seed1/ragsr_s1_g0035.json	10806
stage4_core50_12algs_5seeds_4noise_1h/run_archive/results/ragsr/seed1/ragsr_s1_g0036.json	9554
stage4_core50_12algs_5seeds_4noise_1h/run_archive/results/ragsr/seed1/ragsr_s1_g0037.json	8810
stage4_core50_12algs_5seeds_4noise_1h/run_archive/results/ragsr/seed1/ragsr_s1_g0038.json	11552
stage4_core50_12algs_5seeds_4noise_1h/run_archive/results/ragsr/seed1/ragsr_s1_g0039.json	9898
stage4_core50_12algs_5seeds_4noise_1h/run_archive/results/ragsr/seed1/ragsr_s1_g0040.json	11125
stage4_core50_12algs_5seeds_4noise_1h/run_archive/results/ragsr/seed1/ragsr_s1_g0041.json	9975
stage4_core50_12algs_5seeds_4noise_1h/run_archive/results/ragsr/seed1/ragsr_s1_g0042.json	11323
stage4_core50_12algs_5seeds_4noise_1h/run_archive/results/ragsr/seed1/ragsr_s1_g0043.json	9550
stage4_core50_12algs_5seeds_4noise_1h/run_archive/results/ragsr/seed1/ragsr_s1_g0044.json	9709
stage4_core50_12algs_5seeds_4noise_1h/run_archive/results/ragsr/seed1/ragsr_s1_g0045.json	11586
stage4_core50_12algs_5seeds_4noise_1h/run_archive/results/ragsr/seed1/ragsr_s1_g0046.json	11028
stage4_core50_12algs_5seeds_4noise_1h/run_archive/results/ragsr/seed1/ragsr_s1_g0047.json	9102
stage4_core50_12algs_5seeds_4noise_1h/run_archive/results/ragsr/seed1/ragsr_s1_g0048.json	10940
stage4_core50_12algs_5seeds_4noise_1h/run_archive/results/ragsr/seed1/ragsr_s1_g0049.json	9636
stage4_core50_12algs_5seeds_4noise_1h/run_archive/results/ragsr/seed1/ragsr_s1_g0050.json	10126
stage4_core50_12algs_5seeds_4noise_1h/run_archive/results/ragsr/seed2/ragsr_s2_g0001.json	10379
stage4_core50_12algs_5seeds_4noise_1h/run_archive/results/ragsr/seed2/ragsr_s2_g0002.json	13859
stage4_core50_12algs_5seeds_4noise_1h/run_archive/results/ragsr/seed2/ragsr_s2_g0003.json	9387
stage4_core50_12algs_5seeds_4noise_1h/run_archive/results/ragsr/seed2/ragsr_s2_g0004.json	17107
stage4_core50_12algs_5seeds_4noise_1h/run_archive/results/ragsr/seed2/ragsr_s2_g0005.json	12505
stage4_core50_12algs_5seeds_4noise_1h/run_archive/results/ragsr/seed2/ragsr_s2_g0006.json	12836
stage4_core50_12algs_5seeds_4noise_1h/run_archive/results/ragsr/seed2/ragsr_s2_g0007.json	11953
stage4_core50_12algs_5seeds_4noise_1h/run_archive/results/ragsr/seed2/ragsr_s2_g0008.json	11989
stage4_core50_12algs_5seeds_4noise_1h/run_archive/results/ragsr/seed2/ragsr_s2_g0009.json	8892
stage4_core50_12algs_5seeds_4noise_1h/run_archive/results/ragsr/seed2/ragsr_s2_g0010.json	10062
stage4_core50_12algs_5seeds_4noise_1h/run_archive/results/ragsr/seed2/ragsr_s2_g0011.json	13836
stage4_core50_12algs_5seeds_4noise_1h/run_archive/results/ragsr/seed2/ragsr_s2_g0012.json	9442
stage4_core50_12algs_5seeds_4noise_1h/run_archive/results/ragsr/seed2/ragsr_s2_g0013.json	8065
stage4_core50_12algs_5seeds_4noise_1h/run_archive/results/ragsr/seed2/ragsr_s2_g0014.json	12038
stage4_core50_12algs_5seeds_4noise_1h/run_archive/results/ragsr/seed2/ragsr_s2_g0015.json	10116
stage4_core50_12algs_5seeds_4noise_1h/run_archive/results/ragsr/seed2/ragsr_s2_g0016.json	10713
stage4_core50_12algs_5seeds_4noise_1h/run_archive/results/ragsr/seed2/ragsr_s2_g0017.json	12146
stage4_core50_12algs_5seeds_4noise_1h/run_archive/results/ragsr/seed2/ragsr_s2_g0018.json	12434
stage4_core50_12algs_5seeds_4noise_1h/run_archive/results/ragsr/seed2/ragsr_s2_g0019.json	13838
stage4_core50_12algs_5seeds_4noise_1h/run_archive/results/ragsr/seed2/ragsr_s2_g0020.json	12974
stage4_core50_12algs_5seeds_4noise_1h/run_archive/results/ragsr/seed2/ragsr_s2_g0021.json	12342
stage4_core50_12algs_5seeds_4noise_1h/run_archive/results/ragsr/seed2/ragsr_s2_g0022.json	9346
stage4_core50_12algs_5seeds_4noise_1h/run_archive/results/ragsr/seed2/ragsr_s2_g0023.json	10133
stage4_core50_12algs_5seeds_4noise_1h/run_archive/results/ragsr/seed2/ragsr_s2_g0024.json	10630
stage4_core50_12algs_5seeds_4noise_1h/run_archive/results/ragsr/seed2/ragsr_s2_g0025.json	10697
stage4_core50_12algs_5seeds_4noise_1h/run_archive/results/ragsr/seed2/ragsr_s2_g0026.json	10672
stage4_core50_12algs_5seeds_4noise_1h/run_archive/results/ragsr/seed2/ragsr_s2_g0027.json	11442
stage4_core50_12algs_5seeds_4noise_1h/run_archive/results/ragsr/seed2/ragsr_s2_g0028.json	10762
stage4_core50_12algs_5seeds_4noise_1h/run_archive/results/ragsr/seed2/ragsr_s2_g0029.json	9126
stage4_core50_12algs_5seeds_4noise_1h/run_archive/results/ragsr/seed2/ragsr_s2_g0030.json	8138
stage4_core50_12algs_5seeds_4noise_1h/run_archive/results/ragsr/seed2/ragsr_s2_g0031.json	9333
stage4_core50_12algs_5seeds_4noise_1h/run_archive/results/ragsr/seed2/ragsr_s2_g0032.json	10972
stage4_core50_12algs_5seeds_4noise_1h/run_archive/results/ragsr/seed2/ragsr_s2_g0033.json	12500
stage4_core50_12algs_5seeds_4noise_1h/run_archive/results/ragsr/seed2/ragsr_s2_g0034.json	9117
stage4_core50_12algs_5seeds_4noise_1h/run_archive/results/ragsr/seed2/ragsr_s2_g0035.json	10164
stage4_core50_12algs_5seeds_4noise_1h/run_archive/results/ragsr/seed2/ragsr_s2_g0036.json	10454
stage4_core50_12algs_5seeds_4noise_1h/run_archive/results/ragsr/seed2/ragsr_s2_g0037.json	8458
stage4_core50_12algs_5seeds_4noise_1h/run_archive/results/ragsr/seed2/ragsr_s2_g0038.json	10955
stage4_core50_12algs_5seeds_4noise_1h/run_archive/results/ragsr/seed2/ragsr_s2_g0039.json	9175
stage4_core50_12algs_5seeds_4noise_1h/run_archive/results/ragsr/seed2/ragsr_s2_g0040.json	10462
stage4_core50_12algs_5seeds_4noise_1h/run_archive/results/ragsr/seed2/ragsr_s2_g0041.json	10147
stage4_core50_12algs_5seeds_4noise_1h/run_archive/results/ragsr/seed2/ragsr_s2_g0042.json	9675
stage4_core50_12algs_5seeds_4noise_1h/run_archive/results/ragsr/seed2/ragsr_s2_g0043.json	9282
stage4_core50_12algs_5seeds_4noise_1h/run_archive/results/ragsr/seed2/ragsr_s2_g0044.json	9369
stage4_core50_12algs_5seeds_4noise_1h/run_archive/results/ragsr/seed2/ragsr_s2_g0045.json	11789
stage4_core50_12algs_5seeds_4noise_1h/run_archive/results/ragsr/seed2/ragsr_s2_g0046.json	12172
stage4_core50_12algs_5seeds_4noise_1h/run_archive/results/ragsr/seed2/ragsr_s2_g0047.json	8515
stage4_core50_12algs_5seeds_4noise_1h/run_archive/results/ragsr/seed2/ragsr_s2_g0048.json	9987
stage4_core50_12algs_5seeds_4noise_1h/run_archive/results/ragsr/seed2/ragsr_s2_g0049.json	10672
stage4_core50_12algs_5seeds_4noise_1h/run_archive/results/ragsr/seed2/ragsr_s2_g0050.json	12591
stage4_core50_12algs_5seeds_4noise_1h/run_archive/results/ragsr/seed3/ragsr_s3_g0001.json	10431
stage4_core50_12algs_5seeds_4noise_1h/run_archive/results/ragsr/seed3/ragsr_s3_g0002.json	18308
stage4_core50_12algs_5seeds_4noise_1h/run_archive/results/ragsr/seed3/ragsr_s3_g0003.json	9010
stage4_core50_12algs_5seeds_4noise_1h/run_archive/results/ragsr/seed3/ragsr_s3_g0004.json	17897
stage4_core50_12algs_5seeds_4noise_1h/run_archive/results/ragsr/seed3/ragsr_s3_g0005.json	12975
stage4_core50_12algs_5seeds_4noise_1h/run_archive/results/ragsr/seed3/ragsr_s3_g0006.json	14945
stage4_core50_12algs_5seeds_4noise_1h/run_archive/results/ragsr/seed3/ragsr_s3_g0007.json	12107
stage4_core50_12algs_5seeds_4noise_1h/run_archive/results/ragsr/seed3/ragsr_s3_g0008.json	11047
stage4_core50_12algs_5seeds_4noise_1h/run_archive/results/ragsr/seed3/ragsr_s3_g0009.json	11037
stage4_core50_12algs_5seeds_4noise_1h/run_archive/results/ragsr/seed3/ragsr_s3_g0010.json	9808
stage4_core50_12algs_5seeds_4noise_1h/run_archive/results/ragsr/seed3/ragsr_s3_g0011.json	12525
stage4_core50_12algs_5seeds_4noise_1h/run_archive/results/ragsr/seed3/ragsr_s3_g0012.json	10754
stage4_core50_12algs_5seeds_4noise_1h/run_archive/results/ragsr/seed3/ragsr_s3_g0013.json	8899
stage4_core50_12algs_5seeds_4noise_1h/run_archive/results/ragsr/seed3/ragsr_s3_g0014.json	12470
stage4_core50_12algs_5seeds_4noise_1h/run_archive/results/ragsr/seed3/ragsr_s3_g0015.json	11455
stage4_core50_12algs_5seeds_4noise_1h/run_archive/results/ragsr/seed3/ragsr_s3_g0016.json	10293
stage4_core50_12algs_5seeds_4noise_1h/run_archive/results/ragsr/seed3/ragsr_s3_g0017.json	13495
stage4_core50_12algs_5seeds_4noise_1h/run_archive/results/ragsr/seed3/ragsr_s3_g0018.json	10920
stage4_core50_12algs_5seeds_4noise_1h/run_archive/results/ragsr/seed3/ragsr_s3_g0019.json	11144
stage4_core50_12algs_5seeds_4noise_1h/run_archive/results/ragsr/seed3/ragsr_s3_g0020.json	11310
stage4_core50_12algs_5seeds_4noise_1h/run_archive/results/ragsr/seed3/ragsr_s3_g0021.json	10626
stage4_core50_12algs_5seeds_4noise_1h/run_archive/results/ragsr/seed3/ragsr_s3_g0022.json	9534
stage4_core50_12algs_5seeds_4noise_1h/run_archive/results/ragsr/seed3/ragsr_s3_g0023.json	10359
stage4_core50_12algs_5seeds_4noise_1h/run_archive/results/ragsr/seed3/ragsr_s3_g0024.json	11105
stage4_core50_12algs_5seeds_4noise_1h/run_archive/results/ragsr/seed3/ragsr_s3_g0025.json	11488
stage4_core50_12algs_5seeds_4noise_1h/run_archive/results/ragsr/seed3/ragsr_s3_g0026.json	11217
stage4_core50_12algs_5seeds_4noise_1h/run_archive/results/ragsr/seed3/ragsr_s3_g0027.json	10538
stage4_core50_12algs_5seeds_4noise_1h/run_archive/results/ragsr/seed3/ragsr_s3_g0028.json	12930
stage4_core50_12algs_5seeds_4noise_1h/run_archive/results/ragsr/seed3/ragsr_s3_g0029.json	10965
stage4_core50_12algs_5seeds_4noise_1h/run_archive/results/ragsr/seed3/ragsr_s3_g0030.json	10925
stage4_core50_12algs_5seeds_4noise_1h/run_archive/results/ragsr/seed3/ragsr_s3_g0031.json	11341
stage4_core50_12algs_5seeds_4noise_1h/run_archive/results/ragsr/seed3/ragsr_s3_g0032.json	12930
stage4_core50_12algs_5seeds_4noise_1h/run_archive/results/ragsr/seed3/ragsr_s3_g0033.json	11373
stage4_core50_12algs_5seeds_4noise_1h/run_archive/results/ragsr/seed3/ragsr_s3_g0034.json	8731
stage4_core50_12algs_5seeds_4noise_1h/run_archive/results/ragsr/seed3/ragsr_s3_g0035.json	13973
stage4_core50_12algs_5seeds_4noise_1h/run_archive/results/ragsr/seed3/ragsr_s3_g0036.json	8256
stage4_core50_12algs_5seeds_4noise_1h/run_archive/results/ragsr/seed3/ragsr_s3_g0037.json	9926
stage4_core50_12algs_5seeds_4noise_1h/run_archive/results/ragsr/seed3/ragsr_s3_g0038.json	11118
stage4_core50_12algs_5seeds_4noise_1h/run_archive/results/ragsr/seed3/ragsr_s3_g0039.json	10321
stage4_core50_12algs_5seeds_4noise_1h/run_archive/results/ragsr/seed3/ragsr_s3_g0040.json	11089
stage4_core50_12algs_5seeds_4noise_1h/run_archive/results/ragsr/seed3/ragsr_s3_g0041.json	11306
stage4_core50_12algs_5seeds_4noise_1h/run_archive/results/ragsr/seed3/ragsr_s3_g0042.json	11134
stage4_core50_12algs_5seeds_4noise_1h/run_archive/results/ragsr/seed3/ragsr_s3_g0043.json	11341
stage4_core50_12algs_5seeds_4noise_1h/run_archive/results/ragsr/seed3/ragsr_s3_g0044.json	9108
stage4_core50_12algs_5seeds_4noise_1h/run_archive/results/ragsr/seed3/ragsr_s3_g0045.json	9906
stage4_core50_12algs_5seeds_4noise_1h/run_archive/results/ragsr/seed3/ragsr_s3_g0046.json	12877
stage4_core50_12algs_5seeds_4noise_1h/run_archive/results/ragsr/seed3/ragsr_s3_g0047.json	11089
stage4_core50_12algs_5seeds_4noise_1h/run_archive/results/ragsr/seed3/ragsr_s3_g0048.json	9685
stage4_core50_12algs_5seeds_4noise_1h/run_archive/results/ragsr/seed3/ragsr_s3_g0049.json	10350
stage4_core50_12algs_5seeds_4noise_1h/run_archive/results/ragsr/seed3/ragsr_s3_g0050.json	10812
stage4_core50_12algs_5seeds_4noise_1h/run_archive/results/ragsr/seed4/ragsr_s4_g0001.json	10424
stage4_core50_12algs_5seeds_4noise_1h/run_archive/results/ragsr/seed4/ragsr_s4_g0002.json	15197
stage4_core50_12algs_5seeds_4noise_1h/run_archive/results/ragsr/seed4/ragsr_s4_g0003.json	8468
stage4_core50_12algs_5seeds_4noise_1h/run_archive/results/ragsr/seed4/ragsr_s4_g0004.json	13342
stage4_core50_12algs_5seeds_4noise_1h/run_archive/results/ragsr/seed4/ragsr_s4_g0005.json	13563
stage4_core50_12algs_5seeds_4noise_1h/run_archive/results/ragsr/seed4/ragsr_s4_g0006.json	14886
stage4_core50_12algs_5seeds_4noise_1h/run_archive/results/ragsr/seed4/ragsr_s4_g0007.json	14617
stage4_core50_12algs_5seeds_4noise_1h/run_archive/results/ragsr/seed4/ragsr_s4_g0008.json	11267
stage4_core50_12algs_5seeds_4noise_1h/run_archive/results/ragsr/seed4/ragsr_s4_g0009.json	11256
stage4_core50_12algs_5seeds_4noise_1h/run_archive/results/ragsr/seed4/ragsr_s4_g0010.json	10147
stage4_core50_12algs_5seeds_4noise_1h/run_archive/results/ragsr/seed4/ragsr_s4_g0011.json	13231
stage4_core50_12algs_5seeds_4noise_1h/run_archive/results/ragsr/seed4/ragsr_s4_g0012.json	8950
stage4_core50_12algs_5seeds_4noise_1h/run_archive/results/ragsr/seed4/ragsr_s4_g0013.json	7951
stage4_core50_12algs_5seeds_4noise_1h/run_archive/results/ragsr/seed4/ragsr_s4_g0014.json	10524
stage4_core50_12algs_5seeds_4noise_1h/run_archive/results/ragsr/seed4/ragsr_s4_g0015.json	11506
stage4_core50_12algs_5seeds_4noise_1h/run_archive/results/ragsr/seed4/ragsr_s4_g0016.json	11446
stage4_core50_12algs_5seeds_4noise_1h/run_archive/results/ragsr/seed4/ragsr_s4_g0017.json	11368
stage4_core50_12algs_5seeds_4noise_1h/run_archive/results/ragsr/seed4/ragsr_s4_g0018.json	11107
stage4_core50_12algs_5seeds_4noise_1h/run_archive/results/ragsr/seed4/ragsr_s4_g0019.json	9809
stage4_core50_12algs_5seeds_4noise_1h/run_archive/results/ragsr/seed4/ragsr_s4_g0020.json	12135
stage4_core50_12algs_5seeds_4noise_1h/run_archive/results/ragsr/seed4/ragsr_s4_g0021.json	12765
stage4_core50_12algs_5seeds_4noise_1h/run_archive/results/ragsr/seed4/ragsr_s4_g0022.json	13163
stage4_core50_12algs_5seeds_4noise_1h/run_archive/results/ragsr/seed4/ragsr_s4_g0023.json	10224
stage4_core50_12algs_5seeds_4noise_1h/run_archive/results/ragsr/seed4/ragsr_s4_g0024.json	12096
stage4_core50_12algs_5seeds_4noise_1h/run_archive/results/ragsr/seed4/ragsr_s4_g0025.json	11396
stage4_core50_12algs_5seeds_4noise_1h/run_archive/results/ragsr/seed4/ragsr_s4_g0026.json	11104
stage4_core50_12algs_5seeds_4noise_1h/run_archive/results/ragsr/seed4/ragsr_s4_g0027.json	11320
stage4_core50_12algs_5seeds_4noise_1h/run_archive/results/ragsr/seed4/ragsr_s4_g0028.json	11157
stage4_core50_12algs_5seeds_4noise_1h/run_archive/results/ragsr/seed4/ragsr_s4_g0029.json	11026
stage4_core50_12algs_5seeds_4noise_1h/run_archive/results/ragsr/seed4/ragsr_s4_g0030.json	10517
stage4_core50_12algs_5seeds_4noise_1h/run_archive/results/ragsr/seed4/ragsr_s4_g0031.json	11857
stage4_core50_12algs_5seeds_4noise_1h/run_archive/results/ragsr/seed4/ragsr_s4_g0032.json	10787
stage4_core50_12algs_5seeds_4noise_1h/run_archive/results/ragsr/seed4/ragsr_s4_g0033.json	11355
stage4_core50_12algs_5seeds_4noise_1h/run_archive/results/ragsr/seed4/ragsr_s4_g0034.json	8759
stage4_core50_12algs_5seeds_4noise_1h/run_archive/results/ragsr/seed4/ragsr_s4_g0035.json	10289
stage4_core50_12algs_5seeds_4noise_1h/run_archive/results/ragsr/seed4/ragsr_s4_g0036.json	8603
stage4_core50_12algs_5seeds_4noise_1h/run_archive/results/ragsr/seed4/ragsr_s4_g0037.json	9165
stage4_core50_12algs_5seeds_4noise_1h/run_archive/results/ragsr/seed4/ragsr_s4_g0038.json	11857
stage4_core50_12algs_5seeds_4noise_1h/run_archive/results/ragsr/seed4/ragsr_s4_g0039.json	9191
stage4_core50_12algs_5seeds_4noise_1h/run_archive/results/ragsr/seed4/ragsr_s4_g0040.json	12236
stage4_core50_12algs_5seeds_4noise_1h/run_archive/results/ragsr/seed4/ragsr_s4_g0041.json	10830
stage4_core50_12algs_5seeds_4noise_1h/run_archive/results/ragsr/seed4/ragsr_s4_g0042.json	12306
stage4_core50_12algs_5seeds_4noise_1h/run_archive/results/ragsr/seed4/ragsr_s4_g0043.json	9087
stage4_core50_12algs_5seeds_4noise_1h/run_archive/results/ragsr/seed4/ragsr_s4_g0044.json	9320
stage4_core50_12algs_5seeds_4noise_1h/run_archive/results/ragsr/seed4/ragsr_s4_g0045.json	11916
stage4_core50_12algs_5seeds_4noise_1h/run_archive/results/ragsr/seed4/ragsr_s4_g0046.json	13211
stage4_core50_12algs_5seeds_4noise_1h/run_archive/results/ragsr/seed4/ragsr_s4_g0047.json	8323
stage4_core50_12algs_5seeds_4noise_1h/run_archive/results/ragsr/seed4/ragsr_s4_g0048.json	9447
stage4_core50_12algs_5seeds_4noise_1h/run_archive/results/ragsr/seed4/ragsr_s4_g0049.json	9264
stage4_core50_12algs_5seeds_4noise_1h/run_archive/results/ragsr/seed4/ragsr_s4_g0050.json	9577
stage4_core50_12algs_5seeds_4noise_1h/run_archive/results/tpsr/seed0/tpsr_s0_g0001.json	5489
stage4_core50_12algs_5seeds_4noise_1h/run_archive/results/tpsr/seed0/tpsr_s0_g0002.json	4537
stage4_core50_12algs_5seeds_4noise_1h/run_archive/results/tpsr/seed0/tpsr_s0_g0003.json	5848
stage4_core50_12algs_5seeds_4noise_1h/run_archive/results/tpsr/seed0/tpsr_s0_g0004.json	4724
stage4_core50_12algs_5seeds_4noise_1h/run_archive/results/tpsr/seed0/tpsr_s0_g0005.json	5023
stage4_core50_12algs_5seeds_4noise_1h/run_archive/results/tpsr/seed0/tpsr_s0_g0006.json	4206
stage4_core50_12algs_5seeds_4noise_1h/run_archive/results/tpsr/seed0/tpsr_s0_g0007.json	4443
stage4_core50_12algs_5seeds_4noise_1h/run_archive/results/tpsr/seed0/tpsr_s0_g0008.json	4399
stage4_core50_12algs_5seeds_4noise_1h/run_archive/results/tpsr/seed0/tpsr_s0_g0009.json	4548
stage4_core50_12algs_5seeds_4noise_1h/run_archive/results/tpsr/seed0/tpsr_s0_g0010.json	4949
stage4_core50_12algs_5seeds_4noise_1h/run_archive/results/tpsr/seed0/tpsr_s0_g0011.json	5706
stage4_core50_12algs_5seeds_4noise_1h/run_archive/results/tpsr/seed0/tpsr_s0_g0012.json	4595
stage4_core50_12algs_5seeds_4noise_1h/run_archive/results/tpsr/seed0/tpsr_s0_g0013.json	5448
stage4_core50_12algs_5seeds_4noise_1h/run_archive/results/tpsr/seed0/tpsr_s0_g0014.json	5200
stage4_core50_12algs_5seeds_4noise_1h/run_archive/results/tpsr/seed0/tpsr_s0_g0015.json	4814
stage4_core50_12algs_5seeds_4noise_1h/run_archive/results/tpsr/seed0/tpsr_s0_g0016.json	5024
stage4_core50_12algs_5seeds_4noise_1h/run_archive/results/tpsr/seed0/tpsr_s0_g0017.json	5110
stage4_core50_12algs_5seeds_4noise_1h/run_archive/results/tpsr/seed0/tpsr_s0_g0018.json	6088
stage4_core50_12algs_5seeds_4noise_1h/run_archive/results/tpsr/seed0/tpsr_s0_g0019.json	5078
stage4_core50_12algs_5seeds_4noise_1h/run_archive/results/tpsr/seed0/tpsr_s0_g0020.json	5052
stage4_core50_12algs_5seeds_4noise_1h/run_archive/results/tpsr/seed0/tpsr_s0_g0021.json	5864
stage4_core50_12algs_5seeds_4noise_1h/run_archive/results/tpsr/seed0/tpsr_s0_g0022.json	9703
stage4_core50_12algs_5seeds_4noise_1h/run_archive/results/tpsr/seed0/tpsr_s0_g0023.json	6407
stage4_core50_12algs_5seeds_4noise_1h/run_archive/results/tpsr/seed0/tpsr_s0_g0024.json	6885
stage4_core50_12algs_5seeds_4noise_1h/run_archive/results/tpsr/seed0/tpsr_s0_g0025.json	4718
stage4_core50_12algs_5seeds_4noise_1h/run_archive/results/tpsr/seed0/tpsr_s0_g0026.json	5721
stage4_core50_12algs_5seeds_4noise_1h/run_archive/results/tpsr/seed0/tpsr_s0_g0027.json	4338
stage4_core50_12algs_5seeds_4noise_1h/run_archive/results/tpsr/seed0/tpsr_s0_g0028.json	4783
stage4_core50_12algs_5seeds_4noise_1h/run_archive/results/tpsr/seed0/tpsr_s0_g0029.json	5223
stage4_core50_12algs_5seeds_4noise_1h/run_archive/results/tpsr/seed0/tpsr_s0_g0030.json	4665
stage4_core50_12algs_5seeds_4noise_1h/run_archive/results/tpsr/seed0/tpsr_s0_g0031.json	4128
stage4_core50_12algs_5seeds_4noise_1h/run_archive/results/tpsr/seed0/tpsr_s0_g0032.json	6005
stage4_core50_12algs_5seeds_4noise_1h/run_archive/results/tpsr/seed0/tpsr_s0_g0033.json	5053
stage4_core50_12algs_5seeds_4noise_1h/run_archive/results/tpsr/seed0/tpsr_s0_g0034.json	4462
stage4_core50_12algs_5seeds_4noise_1h/run_archive/results/tpsr/seed0/tpsr_s0_g0035.json	6453
stage4_core50_12algs_5seeds_4noise_1h/run_archive/results/tpsr/seed0/tpsr_s0_g0036.json	4571
stage4_core50_12algs_5seeds_4noise_1h/run_archive/results/tpsr/seed0/tpsr_s0_g0037.json	4204
stage4_core50_12algs_5seeds_4noise_1h/run_archive/results/tpsr/seed0/tpsr_s0_g0038.json	4477
stage4_core50_12algs_5seeds_4noise_1h/run_archive/results/tpsr/seed0/tpsr_s0_g0039.json	5011
stage4_core50_12algs_5seeds_4noise_1h/run_archive/results/tpsr/seed0/tpsr_s0_g0040.json	6299
stage4_core50_12algs_5seeds_4noise_1h/run_archive/results/tpsr/seed0/tpsr_s0_g0041.json	4414
stage4_core50_12algs_5seeds_4noise_1h/run_archive/results/tpsr/seed0/tpsr_s0_g0042.json	5860
stage4_core50_12algs_5seeds_4noise_1h/run_archive/results/tpsr/seed0/tpsr_s0_g0043.json	5147
stage4_core50_12algs_5seeds_4noise_1h/run_archive/results/tpsr/seed0/tpsr_s0_g0044.json	5781
stage4_core50_12algs_5seeds_4noise_1h/run_archive/results/tpsr/seed0/tpsr_s0_g0045.json	4559
stage4_core50_12algs_5seeds_4noise_1h/run_archive/results/tpsr/seed0/tpsr_s0_g0046.json	5624
stage4_core50_12algs_5seeds_4noise_1h/run_archive/results/tpsr/seed0/tpsr_s0_g0047.json	5488
stage4_core50_12algs_5seeds_4noise_1h/run_archive/results/tpsr/seed0/tpsr_s0_g0048.json	4606
stage4_core50_12algs_5seeds_4noise_1h/run_archive/results/tpsr/seed0/tpsr_s0_g0049.json	4849
stage4_core50_12algs_5seeds_4noise_1h/run_archive/results/tpsr/seed0/tpsr_s0_g0050.json	6155
stage4_core50_12algs_5seeds_4noise_1h/run_archive/results/tpsr/seed1/tpsr_s1_g0001.json	7919
stage4_core50_12algs_5seeds_4noise_1h/run_archive/results/tpsr/seed1/tpsr_s1_g0002.json	4537
stage4_core50_12algs_5seeds_4noise_1h/run_archive/results/tpsr/seed1/tpsr_s1_g0003.json	5183
stage4_core50_12algs_5seeds_4noise_1h/run_archive/results/tpsr/seed1/tpsr_s1_g0004.json	4725
stage4_core50_12algs_5seeds_4noise_1h/run_archive/results/tpsr/seed1/tpsr_s1_g0005.json	5023
stage4_core50_12algs_5seeds_4noise_1h/run_archive/results/tpsr/seed1/tpsr_s1_g0006.json	4204
stage4_core50_12algs_5seeds_4noise_1h/run_archive/results/tpsr/seed1/tpsr_s1_g0007.json	4443
stage4_core50_12algs_5seeds_4noise_1h/run_archive/results/tpsr/seed1/tpsr_s1_g0008.json	4399
stage4_core50_12algs_5seeds_4noise_1h/run_archive/results/tpsr/seed1/tpsr_s1_g0009.json	4548
stage4_core50_12algs_5seeds_4noise_1h/run_archive/results/tpsr/seed1/tpsr_s1_g0010.json	4949
stage4_core50_12algs_5seeds_4noise_1h/run_archive/results/tpsr/seed1/tpsr_s1_g0011.json	6028
stage4_core50_12algs_5seeds_4noise_1h/run_archive/results/tpsr/seed1/tpsr_s1_g0012.json	5028
stage4_core50_12algs_5seeds_4noise_1h/run_archive/results/tpsr/seed1/tpsr_s1_g0013.json	5357
stage4_core50_12algs_5seeds_4noise_1h/run_archive/results/tpsr/seed1/tpsr_s1_g0014.json	5201
stage4_core50_12algs_5seeds_4noise_1h/run_archive/results/tpsr/seed1/tpsr_s1_g0015.json	4814
stage4_core50_12algs_5seeds_4noise_1h/run_archive/results/tpsr/seed1/tpsr_s1_g0016.json	5424
stage4_core50_12algs_5seeds_4noise_1h/run_archive/results/tpsr/seed1/tpsr_s1_g0017.json	4735
stage4_core50_12algs_5seeds_4noise_1h/run_archive/results/tpsr/seed1/tpsr_s1_g0018.json	5587
stage4_core50_12algs_5seeds_4noise_1h/run_archive/results/tpsr/seed1/tpsr_s1_g0019.json	7042
stage4_core50_12algs_5seeds_4noise_1h/run_archive/results/tpsr/seed1/tpsr_s1_g0020.json	4913
stage4_core50_12algs_5seeds_4noise_1h/run_archive/results/tpsr/seed1/tpsr_s1_g0021.json	4324
stage4_core50_12algs_5seeds_4noise_1h/run_archive/results/tpsr/seed1/tpsr_s1_g0022.json	5206
stage4_core50_12algs_5seeds_4noise_1h/run_archive/results/tpsr/seed1/tpsr_s1_g0023.json	6026
stage4_core50_12algs_5seeds_4noise_1h/run_archive/results/tpsr/seed1/tpsr_s1_g0024.json	5155
stage4_core50_12algs_5seeds_4noise_1h/run_archive/results/tpsr/seed1/tpsr_s1_g0025.json	4850
stage4_core50_12algs_5seeds_4noise_1h/run_archive/results/tpsr/seed1/tpsr_s1_g0026.json	5720
stage4_core50_12algs_5seeds_4noise_1h/run_archive/results/tpsr/seed1/tpsr_s1_g0027.json	4136
stage4_core50_12algs_5seeds_4noise_1h/run_archive/results/tpsr/seed1/tpsr_s1_g0028.json	4782
stage4_core50_12algs_5seeds_4noise_1h/run_archive/results/tpsr/seed1/tpsr_s1_g0029.json	5341
stage4_core50_12algs_5seeds_4noise_1h/run_archive/results/tpsr/seed1/tpsr_s1_g0030.json	5379
stage4_core50_12algs_5seeds_4noise_1h/run_archive/results/tpsr/seed1/tpsr_s1_g0031.json	5982
stage4_core50_12algs_5seeds_4noise_1h/run_archive/results/tpsr/seed1/tpsr_s1_g0032.json	5996
stage4_core50_12algs_5seeds_4noise_1h/run_archive/results/tpsr/seed1/tpsr_s1_g0033.json	5148
stage4_core50_12algs_5seeds_4noise_1h/run_archive/results/tpsr/seed1/tpsr_s1_g0034.json	4462
stage4_core50_12algs_5seeds_4noise_1h/run_archive/results/tpsr/seed1/tpsr_s1_g0035.json	6349
stage4_core50_12algs_5seeds_4noise_1h/run_archive/results/tpsr/seed1/tpsr_s1_g0036.json	4571
stage4_core50_12algs_5seeds_4noise_1h/run_archive/results/tpsr/seed1/tpsr_s1_g0037.json	4204
stage4_core50_12algs_5seeds_4noise_1h/run_archive/results/tpsr/seed1/tpsr_s1_g0038.json	4477
stage4_core50_12algs_5seeds_4noise_1h/run_archive/results/tpsr/seed1/tpsr_s1_g0039.json	5012
stage4_core50_12algs_5seeds_4noise_1h/run_archive/results/tpsr/seed1/tpsr_s1_g0040.json	6419
stage4_core50_12algs_5seeds_4noise_1h/run_archive/results/tpsr/seed1/tpsr_s1_g0041.json	4413
stage4_core50_12algs_5seeds_4noise_1h/run_archive/results/tpsr/seed1/tpsr_s1_g0042.json	5358
stage4_core50_12algs_5seeds_4noise_1h/run_archive/results/tpsr/seed1/tpsr_s1_g0043.json	4611
stage4_core50_12algs_5seeds_4noise_1h/run_archive/results/tpsr/seed1/tpsr_s1_g0044.json	5695
stage4_core50_12algs_5seeds_4noise_1h/run_archive/results/tpsr/seed1/tpsr_s1_g0045.json	4552
stage4_core50_12algs_5seeds_4noise_1h/run_archive/results/tpsr/seed1/tpsr_s1_g0046.json	5459
stage4_core50_12algs_5seeds_4noise_1h/run_archive/results/tpsr/seed1/tpsr_s1_g0047.json	4769
stage4_core50_12algs_5seeds_4noise_1h/run_archive/results/tpsr/seed1/tpsr_s1_g0048.json	4427
stage4_core50_12algs_5seeds_4noise_1h/run_archive/results/tpsr/seed1/tpsr_s1_g0049.json	4849
stage4_core50_12algs_5seeds_4noise_1h/run_archive/results/tpsr/seed1/tpsr_s1_g0050.json	5550
stage4_core50_12algs_5seeds_4noise_1h/run_archive/results/tpsr/seed2/tpsr_s2_g0001.json	6590
stage4_core50_12algs_5seeds_4noise_1h/run_archive/results/tpsr/seed2/tpsr_s2_g0002.json	4537
stage4_core50_12algs_5seeds_4noise_1h/run_archive/results/tpsr/seed2/tpsr_s2_g0003.json	5183
stage4_core50_12algs_5seeds_4noise_1h/run_archive/results/tpsr/seed2/tpsr_s2_g0004.json	4725
stage4_core50_12algs_5seeds_4noise_1h/run_archive/results/tpsr/seed2/tpsr_s2_g0005.json	5023
stage4_core50_12algs_5seeds_4noise_1h/run_archive/results/tpsr/seed2/tpsr_s2_g0006.json	4205
stage4_core50_12algs_5seeds_4noise_1h/run_archive/results/tpsr/seed2/tpsr_s2_g0007.json	4443
stage4_core50_12algs_5seeds_4noise_1h/run_archive/results/tpsr/seed2/tpsr_s2_g0008.json	4398
stage4_core50_12algs_5seeds_4noise_1h/run_archive/results/tpsr/seed2/tpsr_s2_g0009.json	4548
stage4_core50_12algs_5seeds_4noise_1h/run_archive/results/tpsr/seed2/tpsr_s2_g0010.json	4949
stage4_core50_12algs_5seeds_4noise_1h/run_archive/results/tpsr/seed2/tpsr_s2_g0011.json	5706
stage4_core50_12algs_5seeds_4noise_1h/run_archive/results/tpsr/seed2/tpsr_s2_g0012.json	5239
stage4_core50_12algs_5seeds_4noise_1h/run_archive/results/tpsr/seed2/tpsr_s2_g0013.json	5838
stage4_core50_12algs_5seeds_4noise_1h/run_archive/results/tpsr/seed2/tpsr_s2_g0014.json	5201
stage4_core50_12algs_5seeds_4noise_1h/run_archive/results/tpsr/seed2/tpsr_s2_g0015.json	4814
stage4_core50_12algs_5seeds_4noise_1h/run_archive/results/tpsr/seed2/tpsr_s2_g0016.json	5487
stage4_core50_12algs_5seeds_4noise_1h/run_archive/results/tpsr/seed2/tpsr_s2_g0017.json	5110
stage4_core50_12algs_5seeds_4noise_1h/run_archive/results/tpsr/seed2/tpsr_s2_g0018.json	5621
stage4_core50_12algs_5seeds_4noise_1h/run_archive/results/tpsr/seed2/tpsr_s2_g0019.json	7325
stage4_core50_12algs_5seeds_4noise_1h/run_archive/results/tpsr/seed2/tpsr_s2_g0020.json	4912
stage4_core50_12algs_5seeds_4noise_1h/run_archive/results/tpsr/seed2/tpsr_s2_g0021.json	4199
stage4_core50_12algs_5seeds_4noise_1h/run_archive/results/tpsr/seed2/tpsr_s2_g0022.json	5206
stage4_core50_12algs_5seeds_4noise_1h/run_archive/results/tpsr/seed2/tpsr_s2_g0023.json	5314
stage4_core50_12algs_5seeds_4noise_1h/run_archive/results/tpsr/seed2/tpsr_s2_g0024.json	5155
stage4_core50_12algs_5seeds_4noise_1h/run_archive/results/tpsr/seed2/tpsr_s2_g0025.json	4718
stage4_core50_12algs_5seeds_4noise_1h/run_archive/results/tpsr/seed2/tpsr_s2_g0026.json	5721
stage4_core50_12algs_5seeds_4noise_1h/run_archive/results/tpsr/seed2/tpsr_s2_g0027.json	5986
stage4_core50_12algs_5seeds_4noise_1h/run_archive/results/tpsr/seed2/tpsr_s2_g0028.json	4783
stage4_core50_12algs_5seeds_4noise_1h/run_archive/results/tpsr/seed2/tpsr_s2_g0029.json	5341
stage4_core50_12algs_5seeds_4noise_1h/run_archive/results/tpsr/seed2/tpsr_s2_g0030.json	5246
stage4_core50_12algs_5seeds_4noise_1h/run_archive/results/tpsr/seed2/tpsr_s2_g0031.json	4126
stage4_core50_12algs_5seeds_4noise_1h/run_archive/results/tpsr/seed2/tpsr_s2_g0032.json	7007
stage4_core50_12algs_5seeds_4noise_1h/run_archive/results/tpsr/seed2/tpsr_s2_g0033.json	5053
stage4_core50_12algs_5seeds_4noise_1h/run_archive/results/tpsr/seed2/tpsr_s2_g0034.json	4462
stage4_core50_12algs_5seeds_4noise_1h/run_archive/results/tpsr/seed2/tpsr_s2_g0035.json	6349
stage4_core50_12algs_5seeds_4noise_1h/run_archive/results/tpsr/seed2/tpsr_s2_g0036.json	4797
stage4_core50_12algs_5seeds_4noise_1h/run_archive/results/tpsr/seed2/tpsr_s2_g0037.json	4204
stage4_core50_12algs_5seeds_4noise_1h/run_archive/results/tpsr/seed2/tpsr_s2_g0038.json	4478
stage4_core50_12algs_5seeds_4noise_1h/run_archive/results/tpsr/seed2/tpsr_s2_g0039.json	5012
stage4_core50_12algs_5seeds_4noise_1h/run_archive/results/tpsr/seed2/tpsr_s2_g0040.json	6063
stage4_core50_12algs_5seeds_4noise_1h/run_archive/results/tpsr/seed2/tpsr_s2_g0041.json	4413
stage4_core50_12algs_5seeds_4noise_1h/run_archive/results/tpsr/seed2/tpsr_s2_g0042.json	4849
stage4_core50_12algs_5seeds_4noise_1h/run_archive/results/tpsr/seed2/tpsr_s2_g0043.json	4611
stage4_core50_12algs_5seeds_4noise_1h/run_archive/results/tpsr/seed2/tpsr_s2_g0044.json	5782
stage4_core50_12algs_5seeds_4noise_1h/run_archive/results/tpsr/seed2/tpsr_s2_g0045.json	4558
stage4_core50_12algs_5seeds_4noise_1h/run_archive/results/tpsr/seed2/tpsr_s2_g0046.json	5624
stage4_core50_12algs_5seeds_4noise_1h/run_archive/results/tpsr/seed2/tpsr_s2_g0047.json	5205
stage4_core50_12algs_5seeds_4noise_1h/run_archive/results/tpsr/seed2/tpsr_s2_g0048.json	4654
stage4_core50_12algs_5seeds_4noise_1h/run_archive/results/tpsr/seed2/tpsr_s2_g0049.json	4849
stage4_core50_12algs_5seeds_4noise_1h/run_archive/results/tpsr/seed2/tpsr_s2_g0050.json	5745
stage4_core50_12algs_5seeds_4noise_1h/run_archive/results/tpsr/seed3/tpsr_s3_g0001.json	4912
stage4_core50_12algs_5seeds_4noise_1h/run_archive/results/tpsr/seed3/tpsr_s3_g0002.json	4537
stage4_core50_12algs_5seeds_4noise_1h/run_archive/results/tpsr/seed3/tpsr_s3_g0003.json	5183
stage4_core50_12algs_5seeds_4noise_1h/run_archive/results/tpsr/seed3/tpsr_s3_g0004.json	4725
stage4_core50_12algs_5seeds_4noise_1h/run_archive/results/tpsr/seed3/tpsr_s3_g0005.json	5023
stage4_core50_12algs_5seeds_4noise_1h/run_archive/results/tpsr/seed3/tpsr_s3_g0006.json	4206
stage4_core50_12algs_5seeds_4noise_1h/run_archive/results/tpsr/seed3/tpsr_s3_g0007.json	4448
stage4_core50_12algs_5seeds_4noise_1h/run_archive/results/tpsr/seed3/tpsr_s3_g0008.json	4399
stage4_core50_12algs_5seeds_4noise_1h/run_archive/results/tpsr/seed3/tpsr_s3_g0009.json	4548
stage4_core50_12algs_5seeds_4noise_1h/run_archive/results/tpsr/seed3/tpsr_s3_g0010.json	4949
stage4_core50_12algs_5seeds_4noise_1h/run_archive/results/tpsr/seed3/tpsr_s3_g0011.json	4408
stage4_core50_12algs_5seeds_4noise_1h/run_archive/results/tpsr/seed3/tpsr_s3_g0012.json	5028
stage4_core50_12algs_5seeds_4noise_1h/run_archive/results/tpsr/seed3/tpsr_s3_g0013.json	5599
stage4_core50_12algs_5seeds_4noise_1h/run_archive/results/tpsr/seed3/tpsr_s3_g0014.json	5201
stage4_core50_12algs_5seeds_4noise_1h/run_archive/results/tpsr/seed3/tpsr_s3_g0015.json	4815
stage4_core50_12algs_5seeds_4noise_1h/run_archive/results/tpsr/seed3/tpsr_s3_g0016.json	5405
stage4_core50_12algs_5seeds_4noise_1h/run_archive/results/tpsr/seed3/tpsr_s3_g0017.json	5110
stage4_core50_12algs_5seeds_4noise_1h/run_archive/results/tpsr/seed3/tpsr_s3_g0018.json	5598
stage4_core50_12algs_5seeds_4noise_1h/run_archive/results/tpsr/seed3/tpsr_s3_g0019.json	5359
stage4_core50_12algs_5seeds_4noise_1h/run_archive/results/tpsr/seed3/tpsr_s3_g0020.json	4912
stage4_core50_12algs_5seeds_4noise_1h/run_archive/results/tpsr/seed3/tpsr_s3_g0021.json	4199
stage4_core50_12algs_5seeds_4noise_1h/run_archive/results/tpsr/seed3/tpsr_s3_g0022.json	5206
stage4_core50_12algs_5seeds_4noise_1h/run_archive/results/tpsr/seed3/tpsr_s3_g0023.json	7340
stage4_core50_12algs_5seeds_4noise_1h/run_archive/results/tpsr/seed3/tpsr_s3_g0024.json	5154
stage4_core50_12algs_5seeds_4noise_1h/run_archive/results/tpsr/seed3/tpsr_s3_g0025.json	4718
stage4_core50_12algs_5seeds_4noise_1h/run_archive/results/tpsr/seed3/tpsr_s3_g0026.json	5720
stage4_core50_12algs_5seeds_4noise_1h/run_archive/results/tpsr/seed3/tpsr_s3_g0027.json	4136
stage4_core50_12algs_5seeds_4noise_1h/run_archive/results/tpsr/seed3/tpsr_s3_g0028.json	4783
stage4_core50_12algs_5seeds_4noise_1h/run_archive/results/tpsr/seed3/tpsr_s3_g0029.json	5341
stage4_core50_12algs_5seeds_4noise_1h/run_archive/results/tpsr/seed3/tpsr_s3_g0030.json	4999
stage4_core50_12algs_5seeds_4noise_1h/run_archive/results/tpsr/seed3/tpsr_s3_g0031.json	4526
stage4_core50_12algs_5seeds_4noise_1h/run_archive/results/tpsr/seed3/tpsr_s3_g0032.json	5732
stage4_core50_12algs_5seeds_4noise_1h/run_archive/results/tpsr/seed3/tpsr_s3_g0033.json	5731
stage4_core50_12algs_5seeds_4noise_1h/run_archive/results/tpsr/seed3/tpsr_s3_g0034.json	4462
stage4_core50_12algs_5seeds_4noise_1h/run_archive/results/tpsr/seed3/tpsr_s3_g0035.json	6349
stage4_core50_12algs_5seeds_4noise_1h/run_archive/results/tpsr/seed3/tpsr_s3_g0036.json	4571
stage4_core50_12algs_5seeds_4noise_1h/run_archive/results/tpsr/seed3/tpsr_s3_g0037.json	4204
stage4_core50_12algs_5seeds_4noise_1h/run_archive/results/tpsr/seed3/tpsr_s3_g0038.json	4477
stage4_core50_12algs_5seeds_4noise_1h/run_archive/results/tpsr/seed3/tpsr_s3_g0039.json	5012
stage4_core50_12algs_5seeds_4noise_1h/run_archive/results/tpsr/seed3/tpsr_s3_g0040.json	6541
stage4_core50_12algs_5seeds_4noise_1h/run_archive/results/tpsr/seed3/tpsr_s3_g0041.json	4425
stage4_core50_12algs_5seeds_4noise_1h/run_archive/results/tpsr/seed3/tpsr_s3_g0042.json	5548
stage4_core50_12algs_5seeds_4noise_1h/run_archive/results/tpsr/seed3/tpsr_s3_g0043.json	5438
stage4_core50_12algs_5seeds_4noise_1h/run_archive/results/tpsr/seed3/tpsr_s3_g0044.json	5756
stage4_core50_12algs_5seeds_4noise_1h/run_archive/results/tpsr/seed3/tpsr_s3_g0045.json	4559
stage4_core50_12algs_5seeds_4noise_1h/run_archive/results/tpsr/seed3/tpsr_s3_g0046.json	5230
stage4_core50_12algs_5seeds_4noise_1h/run_archive/results/tpsr/seed3/tpsr_s3_g0047.json	4438
stage4_core50_12algs_5seeds_4noise_1h/run_archive/results/tpsr/seed3/tpsr_s3_g0048.json	4506
stage4_core50_12algs_5seeds_4noise_1h/run_archive/results/tpsr/seed3/tpsr_s3_g0049.json	4849
stage4_core50_12algs_5seeds_4noise_1h/run_archive/results/tpsr/seed3/tpsr_s3_g0050.json	4430
stage4_core50_12algs_5seeds_4noise_1h/run_archive/results/tpsr/seed4/tpsr_s4_g0001.json	6285
stage4_core50_12algs_5seeds_4noise_1h/run_archive/results/tpsr/seed4/tpsr_s4_g0002.json	4537
stage4_core50_12algs_5seeds_4noise_1h/run_archive/results/tpsr/seed4/tpsr_s4_g0003.json	5182
stage4_core50_12algs_5seeds_4noise_1h/run_archive/results/tpsr/seed4/tpsr_s4_g0004.json	4725
stage4_core50_12algs_5seeds_4noise_1h/run_archive/results/tpsr/seed4/tpsr_s4_g0005.json	5022
stage4_core50_12algs_5seeds_4noise_1h/run_archive/results/tpsr/seed4/tpsr_s4_g0006.json	4206
stage4_core50_12algs_5seeds_4noise_1h/run_archive/results/tpsr/seed4/tpsr_s4_g0007.json	4444
stage4_core50_12algs_5seeds_4noise_1h/run_archive/results/tpsr/seed4/tpsr_s4_g0008.json	4399
stage4_core50_12algs_5seeds_4noise_1h/run_archive/results/tpsr/seed4/tpsr_s4_g0009.json	4548
stage4_core50_12algs_5seeds_4noise_1h/run_archive/results/tpsr/seed4/tpsr_s4_g0010.json	4949
stage4_core50_12algs_5seeds_4noise_1h/run_archive/results/tpsr/seed4/tpsr_s4_g0011.json	4410
stage4_core50_12algs_5seeds_4noise_1h/run_archive/results/tpsr/seed4/tpsr_s4_g0012.json	5006
stage4_core50_12algs_5seeds_4noise_1h/run_archive/results/tpsr/seed4/tpsr_s4_g0013.json	5357
stage4_core50_12algs_5seeds_4noise_1h/run_archive/results/tpsr/seed4/tpsr_s4_g0014.json	5201
stage4_core50_12algs_5seeds_4noise_1h/run_archive/results/tpsr/seed4/tpsr_s4_g0015.json	4993
stage4_core50_12algs_5seeds_4noise_1h/run_archive/results/tpsr/seed4/tpsr_s4_g0016.json	5409
stage4_core50_12algs_5seeds_4noise_1h/run_archive/results/tpsr/seed4/tpsr_s4_g0017.json	5110
stage4_core50_12algs_5seeds_4noise_1h/run_archive/results/tpsr/seed4/tpsr_s4_g0018.json	5466
stage4_core50_12algs_5seeds_4noise_1h/run_archive/results/tpsr/seed4/tpsr_s4_g0019.json	6479
stage4_core50_12algs_5seeds_4noise_1h/run_archive/results/tpsr/seed4/tpsr_s4_g0020.json	4912
stage4_core50_12algs_5seeds_4noise_1h/run_archive/results/tpsr/seed4/tpsr_s4_g0021.json	4199
stage4_core50_12algs_5seeds_4noise_1h/run_archive/results/tpsr/seed4/tpsr_s4_g0022.json	5719
stage4_core50_12algs_5seeds_4noise_1h/run_archive/results/tpsr/seed4/tpsr_s4_g0023.json	6096
stage4_core50_12algs_5seeds_4noise_1h/run_archive/results/tpsr/seed4/tpsr_s4_g0024.json	5154
stage4_core50_12algs_5seeds_4noise_1h/run_archive/results/tpsr/seed4/tpsr_s4_g0025.json	4718
stage4_core50_12algs_5seeds_4noise_1h/run_archive/results/tpsr/seed4/tpsr_s4_g0026.json	5721
stage4_core50_12algs_5seeds_4noise_1h/run_archive/results/tpsr/seed4/tpsr_s4_g0027.json	4396
stage4_core50_12algs_5seeds_4noise_1h/run_archive/results/tpsr/seed4/tpsr_s4_g0028.json	4783
stage4_core50_12algs_5seeds_4noise_1h/run_archive/results/tpsr/seed4/tpsr_s4_g0029.json	5342
stage4_core50_12algs_5seeds_4noise_1h/run_archive/results/tpsr/seed4/tpsr_s4_g0030.json	4448
stage4_core50_12algs_5seeds_4noise_1h/run_archive/results/tpsr/seed4/tpsr_s4_g0031.json	5899
stage4_core50_12algs_5seeds_4noise_1h/run_archive/results/tpsr/seed4/tpsr_s4_g0032.json	5812
stage4_core50_12algs_5seeds_4noise_1h/run_archive/results/tpsr/seed4/tpsr_s4_g0033.json	5731
stage4_core50_12algs_5seeds_4noise_1h/run_archive/results/tpsr/seed4/tpsr_s4_g0034.json	4778
stage4_core50_12algs_5seeds_4noise_1h/run_archive/results/tpsr/seed4/tpsr_s4_g0035.json	6349
stage4_core50_12algs_5seeds_4noise_1h/run_archive/results/tpsr/seed4/tpsr_s4_g0036.json	4595
stage4_core50_12algs_5seeds_4noise_1h/run_archive/results/tpsr/seed4/tpsr_s4_g0037.json	4203
stage4_core50_12algs_5seeds_4noise_1h/run_archive/results/tpsr/seed4/tpsr_s4_g0038.json	4478
stage4_core50_12algs_5seeds_4noise_1h/run_archive/results/tpsr/seed4/tpsr_s4_g0039.json	4913
stage4_core50_12algs_5seeds_4noise_1h/run_archive/results/tpsr/seed4/tpsr_s4_g0040.json	6024
stage4_core50_12algs_5seeds_4noise_1h/run_archive/results/tpsr/seed4/tpsr_s4_g0041.json	4414
stage4_core50_12algs_5seeds_4noise_1h/run_archive/results/tpsr/seed4/tpsr_s4_g0042.json	6032
stage4_core50_12algs_5seeds_4noise_1h/run_archive/results/tpsr/seed4/tpsr_s4_g0043.json	4611
stage4_core50_12algs_5seeds_4noise_1h/run_archive/results/tpsr/seed4/tpsr_s4_g0044.json	5782
stage4_core50_12algs_5seeds_4noise_1h/run_archive/results/tpsr/seed4/tpsr_s4_g0045.json	4517
stage4_core50_12algs_5seeds_4noise_1h/run_archive/results/tpsr/seed4/tpsr_s4_g0046.json	5624
stage4_core50_12algs_5seeds_4noise_1h/run_archive/results/tpsr/seed4/tpsr_s4_g0047.json	5673
stage4_core50_12algs_5seeds_4noise_1h/run_archive/results/tpsr/seed4/tpsr_s4_g0048.json	5358
stage4_core50_12algs_5seeds_4noise_1h/run_archive/results/tpsr/seed4/tpsr_s4_g0049.json	4848
stage4_core50_12algs_5seeds_4noise_1h/run_archive/results/tpsr/seed4/tpsr_s4_g0050.json	5664
stage4_core50_12algs_5seeds_4noise_1h/run_archive/results/udsr/seed0/udsr_s0_g0001.json	6873
stage4_core50_12algs_5seeds_4noise_1h/run_archive/results/udsr/seed0/udsr_s0_g0002.json	7108
stage4_core50_12algs_5seeds_4noise_1h/run_archive/results/udsr/seed0/udsr_s0_g0003.json	6905
stage4_core50_12algs_5seeds_4noise_1h/run_archive/results/udsr/seed0/udsr_s0_g0004.json	6280
stage4_core50_12algs_5seeds_4noise_1h/run_archive/results/udsr/seed0/udsr_s0_g0005.json	7424
stage4_core50_12algs_5seeds_4noise_1h/run_archive/results/udsr/seed0/udsr_s0_g0006.json	6528
stage4_core50_12algs_5seeds_4noise_1h/run_archive/results/udsr/seed0/udsr_s0_g0007.json	7299
stage4_core50_12algs_5seeds_4noise_1h/run_archive/results/udsr/seed0/udsr_s0_g0008.json	7532
stage4_core50_12algs_5seeds_4noise_1h/run_archive/results/udsr/seed0/udsr_s0_g0009.json	6407
stage4_core50_12algs_5seeds_4noise_1h/run_archive/results/udsr/seed0/udsr_s0_g0010.json	7400
stage4_core50_12algs_5seeds_4noise_1h/run_archive/results/udsr/seed0/udsr_s0_g0011.json	8411
stage4_core50_12algs_5seeds_4noise_1h/run_archive/results/udsr/seed0/udsr_s0_g0012.json	9058
stage4_core50_12algs_5seeds_4noise_1h/run_archive/results/udsr/seed0/udsr_s0_g0013.json	7555
stage4_core50_12algs_5seeds_4noise_1h/run_archive/results/udsr/seed0/udsr_s0_g0014.json	6588
stage4_core50_12algs_5seeds_4noise_1h/run_archive/results/udsr/seed0/udsr_s0_g0015.json	6986
stage4_core50_12algs_5seeds_4noise_1h/run_archive/results/udsr/seed0/udsr_s0_g0016.json	6247
stage4_core50_12algs_5seeds_4noise_1h/run_archive/results/udsr/seed0/udsr_s0_g0017.json	7700
stage4_core50_12algs_5seeds_4noise_1h/run_archive/results/udsr/seed0/udsr_s0_g0018.json	6723
stage4_core50_12algs_5seeds_4noise_1h/run_archive/results/udsr/seed0/udsr_s0_g0019.json	6695
stage4_core50_12algs_5seeds_4noise_1h/run_archive/results/udsr/seed0/udsr_s0_g0020.json	7503
stage4_core50_12algs_5seeds_4noise_1h/run_archive/results/udsr/seed0/udsr_s0_g0021.json	6658
stage4_core50_12algs_5seeds_4noise_1h/run_archive/results/udsr/seed0/udsr_s0_g0022.json	6783
stage4_core50_12algs_5seeds_4noise_1h/run_archive/results/udsr/seed0/udsr_s0_g0023.json	18438
stage4_core50_12algs_5seeds_4noise_1h/run_archive/results/udsr/seed0/udsr_s0_g0024.json	7186
stage4_core50_12algs_5seeds_4noise_1h/run_archive/results/udsr/seed0/udsr_s0_g0025.json	7764
stage4_core50_12algs_5seeds_4noise_1h/run_archive/results/udsr/seed0/udsr_s0_g0026.json	7827
stage4_core50_12algs_5seeds_4noise_1h/run_archive/results/udsr/seed0/udsr_s0_g0027.json	14647
stage4_core50_12algs_5seeds_4noise_1h/run_archive/results/udsr/seed0/udsr_s0_g0028.json	9383
stage4_core50_12algs_5seeds_4noise_1h/run_archive/results/udsr/seed0/udsr_s0_g0029.json	6413
stage4_core50_12algs_5seeds_4noise_1h/run_archive/results/udsr/seed0/udsr_s0_g0030.json	9325
stage4_core50_12algs_5seeds_4noise_1h/run_archive/results/udsr/seed0/udsr_s0_g0031.json	6579
stage4_core50_12algs_5seeds_4noise_1h/run_archive/results/udsr/seed0/udsr_s0_g0032.json	10917
stage4_core50_12algs_5seeds_4noise_1h/run_archive/results/udsr/seed0/udsr_s0_g0033.json	10091
stage4_core50_12algs_5seeds_4noise_1h/run_archive/results/udsr/seed0/udsr_s0_g0034.json	7417
stage4_core50_12algs_5seeds_4noise_1h/run_archive/results/udsr/seed0/udsr_s0_g0035.json	6964
stage4_core50_12algs_5seeds_4noise_1h/run_archive/results/udsr/seed0/udsr_s0_g0036.json	7519
stage4_core50_12algs_5seeds_4noise_1h/run_archive/results/udsr/seed0/udsr_s0_g0037.json	7349
stage4_core50_12algs_5seeds_4noise_1h/run_archive/results/udsr/seed0/udsr_s0_g0038.json	8958
stage4_core50_12algs_5seeds_4noise_1h/run_archive/results/udsr/seed0/udsr_s0_g0039.json	7262
stage4_core50_12algs_5seeds_4noise_1h/run_archive/results/udsr/seed0/udsr_s0_g0040.json	11156
stage4_core50_12algs_5seeds_4noise_1h/run_archive/results/udsr/seed0/udsr_s0_g0041.json	10169
stage4_core50_12algs_5seeds_4noise_1h/run_archive/results/udsr/seed0/udsr_s0_g0042.json	11443
stage4_core50_12algs_5seeds_4noise_1h/run_archive/results/udsr/seed0/udsr_s0_g0043.json	7234
stage4_core50_12algs_5seeds_4noise_1h/run_archive/results/udsr/seed0/udsr_s0_g0044.json	6883
stage4_core50_12algs_5seeds_4noise_1h/run_archive/results/udsr/seed0/udsr_s0_g0045.json	7127
stage4_core50_12algs_5seeds_4noise_1h/run_archive/results/udsr/seed0/udsr_s0_g0046.json	10993
stage4_core50_12algs_5seeds_4noise_1h/run_archive/results/udsr/seed0/udsr_s0_g0047.json	7111
stage4_core50_12algs_5seeds_4noise_1h/run_archive/results/udsr/seed0/udsr_s0_g0048.json	7732
stage4_core50_12algs_5seeds_4noise_1h/run_archive/results/udsr/seed0/udsr_s0_g0049.json	7001
stage4_core50_12algs_5seeds_4noise_1h/run_archive/results/udsr/seed0/udsr_s0_g0050.json	6748
stage4_core50_12algs_5seeds_4noise_1h/run_archive/results/udsr/seed1/udsr_s1_g0001.json	6252
stage4_core50_12algs_5seeds_4noise_1h/run_archive/results/udsr/seed1/udsr_s1_g0002.json	7240
stage4_core50_12algs_5seeds_4noise_1h/run_archive/results/udsr/seed1/udsr_s1_g0003.json	6719
stage4_core50_12algs_5seeds_4noise_1h/run_archive/results/udsr/seed1/udsr_s1_g0004.json	6290
stage4_core50_12algs_5seeds_4noise_1h/run_archive/results/udsr/seed1/udsr_s1_g0005.json	7495
stage4_core50_12algs_5seeds_4noise_1h/run_archive/results/udsr/seed1/udsr_s1_g0006.json	7009
stage4_core50_12algs_5seeds_4noise_1h/run_archive/results/udsr/seed1/udsr_s1_g0007.json	7217
stage4_core50_12algs_5seeds_4noise_1h/run_archive/results/udsr/seed1/udsr_s1_g0008.json	7532
stage4_core50_12algs_5seeds_4noise_1h/run_archive/results/udsr/seed1/udsr_s1_g0009.json	6059
stage4_core50_12algs_5seeds_4noise_1h/run_archive/results/udsr/seed1/udsr_s1_g0010.json	7448
stage4_core50_12algs_5seeds_4noise_1h/run_archive/results/udsr/seed1/udsr_s1_g0011.json	8169
stage4_core50_12algs_5seeds_4noise_1h/run_archive/results/udsr/seed1/udsr_s1_g0012.json	6720
stage4_core50_12algs_5seeds_4noise_1h/run_archive/results/udsr/seed1/udsr_s1_g0013.json	6297
stage4_core50_12algs_5seeds_4noise_1h/run_archive/results/udsr/seed1/udsr_s1_g0014.json	6608
stage4_core50_12algs_5seeds_4noise_1h/run_archive/results/udsr/seed1/udsr_s1_g0015.json	6385
stage4_core50_12algs_5seeds_4noise_1h/run_archive/results/udsr/seed1/udsr_s1_g0016.json	6246
stage4_core50_12algs_5seeds_4noise_1h/run_archive/results/udsr/seed1/udsr_s1_g0017.json	6369
stage4_core50_12algs_5seeds_4noise_1h/run_archive/results/udsr/seed1/udsr_s1_g0018.json	6617
stage4_core50_12algs_5seeds_4noise_1h/run_archive/results/udsr/seed1/udsr_s1_g0019.json	6971
stage4_core50_12algs_5seeds_4noise_1h/run_archive/results/udsr/seed1/udsr_s1_g0020.json	7130
stage4_core50_12algs_5seeds_4noise_1h/run_archive/results/udsr/seed1/udsr_s1_g0021.json	6810
stage4_core50_12algs_5seeds_4noise_1h/run_archive/results/udsr/seed1/udsr_s1_g0022.json	6830
stage4_core50_12algs_5seeds_4noise_1h/run_archive/results/udsr/seed1/udsr_s1_g0023.json	7606
stage4_core50_12algs_5seeds_4noise_1h/run_archive/results/udsr/seed1/udsr_s1_g0024.json	6717
stage4_core50_12algs_5seeds_4noise_1h/run_archive/results/udsr/seed1/udsr_s1_g0025.json	7794
stage4_core50_12algs_5seeds_4noise_1h/run_archive/results/udsr/seed1/udsr_s1_g0026.json	7561
stage4_core50_12algs_5seeds_4noise_1h/run_archive/results/udsr/seed1/udsr_s1_g0027.json	14349
stage4_core50_12algs_5seeds_4noise_1h/run_archive/results/udsr/seed1/udsr_s1_g0028.json	8868
stage4_core50_12algs_5seeds_4noise_1h/run_archive/results/udsr/seed1/udsr_s1_g0029.json	6412
stage4_core50_12algs_5seeds_4noise_1h/run_archive/results/udsr/seed1/udsr_s1_g0030.json	8440
stage4_core50_12algs_5seeds_4noise_1h/run_archive/results/udsr/seed1/udsr_s1_g0031.json	6624
stage4_core50_12algs_5seeds_4noise_1h/run_archive/results/udsr/seed1/udsr_s1_g0032.json	13465
stage4_core50_12algs_5seeds_4noise_1h/run_archive/results/udsr/seed1/udsr_s1_g0033.json	10851
stage4_core50_12algs_5seeds_4noise_1h/run_archive/results/udsr/seed1/udsr_s1_g0034.json	7129
stage4_core50_12algs_5seeds_4noise_1h/run_archive/results/udsr/seed1/udsr_s1_g0035.json	6876
stage4_core50_12algs_5seeds_4noise_1h/run_archive/results/udsr/seed1/udsr_s1_g0036.json	7681
stage4_core50_12algs_5seeds_4noise_1h/run_archive/results/udsr/seed1/udsr_s1_g0037.json	7544
stage4_core50_12algs_5seeds_4noise_1h/run_archive/results/udsr/seed1/udsr_s1_g0038.json	9087
stage4_core50_12algs_5seeds_4noise_1h/run_archive/results/udsr/seed1/udsr_s1_g0039.json	7668
stage4_core50_12algs_5seeds_4noise_1h/run_archive/results/udsr/seed1/udsr_s1_g0040.json	11266
stage4_core50_12algs_5seeds_4noise_1h/run_archive/results/udsr/seed1/udsr_s1_g0041.json	9019
stage4_core50_12algs_5seeds_4noise_1h/run_archive/results/udsr/seed1/udsr_s1_g0042.json	11311
stage4_core50_12algs_5seeds_4noise_1h/run_archive/results/udsr/seed1/udsr_s1_g0043.json	7487
stage4_core50_12algs_5seeds_4noise_1h/run_archive/results/udsr/seed1/udsr_s1_g0044.json	6791
stage4_core50_12algs_5seeds_4noise_1h/run_archive/results/udsr/seed1/udsr_s1_g0045.json	6905
stage4_core50_12algs_5seeds_4noise_1h/run_archive/results/udsr/seed1/udsr_s1_g0046.json	6810
stage4_core50_12algs_5seeds_4noise_1h/run_archive/results/udsr/seed1/udsr_s1_g0047.json	8504
stage4_core50_12algs_5seeds_4noise_1h/run_archive/results/udsr/seed1/udsr_s1_g0048.json	7640
stage4_core50_12algs_5seeds_4noise_1h/run_archive/results/udsr/seed1/udsr_s1_g0049.json	7394
stage4_core50_12algs_5seeds_4noise_1h/run_archive/results/udsr/seed1/udsr_s1_g0050.json	7204
stage4_core50_12algs_5seeds_4noise_1h/run_archive/results/udsr/seed2/udsr_s2_g0001.json	6249
stage4_core50_12algs_5seeds_4noise_1h/run_archive/results/udsr/seed2/udsr_s2_g0002.json	7172
stage4_core50_12algs_5seeds_4noise_1h/run_archive/results/udsr/seed2/udsr_s2_g0003.json	6433
stage4_core50_12algs_5seeds_4noise_1h/run_archive/results/udsr/seed2/udsr_s2_g0004.json	6452
stage4_core50_12algs_5seeds_4noise_1h/run_archive/results/udsr/seed2/udsr_s2_g0005.json	7425
stage4_core50_12algs_5seeds_4noise_1h/run_archive/results/udsr/seed2/udsr_s2_g0006.json	6739
stage4_core50_12algs_5seeds_4noise_1h/run_archive/results/udsr/seed2/udsr_s2_g0007.json	7879
stage4_core50_12algs_5seeds_4noise_1h/run_archive/results/udsr/seed2/udsr_s2_g0008.json	7376
stage4_core50_12algs_5seeds_4noise_1h/run_archive/results/udsr/seed2/udsr_s2_g0009.json	6695
stage4_core50_12algs_5seeds_4noise_1h/run_archive/results/udsr/seed2/udsr_s2_g0010.json	6256
stage4_core50_12algs_5seeds_4noise_1h/run_archive/results/udsr/seed2/udsr_s2_g0011.json	7471
stage4_core50_12algs_5seeds_4noise_1h/run_archive/results/udsr/seed2/udsr_s2_g0012.json	8975
stage4_core50_12algs_5seeds_4noise_1h/run_archive/results/udsr/seed2/udsr_s2_g0013.json	6351
stage4_core50_12algs_5seeds_4noise_1h/run_archive/results/udsr/seed2/udsr_s2_g0014.json	6580
stage4_core50_12algs_5seeds_4noise_1h/run_archive/results/udsr/seed2/udsr_s2_g0015.json	6556
stage4_core50_12algs_5seeds_4noise_1h/run_archive/results/udsr/seed2/udsr_s2_g0016.json	6245
stage4_core50_12algs_5seeds_4noise_1h/run_archive/results/udsr/seed2/udsr_s2_g0017.json	6369
stage4_core50_12algs_5seeds_4noise_1h/run_archive/results/udsr/seed2/udsr_s2_g0018.json	6586
stage4_core50_12algs_5seeds_4noise_1h/run_archive/results/udsr/seed2/udsr_s2_g0019.json	6675
stage4_core50_12algs_5seeds_4noise_1h/run_archive/results/udsr/seed2/udsr_s2_g0020.json	7274
stage4_core50_12algs_5seeds_4noise_1h/run_archive/results/udsr/seed2/udsr_s2_g0021.json	6534
stage4_core50_12algs_5seeds_4noise_1h/run_archive/results/udsr/seed2/udsr_s2_g0022.json	6938
stage4_core50_12algs_5seeds_4noise_1h/run_archive/results/udsr/seed2/udsr_s2_g0023.json	7370
stage4_core50_12algs_5seeds_4noise_1h/run_archive/results/udsr/seed2/udsr_s2_g0024.json	7166
stage4_core50_12algs_5seeds_4noise_1h/run_archive/results/udsr/seed2/udsr_s2_g0025.json	7591
stage4_core50_12algs_5seeds_4noise_1h/run_archive/results/udsr/seed2/udsr_s2_g0026.json	7575
stage4_core50_12algs_5seeds_4noise_1h/run_archive/results/udsr/seed2/udsr_s2_g0027.json	14271
stage4_core50_12algs_5seeds_4noise_1h/run_archive/results/udsr/seed2/udsr_s2_g0028.json	8262
stage4_core50_12algs_5seeds_4noise_1h/run_archive/results/udsr/seed2/udsr_s2_g0029.json	6588
stage4_core50_12algs_5seeds_4noise_1h/run_archive/results/udsr/seed2/udsr_s2_g0030.json	7786
stage4_core50_12algs_5seeds_4noise_1h/run_archive/results/udsr/seed2/udsr_s2_g0031.json	6579
stage4_core50_12algs_5seeds_4noise_1h/run_archive/results/udsr/seed2/udsr_s2_g0032.json	11720
stage4_core50_12algs_5seeds_4noise_1h/run_archive/results/udsr/seed2/udsr_s2_g0033.json	10313
stage4_core50_12algs_5seeds_4noise_1h/run_archive/results/udsr/seed2/udsr_s2_g0034.json	7528
stage4_core50_12algs_5seeds_4noise_1h/run_archive/results/udsr/seed2/udsr_s2_g0035.json	6544
stage4_core50_12algs_5seeds_4noise_1h/run_archive/results/udsr/seed2/udsr_s2_g0036.json	7248
stage4_core50_12algs_5seeds_4noise_1h/run_archive/results/udsr/seed2/udsr_s2_g0037.json	7718
stage4_core50_12algs_5seeds_4noise_1h/run_archive/results/udsr/seed2/udsr_s2_g0038.json	9058
stage4_core50_12algs_5seeds_4noise_1h/run_archive/results/udsr/seed2/udsr_s2_g0039.json	7264
stage4_core50_12algs_5seeds_4noise_1h/run_archive/results/udsr/seed2/udsr_s2_g0040.json	11128
stage4_core50_12algs_5seeds_4noise_1h/run_archive/results/udsr/seed2/udsr_s2_g0041.json	10253
stage4_core50_12algs_5seeds_4noise_1h/run_archive/results/udsr/seed2/udsr_s2_g0042.json	11465
stage4_core50_12algs_5seeds_4noise_1h/run_archive/results/udsr/seed2/udsr_s2_g0043.json	7523
stage4_core50_12algs_5seeds_4noise_1h/run_archive/results/udsr/seed2/udsr_s2_g0044.json	7003
stage4_core50_12algs_5seeds_4noise_1h/run_archive/results/udsr/seed2/udsr_s2_g0045.json	6695
stage4_core50_12algs_5seeds_4noise_1h/run_archive/results/udsr/seed2/udsr_s2_g0046.json	11454
stage4_core50_12algs_5seeds_4noise_1h/run_archive/results/udsr/seed2/udsr_s2_g0047.json	8132
stage4_core50_12algs_5seeds_4noise_1h/run_archive/results/udsr/seed2/udsr_s2_g0048.json	7484
stage4_core50_12algs_5seeds_4noise_1h/run_archive/results/udsr/seed2/udsr_s2_g0049.json	6921
stage4_core50_12algs_5seeds_4noise_1h/run_archive/results/udsr/seed2/udsr_s2_g0050.json	7200
stage4_core50_12algs_5seeds_4noise_1h/run_archive/results/udsr/seed3/udsr_s3_g0001.json	6249
stage4_core50_12algs_5seeds_4noise_1h/run_archive/results/udsr/seed3/udsr_s3_g0002.json	7074
stage4_core50_12algs_5seeds_4noise_1h/run_archive/results/udsr/seed3/udsr_s3_g0003.json	6558
stage4_core50_12algs_5seeds_4noise_1h/run_archive/results/udsr/seed3/udsr_s3_g0004.json	6481
stage4_core50_12algs_5seeds_4noise_1h/run_archive/results/udsr/seed3/udsr_s3_g0005.json	6214
stage4_core50_12algs_5seeds_4noise_1h/run_archive/results/udsr/seed3/udsr_s3_g0006.json	6685
stage4_core50_12algs_5seeds_4noise_1h/run_archive/results/udsr/seed3/udsr_s3_g0007.json	6891
stage4_core50_12algs_5seeds_4noise_1h/run_archive/results/udsr/seed3/udsr_s3_g0008.json	7394
stage4_core50_12algs_5seeds_4noise_1h/run_archive/results/udsr/seed3/udsr_s3_g0009.json	5998
stage4_core50_12algs_5seeds_4noise_1h/run_archive/results/udsr/seed3/udsr_s3_g0010.json	7462
stage4_core50_12algs_5seeds_4noise_1h/run_archive/results/udsr/seed3/udsr_s3_g0011.json	8412
stage4_core50_12algs_5seeds_4noise_1h/run_archive/results/udsr/seed3/udsr_s3_g0012.json	9207
stage4_core50_12algs_5seeds_4noise_1h/run_archive/results/udsr/seed3/udsr_s3_g0013.json	6597
stage4_core50_12algs_5seeds_4noise_1h/run_archive/results/udsr/seed3/udsr_s3_g0014.json	6697
stage4_core50_12algs_5seeds_4noise_1h/run_archive/results/udsr/seed3/udsr_s3_g0015.json	6386
stage4_core50_12algs_5seeds_4noise_1h/run_archive/results/udsr/seed3/udsr_s3_g0016.json	6418
stage4_core50_12algs_5seeds_4noise_1h/run_archive/results/udsr/seed3/udsr_s3_g0017.json	7824
stage4_core50_12algs_5seeds_4noise_1h/run_archive/results/udsr/seed3/udsr_s3_g0018.json	6572
stage4_core50_12algs_5seeds_4noise_1h/run_archive/results/udsr/seed3/udsr_s3_g0019.json	6835
stage4_core50_12algs_5seeds_4noise_1h/run_archive/results/udsr/seed3/udsr_s3_g0020.json	7061
stage4_core50_12algs_5seeds_4noise_1h/run_archive/results/udsr/seed3/udsr_s3_g0021.json	6894
stage4_core50_12algs_5seeds_4noise_1h/run_archive/results/udsr/seed3/udsr_s3_g0022.json	6595
stage4_core50_12algs_5seeds_4noise_1h/run_archive/results/udsr/seed3/udsr_s3_g0023.json	6950
stage4_core50_12algs_5seeds_4noise_1h/run_archive/results/udsr/seed3/udsr_s3_g0024.json	7032
stage4_core50_12algs_5seeds_4noise_1h/run_archive/results/udsr/seed3/udsr_s3_g0025.json	7669
stage4_core50_12algs_5seeds_4noise_1h/run_archive/results/udsr/seed3/udsr_s3_g0026.json	8131
stage4_core50_12algs_5seeds_4noise_1h/run_archive/results/udsr/seed3/udsr_s3_g0027.json	14213
stage4_core50_12algs_5seeds_4noise_1h/run_archive/results/udsr/seed3/udsr_s3_g0028.json	8564
stage4_core50_12algs_5seeds_4noise_1h/run_archive/results/udsr/seed3/udsr_s3_g0029.json	6583
stage4_core50_12algs_5seeds_4noise_1h/run_archive/results/udsr/seed3/udsr_s3_g0030.json	7918
stage4_core50_12algs_5seeds_4noise_1h/run_archive/results/udsr/seed3/udsr_s3_g0031.json	6934
stage4_core50_12algs_5seeds_4noise_1h/run_archive/results/udsr/seed3/udsr_s3_g0032.json	13538
stage4_core50_12algs_5seeds_4noise_1h/run_archive/results/udsr/seed3/udsr_s3_g0033.json	11285
stage4_core50_12algs_5seeds_4noise_1h/run_archive/results/udsr/seed3/udsr_s3_g0034.json	7188
stage4_core50_12algs_5seeds_4noise_1h/run_archive/results/udsr/seed3/udsr_s3_g0035.json	6753
stage4_core50_12algs_5seeds_4noise_1h/run_archive/results/udsr/seed3/udsr_s3_g0036.json	8689
stage4_core50_12algs_5seeds_4noise_1h/run_archive/results/udsr/seed3/udsr_s3_g0037.json	7325
stage4_core50_12algs_5seeds_4noise_1h/run_archive/results/udsr/seed3/udsr_s3_g0038.json	10234
stage4_core50_12algs_5seeds_4noise_1h/run_archive/results/udsr/seed3/udsr_s3_g0039.json	7536
stage4_core50_12algs_5seeds_4noise_1h/run_archive/results/udsr/seed3/udsr_s3_g0040.json	11290
stage4_core50_12algs_5seeds_4noise_1h/run_archive/results/udsr/seed3/udsr_s3_g0041.json	8756
stage4_core50_12algs_5seeds_4noise_1h/run_archive/results/udsr/seed3/udsr_s3_g0042.json	13294
stage4_core50_12algs_5seeds_4noise_1h/run_archive/results/udsr/seed3/udsr_s3_g0043.json	7429
stage4_core50_12algs_5seeds_4noise_1h/run_archive/results/udsr/seed3/udsr_s3_g0044.json	7003
stage4_core50_12algs_5seeds_4noise_1h/run_archive/results/udsr/seed3/udsr_s3_g0045.json	7060
stage4_core50_12algs_5seeds_4noise_1h/run_archive/results/udsr/seed3/udsr_s3_g0046.json	10925
stage4_core50_12algs_5seeds_4noise_1h/run_archive/results/udsr/seed3/udsr_s3_g0047.json	7713
stage4_core50_12algs_5seeds_4noise_1h/run_archive/results/udsr/seed3/udsr_s3_g0048.json	7739
stage4_core50_12algs_5seeds_4noise_1h/run_archive/results/udsr/seed3/udsr_s3_g0049.json	8805
stage4_core50_12algs_5seeds_4noise_1h/run_archive/results/udsr/seed3/udsr_s3_g0050.json	7140
stage4_core50_12algs_5seeds_4noise_1h/run_archive/results/udsr/seed4/udsr_s4_g0001.json	6626
stage4_core50_12algs_5seeds_4noise_1h/run_archive/results/udsr/seed4/udsr_s4_g0002.json	7087
stage4_core50_12algs_5seeds_4noise_1h/run_archive/results/udsr/seed4/udsr_s4_g0003.json	7878
stage4_core50_12algs_5seeds_4noise_1h/run_archive/results/udsr/seed4/udsr_s4_g0004.json	6288
stage4_core50_12algs_5seeds_4noise_1h/run_archive/results/udsr/seed4/udsr_s4_g0005.json	7624
stage4_core50_12algs_5seeds_4noise_1h/run_archive/results/udsr/seed4/udsr_s4_g0006.json	6656
stage4_core50_12algs_5seeds_4noise_1h/run_archive/results/udsr/seed4/udsr_s4_g0007.json	7658
stage4_core50_12algs_5seeds_4noise_1h/run_archive/results/udsr/seed4/udsr_s4_g0008.json	7645
stage4_core50_12algs_5seeds_4noise_1h/run_archive/results/udsr/seed4/udsr_s4_g0009.json	6667
stage4_core50_12algs_5seeds_4noise_1h/run_archive/results/udsr/seed4/udsr_s4_g0010.json	7463
stage4_core50_12algs_5seeds_4noise_1h/run_archive/results/udsr/seed4/udsr_s4_g0011.json	13357
stage4_core50_12algs_5seeds_4noise_1h/run_archive/results/udsr/seed4/udsr_s4_g0012.json	9034
stage4_core50_12algs_5seeds_4noise_1h/run_archive/results/udsr/seed4/udsr_s4_g0013.json	6348
stage4_core50_12algs_5seeds_4noise_1h/run_archive/results/udsr/seed4/udsr_s4_g0014.json	6756
stage4_core50_12algs_5seeds_4noise_1h/run_archive/results/udsr/seed4/udsr_s4_g0015.json	6545
stage4_core50_12algs_5seeds_4noise_1h/run_archive/results/udsr/seed4/udsr_s4_g0016.json	9176
stage4_core50_12algs_5seeds_4noise_1h/run_archive/results/udsr/seed4/udsr_s4_g0017.json	6625
stage4_core50_12algs_5seeds_4noise_1h/run_archive/results/udsr/seed4/udsr_s4_g0018.json	6813
stage4_core50_12algs_5seeds_4noise_1h/run_archive/results/udsr/seed4/udsr_s4_g0019.json	7052
stage4_core50_12algs_5seeds_4noise_1h/run_archive/results/udsr/seed4/udsr_s4_g0020.json	7233
stage4_core50_12algs_5seeds_4noise_1h/run_archive/results/udsr/seed4/udsr_s4_g0021.json	6771
stage4_core50_12algs_5seeds_4noise_1h/run_archive/results/udsr/seed4/udsr_s4_g0022.json	6943
stage4_core50_12algs_5seeds_4noise_1h/run_archive/results/udsr/seed4/udsr_s4_g0023.json	6969
stage4_core50_12algs_5seeds_4noise_1h/run_archive/results/udsr/seed4/udsr_s4_g0024.json	7112
stage4_core50_12algs_5seeds_4noise_1h/run_archive/results/udsr/seed4/udsr_s4_g0025.json	7767
stage4_core50_12algs_5seeds_4noise_1h/run_archive/results/udsr/seed4/udsr_s4_g0026.json	7665
stage4_core50_12algs_5seeds_4noise_1h/run_archive/results/udsr/seed4/udsr_s4_g0027.json	14322
stage4_core50_12algs_5seeds_4noise_1h/run_archive/results/udsr/seed4/udsr_s4_g0028.json	8142
stage4_core50_12algs_5seeds_4noise_1h/run_archive/results/udsr/seed4/udsr_s4_g0029.json	6412
stage4_core50_12algs_5seeds_4noise_1h/run_archive/results/udsr/seed4/udsr_s4_g0030.json	8084
stage4_core50_12algs_5seeds_4noise_1h/run_archive/results/udsr/seed4/udsr_s4_g0031.json	6587
stage4_core50_12algs_5seeds_4noise_1h/run_archive/results/udsr/seed4/udsr_s4_g0032.json	11146
stage4_core50_12algs_5seeds_4noise_1h/run_archive/results/udsr/seed4/udsr_s4_g0033.json	14781
stage4_core50_12algs_5seeds_4noise_1h/run_archive/results/udsr/seed4/udsr_s4_g0034.json	7747
stage4_core50_12algs_5seeds_4noise_1h/run_archive/results/udsr/seed4/udsr_s4_g0035.json	6711
stage4_core50_12algs_5seeds_4noise_1h/run_archive/results/udsr/seed4/udsr_s4_g0036.json	7224
stage4_core50_12algs_5seeds_4noise_1h/run_archive/results/udsr/seed4/udsr_s4_g0037.json	7352
stage4_core50_12algs_5seeds_4noise_1h/run_archive/results/udsr/seed4/udsr_s4_g0038.json	8977
stage4_core50_12algs_5seeds_4noise_1h/run_archive/results/udsr/seed4/udsr_s4_g0039.json	7564
stage4_core50_12algs_5seeds_4noise_1h/run_archive/results/udsr/seed4/udsr_s4_g0040.json	11195
stage4_core50_12algs_5seeds_4noise_1h/run_archive/results/udsr/seed4/udsr_s4_g0041.json	8719
stage4_core50_12algs_5seeds_4noise_1h/run_archive/results/udsr/seed4/udsr_s4_g0042.json	11198
stage4_core50_12algs_5seeds_4noise_1h/run_archive/results/udsr/seed4/udsr_s4_g0043.json	7280
stage4_core50_12algs_5seeds_4noise_1h/run_archive/results/udsr/seed4/udsr_s4_g0044.json	6776
stage4_core50_12algs_5seeds_4noise_1h/run_archive/results/udsr/seed4/udsr_s4_g0045.json	6875
stage4_core50_12algs_5seeds_4noise_1h/run_archive/results/udsr/seed4/udsr_s4_g0046.json	11065
stage4_core50_12algs_5seeds_4noise_1h/run_archive/results/udsr/seed4/udsr_s4_g0047.json	7687
stage4_core50_12algs_5seeds_4noise_1h/run_archive/results/udsr/seed4/udsr_s4_g0048.json	7579
stage4_core50_12algs_5seeds_4noise_1h/run_archive/results/udsr/seed4/udsr_s4_g0049.json	7036
stage4_core50_12algs_5seeds_4noise_1h/run_archive/results/udsr/seed4/udsr_s4_g0050.json	7478
stage4_core50_12algs_5seeds_4noise_1h/run_archive/state/core50_12alg_5seed_all_20260502-065700.latest.json	1168
stage4_core50_12algs_5seeds_4noise_1h/run_archive/state/core50_12alg_5seed_all_20260502-065700.state.json	1477987
stage4_core50_12algs_5seeds_4noise_1h/run_archive/summary.json	1830
stage4_core50_12algs_5seeds_4noise_1h/runtime_params_1h_effective/README.md	1182
stage4_core50_12algs_5seeds_4noise_1h/runtime_params_1h_effective/drsr.json	375
stage4_core50_12algs_5seeds_4noise_1h/runtime_params_1h_effective/dso.json	1157
stage4_core50_12algs_5seeds_4noise_1h/runtime_params_1h_effective/e2esr.json	288
stage4_core50_12algs_5seeds_4noise_1h/runtime_params_1h_effective/gplearn.json	652
stage4_core50_12algs_5seeds_4noise_1h/runtime_params_1h_effective/imcts.json	514
stage4_core50_12algs_5seeds_4noise_1h/runtime_params_1h_effective/llmsr.json	375
stage4_core50_12algs_5seeds_4noise_1h/runtime_params_1h_effective/pyoperon.json	495
stage4_core50_12algs_5seeds_4noise_1h/runtime_params_1h_effective/pysr.json	1207
stage4_core50_12algs_5seeds_4noise_1h/runtime_params_1h_effective/qlattice.json	206
stage4_core50_12algs_5seeds_4noise_1h/runtime_params_1h_effective/ragsr.json	1826
stage4_core50_12algs_5seeds_4noise_1h/runtime_params_1h_effective/runtime_budget_plan.csv	1660
stage4_core50_12algs_5seeds_4noise_1h/runtime_params_1h_effective/tpsr.json	611
stage4_core50_12algs_5seeds_4noise_1h/runtime_params_1h_effective/udsr.json	2184
stage4_core50_12algs_5seeds_4noise_1h/runtime_params_24h_effective/README.md	1022
stage4_core50_12algs_5seeds_4noise_1h/runtime_params_24h_effective/drsr.json	377
stage4_core50_12algs_5seeds_4noise_1h/runtime_params_24h_effective/dso.json	1159
stage4_core50_12algs_5seeds_4noise_1h/runtime_params_24h_effective/e2esr.json	291
stage4_core50_12algs_5seeds_4noise_1h/runtime_params_24h_effective/gplearn.json	654
stage4_core50_12algs_5seeds_4noise_1h/runtime_params_24h_effective/imcts.json	518
stage4_core50_12algs_5seeds_4noise_1h/runtime_params_24h_effective/llmsr.json	377
stage4_core50_12algs_5seeds_4noise_1h/runtime_params_24h_effective/pyoperon.json	499
stage4_core50_12algs_5seeds_4noise_1h/runtime_params_24h_effective/pysr.json	1209
stage4_core50_12algs_5seeds_4noise_1h/runtime_params_24h_effective/qlattice.json	209
stage4_core50_12algs_5seeds_4noise_1h/runtime_params_24h_effective/ragsr.json	1831
stage4_core50_12algs_5seeds_4noise_1h/runtime_params_24h_effective/runtime_budget_plan.csv	964
stage4_core50_12algs_5seeds_4noise_1h/runtime_params_24h_effective/tpsr.json	616
stage4_core50_12algs_5seeds_4noise_1h/runtime_params_24h_effective/udsr.json	2186
stage4_core50_12algs_5seeds_4noise_1h/runtime_params_3h_effective/README.md	651
stage4_core50_12algs_5seeds_4noise_1h/runtime_params_3h_effective/drsr.json	347
stage4_core50_12algs_5seeds_4noise_1h/runtime_params_3h_effective/dso.json	1159
stage4_core50_12algs_5seeds_4noise_1h/runtime_params_3h_effective/e2esr.json	291
stage4_core50_12algs_5seeds_4noise_1h/runtime_params_3h_effective/gplearn.json	654
stage4_core50_12algs_5seeds_4noise_1h/runtime_params_3h_effective/imcts.json	518
stage4_core50_12algs_5seeds_4noise_1h/runtime_params_3h_effective/llmsr.json	347
stage4_core50_12algs_5seeds_4noise_1h/runtime_params_3h_effective/pyoperon.json	499
stage4_core50_12algs_5seeds_4noise_1h/runtime_params_3h_effective/pysr.json	1209
stage4_core50_12algs_5seeds_4noise_1h/runtime_params_3h_effective/qlattice.json	209
stage4_core50_12algs_5seeds_4noise_1h/runtime_params_3h_effective/ragsr.json	1831
stage4_core50_12algs_5seeds_4noise_1h/runtime_params_3h_effective/runtime_budget_plan.csv	940
stage4_core50_12algs_5seeds_4noise_1h/runtime_params_3h_effective/tpsr.json	616
stage4_core50_12algs_5seeds_4noise_1h/runtime_params_3h_effective/udsr.json	2186
stage4_core50_12algs_5seeds_4noise_1h/runtime_params_active.README.md	446
stage4_core50_12algs_5seeds_4noise_1h/runtime_params_active/README.md	1182
stage4_core50_12algs_5seeds_4noise_1h/runtime_params_active/drsr.json	375
stage4_core50_12algs_5seeds_4noise_1h/runtime_params_active/dso.json	1157
stage4_core50_12algs_5seeds_4noise_1h/runtime_params_active/e2esr.json	288
stage4_core50_12algs_5seeds_4noise_1h/runtime_params_active/gplearn.json	652
stage4_core50_12algs_5seeds_4noise_1h/runtime_params_active/imcts.json	514
stage4_core50_12algs_5seeds_4noise_1h/runtime_params_active/llmsr.json	375
stage4_core50_12algs_5seeds_4noise_1h/runtime_params_active/pyoperon.json	495
stage4_core50_12algs_5seeds_4noise_1h/runtime_params_active/pysr.json	1207
stage4_core50_12algs_5seeds_4noise_1h/runtime_params_active/qlattice.json	206
stage4_core50_12algs_5seeds_4noise_1h/runtime_params_active/ragsr.json	1826
stage4_core50_12algs_5seeds_4noise_1h/runtime_params_active/runtime_budget_plan.csv	1660
stage4_core50_12algs_5seeds_4noise_1h/runtime_params_active/tpsr.json	611
stage4_core50_12algs_5seeds_4noise_1h/runtime_params_active/udsr.json	2184
stage4_core50_12algs_5seeds_4noise_1h/runtime_queue_4alg_budgetfix_3seed_20260523-005312/state/core50_4alg_budgetfix_3seed_20260523-005312.state.json	247253
stage4_core50_12algs_5seeds_4noise_1h/runtime_queue_5alg_budgetfix_smoke_20260523/source_g0009_g0029.csv	1114
stage4_core50_12algs_5seeds_4noise_1h/runtime_queue_core50_12alg_5x3h_20260523-215546/BATCH_NAME.txt	34
stage4_core50_12algs_5seeds_4noise_1h/runtime_queue_core50_12alg_5x3h_20260523-215546/CONTROLLER_SESSION.txt	37
stage4_core50_12algs_5seeds_4noise_1h/runtime_queue_core50_12alg_5x3h_20260523-215546/dry_run.json	3395
stage4_core50_12algs_5seeds_4noise_1h/runtime_queue_core50_12alg_5x3h_20260523-215546/peer_sync.log	273
stage4_core50_12algs_5seeds_4noise_1h/runtime_queue_core50_12alg_5x3h_20260523-215546/source_core50_first5.csv	3062
stage4_core50_12algs_5seeds_4noise_1h/runtime_queue_core50_12alg_5x3h_20260523-215546/state/core50_12alg_5x3h_20260523-215546.state.json	25051
stage4_core50_12algs_5seeds_4noise_1h/runtime_queue_tpsr_short4_20260522/source_g0008_g0020.csv	1263
