algorithm,dataset,seed,minute,noise_sigma,id_nmse,ood_nmse,quality,complexity,valid
llmsr,II.6.15b_3_0,3,60,0.0,0.10978628950088433,0.22600245424025284,0.20019066919274175,,True
llmsr,II.6.15b_3_0,3,10,0.0,0.1861906290211617,0.3704562927018069,0.18433232873554906,,True
llmsr,II.6.15b_3_0,3,30,0.0,0.10896908552584215,0.28784297842553214,0.19655503763811105,,True
llmsr,II.6.15b_3_0,3,5,0.0,0.21862963339597088,0.3048179687037097,0.18486608602942434,,True
llmsr,II.6.15b_3_0,3,1,0.0,0.21862963339597088,0.3048179687037097,0.18486608602942434,,True
llmsr,II.6.15b_3_0,3,45,0.0,0.10896908552584215,0.28784297842553214,0.19655503763811105,,True
llmsr,II.6.15b_3_0,3,3,0.0,0.21862963339597088,0.3048179687037097,0.18486608602942434,,True
llmsr,II.6.15b_3_0,3,2,0.0,0.21862963339597088,0.3048179687037097,0.18486608602942434,,True
llmsr,II.6.15b_3_0,3,20,0.0,0.10896908552584215,0.28784297842553214,0.19655503763811105,,True
llmsr,feynman-i.18.16,3,60,0.0,4.946716796501642e-15,2.3891523993325577e-16,1.0,,True
llmsr,feynman-i.18.16,3,10,0.0,0.9782022757380568,1.066385059838048,0.14220204568608547,,True
llmsr,feynman-i.18.16,3,30,0.0,4.946716796501642e-15,2.3891523993325577e-16,1.0,,True
llmsr,feynman-i.18.16,3,5,0.0,1.078219153161527,1.4544587444035608,0.1358782696689146,,True
llmsr,feynman-i.18.16,3,1,0.0,0.9858075881852317,59.111194013397544,0.07980493254540338,,True
llmsr,feynman-i.18.16,3,45,0.0,4.946716796501642e-15,2.3891523993325577e-16,1.0,,True
llmsr,feynman-i.18.16,3,3,0.0,5.285095907978007e+41,2.080222065276666e+46,0.0,,True
llmsr,feynman-i.18.16,3,2,0.0,5.285095907978007e+41,2.080222065276666e+46,0.0,,True
llmsr,feynman-i.18.16,3,20,0.0,4.946716796501642e-15,2.3891523993325577e-16,1.0,,True
llmsr,Nguyen-9,3,60,0.0,6.391737939349151e-05,8.391732159105807e-05,0.4382331937655146,,True
llmsr,Nguyen-9,3,10,0.0,0.00020069678015489876,0.000129800879739156,0.41372078425129444,,True
llmsr,Nguyen-9,3,30,0.0,5.953508105913663e-06,5.239591960879944e-05,0.48235462798572226,,True
llmsr,Nguyen-9,3,5,0.0,0.0003782772617741284,0.0001025117355786814,0.40755057774719294,,True
llmsr,Nguyen-9,3,1,0.0,0.023556874093181624,0.0015841273796709532,0.30100329424998695,,True
llmsr,Nguyen-9,3,45,0.0,6.391737939349151e-05,8.391732159105807e-05,0.4382331937655146,,True
llmsr,Nguyen-9,3,3,0.0,0.00029883076229194266,0.00010451339667263343,0.4109072405302029,,True
llmsr,Nguyen-9,3,2,0.0,0.0003837229442551908,0.00023160310687589562,0.39468706610357335,,True
llmsr,Nguyen-9,3,20,0.0,2.2971256895102346e-05,4.0237620120935106e-05,0.46550653411111814,,True
llmsr,CRK10,3,60,0.0,8.77139900901977e-08,0.0004991991746671609,0.5128091883546939,,True
llmsr,CRK10,3,10,0.0,2.4642448859044263e-06,0.008770778608932056,0.41661707097646805,,True
llmsr,CRK10,3,30,0.0,2.4642448859044263e-06,0.008770778608932056,0.41661707097646805,,True
llmsr,CRK10,3,5,0.0,2.4642448859044263e-06,0.008770778608932056,0.41661707097646805,,True
llmsr,CRK10,3,1,0.0,0.00014823309723749806,5.004679544855573,0.2546313765226461,,True
llmsr,CRK10,3,45,0.0,8.77139900901977e-08,0.0004991991746671609,0.5128091883546939,,True
llmsr,CRK10,3,3,0.0,2.860380520087766e+30,1.523292084538345e+39,0.0,,True
llmsr,CRK10,3,2,0.0,2.860380520087766e+30,1.523292084538345e+39,0.0,,True
llmsr,CRK10,3,20,0.0,2.4642448859044263e-06,0.008770778608932056,0.41661707097646805,,True
llmsr,first_principles_leavitt,3,60,0.0,0.00025731341734769,0.022757030658722907,0.32972935616971927,,True
llmsr,first_principles_leavitt,3,10,0.0,0.0002683156573378372,0.00011394467655391728,0.41123785513408206,,True
llmsr,first_principles_leavitt,3,30,0.0,0.0003445105882218429,0.0021407679929909837,0.3618652793921959,,True
llmsr,first_principles_leavitt,3,5,0.0,0.00027237091987437553,2.8546594969282633e-05,0.4324744624753301,,True
llmsr,first_principles_leavitt,3,1,0.0,0.0001930347067889893,0.0019323853774838166,0.37243824490191757,,True
llmsr,first_principles_leavitt,3,45,0.0,0.0003445105882218429,0.0021407679929909837,0.3618652793921959,,True
llmsr,first_principles_leavitt,3,3,0.0,0.00027179840766639426,0.0002039117819234159,0.40201109900313625,,True
llmsr,first_principles_leavitt,3,2,0.0,0.00027179840766639426,0.0002039117819234159,0.40201109900313625,,True
llmsr,first_principles_leavitt,3,20,0.0,0.00029196780056620753,0.02729347352570612,0.3249502225609506,,True
llmsr,feynman-i.13.12,3,60,0.0,4012.8361358370057,12319.227096676623,0.0,,True
llmsr,feynman-i.13.12,3,10,0.0,4960.807873735202,8318.525925673543,0.0,,True
llmsr,feynman-i.13.12,3,30,0.0,4960.807873735202,8318.525925673543,0.0,,True
llmsr,feynman-i.13.12,3,5,0.0,4960.807873735202,8318.525925673543,0.0,,True
llmsr,feynman-i.13.12,3,1,0.0,5040.383272745185,8451.51615604529,0.0,,True
llmsr,feynman-i.13.12,3,45,0.0,4012.8361358370057,12319.227096676623,0.0,,True
llmsr,feynman-i.13.12,3,3,0.0,5040.383272745185,8451.51615604529,0.0,,True
llmsr,feynman-i.13.12,3,2,0.0,5040.383272745185,8451.51615604529,0.0,,True
llmsr,feynman-i.13.12,3,20,0.0,4960.807873735202,8318.525925673543,0.0,,True
llmsr,CRK11,3,60,0.0,3.754418159776453e-07,0.016345060201040235,0.43614538691657,,True
llmsr,CRK11,3,10,0.0,0.0002524183111335398,1.8609533302831711,0.26171941648153474,,True
llmsr,CRK11,3,30,0.0,0.00014104459029497536,0.8648368948648316,0.2826324770557874,,True
llmsr,CRK11,3,5,0.0,0.0002524183111335398,1.8609533302831711,0.26171941648153474,,True
llmsr,CRK11,3,1,0.0,0.0002524183111335398,1.8609533302831711,0.26171941648153474,,True
llmsr,CRK11,3,45,0.0,5.980973317764383e-07,0.019699464322240925,0.4260276327958688,,True
llmsr,CRK11,3,3,0.0,0.0002524183111335398,1.8609533302831711,0.26171941648153474,,True
llmsr,CRK11,3,2,0.0,0.0002524183111335398,1.8609533302831711,0.26171941648153474,,True
llmsr,CRK11,3,20,0.0,0.00014104459029497536,0.8648368948648316,0.2826324770557874,,True
llmsr,strogatz_barmag1,3,60,0.0,6.05721613023237e-13,8.290091517089382e-13,1.0,,True
llmsr,strogatz_barmag1,3,10,0.0,1.454250099138322e-12,2.4634233483065257e-12,0.9802079230205716,,True
llmsr,strogatz_barmag1,3,30,0.0,6.05721613023237e-13,8.290091517089382e-13,1.0,,True
llmsr,strogatz_barmag1,3,5,0.0,1.978772286615737e-07,1.194349750892686e-06,0.5938025949071029,,True
llmsr,strogatz_barmag1,3,1,0.0,0.009941180989557546,0.03565597165712994,0.26608677655316765,,True
llmsr,strogatz_barmag1,3,45,0.0,6.05721613023237e-13,8.290091517089382e-13,1.0,,True
llmsr,strogatz_barmag1,3,3,0.0,0.009941180989557546,0.03565597165712994,0.26608677655316765,,True
llmsr,strogatz_barmag1,3,2,0.0,0.009941180989557546,0.03565597165712994,0.26608677655316765,,True
llmsr,strogatz_barmag1,3,20,0.0,1.454250099138322e-12,2.4634233483065257e-12,0.9802079230205716,,True
llmsr,MatSci21,3,60,0.0,1.9277235446349043e-11,4.591435704159891e-11,0.8947502407562516,,True
llmsr,MatSci21,3,10,0.0,1.8684887990086683e-10,3.375699106677658e-10,0.8285766347311363,,True
llmsr,MatSci21,3,30,0.0,1.8684887990086683e-10,3.375699106677658e-10,0.8285766347311363,,True
llmsr,MatSci21,3,5,0.0,3.8532264759694015e-06,0.00012432745043585087,0.47570030130564006,,True
llmsr,MatSci21,3,1,0.0,0.001149390910782218,0.0036005571806691826,0.33511294746992837,,True
llmsr,MatSci21,3,45,0.0,1.9277235446349043e-11,4.591435704159891e-11,0.8947502407562516,,True
llmsr,MatSci21,3,3,0.0,1.4304500420496564e-05,0.00042428240786028163,0.43631686715374196,,True
llmsr,MatSci21,3,2,0.0,0.0003707145153902041,0.00240714938201339,0.35890919165572355,,True
llmsr,MatSci21,3,20,0.0,1.8684887990086683e-10,3.375699106677658e-10,0.8285766347311363,,True
llmsr,Keijzer-2,3,60,0.0,0.036492850958806895,0.7528545776671689,0.19861003968411994,,True
llmsr,Keijzer-2,3,10,0.0,0.14325518934125486,16.116543258122807,0.12987920495670002,,True
llmsr,Keijzer-2,3,30,0.0,0.036492850958806895,0.7528545776671689,0.19861003968411994,,True
llmsr,Keijzer-2,3,5,0.0,0.14325518934125486,16.116543258122807,0.12987920495670002,,True
llmsr,Keijzer-2,3,1,0.0,0.6970138798799146,4.571994307282693,0.12488046044954687,,True
llmsr,Keijzer-2,3,45,0.0,0.036492850958806895,0.7528545776671689,0.19861003968411994,,True
llmsr,Keijzer-2,3,3,0.0,0.6846093425548166,3.703835186447872,0.1284251973345475,,True
llmsr,Keijzer-2,3,2,0.0,0.6991542361364051,3.9263395175102107,0.1271942555549787,,True
llmsr,Keijzer-2,3,20,0.0,0.07908313200676992,27.550929665978664,0.13077785289850974,,True
llmsr,Nguyen-12,3,60,0.0,4.18345848542462e-06,,0.0,,False
llmsr,Nguyen-12,3,10,0.0,3.6484825970789965e-05,0.00051472600082509,0.4187968433654269,,True
llmsr,Nguyen-12,3,30,0.0,4.18345848542462e-06,,0.0,,False
llmsr,Nguyen-12,3,5,0.0,3.6484825970789965e-05,0.00051472600082509,0.4187968433654269,,True
llmsr,Nguyen-12,3,1,0.0,0.0020778621807026492,0.042144623438212576,0.2877728958462614,,True
llmsr,Nguyen-12,3,45,0.0,4.18345848542462e-06,,0.0,,False
llmsr,Nguyen-12,3,3,0.0,3.6484825970789965e-05,0.00051472600082509,0.4187968433654269,,True
llmsr,Nguyen-12,3,2,0.0,0.0020778621807026492,0.042144623438212576,0.2877728958462614,,True
llmsr,Nguyen-12,3,20,0.0,3.6484825970789965e-05,0.00051472600082509,0.4187968433654269,,True
llmsr,feynman-ii.34.11,3,60,0.0,0.9976081654889253,0.999737184197236,0.14289836283000756,,True
llmsr,feynman-ii.34.11,3,10,0.0,0.9999468796301499,0.9999040689784118,0.14285945481457385,,True
llmsr,feynman-ii.34.11,3,30,0.0,,,0.0,,False
llmsr,feynman-ii.34.11,3,5,0.0,0.9999468796301499,0.9999040689784118,0.14285945481457385,,True
llmsr,feynman-ii.34.11,3,1,0.0,2.719623418175637e+16,1.7597264711747731e+19,0.0,,True
llmsr,feynman-ii.34.11,3,45,0.0,0.9976081743495133,0.9997371853705935,0.1428983626740416,,True
llmsr,feynman-ii.34.11,3,3,0.0,0.9999999999999961,0.9999999999999998,0.14285714285714296,,True
llmsr,feynman-ii.34.11,3,2,0.0,0.9999999999999961,0.9999999999999998,0.14285714285714296,,True
llmsr,feynman-ii.34.11,3,20,0.0,,,0.0,,False
llmsr,strogatz_predprey2,3,60,0.0,1.6939981447559665e-13,3.515178710457809e-12,0.9805018782393972,,True
llmsr,strogatz_predprey2,3,10,0.0,2.276619856386755e-12,2.2090398371963665e-11,0.9392323547401162,,True
llmsr,strogatz_predprey2,3,30,0.0,1.6939981447559665e-13,3.515178710457809e-12,0.9805018782393972,,True
llmsr,strogatz_predprey2,3,5,0.0,0.010807601114453155,0.39907718470867937,0.2273290640267745,,True
llmsr,strogatz_predprey2,3,1,0.0,0.07295604737992824,0.42088191435211175,0.1968849442550199,,True
llmsr,strogatz_predprey2,3,45,0.0,1.6939981447559665e-13,3.515178710457809e-12,0.9805018782393972,,True
llmsr,strogatz_predprey2,3,3,0.0,0.014917809795818495,0.3327759168334758,0.22514796592238595,,True
llmsr,strogatz_predprey2,3,2,0.0,0.023380236236222197,0.400341480226972,0.21531144694256682,,True
llmsr,strogatz_predprey2,3,20,0.0,2.1735689141559685e-13,7.205275572883881e-13,1.0,,True
llmsr,feynman-iii.7.38,3,60,0.0,1.0000063606177392,1.0000000001611453,0.14285704419848622,,True
llmsr,feynman-iii.7.38,3,10,0.0,1.0000088673202656,1.0000000000749334,0.14285700531986678,,True
llmsr,feynman-iii.7.38,3,30,0.0,1.0000063606177392,1.0000000001611453,0.14285704419848622,,True
llmsr,feynman-iii.7.38,3,5,0.0,1.0,1.0,0.1428571428571429,,True
llmsr,feynman-iii.7.38,3,1,0.0,1.0,1.0,0.1428571428571429,,True
llmsr,feynman-iii.7.38,3,45,0.0,1.0000063606177392,1.0000000001611453,0.14285704419848622,,True
llmsr,feynman-iii.7.38,3,3,0.0,1.0,1.0,0.1428571428571429,,True
llmsr,feynman-iii.7.38,3,2,0.0,1.0,1.0,0.1428571428571429,,True
llmsr,feynman-iii.7.38,3,20,0.0,1.0000088673202656,1.0000000000749334,0.14285700531986678,,True
llmsr,Korns-4,3,60,0.0,2.3256558199748467e-08,7.215095662951045e-08,0.6705433022712997,,True
llmsr,Korns-4,3,10,0.0,0.0011630221153141247,0.001343288408083056,0.350222955710621,,True
llmsr,Korns-4,3,30,0.0,0.0008125132154251822,0.0011869030907711157,0.3577055109204823,,True
llmsr,Korns-4,3,5,0.0,0.0011812836510601758,0.0013278086932776297,0.35016108210491126,,True
llmsr,Korns-4,3,1,0.0,0.001641956142835809,0.0017750530089310332,0.3405509685769571,,True
llmsr,Korns-4,3,45,0.0,2.3256558199748467e-08,7.215095662951045e-08,0.6705433022712997,,True
llmsr,Korns-4,3,3,0.0,0.0018893611221405945,0.0019448015575868173,0.33695749042192624,,True
llmsr,Korns-4,3,2,0.0,0.001641956142835809,0.0017750530089310332,0.3405509685769571,,True
llmsr,Korns-4,3,20,0.0,0.0008125132154251822,0.0011869030907711157,0.3577055109204823,,True
llmsr,feynman_I_27_6,3,60,0.0,0.0022792609995041253,0.04915746102455174,0.28395058918245897,,True
llmsr,feynman_I_27_6,3,10,0.0,0.0027430863246738616,0.0392664015263869,0.28456212220492244,,True
llmsr,feynman_I_27_6,3,30,0.0,0.0022792609995041253,0.04915746102455174,0.28395058918245897,,True
llmsr,feynman_I_27_6,3,5,0.0,0.0027430863246738616,0.0392664015263869,0.28456212220492244,,True
llmsr,feynman_I_27_6,3,1,0.0,0.021049417258008796,0.1451463275371152,0.2326769239642536,,True
llmsr,feynman_I_27_6,3,45,0.0,0.0022792609995041253,0.04915746102455174,0.28395058918245897,,True
llmsr,feynman_I_27_6,3,3,0.0,0.015802072272044294,0.043304532385018545,0.2558840215332605,,True
llmsr,feynman_I_27_6,3,2,0.0,0.015802072272044294,0.043304532385018545,0.2558840215332605,,True
llmsr,feynman_I_27_6,3,20,0.0,0.0024078927566745984,0.03508922356045097,0.28832818218794476,,True
llmsr,feynman-ii.4.23,3,10,0.0,0.09296763863816768,0.28116668834227077,0.19938229765068638,,True
llmsr,feynman-ii.4.23,3,30,0.0,3.5134941957936467e-19,3.513544265819698e-19,1.0,,True
llmsr,feynman-ii.4.23,3,5,0.0,0.09296763863816768,0.28116668834227077,0.19938229765068638,,True
llmsr,feynman-ii.4.23,3,1,0.0,0.09296763863816768,0.28116668834227077,0.19938229765068638,,True
llmsr,feynman-ii.4.23,3,45,0.0,3.5134941957936467e-19,3.513544265819698e-19,1.0,,True
llmsr,feynman-ii.4.23,3,3,0.0,0.09296763863816768,0.28116668834227077,0.19938229765068638,,True
llmsr,feynman-ii.4.23,3,2,0.0,0.09296763863816768,0.28116668834227077,0.19938229765068638,,True
llmsr,feynman-ii.4.23,3,20,0.0,7.632653380310974e-15,7.632652651711145e-15,1.0,,True
llmsr,PO19,3,10,0.0,0.004604996032850765,2127.541454643393,0.1548846692716605,,True
llmsr,PO19,3,5,0.0,0.004297650337507276,0.04816825945111592,0.27442885602538475,,True
llmsr,PO19,3,1,0.0,0.006664534749503037,130752.45945387725,0.14915107725877813,,True
llmsr,PO19,3,3,0.0,0.006664534749503037,130752.45945387725,0.14915107725877813,,True
llmsr,PO19,3,2,0.0,0.006664534749503037,130752.45945387725,0.14915107725877813,,True
llmsr,feynman_II_15_4,3,60,0.0,2.5014480601663078e-31,5.908606957084231e-32,1.0,,True
llmsr,feynman_II_15_4,3,10,0.0,2.5014480601663078e-31,5.908606957084231e-32,1.0,,True
llmsr,feynman_II_15_4,3,30,0.0,2.5014480601663078e-31,5.908606957084231e-32,1.0,,True
llmsr,feynman_II_15_4,3,5,0.0,2.5014480601663078e-31,5.908606957084231e-32,1.0,,True
llmsr,feynman_II_15_4,3,1,0.0,2.5014480601663078e-31,5.908606957084231e-32,1.0,,True
llmsr,feynman_II_15_4,3,45,0.0,2.5014480601663078e-31,5.908606957084231e-32,1.0,,True
llmsr,feynman_II_15_4,3,3,0.0,2.5014480601663078e-31,5.908606957084231e-32,1.0,,True
llmsr,feynman_II_15_4,3,2,0.0,2.5014480601663078e-31,5.908606957084231e-32,1.0,,True
llmsr,feynman_II_15_4,3,20,0.0,2.5014480601663078e-31,5.908606957084231e-32,1.0,,True
llmsr,feynman-i.11.19,3,60,0.0,0.3244001025719,0.3290946052509507,0.1775570805017081,,True
llmsr,feynman-i.11.19,3,30,0.0,0.3244001024988277,0.3290946053979195,0.17755708049827518,,True
llmsr,feynman-i.11.19,3,1,0.0,241370.3918938263,11495477.518341752,0.0,,True
llmsr,feynman-i.11.19,3,45,0.0,0.3244001024988277,0.3290946053979195,0.17755708049827518,,True
llmsr,feynman-i.11.19,3,20,0.0,0.3244001024988277,0.3290946053979195,0.17755708049827518,,True
llmsr,BPG9,3,60,0.0,1.4633636971556001e-06,0.0013207896962523255,0.45406478752906876,,True
llmsr,BPG9,3,10,0.0,0.019165382790017775,17.800162793667592,0.15953780456929967,,True
llmsr,BPG9,3,30,0.0,0.0005086813918334794,0.14465515281141442,0.29047215145248084,,True
llmsr,BPG9,3,5,0.0,0.022363999272564175,1.0,0.20180180466213216,,True
llmsr,BPG9,3,45,0.0,0.0005075232658433151,0.14494328086970368,0.29047664130282264,,True
llmsr,BPG9,3,3,0.0,0.05620312929986745,115.59878902675386,0.11607998224783256,,True
llmsr,BPG9,3,2,0.0,0.05620312929986745,115.59878902675386,0.11607998224783256,,True
llmsr,BPG9,3,20,0.0,0.019165382790017775,17.800162793667592,0.15953780456929967,,True
llmsr,feynman-i.29.16,3,10,0.0,0.056427052177410175,0.18641283079898838,0.21350131556074947,,True
llmsr,feynman-i.29.16,3,30,0.0,0.04579019234858468,0.1523711363393116,0.2198687437767084,,True
llmsr,feynman-i.29.16,3,5,0.0,0.060191749456623415,0.29144371534867136,0.20556815496967829,,True
llmsr,feynman-i.29.16,3,1,0.0,0.06507856974400207,0.29104980449903145,0.20437838172788925,,True
llmsr,feynman-i.29.16,3,3,0.0,0.06507856974400207,0.29104980449903145,0.20437838172788925,,True
llmsr,feynman-i.29.16,3,2,0.0,0.06507856974400207,0.29104980449903145,0.20437838172788925,,True
llmsr,feynman-i.29.16,3,20,0.0,0.04575632486547378,0.15225845019296655,0.21989169501186578,,True
llmsr,first_principles_hubble,3,60,0.0,0.10454462202730612,0.10785079384417473,0.21242410561038938,,True
llmsr,first_principles_hubble,3,10,0.0,0.6170522327830193,0.20222395528306458,0.1751373382642381,,True
llmsr,first_principles_hubble,3,30,0.0,0.08480727506090861,0.11531833171982493,0.21463101928314587,,True
llmsr,first_principles_hubble,3,5,0.0,0.023530915424645134,0.12129769427609437,0.23373245112798025,,True
llmsr,first_principles_hubble,3,1,0.0,0.06806390880609041,0.03330678730530457,0.2373053703562109,,True
llmsr,first_principles_hubble,3,45,0.0,0.10454462202730612,0.10785079384417473,0.21242410561038938,,True
llmsr,first_principles_hubble,3,3,0.0,0.023530915424645134,0.12129769427609437,0.23373245112798025,,True
llmsr,first_principles_hubble,3,2,0.0,0.06806390880609041,0.03330678730530457,0.2373053703562109,,True
llmsr,first_principles_hubble,3,20,0.0,0.6170522327830193,0.20222395528306458,0.1751373382642381,,True
llmsr,feynman-i.15.3t,3,60,0.0,3.157873740577522e+73,1.707666263127544e+74,0.0,,True
llmsr,feynman-i.15.3t,3,5,0.0,0.44775142169700105,0.2683949709723383,0.17572102330322814,,True
llmsr,feynman-i.15.3t,3,1,0.0,0.44775142169700105,0.2683949709723383,0.17572102330322814,,True
llmsr,feynman-i.15.3t,3,45,0.0,3.157873740577522e+73,1.707666263127544e+74,0.0,,True
llmsr,feynman-i.15.3t,3,3,0.0,0.44775142169700105,0.2683949709723383,0.17572102330322814,,True
llmsr,feynman-i.15.3t,3,2,0.0,0.44775142169700105,0.2683949709723383,0.17572102330322814,,True
llmsr,feynman_test_15,3,60,0.0,3.637613590736034e-32,6.523775496635737e-33,1.0,,True
llmsr,feynman_test_15,3,10,0.0,0.00035428306455232805,0.00012167188975162555,0.4059092626414094,,True
llmsr,feynman_test_15,3,30,0.0,0.00035428306455418773,0.00012167188988041605,0.40590926262491006,,True
llmsr,feynman_test_15,3,5,0.0,0.0006447770995917166,0.00790451606816849,0.33188268246613084,,True
llmsr,feynman_test_15,3,1,0.0,0.007538721732205252,0.09802553088969398,0.2546915387121158,,True
llmsr,feynman_test_15,3,45,0.0,0.00035428306455418773,0.00012167188988041605,0.40590926262491006,,True
llmsr,feynman_test_15,3,3,0.0,0.0006447770995917166,0.00790451606816849,0.33188268246613084,,True
llmsr,feynman_test_15,3,2,0.0,0.007538721732205252,0.09802553088969398,0.2546915387121158,,True
llmsr,feynman_test_15,3,20,0.0,0.00035428306455232805,0.00012167188975162555,0.4059092626414094,,True
llmsr,BPG5,2,60,0.0,7.573666529940073e-10,9.538058375782013e-05,0.6121869230267474,,True
llmsr,BPG5,2,10,0.0,6.457867603237645e-08,5.340795704638519e-05,0.5522251749019006,,True
llmsr,BPG5,2,30,0.0,7.564393356364801e-10,9.542394016386401e-05,0.6121988767986604,,True
llmsr,BPG5,2,5,0.0,6.457867603237645e-08,5.340795704638519e-05,0.5522251749019006,,True
llmsr,BPG5,2,1,0.0,2.625291344486707e-05,0.9282429354903021,0.30761288716555635,,True
llmsr,BPG5,2,45,0.0,7.573666529940073e-10,9.538058375782013e-05,0.6121869230267474,,True
llmsr,BPG5,2,3,0.0,2.934247496663949e-07,0.0001403427890126065,0.5137611840824601,,True
llmsr,BPG5,2,2,0.0,2.934247496663949e-07,0.0001403427890126065,0.5137611840824601,,True
llmsr,BPG5,2,20,0.0,7.564393356364801e-10,9.542394016386401e-05,0.6121988767986604,,True
llmsr,feynman-ii.34.2a,2,60,0.0,1.0061576686761264,1.0005077702878185,0.14275405330389668,,True
llmsr,feynman-ii.34.2a,2,10,0.0,1.0068505741603104,1.0005139267475498,0.142743279990096,,True
llmsr,feynman-ii.34.2a,2,5,0.0,1.006849212370866,1.0005138619014666,0.1427433019737348,,True
llmsr,feynman-ii.34.2a,2,1,0.0,1.006849225126121,1.0005138621044378,0.1427433017740934,,True
llmsr,feynman-ii.34.2a,2,45,0.0,1.0061576686761264,1.0005077702878185,0.14275405330389668,,True
llmsr,feynman-ii.34.2a,2,3,0.0,1.0,1.0,0.1428571428571429,,True
llmsr,feynman-ii.34.2a,2,2,0.0,1.006849225126121,1.0005138621044378,0.1427433017740934,,True
llmsr,feynman-ii.34.2a,2,20,0.0,1.0067991253117201,1.0005151750396555,0.1427440532273485,,True
llmsr,strogatz_vdp1,2,60,0.0,3.3878631871692884e-13,6.055844272329018e-14,1.0,,True
llmsr,strogatz_vdp1,2,10,0.0,1.604883437039362e-10,3.433584357318286e-11,0.8663860279735676,,True
llmsr,strogatz_vdp1,2,30,0.0,3.3878631871692884e-13,6.055844272329018e-14,1.0,,True
llmsr,strogatz_vdp1,2,5,0.0,0.0983504778532328,0.3063608036812659,0.19717822591063056,,True
llmsr,strogatz_vdp1,2,1,0.0,0.11580309943683134,0.10473002868511591,0.21129316407857685,,True
llmsr,strogatz_vdp1,2,45,0.0,3.3878631871692884e-13,6.055844272329018e-14,1.0,,True
llmsr,strogatz_vdp1,2,3,0.0,0.11580309943683134,0.10473002868511591,0.21129316407857685,,True
llmsr,strogatz_vdp1,2,2,0.0,0.11580309943683134,0.10473002868511591,0.21129316407857685,,True
llmsr,strogatz_vdp1,2,20,0.0,3.3878631871692884e-13,6.055844272329018e-14,1.0,,True
llmsr,II.11.27_1_0,2,60,0.0,0.007931223431599443,0.09129489741111885,0.2550076182300919,,True
llmsr,II.11.27_1_0,2,10,0.0,0.011307530319046626,0.04849834014438006,0.25931804871327563,,True
llmsr,II.11.27_1_0,2,30,0.0,0.00795772036561889,0.09133530702325533,0.25494902260866464,,True
llmsr,II.11.27_1_0,2,5,0.0,0.07551312321596637,,0.0,,False
llmsr,II.11.27_1_0,2,1,0.0,0.989664675507024,1.002933743172726,0.1429728459906478,,True
llmsr,II.11.27_1_0,2,45,0.0,0.007931223431599443,0.09129489741111885,0.2550076182300919,,True
llmsr,II.11.27_1_0,2,3,0.0,0.07551312321596637,,0.0,,False
llmsr,II.11.27_1_0,2,2,0.0,0.07551312321596637,,0.0,,False
llmsr,II.11.27_1_0,2,20,0.0,0.011307530319046626,0.04849834014438006,0.25931804871327563,,True
llmsr,Nguyen-6,2,60,0.0,9.01123896777948e-09,0.004817639946232999,0.5129421840699074,,True
llmsr,Nguyen-6,2,10,0.0,8.153650976527072e-07,0.0026769793332742492,0.45217867372965087,,True
llmsr,Nguyen-6,2,30,0.0,9.01123896777948e-09,0.004817639946232999,0.5129421840699074,,True
llmsr,Nguyen-6,2,5,0.0,1.6050812204653776e-06,0.02681049825333905,0.4059356464783492,,True
llmsr,Nguyen-6,2,1,0.0,0.0011157204078778749,0.10031519735846574,0.28396706754154616,,True
llmsr,Nguyen-6,2,45,0.0,9.01123896777948e-09,0.004817639946232999,0.5129421840699074,,True
llmsr,Nguyen-6,2,3,0.0,1.6050812204653776e-06,0.02681049825333905,0.4059356464783492,,True
llmsr,Nguyen-6,2,2,0.0,0.00018381083876619237,0.16279053900001414,0.3044285615017308,,True
llmsr,Nguyen-6,2,20,0.0,9.01123896777948e-09,0.004817639946232999,0.5129421840699074,,True
llmsr,feynman_I_12_11,2,60,0.0,1.3515208670700864e-31,1.4716479784063392e-32,1.0,,True
llmsr,feynman_I_12_11,2,10,0.0,0.10398399350571264,0.3139196661083447,0.19593624941876808,,True
llmsr,feynman_I_12_11,2,30,0.0,0.041530167363068665,0.16268150401023138,0.22036779070929424,,True
llmsr,feynman_I_12_11,2,5,0.0,0.10469446941157666,0.31117113120602125,0.19596703432437385,,True
llmsr,feynman_I_12_11,2,1,0.0,0.2905418209540064,0.7662751107407161,0.1661573795123455,,True
llmsr,feynman_I_12_11,2,45,0.0,1.3515208670700864e-31,1.4716479784063392e-32,1.0,,True
llmsr,feynman_I_12_11,2,20,0.0,0.10305953627096212,0.3153920089832963,0.19600218323291602,,True
llmsr,Keijzer-11,2,60,0.0,0.6663727957536506,1.1618066924483603,0.14682674525668243,,True
llmsr,Keijzer-11,2,10,0.0,3.7313097745364674,7.453492009421788,0.09127781799937651,,True
llmsr,Keijzer-11,2,30,0.0,0.6663727957536506,1.1618066924483603,0.14682674525668243,,True
llmsr,Keijzer-11,2,5,0.0,0.5760639152276024,0.5461786476756422,0.16079266465752623,,True
llmsr,Keijzer-11,2,1,0.0,0.06595871976705142,0.0314140088294394,0.23870015789158505,,True
llmsr,Keijzer-11,2,45,0.0,0.6663727957536506,1.1618066924483603,0.14682674525668243,,True
llmsr,Keijzer-11,2,3,0.0,0.2802531334451168,0.3081254755665219,0.18084721128715436,,True
llmsr,Keijzer-11,2,2,0.0,0.06595871976705142,0.0314140088294394,0.23870015789158505,,True
llmsr,Keijzer-11,2,20,0.0,0.1552404663790058,0.08079187338848963,0.2107724065218199,,True
llmsr,BPG3,2,60,0.0,2.1304009191948836e-08,5.662052285900812,0.3899487422739479,,True
llmsr,BPG3,2,10,0.0,1.3740932742846343e-06,360133.55945448496,0.2807851352179676,,True
llmsr,BPG3,2,30,0.0,2.1304009191948836e-08,5.662052285900812,0.3899487422739479,,True
llmsr,BPG3,2,5,0.0,19041005.31931324,3.3641643745914383e+18,0.0,,True
llmsr,BPG3,2,1,0.0,0.0073162979782305905,3863820.3465314247,0.14770387910310684,,True
llmsr,BPG3,2,45,0.0,2.1304009191948836e-08,5.662052285900812,0.3899487422739479,,True
llmsr,BPG3,2,3,0.0,19041005.31931324,3.3641643745914383e+18,0.0,,True
llmsr,BPG3,2,2,0.0,335.75034875295574,10928234854909.918,0.0,,True
llmsr,BPG3,2,20,0.0,1.3740932742846343e-06,360133.55945448496,0.2807851352179676,,True
llmsr,feynman-ii.27.18,2,60,0.0,4.4980592257223795e-10,4.4998043621196596e-10,0.8104921856483311,,True
llmsr,feynman-ii.27.18,2,10,0.0,4.4980592257223795e-10,4.4998043621196596e-10,0.8104921856483311,,True
llmsr,feynman-ii.27.18,2,30,0.0,4.4980592257223795e-10,4.4998043621196596e-10,0.8104921856483311,,True
llmsr,feynman-ii.27.18,2,5,0.0,0.9867037575286692,0.9999999996635397,0.14306475778844685,,True
llmsr,feynman-ii.27.18,2,1,0.0,1120952734030.3762,2016522975119.7083,0.0,,True
llmsr,feynman-ii.27.18,2,45,0.0,4.4980592257223795e-10,4.4998043621196596e-10,0.8104921856483311,,True
llmsr,feynman-ii.27.18,2,3,0.0,13417.045162968814,5401.494468733405,0.0,,True
llmsr,feynman-ii.27.18,2,2,0.0,1120952734030.3762,2016522975119.7083,0.0,,True
llmsr,feynman-ii.27.18,2,20,0.0,4.4980592257223795e-10,4.4998043621196596e-10,0.8104921856483311,,True
llmsr,CRK34,2,60,0.0,5.770534347762022e-07,0.014483981476104593,0.4313534288884591,,True
llmsr,CRK34,2,10,0.0,3.2091760461618286e-05,0.003151153972788324,0.3926834583487214,,True
llmsr,CRK34,2,30,0.0,5.518381677449332e-07,0.1842017210520353,0.3926033779045795,,True
llmsr,CRK34,2,5,0.0,3.2091760461618286e-05,0.003151153972788324,0.3926834583487214,,True
llmsr,CRK34,2,1,0.0,4.548331034331217e-05,3.7249428334993864,0.27753672579255084,,True
llmsr,CRK34,2,45,0.0,5.518381677449332e-07,0.1842017210520353,0.3926033779045795,,True
llmsr,CRK34,2,3,0.0,4.548331034331217e-05,3.7249428334993864,0.27753672579255084,,True
llmsr,CRK34,2,2,0.0,4.548331034331217e-05,3.7249428334993864,0.27753672579255084,,True
llmsr,CRK34,2,20,0.0,5.518381677449332e-07,0.1842017210520353,0.3926033779045795,,True
llmsr,I.11.19_4_0,2,60,0.0,0.03407773897241128,0.15576635371053635,0.22410912765189667,,True
llmsr,I.11.19_4_0,2,10,0.0,0.03407773885529753,0.15576635907548925,0.22410912717098308,,True
llmsr,I.11.19_4_0,2,30,0.0,0.03407773885529753,0.15576635907548925,0.22410912717098308,,True
llmsr,I.11.19_4_0,2,5,0.0,0.03407773885529753,0.15576635907548925,0.22410912717098308,,True
llmsr,I.11.19_4_0,2,1,0.0,0.06252011757040743,0.27476702324595387,0.20589341447219361,,True
llmsr,I.11.19_4_0,2,45,0.0,0.03407773885529753,0.15576635907548925,0.22410912717098308,,True
llmsr,I.11.19_4_0,2,3,0.0,0.03577176932546879,0.16523920229315836,0.22244094602669268,,True
llmsr,I.11.19_4_0,2,2,0.0,0.03577176932546879,0.16523920229315836,0.22244094602669268,,True
llmsr,I.11.19_4_0,2,20,0.0,0.03407773885529753,0.15576635907548925,0.22410912717098308,,True
llmsr,PO41,2,60,0.0,0.0008379956002594889,0.2540784655347348,0.2739925144157797,,True
llmsr,PO41,2,10,0.0,0.0014950931187268646,486.2398341716061,0.1723332770492787,,True
llmsr,PO41,2,30,0.0,0.001451825677018775,586.8415174997116,0.1727887688187022,,True
llmsr,PO41,2,5,0.0,0.001631544510655459,2.2358624972200336,0.22992699936194977,,True
llmsr,PO41,2,1,0.0,0.004150241340071783,0.03279070628617011,0.2809348527437727,,True
llmsr,PO41,2,45,0.0,0.0012619680548080696,285.17970097089216,0.17496255852111536,,True
llmsr,PO41,2,3,0.0,0.0016207593653344424,58.59461955025879,0.17937227576571546,,True
llmsr,PO41,2,2,0.0,0.0019328877500000574,39.30415171598534,0.182834104957534,,True
llmsr,PO41,2,20,0.0,0.0014950931187268646,486.2398341716061,0.1723332770492787,,True
llmsr,III.21.20_3_0,2,60,0.0,3.581617952051454e-15,0.7712059844401462,0.5754582003226281,,True
llmsr,III.21.20_3_0,2,10,0.0,0.11361431328549917,1.0048862661143225,0.1765160729089995,,True
llmsr,III.21.20_3_0,2,30,0.0,3.581617952051454e-15,0.7712059844401462,0.5754582003226281,,True
llmsr,III.21.20_3_0,2,5,0.0,0.11361431328549917,1.0048862661143225,0.1765160729089995,,True
llmsr,III.21.20_3_0,2,1,0.0,0.2380325815984272,0.45592086436522106,0.17730264735231344,,True
llmsr,III.21.20_3_0,2,45,0.0,3.581617952051454e-15,0.7712059844401462,0.5754582003226281,,True
llmsr,III.21.20_3_0,2,3,0.0,0.2380325815984272,0.45592086436522106,0.17730264735231344,,True
llmsr,III.21.20_3_0,2,2,0.0,0.2380325815984272,0.45592086436522106,0.17730264735231344,,True
llmsr,III.21.20_3_0,2,20,0.0,0.07493429812701244,1.0111891762462009,0.18287453370996665,,True
llmsr,feynman-iii.10.19,2,60,0.0,957253630.756612,140749604.70591915,0.0,,True
llmsr,feynman-iii.10.19,2,10,0.0,957253630.756612,140749604.70591915,0.0,,True
llmsr,feynman-iii.10.19,2,30,0.0,957253630.756612,140749604.70591915,0.0,,True
llmsr,feynman-iii.10.19,2,5,0.0,957253630.756612,140749604.70591915,0.0,,True
llmsr,feynman-iii.10.19,2,1,0.0,3.397768398139216e+19,3.615138897573139e+17,0.0,,True
llmsr,feynman-iii.10.19,2,45,0.0,957253630.756612,140749604.70591915,0.0,,True
llmsr,feynman-iii.10.19,2,3,0.0,3.397768398139216e+19,3.615138897573139e+17,0.0,,True
llmsr,feynman-iii.10.19,2,2,0.0,3.397768398139216e+19,3.615138897573139e+17,0.0,,True
llmsr,feynman-iii.10.19,2,20,0.0,957253630.756612,140749604.70591915,0.0,,True
llmsr,II.34.2_1_0,2,60,0.0,2.5612508505008464e-15,1.6475076127699503e-18,1.0,,True
llmsr,II.34.2_1_0,2,10,0.0,2.567879862820375e-15,1.0680216428415435e-17,1.0,,True
llmsr,II.34.2_1_0,2,30,0.0,2.567697269970043e-15,1.030677381410877e-17,1.0,,True
llmsr,II.34.2_1_0,2,5,0.0,2.6968350753946225e-15,2.8470307650238575e-17,1.0,,True
llmsr,II.34.2_1_0,2,1,0.0,0.021722101878574627,2.4065628584282326,0.188632176571506,,True
llmsr,II.34.2_1_0,2,45,0.0,2.5661045006141026e-15,3.0534188847414304e-18,1.0,,True
llmsr,II.34.2_1_0,2,3,0.0,0.021722101878574627,2.4065628584282326,0.188632176571506,,True
llmsr,II.34.2_1_0,2,2,0.0,0.021722101878574627,2.4065628584282326,0.188632176571506,,True
llmsr,II.34.2_1_0,2,20,0.0,2.567697269970043e-15,1.030677381410877e-17,1.0,,True
llmsr,feynman-i.43.31,2,60,0.0,0.6527863543282763,0.7967492426616932,0.15299668832862612,,True
llmsr,feynman-i.43.31,2,10,0.0,0.79465420067513,0.9137562437000281,0.14782112353574367,,True
llmsr,feynman-i.43.31,2,30,0.0,0.7992403122149798,0.9311963991693861,0.14743861897396765,,True
llmsr,feynman-i.43.31,2,5,0.0,0.79465420067513,0.9137562437000281,0.14782112353574367,,True
llmsr,feynman-i.43.31,2,1,0.0,0.9961844632409593,0.9997372325421267,0.14292051319201793,,True
llmsr,feynman-i.43.31,2,45,0.0,0.6527863543282763,0.7967492426616932,0.15299668832862612,,True
llmsr,feynman-i.43.31,2,3,0.0,0.8120184100615448,0.9316721095327791,0.14718467963061516,,True
llmsr,feynman-i.43.31,2,2,0.0,0.8120184100615448,0.9316721095327791,0.14718467963061516,,True
llmsr,feynman-i.43.31,2,20,0.0,0.79465420067513,0.9137562437000281,0.14782112353574367,,True
llmsr,feynman-i.39.22,2,60,0.0,,,0.0,,False
llmsr,feynman-i.39.22,2,10,0.0,3.003355539077913e+67,5.3882029741297185e+71,0.0,,True
llmsr,feynman-i.39.22,2,30,0.0,,,0.0,,False
llmsr,feynman-i.39.22,2,5,0.0,3.003355539077913e+67,5.3882029741297185e+71,0.0,,True
llmsr,feynman-i.39.22,2,1,0.0,0.9229620424422841,1.0746928695003048,0.14298327828354723,,True
llmsr,feynman-i.39.22,2,45,0.0,,,0.0,,False
llmsr,feynman-i.39.22,2,3,0.0,0.9229620424422841,1.0746928695003048,0.14298327828354723,,True
llmsr,feynman-i.39.22,2,2,0.0,0.9229620424422841,1.0746928695003048,0.14298327828354723,,True
llmsr,feynman-i.39.22,2,20,0.0,3.003355539077913e+67,5.3882029741297185e+71,0.0,,True
llmsr,strogatz_barmag2,2,60,0.0,3.1818210838857036e-11,2.497358233865892e-10,0.8607086928732519,,True
llmsr,strogatz_barmag2,2,10,0.0,6.751639518237419e-10,1.6198730162631325e-09,0.7843253493740971,,True
llmsr,strogatz_barmag2,2,30,0.0,1.6460734672632503e-10,1.6484412594299515e-10,0.8416599039012213,,True
llmsr,strogatz_barmag2,2,5,0.0,0.04388464889361178,4.019028899173412,0.1697702229608269,,True
llmsr,strogatz_barmag2,2,1,0.0,0.3952888662749986,39.94140160369465,0.10005936132131737,,True
llmsr,strogatz_barmag2,2,45,0.0,3.1818210838857036e-11,2.497358233865892e-10,0.8607086928732519,,True
llmsr,strogatz_barmag2,2,3,0.0,0.04388464889361178,4.019028899173412,0.1697702229608269,,True
llmsr,strogatz_barmag2,2,2,0.0,0.042759181664914984,0.2709525344359064,0.2120027641907304,,True
llmsr,strogatz_barmag2,2,20,0.0,6.751639518237419e-10,1.6198730162631325e-09,0.7843253493740971,,True
llmsr,feynman-i.32.5,2,60,0.0,0.7842218948787357,0.9048210530998816,0.14817851212959565,,True
llmsr,feynman-i.32.5,2,10,0.0,0.9501960442663585,0.9859791115653108,0.14386853812884126,,True
llmsr,feynman-i.32.5,2,30,0.0,0.9500366890849504,0.9860878850195018,0.14386942855033152,,True
llmsr,feynman-i.32.5,2,5,0.0,0.9501960442663585,0.9859791115653108,0.14386853812884126,,True
llmsr,feynman-i.32.5,2,1,0.0,0.9999999999830793,0.9999999999994605,0.1428571428574137,,True
llmsr,feynman-i.32.5,2,45,0.0,0.9500366890849504,0.9860878850195018,0.14386942855033152,,True
llmsr,feynman-i.32.5,2,3,0.0,0.9501960442663585,0.9859791115653108,0.14386853812884126,,True
llmsr,feynman-i.32.5,2,2,0.0,0.9999999999830793,0.9999999999994605,0.1428571428574137,,True
llmsr,feynman-i.32.5,2,20,0.0,0.9501960442297365,0.9859791115653245,0.14386853812943878,,True
llmsr,Vladislavleva-4,2,60,0.0,0.02170107122242603,0.028018630610863553,0.25771685435846786,,True
llmsr,Vladislavleva-4,2,10,0.0,0.045353525442174136,0.05443096691793236,0.2359836749735894,,True
llmsr,Vladislavleva-4,2,30,0.0,0.026380126346017357,0.03747530210844102,0.25017778521939915,,True
llmsr,Vladislavleva-4,2,5,0.0,0.07137980123571692,0.07440445344805342,0.22410091910262964,,True
llmsr,Vladislavleva-4,2,1,0.0,0.07136119593316824,0.08480448145118825,0.2220756813336921,,True
llmsr,Vladislavleva-4,2,45,0.0,0.02170107122242603,0.028018630610863553,0.25771685435846786,,True
llmsr,Vladislavleva-4,2,3,0.0,0.07137980123571692,0.07440445344805342,0.22410091910262964,,True
llmsr,Vladislavleva-4,2,2,0.0,0.07137980123571692,0.07440445344805342,0.22410091910262964,,True
llmsr,Vladislavleva-4,2,20,0.0,0.026380126346017357,0.03747530210844102,0.25017778521939915,,True
llmsr,CRK0,2,60,0.0,2.1306908443769864e-07,0.00010729919760987023,0.5228886816426567,,True
llmsr,CRK0,2,10,0.0,3.0983280730736975e-06,0.0012955097388846124,0.4427297112799561,,True
llmsr,CRK0,2,30,0.0,3.5447042150497845e-07,0.00023054065729122218,0.5031311596886101,,True
llmsr,CRK0,2,5,0.0,1.066644678702796e-05,0.026484521429031457,0.37674957497153216,,True
llmsr,CRK0,2,1,0.0,0.00032784384938690236,1.471322854126376,0.26130803495332383,,True
llmsr,CRK0,2,45,0.0,3.5447042150497845e-07,0.00023054065729122218,0.5031311596886101,,True
llmsr,CRK0,2,3,0.0,4.149602777171215e-05,0.4527988879819362,0.31164600438391477,,True
llmsr,CRK0,2,2,0.0,0.00032784384938690236,1.471322854126376,0.26130803495332383,,True
llmsr,CRK0,2,20,0.0,3.5447042150497845e-07,0.00023054065729122218,0.5031311596886101,,True
llmsr,feynman-bonus.20,2,1,0.0,4.6210748358414205e+36,3.049686648908466e+40,0.0,,True
llmsr,Korns-2,2,60,0.0,2.782422182841859,2.084759336150787,0.11559003733961898,,True
llmsr,Korns-2,2,10,0.0,2.7795487784881683,2.0713915603793085,0.11570583920209626,,True
llmsr,Korns-2,2,30,0.0,2.782422182841859,2.084759336150787,0.11559003733961898,,True
llmsr,Korns-2,2,1,0.0,1.0798768389221947,1.0855818246577933,0.14039154321016928,,True
llmsr,Korns-2,2,45,0.0,2.782422182841859,2.084759336150787,0.11559003733961898,,True
llmsr,Korns-2,2,2,0.0,1.0881152383582808,1.0639660139513647,0.14058561971571093,,True
llmsr,Korns-2,2,20,0.0,2.782422182841859,2.084759336150787,0.11559003733961898,,True
llmsr,strogatz_shearflow1,2,60,0.0,0.03807782175965444,1.5712253925927366,0.1865389076513681,,True
llmsr,strogatz_shearflow1,2,10,0.0,0.29918048093454075,1.089233095022419,0.1602480684160038,,True
llmsr,strogatz_shearflow1,2,30,0.0,0.03807782175965444,1.5712253925927366,0.1865389076513681,,True
llmsr,strogatz_shearflow1,2,5,0.0,0.6556058983067822,4.15465196475757,0.12731508925233015,,True
llmsr,strogatz_shearflow1,2,1,0.0,0.6592155263505679,1.8431478462656428,0.1398361571156515,,True
llmsr,strogatz_shearflow1,2,45,0.0,0.03807782175965444,1.5712253925927366,0.1865389076513681,,True
llmsr,strogatz_shearflow1,2,3,0.0,0.6556058983067822,4.15465196475757,0.12731508925233015,,True
llmsr,strogatz_shearflow1,2,2,0.0,0.6556058983067822,4.15465196475757,0.12731508925233015,,True
llmsr,strogatz_shearflow1,2,20,0.0,0.06351059655374759,1.4632052367820012,0.1797088771828631,,True
llmsr,CRK33,2,60,0.0,1.030400913452902e-06,0.10041486188373216,0.3923284203477656,,True
llmsr,CRK33,2,10,0.0,1.3010910363884199e-05,0.9999999851307424,0.31734615434162794,,True
llmsr,CRK33,2,30,0.0,1.5092040452231407e-06,0.015790124629661634,0.4151023743407611,,True
llmsr,CRK33,2,5,0.0,7.584801923370994e-05,1.1484412075069206,0.28785524961318637,,True
llmsr,CRK33,2,1,0.0,0.0010187275005060917,0.9999998086988101,0.24971221617868444,,True
llmsr,CRK33,2,45,0.0,1.5092040452231407e-06,0.015790124629661634,0.4151023743407611,,True
llmsr,CRK33,2,3,0.0,0.0010187275005060917,0.9999998086988101,0.24971221617868444,,True
llmsr,CRK33,2,2,0.0,0.0010187275005060917,0.9999998086988101,0.24971221617868444,,True
llmsr,CRK33,2,20,0.0,1.5092040452231407e-06,0.015790124629661634,0.4151023743407611,,True
llmsr,BPG5,-1,10,0.0,1.6835393964924302e-07,0.00013595876001029928,0.5228703400435029,,True
llmsr,BPG5,-1,30,0.0,11.301756406168561,268651.65360283456,0.03381621634136106,,True
llmsr,BPG5,-1,5,0.0,1.6835393964924302e-07,0.00013595876001029928,0.5228703400435029,,True
llmsr,BPG5,-1,1,0.0,11.301061095478545,268516.0145832839,0.03381717061428979,,True
llmsr,BPG5,-1,45,0.0,11.301756406168561,268651.65360283456,0.03381621634136106,,True
llmsr,BPG5,-1,3,0.0,1.6835393964924302e-07,0.00013595876001029928,0.5228703400435029,,True
llmsr,BPG5,-1,2,0.0,1.6835393964924302e-07,0.00013595876001029928,0.5228703400435029,,True
llmsr,BPG5,-1,20,0.0,11.301756406168561,268651.65360283456,0.03381621634136106,,True
llmsr,feynman-ii.34.2a,-1,60,0.0,0.992519908738431,1.0004929192603589,0.1429659554888586,,True
llmsr,feynman-ii.34.2a,-1,10,0.0,,,0.0,,False
llmsr,feynman-ii.34.2a,-1,30,0.0,0.9859497761232681,1.000001950202784,0.14307658429701553,,True
llmsr,feynman-ii.34.2a,-1,5,0.0,,,0.0,,False
llmsr,feynman-ii.34.2a,-1,1,0.0,1.006849212370866,1.0005138619014666,0.1427433019737348,,True
llmsr,feynman-ii.34.2a,-1,45,0.0,0.992519908738431,1.0004929192603589,0.1429659554888586,,True
llmsr,feynman-ii.34.2a,-1,3,0.0,,,0.0,,False
llmsr,feynman-ii.34.2a,-1,2,0.0,1.006849212370866,1.0005138619014666,0.1427433019737348,,True
llmsr,feynman-ii.34.2a,-1,20,0.0,0.9859497761232681,1.000001950202784,0.14307658429701553,,True
llmsr,strogatz_vdp1,-1,60,0.0,2.3531189264339437e-15,8.631911795447825e-16,1.0,,True
llmsr,strogatz_vdp1,-1,10,0.0,2.17008088523558e-07,1.429677558771943e-05,0.5538673563640168,,True
llmsr,strogatz_vdp1,-1,30,0.0,3.652123939601049e-07,1.1624359981191767e-06,0.5847173372100397,,True
llmsr,strogatz_vdp1,-1,5,0.0,2.17008088523558e-07,1.429677558771943e-05,0.5538673563640168,,True
llmsr,strogatz_vdp1,-1,1,0.0,0.5382156503871838,0.9741357773848051,0.15287229227660143,,True
llmsr,strogatz_vdp1,-1,45,0.0,2.204239134175917e-11,3.47968489100637e-11,0.896971477641604,,True
llmsr,strogatz_vdp1,-1,3,0.0,0.002878055706243885,0.01014901790179779,0.3048027423488456,,True
llmsr,strogatz_vdp1,-1,2,0.0,0.5382156503871838,0.9741357773848051,0.15287229227660143,,True
llmsr,strogatz_vdp1,-1,20,0.0,2.17008088523558e-07,1.429677558771943e-05,0.5538673563640168,,True
llmsr,II.11.27_1_0,-1,60,0.0,0.0019283739369283836,0.07020818996967443,0.2810150346503626,,True
llmsr,II.11.27_1_0,-1,10,0.0,0.011068147311823259,0.1849997727871072,0.23888406693664083,,True
llmsr,II.11.27_1_0,-1,30,0.0,0.0013788734942954657,0.0382605056868151,0.29563303110254857,,True
llmsr,II.11.27_1_0,-1,5,0.0,0.9535491192608165,,0.0,,False
llmsr,II.11.27_1_0,-1,1,0.0,0.9906109068601189,1.002428860339416,0.14296583331998008,,True
llmsr,II.11.27_1_0,-1,45,0.0,0.0019283739369283836,0.07020818996967443,0.2810150346503626,,True
llmsr,II.11.27_1_0,-1,3,0.0,0.9535491192608165,,0.0,,False
llmsr,II.11.27_1_0,-1,2,0.0,0.9906109068601189,1.002428860339416,0.14296583331998008,,True
llmsr,II.11.27_1_0,-1,20,0.0,0.002277594218600455,0.035195287320113136,0.28914425476091443,,True
llmsr,Nguyen-6,-1,60,0.0,7.128894536733984e-10,0.0002293541574431022,0.5995168283290083,,True
llmsr,Nguyen-6,-1,10,0.0,1.580902053865653e-06,0.009417493090063072,0.4223985616464439,,True
llmsr,Nguyen-6,-1,30,0.0,7.128894536733984e-10,0.0002293541574431022,0.5995168283290083,,True
llmsr,Nguyen-6,-1,5,0.0,1.6334701284975662e-06,0.026741329918921055,0.4057037786076759,,True
llmsr,Nguyen-6,-1,1,0.0,1.6334701284975662e-06,0.026741329918921055,0.4057037786076759,,True
llmsr,Nguyen-6,-1,45,0.0,7.128894536733984e-10,0.0002293541574431022,0.5995168283290083,,True
llmsr,Nguyen-6,-1,3,0.0,1.6334701284975662e-06,0.026741329918921055,0.4057037786076759,,True
llmsr,Nguyen-6,-1,2,0.0,1.6334701284975662e-06,0.026741329918921055,0.4057037786076759,,True
llmsr,Nguyen-6,-1,20,0.0,6.514880850056325e-08,0.01248105153602043,0.4674943695066659,,True
llmsr,feynman_I_12_11,-1,60,0.0,1.3515208670700864e-31,1.4716479784063392e-32,1.0,,True
llmsr,feynman_I_12_11,-1,10,0.0,1.3515208670700864e-31,1.4716479784063392e-32,1.0,,True
llmsr,feynman_I_12_11,-1,30,0.0,1.3515208670700864e-31,1.4716479784063392e-32,1.0,,True
llmsr,feynman_I_12_11,-1,5,0.0,1.3515208670700864e-31,1.4716479784063392e-32,1.0,,True
llmsr,feynman_I_12_11,-1,1,0.0,0.19669928268060935,0.5246926898046298,0.17808186465541542,,True
llmsr,feynman_I_12_11,-1,45,0.0,1.3515208670700864e-31,1.4716479784063392e-32,1.0,,True
llmsr,feynman_I_12_11,-1,3,0.0,1.3515208670700864e-31,1.4716479784063392e-32,1.0,,True
llmsr,feynman_I_12_11,-1,2,0.0,1.3515208670700864e-31,1.4716479784063392e-32,1.0,,True
llmsr,feynman_I_12_11,-1,20,0.0,1.3515208670700864e-31,1.4716479784063392e-32,1.0,,True
llmsr,Keijzer-11,-1,60,0.0,0.16975985168296961,0.07829110885081705,0.2098733060279409,,True
llmsr,Keijzer-11,-1,10,0.0,0.705487739154855,0.6590237120662991,0.15473605316089717,,True
llmsr,Keijzer-11,-1,30,0.0,0.16975985168296961,0.07829110885081705,0.2098733060279409,,True
llmsr,Keijzer-11,-1,5,0.0,4.869107852460442,6.425856581816019,0.08945069918684684,,True
llmsr,Keijzer-11,-1,1,0.0,0.16445503146117046,0.14468697135221936,0.20084012174789928,,True
llmsr,Keijzer-11,-1,45,0.0,0.16975985168296961,0.07829110885081705,0.2098733060279409,,True
llmsr,Keijzer-11,-1,3,0.0,0.6482720986154286,0.7019537018352869,0.15506907861365854,,True
llmsr,Keijzer-11,-1,2,0.0,0.6482720986154286,0.7019537018352869,0.15506907861365854,,True
llmsr,Keijzer-11,-1,20,0.0,0.16975985168296961,0.07829110885081705,0.2098733060279409,,True
llmsr,BPG3,-1,60,0.0,2.215888834304653e-08,0.006257940319240773,0.49492930763698806,,True
llmsr,BPG3,-1,10,0.0,1.3740932742846343e-06,360133.55945448496,0.2807851352179676,,True
llmsr,BPG3,-1,30,0.0,2.215888834304653e-08,0.006257940319240773,0.49492930763698806,,True
llmsr,BPG3,-1,5,0.0,1.3740932742846343e-06,360133.55945448496,0.2807851352179676,,True
llmsr,BPG3,-1,1,0.0,7.102201511315748e-05,80113.53390370344,0.21959310748530297,,True
llmsr,BPG3,-1,45,0.0,2.215888834304653e-08,0.006257940319240773,0.49492930763698806,,True
llmsr,BPG3,-1,3,0.0,1.3740932742846343e-06,360133.55945448496,0.2807851352179676,,True
llmsr,BPG3,-1,2,0.0,1.3740932742846343e-06,360133.55945448496,0.2807851352179676,,True
llmsr,BPG3,-1,20,0.0,2.215888834304653e-08,0.006257940319240773,0.49492930763698806,,True
llmsr,feynman-ii.27.18,-1,60,0.0,0.9867037575286692,0.9999999996635397,0.14306475778844685,,True
llmsr,feynman-ii.27.18,-1,10,0.0,1.0,1.0,0.1428571428571429,,True
llmsr,feynman-ii.27.18,-1,30,0.0,0.9989722646275816,0.9998813096017497,0.1428749328200809,,True
llmsr,feynman-ii.27.18,-1,5,0.0,1.0,1.0,0.1428571428571429,,True
llmsr,feynman-ii.27.18,-1,1,0.0,2281917.2704165624,135894.87874608772,0.0,,True
llmsr,feynman-ii.27.18,-1,45,0.0,0.9867037575286692,0.9999999996635397,0.14306475778844685,,True
llmsr,feynman-ii.27.18,-1,3,0.0,254035.47865454367,48584.67688884465,0.0,,True
llmsr,feynman-ii.27.18,-1,2,0.0,2281917.2704165624,135894.87874608772,0.0,,True
llmsr,feynman-ii.27.18,-1,20,0.0,0.9989722646275816,0.9998813096017497,0.1428749328200809,,True
llmsr,CRK34,-1,60,0.0,2.647680922885234e-07,0.0002400916852698457,0.5070270440601461,,True
llmsr,CRK34,-1,10,0.0,1.7175710039064672e-06,0.33121094879433227,0.36589216484007103,,True
llmsr,CRK34,-1,30,0.0,1.7175710039064672e-06,0.33121094879433227,0.36589216484007103,,True
llmsr,CRK34,-1,5,0.0,1.7175710039064672e-06,0.33121094879433227,0.36589216484007103,,True
llmsr,CRK34,-1,1,0.0,4.548331034331217e-05,3.7249428334993864,0.27753672579255084,,True
llmsr,CRK34,-1,45,0.0,1.7175710039064672e-06,0.33121094879433227,0.36589216484007103,,True
llmsr,CRK34,-1,3,0.0,1.7175710039064672e-06,0.33121094879433227,0.36589216484007103,,True
llmsr,CRK34,-1,2,0.0,4.548331034331217e-05,3.7249428334993864,0.27753672579255084,,True
llmsr,CRK34,-1,20,0.0,1.7175710039064672e-06,0.33121094879433227,0.36589216484007103,,True
llmsr,I.11.19_4_0,-1,10,0.0,0.03483727104797973,0.15525109588064004,0.22381861421535243,,True
llmsr,I.11.19_4_0,-1,5,0.0,0.03712121148179836,0.17132516822706897,0.22130559613312,,True
llmsr,I.11.19_4_0,-1,1,0.0,0.03789181218560135,0.17059524342991678,0.22105313235955226,,True
llmsr,I.11.19_4_0,-1,3,0.0,0.03712121148179836,0.17132516822706897,0.22130559613312,,True
llmsr,I.11.19_4_0,-1,2,0.0,0.03712121148179836,0.17132516822706897,0.22130559613312,,True
llmsr,PO41,-1,60,0.0,0.0008623794908428288,0.7084233109957241,0.25764316917988456,,True
llmsr,PO41,-1,10,0.0,0.0016278584345368302,20.320391529789884,0.1957304033674469,,True
llmsr,PO41,-1,30,0.0,0.0010677532621799427,42.72655846050604,0.19074397072797766,,True
llmsr,PO41,-1,5,0.0,0.00252626122735241,3231.6421329074947,0.16419720511986985,,True
llmsr,PO41,-1,1,0.0,0.0026040111426343967,14815.063852956118,0.16372704149078526,,True
llmsr,PO41,-1,45,0.0,0.0008623794908428288,0.7084233109957241,0.25764316917988456,,True
llmsr,PO41,-1,3,0.0,0.00252626122735241,3231.6421329074947,0.16419720511986985,,True
llmsr,PO41,-1,2,0.0,0.00252626122735241,3231.6421329074947,0.16419720511986985,,True
llmsr,PO41,-1,20,0.0,0.00140935190466211,282.1765102500453,0.17324930547343304,,True
llmsr,III.21.20_3_0,-1,60,0.0,0.003802662534976349,,0.0,,False
llmsr,III.21.20_3_0,-1,10,0.0,0.1158845877665509,1.0060962370255766,0.17619052839763583,,True
llmsr,III.21.20_3_0,-1,30,0.0,0.04860370833754924,2.4644411755297244,0.17577186205761275,,True
llmsr,III.21.20_3_0,-1,5,0.0,,,0.0,,False
llmsr,III.21.20_3_0,-1,1,0.0,0.7425791874091798,0.9999910060490601,0.1474736118978932,,True
llmsr,III.21.20_3_0,-1,45,0.0,0.0034757117130438074,1.0025875937316577,0.23063692593926333,,True
llmsr,III.21.20_3_0,-1,3,0.0,0.2480422333634875,0.7272132349302183,0.1694218783106911,,True
llmsr,III.21.20_3_0,-1,2,0.0,0.7425791874091798,0.9999910060490601,0.1474736118978932,,True
llmsr,III.21.20_3_0,-1,20,0.0,0.11186272012440812,1.0215383658340105,0.17650214079512233,,True
llmsr,feynman-iii.10.19,-1,1,0.0,3.6298069068795194e+35,3.1076403146850955e+31,0.0,,True
llmsr,II.34.2_1_0,-1,60,0.0,2.5615393712205685e-15,0.00019214988758776925,0.7041557094740039,,True
llmsr,II.34.2_1_0,-1,10,0.0,2.6037416940683766e-15,7.812186346263599e-17,1.0,,True
llmsr,II.34.2_1_0,-1,30,0.0,2.567879862820375e-15,1.0680216428415435e-17,1.0,,True
llmsr,II.34.2_1_0,-1,5,0.0,2.603741856926906e-15,7.812209185514801e-17,1.0,,True
llmsr,II.34.2_1_0,-1,1,0.0,0.09822243476238202,0.30026945042999514,0.19750993412750478,,True
llmsr,II.34.2_1_0,-1,45,0.0,2.567879862820375e-15,1.0680216428415435e-17,1.0,,True
llmsr,II.34.2_1_0,-1,3,0.0,0.03361231988966117,0.31888895475750123,0.213209358389708,,True
llmsr,II.34.2_1_0,-1,2,0.0,0.09822243476238202,0.30026945042999514,0.19750993412750478,,True
llmsr,II.34.2_1_0,-1,20,0.0,2.567879862820375e-15,1.0680216428415435e-17,1.0,,True
llmsr,feynman-i.43.31,-1,60,0.0,0.5765197555261362,0.7087960893696127,0.15673801762299383,,True
llmsr,feynman-i.43.31,-1,10,0.0,0.8120184100615451,0.9316721095327791,0.14718467963061516,,True
llmsr,feynman-i.43.31,-1,30,0.0,0.5765197555261362,0.7087960893696127,0.15673801762299383,,True
llmsr,feynman-i.43.31,-1,5,0.0,0.8120184100615451,0.9316721095327791,0.14718467963061516,,True
llmsr,feynman-i.43.31,-1,1,0.0,0.9999570924877818,0.9999930852075507,0.14285791564150596,,True
llmsr,feynman-i.43.31,-1,45,0.0,0.5765197555261362,0.7087960893696127,0.15673801762299383,,True
llmsr,feynman-i.43.31,-1,3,0.0,0.9961844632409593,0.9997372325421267,0.14292051319201793,,True
llmsr,feynman-i.43.31,-1,2,0.0,0.9961844632409593,0.9997372325421267,0.14292051319201793,,True
llmsr,feynman-i.43.31,-1,20,0.0,0.8118833941549993,0.9313772882219096,0.14719216778397348,,True
llmsr,feynman-i.39.22,-1,60,0.0,0.8512699767177967,4562.363816316817,0.07392616726388196,,True
llmsr,feynman-i.39.22,-1,10,0.0,0.8536976237362336,1.1134662833067468,0.14364353059520146,,True
llmsr,feynman-i.39.22,-1,30,0.0,0.8508540298788292,1.1134098932126486,0.14369606656957606,,True
llmsr,feynman-i.39.22,-1,5,0.0,0.8536976237362336,1.1134662833067468,0.14364353059520146,,True
llmsr,feynman-i.39.22,-1,1,0.0,198884.22208831523,2024626644.5839264,0.0,,True
llmsr,feynman-i.39.22,-1,45,0.0,0.8512699767177967,4562.363816316817,0.07392616726388196,,True
llmsr,feynman-i.39.22,-1,3,0.0,0.9999971167159428,0.9999999734533224,0.14285718799018704,,True
llmsr,feynman-i.39.22,-1,2,0.0,1.0062178060930498,10337.66474221445,0.07133242863000122,,True
llmsr,feynman-i.39.22,-1,20,0.0,0.8508540298788292,1.1134098932126486,0.14369606656957606,,True
llmsr,strogatz_barmag2,-1,60,0.0,9.737933790235573e-13,9.929162650085624e-12,0.9643959776802679,,True
llmsr,strogatz_barmag2,-1,10,0.0,2.46095038551106e-07,2.5255891785917172e-06,0.5788048012081097,,True
llmsr,strogatz_barmag2,-1,30,0.0,9.737933790235573e-13,9.929162650085624e-12,0.9643959776802679,,True
llmsr,strogatz_barmag2,-1,5,0.0,2.46095038551106e-07,2.5255891785917172e-06,0.5788048012081097,,True
llmsr,strogatz_barmag2,-1,1,0.0,0.07840588641044802,0.4265783135034691,0.1955590199300511,,True
llmsr,strogatz_barmag2,-1,45,0.0,9.737933790235573e-13,9.929162650085624e-12,0.9643959776802679,,True
llmsr,strogatz_barmag2,-1,3,0.0,0.007063172392823512,0.08030221424432785,0.2587954526086098,,True
llmsr,strogatz_barmag2,-1,2,0.0,0.007063172392823512,0.08030221424432785,0.2587954526086098,,True
llmsr,strogatz_barmag2,-1,20,0.0,9.737933790235573e-13,9.929162650085624e-12,0.9643959776802679,,True
llmsr,feynman-i.32.5,-1,10,0.0,0.8682723474375704,0.9597881808848637,0.14568459401718742,,True
llmsr,feynman-i.32.5,-1,5,0.0,0.9503300585758387,0.9861831232105109,0.14386314170990483,,True
llmsr,feynman-i.32.5,-1,1,0.0,0.9503300585758387,0.9861831232105109,0.14386314170990483,,True
llmsr,feynman-i.32.5,-1,3,0.0,0.9503300585758387,0.9861831232105109,0.14386314170990483,,True
llmsr,feynman-i.32.5,-1,2,0.0,0.9503300585758387,0.9861831232105109,0.14386314170990483,,True
llmsr,feynman-i.32.5,-1,20,0.0,0.8682723474375704,0.9597881808848637,0.14568459401718742,,True
llmsr,Vladislavleva-4,-1,60,0.0,0.022482687402751104,0.02801516285234393,0.2571699509465185,,True
llmsr,Vladislavleva-4,-1,10,0.0,0.026021025621102496,0.03740652021722278,0.25041886715450173,,True
llmsr,Vladislavleva-4,-1,30,0.0,0.022482687402751104,0.02801516285234393,0.2571699509465185,,True
llmsr,Vladislavleva-4,-1,5,0.0,0.026021025621102496,0.03740652021722278,0.25041886715450173,,True
llmsr,Vladislavleva-4,-1,1,0.0,0.045353525442174136,0.05443096691793236,0.2359836749735894,,True
llmsr,Vladislavleva-4,-1,45,0.0,0.022482687402751104,0.02801516285234393,0.2571699509465185,,True
llmsr,Vladislavleva-4,-1,3,0.0,0.026021025621102496,0.03740652021722278,0.25041886715450173,,True
llmsr,Vladislavleva-4,-1,2,0.0,0.026021025621102496,0.03740652021722278,0.25041886715450173,,True
llmsr,Vladislavleva-4,-1,20,0.0,0.022050618490836348,0.02761129064250416,0.25769616132752926,,True
llmsr,CRK0,-1,60,0.0,5.003197977619071e-07,1.1503814475913869e-05,0.544282515803592,,True
llmsr,CRK0,-1,10,0.0,5.003197977619071e-07,1.1503814475913869e-05,0.544282515803592,,True
llmsr,CRK0,-1,30,0.0,5.003197977619071e-07,1.1503814475913869e-05,0.544282515803592,,True
llmsr,CRK0,-1,5,0.0,8.898761646845289e-06,0.006185383613891464,0.4021179923625511,,True
llmsr,CRK0,-1,1,0.0,0.00032863467192266,1.4731279910858297,0.2612516477666556,,True
llmsr,CRK0,-1,45,0.0,5.003197977619071e-07,1.1503814475913869e-05,0.544282515803592,,True
llmsr,CRK0,-1,3,0.0,8.898761646845289e-06,0.006185383613891464,0.4021179923625511,,True
llmsr,CRK0,-1,2,0.0,1.0516175346422368e-05,0.00028529104906286685,0.4472447869679855,,True
llmsr,CRK0,-1,20,0.0,5.003197977619071e-07,1.1503814475913869e-05,0.544282515803592,,True
llmsr,feynman-bonus.20,-1,60,0.0,0.9999998108701859,0.9999999999979061,0.14285714579067688,,True
llmsr,feynman-bonus.20,-1,10,0.0,0.999999999999998,1.0,0.1428571428571429,,True
llmsr,feynman-bonus.20,-1,30,0.0,0.9999999999495898,0.9999999992964589,0.14285714286883705,,True
llmsr,feynman-bonus.20,-1,45,0.0,0.9999998108701859,0.9999999999979061,0.14285714579067688,,True
llmsr,feynman-bonus.20,-1,3,0.0,1.0,1.0,0.1428571428571429,,True
llmsr,feynman-bonus.20,-1,20,0.0,0.9999999999495898,0.9999999992964589,0.14285714286883705,,True
llmsr,Korns-2,-1,60,0.0,1.0898591966607152,1.109657749961426,0.13990859128737665,,True
llmsr,Korns-2,-1,10,0.0,1.0898591966607152,1.109657749961426,0.13990859128737665,,True
llmsr,Korns-2,-1,30,0.0,1.0898591966607152,1.109657749961426,0.13990859128737665,,True
llmsr,Korns-2,-1,5,0.0,1.0898591966607152,1.109657749961426,0.13990859128737665,,True
llmsr,Korns-2,-1,1,0.0,1.0739155317337254,1.0452628168144915,0.1410644419645537,,True
llmsr,Korns-2,-1,45,0.0,1.0898591966607152,1.109657749961426,0.13990859128737665,,True
llmsr,Korns-2,-1,3,0.0,1.0898591966607152,1.109657749961426,0.13990859128737665,,True
llmsr,Korns-2,-1,2,0.0,1.1563687122333175,1.1110963558093145,0.13896971229711497,,True
llmsr,Korns-2,-1,20,0.0,1.0898591966607152,1.109657749961426,0.13990859128737665,,True
llmsr,strogatz_shearflow1,-1,60,0.0,0.367381370119702,0.8151713226436934,0.16155835634021293,,True
llmsr,strogatz_shearflow1,-1,10,0.0,0.4555404672359006,9.560271655333883,0.12003581443417449,,True
llmsr,strogatz_shearflow1,-1,30,0.0,0.4360822479094421,4.51039312477646,0.13236489984824124,,True
llmsr,strogatz_shearflow1,-1,5,0.0,0.4555404672359006,9.560271655333883,0.12003581443417449,,True
llmsr,strogatz_shearflow1,-1,1,0.0,0.6592155263505679,1.8431478462656428,0.1398361571156515,,True
llmsr,strogatz_shearflow1,-1,45,0.0,0.367381370119702,0.8151713226436934,0.16155835634021293,,True
llmsr,strogatz_shearflow1,-1,3,0.0,0.6556058983067822,4.15465196475757,0.12731508925233015,,True
llmsr,strogatz_shearflow1,-1,2,0.0,0.659726561739183,2.148010167033568,0.137449989195234,,True
llmsr,strogatz_shearflow1,-1,20,0.0,0.4360822479094421,4.51039312477646,0.13236489984824124,,True
llmsr,CRK33,-1,60,0.0,1.0092520200536551e-08,1.598702450301069e-05,0.5997225975737484,,True
llmsr,CRK33,-1,10,0.0,6783153.6709726555,2562039127253.9897,0.0,,True
llmsr,CRK33,-1,30,0.0,1.0092520200536551e-08,1.598702450301069e-05,0.5997225975737484,,True
llmsr,CRK33,-1,5,0.0,1.3667913416867848e-05,0.9999999862405113,0.31658206382133186,,True
llmsr,CRK33,-1,1,0.0,0.0008405921238730106,40.384189670349386,0.19532868966339734,,True
llmsr,CRK33,-1,45,0.0,1.0092520200536551e-08,1.598702450301069e-05,0.5997225975737484,,True
llmsr,CRK33,-1,3,0.0,1.3667913416867848e-05,0.9999999862405113,0.31658206382133186,,True
llmsr,CRK33,-1,2,0.0,0.0008405921238730106,40.384189670349386,0.19532868966339734,,True
llmsr,CRK33,-1,20,0.0,1.0092520200536551e-08,1.598702450301069e-05,0.5997225975737484,,True
llmsr,BPG5,4,60,0.0,11.292797713679604,268393.1716648548,0.03382851611595106,,True
llmsr,BPG5,4,10,0.0,11.292797713679604,268393.1716648548,0.03382851611595106,,True
llmsr,BPG5,4,30,0.0,11.292797713679604,268393.1716648548,0.03382851611595106,,True
llmsr,BPG5,4,5,0.0,11.292797713679604,268393.1716648548,0.03382851611595106,,True
llmsr,BPG5,4,1,0.0,0.533904996824498,1077.8871560347595,0.08116200051981448,,True
llmsr,BPG5,4,45,0.0,11.292797713679604,268393.1716648548,0.03382851611595106,,True
llmsr,BPG5,4,3,0.0,11.292797713679604,268393.1716648548,0.03382851611595106,,True
llmsr,BPG5,4,2,0.0,11.404231977583237,265692.2508496167,0.03367621275473265,,True
llmsr,BPG5,4,20,0.0,11.292797713679604,268393.1716648548,0.03382851611595106,,True
llmsr,feynman-ii.34.2a,4,60,0.0,1.0257746734924118,76.3313442349488,0.07522303990435192,,True
llmsr,feynman-ii.34.2a,4,10,0.0,1.0,1.0,0.1428571428571429,,True
llmsr,feynman-ii.34.2a,4,30,0.0,1.003982938928469,1.000495578385814,0.14278780334349578,,True
llmsr,feynman-ii.34.2a,4,5,0.0,1.006849225126121,1.0005138621044378,0.1427433017740934,,True
llmsr,feynman-ii.34.2a,4,1,0.0,1.006849225126121,1.0005138621044378,0.1427433017740934,,True
llmsr,feynman-ii.34.2a,4,45,0.0,1.003982938928469,1.000495578385814,0.14278780334349578,,True
llmsr,feynman-ii.34.2a,4,3,0.0,1.006849225126121,1.0005138621044378,0.1427433017740934,,True
llmsr,feynman-ii.34.2a,4,2,0.0,1.006849225126121,1.0005138621044378,0.1427433017740934,,True
llmsr,feynman-ii.34.2a,4,20,0.0,1.003982938928469,1.000495578385814,0.14278780334349578,,True
llmsr,strogatz_vdp1,4,60,0.0,4.0007990472031274e-14,3.5018463847400434e-14,1.0,,True
llmsr,strogatz_vdp1,4,10,0.0,6.028198917765998e-12,5.076489062960222e-12,0.9469374632310534,,True
llmsr,strogatz_vdp1,4,30,0.0,4.0007990472031274e-14,3.5018463847400434e-14,1.0,,True
llmsr,strogatz_vdp1,4,5,0.0,0.002878055706243885,0.01014901790179779,0.3048027423488456,,True
llmsr,strogatz_vdp1,4,1,0.0,0.6974314965796223,0.7844383486590947,0.15221212952325475,,True
llmsr,strogatz_vdp1,4,45,0.0,4.0007990472031274e-14,3.5018463847400434e-14,1.0,,True
llmsr,strogatz_vdp1,4,3,0.0,0.46693729654190036,0.5373444924410086,0.164303165485163,,True
llmsr,strogatz_vdp1,4,2,0.0,0.527314116125553,0.9674953831303945,0.15329577504497033,,True
llmsr,strogatz_vdp1,4,20,0.0,2.0460465290752605e-12,1.4932973331535958e-12,0.9826763644548024,,True
llmsr,II.11.27_1_0,4,60,0.0,0.0025907553762952217,0.2824569389661484,0.25484361941612355,,True
llmsr,II.11.27_1_0,4,10,0.0,0.018823581931544594,0.3383400997260881,0.22128372351244607,,True
llmsr,II.11.27_1_0,4,30,0.0,0.0025907553762952217,0.2824569389661484,0.25484361941612355,,True
llmsr,II.11.27_1_0,4,5,0.0,0.018823581931544594,0.3383400997260881,0.22128372351244607,,True
llmsr,II.11.27_1_0,4,1,0.0,0.9895690749470751,1.0026907690247466,0.14297810244858405,,True
llmsr,II.11.27_1_0,4,45,0.0,0.0025907553762952217,0.2824569389661484,0.25484361941612355,,True
llmsr,II.11.27_1_0,4,3,0.0,0.018823581931544594,0.3383400997260881,0.22128372351244607,,True
llmsr,II.11.27_1_0,4,2,0.0,0.9895690749470751,1.0026907690247466,0.14297810244858405,,True
llmsr,II.11.27_1_0,4,20,0.0,0.010854935151799068,0.09848211884317451,0.2489648351013758,,True
llmsr,Nguyen-6,4,60,0.0,5.157021129890994e-07,0.004116241005889997,0.45261072479921205,,True
llmsr,Nguyen-6,4,10,0.0,5.157021129890994e-07,0.004116241005889997,0.45261072479921205,,True
llmsr,Nguyen-6,4,30,0.0,5.157021129890994e-07,0.004116241005889997,0.45261072479921205,,True
llmsr,Nguyen-6,4,5,0.0,4.2886309762517077e-07,0.006941020469913754,0.4473663570246708,,True
llmsr,Nguyen-6,4,1,0.0,5.4869190612645804e-05,0.03442487692145544,0.3472785374971863,,True
llmsr,Nguyen-6,4,45,0.0,5.157021129890994e-07,0.004116241005889997,0.45261072479921205,,True
llmsr,Nguyen-6,4,3,0.0,4.2886309762517077e-07,0.006941020469913754,0.4473663570246708,,True
llmsr,Nguyen-6,4,2,0.0,1.6050812204653776e-06,0.02681049825333905,0.4059356464783492,,True
llmsr,Nguyen-6,4,20,0.0,5.157021129890994e-07,0.004116241005889997,0.45261072479921205,,True
llmsr,feynman_I_12_11,4,60,0.0,1.3515208670700864e-31,1.4716479784063392e-32,1.0,,True
llmsr,feynman_I_12_11,4,10,0.0,1.3515208670700864e-31,1.4716479784063392e-32,1.0,,True
llmsr,feynman_I_12_11,4,30,0.0,1.3515208670700864e-31,1.4716479784063392e-32,1.0,,True
llmsr,feynman_I_12_11,4,5,0.0,1.5090366658416008e-16,2.8246303292250543e-16,1.0,,True
llmsr,feynman_I_12_11,4,1,0.0,0.2905418209540064,0.7662751107407161,0.1661573795123455,,True
llmsr,feynman_I_12_11,4,45,0.0,1.3515208670700864e-31,1.4716479784063392e-32,1.0,,True
llmsr,feynman_I_12_11,4,3,0.0,0.10407196614290114,0.31382645199217124,0.19592773906207323,,True
llmsr,feynman_I_12_11,4,2,0.0,0.2694295721582329,0.6631300016986691,0.16956985934213414,,True
llmsr,feynman_I_12_11,4,20,0.0,1.3515208670700864e-31,1.4716479784063392e-32,1.0,,True
llmsr,Keijzer-11,4,60,0.0,,,0.0,,False
llmsr,Keijzer-11,4,10,0.0,0.46839217042998527,0.6736131483387446,0.16074927919696858,,True
llmsr,Keijzer-11,4,30,0.0,24.507861130279863,49.58847323713456,0.03268978043002613,,True
llmsr,Keijzer-11,4,5,0.0,1.0393295576837973,0.8952940296036719,0.14397432261464488,,True
llmsr,Keijzer-11,4,1,0.0,0.4284929317108157,0.39784726841992696,0.17029785561025707,,True
llmsr,Keijzer-11,4,45,0.0,,0.3768984970292417,0.0,,False
llmsr,Keijzer-11,4,3,0.0,0.07240779917380855,0.07506619576732684,0.22374179448429077,,True
llmsr,Keijzer-11,4,2,0.0,0.4284929317108157,0.39784726841992696,0.17029785561025707,,True
llmsr,Keijzer-11,4,20,0.0,0.46839217042998527,0.6736131483387446,0.16074927919696858,,True
llmsr,BPG3,4,60,0.0,6.874237033351625e-08,42.82153252767454,0.3403969032420767,,True
llmsr,BPG3,4,10,0.0,5.709809874353673e-07,24.861804920667335,0.31599448922363294,,True
llmsr,BPG3,4,30,0.0,5.709809874353673e-07,24.861804920667335,0.31599448922363294,,True
llmsr,BPG3,4,5,0.0,5.709809874353673e-07,24.861804920667335,0.31599448922363294,,True
llmsr,BPG3,4,45,0.0,5.709809874353673e-07,24.861804920667335,0.31599448922363294,,True
llmsr,BPG3,4,20,0.0,5.709809874353673e-07,24.861804920667335,0.31599448922363294,,True
llmsr,feynman-ii.27.18,4,60,0.0,4.4980592257223795e-10,4.4998043621196596e-10,0.8104921856483311,,True
llmsr,feynman-ii.27.18,4,10,0.0,1.0000004443484998,0.9999999963687672,0.14285713602139166,,True
llmsr,feynman-ii.27.18,4,30,0.0,0.8739249905142842,0.9149690223721234,0.14632569467420042,,True
llmsr,feynman-ii.27.18,4,5,0.0,1.0000004443484998,0.9999999963687672,0.14285713602139166,,True
llmsr,feynman-ii.27.18,4,1,0.0,577434.7102703301,21903.4395664144,0.0,,True
llmsr,feynman-ii.27.18,4,45,0.0,4.4980592257223795e-10,4.4998043621196596e-10,0.8104921856483311,,True
llmsr,feynman-ii.27.18,4,3,0.0,8479.842638538927,1641.0833023434311,0.0,,True
llmsr,feynman-ii.27.18,4,2,0.0,254035.47865454367,48584.67688884465,0.0,,True
llmsr,feynman-ii.27.18,4,20,0.0,0.9948194152981412,0.9987569961975662,0.1429569968903015,,True
llmsr,CRK34,4,60,0.0,3.502506339633545e-07,0.01122716368862231,0.4430482505494066,,True
llmsr,CRK34,4,10,0.0,1.7178848438814467e-06,0.33048131515585305,0.36592353720093584,,True
llmsr,CRK34,4,30,0.0,5.195629974410377e-07,0.0002712180885707421,0.49468011197968603,,True
llmsr,CRK34,4,5,0.0,1.9001239799139784e-05,0.008760852007890223,0.3849525613224298,,True
llmsr,CRK34,4,1,0.0,0.00010580837446816144,1.000000000000451,0.28483856991494366,,True
llmsr,CRK34,4,45,0.0,5.195629974410377e-07,0.0002712180885707421,0.49468011197968603,,True
llmsr,CRK34,4,3,0.0,1.9001239799139784e-05,0.008760852007890223,0.3849525613224298,,True
llmsr,CRK34,4,2,0.0,0.00010580837446816144,1.000000000000451,0.28483856991494366,,True
llmsr,CRK34,4,20,0.0,5.195629974410377e-07,0.0002712180885707421,0.49468011197968603,,True
llmsr,I.11.19_4_0,4,60,0.0,0.03712876455712886,0.17132019714676144,0.22130289057131602,,True
llmsr,I.11.19_4_0,4,10,0.0,0.04201569280968905,0.22171805867607236,0.21538526441123534,,True
llmsr,I.11.19_4_0,4,30,0.0,0.03712876455712886,0.17132019714676144,0.22130289057131602,,True
llmsr,I.11.19_4_0,4,5,0.0,0.04201569280968905,0.22171805867607236,0.21538526441123534,,True
llmsr,I.11.19_4_0,4,1,0.0,0.06252011782013901,0.2747670238246402,0.20589341437757142,,True
llmsr,I.11.19_4_0,4,45,0.0,0.03712876455712886,0.17132019714676144,0.22130289057131602,,True
llmsr,I.11.19_4_0,4,3,0.0,0.04201569280968905,0.22171805867607236,0.21538526441123534,,True
llmsr,I.11.19_4_0,4,2,0.0,0.06252011782013901,0.2747670238246402,0.20589341437757142,,True
llmsr,I.11.19_4_0,4,20,0.0,0.03712876455712886,0.17132019714676144,0.22130289057131602,,True
llmsr,PO41,4,60,0.0,0.0006187009393373499,2.4954993240154892,0.24326292028770807,,True
llmsr,PO41,4,10,0.0,0.0009991841132781139,585.9819329170596,0.17858408856173202,,True
llmsr,PO41,4,30,0.0,0.0009991841132781139,585.9819329170596,0.17858408856173202,,True
llmsr,PO41,4,5,0.0,0.0016996779971683083,292.1935037169094,0.17034404812932225,,True
llmsr,PO41,4,1,0.0,0.004150241340071783,0.03279070628617011,0.2809348527437727,,True
llmsr,PO41,4,45,0.0,0.0006187009393373499,2.4954993240154892,0.24326292028770807,,True
llmsr,PO41,4,3,0.0,0.0030213390192999146,0.034958714942477556,0.2848658957374981,,True
llmsr,PO41,4,2,0.0,0.004150241340071783,0.03279070628617011,0.2809348527437727,,True
llmsr,PO41,4,20,0.0,0.0009991841132781139,585.9819329170596,0.17858408856173202,,True
llmsr,III.21.20_3_0,4,60,0.0,0.00021795362692671356,0.0008871439012778221,0.3826300652949896,,True
llmsr,III.21.20_3_0,4,10,0.0,0.1158845877665509,1.0060962370255766,0.17619052839763583,,True
llmsr,III.21.20_3_0,4,30,0.0,0.011319575179082393,0.0401817994506877,0.2622193032167267,,True
llmsr,III.21.20_3_0,4,5,0.0,0.1158845877665509,1.0060962370255766,0.17619052839763583,,True
llmsr,III.21.20_3_0,4,1,0.0,0.7425791874091798,0.9999910060490601,0.1474736118978932,,True
llmsr,III.21.20_3_0,4,45,0.0,0.00021795362692671356,0.0008871439012778221,0.3826300652949896,,True
llmsr,III.21.20_3_0,4,3,0.0,0.1158845877665509,1.0060962370255766,0.17619052839763583,,True
llmsr,III.21.20_3_0,4,2,0.0,0.7425791874091798,0.9999910060490601,0.1474736118978932,,True
llmsr,III.21.20_3_0,4,20,0.0,0.05363474729477005,1.6055726969493764,0.18089013524891773,,True
llmsr,feynman-iii.10.19,4,60,0.0,1.0,1.0,0.1428571428571429,,True
llmsr,feynman-iii.10.19,4,30,0.0,1.0,1.0,0.1428571428571429,,True
llmsr,feynman-iii.10.19,4,5,0.0,3.397768398139216e+19,3.615138897573139e+17,0.0,,True
llmsr,feynman-iii.10.19,4,1,0.0,3.738905177721587e+28,4.998598951095342e+23,0.0,,True
llmsr,feynman-iii.10.19,4,45,0.0,1.0,1.0,0.1428571428571429,,True
llmsr,feynman-iii.10.19,4,3,0.0,3.397768398139216e+19,3.615138897573139e+17,0.0,,True
llmsr,feynman-iii.10.19,4,2,0.0,3.397768398139216e+19,3.615138897573139e+17,0.0,,True
llmsr,feynman-iii.10.19,4,20,0.0,1.0,1.0,0.1428571428571429,,True
llmsr,II.34.2_1_0,4,60,0.0,2.5677384874776883e-15,1.0502605165231778e-17,1.0,,True
llmsr,II.34.2_1_0,4,10,0.0,2.5677384874776883e-15,1.0502605165231778e-17,1.0,,True
llmsr,II.34.2_1_0,4,30,0.0,2.5677384874776883e-15,1.0502605165231778e-17,1.0,,True
llmsr,II.34.2_1_0,4,5,0.0,2.5677384874776883e-15,1.0502605165231778e-17,1.0,,True
llmsr,II.34.2_1_0,4,1,0.0,2.847794384520087e-15,2.6465221853596835e-16,1.0,,True
llmsr,II.34.2_1_0,4,45,0.0,2.5677384874776883e-15,1.0502605165231778e-17,1.0,,True
llmsr,II.34.2_1_0,4,3,0.0,2.5677384874776883e-15,1.0502605165231778e-17,1.0,,True
llmsr,II.34.2_1_0,4,2,0.0,2.847794384520087e-15,2.6465221853596835e-16,1.0,,True
llmsr,II.34.2_1_0,4,20,0.0,2.5677384874776883e-15,1.0502605165231778e-17,1.0,,True
llmsr,feynman-i.43.31,4,60,0.0,3.196303553653818e+23,2.7533688326166338e+22,0.0,,True
llmsr,feynman-i.43.31,4,10,0.0,3.196303553653818e+23,2.7533688326166338e+22,0.0,,True
llmsr,feynman-i.43.31,4,30,0.0,3.196303553653818e+23,2.7533688326166338e+22,0.0,,True
llmsr,feynman-i.43.31,4,5,0.0,0.6899305415887148,0.8579304555664462,0.15099080515626856,,True
llmsr,feynman-i.43.31,4,1,0.0,0.8120172122393698,0.931671814882011,0.1471847074158193,,True
llmsr,feynman-i.43.31,4,45,0.0,3.196303553653818e+23,2.7533688326166338e+22,0.0,,True
llmsr,feynman-i.43.31,4,3,0.0,0.8120151960430267,0.9316677411107613,0.14718481374815956,,True
llmsr,feynman-i.43.31,4,2,0.0,0.8120151960430267,0.9316677411107613,0.14718481374815956,,True
llmsr,feynman-i.43.31,4,20,0.0,3.196303553653818e+23,2.7533688326166338e+22,0.0,,True
llmsr,feynman-i.39.22,4,60,0.0,0.8540727165508003,1.117121402738945,0.14358588496542063,,True
llmsr,feynman-i.39.22,4,10,0.0,0.8540727165508003,1.117121402738945,0.14358588496542063,,True
llmsr,feynman-i.39.22,4,30,0.0,0.8540727165508003,1.117121402738945,0.14358588496542063,,True
llmsr,feynman-i.39.22,4,5,0.0,0.8535674661004015,1.1117504535348368,0.14366981540006046,,True
llmsr,feynman-i.39.22,4,1,0.0,0.9999999989705795,0.9999999997324783,0.1428571428772591,,True
llmsr,feynman-i.39.22,4,45,0.0,0.8540727165508003,1.117121402738945,0.14358588496542063,,True
llmsr,feynman-i.39.22,4,3,0.0,1.0001397453754692,1.0006142469444568,0.1428454511225804,,True
llmsr,feynman-i.39.22,4,2,0.0,0.9999999989705795,0.9999999997324783,0.1428571428772591,,True
llmsr,feynman-i.39.22,4,20,0.0,0.8540727165508003,1.117121402738945,0.14358588496542063,,True
llmsr,strogatz_barmag2,4,60,0.0,2.887504102241144e-14,7.982083230602021e-14,1.0,,True
llmsr,strogatz_barmag2,4,10,0.0,2.887504102241144e-14,7.982083230602021e-14,1.0,,True
llmsr,strogatz_barmag2,4,30,0.0,2.887504102241144e-14,7.982083230602021e-14,1.0,,True
llmsr,strogatz_barmag2,4,5,0.0,5.914768085444205e-11,2.2359415660117082e-11,0.8885214939142863,,True
llmsr,strogatz_barmag2,4,1,0.0,0.3952888662749986,39.94140160369465,0.10005936132131737,,True
llmsr,strogatz_barmag2,4,45,0.0,2.887504102241144e-14,7.982083230602021e-14,1.0,,True
llmsr,strogatz_barmag2,4,3,0.0,4.817783355025218e-09,1.6880832676032047e-08,0.7174913881433812,,True
llmsr,strogatz_barmag2,4,2,0.0,0.017450849188482866,0.24249661337175082,0.22762420560372448,,True
llmsr,strogatz_barmag2,4,20,0.0,2.887504102241144e-14,7.982083230602021e-14,1.0,,True
llmsr,feynman-i.32.5,4,60,0.0,0.9056922301009871,0.9528485544714641,0.14514269566350296,,True
llmsr,feynman-i.32.5,4,10,0.0,0.9501960370692604,0.9859790688779118,0.14386853891784196,,True
llmsr,feynman-i.32.5,4,30,0.0,0.9502572075893998,0.9859988738548888,0.14386722888291742,,True
llmsr,feynman-i.32.5,4,5,0.0,0.9501960203008069,0.9859789172217093,0.1438685415772779,,True
llmsr,feynman-i.32.5,4,1,0.0,0.9999999999830793,0.9999999999994605,0.1428571428574137,,True
llmsr,feynman-i.32.5,4,45,0.0,0.9502572076053611,0.985998873829079,0.14386722888306297,,True
llmsr,feynman-i.32.5,4,3,0.0,0.9501960203008069,0.9859789172217093,0.1438685415772779,,True
llmsr,feynman-i.32.5,4,2,0.0,0.9999999999830793,0.9999999999994605,0.1428571428574137,,True
llmsr,feynman-i.32.5,4,20,0.0,0.9501960370692604,0.9859790688779118,0.14386853891784196,,True
llmsr,Vladislavleva-4,4,10,0.0,0.045353505211051505,0.054430986337381373,0.23598367635874318,,True
llmsr,Vladislavleva-4,4,30,0.0,0.022644274897177828,0.028892663536341824,0.2565805000493695,,True
llmsr,Vladislavleva-4,4,5,0.0,0.0584758635693607,0.07014129254877093,0.22810891396862737,,True
llmsr,Vladislavleva-4,4,1,0.0,0.09593768266454156,0.0952729336866671,0.21568004419771464,,True
llmsr,Vladislavleva-4,4,3,0.0,0.0584758635693607,0.07014129254877093,0.22810891396862737,,True
llmsr,Vladislavleva-4,4,2,0.0,0.06559043974303591,0.08106215794997511,0.224083617733286,,True
llmsr,Vladislavleva-4,4,20,0.0,0.03151888092453305,0.050534277232995715,0.24278011256861431,,True
llmsr,CRK0,4,60,0.0,4.8636202114040345e-08,1.6419947417966425e-06,0.6106310208359657,,True
llmsr,CRK0,4,10,0.0,4.857338750998511e-06,0.0012429233005794716,0.43639847421854727,,True
llmsr,CRK0,4,30,0.0,6.798554091515822e-07,0.0006727244976644283,0.4764195071303111,,True
llmsr,CRK0,4,5,0.0,5.026467326929052e-05,0.3713895036822029,0.3117466968100929,,True
llmsr,CRK0,4,1,0.0,0.00032784384938690236,1.471322854126376,0.26130803495332383,,True
llmsr,CRK0,4,45,0.0,1.7799683608196504e-07,4.6536532741810433e-05,0.5386354890972388,,True
llmsr,CRK0,4,3,0.0,5.026467326929052e-05,0.3713895036822029,0.3117466968100929,,True
llmsr,CRK0,4,2,0.0,5.026467326929052e-05,0.3713895036822029,0.3117466968100929,,True
llmsr,CRK0,4,20,0.0,4.857338750998511e-06,0.0012429233005794716,0.43639847421854727,,True
llmsr,feynman-bonus.20,4,1,0.0,8.505240985805523e+68,9.692416441520563e+68,0.0,,True
llmsr,feynman-bonus.20,4,3,0.0,8.505240985805523e+68,9.692416441520563e+68,0.0,,True
llmsr,feynman-bonus.20,4,2,0.0,8.505240985805523e+68,9.692416441520563e+68,0.0,,True
llmsr,Korns-2,4,60,0.0,1.1164695023372024,1.1822272606028459,0.13855186308223238,,True
llmsr,Korns-2,4,10,0.0,1.184921093291903,1.1055230579852993,0.13866938443808718,,True
llmsr,Korns-2,4,30,0.0,1.0886792498834188,1.1135894514577813,0.1398705337930063,,True
llmsr,Korns-2,4,5,0.0,1.184921093291903,1.1055230579852993,0.13866938443808718,,True
llmsr,Korns-2,4,1,0.0,1.0739155317337254,1.0452628168144915,0.1410644419645537,,True
llmsr,Korns-2,4,45,0.0,1.1164695023372024,1.1822272606028459,0.13855186308223238,,True
llmsr,Korns-2,4,3,0.0,1.184921093291903,1.1055230579852993,0.13866938443808718,,True
llmsr,Korns-2,4,2,0.0,1.1037653921743615,1.105974756252819,0.1397635004539397,,True
llmsr,Korns-2,4,20,0.0,1.0886792498834188,1.1135894514577813,0.1398705337930063,,True
llmsr,strogatz_shearflow1,4,60,0.0,0.07408644297352895,4.077621771310687,0.16142336845052535,,True
llmsr,strogatz_shearflow1,4,10,0.0,0.4480460157720437,6.042467935785658,0.127409393776921,,True
llmsr,strogatz_shearflow1,4,30,0.0,0.5072633823135738,5.00410378214024,0.12840857781166454,,True
llmsr,strogatz_shearflow1,4,5,0.0,0.33495494768648737,1.0808368649181042,0.15861619477495958,,True
llmsr,strogatz_shearflow1,4,1,0.0,0.6592155263505679,1.8431478462656428,0.1398361571156515,,True
llmsr,strogatz_shearflow1,4,45,0.0,0.07408644297352895,4.077621771310687,0.16142336845052535,,True
llmsr,strogatz_shearflow1,4,3,0.0,0.33495494768648737,1.0808368649181042,0.15861619477495958,,True
llmsr,strogatz_shearflow1,4,2,0.0,0.33495494768648737,1.0808368649181042,0.15861619477495958,,True
llmsr,strogatz_shearflow1,4,20,0.0,0.4480460157720437,6.042467935785658,0.127409393776921,,True
llmsr,CRK33,4,60,0.0,2.444455229227638e-07,0.0034203778041770566,0.46706227975086895,,True
llmsr,CRK33,4,10,0.0,1.366791310554312e-05,0.9999999862405091,0.3165820641746271,,True
llmsr,CRK33,4,30,0.0,3.6420398260405406e-06,0.06434185117798934,0.3796486342015108,,True
llmsr,CRK33,4,5,0.0,0.00037573161976084055,1.6859759381137742,0.2570811029676561,,True
llmsr,CRK33,4,1,0.0,0.00037573161976084055,1.6859759381137742,0.2570811029676561,,True
llmsr,CRK33,4,45,0.0,2.444455229227638e-07,0.0034203778041770566,0.46706227975086895,,True
llmsr,CRK33,4,3,0.0,0.00037573161976084055,1.6859759381137742,0.2570811029676561,,True
llmsr,CRK33,4,2,0.0,0.00037573161976084055,1.6859759381137742,0.2570811029676561,,True
llmsr,CRK33,4,20,0.0,1.366791310554312e-05,0.9999999862405091,0.3165820641746271,,True
llmsr,II.6.15b_3_0,1,60,0.0,0.09621442878612951,0.12919634217810191,0.2109110562899031,,True
llmsr,II.6.15b_3_0,1,10,0.0,0.1810624805166477,0.33247592478907906,0.18644326183901327,,True
llmsr,II.6.15b_3_0,1,30,0.0,0.10293597546308679,0.17795242871385358,0.2048974605676544,,True
llmsr,II.6.15b_3_0,1,5,0.0,0.20386974673698546,0.09072851455030533,0.2047465505761642,,True
llmsr,II.6.15b_3_0,1,1,0.0,0.21862963339597088,0.3048179687037097,0.18486608602942434,,True
llmsr,II.6.15b_3_0,1,45,0.0,0.10188900695917667,0.2371226551841479,0.2006035578985066,,True
llmsr,II.6.15b_3_0,1,3,0.0,0.2097852577270008,0.30880145000159404,0.18530520369226067,,True
llmsr,II.6.15b_3_0,1,2,0.0,0.21862963339597088,0.3048179687037097,0.18486608602942434,,True
llmsr,II.6.15b_3_0,1,20,0.0,0.10293597546308679,0.17795242871385358,0.2048974605676544,,True
llmsr,feynman-i.18.16,1,60,0.0,0.12051691013872787,0.4526054612348604,0.1879725793404466,,True
llmsr,feynman-i.18.16,1,10,0.0,0.12051689771072775,0.4526053677248166,0.18797258414446277,,True
llmsr,feynman-i.18.16,1,30,0.0,0.12051691013872787,0.4526054612348604,0.1879725793404466,,True
llmsr,feynman-i.18.16,1,5,0.0,0.12051689771072775,0.4526053677248166,0.18797258414446277,,True
llmsr,feynman-i.18.16,1,1,0.0,0.9858075881852317,59.111194013397544,0.07980493254540338,,True
llmsr,feynman-i.18.16,1,45,0.0,0.12051691013872787,0.4526054612348604,0.1879725793404466,,True
llmsr,feynman-i.18.16,1,3,0.0,1.0051736947609338,1.1007293941029932,0.14128851147251886,,True
llmsr,feynman-i.18.16,1,2,0.0,1.0051736947609338,1.1007293941029932,0.14128851147251886,,True
llmsr,feynman-i.18.16,1,20,0.0,0.12051691013872787,0.4526054612348604,0.1879725793404466,,True
llmsr,Nguyen-9,1,60,0.0,6.391792158215845e-05,8.391666107951391e-05,0.4382331842792543,,True
llmsr,Nguyen-9,1,10,0.0,6.590573618522088e-05,5.721862615035754e-05,0.443697834230859,,True
llmsr,Nguyen-9,1,30,0.0,6.392246203532272e-05,8.391204318638928e-05,0.43823293607793345,,True
llmsr,Nguyen-9,1,5,0.0,6.590573618522088e-05,5.721862615035754e-05,0.443697834230859,,True
llmsr,Nguyen-9,1,1,0.0,0.023556874093181624,0.0015841273796709532,0.30100329424998695,,True
llmsr,Nguyen-9,1,45,0.0,6.392246203532272e-05,8.391204318638928e-05,0.43823293607793345,,True
llmsr,Nguyen-9,1,3,0.0,0.00020850943018982016,1.8848057005649817e-05,0.4430574182829136,,True
llmsr,Nguyen-9,1,2,0.0,0.00020850943018982016,1.8848057005649817e-05,0.4430574182829136,,True
llmsr,Nguyen-9,1,20,0.0,6.590573618522088e-05,5.721862615035754e-05,0.443697834230859,,True
llmsr,CRK10,1,60,0.0,7.056611880433072e-07,0.023119611841792728,0.42097940107453524,,True
llmsr,CRK10,1,10,0.0,1.0470106799407737e-05,2.647129625704257,0.3056169171352658,,True
llmsr,CRK10,1,30,0.0,2.5538889966736183e-06,0.02584409503135807,0.3993013090610017,,True
llmsr,CRK10,1,5,0.0,2.5987288099712686e-05,0.22172121389138738,0.32997970683057887,,True
llmsr,CRK10,1,1,0.0,0.00014823309723749806,5.004679544855573,0.2546313765226461,,True
llmsr,CRK10,1,45,0.0,7.056611880433072e-07,0.023119611841792728,0.42097940107453524,,True
llmsr,CRK10,1,3,0.0,0.00014823309723749806,5.004679544855573,0.2546313765226461,,True
llmsr,CRK10,1,2,0.0,0.00014823309723749806,5.004679544855573,0.2546313765226461,,True
llmsr,CRK10,1,20,0.0,2.5538889966736183e-06,0.02584409503135807,0.3993013090610017,,True
llmsr,first_principles_leavitt,1,60,0.0,0.00037589712681116864,0.007012326852064966,0.3421096015357501,,True
llmsr,first_principles_leavitt,1,10,0.0,0.00027594262689019096,0.0010589244742440274,0.376225579274257,,True
llmsr,first_principles_leavitt,1,30,0.0,,,0.0,,False
llmsr,first_principles_leavitt,1,5,0.0,0.00026973973873013844,3.4911492141399775e-05,0.42950309486537713,,True
llmsr,first_principles_leavitt,1,1,0.0,0.0002806702488372697,0.00013548966414304425,0.40785348050325004,,True
llmsr,first_principles_leavitt,1,45,0.0,,,0.0,,False
llmsr,first_principles_leavitt,1,3,0.0,0.0002732612036574618,5.647289392219926e-05,0.42184221355480017,,True
llmsr,first_principles_leavitt,1,2,0.0,0.0002806702488372697,0.00013548966414304425,0.40785348050325004,,True
llmsr,first_principles_leavitt,1,20,0.0,0.000306815533488983,0.009062050189813143,0.3412820069102481,,True
llmsr,feynman-i.13.12,1,1,0.0,7280.304122143019,6313.093109748693,0.0,,True
llmsr,feynman-i.13.12,1,3,0.0,5016.286307094964,8299.713166055299,0.0,,True
llmsr,feynman-i.13.12,1,2,0.0,5016.286307094964,8299.713166055299,0.0,,True
llmsr,CRK11,1,60,0.0,3.7320482155956214e-07,0.01648107284155632,0.4361095455446382,,True
llmsr,CRK11,1,10,0.0,0.00014351718183830251,1.0,0.2801105750785417,,True
llmsr,CRK11,1,30,0.0,4.54959377472987e-05,0.03600444664566931,0.34948825851407606,,True
llmsr,CRK11,1,5,0.0,0.0002524183111335398,1.8609533302831711,0.26171941648153474,,True
llmsr,CRK11,1,1,0.0,0.0002524183111335398,1.8609533302831711,0.26171941648153474,,True
llmsr,CRK11,1,45,0.0,3.7320482155956214e-07,0.01648107284155632,0.4361095455446382,,True
llmsr,CRK11,1,3,0.0,0.0002524183111335398,1.8609533302831711,0.26171941648153474,,True
llmsr,CRK11,1,2,0.0,0.0002524183111335398,1.8609533302831711,0.26171941648153474,,True
llmsr,CRK11,1,20,0.0,4.54959377472987e-05,0.03600444664566931,0.34948825851407606,,True
llmsr,strogatz_barmag1,1,60,0.0,5.113482815066437e-13,1.1904868436468105e-12,0.9972955499901489,,True
llmsr,strogatz_barmag1,1,10,0.0,1.1223220945788826e-11,1.9129159567139005e-11,0.9167209499069116,,True
llmsr,strogatz_barmag1,1,30,0.0,5.113482815066437e-13,1.1904868436468105e-12,0.9972955499901489,,True
llmsr,strogatz_barmag1,1,5,0.0,1.1223220945788826e-11,1.9129159567139005e-11,0.9167209499069116,,True
llmsr,strogatz_barmag1,1,1,0.0,3.5860551569094303e-10,6.669634521702352e-10,0.8079028928029303,,True
llmsr,strogatz_barmag1,1,45,0.0,5.113482815066437e-13,1.1904868436468105e-12,0.9972955499901489,,True
llmsr,strogatz_barmag1,1,3,0.0,3.5860551569094303e-10,6.669634521702352e-10,0.8079028928029303,,True
llmsr,strogatz_barmag1,1,2,0.0,3.5860551569094303e-10,6.669634521702352e-10,0.8079028928029303,,True
llmsr,strogatz_barmag1,1,20,0.0,5.113482815066437e-13,1.1904868436468105e-12,0.9972955499901489,,True
llmsr,MatSci21,1,60,0.0,5.273731466546783e-07,3.401638575892905e-06,0.5623640649967405,,True
llmsr,MatSci21,1,10,0.0,7.33149570058851e-06,7.87252469804122e-05,0.4728104779991512,,True
llmsr,MatSci21,1,30,0.0,3.6020822108011782e-06,3.312300299586536e-05,0.4972613098415203,,True
llmsr,MatSci21,1,5,0.0,7.33149570058851e-06,7.87252469804122e-05,0.4728104779991512,,True
llmsr,MatSci21,1,1,0.0,0.00015702219673371305,0.00045194708372053996,0.3981768343859804,,True
llmsr,MatSci21,1,45,0.0,3.6020822108011782e-06,3.312300299586536e-05,0.4972613098415203,,True
llmsr,MatSci21,1,3,0.0,0.00015702219673371305,0.00045194708372053996,0.3981768343859804,,True
llmsr,MatSci21,1,2,0.0,0.00015702219673371305,0.00045194708372053996,0.3981768343859804,,True
llmsr,MatSci21,1,20,0.0,7.33149570058851e-06,7.87252469804122e-05,0.4728104779991512,,True
llmsr,Keijzer-2,1,60,0.0,0.00028017074459380805,0.1104000857165083,0.3039145644675001,,True
llmsr,Keijzer-2,1,10,0.0,0.12190238287320346,5.387857764537342,0.14937756010095882,,True
llmsr,Keijzer-2,1,30,0.0,0.00028017074459380805,0.1104000857165083,0.3039145644675001,,True
llmsr,Keijzer-2,1,5,0.0,0.6822057119936393,0.6798287822060383,0.15477446789602267,,True
llmsr,Keijzer-2,1,1,0.0,0.6866738749635488,3.69854757351756,0.128400652359337,,True
llmsr,Keijzer-2,1,45,0.0,0.00028017074459380805,0.1104000857165083,0.3039145644675001,,True
llmsr,Keijzer-2,1,3,0.0,0.6732426545975276,3.0751919071809923,0.13156986261331644,,True
llmsr,Keijzer-2,1,2,0.0,0.6866738749635488,3.69854757351756,0.128400652359337,,True
llmsr,Keijzer-2,1,20,0.0,0.00028017074459380805,0.1104000857165083,0.3039145644675001,,True
llmsr,Nguyen-12,1,60,0.0,3.1384117198725174e-05,0.00047964273383928823,0.42222757904981273,,True
llmsr,Nguyen-12,1,10,0.0,0.00013069232274671153,0.00142533519084966,0.3832083184148428,,True
llmsr,Nguyen-12,1,30,0.0,3.29875251203604e-05,0.0007932360066198409,0.41365170880528646,,True
llmsr,Nguyen-12,1,5,0.0,0.00013069232274671153,0.00142533519084966,0.3832083184148428,,True
llmsr,Nguyen-12,1,1,0.0,6.109094183138342e-05,0.004526033900971617,0.37708233488437415,,True
llmsr,Nguyen-12,1,45,0.0,3.29875251203604e-05,0.0007932360066198409,0.41365170880528646,,True
llmsr,Nguyen-12,1,3,0.0,6.109094183138342e-05,0.004526033900971617,0.37708233488437415,,True
llmsr,Nguyen-12,1,2,0.0,6.109094183138342e-05,0.004526033900971617,0.37708233488437415,,True
llmsr,Nguyen-12,1,20,0.0,0.00013069232274671153,0.00142533519084966,0.3832083184148428,,True
llmsr,feynman-ii.34.11,1,60,0.0,1.0,1.0,0.1428571428571429,,True
llmsr,feynman-ii.34.11,1,10,0.0,9.258779806324673e+21,5.664549715112359e+26,0.0,,True
llmsr,feynman-ii.34.11,1,30,0.0,0.9998868204349409,1.0000380410346112,0.14285830840518443,,True
llmsr,feynman-ii.34.11,1,5,0.0,1.0000000000000155,1.0000000000000007,0.14285714285714263,,True
llmsr,feynman-ii.34.11,1,1,0.0,2.719623418175637e+16,1.7597264711747731e+19,0.0,,True
llmsr,feynman-ii.34.11,1,45,0.0,0.9999121699279875,1.0000428787368394,0.1428578401496875,,True
llmsr,feynman-ii.34.11,1,3,0.0,1.0,1.0,0.1428571428571429,,True
llmsr,feynman-ii.34.11,1,2,0.0,1.0000000000000222,1.000000000000001,0.14285714285714257,,True
llmsr,feynman-ii.34.11,1,20,0.0,1.0,1.0,0.1428571428571429,,True
llmsr,strogatz_predprey2,1,60,0.0,1.8835085817186546e-13,5.594439633927712e-13,1.0,,True
llmsr,strogatz_predprey2,1,30,0.0,1.8835085817186546e-13,5.594439633927712e-13,1.0,,True
llmsr,strogatz_predprey2,1,5,0.0,0.0076980016532116795,0.029224135118724622,0.2731385833139292,,True
llmsr,strogatz_predprey2,1,1,0.0,0.012027278876100523,,0.0,,False
llmsr,strogatz_predprey2,1,45,0.0,1.8835085817186546e-13,5.594439633927712e-13,1.0,,True
llmsr,strogatz_predprey2,1,3,0.0,0.012027278876100523,,0.0,,False
llmsr,strogatz_predprey2,1,2,0.0,0.012027278876100523,,0.0,,False
llmsr,feynman-iii.7.38,1,10,0.0,0.9999999999989758,0.9999999999999997,0.14285714285715873,,True
llmsr,feynman-iii.7.38,1,30,0.0,1.0000088673202656,1.0000000000749334,0.14285700531986678,,True
llmsr,feynman-iii.7.38,1,5,0.0,0.9999999999989758,0.9999999999999997,0.14285714285715873,,True
llmsr,feynman-iii.7.38,1,1,0.0,0.9999999999999989,1.0,0.1428571428571429,,True
llmsr,feynman-iii.7.38,1,3,0.0,0.9999999999999989,1.0,0.1428571428571429,,True
llmsr,feynman-iii.7.38,1,2,0.0,0.9999999999999989,1.0,0.1428571428571429,,True
llmsr,feynman-iii.7.38,1,20,0.0,1.0000024324948376,1.0000000000184532,0.1428571051276495,,True
llmsr,Korns-4,1,60,0.0,0.00013547916812834695,0.0001805313014452314,0.4146991059179121,,True
llmsr,Korns-4,1,10,0.0,0.0016660883901886841,0.0018565195426991682,0.3396286584536844,,True
llmsr,Korns-4,1,30,0.0,0.001951118639527642,0.002152706693329707,0.33488326646361977,,True
llmsr,Korns-4,1,5,0.0,0.0016660883901886841,0.0018565195426991682,0.3396286584536844,,True
llmsr,Korns-4,1,1,0.0,0.0016306369976013839,0.0017824703333431736,0.3405935856355423,,True
llmsr,Korns-4,1,45,0.0,0.001951118639527642,0.002152706693329707,0.33488326646361977,,True
llmsr,Korns-4,1,3,0.0,0.0016660883901886841,0.0018565195426991682,0.3396286584536844,,True
llmsr,Korns-4,1,2,0.0,0.0016660883901886841,0.0018565195426991682,0.3396286584536844,,True
llmsr,Korns-4,1,20,0.0,0.001951118639527642,0.002152706693329707,0.33488326646361977,,True
llmsr,feynman_I_27_6,1,60,0.0,0.00218624085800563,0.05242905588365727,0.2835974984404255,,True
llmsr,feynman_I_27_6,1,10,0.0,0.007360365475272277,0.06998808402395085,0.2602884469968203,,True
llmsr,feynman_I_27_6,1,30,0.0,0.0027430863242297195,0.039266401443344284,0.2845621222402362,,True
llmsr,feynman_I_27_6,1,5,0.0,0.01484934623588275,0.13184874718359882,0.23957916638773158,,True
llmsr,feynman_I_27_6,1,1,0.0,0.021049417258008796,0.1451463275371152,0.2326769239642536,,True
llmsr,feynman_I_27_6,1,45,0.0,0.0027430863242297195,0.039266401443344284,0.2845621222402362,,True
llmsr,feynman_I_27_6,1,3,0.0,0.021049417258008796,0.1451463275371152,0.2326769239642536,,True
llmsr,feynman_I_27_6,1,2,0.0,0.021049417258008796,0.1451463275371152,0.2326769239642536,,True
llmsr,feynman_I_27_6,1,20,0.0,0.006646599724935472,0.08892507009648407,0.2581562949483844,,True
llmsr,feynman-ii.4.23,1,60,0.0,2.439169903788957e-19,2.79668333316816e-19,1.0,,True
llmsr,feynman-ii.4.23,1,30,0.0,3.426122757346611e-19,3.6733760283846794e-19,1.0,,True
llmsr,feynman-ii.4.23,1,45,0.0,3.4172776689548584e-19,3.512181499735688e-19,1.0,,True
llmsr,PO19,1,60,0.0,0.0003717940276459529,25264.33579525482,0.1939177711016079,,True
llmsr,PO19,1,10,0.0,0.006830140996135109,531.5397645123238,0.14877036896383455,,True
llmsr,PO19,1,30,0.0,0.0015111738022130922,0.02254617105792418,0.3024147423678535,,True
llmsr,PO19,1,5,0.0,0.006830140996135109,531.5397645123238,0.14877036896383455,,True
llmsr,PO19,1,1,0.0,0.009634591841744465,21330.656765922133,0.1434345242499443,,True
llmsr,PO19,1,45,0.0,0.0015111738022130922,0.02254617105792418,0.3024147423678535,,True
llmsr,PO19,1,3,0.0,0.008899924241596007,8282.673892257753,0.14466477464870436,,True
llmsr,PO19,1,2,0.0,0.009634591841744465,21330.656765922133,0.1434345242499443,,True
llmsr,PO19,1,20,0.0,0.0015111738022130922,0.02254617105792418,0.3024147423678535,,True
llmsr,feynman_II_15_4,1,60,0.0,2.5014480601663078e-31,5.908606957084231e-32,1.0,,True
llmsr,feynman_II_15_4,1,10,0.0,2.5014480601663078e-31,5.908606957084231e-32,1.0,,True
llmsr,feynman_II_15_4,1,30,0.0,2.5014480601663078e-31,5.908606957084231e-32,1.0,,True
llmsr,feynman_II_15_4,1,5,0.0,2.5014480601663078e-31,5.908606957084231e-32,1.0,,True
llmsr,feynman_II_15_4,1,1,0.0,2.5014480601663078e-31,5.908606957084231e-32,1.0,,True
llmsr,feynman_II_15_4,1,45,0.0,2.5014480601663078e-31,5.908606957084231e-32,1.0,,True
llmsr,feynman_II_15_4,1,3,0.0,2.5014480601663078e-31,5.908606957084231e-32,1.0,,True
llmsr,feynman_II_15_4,1,2,0.0,2.5014480601663078e-31,5.908606957084231e-32,1.0,,True
llmsr,feynman_II_15_4,1,20,0.0,2.5014480601663078e-31,5.908606957084231e-32,1.0,,True
llmsr,feynman-i.11.19,1,60,0.0,0.3247874717610386,0.32875406464826207,0.17755462858473464,,True
llmsr,feynman-i.11.19,1,10,0.0,0.3247874717610386,0.32875406464826207,0.17755462858473464,,True
llmsr,feynman-i.11.19,1,30,0.0,0.3247874717610386,0.32875406464826207,0.17755462858473464,,True
llmsr,feynman-i.11.19,1,5,0.0,0.3247874717610386,0.32875406464826207,0.17755462858473464,,True
llmsr,feynman-i.11.19,1,1,0.0,260719.34765686802,12412919.235990837,0.0,,True
llmsr,feynman-i.11.19,1,45,0.0,0.3247874717610386,0.32875406464826207,0.17755462858473464,,True
llmsr,feynman-i.11.19,1,3,0.0,,,0.0,,False
llmsr,feynman-i.11.19,1,2,0.0,,,0.0,,False
llmsr,feynman-i.11.19,1,20,0.0,0.3247874717610386,0.32875406464826207,0.17755462858473464,,True
llmsr,BPG9,1,60,0.0,3.787620267099582e-05,0.08096795574297405,0.3397614426354032,,True
llmsr,BPG9,1,10,0.0,0.0028007384717028076,1.0004559567250775,0.23401890959356447,,True
llmsr,BPG9,1,30,0.0,0.00024340500160224438,1.0,0.2719168036401355,,True
llmsr,BPG9,1,5,0.0,0.0027995617182604276,0.9999999997512222,0.23403249835183704,,True
llmsr,BPG9,1,1,0.0,0.19936002374292658,60.01665653526246,0.1043603616294233,,True
llmsr,BPG9,1,45,0.0,0.0001714046170765627,1.0,0.2773563387068033,,True
llmsr,BPG9,1,3,0.0,0.019165382793747927,17.800162475774673,0.159537804843283,,True
llmsr,BPG9,1,2,0.0,0.19936002374292658,60.01665653526246,0.1043603616294233,,True
llmsr,BPG9,1,20,0.0,0.00024340500160224438,1.0,0.2719168036401355,,True
llmsr,feynman-i.29.16,1,60,0.0,0.0372265173424142,0.16730053403906833,0.22163036657929036,,True
llmsr,feynman-i.29.16,1,10,0.0,0.060291236974487294,,0.0,,False
llmsr,feynman-i.29.16,1,30,0.0,0.050292594301405466,0.2400228994910391,0.2113658315477871,,True
llmsr,feynman-i.29.16,1,5,0.0,0.06484784848547942,0.11089359715597327,0.2193999270359876,,True
llmsr,feynman-i.29.16,1,1,0.0,0.097800801392001,0.04215930526170346,0.22802729074854972,,True
llmsr,feynman-i.29.16,1,45,0.0,0.037228819305650244,0.16730535689795256,0.2216289603672284,,True
llmsr,feynman-i.29.16,1,3,0.0,0.06778425253680137,0.09350401561172457,0.22135860450580785,,True
llmsr,feynman-i.29.16,1,2,0.0,0.06778425253680137,0.09350401561172457,0.22135860450580785,,True
llmsr,feynman-i.29.16,1,20,0.0,0.050292594301405466,0.2400228994910391,0.2113658315477871,,True
llmsr,first_principles_hubble,1,60,0.0,0.16127430961999514,0.10167134105530119,0.20661558059165802,,True
llmsr,first_principles_hubble,1,10,0.0,0.1130234189330807,0.14091478159981974,0.20706696455894813,,True
llmsr,first_principles_hubble,1,30,0.0,0.039937534456578806,0.09237231855187117,0.22975274661507605,,True
llmsr,first_principles_hubble,1,5,0.0,0.055518900185179215,0.04512100879346409,0.2357564408892826,,True
llmsr,first_principles_hubble,1,1,0.0,0.06806388744588035,0.03330665972631434,0.2373054346357239,,True
llmsr,first_principles_hubble,1,45,0.0,0.16127430961999514,0.10167134105530119,0.20661558059165802,,True
llmsr,first_principles_hubble,1,3,0.0,0.06806388744588035,0.03330665972631434,0.2373054346357239,,True
llmsr,first_principles_hubble,1,2,0.0,0.06806388744588035,0.03330665972631434,0.2373054346357239,,True
llmsr,first_principles_hubble,1,20,0.0,0.039937534456578806,0.09237231855187117,0.22975274661507605,,True
llmsr,feynman-i.15.3t,1,60,0.0,1.0853201266114462e+30,9.902036508497272e+29,0.0,,True
llmsr,feynman-i.15.3t,1,10,0.0,1.0853177286018395e+30,9.903839198393179e+29,0.0,,True
llmsr,feynman-i.15.3t,1,30,0.0,1.085364007602319e+30,9.904261507701259e+29,0.0,,True
llmsr,feynman-i.15.3t,1,5,0.0,1.0853177286018395e+30,9.903839198393179e+29,0.0,,True
llmsr,feynman-i.15.3t,1,45,0.0,1.085364007602319e+30,9.904261507701259e+29,0.0,,True
llmsr,feynman-i.15.3t,1,3,0.0,1.0853177286018395e+30,9.903839198393179e+29,0.0,,True
llmsr,feynman-i.15.3t,1,2,0.0,1.0853177286018395e+30,9.903839198393179e+29,0.0,,True
llmsr,feynman-i.15.3t,1,20,0.0,1.0853177286018395e+30,9.903839198393179e+29,0.0,,True
llmsr,feynman_test_15,1,60,0.0,6.205739084935755e-07,5.8260602209291075e-05,0.5157796970901412,,True
llmsr,feynman_test_15,1,10,0.0,6.940625225719942e-05,0.00461864742975408,0.37478880694820627,,True
llmsr,feynman_test_15,1,30,0.0,6.205739084935755e-07,5.8260602209291075e-05,0.5157796970901412,,True
llmsr,feynman_test_15,1,5,0.0,0.00035428306455472506,0.00012167188989127225,0.40590926262350263,,True
llmsr,feynman_test_15,1,1,0.0,0.007539357299973737,0.0870692355265006,0.25652860510984016,,True
llmsr,feynman_test_15,1,45,0.0,6.205739084935755e-07,5.8260602209291075e-05,0.5157796970901412,,True
llmsr,feynman_test_15,1,3,0.0,0.00035428306455472506,0.00012167188989127225,0.40590926262350263,,True
llmsr,feynman_test_15,1,2,0.0,0.00035428306455472506,0.00012167188989127225,0.40590926262350263,,True
llmsr,feynman_test_15,1,20,0.0,6.693423252083263e-05,0.0018358914361197602,0.3896608827125494,,True
drsr,II.6.15b_3_0,3,60,0.0,,,0.0,,False
drsr,II.6.15b_3_0,3,10,0.0,0.09798741372157051,0.32634824684394176,0.19625530074831105,,True
drsr,II.6.15b_3_0,3,30,0.0,,,0.0,,False
drsr,II.6.15b_3_0,3,5,0.0,0.19944599923134224,0.32486331325160783,0.18530264291539417,,True
drsr,II.6.15b_3_0,3,1,0.0,0.21862972355856267,0.3048256030717856,0.1848656911665873,,True
drsr,II.6.15b_3_0,3,45,0.0,,,0.0,,False
drsr,II.6.15b_3_0,3,3,0.0,0.19944599923134224,0.32486331325160783,0.18530264291539417,,True
drsr,II.6.15b_3_0,3,2,0.0,0.21862972355856267,0.3048256030717856,0.1848656911665873,,True
drsr,II.6.15b_3_0,3,20,0.0,,,0.0,,False
drsr,feynman-i.18.16,3,60,0.0,0.1205169152780992,0.45260549990421695,0.18797257735383438,,True
drsr,feynman-i.18.16,3,10,0.0,6.804388091865894e+42,1.7306089215017705e+46,0.0,,True
drsr,feynman-i.18.16,3,30,0.0,1.0384730315728086,1.6253816374974948,0.13473747958005738,,True
drsr,feynman-i.18.16,3,5,0.0,4.9271461342432735e+41,1.253156484072047e+45,0.0,,True
drsr,feynman-i.18.16,3,1,0.0,1.002737307458988,1.0010966519376467,0.14279774348713076,,True
drsr,feynman-i.18.16,3,45,0.0,0.12051690393046782,0.45260541452302994,0.18797258174023573,,True
drsr,feynman-i.18.16,3,3,0.0,1.002737307458988,1.0010966519376467,0.14279774348713076,,True
drsr,feynman-i.18.16,3,2,0.0,1.002737307458988,1.0010966519376467,0.14279774348713076,,True
drsr,feynman-i.18.16,3,20,0.0,6.804388091865894e+42,1.7306089215017705e+46,0.0,,True
drsr,Nguyen-9,3,60,0.0,2.888157620549934e-05,7.223850985041274e-06,0.4885932260801024,,True
drsr,Nguyen-9,3,10,0.0,2.888157620549934e-05,7.223850985041274e-06,0.4885932260801024,,True
drsr,Nguyen-9,3,30,0.0,1.1320906552369906e-05,6.015095628561425e-06,0.5059598663663655,,True
drsr,Nguyen-9,3,5,0.0,2.888157620549934e-05,7.223850985041274e-06,0.4885932260801024,,True
drsr,Nguyen-9,3,1,0.0,0.0005355175205171781,8.687120260223658e-05,0.40472680293146,,True
drsr,Nguyen-9,3,45,0.0,1.05349695134697e-05,9.406809304311209e-06,0.5001401563134366,,True
drsr,Nguyen-9,3,3,0.0,0.00014685775465519057,9.039389487390864e-05,0.42417728630445706,,True
drsr,Nguyen-9,3,2,0.0,0.0005355175205171781,8.687120260223658e-05,0.40472680293146,,True
drsr,Nguyen-9,3,20,0.0,1.1320906552369906e-05,6.015095628561425e-06,0.5059598663663655,,True
drsr,CRK10,3,60,0.0,8.583889583049617e-11,1.0289063570125618e-06,0.7162121438204728,,True
drsr,CRK10,3,10,0.0,1.4444379620988056e-08,0.0005160368891591542,0.5402721556305501,,True
drsr,CRK10,3,30,0.0,1.9462866223677724e-09,7.478913485414928e-05,0.6013198104646418,,True
drsr,CRK10,3,5,0.0,1.0339341062399879e-07,0.0031030146690922585,0.4819186896345434,,True
drsr,CRK10,3,1,0.0,0.0007219559547457619,34.969502366245884,0.19992142303703248,,True
drsr,CRK10,3,45,0.0,1.0748318959772822e-09,3.436282900396075e-05,0.6225918051155171,,True
drsr,CRK10,3,3,0.0,9.236469065314762e-07,0.02703570243787055,0.4143770129330193,,True
drsr,CRK10,3,2,0.0,9.237815855288471e-07,0.0270288496565486,0.4143786834482207,,True
drsr,CRK10,3,20,0.0,6.2800527466941074e-09,0.00011930425178956956,0.5759064566838858,,True
drsr,first_principles_leavitt,3,60,0.0,0.00032502706247769124,0.0004390891493426896,0.38734027757588585,,True
drsr,first_principles_leavitt,3,10,0.0,0.0002824903756903887,0.00013985621086682834,0.4072612352177999,,True
drsr,first_principles_leavitt,3,30,0.0,0.00032502706247769124,0.0004390891493426896,0.38734027757588585,,True
drsr,first_principles_leavitt,3,5,0.0,0.00019304265586010663,0.001932474486688474,0.3724368909708914,,True
drsr,first_principles_leavitt,3,1,0.0,0.00019304265586010663,0.001932474486688474,0.3724368909708914,,True
drsr,first_principles_leavitt,3,45,0.0,0.00032502706247769124,0.0004390891493426896,0.38734027757588585,,True
drsr,first_principles_leavitt,3,3,0.0,0.00019304265586010663,0.001932474486688474,0.3724368909708914,,True
drsr,first_principles_leavitt,3,2,0.0,0.00019304265586010663,0.001932474486688474,0.3724368909708914,,True
drsr,first_principles_leavitt,3,20,0.0,0.00032502706247769124,0.0004390891493426896,0.38734027757588585,,True
drsr,feynman-i.13.12,3,60,0.0,0.5444322746030531,1.1795312712158523,0.14972666707160076,,True
drsr,feynman-i.13.12,3,10,0.0,0.5444322746030531,1.1795312712158523,0.14972666707160076,,True
drsr,feynman-i.13.12,3,30,0.0,0.5444322746030531,1.1795312712158523,0.14972666707160076,,True
drsr,feynman-i.13.12,3,5,0.0,0.529752297019088,1.1254006775975984,0.15087928497132364,,True
drsr,feynman-i.13.12,3,1,0.0,0.5242906743861708,1.1104853881205878,0.15124696495101264,,True
drsr,feynman-i.13.12,3,45,0.0,0.5444322746030531,1.1795312712158523,0.14972666707160076,,True
drsr,feynman-i.13.12,3,3,0.0,0.529752297019088,1.1254006775975984,0.15087928497132364,,True
drsr,feynman-i.13.12,3,2,0.0,0.5242906743861708,1.1104853881205878,0.15124696495101264,,True
drsr,feynman-i.13.12,3,20,0.0,0.5444322746030531,1.1795312712158523,0.14972666707160076,,True
drsr,CRK11,3,60,0.0,9.933525135491571e-12,7.934858793805148e-09,0.8251199072272369,,True
drsr,CRK11,3,10,0.0,2.1507036598999797e-10,1.6728269532698053e-07,0.7301417288731937,,True
drsr,CRK11,3,30,0.0,2.1507036598999797e-10,1.6728269532698053e-07,0.7301417288731937,,True
drsr,CRK11,3,5,0.0,2.1507036598999797e-10,1.6728269532698053e-07,0.7301417288731937,,True
drsr,CRK11,3,1,0.0,2.8573499297172284e-06,0.00039004027265270003,0.46260453994534834,,True
drsr,CRK11,3,45,0.0,9.933525135491571e-12,7.934858793805148e-09,0.8251199072272369,,True
drsr,CRK11,3,3,0.0,2.1507036598999797e-10,1.6728269532698053e-07,0.7301417288731937,,True
drsr,CRK11,3,2,0.0,2.1507036598999797e-10,1.6728269532698053e-07,0.7301417288731937,,True
drsr,CRK11,3,20,0.0,2.1507036598999797e-10,1.6728269532698053e-07,0.7301417288731937,,True
drsr,strogatz_barmag1,3,60,0.0,1.3223167361942474e-21,2.4168976594448266e-21,1.0,,True
drsr,strogatz_barmag1,3,10,0.0,1.758537317059727e-21,2.6988022644665645e-21,1.0,,True
drsr,strogatz_barmag1,3,30,0.0,9.314520727003252e-22,6.394746388193005e-22,1.0,,True
drsr,strogatz_barmag1,3,5,0.0,2.0695472439845886e-21,2.73440150566077e-21,1.0,,True
drsr,strogatz_barmag1,3,1,0.0,0.03697652884917323,0.9347462228287303,0.1950492907679759,,True
drsr,strogatz_barmag1,3,45,0.0,1.3223167361942474e-21,2.4168976594448266e-21,1.0,,True
drsr,strogatz_barmag1,3,3,0.0,0.04986028352009499,0.9268225954192597,0.19054459439983712,,True
drsr,strogatz_barmag1,3,2,0.0,0.04986028352009499,0.9268225954192597,0.19054459439983712,,True
drsr,strogatz_barmag1,3,20,0.0,1.758537317059727e-21,2.6988022644665645e-21,1.0,,True
drsr,MatSci21,3,60,0.0,,,0.0,,False
drsr,MatSci21,3,10,0.0,1.9121958761248437e-06,6.9741852213376465e-06,0.5312490766251801,,True
drsr,MatSci21,3,30,0.0,1.2338768256619756e-07,2.119918601520173e-07,0.6279431788158678,,True
drsr,MatSci21,3,5,0.0,1.9121958761248437e-06,6.9741852213376465e-06,0.5312490766251801,,True
drsr,MatSci21,3,1,0.0,0.009023384424652755,0.01790933975721025,0.27826967730028185,,True
drsr,MatSci21,3,45,0.0,1.2338768256619756e-07,2.119918601520173e-07,0.6279431788158678,,True
drsr,MatSci21,3,3,0.0,1.9121958761248437e-06,6.9741852213376465e-06,0.5312490766251801,,True
drsr,MatSci21,3,2,0.0,1.9121958761248437e-06,6.9741852213376465e-06,0.5312490766251801,,True
drsr,MatSci21,3,20,0.0,1.2338768256619756e-07,2.119918601520173e-07,0.6279431788158678,,True
drsr,Keijzer-2,3,60,0.0,0.036295381668377626,4.066013819121908,0.172534992215168,,True
drsr,Keijzer-2,3,10,0.0,0.13979972524363857,10.526718261535647,0.1368643100913171,,True
drsr,Keijzer-2,3,30,0.0,0.03865964204085654,3.2474206574724183,0.17504298651940137,,True
drsr,Keijzer-2,3,5,0.0,0.15763076191176142,6.266499810836883,0.14304764265614062,,True
drsr,Keijzer-2,3,1,0.0,0.697258699364274,4.566267984090638,0.12489445224520118,,True
drsr,Keijzer-2,3,45,0.0,0.036295381668377626,4.066013819121908,0.172534992215168,,True
drsr,Keijzer-2,3,3,0.0,0.697258699364274,4.566267984090638,0.12489445224520118,,True
drsr,Keijzer-2,3,2,0.0,0.697258699364274,4.566267984090638,0.12489445224520118,,True
drsr,Keijzer-2,3,20,0.0,0.13899708518207002,11.376054297621868,0.13575009466755922,,True
drsr,Nguyen-12,3,60,0.0,4.4058314460799725e-07,1.2380682777183115e-05,0.5451152687714895,,True
drsr,Nguyen-12,3,10,0.0,8.04768098598273e-06,9.14373413153445e-05,0.469043059207785,,True
drsr,Nguyen-12,3,30,0.0,8.04768098598273e-06,9.14373413153445e-05,0.469043059207785,,True
drsr,Nguyen-12,3,5,0.0,2.333617818100654e-05,0.0006500272861320559,0.42210852430356544,,True
drsr,Nguyen-12,3,1,0.0,5.358676715960733e-06,0.0007249705840805926,0.4432365020523407,,True
drsr,Nguyen-12,3,45,0.0,9.410709756561605e-07,8.157466009251955e-05,0.5041007981419823,,True
drsr,Nguyen-12,3,3,0.0,5.358676715960733e-06,0.0007249705840805926,0.4432365020523407,,True
drsr,Nguyen-12,3,2,0.0,5.358676715960733e-06,0.0007249705840805926,0.4432365020523407,,True
drsr,Nguyen-12,3,20,0.0,8.04768098598273e-06,9.14373413153445e-05,0.469043059207785,,True
drsr,feynman-ii.34.11,3,60,0.0,4.4670151282762146e+30,2.8982805436843653e+29,0.0,,True
drsr,feynman-ii.34.11,3,10,0.0,1.0,1.0,0.1428571428571429,,True
drsr,feynman-ii.34.11,3,30,0.0,1.0,1.0,0.1428571428571429,,True
drsr,feynman-ii.34.11,3,5,0.0,1.0,1.0,0.1428571428571429,,True
drsr,feynman-ii.34.11,3,1,0.0,1.0,1.0,0.1428571428571429,,True
drsr,feynman-ii.34.11,3,45,0.0,4.342384690411886e+30,2.8174180521009894e+29,0.0,,True
drsr,feynman-ii.34.11,3,3,0.0,1.0,1.0,0.1428571428571429,,True
drsr,feynman-ii.34.11,3,2,0.0,1.0,1.0,0.1428571428571429,,True
drsr,feynman-ii.34.11,3,20,0.0,1.0,1.0,0.1428571428571429,,True
drsr,strogatz_predprey2,3,60,0.0,0.00048700137129851606,0.021939345163954217,0.32040164839636165,,True
drsr,strogatz_predprey2,3,10,0.0,0.016073311417065826,0.19526987750497532,0.23225926382224688,,True
drsr,strogatz_predprey2,3,30,0.0,0.00048700137129851606,0.021939345163954217,0.32040164839636165,,True
drsr,strogatz_predprey2,3,5,0.0,0.016073311417065826,0.19526987750497532,0.23225926382224688,,True
drsr,strogatz_predprey2,3,1,0.0,0.059950635186693135,0.723791593332131,0.191521167019514,,True
drsr,strogatz_predprey2,3,45,0.0,0.00048700137129851606,0.021939345163954217,0.32040164839636165,,True
drsr,strogatz_predprey2,3,3,0.0,0.016073311417065826,0.19526987750497532,0.23225926382224688,,True
drsr,strogatz_predprey2,3,2,0.0,0.059950635186693135,0.723791593332131,0.191521167019514,,True
drsr,strogatz_predprey2,3,20,0.0,0.016073311417065826,0.19526987750497532,0.23225926382224688,,True
drsr,feynman-iii.7.38,3,60,0.0,0.9999999999989989,0.9999999999999997,0.14285714285715845,,True
drsr,feynman-iii.7.38,3,10,0.0,0.9999999999999989,1.0,0.1428571428571429,,True
drsr,feynman-iii.7.38,3,30,0.0,0.9999999999989989,0.9999999999999997,0.14285714285715845,,True
drsr,feynman-iii.7.38,3,5,0.0,0.9999999999999989,1.0,0.1428571428571429,,True
drsr,feynman-iii.7.38,3,1,0.0,0.9999999999999998,1.0,0.1428571428571429,,True
drsr,feynman-iii.7.38,3,45,0.0,0.9999999999989989,0.9999999999999997,0.14285714285715845,,True
drsr,feynman-iii.7.38,3,3,0.0,0.9999999999999989,1.0,0.1428571428571429,,True
drsr,feynman-iii.7.38,3,2,0.0,0.9999999999999989,1.0,0.1428571428571429,,True
drsr,feynman-iii.7.38,3,20,0.0,0.9999999999999989,1.0,0.1428571428571429,,True
drsr,Korns-4,3,60,0.0,0.001739331117680036,0.002003731682045211,0.33777779171742117,,True
drsr,Korns-4,3,10,0.0,0.0018430471552539785,0.001891378157230323,0.3377744708488623,,True
drsr,Korns-4,3,30,0.0,0.001537022638262823,0.0019531991152684086,0.3400919006068416,,True
drsr,Korns-4,3,5,0.0,0.0018430471552539785,0.001891378157230323,0.3377744708488623,,True
drsr,Korns-4,3,1,0.0,0.001554180929017148,0.0018074275313743173,0.34112276896946603,,True
drsr,Korns-4,3,45,0.0,0.001739331117680036,0.002003731682045211,0.33777779171742117,,True
drsr,Korns-4,3,3,0.0,0.001554180929017148,0.0018074275313743173,0.34112276896946603,,True
drsr,Korns-4,3,2,0.0,0.001554180929017148,0.0018074275313743173,0.34112276896946603,,True
drsr,Korns-4,3,20,0.0,0.001897857319998494,0.0019026824601701814,0.3372275045023943,,True
drsr,feynman_I_27_6,3,60,0.0,0.004018230846358823,0.05127449484528363,0.2745022759412733,,True
drsr,feynman_I_27_6,3,10,0.0,0.007360385383381025,0.06999213492763172,0.2602875073231793,,True
drsr,feynman_I_27_6,3,30,0.0,0.007360385383381025,0.06999213492763172,0.2602875073231793,,True
drsr,feynman_I_27_6,3,5,0.0,0.007360395188687478,0.06999006345691196,0.2602879457129039,,True
drsr,feynman_I_27_6,3,1,0.0,0.021049415452187914,0.14514618801296347,0.23267694020462626,,True
drsr,feynman_I_27_6,3,45,0.0,0.007360385383381025,0.06999213492763172,0.2602875073231793,,True
drsr,feynman_I_27_6,3,3,0.0,0.021049415452187914,0.14514618801296347,0.23267694020462626,,True
drsr,feynman_I_27_6,3,2,0.0,0.021049415452187914,0.14514618801296347,0.23267694020462626,,True
drsr,feynman_I_27_6,3,20,0.0,0.007360385383381025,0.06999213492763172,0.2602875073231793,,True
drsr,feynman-ii.4.23,3,60,0.0,7.794379737455352e-29,1.8516546524969246e-28,1.0,,True
drsr,feynman-ii.4.23,3,10,0.0,0.9999999889830742,0.9999999990136804,0.14285714304331937,,True
drsr,feynman-ii.4.23,3,30,0.0,7.794379737455352e-29,1.8516546524969246e-28,1.0,,True
drsr,feynman-ii.4.23,3,5,0.0,0.9999999904862616,0.9999999904862614,0.14285714315226883,,True
drsr,feynman-ii.4.23,3,1,0.0,0.999999995304335,0.9999999953043349,0.14285714300280727,,True
drsr,feynman-ii.4.23,3,45,0.0,7.794379737455352e-29,1.8516546524969246e-28,1.0,,True
drsr,feynman-ii.4.23,3,3,0.0,0.9999999904862616,0.9999999904862614,0.14285714315226883,,True
drsr,feynman-ii.4.23,3,2,0.0,0.999999995304335,0.9999999953043349,0.14285714300280727,,True
drsr,feynman-ii.4.23,3,20,0.0,1.85997437701723e-06,1.8599743770286495e-06,0.5521780741839044,,True
drsr,PO19,3,60,0.0,0.0023717363456508787,44.972162793104886,0.17757106489070895,,True
drsr,PO19,3,10,0.0,0.004671657091774502,15906.53041713296,0.15466175152641976,,True
drsr,PO19,3,30,0.0,0.003943452214384924,13053.966032613169,0.15729012205218496,,True
drsr,PO19,3,5,0.0,0.0065743108716985015,46233.890151319676,0.1493624915641772,,True
drsr,PO19,3,1,0.0,0.022234166467040413,11009.55543399492,0.1304635409679748,,True
drsr,PO19,3,45,0.0,0.0037320886237448415,1799.188948646314,0.1581445732808504,,True
drsr,PO19,3,3,0.0,0.0065743108716985015,46233.890151319676,0.1493624915641772,,True
drsr,PO19,3,2,0.0,0.0065743108716985015,46233.890151319676,0.1493624915641772,,True
drsr,PO19,3,20,0.0,0.003943452214384924,13053.966032613169,0.15729012205218496,,True
drsr,feynman_II_15_4,3,60,0.0,9.40868783953853e-28,9.408778927888521e-28,1.0,,True
drsr,feynman_II_15_4,3,10,0.0,2.6612555739910885e-25,8.001753943194827e-25,1.0,,True
drsr,feynman_II_15_4,3,30,0.0,9.40868783953853e-28,9.408778927888521e-28,1.0,,True
drsr,feynman_II_15_4,3,5,0.0,2.7473223975909603e-25,8.99033624310562e-26,1.0,,True
drsr,feynman_II_15_4,3,1,0.0,2.7473223975909603e-25,8.99033624310562e-26,1.0,,True
drsr,feynman_II_15_4,3,45,0.0,9.40868783953853e-28,9.408778927888521e-28,1.0,,True
drsr,feynman_II_15_4,3,3,0.0,2.7473223975909603e-25,8.99033624310562e-26,1.0,,True
drsr,feynman_II_15_4,3,2,0.0,2.7473223975909603e-25,8.99033624310562e-26,1.0,,True
drsr,feynman_II_15_4,3,20,0.0,9.40868783953853e-28,9.408778927888521e-28,1.0,,True
drsr,feynman-i.11.19,3,60,0.0,0.14444352457493684,0.29781738388287876,0.19165542423336712,,True
drsr,feynman-i.11.19,3,10,0.0,0.32551315950718795,0.330812699472628,0.17742318844037097,,True
drsr,feynman-i.11.19,3,30,0.0,0.3254957149598907,0.33134587596864973,0.17739904124275474,,True
drsr,feynman-i.11.19,3,5,0.0,0.32211565849118723,0.35362638289071957,0.17655155372097764,,True
drsr,feynman-i.11.19,3,1,0.0,1.0021360830734363,0.9951979880630402,0.1428987075339891,,True
drsr,feynman-i.11.19,3,45,0.0,0.32561429946133735,0.3303768534242861,0.17743881852228627,,True
drsr,feynman-i.11.19,3,3,0.0,0.32211565849118723,0.35362638289071957,0.17655155372097764,,True
drsr,feynman-i.11.19,3,2,0.0,1.0021360830734363,0.9951979880630402,0.1428987075339891,,True
drsr,feynman-i.11.19,3,20,0.0,0.3254957149598907,0.33134587596864973,0.17739904124275474,,True
drsr,BPG9,3,60,0.0,9.499616387454178e-05,0.1152822168009398,0.3200189861753689,,True
drsr,BPG9,3,10,0.0,0.00014023855306673493,1.0642338537965603,0.27950341099519327,,True
drsr,BPG9,3,30,0.0,9.499616387454178e-05,0.1152822168009398,0.3200189861753689,,True
drsr,BPG9,3,5,0.0,0.0006215940892957723,0.15248661142973732,0.2865450503667426,,True
drsr,BPG9,3,1,0.0,0.0009592921322507129,1.2122804251711377,0.24765878660059676,,True
drsr,BPG9,3,45,0.0,9.499616387454178e-05,0.1152822168009398,0.3200189861753689,,True
drsr,BPG9,3,3,0.0,0.0006215940892957723,0.15248661142973732,0.2865450503667426,,True
drsr,BPG9,3,2,0.0,0.0009592921322507129,1.2122804251711377,0.24765878660059676,,True
drsr,BPG9,3,20,0.0,9.499616387454178e-05,0.1152822168009398,0.3200189861753689,,True
drsr,feynman-i.29.16,3,60,0.0,0.061471510184160374,0.18503849042997467,0.21228800144993265,,True
drsr,feynman-i.29.16,3,10,0.0,0.06558171723620243,0.18349795535763125,0.21141378522165205,,True
drsr,feynman-i.29.16,3,30,0.0,0.06262060980903936,0.19900348667189205,0.21087221506684012,,True
drsr,feynman-i.29.16,3,5,0.0,0.09375470596123785,0.010215467107645329,0.2506695962190826,,True
drsr,feynman-i.29.16,3,1,0.0,0.09780066457940846,0.042161521301904405,0.2280264971805943,,True
drsr,feynman-i.29.16,3,45,0.0,0.06262060980903936,0.19900348667189205,0.21087221506684012,,True
drsr,feynman-i.29.16,3,3,0.0,0.09375470596123785,0.010215467107645329,0.2506695962190826,,True
drsr,feynman-i.29.16,3,2,0.0,0.09780066457940846,0.042161521301904405,0.2280264971805943,,True
drsr,feynman-i.29.16,3,20,0.0,0.06262060980903936,0.19900348667189205,0.21087221506684012,,True
drsr,first_principles_hubble,3,60,0.0,0.043405533589959217,0.07468605608935032,0.23175769193236778,,True
drsr,first_principles_hubble,3,10,0.0,0.0679300730854057,0.03338476991046288,0.2372996260983955,,True
drsr,first_principles_hubble,3,30,0.0,0.0680649550254037,0.03330425203555998,0.23730631262936536,,True
drsr,first_principles_hubble,3,5,0.0,0.0677686111864443,0.03313708042992568,0.23745204187768232,,True
drsr,first_principles_hubble,3,1,0.0,0.0677686111864443,0.03313708042992568,0.23745204187768232,,True
drsr,first_principles_hubble,3,45,0.0,0.06806353682270591,0.03330537272114039,0.2373061138912056,,True
drsr,first_principles_hubble,3,3,0.0,0.0677686111864443,0.03313708042992568,0.23745204187768232,,True
drsr,first_principles_hubble,3,2,0.0,0.0677686111864443,0.03313708042992568,0.23745204187768232,,True
drsr,first_principles_hubble,3,20,0.0,0.0680649550254037,0.03330425203555998,0.23730631262936536,,True
drsr,feynman-i.15.3t,3,60,0.0,1.5306069251432033e-08,4.8621413960770143e-05,0.576011026487146,,True
drsr,feynman-i.15.3t,3,10,0.0,1.064458670601599e+25,7.175547089832789e+23,0.0,,True
drsr,feynman-i.15.3t,3,30,0.0,1.0855025697228519e+30,9.905525927257455e+29,0.0,,True
drsr,feynman-i.15.3t,3,5,0.0,1.064458670601599e+25,7.175547089832789e+23,0.0,,True
drsr,feynman-i.15.3t,3,1,0.0,1.0000000002132958,1.0000000000102571,0.1428571428536754,,True
drsr,feynman-i.15.3t,3,45,0.0,1.5308578398332523e-08,4.862155795651584e-05,0.5760084380977508,,True
drsr,feynman-i.15.3t,3,3,0.0,0.5814600625211626,0.6618264334403442,0.15766914287129313,,True
drsr,feynman-i.15.3t,3,2,0.0,0.5814600625211626,0.6618264334403442,0.15766914287129313,,True
drsr,feynman-i.15.3t,3,20,0.0,1.0855024357098482e+30,9.9055247043499e+29,0.0,,True
drsr,feynman_test_15,3,60,0.0,0.00265924293571653,0.5376555302830761,0.24445492387526718,,True
drsr,feynman_test_15,3,10,0.0,0.002860242292610197,0.5392426704770601,0.24327903304383564,,True
drsr,feynman_test_15,3,30,0.0,0.00265924293571653,0.5376555302830761,0.24445492387526718,,True
drsr,feynman_test_15,3,5,0.0,0.002860242292610197,0.5392426704770601,0.24327903304383564,,True
drsr,feynman_test_15,3,1,0.0,0.021694001439562315,0.15011686831787735,0.23168681570051558,,True
drsr,feynman_test_15,3,45,0.0,0.00265924293571653,0.5376555302830761,0.24445492387526718,,True
drsr,feynman_test_15,3,3,0.0,0.002860242292610197,0.5392426704770601,0.24327903304383564,,True
drsr,feynman_test_15,3,2,0.0,0.002860242292610197,0.5392426704770601,0.24327903304383564,,True
drsr,feynman_test_15,3,20,0.0,0.002860242292610197,0.5392426704770601,0.24327903304383564,,True
drsr,BPG5,2,60,0.0,1.530107689600457e-13,3.008296389680853e-09,0.8757742634821924,,True
drsr,BPG5,2,10,0.0,3.13013283734656e-13,7.1995182643106475e-09,0.8622391629357433,,True
drsr,BPG5,2,30,0.0,1.5996324408966448e-13,2.904506318131332e-09,0.876318845516861,,True
drsr,BPG5,2,5,0.0,2.5236703600864893e-11,1.1719515845452128e-07,0.7688949179422719,,True
drsr,BPG5,2,1,0.0,11.29669665392526,268406.38271545863,0.03382316189425838,,True
drsr,BPG5,2,45,0.0,1.530107689600457e-13,3.008296389680853e-09,0.8757742634821924,,True
drsr,BPG5,2,3,0.0,2.522892442991054e-11,1.1730236313558785e-07,0.7688855179554297,,True
drsr,BPG5,2,2,0.0,2.522892442991054e-11,1.1730236313558785e-07,0.7688855179554297,,True
drsr,BPG5,2,20,0.0,2.520268117649508e-13,3.4021899452365826e-09,0.8738657658307707,,True
drsr,feynman-ii.34.2a,2,60,0.0,1.0000000000000002,1.0,0.1428571428571429,,True
drsr,feynman-ii.34.2a,2,10,0.0,1.0068463713379614,1.000513660173614,0.1427433488672195,,True
drsr,feynman-ii.34.2a,2,30,0.0,1.0068501316310976,1.0005139280098583,0.14274328678768405,,True
drsr,feynman-ii.34.2a,2,5,0.0,1.0068463713379614,1.000513660173614,0.1427433488672195,,True
drsr,feynman-ii.34.2a,2,1,0.0,1.0068463713379614,1.000513660173614,0.1427433488672195,,True
drsr,feynman-ii.34.2a,2,45,0.0,1.0039930959688612,1.000495666220289,0.14278764506664315,,True
drsr,feynman-ii.34.2a,2,3,0.0,1.0068463713379614,1.000513660173614,0.1427433488672195,,True
drsr,feynman-ii.34.2a,2,2,0.0,1.0068463713379614,1.000513660173614,0.1427433488672195,,True
drsr,feynman-ii.34.2a,2,20,0.0,0.9999999891068914,0.9999999999271295,0.1428571430272309,,True
drsr,strogatz_vdp1,2,60,0.0,4.5732499480762186e-23,5.556742749024051e-23,1.0,,True
drsr,strogatz_vdp1,2,10,0.0,0.002673238329415039,0.008258929759598441,0.309144233855562,,True
drsr,strogatz_vdp1,2,30,0.0,0.0026721338381916608,0.008258031052476857,0.3091523314890607,,True
drsr,strogatz_vdp1,2,5,0.0,0.7097878427128617,0.8019977699399592,0.15159636724545106,,True
drsr,strogatz_vdp1,2,1,0.0,0.8645651118067804,0.878761632282095,0.14711897167339455,,True
drsr,strogatz_vdp1,2,45,0.0,4.5732499480762186e-23,5.556742749024051e-23,1.0,,True
drsr,strogatz_vdp1,2,3,0.0,0.7097878427128617,0.8019977699399592,0.15159636724545106,,True
drsr,strogatz_vdp1,2,2,0.0,0.7097878427128617,0.8019977699399592,0.15159636724545106,,True
drsr,strogatz_vdp1,2,20,0.0,0.002673238329415039,0.008258929759598441,0.309144233855562,,True
drsr,II.11.27_1_0,2,60,0.0,0.015755308537478984,0.3410294332122488,0.223920758012072,,True
drsr,II.11.27_1_0,2,10,0.0,0.9945931761833703,1.0619055857606918,0.14200959355349396,,True
drsr,II.11.27_1_0,2,30,0.0,0.015755308537478984,0.3410294332122488,0.223920758012072,,True
drsr,II.11.27_1_0,2,5,0.0,0.9945931761833703,1.0619055857606918,0.14200959355349396,,True
drsr,II.11.27_1_0,2,1,0.0,0.9945931761833703,1.0619055857606918,0.14200959355349396,,True
drsr,II.11.27_1_0,2,45,0.0,0.015755308537478984,0.3410294332122488,0.223920758012072,,True
drsr,II.11.27_1_0,2,3,0.0,0.9945931761833703,1.0619055857606918,0.14200959355349396,,True
drsr,II.11.27_1_0,2,2,0.0,0.9945931761833703,1.0619055857606918,0.14200959355349396,,True
drsr,II.11.27_1_0,2,20,0.0,0.9945931761833703,1.0619055857606918,0.14200959355349396,,True
drsr,Nguyen-6,2,60,0.0,2.480440385838004e-08,232.74813006510826,0.3430525430787854,,True
drsr,Nguyen-6,2,10,0.0,3.841735784003041e-08,0.004023876566396422,0.4932438520349866,,True
drsr,Nguyen-6,2,30,0.0,2.4822477898855878e-08,236.06781163765564,0.34304124526121804,,True
drsr,Nguyen-6,2,5,0.0,2.1178255199199175e-05,0.04067997468083984,0.35945461245640564,,True
drsr,Nguyen-6,2,1,0.0,0.0008624890288865879,0.09312673107941798,0.28911328792464996,,True
drsr,Nguyen-6,2,45,0.0,2.480440385838004e-08,232.74813006510826,0.3430525430787854,,True
drsr,Nguyen-6,2,3,0.0,0.0008624890288865879,0.09312673107941798,0.28911328792464996,,True
drsr,Nguyen-6,2,2,0.0,0.0008624890288865879,0.09312673107941798,0.28911328792464996,,True
drsr,Nguyen-6,2,20,0.0,3.841735784003041e-08,0.004023876566396422,0.4932438520349866,,True
drsr,feynman_I_12_11,2,60,0.0,2.361094301224206e-25,2.3613130613634433e-25,1.0,,True
drsr,feynman_I_12_11,2,10,0.0,0.0541754358159087,0.1923593204866176,0.2136458697160421,,True
drsr,feynman_I_12_11,2,30,0.0,0.0541754358159087,0.1923593204866176,0.2136458697160421,,True
drsr,feynman_I_12_11,2,5,0.0,0.0541754358159087,0.1923593204866176,0.2136458697160421,,True
drsr,feynman_I_12_11,2,1,0.0,0.2905534245629931,0.7663244939172531,0.16615576051360836,,True
drsr,feynman_I_12_11,2,45,0.0,0.0541754358159087,0.1923593204866176,0.2136458697160421,,True
drsr,feynman_I_12_11,2,3,0.0,0.0541754358159087,0.1923593204866176,0.2136458697160421,,True
drsr,feynman_I_12_11,2,2,0.0,0.0541754358159087,0.1923593204866176,0.2136458697160421,,True
drsr,feynman_I_12_11,2,20,0.0,0.0541754358159087,0.1923593204866176,0.2136458697160421,,True
drsr,Keijzer-11,2,60,0.0,2.383322082833684,2.376589236072854,0.11595939775707143,,True
drsr,Keijzer-11,2,10,0.0,14.294093007873563,89.7686968903372,0.03184708841099915,,True
drsr,Keijzer-11,2,30,0.0,2.383322082833684,2.376589236072854,0.11595939775707143,,True
drsr,Keijzer-11,2,5,0.0,58674.19666171467,774827.2370492221,0.0,,True
drsr,Keijzer-11,2,1,0.0,0.1590219120709737,0.17995682310345104,0.19797766825853969,,True
drsr,Keijzer-11,2,45,0.0,2.383322082833684,2.376589236072854,0.11595939775707143,,True
drsr,Keijzer-11,2,3,0.0,0.1590219120709737,0.17995682310345104,0.19797766825853969,,True
drsr,Keijzer-11,2,2,0.0,0.1590219120709737,0.17995682310345104,0.19797766825853969,,True
drsr,Keijzer-11,2,20,0.0,3429365743.61634,75903686557.34955,0.0,,True
drsr,BPG3,2,60,0.0,1.7621774497915214e-11,7.6005579853746426,0.4954680315713973,,True
drsr,BPG3,2,10,0.0,2.2044997577307113e-11,0.021397607345570085,0.5830830260993678,,True
drsr,BPG3,2,30,0.0,2.2044997577307113e-11,0.021397607345570085,0.5830830260993678,,True
drsr,BPG3,2,5,0.0,4.71729466409035e-09,3.1863440442548545,0.4222505117173742,,True
drsr,BPG3,2,1,0.0,6.351559197852759e-09,3.4576781661783803e-07,0.6663691100818191,,True
drsr,BPG3,2,45,0.0,1.7621774497915214e-11,7.6005579853746426,0.4954680315713973,,True
drsr,BPG3,2,3,0.0,6.351559197852759e-09,3.4576781661783803e-07,0.6663691100818191,,True
drsr,BPG3,2,2,0.0,6.351559197852759e-09,3.4576781661783803e-07,0.6663691100818191,,True
drsr,BPG3,2,20,0.0,2.2044997577307113e-11,0.021397607345570085,0.5830830260993678,,True
drsr,feynman-ii.27.18,2,60,0.0,4.4980592257223795e-10,4.4998043621196596e-10,0.8104921856483311,,True
drsr,feynman-ii.27.18,2,10,0.0,0.06655780687335891,0.13067652073993538,0.21645012263987184,,True
drsr,feynman-ii.27.18,2,30,0.0,4.4980592257223795e-10,4.4998043621196596e-10,0.8104921856483311,,True
drsr,feynman-ii.27.18,2,5,0.0,0.06655780687335891,0.13067652073993538,0.21645012263987184,,True
drsr,feynman-ii.27.18,2,1,0.0,0.06660120810437004,0.131305573595566,0.21636552613300397,,True
drsr,feynman-ii.27.18,2,45,0.0,4.4980592257223795e-10,4.4998043621196596e-10,0.8104921856483311,,True
drsr,feynman-ii.27.18,2,3,0.0,0.06655780687335891,0.13067652073993538,0.21645012263987184,,True
drsr,feynman-ii.27.18,2,2,0.0,0.066599212297812,0.1312823414813366,0.21636873548071733,,True
drsr,feynman-ii.27.18,2,20,0.0,0.0003264005438678862,0.00012720321225954433,0.4064911088425658,,True
drsr,CRK34,2,60,0.0,4.132037024412118e-12,4.337002753036201e-08,0.8123802177815638,,True
drsr,CRK34,2,10,0.0,3.1053169582895183e-10,4.48415780020468e-07,0.7091504706324774,,True
drsr,CRK34,2,30,0.0,3.1053169582895183e-10,4.48415780020468e-07,0.7091504706324774,,True
drsr,CRK34,2,5,0.0,3.6785718002950783e-06,0.043240129768404266,0.38565834907507834,,True
drsr,CRK34,2,1,0.0,0.015065311898317604,99.96178611342934,0.13650670947086113,,True
drsr,CRK34,2,45,0.0,3.1053169582895183e-10,4.48415780020468e-07,0.7091504706324774,,True
drsr,CRK34,2,3,0.0,3.678571071390992e-06,0.04323971533264404,0.3856585008099957,,True
drsr,CRK34,2,2,0.0,3.678571071390992e-06,0.04323971533264404,0.3856585008099957,,True
drsr,CRK34,2,20,0.0,3.1053169582895183e-10,4.48415780020468e-07,0.7091504706324774,,True
drsr,I.11.19_4_0,2,60,0.0,0.03617371697889544,0.1658817439347036,0.22220743825453554,,True
drsr,I.11.19_4_0,2,10,0.0,0.03712851432361107,0.17132391694406943,0.2213026583374269,,True
drsr,I.11.19_4_0,2,30,0.0,0.03617371697889544,0.1658817439347036,0.22220743825453554,,True
drsr,I.11.19_4_0,2,5,0.0,0.037128757890831435,0.17132475399487904,0.2213024808062518,,True
drsr,I.11.19_4_0,2,1,0.0,0.05873486457432879,0.2576776142827846,0.20785811919173908,,True
drsr,I.11.19_4_0,2,45,0.0,0.03617371697889544,0.1658817439347036,0.22220743825453554,,True
drsr,I.11.19_4_0,2,3,0.0,0.05873486457432879,0.2576776142827846,0.20785811919173908,,True
drsr,I.11.19_4_0,2,2,0.0,0.05873486457432879,0.2576776142827846,0.20785811919173908,,True
drsr,I.11.19_4_0,2,20,0.0,0.03617371697889544,0.1658817439347036,0.22220743825453554,,True
drsr,PO41,2,60,0.0,0.0008926279567572202,1.1899146735231407,0.24906477483060607,,True
drsr,PO41,2,10,0.0,0.0016253073632431028,1.1100453112795539,0.2408472782276942,,True
drsr,PO41,2,30,0.0,0.0014815784295578486,24.343993580212864,0.19438869745461762,,True
drsr,PO41,2,5,0.0,0.0016253073632431028,1.1100453112795539,0.2408472782276942,,True
drsr,PO41,2,1,0.0,0.011517411797356525,7262.698442635031,0.1406658966063059,,True
drsr,PO41,2,45,0.0,0.0009986905637935622,418.45910396281215,0.17859175191321064,,True
drsr,PO41,2,3,0.0,0.0036672290204960447,2260.542981253479,0.15841649883071607,,True
drsr,PO41,2,2,0.0,0.0036672290204960447,2260.542981253479,0.15841649883071607,,True
drsr,PO41,2,20,0.0,0.0016253073632431028,1.1100453112795539,0.2408472782276942,,True
drsr,III.21.20_3_0,2,60,0.0,0.09207731415323815,0.2165105928204921,0.20358457886387166,,True
drsr,III.21.20_3_0,2,10,0.0,0.22802856083647308,0.6827849968795358,0.17170452800364167,,True
drsr,III.21.20_3_0,2,30,0.0,0.21317584149320767,0.6827732249679284,0.17274948329049133,,True
drsr,III.21.20_3_0,2,5,0.0,0.4486571166566707,3403626.6003475273,0.08386019425084451,,True
drsr,III.21.20_3_0,2,1,0.0,0.7425653700330307,0.9999910490229728,0.1474738998425048,,True
drsr,III.21.20_3_0,2,45,0.0,0.12096356434476747,0.19997853570101642,0.20058435859239915,,True
drsr,III.21.20_3_0,2,3,0.0,0.4486571166566707,3403626.6003475273,0.08386019425084451,,True
drsr,III.21.20_3_0,2,2,0.0,0.7425653700330307,0.9999910490229728,0.1474738998425048,,True
drsr,III.21.20_3_0,2,20,0.0,0.21317584149320767,0.6827732249679284,0.17274948329049133,,True
drsr,feynman-iii.10.19,2,60,0.0,2785487136211486.5,29636509469167.418,0.0,,True
drsr,feynman-iii.10.19,2,10,0.0,2.751324275891377e+18,2.927303015711748e+16,0.0,,True
drsr,feynman-iii.10.19,2,30,0.0,2785487136211486.5,29636509469167.418,0.0,,True
drsr,feynman-iii.10.19,2,5,0.0,3.1293833505502917e+22,2.6966552092361884e+19,0.0,,True
drsr,feynman-iii.10.19,2,1,0.0,3.1293833505502917e+22,2.6966552092361884e+19,0.0,,True
drsr,feynman-iii.10.19,2,45,0.0,2785487136211486.5,29636509469167.418,0.0,,True
drsr,feynman-iii.10.19,2,3,0.0,3.1293833505502917e+22,2.6966552092361884e+19,0.0,,True
drsr,feynman-iii.10.19,2,2,0.0,3.1293833505502917e+22,2.6966552092361884e+19,0.0,,True
drsr,feynman-iii.10.19,2,20,0.0,2785487136211486.5,29636509469167.418,0.0,,True
drsr,II.34.2_1_0,2,60,0.0,0.03760083763006458,0.11558864937050915,0.22721026039675846,,True
drsr,II.34.2_1_0,2,10,0.0,0.037600853493457057,0.11559015350741217,0.22721005201843175,,True
drsr,II.34.2_1_0,2,30,0.0,0.03760083763006458,0.11558864937050915,0.22721026039675846,,True
drsr,II.34.2_1_0,2,5,0.0,0.05209650284622148,0.16187701063704996,0.2169287947669996,,True
drsr,II.34.2_1_0,2,1,0.0,0.09079656007719134,0.3585692251004893,0.19597705686463168,,True
drsr,II.34.2_1_0,2,45,0.0,0.03760083763006458,0.11558864937050915,0.22721026039675846,,True
drsr,II.34.2_1_0,2,3,0.0,0.09079970990540077,0.3582996598311488,0.19598818368390436,,True
drsr,II.34.2_1_0,2,2,0.0,0.09079667198866238,0.35855889456403717,0.195977484618359,,True
drsr,II.34.2_1_0,2,20,0.0,0.03760083763006458,0.11558864937050915,0.22721026039675846,,True
drsr,feynman-i.43.31,2,60,0.0,0.47527633712493805,0.47527633712493816,0.16593241483237464,,True
drsr,feynman-i.43.31,2,10,0.0,0.5596103055301535,0.6670443211081244,0.15814141447100616,,True
drsr,feynman-i.43.31,2,30,0.0,0.5596103055301535,0.6670443211081244,0.15814141447100616,,True
drsr,feynman-i.43.31,2,5,0.0,0.5596013559914468,0.6670073093952735,0.15814252316669564,,True
drsr,feynman-i.43.31,2,1,0.0,0.999998840354068,0.9999998925906849,0.14285716250983554,,True
drsr,feynman-i.43.31,2,45,0.0,0.5596226770823547,0.6670954860744744,0.1581398819038844,,True
drsr,feynman-i.43.31,2,3,0.0,0.5596013559914468,0.6670073093952735,0.15814252316669564,,True
drsr,feynman-i.43.31,2,2,0.0,0.5596013559914468,0.6670073093952735,0.15814252316669564,,True
drsr,feynman-i.43.31,2,20,0.0,0.5596103055301535,0.6670443211081244,0.15814141447100616,,True
drsr,feynman-i.39.22,2,60,0.0,1.0000000060706742,1.0000000268427125,0.1428571423466392,,True
drsr,feynman-i.39.22,2,10,0.0,1.0000000159831233,1.000000523475159,0.14285713448986798,,True
drsr,feynman-i.39.22,2,30,0.0,1.0000000060706742,1.0000000268427125,0.1428571423466392,,True
drsr,feynman-i.39.22,2,5,0.0,1.7014992708117271e+50,1.1895041662873763e+51,0.0,,True
drsr,feynman-i.39.22,2,1,0.0,0.9999999991450107,0.9999999997812539,0.14285714287379703,,True
drsr,feynman-i.39.22,2,45,0.0,1.0000000060706742,1.0000000268427125,0.1428571423466392,,True
drsr,feynman-i.39.22,2,3,0.0,1.7014992708117271e+50,1.1895041662873763e+51,0.0,,True
drsr,feynman-i.39.22,2,2,0.0,0.9999999991450107,0.9999999997812539,0.14285714287379703,,True
drsr,feynman-i.39.22,2,20,0.0,1.0000000060706742,1.0000000268427125,0.1428571423466392,,True
drsr,strogatz_barmag2,2,60,0.0,3.128380295104468e-23,2.5607133109889048e-23,1.0,,True
drsr,strogatz_barmag2,2,10,0.0,2.383430473784442e-22,4.6118587732162345e-22,1.0,,True
drsr,strogatz_barmag2,2,30,0.0,2.4661484026790967e-23,2.0077915531804538e-23,1.0,,True
drsr,strogatz_barmag2,2,5,0.0,7.059602993312114e-21,9.922842042135423e-20,1.0,,True
drsr,strogatz_barmag2,2,1,0.0,0.0898026435949246,0.3393691389498735,0.19700137613968688,,True
drsr,strogatz_barmag2,2,45,0.0,3.128380295104468e-23,2.5607133109889048e-23,1.0,,True
drsr,strogatz_barmag2,2,3,0.0,7.059602993312114e-21,9.922842042135423e-20,1.0,,True
drsr,strogatz_barmag2,2,2,0.0,7.059602993312114e-21,9.922842042135423e-20,1.0,,True
drsr,strogatz_barmag2,2,20,0.0,5.687209606395365e-23,9.168555112816229e-23,1.0,,True
drsr,feynman-i.32.5,2,60,0.0,0.06700695615281091,0.14295755403424437,0.21495260717532677,,True
drsr,feynman-i.32.5,2,10,0.0,0.7654618273741999,0.8364791237159531,0.14977219126948793,,True
drsr,feynman-i.32.5,2,30,0.0,0.6119804437130096,0.7557162991236769,0.15481798809808878,,True
drsr,feynman-i.32.5,2,5,0.0,0.7568477778306154,0.8366445199026943,0.1499446603260201,,True
drsr,feynman-i.32.5,2,1,0.0,0.8176152120970622,0.9184221600195583,0.1473003101034805,,True
drsr,feynman-i.32.5,2,45,0.0,0.09460937346869279,0.17735219169681632,0.20625818834766457,,True
drsr,feynman-i.32.5,2,3,0.0,0.8176152120970622,0.9184221600195583,0.1473003101034805,,True
drsr,feynman-i.32.5,2,2,0.0,0.8176152120970622,0.9184221600195583,0.1473003101034805,,True
drsr,feynman-i.32.5,2,20,0.0,0.624555014252669,0.7679275639668302,0.15425389443319054,,True
drsr,Vladislavleva-4,2,60,0.0,0.04363921315847899,0.05266318953386068,0.23709342607482997,,True
drsr,Vladislavleva-4,2,10,0.0,0.04363922776878665,0.052663251264999336,0.23709340270072,,True
drsr,Vladislavleva-4,2,30,0.0,0.04363921315847899,0.05266318953386068,0.23709342607482997,,True
drsr,Vladislavleva-4,2,5,0.0,0.04363910767285684,0.05266350416390899,0.2370933709017342,,True
drsr,Vladislavleva-4,2,1,0.0,0.045352141213596965,0.05443553859598115,0.2359828456954718,,True
drsr,Vladislavleva-4,2,45,0.0,0.04363921315847899,0.05266318953386068,0.23709342607482997,,True
drsr,Vladislavleva-4,2,3,0.0,0.04363910767285684,0.05266350416390899,0.2370933709017342,,True
drsr,Vladislavleva-4,2,2,0.0,0.04363910767285684,0.05266350416390899,0.2370933709017342,,True
drsr,Vladislavleva-4,2,20,0.0,0.04363921315847899,0.05266318953386068,0.23709342607482997,,True
drsr,CRK0,2,60,0.0,8.592595076069522e-10,5.62801971624175e-07,0.6898400015552719,,True
drsr,CRK0,2,10,0.0,2.967222083493308e-08,3.732666983748484e-07,0.6412725250752651,,True
drsr,CRK0,2,30,0.0,8.592595076069522e-10,5.62801971624175e-07,0.6898400015552719,,True
drsr,CRK0,2,5,0.0,6.339342601272045e-08,2.1964712200520814e-06,0.6020082235560986,,True
drsr,CRK0,2,1,0.0,0.002467927463747962,0.8549405178544832,0.2384189896118601,,True
drsr,CRK0,2,45,0.0,8.592595076069522e-10,5.62801971624175e-07,0.6898400015552719,,True
drsr,CRK0,2,3,0.0,6.339342601272045e-08,2.1964712200520814e-06,0.6020082235560986,,True
drsr,CRK0,2,2,0.0,0.00018024956481979302,0.9823135190881322,0.2768527019310122,,True
drsr,CRK0,2,20,0.0,8.592595076069522e-10,5.62801971624175e-07,0.6898400015552719,,True
drsr,feynman-bonus.20,2,60,0.0,1.0,1.0,0.1428571428571429,,True
drsr,feynman-bonus.20,2,10,0.0,1.0000000116455812,0.9999999999993091,0.1428571426765246,,True
drsr,feynman-bonus.20,2,30,0.0,1.0000000116455812,0.9999999999993091,0.1428571426765246,,True
drsr,feynman-bonus.20,2,5,0.0,1.0000000116455812,0.9999999999993091,0.1428571426765246,,True
drsr,feynman-bonus.20,2,1,0.0,1.0000000116455812,0.9999999999993091,0.1428571426765246,,True
drsr,feynman-bonus.20,2,45,0.0,1.0000000116455812,0.9999999999993091,0.1428571426765246,,True
drsr,feynman-bonus.20,2,3,0.0,1.0000000116455812,0.9999999999993091,0.1428571426765246,,True
drsr,feynman-bonus.20,2,2,0.0,1.0000000116455812,0.9999999999993091,0.1428571426765246,,True
drsr,feynman-bonus.20,2,20,0.0,1.0000000116455812,0.9999999999993091,0.1428571426765246,,True
drsr,Korns-2,2,60,0.0,1.2307670415060428,1.5048091145116504,0.13329795461164978,,True
drsr,Korns-2,2,10,0.0,1.0677656632216415,1.1120018236849236,0.14019351962965548,,True
drsr,Korns-2,2,30,0.0,1.2307670415060428,1.5048091145116504,0.13329795461164978,,True
drsr,Korns-2,2,5,0.0,1.1437090972077657,1.112349161828427,0.13912297473378055,,True
drsr,Korns-2,2,1,0.0,1.0867821557349253,1.0825249432648207,0.1403364138924374,,True
drsr,Korns-2,2,45,0.0,1.2307670415060428,1.5048091145116504,0.13329795461164978,,True
drsr,Korns-2,2,3,0.0,1.1437090972077657,1.112349161828427,0.13912297473378055,,True
drsr,Korns-2,2,2,0.0,1.0866963725060392,1.082515030573206,0.14033778026663424,,True
drsr,Korns-2,2,20,0.0,1.2307670415060428,1.5048091145116504,0.13329795461164978,,True
drsr,strogatz_shearflow1,2,60,0.0,0.2134427476527988,1.303850184992491,0.1626961037175872,,True
drsr,strogatz_shearflow1,2,10,0.0,0.42503594223045715,2.8425599211076484,0.1399237398165294,,True
drsr,strogatz_shearflow1,2,30,0.0,0.30054853309531565,3.050755157769112,0.1442027868996743,,True
drsr,strogatz_shearflow1,2,5,0.0,0.7103340252416789,1.7615272458243967,0.13938028632516175,,True
drsr,strogatz_shearflow1,2,1,0.0,0.9777220598755877,1.320575551242052,0.13889361904707753,,True
drsr,strogatz_shearflow1,2,45,0.0,0.23128259111800276,1.1109382824792624,0.16393454011288117,,True
drsr,strogatz_shearflow1,2,3,0.0,0.7103340252416789,1.7615272458243967,0.13938028632516175,,True
drsr,strogatz_shearflow1,2,2,0.0,0.9777220598755877,1.320575551242052,0.13889361904707753,,True
drsr,strogatz_shearflow1,2,20,0.0,0.3823302840770361,4.058116465826665,0.13604417119990708,,True
drsr,CRK33,2,60,0.0,2.7570984137170386e-11,2.3213702746305973e-08,0.792635832595056,,True
drsr,CRK33,2,10,0.0,2.50325359141896e-09,2.3702660254652832e-05,0.6152392164478134,,True
drsr,CRK33,2,30,0.0,6.88535646049432e-11,1.8625807044014524e-06,0.7104270882687053,,True
drsr,CRK33,2,5,0.0,2.50325359141896e-09,2.3702660254652832e-05,0.6152392164478134,,True
drsr,CRK33,2,1,0.0,0.0013983485120928837,77.35847381086276,0.1773527386537715,,True
drsr,CRK33,2,45,0.0,2.7570984137170386e-11,2.3213702746305973e-08,0.792635832595056,,True
drsr,CRK33,2,3,0.0,3.4953104617157584e-08,0.0027702969557687473,0.500499568512951,,True
drsr,CRK33,2,2,0.0,1.176864365400477e-05,0.21244767448251836,0.34292934305510314,,True
drsr,CRK33,2,20,0.0,1.1931496647314581e-09,8.001355095282505e-05,0.607862197567588,,True
drsr,BPG5,-1,60,0.0,1.406595785135196e-13,2.809669678428283e-09,0.8768337405482343,,True
drsr,BPG5,-1,10,0.0,1.7783087633458383e-13,2.66749143023097e-09,0.8776391773980713,,True
drsr,BPG5,-1,30,0.0,1.7783087633458383e-13,2.66749143023097e-09,0.8776391773980713,,True
drsr,BPG5,-1,5,0.0,2.5241643144991123e-11,1.1736467429176397e-07,0.768869463555619,,True
drsr,BPG5,-1,1,0.0,0.08319943619863315,41.5687252097287,0.12361117537568056,,True
drsr,BPG5,-1,45,0.0,1.406595785135196e-13,2.809669678428283e-09,0.8768337405482343,,True
drsr,BPG5,-1,3,0.0,2.376905948574436e-10,9.863862631155181e-08,0.7367836066794703,,True
drsr,BPG5,-1,2,0.0,2.3771721886290227e-10,9.80618053025424e-08,0.7368728383953606,,True
drsr,BPG5,-1,20,0.0,1.7783087633458383e-13,2.66749143023097e-09,0.8776391773980713,,True
drsr,feynman-ii.34.2a,-1,60,0.0,0.9999999932531446,0.9999999999548664,0.14285714296249014,,True
drsr,feynman-ii.34.2a,-1,10,0.0,0.9999999913719088,0.9999999999422813,0.1428571429918642,,True
drsr,feynman-ii.34.2a,-1,30,0.0,0.9999999913719088,0.9999999999422813,0.1428571429918642,,True
drsr,feynman-ii.34.2a,-1,5,0.0,0.9999999913719088,0.9999999999422813,0.1428571429918642,,True
drsr,feynman-ii.34.2a,-1,1,0.0,0.9999999913719088,0.9999999999422813,0.1428571429918642,,True
drsr,feynman-ii.34.2a,-1,45,0.0,0.9999999913719088,0.9999999999422813,0.1428571429918642,,True
drsr,feynman-ii.34.2a,-1,3,0.0,0.9999999913719088,0.9999999999422813,0.1428571429918642,,True
drsr,feynman-ii.34.2a,-1,2,0.0,0.9999999913719088,0.9999999999422813,0.1428571429918642,,True
drsr,feynman-ii.34.2a,-1,20,0.0,0.9999999913719088,0.9999999999422813,0.1428571429918642,,True
drsr,strogatz_vdp1,-1,60,0.0,1.764209839048547e-24,1.795057662703953e-24,1.0,,True
drsr,strogatz_vdp1,-1,10,0.0,1.764209839048547e-24,1.795057662703953e-24,1.0,,True
drsr,strogatz_vdp1,-1,30,0.0,1.764209839048547e-24,1.795057662703953e-24,1.0,,True
drsr,strogatz_vdp1,-1,5,0.0,0.06028431595080313,0.04916601637607311,0.233147522900588,,True
drsr,strogatz_vdp1,-1,1,0.0,7.653102964409473,1.0818726100502196,0.11007093992255412,,True
drsr,strogatz_vdp1,-1,45,0.0,1.764209839048547e-24,1.795057662703953e-24,1.0,,True
drsr,strogatz_vdp1,-1,3,0.0,0.06028431595080313,0.04916601637607311,0.233147522900588,,True
drsr,strogatz_vdp1,-1,2,0.0,0.06028431595080313,0.04916601637607311,0.233147522900588,,True
drsr,strogatz_vdp1,-1,20,0.0,1.764209839048547e-24,1.795057662703953e-24,1.0,,True
drsr,II.11.27_1_0,-1,60,0.0,1.0120924065484598,1.040444846245519,0.14205574179356906,,True
drsr,II.11.27_1_0,-1,10,0.0,0.9930857701090163,1.0019895238118668,0.14293393072203203,,True
drsr,II.11.27_1_0,-1,30,0.0,0.9756595669202106,26248377.680251904,0.07181077473493735,,True
drsr,II.11.27_1_0,-1,5,0.0,0.9943725330259134,1.0010129077575753,0.14292897153048778,,True
drsr,II.11.27_1_0,-1,1,0.0,0.9947709958191774,1.0009667685550716,0.1429234723700416,,True
drsr,II.11.27_1_0,-1,45,0.0,0.9756595669202106,26248377.680251904,0.07181077473493735,,True
drsr,II.11.27_1_0,-1,3,0.0,0.9943725330259134,1.0010129077575753,0.14292897153048778,,True
drsr,II.11.27_1_0,-1,2,0.0,0.9943725330259134,1.0010129077575753,0.14292897153048778,,True
drsr,II.11.27_1_0,-1,20,0.0,0.9930857701090163,1.0019895238118668,0.14293393072203203,,True
drsr,Nguyen-6,-1,60,0.0,3.1151833512183435e-10,0.004079320193218963,0.5677117354159436,,True
drsr,Nguyen-6,-1,10,0.0,1.2789066004585311e-08,,0.0,,False
drsr,Nguyen-6,-1,30,0.0,1.0457273389734378e-08,,0.0,,False
drsr,Nguyen-6,-1,5,0.0,7.281522477976097e-08,0.0027209522467063676,0.4893948887714849,,True
drsr,Nguyen-6,-1,1,0.0,0.0008625586543537422,0.0931273661977842,0.28911193008959873,,True
drsr,Nguyen-6,-1,45,0.0,3.1151833512183435e-10,0.004079320193218963,0.5677117354159436,,True
drsr,Nguyen-6,-1,3,0.0,3.400298057076336e-05,0.04922586348032537,0.3491532024922127,,True
drsr,Nguyen-6,-1,2,0.0,0.0008625586543537422,0.0931273661977842,0.28911193008959873,,True
drsr,Nguyen-6,-1,20,0.0,1.2789066004585311e-08,,0.0,,False
drsr,feynman_I_12_11,-1,60,0.0,0.07439914900708512,0.2626945335578,0.20389217844222418,,True
drsr,feynman_I_12_11,-1,10,0.0,0.18961603417971765,0.5216615921998679,0.1787405742269748,,True
drsr,feynman_I_12_11,-1,30,0.0,0.18961603417971765,0.5216615921998679,0.1787405742269748,,True
drsr,feynman_I_12_11,-1,5,0.0,0.18961603417971765,0.5216615921998679,0.1787405742269748,,True
drsr,feynman_I_12_11,-1,1,0.0,0.2819832855651023,0.6604084274345933,0.168927286674935,,True
drsr,feynman_I_12_11,-1,45,0.0,0.18961603417971765,0.5216615921998679,0.1787405742269748,,True
drsr,feynman_I_12_11,-1,3,0.0,0.18961603417971765,0.5216615921998679,0.1787405742269748,,True
drsr,feynman_I_12_11,-1,2,0.0,0.2688219302273218,0.6596583757402952,0.16968629370622412,,True
drsr,feynman_I_12_11,-1,20,0.0,0.18961603417971765,0.5216615921998679,0.1787405742269748,,True
drsr,Keijzer-11,-1,60,0.0,6.231300298348281,829.3606857684393,0.04305076138408526,,True
drsr,Keijzer-11,-1,10,0.0,0.8827611896802287,1.5735966994546553,0.13775940473971104,,True
drsr,Keijzer-11,-1,30,0.0,0.8827611896802287,1.5735966994546553,0.13775940473971104,,True
drsr,Keijzer-11,-1,5,0.0,4879413238.421125,98399704801.59106,0.0,,True
drsr,Keijzer-11,-1,1,0.0,0.06596180600660724,0.031418349379116584,0.2386972891864808,,True
drsr,Keijzer-11,-1,45,0.0,0.3165797392141766,0.28386053050535726,0.1802289954611465,,True
drsr,Keijzer-11,-1,3,0.0,0.06595654831401886,0.03141218992838174,0.2387015666275793,,True
drsr,Keijzer-11,-1,2,0.0,0.06595654831401886,0.03141218992838174,0.2387015666275793,,True
drsr,Keijzer-11,-1,20,0.0,0.8827611896802287,1.5735966994546553,0.13775940473971104,,True
drsr,BPG3,-1,60,0.0,2600169.450979074,3.3317798758255366e+17,0.0,,True
drsr,BPG3,-1,10,0.0,2600169.450979074,3.3317798758255366e+17,0.0,,True
drsr,BPG3,-1,30,0.0,2600169.450979074,3.3317798758255366e+17,0.0,,True
drsr,BPG3,-1,5,0.0,2600169.450979074,3.3317798758255366e+17,0.0,,True
drsr,BPG3,-1,1,0.0,5.727879278776477e-07,21.259722035672542,0.3183731629239281,,True
drsr,BPG3,-1,45,0.0,2600169.450979074,3.3317798758255366e+17,0.0,,True
drsr,BPG3,-1,3,0.0,4.463518183856314e-08,21.497852875302005,0.35778312875853974,,True
drsr,BPG3,-1,2,0.0,4.463518183856314e-08,21.497852875302005,0.35778312875853974,,True
drsr,BPG3,-1,20,0.0,2600169.450979074,3.3317798758255366e+17,0.0,,True
drsr,feynman-ii.27.18,-1,60,0.0,1.7833051879371615e-05,1.7833016600481847e-05,0.4820553397549982,,True
drsr,feynman-ii.27.18,-1,10,0.0,0.06378539566112378,0.11787982096731871,0.21870854566479053,,True
drsr,feynman-ii.27.18,-1,30,0.0,1.7833051879371615e-05,1.7833016600481847e-05,0.4820553397549982,,True
drsr,feynman-ii.27.18,-1,5,0.0,0.06378539566112378,0.11787982096731871,0.21870854566479053,,True
drsr,feynman-ii.27.18,-1,1,0.0,4708.436527745605,8470.844649096223,0.0,,True
drsr,feynman-ii.27.18,-1,45,0.0,1.7833051879371615e-05,1.7833016600481847e-05,0.4820553397549982,,True
drsr,feynman-ii.27.18,-1,3,0.0,0.10213128733046216,0.17542469656409537,0.20524108785461698,,True
drsr,feynman-ii.27.18,-1,2,0.0,4708.436527745605,8470.844649096223,0.0,,True
drsr,feynman-ii.27.18,-1,20,0.0,0.056276572804048186,0.10464382548737752,0.22249852681182974,,True
drsr,CRK34,-1,60,0.0,3.088561686572027e-10,5.325776602117469e-07,0.7065664562471063,,True
drsr,CRK34,-1,10,0.0,1.4476483454450405e-08,7.963961714649194e-06,0.6049359913615399,,True
drsr,CRK34,-1,30,0.0,4.322149143556689e-09,6.157793737852876e-05,0.5919598254801783,,True
drsr,CRK34,-1,5,0.0,5.528264177019832e-06,0.06863632223506864,0.3721734716846518,,True
drsr,CRK34,-1,1,0.0,0.005101210412019218,10.41595299368789,0.1883795625448827,,True
drsr,CRK34,-1,45,0.0,5.627057683746353e-09,4.5810653261138363e-05,0.5924554338549735,,True
drsr,CRK34,-1,3,0.0,5.528264177019832e-06,0.06863632223506864,0.3721734716846518,,True
drsr,CRK34,-1,2,0.0,0.0004998793556598895,0.07153931253151787,0.3016639298657187,,True
drsr,CRK34,-1,20,0.0,7.430592561065151e-09,0.000732450510806111,0.5451499380477295,,True
drsr,I.11.19_4_0,-1,60,0.0,0.03372001285119029,0.15515501493953593,0.2243338018237288,,True
drsr,I.11.19_4_0,-1,10,0.0,0.037128835714663244,0.17132310545621784,0.22130259754303638,,True
drsr,I.11.19_4_0,-1,30,0.0,0.037128835714663244,0.17132310545621784,0.22130259754303638,,True
drsr,I.11.19_4_0,-1,5,0.0,0.03713084222927468,0.17137230108680584,0.22129730612326176,,True
drsr,I.11.19_4_0,-1,1,0.0,0.05976289743491865,0.26350371383195986,0.20724220052099834,,True
drsr,I.11.19_4_0,-1,45,0.0,0.037124302317656996,0.17058750436876308,0.2213712315598781,,True
drsr,I.11.19_4_0,-1,3,0.0,0.03713084222927468,0.17137230108680584,0.22129730612326176,,True
drsr,I.11.19_4_0,-1,2,0.0,0.05976289743491865,0.26350371383195986,0.20724220052099834,,True
drsr,I.11.19_4_0,-1,20,0.0,0.037128835714663244,0.17132310545621784,0.22130259754303638,,True
drsr,PO41,-1,60,0.0,0.0010853286122395006,83.20281743529618,0.18015359696119537,,True
drsr,PO41,-1,10,0.0,0.0019067066098205643,824.3123614869075,0.16856129028203976,,True
drsr,PO41,-1,30,0.0,0.0010853286122395006,83.20281743529618,0.18015359696119537,,True
drsr,PO41,-1,5,0.0,0.00440295570134337,1074.6224189535044,0.1555805601430893,,True
drsr,PO41,-1,1,0.0,0.00440295570134337,1074.6224189535044,0.1555805601430893,,True
drsr,PO41,-1,45,0.0,0.0010853286122395006,83.20281743529618,0.18015359696119537,,True
drsr,PO41,-1,3,0.0,0.00440295570134337,1074.6224189535044,0.1555805601430893,,True
drsr,PO41,-1,2,0.0,0.00440295570134337,1074.6224189535044,0.1555805601430893,,True
drsr,PO41,-1,20,0.0,0.0010853286122395006,83.20281743529618,0.18015359696119537,,True
drsr,III.21.20_3_0,-1,60,0.0,0.1927385647777011,2555581.014577675,0.0969654064036331,,True
drsr,III.21.20_3_0,-1,10,0.0,0.37113282126091535,2911665.0283475863,0.08680252274887046,,True
drsr,III.21.20_3_0,-1,30,0.0,0.23683058201222568,2871050.7878924874,0.09377007920486868,,True
drsr,III.21.20_3_0,-1,5,0.0,0.6954800390012732,0.9999852137674153,0.14849006256507136,,True
drsr,III.21.20_3_0,-1,1,0.0,0.7425818594711776,0.9999910030744836,0.14747355613181623,,True
drsr,III.21.20_3_0,-1,45,0.0,0.2096000235419764,2551399.9596655755,0.09566459546103462,,True
drsr,III.21.20_3_0,-1,3,0.0,0.6954800390012732,0.9999852137674153,0.14849006256507136,,True
drsr,III.21.20_3_0,-1,2,0.0,0.7425504560971411,0.99999092465086,0.14747421329323862,,True
drsr,III.21.20_3_0,-1,20,0.0,0.37113282126091535,2911665.0283475863,0.08680252274887046,,True
drsr,feynman-iii.10.19,-1,60,0.0,2.6734718411536123e+18,2.8444710228200404e+16,0.0,,True
drsr,feynman-iii.10.19,-1,10,0.0,2.6734718411536123e+18,2.8444710228200404e+16,0.0,,True
drsr,feynman-iii.10.19,-1,30,0.0,3.444560744141053e+16,366440552923204.94,0.0,,True
drsr,feynman-iii.10.19,-1,5,0.0,,3.1305177443675396e+16,0.0,,False
drsr,feynman-iii.10.19,-1,1,0.0,,3.1305177443675396e+16,0.0,,False
drsr,feynman-iii.10.19,-1,45,0.0,3.444560744141053e+16,366440552923204.94,0.0,,True
drsr,feynman-iii.10.19,-1,3,0.0,,3.1305177443675396e+16,0.0,,False
drsr,feynman-iii.10.19,-1,2,0.0,,3.1305177443675396e+16,0.0,,False
drsr,feynman-iii.10.19,-1,20,0.0,2.6734718411536123e+18,2.8444710228200404e+16,0.0,,True
drsr,II.34.2_1_0,-1,60,0.0,,,0.0,,False
drsr,II.34.2_1_0,-1,10,0.0,2.562554521340756e-15,6.239841946332877e-19,1.0,,True
drsr,II.34.2_1_0,-1,30,0.0,2.562554525576712e-15,6.242937181888089e-19,1.0,,True
drsr,II.34.2_1_0,-1,5,0.0,0.09079644984921006,0.3585401968523568,0.19597833141128584,,True
drsr,II.34.2_1_0,-1,1,0.0,0.09079644984921006,0.3585401968523568,0.19597833141128584,,True
drsr,II.34.2_1_0,-1,45,0.0,,,0.0,,False
drsr,II.34.2_1_0,-1,3,0.0,0.09079644984921006,0.3585401968523568,0.19597833141128584,,True
drsr,II.34.2_1_0,-1,2,0.0,0.09079644984921006,0.3585401968523568,0.19597833141128584,,True
drsr,II.34.2_1_0,-1,20,0.0,2.5625544735063193e-15,6.242524365340192e-19,1.0,,True
drsr,feynman-i.43.31,-1,60,0.0,0.37661676059794424,0.5632827544159963,0.1669062107667557,,True
drsr,feynman-i.43.31,-1,10,0.0,0.5597467484035987,0.6689072354510411,0.15809437596125425,,True
drsr,feynman-i.43.31,-1,30,0.0,0.503585581421828,0.6067171999719049,0.16124787164270765,,True
drsr,feynman-i.43.31,-1,5,0.0,0.5597467484035987,0.6689072354510411,0.15809437596125425,,True
drsr,feynman-i.43.31,-1,1,0.0,0.9999984132700261,0.9999998530309855,0.1428571697477306,,True
drsr,feynman-i.43.31,-1,45,0.0,0.503585581421828,0.6067171999719049,0.16124787164270765,,True
drsr,feynman-i.43.31,-1,3,0.0,0.5597467484035987,0.6689072354510411,0.15809437596125425,,True
drsr,feynman-i.43.31,-1,2,0.0,0.9999984132700261,0.9999998530309855,0.1428571697477306,,True
drsr,feynman-i.43.31,-1,20,0.0,0.5597467457791556,0.6689072325277237,0.15809437610176275,,True
drsr,feynman-i.39.22,-1,60,0.0,0.6232002677298686,0.9230324352633114,0.15143412165727388,,True
drsr,feynman-i.39.22,-1,10,0.0,0.6231529919353083,0.9239266057518422,0.15142028007366398,,True
drsr,feynman-i.39.22,-1,30,0.0,0.6232002677298686,0.9230324352633114,0.15143412165727388,,True
drsr,feynman-i.39.22,-1,5,0.0,3.2691505648730455e+66,5.865055457913699e+70,0.0,,True
drsr,feynman-i.39.22,-1,1,0.0,10412281.525870366,174255288.36815718,0.0,,True
drsr,feynman-i.39.22,-1,45,0.0,0.6232002677298686,0.9230324352633114,0.15143412165727388,,True
drsr,feynman-i.39.22,-1,3,0.0,1.0000979932439134,0.9999678453679898,0.1428561217487046,,True
drsr,feynman-i.39.22,-1,2,0.0,1.0000979932439134,0.9999678453679898,0.1428561217487046,,True
drsr,feynman-i.39.22,-1,20,0.0,0.6232002677298686,0.9230324352633114,0.15143412165727388,,True
drsr,strogatz_barmag2,-1,60,0.0,4.1414678551268734e-24,3.539124728915897e-24,1.0,,True
drsr,strogatz_barmag2,-1,10,0.0,4.637487202997326e-24,1.3654907406521542e-24,1.0,,True
drsr,strogatz_barmag2,-1,30,0.0,4.1414678551268734e-24,3.539124728915897e-24,1.0,,True
drsr,strogatz_barmag2,-1,5,0.0,4.637487202997326e-24,1.3654907406521542e-24,1.0,,True
drsr,strogatz_barmag2,-1,1,0.0,1.9203983594676725e-23,1.4819134355734685e-23,1.0,,True
drsr,strogatz_barmag2,-1,45,0.0,4.1414678551268734e-24,3.539124728915897e-24,1.0,,True
drsr,strogatz_barmag2,-1,3,0.0,4.637487202997326e-24,1.3654907406521542e-24,1.0,,True
drsr,strogatz_barmag2,-1,2,0.0,4.637487202997326e-24,1.3654907406521542e-24,1.0,,True
drsr,strogatz_barmag2,-1,20,0.0,4.1414678551268734e-24,3.539124728915897e-24,1.0,,True
drsr,feynman-i.32.5,-1,60,0.0,0.06516568597558124,0.1405969437083323,0.21564304102190268,,True
drsr,feynman-i.32.5,-1,10,0.0,0.6184311136724752,0.7692724089338661,0.154379589742265,,True
drsr,feynman-i.32.5,-1,30,0.0,0.06741561039240779,0.14266524389499263,0.21489004806306367,,True
drsr,feynman-i.32.5,-1,5,0.0,0.6250818202909403,0.7910656586841328,0.15378037858040322,,True
drsr,feynman-i.32.5,-1,1,0.0,0.8201928466742957,0.9249419576492671,0.1471417693634432,,True
drsr,feynman-i.32.5,-1,45,0.0,0.06516568597558124,0.1405969437083323,0.21564304102190268,,True
drsr,feynman-i.32.5,-1,3,0.0,0.8119504622262659,0.9110171925567508,0.14753371048710134,,True
drsr,feynman-i.32.5,-1,2,0.0,0.8119504622262659,0.9110171925567508,0.14753371048710134,,True
drsr,feynman-i.32.5,-1,20,0.0,0.09567443772167342,0.17983289109084108,0.2058691055411898,,True
drsr,Vladislavleva-4,-1,60,0.0,0.02228441748171362,0.02840640335655323,0.25709223087287003,,True
drsr,Vladislavleva-4,-1,10,0.0,0.04535215537281076,0.05443581028296544,0.23598276344042146,,True
drsr,Vladislavleva-4,-1,30,0.0,0.03976129917734316,0.05137817859385149,0.23892002605998214,,True
drsr,Vladislavleva-4,-1,5,0.0,0.0453521166498527,0.054435907241675664,0.23598274905710953,,True
drsr,Vladislavleva-4,-1,1,0.0,0.11181624250778827,0.11203554947792338,0.21079068776582938,,True
drsr,Vladislavleva-4,-1,45,0.0,0.02228441748171362,0.02840640335655323,0.25709223087287003,,True
drsr,Vladislavleva-4,-1,3,0.0,0.06726489929169288,0.07282334573386831,0.22535503127776846,,True
drsr,Vladislavleva-4,-1,2,0.0,0.11181624250778827,0.11203554947792338,0.21079068776582938,,True
drsr,Vladislavleva-4,-1,20,0.0,0.03976129917734316,0.05137817859385149,0.23892002605998214,,True
drsr,CRK0,-1,60,0.0,2.592236554236508e-08,2.973488930528734e-06,0.6111806801221855,,True
drsr,CRK0,-1,10,0.0,4.073647678081106e-07,3.8558580768928296e-05,0.528710553379115,,True
drsr,CRK0,-1,30,0.0,2.592236554236508e-08,2.973488930528734e-06,0.6111806801221855,,True
drsr,CRK0,-1,5,0.0,0.00017968567274048234,0.9999999998942541,0.2766245196457545,,True
drsr,CRK0,-1,1,0.0,0.0008064191246233646,0.9999999981227803,0.25333711364592687,,True
drsr,CRK0,-1,45,0.0,2.592236554236508e-08,2.973488930528734e-06,0.6111806801221855,,True
drsr,CRK0,-1,3,0.0,0.0001796463544744389,0.999999999901147,0.27662791398068276,,True
drsr,CRK0,-1,2,0.0,0.0001796463544744389,0.999999999901147,0.27662791398068276,,True
drsr,CRK0,-1,20,0.0,1.0027209511931817e-07,1.7287924269152813e-05,0.562895609258645,,True
drsr,feynman-bonus.20,-1,60,0.0,0.9999936270433355,0.9999999999673206,0.14285724170581876,,True
drsr,feynman-bonus.20,-1,10,0.0,1.0,1.0,0.1428571428571429,,True
drsr,feynman-bonus.20,-1,30,0.0,0.9999999995894363,0.9999999942700543,0.14285714295238533,,True
drsr,feynman-bonus.20,-1,5,0.0,1.0,1.0,0.1428571428571429,,True
drsr,feynman-bonus.20,-1,1,0.0,8.35486770709167e+33,8.773858104908705e+32,0.0,,True
drsr,feynman-bonus.20,-1,45,0.0,0.9999936270433355,0.9999999999673206,0.14285724170581876,,True
drsr,feynman-bonus.20,-1,3,0.0,1.8296352350371352e+23,1.980409234074757e+22,0.0,,True
drsr,feynman-bonus.20,-1,2,0.0,8.35486770709167e+33,8.773858104908705e+32,0.0,,True
drsr,feynman-bonus.20,-1,20,0.0,1.0000000069142576,0.9999999999995854,0.14285714274990552,,True
drsr,Korns-2,-1,60,0.0,1.1567212462538223,1.2585838161765375,0.13703175515766014,,True
drsr,Korns-2,-1,10,0.0,1.104681396985602,1.1210835156231618,0.13954017831270837,,True
drsr,Korns-2,-1,30,0.0,1.1840661627248532,1.1982497280035436,0.1374313103763939,,True
drsr,Korns-2,-1,5,0.0,1.104681396985602,1.1210835156231618,0.13954017831270837,,True
drsr,Korns-2,-1,1,0.0,1.1090646131977648,1.095259590357141,0.13984021738636382,,True
drsr,Korns-2,-1,45,0.0,1.1550356365058916,1.257774914480614,0.13706434598047768,,True
drsr,Korns-2,-1,3,0.0,1.1090646131977648,1.095259590357141,0.13984021738636382,,True
drsr,Korns-2,-1,2,0.0,1.1090646131977648,1.095259590357141,0.13984021738636382,,True
drsr,Korns-2,-1,20,0.0,1.1840661627248532,1.1982497280035436,0.1374313103763939,,True
drsr,strogatz_shearflow1,-1,60,0.0,0.4480309193634807,6.042984688934679,0.12740858998919724,,True
drsr,strogatz_shearflow1,-1,10,0.0,0.7624144705866015,3.407113032713861,0.12805079741632397,,True
drsr,strogatz_shearflow1,-1,30,0.0,0.44803526362935997,6.042404172127095,0.1274099296774286,,True
drsr,strogatz_shearflow1,-1,5,0.0,0.6555954093645812,4.154507330325439,0.12731587737635452,,True
drsr,strogatz_shearflow1,-1,1,0.0,0.9777205045606677,1.320560134657728,0.13889382479352053,,True
drsr,strogatz_shearflow1,-1,45,0.0,0.4480309193634807,6.042984688934679,0.12740858998919724,,True
drsr,strogatz_shearflow1,-1,3,0.0,0.6555954093645812,4.154507330325439,0.12731587737635452,,True
drsr,strogatz_shearflow1,-1,2,0.0,0.9777205045606677,1.320560134657728,0.13889382479352053,,True
drsr,strogatz_shearflow1,-1,20,0.0,0.44803526362935997,6.042404172127095,0.1274099296774286,,True
drsr,CRK33,-1,60,0.0,1.552793384685289e-11,1.3043053594610612e-06,0.7390538231787163,,True
drsr,CRK33,-1,10,0.0,2.493805089209633e-10,1.968864744419459e-05,0.6538900575280432,,True
drsr,CRK33,-1,30,0.0,2.493805089209633e-10,1.968864744419459e-05,0.6538900575280432,,True
drsr,CRK33,-1,5,0.0,2.6972294438799366e-08,0.000838977498947367,0.5230475640959908,,True
drsr,CRK33,-1,1,0.0,0.024911136229281754,289.7339739390645,0.12870023083129578,,True
drsr,CRK33,-1,45,0.0,2.493805089209633e-10,1.968864744419459e-05,0.6538900575280432,,True
drsr,CRK33,-1,3,0.0,1.176855979406732e-05,0.21244976498120888,0.3429293009552093,,True
drsr,CRK33,-1,2,0.0,7.191844590326338e-05,1.9977364079900344,0.28009362576330854,,True
drsr,CRK33,-1,20,0.0,2.493805089209633e-10,1.968864744419459e-05,0.6538900575280432,,True
drsr,BPG5,4,60,0.0,1.5372092243654752e-13,2.9408969960183706e-09,0.8761257209375932,,True
drsr,BPG5,4,10,0.0,2.5294965314166894e-11,1.173497076711489e-07,0.7688387107040906,,True
drsr,BPG5,4,30,0.0,1.5372092243654752e-13,2.9408969960183706e-09,0.8761257209375932,,True
drsr,BPG5,4,5,0.0,2.5241210895605693e-11,1.1731995049029079e-07,0.7688756408393758,,True
drsr,BPG5,4,1,0.0,2.5241210895605693e-11,1.1731995049029079e-07,0.7688756408393758,,True
drsr,BPG5,4,45,0.0,1.5372092243654752e-13,2.9408969960183706e-09,0.8761257209375932,,True
drsr,BPG5,4,3,0.0,2.5241210895605693e-11,1.1731995049029079e-07,0.7688756408393758,,True
drsr,BPG5,4,2,0.0,2.5241210895605693e-11,1.1731995049029079e-07,0.7688756408393758,,True
drsr,BPG5,4,20,0.0,1.5372092243654752e-13,2.9408969960183706e-09,0.8761257209375932,,True
drsr,feynman-ii.34.2a,4,60,0.0,1.0039937632013587,1.0004957126889438,0.1427876340382903,,True
drsr,feynman-ii.34.2a,4,10,0.0,1.006851057760068,1.0005139938738261,0.14274327149962274,,True
drsr,feynman-ii.34.2a,4,30,0.0,1.0068477130479843,1.0005137558637855,0.14274332671468332,,True
drsr,feynman-ii.34.2a,4,5,0.0,1.006851057760068,1.0005139938738261,0.14274327149962274,,True
drsr,feynman-ii.34.2a,4,1,0.0,1.006851057760068,1.0005139938738261,0.14274327149962274,,True
drsr,feynman-ii.34.2a,4,45,0.0,1.006849254614685,1.0005138656038397,0.14274330126557233,,True
drsr,feynman-ii.34.2a,4,3,0.0,1.006851057760068,1.0005139938738261,0.14274327149962274,,True
drsr,feynman-ii.34.2a,4,2,0.0,1.006851057760068,1.0005139938738261,0.14274327149962274,,True
drsr,feynman-ii.34.2a,4,20,0.0,1.006851057760068,1.0005139938738261,0.14274327149962274,,True
drsr,strogatz_vdp1,4,60,0.0,2.5505983267884917e-24,1.5334386131994325e-24,1.0,,True
drsr,strogatz_vdp1,4,10,0.0,4.141470500692576e-24,2.8996090848680683e-24,1.0,,True
drsr,strogatz_vdp1,4,30,0.0,2.5505983267884917e-24,1.5334386131994325e-24,1.0,,True
drsr,strogatz_vdp1,4,5,0.0,0.5231617896550878,0.800673243352931,0.15635388098591824,,True
drsr,strogatz_vdp1,4,1,0.0,0.5231617896550878,0.800673243352931,0.15635388098591824,,True
drsr,strogatz_vdp1,4,45,0.0,2.5505983267884917e-24,1.5334386131994325e-24,1.0,,True
drsr,strogatz_vdp1,4,3,0.0,0.5231617896550878,0.800673243352931,0.15635388098591824,,True
drsr,strogatz_vdp1,4,2,0.0,0.5231617896550878,0.800673243352931,0.15635388098591824,,True
drsr,strogatz_vdp1,4,20,0.0,4.141470500692576e-24,2.8996090848680683e-24,1.0,,True
drsr,II.11.27_1_0,4,60,0.0,0.9419121470014084,1.1513031688754347,0.14159999651182154,,True
drsr,II.11.27_1_0,4,10,0.0,0.9664893154420432,1.1375948094024944,0.1413862621765612,,True
drsr,II.11.27_1_0,4,30,0.0,0.9664893154420432,1.1375948094024944,0.1413862621765612,,True
drsr,II.11.27_1_0,4,5,0.0,0.9664893154420432,1.1375948094024944,0.1413862621765612,,True
drsr,II.11.27_1_0,4,1,0.0,0.9664893154420432,1.1375948094024944,0.1413862621765612,,True
drsr,II.11.27_1_0,4,45,0.0,0.9664893154420432,1.1375948094024944,0.1413862621765612,,True
drsr,II.11.27_1_0,4,3,0.0,0.9664893154420432,1.1375948094024944,0.1413862621765612,,True
drsr,II.11.27_1_0,4,2,0.0,0.9664893154420432,1.1375948094024944,0.1413862621765612,,True
drsr,II.11.27_1_0,4,20,0.0,0.9664893154420432,1.1375948094024944,0.1413862621765612,,True
drsr,Nguyen-6,4,60,0.0,1.4067655905288771e-10,0.00015443793644124684,0.630822295464301,,True
drsr,Nguyen-6,4,10,0.0,7.235491675766875e-08,0.0062173516672308,0.4766759471093199,,True
drsr,Nguyen-6,4,30,0.0,4.1466150436403555e-10,0.0018873597526230877,0.575230413980029,,True
drsr,Nguyen-6,4,5,0.0,2.573227300251985e-05,0.05007882291108429,0.35320956204705656,,True
drsr,Nguyen-6,4,1,0.0,0.0008623522083851659,0.09312566551147508,0.2891159260970468,,True
drsr,Nguyen-6,4,45,0.0,4.1466150436403555e-10,0.0018873597526230877,0.575230413980029,,True
drsr,Nguyen-6,4,3,0.0,2.573227300251985e-05,0.05007882291108429,0.35320956204705656,,True
drsr,Nguyen-6,4,2,0.0,0.0006871048922180315,0.1539242924503709,0.2848453497614804,,True
drsr,Nguyen-6,4,20,0.0,3.874311073426554e-10,0.0005923583286013566,0.5942578933252252,,True
drsr,feynman_I_12_11,4,60,0.0,0.05615170375322755,0.19285851199683934,0.21304993750790352,,True
drsr,feynman_I_12_11,4,10,0.0,0.10406997816314334,0.3139606125323923,0.19592140603041536,,True
drsr,feynman_I_12_11,4,30,0.0,0.10406997816314334,0.3139606125323923,0.19592140603041536,,True
drsr,feynman_I_12_11,4,5,0.0,0.16314481867039732,0.4491510828525794,0.18339408083563047,,True
drsr,feynman_I_12_11,4,1,0.0,0.16314481867039732,0.4491510828525794,0.18339408083563047,,True
drsr,feynman_I_12_11,4,45,0.0,0.10406997816314334,0.3139606125323923,0.19592140603041536,,True
drsr,feynman_I_12_11,4,3,0.0,0.16314481867039732,0.4491510828525794,0.18339408083563047,,True
drsr,feynman_I_12_11,4,2,0.0,0.16314481867039732,0.4491510828525794,0.18339408083563047,,True
drsr,feynman_I_12_11,4,20,0.0,0.10406997816314334,0.3139606125323923,0.19592140603041536,,True
drsr,Keijzer-11,4,60,0.0,2.431263434702754,3.5683855416749752,0.10934629323073208,,True
drsr,Keijzer-11,4,10,0.0,0.43621772462063607,0.9688697928310145,0.15621540271882278,,True
drsr,Keijzer-11,4,30,0.0,2.9326568908937727,4.714304172109633,0.10211861230392666,,True
drsr,Keijzer-11,4,5,0.0,1.0394057932702032,0.8953622572499798,0.14397200298403773,,True
drsr,Keijzer-11,4,1,0.0,0.06596317900238378,0.03141826255806183,0.23869700919985976,,True
drsr,Keijzer-11,4,45,0.0,2.431263434702754,3.5683855416749752,0.10934629323073208,,True
drsr,Keijzer-11,4,3,0.0,0.06611439502920871,0.043185946983317236,0.2337271972998563,,True
drsr,Keijzer-11,4,2,0.0,0.06596317900238378,0.03141826255806183,0.23869700919985976,,True
drsr,Keijzer-11,4,20,0.0,3.1485306578939305,4.2272068935282165,0.10270852033444111,,True
drsr,BPG3,4,60,0.0,5.64125232933283e-11,0.03287739141609948,0.5618473972159671,,True
drsr,BPG3,4,10,0.0,2.677694954708615e-10,3.4582328897385097,0.4654780236729037,,True
drsr,BPG3,4,30,0.0,6.522847452058944e-11,0.02702550910272743,0.5626353176499008,,True
drsr,BPG3,4,5,0.0,2.677694954708615e-10,3.4582328897385097,0.4654780236729037,,True
drsr,BPG3,4,1,0.0,2.943114760312748e-07,1493.749533922269,0.3046854572574388,,True
drsr,BPG3,4,45,0.0,5.64125232933283e-11,0.03287739141609948,0.5618473972159671,,True
drsr,BPG3,4,3,0.0,2.677694954708615e-10,3.4582328897385097,0.4654780236729037,,True
drsr,BPG3,4,2,0.0,2.677694954708615e-10,3.4582328897385097,0.4654780236729037,,True
drsr,BPG3,4,20,0.0,9.111272477082766e-11,0.5931645659680406,0.5095444916361958,,True
drsr,feynman-ii.27.18,4,60,0.0,0.0007921296338634982,0.000294260259839427,0.3797311473271347,,True
drsr,feynman-ii.27.18,4,10,0.0,0.0009365814656043642,0.0009365812167311514,0.359175321328744,,True
drsr,feynman-ii.27.18,4,30,0.0,0.0009365814656043642,0.0009365812167311514,0.359175321328744,,True
drsr,feynman-ii.27.18,4,5,0.0,0.066433319464766,0.12858012640824973,0.2167300070820623,,True
drsr,feynman-ii.27.18,4,1,0.0,15.999397657385073,19.051328090960055,0.054141825393736576,,True
drsr,feynman-ii.27.18,4,45,0.0,0.0009365814656043642,0.0009365812167311514,0.359175321328744,,True
drsr,feynman-ii.27.18,4,3,0.0,0.10213128732628655,0.17542469651501202,0.2052410878595909,,True
drsr,feynman-ii.27.18,4,2,0.0,0.10213128732628655,0.17542469651501202,0.2052410878595909,,True
drsr,feynman-ii.27.18,4,20,0.0,0.0009365814656043642,0.0009365812167311514,0.359175321328744,,True
drsr,CRK34,4,60,0.0,2.4312197543735685e-10,1.6376106481815542e-07,0.7285701832350522,,True
drsr,CRK34,4,10,0.0,8.678963976087569e-10,5.6854676471109275e-06,0.653813068632806,,True
drsr,CRK34,4,30,0.0,8.678963976087569e-10,5.6854676471109275e-06,0.653813068632806,,True
drsr,CRK34,4,5,0.0,1.6793789669869502e-06,0.003002415344331526,0.439192161407099,,True
drsr,CRK34,4,1,0.0,0.0019985606426968037,9.729718392110259,0.20397079995320627,,True
drsr,CRK34,4,45,0.0,2.4312197543735685e-10,1.6376106481815542e-07,0.7285701832350522,,True
drsr,CRK34,4,3,0.0,9.998436413572493e-05,0.029418415761181718,0.34040887962804045,,True
drsr,CRK34,4,2,0.0,0.0019985606426968037,9.729718392110259,0.20397079995320627,,True
drsr,CRK34,4,20,0.0,8.678963976087569e-10,5.6854676471109275e-06,0.653813068632806,,True
drsr,I.11.19_4_0,4,60,0.0,0.04060230719943237,0.21642625899074683,0.21629069052345207,,True
drsr,I.11.19_4_0,4,10,0.0,0.04201640239127515,0.22195700051930944,0.21536829603978236,,True
drsr,I.11.19_4_0,4,30,0.0,0.04201640239127515,0.22195700051930944,0.21536829603978236,,True
drsr,I.11.19_4_0,4,5,0.0,0.05999741965859712,0.2640177446870943,0.2071512253671196,,True
drsr,I.11.19_4_0,4,1,0.0,0.05999798779519758,0.26401397130361154,0.20715130017364614,,True
drsr,I.11.19_4_0,4,45,0.0,0.04201640239127515,0.22195700051930944,0.21536829603978236,,True
drsr,I.11.19_4_0,4,3,0.0,0.05999741965859712,0.2640177446870943,0.2071512253671196,,True
drsr,I.11.19_4_0,4,2,0.0,0.05999741965859712,0.2640177446870943,0.2071512253671196,,True
drsr,I.11.19_4_0,4,20,0.0,0.04201640239127515,0.22195700051930944,0.21536829603978236,,True
drsr,PO41,4,60,0.0,0.0008692950320524712,1.652877785591318,0.24437828783798676,,True
drsr,PO41,4,10,0.0,0.004149430530653042,0.032794525538921114,0.28093607678161453,,True
drsr,PO41,4,30,0.0,0.002526440110308968,3069.9323588451584,0.16419610686885833,,True
drsr,PO41,4,5,0.0,0.004149430530653042,0.032794525538921114,0.28093607678161453,,True
drsr,PO41,4,1,0.0,0.05531811766179575,20040.475710461997,0.11632616450979599,,True
drsr,PO41,4,45,0.0,0.0014440112996820151,8.175061030821452,0.2117120858837756,,True
drsr,PO41,4,3,0.0,0.004149430530653042,0.032794525538921114,0.28093607678161453,,True
drsr,PO41,4,2,0.0,0.048983594583797474,32719.163720193712,0.11821247671523566,,True
drsr,PO41,4,20,0.0,0.002526440110308968,3069.9323588451584,0.16419610686885833,,True
drsr,III.21.20_3_0,4,60,0.0,0.011228853485605867,1.179238286781716,0.20993082191664636,,True
drsr,III.21.20_3_0,4,10,0.0,0.09612136860201527,1.0390986536153335,0.17859011686160714,,True
drsr,III.21.20_3_0,4,30,0.0,0.01122881015425469,1.174697052096304,0.20999072792282486,,True
drsr,III.21.20_3_0,4,5,0.0,0.09612136860201527,1.0390986536153335,0.17859011686160714,,True
drsr,III.21.20_3_0,4,1,0.0,0.7425850135423099,0.999991001967222,0.14747349026915513,,True
drsr,III.21.20_3_0,4,45,0.0,0.011228853485605867,1.179238286781716,0.20993082191664636,,True
drsr,III.21.20_3_0,4,3,0.0,0.3088024123803825,0.7309246089081596,0.16594452612689836,,True
drsr,III.21.20_3_0,4,2,0.0,0.6447912678613521,0.9999879622111896,0.14966378859316132,,True
drsr,III.21.20_3_0,4,20,0.0,0.09594115574252804,1.0275981100331868,0.17879184847607488,,True
drsr,feynman-iii.10.19,4,60,0.0,1.0000030035299523,1.0000011929495827,0.14285707776765588,,True
drsr,feynman-iii.10.19,4,10,0.0,1.2645568634949394e+17,1397015489852347.0,0.0,,True
drsr,feynman-iii.10.19,4,30,0.0,1.2645568634949394e+17,1397015489852347.0,0.0,,True
drsr,feynman-iii.10.19,4,5,0.0,1.2645568634949394e+17,1397015489852347.0,0.0,,True
drsr,feynman-iii.10.19,4,1,0.0,1.2645568634949394e+17,1397015489852347.0,0.0,,True
drsr,feynman-iii.10.19,4,45,0.0,1466076029139326.8,44041445237092.76,0.0,,True
drsr,feynman-iii.10.19,4,3,0.0,1.2645568634949394e+17,1397015489852347.0,0.0,,True
drsr,feynman-iii.10.19,4,2,0.0,1.2645568634949394e+17,1397015489852347.0,0.0,,True
drsr,feynman-iii.10.19,4,20,0.0,1.2645568634949394e+17,1397015489852347.0,0.0,,True
drsr,II.34.2_1_0,4,60,0.0,0.024820244144161868,0.2388393638147073,0.22239600161358153,,True
drsr,II.34.2_1_0,4,10,0.0,0.0336125060080033,0.31888097568801155,0.21320966060576707,,True
drsr,II.34.2_1_0,4,30,0.0,0.024820244144161868,0.2388393638147073,0.22239600161358153,,True
drsr,II.34.2_1_0,4,5,0.0,0.03361237033250148,0.31888863704343073,0.21320935056608786,,True
drsr,II.34.2_1_0,4,1,0.0,0.09079709267655656,0.35857634729708365,0.19597665780289047,,True
drsr,II.34.2_1_0,4,45,0.0,0.024820244144161868,0.2388393638147073,0.22239600161358153,,True
drsr,II.34.2_1_0,4,3,0.0,0.05947217944166931,0.35860231617061206,0.20253832341372163,,True
drsr,II.34.2_1_0,4,2,0.0,0.09079709267655656,0.35857634729708365,0.19597665780289047,,True
drsr,II.34.2_1_0,4,20,0.0,0.024820244144161868,0.2388393638147073,0.22239600161358153,,True
drsr,feynman-i.43.31,4,60,0.0,0.37661445850078035,0.5632516243206549,0.16690716279616657,,True
drsr,feynman-i.43.31,4,10,0.0,0.5593839813012979,0.6660942814986387,0.15816979532788894,,True
drsr,feynman-i.43.31,4,30,0.0,0.5593839813012979,0.6660942814986387,0.15816979532788894,,True
drsr,feynman-i.43.31,4,5,0.0,0.5593839813012979,0.6660942814986387,0.15816979532788894,,True
drsr,feynman-i.43.31,4,1,0.0,2690728999541376.5,245798754483051.6,0.0,,True
drsr,feynman-i.43.31,4,45,0.0,0.5593839813012979,0.6660942814986387,0.15816979532788894,,True
drsr,feynman-i.43.31,4,3,0.0,0.8116636598168339,0.9308637640893188,0.14720492047368872,,True
drsr,feynman-i.43.31,4,2,0.0,32.14090480545552,1.119384202717596,0.08728438313716153,,True
drsr,feynman-i.43.31,4,20,0.0,0.5593839813012979,0.6660942814986387,0.15816979532788894,,True
drsr,feynman-i.39.22,4,60,0.0,,,0.0,,False
drsr,feynman-i.39.22,4,10,0.0,1.0012963249279563,1.0000089212460193,0.14283691083565125,,True
drsr,feynman-i.39.22,4,30,0.0,0.9999255960214463,0.9999995184944829,0.142858304412669,,True
drsr,feynman-i.39.22,4,5,0.0,1.0012963249279563,1.0000089212460193,0.14283691083565125,,True
drsr,feynman-i.39.22,4,1,0.0,10720844.615768163,17272843.6359866,0.0,,True
drsr,feynman-i.39.22,4,45,0.0,,,0.0,,False
drsr,feynman-i.39.22,4,3,0.0,1.0012963249279563,1.0000089212460193,0.14283691083565125,,True
drsr,feynman-i.39.22,4,2,0.0,1.0012963249279563,1.0000089212460193,0.14283691083565125,,True
drsr,feynman-i.39.22,4,20,0.0,0.9999255960214463,0.9999995184944829,0.142858304412669,,True
drsr,strogatz_barmag2,4,60,0.0,4.643888689797515e-24,9.357579581987337e-24,1.0,,True
drsr,strogatz_barmag2,4,10,0.0,9.379061254817924e-22,1.1246704657488597e-20,1.0,,True
drsr,strogatz_barmag2,4,30,0.0,6.526973761410603e-23,7.999484255840066e-23,1.0,,True
drsr,strogatz_barmag2,4,5,0.0,1.09908004142117e-21,1.5589696201860381e-21,1.0,,True
drsr,strogatz_barmag2,4,1,0.0,0.9581778287326308,16.051891446503845,0.10046527387185272,,True
drsr,strogatz_barmag2,4,45,0.0,4.643888689797515e-24,9.357579581987337e-24,1.0,,True
drsr,strogatz_barmag2,4,3,0.0,0.3953354994734496,39.93033603864744,0.10006182932181057,,True
drsr,strogatz_barmag2,4,2,0.0,0.39225750598049414,40.20935476869575,0.10007505832733044,,True
drsr,strogatz_barmag2,4,20,0.0,6.526973761410603e-23,7.999484255840066e-23,1.0,,True
drsr,feynman-i.32.5,4,60,0.0,0.06737988474757449,0.14275840152803948,0.21488814498973308,,True
drsr,feynman-i.32.5,4,10,0.0,0.09918329308371976,0.1892749558531857,0.20451672581426183,,True
drsr,feynman-i.32.5,4,30,0.0,0.09918329308371976,0.1892749558531857,0.20451672581426183,,True
drsr,feynman-i.32.5,4,5,0.0,0.09918329308371976,0.1892749558531857,0.20451672581426183,,True
drsr,feynman-i.32.5,4,1,0.0,0.8303125437071873,0.9320860530977587,0.1468322282649872,,True
drsr,feynman-i.32.5,4,45,0.0,0.06737988474757449,0.14275840152803948,0.21488814498973308,,True
drsr,feynman-i.32.5,4,3,0.0,0.09918329308371976,0.1892749558531857,0.20451672581426183,,True
drsr,feynman-i.32.5,4,2,0.0,0.8303125437071873,0.9320860530977587,0.1468322282649872,,True
drsr,feynman-i.32.5,4,20,0.0,0.09918329308371976,0.1892749558531857,0.20451672581426183,,True
drsr,Vladislavleva-4,4,60,0.0,0.02636467447669347,0.03652713093999571,0.2505843580376451,,True
drsr,Vladislavleva-4,4,10,0.0,0.04155140721872342,0.05401922010929942,0.23745949834084984,,True
drsr,Vladislavleva-4,4,30,0.0,0.02636467447669347,0.03652713093999571,0.2505843580376451,,True
drsr,Vladislavleva-4,4,5,0.0,0.06480374185942177,0.07549319172214362,0.22537471891597288,,True
drsr,Vladislavleva-4,4,1,0.0,0.09151523497487443,0.09599710141777365,0.21629458860397494,,True
drsr,Vladislavleva-4,4,45,0.0,0.02636467447669347,0.03652713093999571,0.2505843580376451,,True
drsr,Vladislavleva-4,4,3,0.0,0.09151523497487443,0.09599710141777365,0.21629458860397494,,True
drsr,Vladislavleva-4,4,2,0.0,0.09151523497487443,0.09599710141777365,0.21629458860397494,,True
drsr,Vladislavleva-4,4,20,0.0,0.02636467447669347,0.03652713093999571,0.2505843580376451,,True
drsr,CRK0,4,60,0.0,5.956433454537165e-11,4.1467678632286214e-08,0.7716894279157003,,True
drsr,CRK0,4,10,0.0,1.0276218227711454e-06,0.011753700077251829,0.4256425741804655,,True
drsr,CRK0,4,30,0.0,1.1964410404297833e-09,3.1053704473920484e-06,0.658214117232159,,True
drsr,CRK0,4,5,0.0,1.681523600934965e-06,0.00785648608036402,0.424252453121554,,True
drsr,CRK0,4,1,0.0,0.0007062908145337957,3.8305454856917818,0.23456270778872035,,True
drsr,CRK0,4,45,0.0,5.956433454537165e-11,4.1467678632286214e-08,0.7716894279157003,,True
drsr,CRK0,4,3,0.0,1.6814345110056644e-06,0.007855463819398193,0.42425529322688454,,True
drsr,CRK0,4,2,0.0,1.6814345110056644e-06,0.007855463819398193,0.42425529322688454,,True
drsr,CRK0,4,20,0.0,1.1964410404297833e-09,3.1053704473920484e-06,0.658214117232159,,True
drsr,feynman-bonus.20,4,60,0.0,0.9871963432303721,0.9999999268427104,0.14305701763542616,,True
drsr,feynman-bonus.20,4,10,0.0,1.0,1.0,0.1428571428571429,,True
drsr,feynman-bonus.20,4,30,0.0,1.0000000165267486,1.0000000001998368,0.14285714259770488,,True
drsr,feynman-bonus.20,4,5,0.0,1.8294751783298197e+23,1.9212219970278285e+22,0.0,,True
drsr,feynman-bonus.20,4,1,0.0,2.3843886348210597e+32,8.334222089363968e+31,0.0,,True
drsr,feynman-bonus.20,4,45,0.0,0.9871963432303721,0.9999999268427104,0.14305701763542616,,True
drsr,feynman-bonus.20,4,3,0.0,1.830067912365763e+23,1.9272589596150213e+22,0.0,,True
drsr,feynman-bonus.20,4,2,0.0,2.3843886348210597e+32,8.334222089363968e+31,0.0,,True
drsr,feynman-bonus.20,4,20,0.0,1.0000000013013255,0.999999999999921,0.14285714283695983,,True
drsr,Korns-2,4,60,0.0,1.1345021742663262,1.2517537173911635,0.1374169920585081,,True
drsr,Korns-2,4,10,0.0,1.0996157124993087,1.110653403038486,0.13975644683905647,,True
drsr,Korns-2,4,30,0.0,1.1345021742663262,1.2517537173911635,0.1374169920585081,,True
drsr,Korns-2,4,5,0.0,1.1203756860868592,1.0682664089938103,0.1400698840051361,,True
drsr,Korns-2,4,1,0.0,1.1167325068484417,1.0973547904524585,0.13970370635600377,,True
drsr,Korns-2,4,45,0.0,1.1345021742663262,1.2517537173911635,0.1374169920585081,,True
drsr,Korns-2,4,3,0.0,1.1203756860868592,1.0682664089938103,0.1400698840051361,,True
drsr,Korns-2,4,2,0.0,1.1203756860868592,1.0682664089938103,0.1400698840051361,,True
drsr,Korns-2,4,20,0.0,1.1345021742663262,1.2517537173911635,0.1374169920585081,,True
drsr,strogatz_shearflow1,4,60,0.0,3.302984448013873,1.0009658274411963,0.12430979357376504,,True
drsr,strogatz_shearflow1,4,10,0.0,0.5581350068176381,6.711164476908772,0.12237367337872324,,True
drsr,strogatz_shearflow1,4,30,0.0,6.4875226814070555,0.9923089644750109,0.11397407842886825,,True
drsr,strogatz_shearflow1,4,5,0.0,0.5581350068176381,6.711164476908772,0.12237367337872324,,True
drsr,strogatz_shearflow1,4,1,0.0,3.302984448013873,1.0009658274411963,0.12430979357376504,,True
drsr,strogatz_shearflow1,4,45,0.0,6.4875226814070555,0.9923089644750109,0.11397407842886825,,True
drsr,strogatz_shearflow1,4,3,0.0,3.302984448013873,1.0009658274411963,0.12430979357376504,,True
drsr,strogatz_shearflow1,4,2,0.0,3.302984448013873,1.0009658274411963,0.12430979357376504,,True
drsr,strogatz_shearflow1,4,20,0.0,0.44826684708646747,1.1482112621150693,0.15315862775734534,,True
drsr,CRK33,4,60,0.0,5.0928104636882837e-11,1.5131346645988855e-06,0.7183273180616986,,True
drsr,CRK33,4,10,0.0,3.3092708033106796e-10,1.4196873398950212e-05,0.654574106528776,,True
drsr,CRK33,4,30,0.0,,,0.0,,False
drsr,CRK33,4,5,0.0,,,0.0,,False
drsr,CRK33,4,1,0.0,0.00139836080785403,77.35873802451931,0.17735254929423938,,True
drsr,CRK33,4,45,0.0,5.0928104636882837e-11,1.5131346645988855e-06,0.7183273180616986,,True
drsr,CRK33,4,3,0.0,,,0.0,,False
drsr,CRK33,4,2,0.0,,,0.0,,False
drsr,CRK33,4,20,0.0,3.3092708033106796e-10,1.4196873398950212e-05,0.654574106528776,,True
drsr,II.6.15b_3_0,1,60,0.0,0.11488255534278649,0.3170549829943661,0.19423611892066067,,True
drsr,II.6.15b_3_0,1,10,0.0,0.18653973005207133,0.35526045409714035,0.18495292105249056,,True
drsr,II.6.15b_3_0,1,30,0.0,0.1524065663462349,0.24647714356852612,0.19375784532101809,,True
drsr,II.6.15b_3_0,1,5,0.0,0.18653973005207133,0.35526045409714035,0.18495292105249056,,True
drsr,II.6.15b_3_0,1,1,0.0,0.2186295852288049,0.3047816698772381,0.1848679366050967,,True
drsr,II.6.15b_3_0,1,45,0.0,0.1524065663462349,0.24647714356852612,0.19375784532101809,,True
drsr,II.6.15b_3_0,1,3,0.0,0.2186295852288049,0.3047816698772381,0.1848679366050967,,True
drsr,II.6.15b_3_0,1,2,0.0,0.2186295852288049,0.3047816698772381,0.1848679366050967,,True
drsr,II.6.15b_3_0,1,20,0.0,0.20402314318353493,0.07788524591740159,0.20710233465984673,,True
drsr,feynman-i.18.16,1,60,0.0,5.1829272839200854e-15,6.405966376527779e-17,1.0,,True
drsr,feynman-i.18.16,1,10,0.0,0.5591323971601859,0.679610912624464,0.157865178549985,,True
drsr,feynman-i.18.16,1,30,0.0,0.12051687632932284,0.45260520684802885,0.18797259240940145,,True
drsr,feynman-i.18.16,1,5,0.0,0.5591323971601859,0.679610912624464,0.157865178549985,,True
drsr,feynman-i.18.16,1,1,0.0,2.1916137879327076e+41,8.626226353508904e+45,0.0,,True
drsr,feynman-i.18.16,1,45,0.0,0.12051687632932284,0.45260520684802885,0.18797259240940145,,True
drsr,feynman-i.18.16,1,3,0.0,2.1916137879327076e+41,8.626226353508904e+45,0.0,,True
drsr,feynman-i.18.16,1,2,0.0,2.1916137879327076e+41,8.626226353508904e+45,0.0,,True
drsr,feynman-i.18.16,1,20,0.0,0.12051687632932284,0.45260520684802885,0.18797259240940145,,True
drsr,Nguyen-9,1,60,0.0,0.00027025173647409254,0.00029800675206613183,0.39621447866675313,,True
drsr,Nguyen-9,1,10,0.0,0.0014815768349059474,0.00032987162572548756,0.368247530720058,,True
drsr,Nguyen-9,1,30,0.0,0.00027025173647409254,0.00029800675206613183,0.39621447866675313,,True
drsr,Nguyen-9,1,5,0.0,0.021902972021103903,0.0015842609056625088,0.30213108022227736,,True
drsr,Nguyen-9,1,1,0.0,0.02189963040018699,0.0015844487737680924,0.30213160756940366,,True
drsr,Nguyen-9,1,45,0.0,0.00027025173647409254,0.00029800675206613183,0.39621447866675313,,True
drsr,Nguyen-9,1,3,0.0,0.021902972021103903,0.0015842609056625088,0.30213108022227736,,True
drsr,Nguyen-9,1,2,0.0,0.021895135695243387,0.0015841178347615465,0.3021380312652761,,True
drsr,Nguyen-9,1,20,0.0,0.00027025173647409254,0.00029800675206613183,0.39621447866675313,,True
drsr,CRK10,1,60,0.0,8.585459309278868e-11,1.468929333270287e-06,0.7106869843701992,,True
drsr,CRK10,1,10,0.0,1.1844891875919536e-08,6.30139346350483e-05,0.5759654393281162,,True
drsr,CRK10,1,30,0.0,7.706189527374222e-10,1.5401568085711675e-05,0.640199834785724,,True
drsr,CRK10,1,5,0.0,9.236758217075619e-07,0.02703477341426106,0.4143770603716305,,True
drsr,CRK10,1,1,0.0,0.00859025849454043,90.05017086376624,0.14683961522004846,,True
drsr,CRK10,1,45,0.0,8.585459309278868e-11,1.468929333270287e-06,0.7106869843701992,,True
drsr,CRK10,1,3,0.0,0.0007509868839791503,4.690659375456864,0.2304690625444471,,True
drsr,CRK10,1,2,0.0,0.0007779243075890604,0.999999596443463,0.2538951011885691,,True
drsr,CRK10,1,20,0.0,1.1844891875919536e-08,6.30139346350483e-05,0.5759654393281162,,True
drsr,first_principles_leavitt,1,60,0.0,0.0002915005676283028,0.0006670203237342909,0.38254362601398745,,True
drsr,first_principles_leavitt,1,10,0.0,0.0003247658389244548,0.00044895811949528916,0.3870079938858124,,True
drsr,first_principles_leavitt,1,30,0.0,0.0003247658389244548,0.00044895811949528916,0.3870079938858124,,True
drsr,first_principles_leavitt,1,5,0.0,0.0002813916644293343,0.00017662133059937948,0.4037016292648237,,True
drsr,first_principles_leavitt,1,1,0.0,9.47774157231717e-05,0.001086632081764785,0.39240045051010597,,True
drsr,first_principles_leavitt,1,45,0.0,0.0003247658389244548,0.00044895811949528916,0.3870079938858124,,True
drsr,first_principles_leavitt,1,3,0.0,0.00019305870077955135,0.001932614384759115,0.37243447903763177,,True
drsr,first_principles_leavitt,1,2,0.0,0.00019305870077955135,0.001932614384759115,0.37243447903763177,,True
drsr,first_principles_leavitt,1,20,0.0,0.0003247658389244548,0.00044895811949528916,0.3870079938858124,,True
drsr,feynman-i.13.12,1,60,0.0,1.548278766317048,4.84349107762511,0.11160686922162188,,True
drsr,feynman-i.13.12,1,10,0.0,1.480912490483903,4.641298623530582,0.11295825327989578,,True
drsr,feynman-i.13.12,1,30,0.0,1.480912490483903,4.641298623530582,0.11295825327989578,,True
drsr,feynman-i.13.12,1,5,0.0,0.5242490421176753,1.1103712421809413,0.15124979103724623,,True
drsr,feynman-i.13.12,1,1,0.0,1.3198249280231222,1.4563715183750585,0.13272183914924723,,True
drsr,feynman-i.13.12,1,45,0.0,1.548278766317048,4.84349107762511,0.11160686922162188,,True
drsr,feynman-i.13.12,1,3,0.0,2.7388565365053865,8.264202234223008,0.09447249212612924,,True
drsr,feynman-i.13.12,1,2,0.0,1.3198249280231222,1.4563715183750585,0.13272183914924723,,True
drsr,feynman-i.13.12,1,20,0.0,1.480912490483903,4.641298623530582,0.11295825327989578,,True
drsr,CRK11,1,60,0.0,3.4536060440524503e-10,1.2893241761619785e-08,0.7625487527890801,,True
drsr,CRK11,1,10,0.0,6.90807917709919e-08,0.0008132091279310264,0.5089443017369236,,True
drsr,CRK11,1,30,0.0,3.466098343792972e-10,2.626781635875748e-08,0.7514548267057839,,True
drsr,CRK11,1,5,0.0,2.020013993820976e-06,0.005276208016201136,0.42758298973281317,,True
drsr,CRK11,1,1,0.0,0.00034974515175048614,0.7319072371972939,0.27113543769803194,,True
drsr,CRK11,1,45,0.0,3.466098343792972e-10,2.626781635875748e-08,0.7514548267057839,,True
drsr,CRK11,1,3,0.0,2.020013993820976e-06,0.005276208016201136,0.42758298973281317,,True
drsr,CRK11,1,2,0.0,2.837936288533714e-06,0.0004956339394922145,0.45899415431330476,,True
drsr,CRK11,1,20,0.0,3.466098343792972e-10,2.626781635875748e-08,0.7514548267057839,,True
drsr,strogatz_barmag1,1,60,0.0,1.3773597647562405e-24,3.8925852584509595e-25,1.0,,True
drsr,strogatz_barmag1,1,10,0.0,2.4997438167026324e-23,4.3889530832633646e-23,1.0,,True
drsr,strogatz_barmag1,1,30,0.0,2.4997438167026324e-23,4.3889530832633646e-23,1.0,,True
drsr,strogatz_barmag1,1,5,0.0,6.440869879798179e-23,9.426913293502728e-23,1.0,,True
drsr,strogatz_barmag1,1,1,0.0,0.05078054216788805,0.9205375815346528,0.19036646939501123,,True
drsr,strogatz_barmag1,1,45,0.0,2.4997438167026324e-23,4.3889530832633646e-23,1.0,,True
drsr,strogatz_barmag1,1,3,0.0,6.440869879798179e-23,9.426913293502728e-23,1.0,,True
drsr,strogatz_barmag1,1,2,0.0,6.440869879798179e-23,9.426913293502728e-23,1.0,,True
drsr,strogatz_barmag1,1,20,0.0,2.4997438167026324e-23,4.3889530832633646e-23,1.0,,True
drsr,MatSci21,1,60,0.0,5.951570285713448e-14,2.7736685416584776e-14,1.0,,True
drsr,MatSci21,1,10,0.0,0.00018385273394702918,0.0005239408117331516,0.39343741710882457,,True
drsr,MatSci21,1,30,0.0,3.5510105876669003e-09,1.5294481092405487e-08,0.7237540459242389,,True
drsr,MatSci21,1,5,0.0,0.0002583899192910206,0.0011990792907524456,0.37531701897694836,,True
drsr,MatSci21,1,1,0.0,0.044468247518992386,0.07046060010526459,0.23228584456915014,,True
drsr,MatSci21,1,45,0.0,5.951570285713448e-14,2.7736685416584776e-14,1.0,,True
drsr,MatSci21,1,3,0.0,0.0002583899192910206,0.0011990792907524456,0.37531701897694836,,True
drsr,MatSci21,1,2,0.0,0.0002583899192910206,0.0011990792907524456,0.37531701897694836,,True
drsr,MatSci21,1,20,0.0,3.5510105876669003e-09,1.5294481092405487e-08,0.7237540459242389,,True
drsr,Keijzer-2,1,60,0.0,0.13867139292705236,11.719548286188855,0.13532508033209661,,True
drsr,Keijzer-2,1,10,0.0,0.1406736354829623,9.934836654079911,0.13766523420734667,,True
drsr,Keijzer-2,1,30,0.0,0.1406736354829623,9.934836654079911,0.13766523420734667,,True
drsr,Keijzer-2,1,5,0.0,0.14818657673592162,10.12361397837134,0.13656626991801413,,True
drsr,Keijzer-2,1,1,0.0,0.6972691380967116,4.565938617987801,0.12489533885538462,,True
drsr,Keijzer-2,1,45,0.0,0.13867139292705236,11.719548286188855,0.13532508033209661,,True
drsr,Keijzer-2,1,3,0.0,0.14818657673592162,10.12361397837134,0.13656626991801413,,True
drsr,Keijzer-2,1,2,0.0,0.6972647150901683,4.5660521920259045,0.12489505143718871,,True
drsr,Keijzer-2,1,20,0.0,0.1406736354829623,9.934836654079911,0.13766523420734667,,True
drsr,Nguyen-12,1,60,0.0,4.53888095464872e-09,9.042612859234637e-08,0.6923841882115763,,True
drsr,Nguyen-12,1,10,0.0,4.187934605194744e-05,0.001696180044077473,0.3981617199690937,,True
drsr,Nguyen-12,1,30,0.0,4.53888095464872e-09,9.042612859234637e-08,0.6923841882115763,,True
drsr,Nguyen-12,1,5,0.0,4.187934605194744e-05,0.001696180044077473,0.3981617199690937,,True
drsr,Nguyen-12,1,1,0.0,4.187934605194744e-05,0.001696180044077473,0.3981617199690937,,True
drsr,Nguyen-12,1,45,0.0,4.53888095464872e-09,9.042612859234637e-08,0.6923841882115763,,True
drsr,Nguyen-12,1,3,0.0,4.187934605194744e-05,0.001696180044077473,0.3981617199690937,,True
drsr,Nguyen-12,1,2,0.0,4.187934605194744e-05,0.001696180044077473,0.3981617199690937,,True
drsr,Nguyen-12,1,20,0.0,4.53888095464872e-09,9.042612859234637e-08,0.6923841882115763,,True
drsr,feynman-ii.34.11,1,60,0.0,6.759609151891117e+30,4.385757183543925e+29,0.0,,True
drsr,feynman-ii.34.11,1,10,0.0,0.9999999999999978,0.9999999999999997,0.14285714285714296,,True
drsr,feynman-ii.34.11,1,30,0.0,1.0000095577485097,0.9999852742640393,0.14285722301769133,,True
drsr,feynman-ii.34.11,1,5,0.0,0.9999999999999893,0.9999999999999992,0.14285714285714307,,True
drsr,feynman-ii.34.11,1,1,0.0,1.658081316289866e+19,1.0920825946260483e+22,0.0,,True
drsr,feynman-ii.34.11,1,45,0.0,17700051.539468594,11660027991.189217,0.0,,True
drsr,feynman-ii.34.11,1,3,0.0,129447497.79302745,83857583169.06544,0.0,,True
drsr,feynman-ii.34.11,1,2,0.0,133823724.96579961,86733356611.72409,0.0,,True
drsr,feynman-ii.34.11,1,20,0.0,1.0000095587180557,0.9999852738192248,0.14285722300955273,,True
drsr,strogatz_predprey2,1,60,0.0,,,0.0,,False
drsr,strogatz_predprey2,1,10,0.0,0.003774877730038807,0.0736509572533993,0.2698542398209509,,True
drsr,strogatz_predprey2,1,30,0.0,,,0.0,,False
drsr,strogatz_predprey2,1,5,0.0,0.03861873861723282,0.3395100591061646,0.2100839024726333,,True
drsr,strogatz_predprey2,1,1,0.0,0.05995052420445224,0.7237929440488047,0.19152116678782732,,True
drsr,strogatz_predprey2,1,45,0.0,,,0.0,,False
drsr,strogatz_predprey2,1,3,0.0,0.04874941651237918,0.4234496414974106,0.20304388601923146,,True
drsr,strogatz_predprey2,1,2,0.0,0.05995052420445224,0.7237929440488047,0.19152116678782732,,True
drsr,strogatz_predprey2,1,20,0.0,0.003774877730038807,0.0736509572533993,0.2698542398209509,,True
drsr,feynman-iii.7.38,1,60,0.0,,,0.0,,False
drsr,feynman-iii.7.38,1,10,0.0,0.9999999999992116,0.9999999999999998,0.14285714285715512,,True
drsr,feynman-iii.7.38,1,30,0.0,0.9999999999992116,0.9999999999999998,0.14285714285715512,,True
drsr,feynman-iii.7.38,1,5,0.0,0.9999999999992116,0.9999999999999998,0.14285714285715512,,True
drsr,feynman-iii.7.38,1,1,0.0,0.9999999999992116,0.9999999999999998,0.14285714285715512,,True
drsr,feynman-iii.7.38,1,45,0.0,1.0000000000119071,1.0,0.14285714285695822,,True
drsr,feynman-iii.7.38,1,3,0.0,0.9999999999992116,0.9999999999999998,0.14285714285715512,,True
drsr,feynman-iii.7.38,1,2,0.0,0.9999999999992116,0.9999999999999998,0.14285714285715512,,True
drsr,feynman-iii.7.38,1,20,0.0,0.9999999999992116,0.9999999999999998,0.14285714285715512,,True
drsr,Korns-4,1,60,0.0,0.0017446966691296237,0.0020095113062586073,0.33768534335793876,,True
drsr,Korns-4,1,10,0.0,0.001841355145841868,0.0019099584182336205,0.3376370902807936,,True
drsr,Korns-4,1,30,0.0,0.0017944268281774502,0.001945949541103278,0.33774795255658385,,True
drsr,Korns-4,1,5,0.0,0.0016660730364656835,0.0018565825568169503,0.3396282749403088,,True
drsr,Korns-4,1,1,0.0,0.0016660730364656835,0.0018565825568169503,0.3396282749403088,,True
drsr,Korns-4,1,45,0.0,0.0017446966383410723,0.002009511363170389,0.3376853431923754,,True
drsr,Korns-4,1,3,0.0,0.0016660730364656835,0.0018565825568169503,0.3396282749403088,,True
drsr,Korns-4,1,2,0.0,0.0016660730364656835,0.0018565825568169503,0.3396282749403088,,True
drsr,Korns-4,1,20,0.0,0.0018413553127847849,0.001909959215758923,0.33763708239796747,,True
drsr,feynman_I_27_6,1,60,0.0,1.9168739857154097e-23,6.923555704260372e-23,1.0,,True
drsr,feynman_I_27_6,1,10,0.0,0.007360384234553383,0.06999261197688462,0.2602874040285733,,True
drsr,feynman_I_27_6,1,30,0.0,1.956683463970576e-20,1.1112958998626754e-19,1.0,,True
drsr,feynman_I_27_6,1,5,0.0,0.007360384234553383,0.06999261197688462,0.2602874040285733,,True
drsr,feynman_I_27_6,1,1,0.0,0.02104941762432388,0.14514653774216943,0.23267690123157247,,True
drsr,feynman_I_27_6,1,45,0.0,1.956683463970576e-20,1.1112958998626754e-19,1.0,,True
drsr,feynman_I_27_6,1,3,0.0,0.02104941762432388,0.14514653774216943,0.23267690123157247,,True
drsr,feynman_I_27_6,1,2,0.0,0.02104941762432388,0.14514653774216943,0.23267690123157247,,True
drsr,feynman_I_27_6,1,20,0.0,1.956683463970576e-20,1.1112958998626754e-19,1.0,,True
drsr,feynman-ii.4.23,1,60,0.0,2.232603293668214e-28,1.3251326027802517e-28,1.0,,True
drsr,feynman-ii.4.23,1,10,0.0,0.999999996830098,0.9999999968300979,0.14285714295547647,,True
drsr,feynman-ii.4.23,1,30,0.0,0.9999999868285318,0.9999999868285318,0.1428571432657354,,True
drsr,feynman-ii.4.23,1,5,0.0,0.999999999180355,0.9999999991803917,0.14285714288256857,,True
drsr,feynman-ii.4.23,1,1,0.0,0.9999999997774748,0.999999999777475,0.14285714286404583,,True
drsr,feynman-ii.4.23,1,45,0.0,1.9868733008986928e-25,1.9498877398845044e-25,1.0,,True
drsr,feynman-ii.4.23,1,3,0.0,0.999999999180355,0.9999999991803917,0.14285714288256857,,True
drsr,feynman-ii.4.23,1,2,0.0,0.9999999996588452,0.9999999996614024,0.1428571428676862,,True
drsr,feynman-ii.4.23,1,20,0.0,0.9999999965649851,0.9999999965649852,0.14285714296370056,,True
drsr,PO19,1,60,0.0,0.0009105196594276954,467.86916238823335,0.18002538116878436,,True
drsr,PO19,1,10,0.0,0.01892870999783362,1262219.2201339728,0.13295996365854984,,True
drsr,PO19,1,30,0.0,0.0009105196594276954,467.86916238823335,0.18002538116878436,,True
drsr,PO19,1,5,0.0,0.01892870999783362,1262219.2201339728,0.13295996365854984,,True
drsr,PO19,1,1,0.0,0.022234153069243128,11009.673030220933,0.13046355031425855,,True
drsr,PO19,1,45,0.0,0.0009105196594276954,467.86916238823335,0.18002538116878436,,True
drsr,PO19,1,3,0.0,0.01892870999783362,1262219.2201339728,0.13295996365854984,,True
drsr,PO19,1,2,0.0,0.019828483700291076,382580.0741955701,0.13223966054874198,,True
drsr,PO19,1,20,0.0,0.004120532766372475,2939.43947117353,0.15660880814325984,,True
drsr,feynman_II_15_4,1,60,0.0,7.208186486562572e-26,7.20813619513275e-26,1.0,,True
drsr,feynman_II_15_4,1,10,0.0,2.4061510604504094e-25,2.4061410649689564e-25,1.0,,True
drsr,feynman_II_15_4,1,30,0.0,7.208186486562572e-26,7.20813619513275e-26,1.0,,True
drsr,feynman_II_15_4,1,5,0.0,2.499066642992254e-25,2.4990318890673355e-25,1.0,,True
drsr,feynman_II_15_4,1,1,0.0,2.499066642992254e-25,2.4990318890673355e-25,1.0,,True
drsr,feynman_II_15_4,1,45,0.0,7.208186486562572e-26,7.20813619513275e-26,1.0,,True
drsr,feynman_II_15_4,1,3,0.0,2.499066642992254e-25,2.4990318890673355e-25,1.0,,True
drsr,feynman_II_15_4,1,2,0.0,2.499066642992254e-25,2.4990318890673355e-25,1.0,,True
drsr,feynman_II_15_4,1,20,0.0,7.208186486562572e-26,7.20813619513275e-26,1.0,,True
drsr,feynman-i.11.19,1,60,0.0,0.3261855961693956,0.33403551579177726,0.17724080627445565,,True
drsr,feynman-i.11.19,1,10,0.0,0.3261855961693956,0.33403551579177726,0.17724080627445565,,True
drsr,feynman-i.11.19,1,30,0.0,0.3261855961693956,0.33403551579177726,0.17724080627445565,,True
drsr,feynman-i.11.19,1,5,0.0,0.32644539622057617,0.3339426443584334,0.17723277035415685,,True
drsr,feynman-i.11.19,1,1,0.0,0.3225051350342703,0.3509648851976332,0.17664998926653647,,True
drsr,feynman-i.11.19,1,45,0.0,0.3261855961693956,0.33403551579177726,0.17724080627445565,,True
drsr,feynman-i.11.19,1,3,0.0,0.324051928155564,0.33078220906367756,0.177494401673785,,True
drsr,feynman-i.11.19,1,2,0.0,0.3225051350342703,0.3509648851976332,0.17664998926653647,,True
drsr,feynman-i.11.19,1,20,0.0,0.3261855961693956,0.33403551579177726,0.17724080627445565,,True
drsr,BPG9,1,60,0.0,7.451456453941493e-05,0.03034139676486922,0.34449011652028066,,True
drsr,BPG9,1,10,0.0,7.451456453941493e-05,0.03034139676486922,0.34449011652028066,,True
drsr,BPG9,1,30,0.0,7.451456453941493e-05,0.03034139676486922,0.34449011652028066,,True
drsr,BPG9,1,5,0.0,0.01915612417011583,17.924519395950348,0.15943731559340163,,True
drsr,BPG9,1,1,0.0,10269.245089839545,371915159.4601542,0.0,,True
drsr,BPG9,1,45,0.0,7.451456453941493e-05,0.03034139676486922,0.34449011652028066,,True
drsr,BPG9,1,3,0.0,0.019155753661011247,17.919213155049352,0.15944220789120855,,True
drsr,BPG9,1,2,0.0,0.13901346452839172,0.9999999999999534,0.1734622547475596,,True
drsr,BPG9,1,20,0.0,7.451456453941493e-05,0.03034139676486922,0.34449011652028066,,True
drsr,feynman-i.29.16,1,60,0.0,0.062183275998454586,0.1754027785477341,0.2129389261803935,,True
drsr,feynman-i.29.16,1,10,0.0,0.06579385265379774,0.1833969624456503,0.2113722337081424,,True
drsr,feynman-i.29.16,1,30,0.0,0.06415174729642127,0.2893230770925994,0.20469315838917812,,True
drsr,feynman-i.29.16,1,5,0.0,0.06561123879593407,0.18178833676701342,0.21155199093349913,,True
drsr,feynman-i.29.16,1,1,0.0,0.09879229859127499,0.042671568265548895,0.22768351090775618,,True
drsr,feynman-i.29.16,1,45,0.0,0.06415174729642127,0.2893230770925994,0.20469315838917812,,True
drsr,feynman-i.29.16,1,3,0.0,0.06974185173787505,0.2890847975804641,0.2034100454345279,,True
drsr,feynman-i.29.16,1,2,0.0,0.09405104899351985,0.010424230418101497,0.2503068697754157,,True
drsr,feynman-i.29.16,1,20,0.0,0.06579385265379774,0.1833969624456503,0.2113722337081424,,True
drsr,first_principles_hubble,1,60,0.0,0.11223468658413221,0.04817459283305539,0.22382338746925062,,True
drsr,first_principles_hubble,1,10,0.0,0.11223468658413221,0.04817459283305539,0.22382338746925062,,True
drsr,first_principles_hubble,1,30,0.0,0.11223468658413221,0.04817459283305539,0.22382338746925062,,True
drsr,first_principles_hubble,1,5,0.0,0.11223468658413221,0.04817459283305539,0.22382338746925062,,True
drsr,first_principles_hubble,1,1,0.0,0.0681728874133536,0.033173533998147244,0.2373427347044883,,True
drsr,first_principles_hubble,1,45,0.0,0.11223468658413221,0.04817459283305539,0.22382338746925062,,True
drsr,first_principles_hubble,1,3,0.0,0.0681728874133536,0.033173533998147244,0.2373427347044883,,True
drsr,first_principles_hubble,1,2,0.0,0.0681728874133536,0.033173533998147244,0.2373427347044883,,True
drsr,first_principles_hubble,1,20,0.0,0.11223468658413221,0.04817459283305539,0.22382338746925062,,True
drsr,feynman-i.15.3t,1,60,0.0,1.0855019433079872e+30,9.905520211040039e+29,0.0,,True
drsr,feynman-i.15.3t,1,10,0.0,1.085502549537821e+30,9.905525743063183e+29,0.0,,True
drsr,feynman-i.15.3t,1,30,0.0,1.0855019433079872e+30,9.905520211040039e+29,0.0,,True
drsr,feynman-i.15.3t,1,5,0.0,1.085502549537821e+30,9.905525743063183e+29,0.0,,True
drsr,feynman-i.15.3t,1,1,0.0,561.9379910786492,111.68214740867266,0.0,,True
drsr,feynman-i.15.3t,1,45,0.0,1.0855019433079872e+30,9.905520211040039e+29,0.0,,True
drsr,feynman-i.15.3t,1,3,0.0,1.085502549537821e+30,9.905525743063183e+29,0.0,,True
drsr,feynman-i.15.3t,1,2,0.0,1.7725623486526215e+29,1.617514577302375e+29,0.0,,True
drsr,feynman-i.15.3t,1,20,0.0,1.0855019433079872e+30,9.905520211040039e+29,0.0,,True
drsr,feynman_test_15,1,60,0.0,0.0006416019604459484,0.04362101984209952,0.3054656608114394,,True
drsr,feynman_test_15,1,10,0.0,0.0006459360374556218,0.007403915789979326,0.3328696076594322,,True
drsr,feynman_test_15,1,30,0.0,0.0006459360374556218,0.007403915789979326,0.3328696076594322,,True
drsr,feynman_test_15,1,5,0.0,0.0006459360374556218,0.007403915789979326,0.3328696076594322,,True
drsr,feynman_test_15,1,1,0.0,0.39898887587203613,0.6803323032151626,0.1630827900073747,,True
drsr,feynman_test_15,1,45,0.0,0.0006416019604459484,0.04362101984209952,0.3054656608114394,,True
drsr,feynman_test_15,1,3,0.0,0.0006459335205261431,0.007406848696762351,0.3328635251460349,,True
drsr,feynman_test_15,1,2,0.0,0.0006459335205261431,0.007406848696762351,0.3328635251460349,,True
drsr,feynman_test_15,1,20,0.0,0.0006459360374556218,0.007403915789979326,0.3328696076594322,,True
llmsr,BPG5,3,60,0.0,11.292797713679604,268393.1716648548,0.03382851611595106,,True
llmsr,BPG5,3,10,0.0,1.6835393964924302e-07,0.00013595876001029928,0.5228703400435029,,True
llmsr,BPG5,3,30,0.0,11.292797713679604,268393.1716648548,0.03382851611595106,,True
llmsr,BPG5,3,5,0.0,3.3993318307704453e-07,0.000196459843427626,0.506261880195073,,True
llmsr,BPG5,3,1,0.0,0.533904996824498,1077.8871560347595,0.08116200051981448,,True
llmsr,BPG5,3,45,0.0,11.292797713679604,268393.1716648548,0.03382851611595106,,True
llmsr,BPG5,3,3,0.0,0.533904996824498,1077.8871560347595,0.08116200051981448,,True
llmsr,BPG5,3,2,0.0,0.533904996824498,1077.8871560347595,0.08116200051981448,,True
llmsr,BPG5,3,20,0.0,11.292797713679604,268393.1716648548,0.03382851611595106,,True
llmsr,feynman-ii.34.2a,3,60,0.0,1.0068492116958996,1.0005138618534324,0.14274330198487734,,True
llmsr,feynman-ii.34.2a,3,10,0.0,1.0068492116958996,1.0005138618534324,0.14274330198487734,,True
llmsr,feynman-ii.34.2a,3,30,0.0,1.0068492116958996,1.0005138618534324,0.14274330198487734,,True
llmsr,feynman-ii.34.2a,3,5,0.0,1.006849225126121,1.0005138621044378,0.1427433017740934,,True
llmsr,feynman-ii.34.2a,3,1,0.0,1.006849225126121,1.0005138621044378,0.1427433017740934,,True
llmsr,feynman-ii.34.2a,3,45,0.0,1.0068492116958996,1.0005138618534324,0.14274330198487734,,True
llmsr,feynman-ii.34.2a,3,3,0.0,1.006849225126121,1.0005138621044378,0.1427433017740934,,True
llmsr,feynman-ii.34.2a,3,2,0.0,1.006849225126121,1.0005138621044378,0.1427433017740934,,True
llmsr,feynman-ii.34.2a,3,20,0.0,1.0068492116958996,1.0005138618534324,0.14274330198487734,,True
llmsr,strogatz_vdp1,3,60,0.0,8.608174633393153e-10,7.476631165087601e-08,0.7211208205142122,,True
llmsr,strogatz_vdp1,3,10,0.0,8.553612198581274e-05,0.00047378016473833667,0.40686691317678847,,True
llmsr,strogatz_vdp1,3,30,0.0,8.608570789475543e-10,7.476874416750735e-08,0.7211196020970607,,True
llmsr,strogatz_vdp1,3,5,0.0,0.0020675399183225896,0.0026162288507994395,0.33095965593257365,,True
llmsr,strogatz_vdp1,3,1,0.0,0.7058209466796198,0.7980552570551839,0.1517597319437382,,True
llmsr,strogatz_vdp1,3,45,0.0,8.608174633393153e-10,7.476631165087601e-08,0.7211208205142122,,True
llmsr,strogatz_vdp1,3,3,0.0,0.527314116125553,0.9674953831303945,0.15329577504497033,,True
llmsr,strogatz_vdp1,3,2,0.0,0.7058209466796198,0.7980552570551839,0.1517597319437382,,True
llmsr,strogatz_vdp1,3,20,0.0,8.322612083939529e-05,0.00011220136273823988,0.429633650559005,,True
llmsr,II.11.27_1_0,3,60,0.0,0.008458636484199958,0.9636998084014572,0.21745563807528778,,True
llmsr,II.11.27_1_0,3,10,0.0,0.008458636484199958,0.9636998084014572,0.21745563807528778,,True
llmsr,II.11.27_1_0,3,30,0.0,0.008458636484199958,0.9636998084014572,0.21745563807528778,,True
llmsr,II.11.27_1_0,3,5,0.0,0.008458636484199958,0.9636998084014572,0.21745563807528778,,True
llmsr,II.11.27_1_0,3,1,0.0,0.40398942120611747,18.489117744920964,0.11166835067516895,,True
llmsr,II.11.27_1_0,3,45,0.0,0.008458636484199958,0.9636998084014572,0.21745563807528778,,True
llmsr,II.11.27_1_0,3,3,0.0,0.40398942120611747,18.489117744920964,0.11166835067516895,,True
llmsr,II.11.27_1_0,3,2,0.0,0.40398942120611747,18.489117744920964,0.11166835067516895,,True
llmsr,II.11.27_1_0,3,20,0.0,0.008458636484199958,0.9636998084014572,0.21745563807528778,,True
llmsr,Nguyen-6,3,60,0.0,2.673761720967553e-07,0.002360636693574472,0.4714231480398431,,True
llmsr,Nguyen-6,3,10,0.0,1.0667826894979248e-06,0.02062892393713041,0.41633740948605036,,True
llmsr,Nguyen-6,3,30,0.0,2.0004615868582595e-06,0.00897568321320496,0.41949293811957183,,True
llmsr,Nguyen-6,3,5,0.0,1.0907170526605479e-06,0.021319926316805553,0.41548222133899493,,True
llmsr,Nguyen-6,3,1,0.0,0.0007042048330488021,0.06382674805707994,0.2981177957408363,,True
llmsr,Nguyen-6,3,45,0.0,2.0004615868582595e-06,0.00897568321320496,0.41949293811957183,,True
llmsr,Nguyen-6,3,3,0.0,0.0007042048330488021,0.06382674805707994,0.2981177957408363,,True
llmsr,Nguyen-6,3,2,0.0,0.0007042048330488021,0.06382674805707994,0.2981177957408363,,True
llmsr,Nguyen-6,3,20,0.0,2.0004615868582595e-06,0.00897568321320496,0.41949293811957183,,True
llmsr,feynman_I_12_11,3,60,0.0,0.008784959085412266,0.020146758225108276,0.2768591100781407,,True
llmsr,feynman_I_12_11,3,10,0.0,0.11728998838709927,0.32643740772214336,0.19346211201074298,,True
llmsr,feynman_I_12_11,3,30,0.0,0.11693232349478663,0.3301652077083375,0.19333336123395561,,True
llmsr,feynman_I_12_11,3,5,0.0,0.11732928783658511,0.3263392411904209,0.19346158092938548,,True
llmsr,feynman_I_12_11,3,1,0.0,0.2905418209540064,0.7662751107407161,0.1661573795123455,,True
llmsr,feynman_I_12_11,3,45,0.0,0.008784959085412266,0.020146758225108276,0.2768591100781407,,True
llmsr,feynman_I_12_11,3,3,0.0,0.11789794752175299,0.32594870574611146,0.19340516051898027,,True
llmsr,feynman_I_12_11,3,2,0.0,0.11789794752175299,0.32594870574611146,0.19340516051898027,,True
llmsr,feynman_I_12_11,3,20,0.0,0.11693232349478663,0.3301652077083375,0.19333336123395561,,True
llmsr,Keijzer-11,3,60,0.0,5.6409128968616695,9.747982040223993,0.08070485306919994,,True
llmsr,Keijzer-11,3,10,0.0,1.621326659241306,1.8803494721801959,0.12556753227397166,,True
llmsr,Keijzer-11,3,30,0.0,8.629602436889195,13.947619917773773,0.06855389669978612,,True
llmsr,Keijzer-11,3,5,0.0,1.621326659241306,1.8803494721801959,0.12556753227397166,,True
llmsr,Keijzer-11,3,1,0.0,0.060359779490103314,0.026403707733021205,0.24277097995194685,,True
llmsr,Keijzer-11,3,45,0.0,8.629602436889195,13.947619917773773,0.06855389669978612,,True
llmsr,Keijzer-11,3,3,0.0,0.060359779490103314,0.026403707733021205,0.24277097995194685,,True
llmsr,Keijzer-11,3,2,0.0,0.060359779490103314,0.026403707733021205,0.24277097995194685,,True
llmsr,Keijzer-11,3,20,0.0,8.629602436889195,13.947619917773773,0.06855389669978612,,True
llmsr,BPG3,3,60,0.0,1.9474027369452373e-07,0.0055642128760980975,0.46304073168023574,,True
llmsr,BPG3,3,10,0.0,0.0007745625281062903,33.95350745388139,0.199287816890115,,True
llmsr,BPG3,3,30,0.0,4.273845129583538e-05,5309.240953282467,0.2274707578329836,,True
llmsr,BPG3,3,5,0.0,0.0007745625281062903,33.95350745388139,0.199287816890115,,True
llmsr,BPG3,3,1,0.0,0.009083465555840413,33238191.62608547,0.14434815808211532,,True
llmsr,BPG3,3,45,0.0,1.9474027369452373e-07,0.0055642128760980975,0.46304073168023574,,True
llmsr,BPG3,3,3,0.0,0.009083465555840413,33238191.62608547,0.14434815808211532,,True
llmsr,BPG3,3,2,0.0,0.009083465555840413,33238191.62608547,0.14434815808211532,,True
llmsr,BPG3,3,20,0.0,4.273845129583538e-05,5309.240953282467,0.2274707578329836,,True
llmsr,feynman-ii.27.18,3,60,0.0,13417.045162968814,5401.494468733405,0.0,,True
llmsr,feynman-ii.27.18,3,10,0.0,13417.045162968814,5401.494468733405,0.0,,True
llmsr,feynman-ii.27.18,3,30,0.0,13417.045162968814,5401.494468733405,0.0,,True
llmsr,feynman-ii.27.18,3,5,0.0,13417.045162968814,5401.494468733405,0.0,,True
llmsr,feynman-ii.27.18,3,1,0.0,13417.045162968814,5401.494468733405,0.0,,True
llmsr,feynman-ii.27.18,3,45,0.0,13417.045162968814,5401.494468733405,0.0,,True
llmsr,feynman-ii.27.18,3,3,0.0,13417.045162968814,5401.494468733405,0.0,,True
llmsr,feynman-ii.27.18,3,2,0.0,13417.045162968814,5401.494468733405,0.0,,True
llmsr,feynman-ii.27.18,3,20,0.0,13417.045162968814,5401.494468733405,0.0,,True
llmsr,CRK34,3,60,0.0,1.7317304254150995e-06,0.0009649955654094591,0.45632122839766043,,True
llmsr,CRK34,3,10,0.0,0.00010497584374605336,0.8317407552166344,0.2878186658439453,,True
llmsr,CRK34,3,30,0.0,1.4597655762613487e-06,0.006637270667157763,0.4290616911956685,,True
llmsr,CRK34,3,5,0.0,0.00010497584374605336,0.8317407552166344,0.2878186658439453,,True
llmsr,CRK34,3,1,0.0,0.008765042431988673,13.486283485486116,0.17597691759627154,,True
llmsr,CRK34,3,45,0.0,1.4597655762613487e-06,0.006637270667157763,0.4290616911956685,,True
llmsr,CRK34,3,3,0.0,0.007948705722402005,65.96093110035096,0.15287202870404393,,True
llmsr,CRK34,3,2,0.0,0.008765042431988673,13.486283485486116,0.17597691759627154,,True
llmsr,CRK34,3,20,0.0,6.888073926491748e-06,0.05046860208797353,0.373531461604228,,True
llmsr,I.11.19_4_0,3,60,0.0,0.03712121189440567,0.17132518436777402,0.22130559449945814,,True
llmsr,I.11.19_4_0,3,10,0.0,0.03712121189440567,0.17132518436777402,0.22130559449945814,,True
llmsr,I.11.19_4_0,3,30,0.0,0.03712121189440567,0.17132518436777402,0.22130559449945814,,True
llmsr,I.11.19_4_0,3,5,0.0,0.03712121189440567,0.17132518436777402,0.22130559449945814,,True
llmsr,I.11.19_4_0,3,1,0.0,0.03712121189440567,0.17132518436777402,0.22130559449945814,,True
llmsr,I.11.19_4_0,3,45,0.0,0.03712121189440567,0.17132518436777402,0.22130559449945814,,True
llmsr,I.11.19_4_0,3,3,0.0,0.03712121189440567,0.17132518436777402,0.22130559449945814,,True
llmsr,I.11.19_4_0,3,2,0.0,0.03712121189440567,0.17132518436777402,0.22130559449945814,,True
llmsr,I.11.19_4_0,3,20,0.0,0.03712121189440567,0.17132518436777402,0.22130559449945814,,True
llmsr,PO41,3,60,0.0,0.000930791922801493,1837.3485032601043,0.1796838355027398,,True
llmsr,PO41,3,10,0.0,0.0025262610913894677,3231.6438156150466,0.16419720595464327,,True
llmsr,PO41,3,30,0.0,0.0025262610913894677,3231.6438156150466,0.16419720595464327,,True
llmsr,PO41,3,5,0.0,0.014247773323341505,2587.9052207939094,0.13736617867678558,,True
llmsr,PO41,3,1,0.0,0.05531824982988336,20042.175011945128,0.1163261274515403,,True
llmsr,PO41,3,45,0.0,0.0025262610913894677,3231.6438156150466,0.16419720595464327,,True
llmsr,PO41,3,3,0.0,0.05531824982988336,20042.175011945128,0.1163261274515403,,True
llmsr,PO41,3,2,0.0,0.05531824982988336,20042.175011945128,0.1163261274515403,,True
llmsr,PO41,3,20,0.0,0.0025262610913894677,3231.6438156150466,0.16419720595464327,,True
llmsr,III.21.20_3_0,3,60,0.0,0.07875396679973856,0.3495558703988422,0.19857896292023158,,True
llmsr,III.21.20_3_0,3,10,0.0,0.1529349775914811,0.1679740321496686,0.19965182245734925,,True
llmsr,III.21.20_3_0,3,30,0.0,0.15292561550510433,0.16796052540549342,0.19965401922656556,,True
llmsr,III.21.20_3_0,3,5,0.0,0.19364087476125239,0.11194815955973397,0.20228521450011022,,True
llmsr,III.21.20_3_0,3,1,0.0,0.7425791874091798,0.9999910060490601,0.1474736118978932,,True
llmsr,III.21.20_3_0,3,45,0.0,0.09564097821242296,0.15224043668552847,0.20845807034204022,,True
llmsr,III.21.20_3_0,3,3,0.0,0.19364087476125239,0.11194815955973397,0.20228521450011022,,True
llmsr,III.21.20_3_0,3,2,0.0,0.19364087476125239,0.11194815955973397,0.20228521450011022,,True
llmsr,III.21.20_3_0,3,20,0.0,0.1529349775914811,0.1679740321496686,0.19965182245734925,,True
llmsr,feynman-iii.10.19,3,60,0.0,3.397768398096547e+19,3.6151388968533005e+17,0.0,,True
llmsr,feynman-iii.10.19,3,10,0.0,1.4629636850054521e+28,3.187243764900635e+23,0.0,,True
llmsr,feynman-iii.10.19,3,30,0.0,3.397768398096547e+19,3.6151388968533005e+17,0.0,,True
llmsr,feynman-iii.10.19,3,5,0.0,7.176601112784938e+29,5.336193074599167e+24,0.0,,True
llmsr,feynman-iii.10.19,3,1,0.0,7.176601112784938e+29,5.336193074599167e+24,0.0,,True
llmsr,feynman-iii.10.19,3,45,0.0,3.397768398096547e+19,3.6151388968533005e+17,0.0,,True
llmsr,feynman-iii.10.19,3,3,0.0,7.176601112784938e+29,5.336193074599167e+24,0.0,,True
llmsr,feynman-iii.10.19,3,2,0.0,7.176601112784938e+29,5.336193074599167e+24,0.0,,True
llmsr,feynman-iii.10.19,3,20,0.0,3.397768398096547e+19,3.6151388968533005e+17,0.0,,True
llmsr,II.34.2_1_0,3,60,0.0,0.022542898563251503,0.15008362415668267,0.2310948905300943,,True
llmsr,II.34.2_1_0,3,10,0.0,0.03361231988966117,0.31888895475750123,0.213209358389708,,True
llmsr,II.34.2_1_0,3,30,0.0,0.03361231988966117,0.31888895475750123,0.213209358389708,,True
llmsr,II.34.2_1_0,3,5,0.0,0.03361231988966117,0.31888895475750123,0.213209358389708,,True
llmsr,II.34.2_1_0,3,1,0.0,0.1454823825578301,0.5798012074603647,0.18121108856011708,,True
llmsr,II.34.2_1_0,3,45,0.0,0.022542898563251503,0.15008362415668267,0.2310948905300943,,True
llmsr,II.34.2_1_0,3,3,0.0,0.09822243476238202,0.30026945042999514,0.19750993412750478,,True
llmsr,II.34.2_1_0,3,2,0.0,0.09822243476238202,0.30026945042999514,0.19750993412750478,,True
llmsr,II.34.2_1_0,3,20,0.0,0.03361231988966117,0.31888895475750123,0.213209358389708,,True
llmsr,feynman-i.43.31,3,60,0.0,0.675458363427294,0.732135939333461,0.15377891751456035,,True
llmsr,feynman-i.43.31,3,10,0.0,3.2083221930090744e+23,3.2083221930090744e+23,0.0,,True
llmsr,feynman-i.43.31,3,30,0.0,0.675458363427294,0.732135939333461,0.15377891751456035,,True
llmsr,feynman-i.43.31,3,5,0.0,3.2083221930090744e+23,3.2083221930090744e+23,0.0,,True
llmsr,feynman-i.43.31,3,1,0.0,3.2083221930090744e+23,3.2083221930090744e+23,0.0,,True
llmsr,feynman-i.43.31,3,45,0.0,0.675458363427294,0.732135939333461,0.15377891751456035,,True
llmsr,feynman-i.43.31,3,3,0.0,3.2083221930090744e+23,3.2083221930090744e+23,0.0,,True
llmsr,feynman-i.43.31,3,2,0.0,3.2083221930090744e+23,3.2083221930090744e+23,0.0,,True
llmsr,feynman-i.43.31,3,20,0.0,0.675458363427294,0.732135939333461,0.15377891751456035,,True
llmsr,feynman-i.39.22,3,60,0.0,0.8541961695383554,1.1186718532531112,0.14356213105039217,,True
llmsr,feynman-i.39.22,3,10,0.0,0.853958036389651,1.1153236353262987,0.14361294873022984,,True
llmsr,feynman-i.39.22,3,30,0.0,0.8541961695383554,1.1186718532531112,0.14356213105039217,,True
llmsr,feynman-i.39.22,3,5,0.0,0.9999971167159428,0.9999999734533224,0.14285718799018704,,True
llmsr,feynman-i.39.22,3,1,0.0,4.3499396102001724e+27,2.196029889944682e+28,0.0,,True
llmsr,feynman-i.39.22,3,45,0.0,0.8541961695383554,1.1186718532531112,0.14356213105039217,,True
llmsr,feynman-i.39.22,3,3,0.0,0.9999971167159428,0.9999999734533224,0.14285718799018704,,True
llmsr,feynman-i.39.22,3,2,0.0,4.3499396102001724e+27,2.196029889944682e+28,0.0,,True
llmsr,feynman-i.39.22,3,20,0.0,0.8541961695383554,1.1186718532531112,0.14356213105039217,,True
llmsr,strogatz_barmag2,3,60,0.0,4.4573398783432676e-11,3.0075959914193054e-11,0.8883108839920345,,True
llmsr,strogatz_barmag2,3,10,0.0,0.0078098264609953606,131.3080713291864,0.14669137915350167,,True
llmsr,strogatz_barmag2,3,30,0.0,4.4573398783432676e-11,3.0075959914193054e-11,0.8883108839920345,,True
llmsr,strogatz_barmag2,3,5,0.0,0.0078098264609953606,131.3080713291864,0.14669137915350167,,True
llmsr,strogatz_barmag2,3,1,0.0,0.3952888662749986,39.94140160369465,0.10005936132131737,,True
llmsr,strogatz_barmag2,3,45,0.0,4.4573398783432676e-11,3.0075959914193054e-11,0.8883108839920345,,True
llmsr,strogatz_barmag2,3,3,0.0,0.3952888662749986,39.94140160369465,0.10005936132131737,,True
llmsr,strogatz_barmag2,3,2,0.0,0.3952888662749986,39.94140160369465,0.10005936132131737,,True
llmsr,strogatz_barmag2,3,20,0.0,4.4573398783432676e-11,3.0075959914193054e-11,0.8883108839920345,,True
llmsr,feynman-i.32.5,3,60,0.0,0.9999999999830793,0.9999999999994605,0.1428571428574137,,True
llmsr,feynman-i.32.5,3,10,0.0,24.00881282541241,11.217512477612946,0.05606188403147916,,True
llmsr,feynman-i.32.5,3,30,0.0,0.9999999999830793,0.9999999999994605,0.1428571428574137,,True
llmsr,feynman-i.32.5,3,5,0.0,24.00881282541241,11.217512477612946,0.05606188403147916,,True
llmsr,feynman-i.32.5,3,1,0.0,4559.260160604892,663.2485702939725,0.0,,True
llmsr,feynman-i.32.5,3,45,0.0,0.9999999999830793,0.9999999999994605,0.1428571428574137,,True
llmsr,feynman-i.32.5,3,3,0.0,4559.260160604892,663.2485702939725,0.0,,True
llmsr,feynman-i.32.5,3,2,0.0,4559.260160604892,663.2485702939725,0.0,,True
llmsr,feynman-i.32.5,3,20,0.0,0.9999999999830793,0.9999999999994605,0.1428571428574137,,True
llmsr,Vladislavleva-4,3,60,0.0,0.044003006644030104,,0.0,,False
llmsr,Vladislavleva-4,3,10,0.0,0.07137980123571692,0.07440445344805342,0.22410091910262964,,True
llmsr,Vladislavleva-4,3,30,0.0,0.044003006644030104,,0.0,,False
llmsr,Vladislavleva-4,3,5,0.0,0.07137980123571692,0.07440445344805342,0.22410091910262964,,True
llmsr,Vladislavleva-4,3,1,0.0,0.1126028541855846,0.12076676978229743,0.2095179696782547,,True
llmsr,Vladislavleva-4,3,45,0.0,0.044003006644030104,,0.0,,False
llmsr,Vladislavleva-4,3,3,0.0,0.07137980123571692,0.07440445344805342,0.22410091910262964,,True
llmsr,Vladislavleva-4,3,2,0.0,0.07137980123571692,0.07440445344805342,0.22410091910262964,,True
llmsr,Vladislavleva-4,3,20,0.0,0.05791866209700566,0.07632864230012981,0.22694621219100836,,True
llmsr,CRK0,3,60,0.0,6.136991952706512e-08,1.8089963163328847e-05,0.569807384417532,,True
llmsr,CRK0,3,10,0.0,0.0003133152045059855,0.15384048748365395,0.2970338529225611,,True
llmsr,CRK0,3,30,0.0,6.136991952706512e-08,1.8089963163328847e-05,0.569807384417532,,True
llmsr,CRK0,3,5,0.0,0.0003133152045059855,0.15384048748365395,0.2970338529225611,,True
llmsr,CRK0,3,1,0.0,0.0015879518511293005,1.5024055898421853,0.23651340997688752,,True
llmsr,CRK0,3,45,0.0,6.136991952706512e-08,1.8089963163328847e-05,0.569807384417532,,True
llmsr,CRK0,3,3,0.0,0.0014579017599297725,0.40323105685726723,0.2582399202031112,,True
llmsr,CRK0,3,2,0.0,0.0015879518511293005,1.5024055898421853,0.23651340997688752,,True
llmsr,CRK0,3,20,0.0,2.2352760694684803e-06,0.0007964819493696211,0.45533903191053615,,True
llmsr,feynman-bonus.20,3,60,0.0,1.0,1.0,0.1428571428571429,,True
llmsr,feynman-bonus.20,3,10,0.0,1.4994169521297778e+80,4.796349016666934e+81,0.0,,True
llmsr,feynman-bonus.20,3,30,0.0,1.0002297549409285,0.9999998488753319,0.14285358199251597,,True
llmsr,feynman-bonus.20,3,5,0.0,1.4994169521297778e+80,4.796349016666934e+81,0.0,,True
llmsr,feynman-bonus.20,3,1,0.0,1.4994169521297778e+80,4.796349016666934e+81,0.0,,True
llmsr,feynman-bonus.20,3,45,0.0,1.0,1.0,0.1428571428571429,,True
llmsr,feynman-bonus.20,3,3,0.0,1.4994169521297778e+80,4.796349016666934e+81,0.0,,True
llmsr,feynman-bonus.20,3,2,0.0,1.4994169521297778e+80,4.796349016666934e+81,0.0,,True
llmsr,feynman-bonus.20,3,20,0.0,1.0,1.0,0.1428571428571429,,True
llmsr,Korns-2,3,60,0.0,1.15767745275809,1.1399938150719433,0.13855392606946232,,True
llmsr,Korns-2,3,10,0.0,1.15767745275809,1.1399938150719433,0.13855392606946232,,True
llmsr,Korns-2,3,30,0.0,1.15767745275809,1.1399938150719433,0.13855392606946232,,True
llmsr,Korns-2,3,5,0.0,1.15767745275809,1.1399938150719433,0.13855392606946232,,True
llmsr,Korns-2,3,1,0.0,1.0842625282156386,1.0737092771428434,0.14049924448226647,,True
llmsr,Korns-2,3,45,0.0,1.15767745275809,1.1399938150719433,0.13855392606946232,,True
llmsr,Korns-2,3,3,0.0,1.1563687122333175,1.1110963558093145,0.13896971229711497,,True
llmsr,Korns-2,3,2,0.0,1.0842625282156386,1.0737092771428434,0.14049924448226647,,True
llmsr,Korns-2,3,20,0.0,1.15767745275809,1.1399938150719433,0.13855392606946232,,True
llmsr,strogatz_shearflow1,3,60,0.0,0.2387759800337166,0.46816339754857916,0.17684328241164154,,True
llmsr,strogatz_shearflow1,3,10,0.0,1.0531795016763337,1.3337514601123446,0.13758652480015998,,True
llmsr,strogatz_shearflow1,3,30,0.0,0.6561936766612958,3.7333711497419086,0.1289595282818748,,True
llmsr,strogatz_shearflow1,3,5,0.0,1.0531795016763337,1.3337514601123446,0.13758652480015998,,True
llmsr,strogatz_shearflow1,3,1,0.0,1.0481002662915957,1.280011034348827,0.13829940911322708,,True
llmsr,strogatz_shearflow1,3,45,0.0,0.2387759800337166,0.46816339754857916,0.17684328241164154,,True
llmsr,strogatz_shearflow1,3,3,0.0,1.0481002662915957,1.280011034348827,0.13829940911322708,,True
llmsr,strogatz_shearflow1,3,2,0.0,1.0481002662915957,1.280011034348827,0.13829940911322708,,True
llmsr,strogatz_shearflow1,3,20,0.0,0.679355041020352,1.8498612450009773,0.13931300156182014,,True
llmsr,CRK33,3,60,0.0,4.852785515812031e-07,0.004935344573339525,0.4507389794237563,,True
llmsr,CRK33,3,10,0.0,0.00015839248323366485,0.7805996543035586,0.2824227527777462,,True
llmsr,CRK33,3,30,0.0,4.852785515812031e-07,0.004935344573339525,0.4507389794237563,,True
llmsr,CRK33,3,5,0.0,0.002116569442992243,3.8358303446201156,0.21751814598678854,,True
llmsr,CRK33,3,1,0.0,0.015750640694265083,45.494204010617,0.14802663231318025,,True
llmsr,CRK33,3,45,0.0,4.852785515812031e-07,0.004935344573339525,0.4507389794237563,,True
llmsr,CRK33,3,3,0.0,0.002116569442992243,3.8358303446201156,0.21751814598678854,,True
llmsr,CRK33,3,2,0.0,0.015750640694265083,45.494204010617,0.14802663231318025,,True
llmsr,CRK33,3,20,0.0,2.0249283844804986e-05,0.0352006263350213,0.362394283598891,,True
llmsr,II.6.15b_3_0,2,60,0.0,0.20154760082872528,0.04121030314660774,0.21716487707022564,,True
llmsr,II.6.15b_3_0,2,10,0.0,0.20154760082872528,0.04121030314660774,0.21716487707022564,,True
llmsr,II.6.15b_3_0,2,30,0.0,0.20154760082872528,0.04121030314660774,0.21716487707022564,,True
llmsr,II.6.15b_3_0,2,5,0.0,0.20154760082872528,0.04121030314660774,0.21716487707022564,,True
llmsr,II.6.15b_3_0,2,1,0.0,0.21862963339597088,0.3048179687037097,0.18486608602942434,,True
llmsr,II.6.15b_3_0,2,45,0.0,0.20154760082872528,0.04121030314660774,0.21716487707022564,,True
llmsr,II.6.15b_3_0,2,3,0.0,0.20154760082872528,0.04121030314660774,0.21716487707022564,,True
llmsr,II.6.15b_3_0,2,2,0.0,0.20154760082872528,0.04121030314660774,0.21716487707022564,,True
llmsr,II.6.15b_3_0,2,20,0.0,0.20154760082872528,0.04121030314660774,0.21716487707022564,,True
llmsr,feynman-i.18.16,2,60,0.0,0.12051689771072775,0.4526053677248166,0.18797258414446277,,True
llmsr,feynman-i.18.16,2,10,0.0,0.587631655692617,0.5665923649432786,0.15991514638901977,,True
llmsr,feynman-i.18.16,2,30,0.0,0.12051689771072775,0.4526053677248166,0.18797258414446277,,True
llmsr,feynman-i.18.16,2,5,0.0,0.587631655692617,0.5665923649432786,0.15991514638901977,,True
llmsr,feynman-i.18.16,2,1,0.0,4.463557436175683e+25,1.1352486390239e+29,0.0,,True
llmsr,feynman-i.18.16,2,45,0.0,0.12051689771072775,0.4526053677248166,0.18797258414446277,,True
llmsr,feynman-i.18.16,2,3,0.0,0.587631655692617,0.5665923649432786,0.15991514638901977,,True
llmsr,feynman-i.18.16,2,2,0.0,0.587631655692617,0.5665923649432786,0.15991514638901977,,True
llmsr,feynman-i.18.16,2,20,0.0,0.12051689771072775,0.4526053677248166,0.18797258414446277,,True
llmsr,Nguyen-9,2,60,0.0,7.0023785008346015e-06,3.346781132646464e-05,0.48679025378344576,,True
llmsr,Nguyen-9,2,10,0.0,0.0005033709285277241,0.00021742767052300796,0.39145703775667523,,True
llmsr,Nguyen-9,2,30,0.0,7.0023785008346015e-06,3.346781132646464e-05,0.48679025378344576,,True
llmsr,Nguyen-9,2,5,0.0,0.0005033709285277241,0.00021742767052300796,0.39145703775667523,,True
llmsr,Nguyen-9,2,1,0.0,0.2410371155135493,0.004775983900369894,0.24781618658431614,,True
llmsr,Nguyen-9,2,45,0.0,7.0023785008346015e-06,3.346781132646464e-05,0.48679025378344576,,True
llmsr,Nguyen-9,2,3,0.0,0.2410371155135493,0.004775983900369894,0.24781618658431614,,True
llmsr,Nguyen-9,2,2,0.0,0.2410371155135493,0.004775983900369894,0.24781618658431614,,True
llmsr,Nguyen-9,2,20,0.0,0.0007499199732371472,0.0002822582638229756,0.38122637190973996,,True
llmsr,CRK10,2,60,0.0,4.8804953030966385e-06,0.07003288589270301,0.37379407420942923,,True
llmsr,CRK10,2,10,0.0,3.6242309144354196e-05,0.8072742068808137,0.3047772522441895,,True
llmsr,CRK10,2,30,0.0,2.5987292233596748e-05,0.22172123278818212,0.3299797030413436,,True
llmsr,CRK10,2,5,0.0,0.0006074060970846896,3.4794411002843586,0.23839326299285696,,True
llmsr,CRK10,2,1,0.0,0.004867912368851234,17.179370727594154,0.18134464273822387,,True
llmsr,CRK10,2,45,0.0,2.5987292233596748e-05,0.22172123278818212,0.3299797030413436,,True
llmsr,CRK10,2,3,0.0,0.0006074060970846896,3.4794411002843586,0.23839326299285696,,True
llmsr,CRK10,2,2,0.0,0.004867912368851234,17.179370727594154,0.18134464273822387,,True
llmsr,CRK10,2,20,0.0,3.6242309144354196e-05,0.8072742068808137,0.3047772522441895,,True
llmsr,first_principles_leavitt,2,60,0.0,0.00032532319959771843,0.04513040461051665,0.31547199063785786,,True
llmsr,first_principles_leavitt,2,10,0.0,0.0002694503848367038,0.00033122135318816836,0.3946215308810956,,True
llmsr,first_principles_leavitt,2,30,0.0,0.00032532319959771843,0.04513040461051665,0.31547199063785786,,True
llmsr,first_principles_leavitt,2,5,0.0,0.00027179840766639426,0.0002039117819234159,0.40201109900313625,,True
llmsr,first_principles_leavitt,2,1,0.0,0.00027179840766639426,0.0002039117819234159,0.40201109900313625,,True
llmsr,first_principles_leavitt,2,45,0.0,0.00032532319959771843,0.04513040461051665,0.31547199063785786,,True
llmsr,first_principles_leavitt,2,3,0.0,0.00027179840766639426,0.0002039117819234159,0.40201109900313625,,True
llmsr,first_principles_leavitt,2,2,0.0,0.00027179840766639426,0.0002039117819234159,0.40201109900313625,,True
llmsr,first_principles_leavitt,2,20,0.0,0.00032532319959771843,0.04513040461051665,0.31547199063785786,,True
llmsr,feynman-i.13.12,2,60,0.0,5016.286307094964,8299.713166055299,0.0,,True
llmsr,feynman-i.13.12,2,10,0.0,5016.286307094964,8299.713166055299,0.0,,True
llmsr,feynman-i.13.12,2,30,0.0,5016.286307094964,8299.713166055299,0.0,,True
llmsr,feynman-i.13.12,2,5,0.0,5016.286307094964,8299.713166055299,0.0,,True
llmsr,feynman-i.13.12,2,1,0.0,7280.304122143019,6313.093109748693,0.0,,True
llmsr,feynman-i.13.12,2,45,0.0,5016.286307094964,8299.713166055299,0.0,,True
llmsr,feynman-i.13.12,2,3,0.0,7182.009770003295,6227.5086670958535,0.0,,True
llmsr,feynman-i.13.12,2,2,0.0,7182.009770003295,6227.5086670958535,0.0,,True
llmsr,feynman-i.13.12,2,20,0.0,5016.286307094964,8299.713166055299,0.0,,True
llmsr,CRK11,2,60,0.0,8.293434685648101e-05,0.2201346013242878,0.31209204499292376,,True
llmsr,CRK11,2,10,0.0,8.0985527459664e-05,0.015883807355504164,0.3532370704912125,,True
llmsr,CRK11,2,30,0.0,8.293434685648101e-05,0.2201346013242878,0.31209204499292376,,True
llmsr,CRK11,2,5,0.0,0.0003585445694001346,0.786860948302958,0.26962710211112734,,True
llmsr,CRK11,2,1,0.0,0.0017342720654784727,0.6316169697597479,0.24858674933659053,,True
llmsr,CRK11,2,45,0.0,8.293434685648101e-05,0.2201346013242878,0.31209204499292376,,True
llmsr,CRK11,2,3,0.0,0.0017123577725732177,3.5510225068889754,0.22200185948750611,,True
llmsr,CRK11,2,2,0.0,0.0017342720654784727,0.6316169697597479,0.24858674933659053,,True
llmsr,CRK11,2,20,0.0,8.293434685648101e-05,0.2201346013242878,0.31209204499292376,,True
llmsr,strogatz_barmag1,2,10,0.0,0.024526178825593298,2.056713108492956,0.1891855854811329,,True
llmsr,strogatz_barmag1,2,30,0.0,1.960979100568128e-12,3.4035351912604454e-12,0.9705570281951093,,True
llmsr,strogatz_barmag1,2,5,0.0,0.024526178825593298,2.056713108492956,0.1891855854811329,,True
llmsr,strogatz_barmag1,2,1,0.0,0.023987407104939715,0.13758282873494945,0.23148044499024878,,True
llmsr,strogatz_barmag1,2,45,0.0,1.960979100568128e-12,3.4035351912604454e-12,0.9705570281951093,,True
llmsr,strogatz_barmag1,2,3,0.0,0.023987407104939715,0.13758282873494945,0.23148044499024878,,True
llmsr,strogatz_barmag1,2,2,0.0,0.023987407104939715,0.13758282873494945,0.23148044499024878,,True
llmsr,strogatz_barmag1,2,20,0.0,1.960979100568128e-12,3.4035351912604454e-12,0.9705570281951093,,True
llmsr,MatSci21,2,60,0.0,0.04446817282542551,0.0704633789488407,0.23228525892650298,,True
llmsr,MatSci21,2,10,0.0,0.04446817282542551,0.0704633789488407,0.23228525892650298,,True
llmsr,MatSci21,2,30,0.0,0.04446817282542551,0.0704633789488407,0.23228525892650298,,True
llmsr,MatSci21,2,5,0.0,0.04447162544493254,0.07040583973471495,0.23229672550057956,,True
llmsr,MatSci21,2,1,0.0,0.5572374836000177,0.5387112077024859,0.1615215595236968,,True
llmsr,MatSci21,2,45,0.0,0.04446817282542551,0.0704633789488407,0.23228525892650298,,True
llmsr,MatSci21,2,3,0.0,0.04447162544493254,0.07040583973471495,0.23229672550057956,,True
llmsr,MatSci21,2,2,0.0,0.04447162544493254,0.07040583973471495,0.23229672550057956,,True
llmsr,MatSci21,2,20,0.0,0.04446817282542551,0.0704633789488407,0.23228525892650298,,True
llmsr,Keijzer-2,2,60,0.0,0.5841918567741162,8.439984840233928,0.11811081551885927,,True
llmsr,Keijzer-2,2,10,0.0,0.6460734567984903,2.9819162006930395,0.1326865238059643,,True
llmsr,Keijzer-2,2,30,0.0,0.6460734567984903,2.9819162006930395,0.1326865238059643,,True
llmsr,Keijzer-2,2,5,0.0,0.6460734567984903,2.9819162006930395,0.1326865238059643,,True
llmsr,Keijzer-2,2,1,0.0,0.7829396131692772,3.0737019719531244,0.1292360706185215,,True
llmsr,Keijzer-2,2,45,0.0,0.5841918567741162,8.439984840233928,0.11811081551885927,,True
llmsr,Keijzer-2,2,3,0.0,0.7829396131692772,3.0737019719531244,0.1292360706185215,,True
llmsr,Keijzer-2,2,2,0.0,0.7829396131692772,3.0737019719531244,0.1292360706185215,,True
llmsr,Keijzer-2,2,20,0.0,0.6460734567984903,2.9819162006930395,0.1326865238059643,,True
llmsr,Nguyen-12,2,60,0.0,3.3702895130397875e-05,0.0008130012557412774,0.41293719909175114,,True
llmsr,Nguyen-12,2,10,0.0,1.1103696282825286e-05,0.004389160376968651,0.40400539199761754,,True
llmsr,Nguyen-12,2,30,0.0,3.3702895130397875e-05,0.0008130012557412774,0.41293719909175114,,True
llmsr,Nguyen-12,2,5,0.0,0.002077862340312203,0.04214462467483538,0.2877728941997165,,True
llmsr,Nguyen-12,2,1,0.0,0.033535453899001026,0.11101419794839229,0.22961133162681996,,True
llmsr,Nguyen-12,2,45,0.0,3.3702895130397875e-05,0.0008130012557412774,0.41293719909175114,,True
llmsr,Nguyen-12,2,3,0.0,0.033535453899001026,0.11101419794839229,0.22961133162681996,,True
llmsr,Nguyen-12,2,2,0.0,0.033535453899001026,0.11101419794839229,0.22961133162681996,,True
llmsr,Nguyen-12,2,20,0.0,1.1103696282825286e-05,0.004389160376968651,0.40400539199761754,,True
llmsr,feynman-ii.34.11,2,60,0.0,1.0,1.0,0.1428571428571429,,True
llmsr,feynman-ii.34.11,2,10,0.0,2.3050287591641632e+17,461954157111350.06,0.0,,True
llmsr,feynman-ii.34.11,2,30,0.0,1.0,1.0,0.1428571428571429,,True
llmsr,feynman-ii.34.11,2,5,0.0,2.3050287591641632e+17,461954157111350.06,0.0,,True
llmsr,feynman-ii.34.11,2,1,0.0,2.719623418175637e+16,1.7597264711747731e+19,0.0,,True
llmsr,feynman-ii.34.11,2,45,0.0,1.0,1.0,0.1428571428571429,,True
llmsr,feynman-ii.34.11,2,3,0.0,2.719623418175637e+16,1.7597264711747731e+19,0.0,,True
llmsr,feynman-ii.34.11,2,2,0.0,2.719623418175637e+16,1.7597264711747731e+19,0.0,,True
llmsr,feynman-ii.34.11,2,20,0.0,1.0,1.0,0.1428571428571429,,True
llmsr,strogatz_predprey2,2,60,0.0,0.0007545805572302797,22.968120488974513,0.20575603326411335,,True
llmsr,strogatz_predprey2,2,10,0.0,0.01614717524375222,0.33465716920601124,0.2238322610076009,,True
llmsr,strogatz_predprey2,2,30,0.0,0.007736829776075527,0.31688497896916973,0.23609054661068762,,True
llmsr,strogatz_predprey2,2,5,0.0,0.023380236236222197,0.400341480226972,0.21531144694256682,,True
llmsr,strogatz_predprey2,2,1,0.0,0.023380236236222197,0.400341480226972,0.21531144694256682,,True
llmsr,strogatz_predprey2,2,45,0.0,0.0007545805572302797,22.968120488974513,0.20575603326411335,,True
llmsr,strogatz_predprey2,2,3,0.0,0.023380236236222197,0.400341480226972,0.21531144694256682,,True
llmsr,strogatz_predprey2,2,2,0.0,0.023380236236222197,0.400341480226972,0.21531144694256682,,True
llmsr,strogatz_predprey2,2,20,0.0,0.01614717524375222,0.33465716920601124,0.2238322610076009,,True
llmsr,feynman-iii.7.38,2,60,0.0,1.0,1.0,0.1428571428571429,,True
llmsr,feynman-iii.7.38,2,10,0.0,1.0,1.0,0.1428571428571429,,True
llmsr,feynman-iii.7.38,2,30,0.0,1.0,1.0,0.1428571428571429,,True
llmsr,feynman-iii.7.38,2,5,0.0,1.0,1.0,0.1428571428571429,,True
llmsr,feynman-iii.7.38,2,1,0.0,1.0,1.0,0.1428571428571429,,True
llmsr,feynman-iii.7.38,2,45,0.0,1.0,1.0,0.1428571428571429,,True
llmsr,feynman-iii.7.38,2,3,0.0,1.0,1.0,0.1428571428571429,,True
llmsr,feynman-iii.7.38,2,2,0.0,1.0,1.0,0.1428571428571429,,True
llmsr,feynman-iii.7.38,2,20,0.0,1.0,1.0,0.1428571428571429,,True
llmsr,Korns-4,2,60,0.0,9.165413945680826e-11,1.5447012188709302e-10,0.8517501223785642,,True
llmsr,Korns-4,2,10,0.0,9.165413945680826e-11,1.5447012188709302e-10,0.8517501223785642,,True
llmsr,Korns-4,2,30,0.0,9.165413945680826e-11,1.5447012188709302e-10,0.8517501223785642,,True
llmsr,Korns-4,2,5,0.0,9.165413945680826e-11,1.5447012188709302e-10,0.8517501223785642,,True
llmsr,Korns-4,2,1,0.0,9.165413945680826e-11,1.5447012188709302e-10,0.8517501223785642,,True
llmsr,Korns-4,2,45,0.0,9.165413945680826e-11,1.5447012188709302e-10,0.8517501223785642,,True
llmsr,Korns-4,2,3,0.0,9.165413945680826e-11,1.5447012188709302e-10,0.8517501223785642,,True
llmsr,Korns-4,2,2,0.0,9.165413945680826e-11,1.5447012188709302e-10,0.8517501223785642,,True
llmsr,Korns-4,2,20,0.0,9.165413945680826e-11,1.5447012188709302e-10,0.8517501223785642,,True
llmsr,feynman_I_27_6,2,60,0.0,0.0020827621639009975,0.030187223703894615,0.292912040975963,,True
llmsr,feynman_I_27_6,2,10,0.0,0.0027430863242297195,0.039266401443344284,0.2845621222402362,,True
llmsr,feynman_I_27_6,2,30,0.0,0.0027430863246738616,0.0392664015263869,0.28456212220492244,,True
llmsr,feynman_I_27_6,2,5,0.0,0.01814894616928405,0.014520940163789976,0.2706840661307167,,True
llmsr,feynman_I_27_6,2,1,0.0,0.021049417258008796,0.1451463275371152,0.2326769239642536,,True
llmsr,feynman_I_27_6,2,45,0.0,0.0020827621639009975,0.030187223703894615,0.292912040975963,,True
llmsr,feynman_I_27_6,2,3,0.0,0.021049417258008796,0.1451463275371152,0.2326769239642536,,True
llmsr,feynman_I_27_6,2,2,0.0,0.021049417258008796,0.1451463275371152,0.2326769239642536,,True
llmsr,feynman_I_27_6,2,20,0.0,0.0027430863242297195,0.039266401443344284,0.2845621222402362,,True
llmsr,feynman-ii.4.23,2,60,0.0,0.9999999999782542,0.9999999999788652,0.14285714285780798,,True
llmsr,feynman-ii.4.23,2,10,0.0,0.9999999999822922,0.999999999982292,0.14285714285769213,,True
llmsr,feynman-ii.4.23,2,30,0.0,0.9999999999822922,0.999999999982292,0.14285714285769213,,True
llmsr,feynman-ii.4.23,2,5,0.0,0.9999999999822922,0.999999999982292,0.14285714285769213,,True
llmsr,feynman-ii.4.23,2,1,0.0,0.9999999999900311,0.9999999999837488,0.14285714285754952,,True
llmsr,feynman-ii.4.23,2,45,0.0,0.9999999999859899,0.999999999980314,0.1428571428576655,,True
llmsr,feynman-ii.4.23,2,3,0.0,0.9999999999900311,0.9999999999837488,0.14285714285754952,,True
llmsr,feynman-ii.4.23,2,2,0.0,0.9999999999900311,0.9999999999837488,0.14285714285754952,,True
llmsr,feynman-ii.4.23,2,20,0.0,0.9999999999822922,0.999999999982292,0.14285714285769213,,True
llmsr,PO19,2,60,0.0,0.0013081302184995147,1.5461083621479592,0.2390753247403622,,True
llmsr,PO19,2,10,0.0,0.009012325657198145,111339.850331221,0.14447011155668793,,True
llmsr,PO19,2,30,0.0,0.006277314806723591,6295.060442452088,0.15007950324919117,,True
llmsr,PO19,2,5,0.0,0.021164182792627273,194655.17666314048,0.13122851772042826,,True
llmsr,PO19,2,1,0.0,0.0982146097757793,1288454.8577585837,0.10742228230515671,,True
llmsr,PO19,2,45,0.0,0.0013081302184995147,1.5461083621479592,0.2390753247403622,,True
llmsr,PO19,2,3,0.0,0.0982146097757793,1288454.8577585837,0.10742228230515671,,True
llmsr,PO19,2,2,0.0,0.0982146097757793,1288454.8577585837,0.10742228230515671,,True
llmsr,PO19,2,20,0.0,0.006664533801604463,130753.39621830599,0.14915107946484335,,True
llmsr,feynman_II_15_4,2,60,0.0,2.5014480601663078e-31,5.908606957084231e-32,1.0,,True
llmsr,feynman_II_15_4,2,10,0.0,2.5014480601663078e-31,5.908606957084231e-32,1.0,,True
llmsr,feynman_II_15_4,2,30,0.0,2.5014480601663078e-31,5.908606957084231e-32,1.0,,True
llmsr,feynman_II_15_4,2,5,0.0,2.5014480601663078e-31,5.908606957084231e-32,1.0,,True
llmsr,feynman_II_15_4,2,1,0.0,2.12657778205175e-15,4.460388546492774e-15,1.0,,True
llmsr,feynman_II_15_4,2,45,0.0,2.5014480601663078e-31,5.908606957084231e-32,1.0,,True
llmsr,feynman_II_15_4,2,3,0.0,2.5014480601663078e-31,5.908606957084231e-32,1.0,,True
llmsr,feynman_II_15_4,2,2,0.0,2.5014480601663078e-31,5.908606957084231e-32,1.0,,True
llmsr,feynman_II_15_4,2,20,0.0,2.5014480601663078e-31,5.908606957084231e-32,1.0,,True
llmsr,feynman-i.11.19,2,60,0.0,241370.3918938263,11495477.518341752,0.0,,True
llmsr,feynman-i.11.19,2,10,0.0,241370.3918938263,11495477.518341752,0.0,,True
llmsr,feynman-i.11.19,2,30,0.0,241370.3918938263,11495477.518341752,0.0,,True
llmsr,feynman-i.11.19,2,5,0.0,241370.3918938263,11495477.518341752,0.0,,True
llmsr,feynman-i.11.19,2,1,0.0,260719.34765686802,12412919.235990837,0.0,,True
llmsr,feynman-i.11.19,2,45,0.0,241370.3918938263,11495477.518341752,0.0,,True
llmsr,feynman-i.11.19,2,3,0.0,241370.3918938263,11495477.518341752,0.0,,True
llmsr,feynman-i.11.19,2,2,0.0,241370.3918938263,11495477.518341752,0.0,,True
llmsr,feynman-i.11.19,2,20,0.0,241370.3918938263,11495477.518341752,0.0,,True
llmsr,BPG9,2,60,0.0,0.0008701829989885156,3.5962451738361247,0.2323050040649774,,True
llmsr,BPG9,2,10,0.0,0.1993593261391503,59.97746586507964,0.10437054752684766,,True
llmsr,BPG9,2,30,0.0,0.019165382787442085,17.800162451523118,0.1595378048695184,,True
llmsr,BPG9,2,5,0.0,0.5638606783714017,230.04059362051828,0.0803152925178846,,True
llmsr,BPG9,2,1,0.0,0.6346202786918015,330.71177716980213,0.07848164480513464,,True
llmsr,BPG9,2,45,0.0,0.008062492169614428,46.11083797557405,0.1582045599782972,,True
llmsr,BPG9,2,3,0.0,0.6346202786918015,330.71177716980213,0.07848164480513464,,True
llmsr,BPG9,2,2,0.0,0.6346202786918015,330.71177716980213,0.07848164480513464,,True
llmsr,BPG9,2,20,0.0,0.019165382787442085,17.800162451523118,0.1595378048695184,,True
llmsr,feynman-i.29.16,2,60,0.0,0.04951179598630262,0.25351596990288827,0.21076021419599922,,True
llmsr,feynman-i.29.16,2,10,0.0,0.07989130266918876,0.26982927996113115,0.202371836533368,,True
llmsr,feynman-i.29.16,2,30,0.0,0.05071660152629667,0.24383416130942134,0.21099126090626213,,True
llmsr,feynman-i.29.16,2,5,0.0,0.0917859653624925,0.1384616801814285,0.21056764723941496,,True
llmsr,feynman-i.29.16,2,1,0.0,0.097800801392001,0.04215930526170346,0.22802729074854972,,True
llmsr,feynman-i.29.16,2,45,0.0,0.04951179598630262,0.25351596990288827,0.21076021419599922,,True
llmsr,feynman-i.29.16,2,3,0.0,0.09466923669992161,0.04357358775406831,0.2280202787226837,,True
llmsr,feynman-i.29.16,2,2,0.0,0.09466923669992161,0.04357358775406831,0.2280202787226837,,True
llmsr,feynman-i.29.16,2,20,0.0,0.06942643270382172,0.2903354877661919,0.20341339379570494,,True
llmsr,first_principles_hubble,2,60,0.0,0.04235296941731354,0.09919916911601803,0.22773600360019858,,True
llmsr,first_principles_hubble,2,10,0.0,0.06806388744588035,0.03330665972631434,0.2373054346357239,,True
llmsr,first_principles_hubble,2,30,0.0,0.04012111716282257,0.1194454995765831,0.22569489969468481,,True
llmsr,first_principles_hubble,2,5,0.0,0.06806388744588035,0.03330665972631434,0.2373054346357239,,True
llmsr,first_principles_hubble,2,1,0.0,0.06806388744588035,0.03330665972631434,0.2373054346357239,,True
llmsr,first_principles_hubble,2,45,0.0,0.04012111716282257,0.1194454995765831,0.22569489969468481,,True
llmsr,first_principles_hubble,2,3,0.0,0.06806388744588035,0.03330665972631434,0.2373054346357239,,True
llmsr,first_principles_hubble,2,2,0.0,0.06806388744588035,0.03330665972631434,0.2373054346357239,,True
llmsr,first_principles_hubble,2,20,0.0,0.023530860273670164,0.12129867734982835,0.23373236177445966,,True
llmsr,feynman-i.15.3t,2,60,0.0,1.0853177286018395e+30,9.903839198393179e+29,0.0,,True
llmsr,feynman-i.15.3t,2,10,0.0,1.0853485829934e+30,9.90412075366912e+29,0.0,,True
llmsr,feynman-i.15.3t,2,30,0.0,1.0853177286018395e+30,9.903839198393179e+29,0.0,,True
llmsr,feynman-i.15.3t,2,5,0.0,1.0853485829934e+30,9.90412075366912e+29,0.0,,True
llmsr,feynman-i.15.3t,2,1,0.0,7850.682140700086,627.6822213342241,0.0,,True
llmsr,feynman-i.15.3t,2,45,0.0,1.0853177286018395e+30,9.903839198393179e+29,0.0,,True
llmsr,feynman-i.15.3t,2,3,0.0,1.0853485829934e+30,9.90412075366912e+29,0.0,,True
llmsr,feynman-i.15.3t,2,2,0.0,1.0853485829934e+30,9.90412075366912e+29,0.0,,True
llmsr,feynman-i.15.3t,2,20,0.0,1.0853177286018395e+30,9.903839198393179e+29,0.0,,True
llmsr,feynman_test_15,2,60,0.0,0.0003679503285562053,0.0012704576253765479,0.3689375221676921,,True
llmsr,feynman_test_15,2,10,0.0,0.0006459335461024807,0.007406860684350552,0.3328634994289598,,True
llmsr,feynman_test_15,2,30,0.0,0.00035737901026185317,0.006292728177814559,0.3445725709281213,,True
llmsr,feynman_test_15,2,5,0.0,0.0006459335461024807,0.007406860684350552,0.3328634994289598,,True
llmsr,feynman_test_15,2,1,0.0,0.021694001862714342,0.15011701366152858,0.23168680038064837,,True
llmsr,feynman_test_15,2,45,0.0,0.0003679503285562053,0.0012704576253765479,0.3689375221676921,,True
llmsr,feynman_test_15,2,3,0.0,0.000645933560261705,0.0074068488255804215,0.33286352392212726,,True
llmsr,feynman_test_15,2,2,0.0,0.021694001862714342,0.15011701366152858,0.23168680038064837,,True
llmsr,feynman_test_15,2,20,0.0,0.00035737901026185317,0.006292728177814559,0.3445725709281213,,True
llmsr,II.6.15b_3_0,-1,60,0.0,0.20154760082872528,0.04121030314660774,0.21716487707022564,,True
llmsr,II.6.15b_3_0,-1,10,0.0,0.20154760082872528,0.04121030314660774,0.21716487707022564,,True
llmsr,II.6.15b_3_0,-1,30,0.0,0.20154760082872528,0.04121030314660774,0.21716487707022564,,True
llmsr,II.6.15b_3_0,-1,5,0.0,0.21862963339597088,0.3048179687037097,0.18486608602942434,,True
llmsr,II.6.15b_3_0,-1,1,0.0,0.21862963339597088,0.3048179687037097,0.18486608602942434,,True
llmsr,II.6.15b_3_0,-1,45,0.0,0.20154760082872528,0.04121030314660774,0.21716487707022564,,True
llmsr,II.6.15b_3_0,-1,3,0.0,0.21862963339597088,0.3048179687037097,0.18486608602942434,,True
llmsr,II.6.15b_3_0,-1,2,0.0,0.21862963339597088,0.3048179687037097,0.18486608602942434,,True
llmsr,II.6.15b_3_0,-1,20,0.0,0.20154760082872528,0.04121030314660774,0.21716487707022564,,True
llmsr,feynman-i.18.16,-1,60,0.0,0.12051689771072775,0.4526053677248166,0.18797258414446277,,True
llmsr,feynman-i.18.16,-1,10,0.0,0.12051689771072775,0.4526053677248166,0.18797258414446277,,True
llmsr,feynman-i.18.16,-1,30,0.0,0.12051689771072775,0.4526053677248166,0.18797258414446277,,True
llmsr,feynman-i.18.16,-1,5,0.0,3.3830043896163914e+24,2.1532488668767585e+29,0.0,,True
llmsr,feynman-i.18.16,-1,1,0.0,9.128239836998449e+25,2.3247365509544128e+29,0.0,,True
llmsr,feynman-i.18.16,-1,45,0.0,0.12051689771072775,0.4526053677248166,0.18797258414446277,,True
llmsr,feynman-i.18.16,-1,3,0.0,9.128239836998449e+25,2.3247365509544128e+29,0.0,,True
llmsr,feynman-i.18.16,-1,2,0.0,9.128239836998449e+25,2.3247365509544128e+29,0.0,,True
llmsr,feynman-i.18.16,-1,20,0.0,0.12051689771072775,0.4526053677248166,0.18797258414446277,,True
llmsr,Nguyen-9,-1,60,0.0,0.0005982397357835066,0.0005282640384132549,0.3750097748897359,,True
llmsr,Nguyen-9,-1,10,0.0,0.004355532619699847,0.00023944958569018548,0.3564908799797313,,True
llmsr,Nguyen-9,-1,30,0.0,0.0005982397357835066,0.0005282640384132549,0.3750097748897359,,True
llmsr,Nguyen-9,-1,5,0.0,0.023556874093181624,0.0015841273796709532,0.30100329424998695,,True
llmsr,Nguyen-9,-1,1,0.0,0.2410371155135493,0.004775983900369894,0.24781618658431614,,True
llmsr,Nguyen-9,-1,45,0.0,0.0005982397357835066,0.0005282640384132549,0.3750097748897359,,True
llmsr,Nguyen-9,-1,3,0.0,0.2410371155135493,0.004775983900369894,0.24781618658431614,,True
llmsr,Nguyen-9,-1,2,0.0,0.2410371155135493,0.004775983900369894,0.24781618658431614,,True
llmsr,Nguyen-9,-1,20,0.0,0.0005982397357835066,0.0005282640384132549,0.3750097748897359,,True
llmsr,CRK10,-1,60,0.0,2.784152485096833e-07,0.002452770643837972,0.47020178724651684,,True
llmsr,CRK10,-1,10,0.0,0.0006074060970846896,3.4794411002843586,0.23839326299285696,,True
llmsr,CRK10,-1,30,0.0,1.4950847399344397e-05,0.13116364542901995,0.3466971683126042,,True
llmsr,CRK10,-1,5,0.0,0.0007758241355699161,2.300438641391652,0.2410152164213299,,True
llmsr,CRK10,-1,1,0.0,0.004867167495030578,17.21372570408864,0.18131602963189763,,True
llmsr,CRK10,-1,45,0.0,9.639583646574523e-07,0.015254021052590378,0.42259133508305524,,True
llmsr,CRK10,-1,3,0.0,0.004867167495030578,17.21372570408864,0.18131602963189763,,True
llmsr,CRK10,-1,2,0.0,0.004867167495030578,17.21372570408864,0.18131602963189763,,True
llmsr,CRK10,-1,20,0.0,1.4950847399344397e-05,0.13116364542901995,0.3466971683126042,,True
llmsr,first_principles_leavitt,-1,60,0.0,0.00032532319959771843,0.04513040461051665,0.31547199063785786,,True
llmsr,first_principles_leavitt,-1,10,0.0,0.0002723181520053978,5.1496280677069026e-05,0.4233266980555979,,True
llmsr,first_principles_leavitt,-1,30,0.0,0.00032532319959771843,0.04513040461051665,0.31547199063785786,,True
llmsr,first_principles_leavitt,-1,5,0.0,0.00027179840766639426,0.0002039117819234159,0.40201109900313625,,True
llmsr,first_principles_leavitt,-1,1,0.0,0.00027179840766639426,0.0002039117819234159,0.40201109900313625,,True
llmsr,first_principles_leavitt,-1,45,0.0,0.00032532319959771843,0.04513040461051665,0.31547199063785786,,True
llmsr,first_principles_leavitt,-1,3,0.0,0.00027179840766639426,0.0002039117819234159,0.40201109900313625,,True
llmsr,first_principles_leavitt,-1,2,0.0,0.00027179840766639426,0.0002039117819234159,0.40201109900313625,,True
llmsr,first_principles_leavitt,-1,20,0.0,0.00032532319959771843,0.04513040461051665,0.31547199063785786,,True
llmsr,feynman-i.13.12,-1,60,0.0,5016.286307094964,8299.713166055299,0.0,,True
llmsr,feynman-i.13.12,-1,10,0.0,5016.286307094964,8299.713166055299,0.0,,True
llmsr,feynman-i.13.12,-1,30,0.0,5016.286307094964,8299.713166055299,0.0,,True
llmsr,feynman-i.13.12,-1,5,0.0,5016.286307094964,8299.713166055299,0.0,,True
llmsr,feynman-i.13.12,-1,1,0.0,7182.009770003295,6227.5086670958535,0.0,,True
llmsr,feynman-i.13.12,-1,45,0.0,5016.286307094964,8299.713166055299,0.0,,True
llmsr,feynman-i.13.12,-1,3,0.0,7182.009770003295,6227.5086670958535,0.0,,True
llmsr,feynman-i.13.12,-1,2,0.0,7182.009770003295,6227.5086670958535,0.0,,True
llmsr,feynman-i.13.12,-1,20,0.0,5016.286307094964,8299.713166055299,0.0,,True
llmsr,CRK11,-1,60,0.0,2.5625816189048615e-07,0.0012222040943216002,0.4822920913953811,,True
llmsr,CRK11,-1,10,0.0,0.0003237736679273301,0.7544148065194455,0.2718624382583863,,True
llmsr,CRK11,-1,30,0.0,0.00016534931993599772,0.22916526432216602,0.3007660284559365,,True
llmsr,CRK11,-1,5,0.0,0.0003585445694001346,0.786860948302958,0.26962710211112734,,True
llmsr,CRK11,-1,1,0.0,0.0017342720654784727,0.6316169697597479,0.24858674933659053,,True
llmsr,CRK11,-1,45,0.0,2.387836922278132e-06,0.0016695506050247587,0.44283556248008743,,True
llmsr,CRK11,-1,3,0.0,0.0017342720654784727,0.6316169697597479,0.24858674933659053,,True
llmsr,CRK11,-1,2,0.0,0.0017342720654784727,0.6316169697597479,0.24858674933659053,,True
llmsr,CRK11,-1,20,0.0,0.00016534931993599772,0.22916526432216602,0.3007660284559365,,True
llmsr,strogatz_barmag1,-1,60,0.0,6.284588846679769e-12,6.439772326894909e-12,0.9426018791491406,,True
llmsr,strogatz_barmag1,-1,10,0.0,0.024526178825593298,2.056713108492956,0.1891855854811329,,True
llmsr,strogatz_barmag1,-1,30,0.0,6.284588846679769e-12,6.439772326894909e-12,0.9426018791491406,,True
llmsr,strogatz_barmag1,-1,5,0.0,0.01704272001951315,0.3792361445832304,0.22105540599395024,,True
llmsr,strogatz_barmag1,-1,1,0.0,0.018871583749109182,0.33089328381911853,0.22158941781917252,,True
llmsr,strogatz_barmag1,-1,45,0.0,6.284588846679769e-12,6.439772326894909e-12,0.9426018791491406,,True
llmsr,strogatz_barmag1,-1,3,0.0,0.023987407104939715,0.13758282873494945,0.23148044499024878,,True
llmsr,strogatz_barmag1,-1,2,0.0,0.018871583749109182,0.33089328381911853,0.22158941781917252,,True
llmsr,strogatz_barmag1,-1,20,0.0,6.284588846679769e-12,6.439772326894909e-12,0.9426018791491406,,True
llmsr,MatSci21,-1,60,0.0,0.04446817282542551,0.0704633789488407,0.23228525892650298,,True
llmsr,MatSci21,-1,10,0.0,0.04446817282542551,0.0704633789488407,0.23228525892650298,,True
llmsr,MatSci21,-1,30,0.0,0.04446817282542551,0.0704633789488407,0.23228525892650298,,True
llmsr,MatSci21,-1,5,0.0,0.04446817282542551,0.0704633789488407,0.23228525892650298,,True
llmsr,MatSci21,-1,1,0.0,0.04447162544493254,0.07040583973471495,0.23229672550057956,,True
llmsr,MatSci21,-1,45,0.0,0.04446817282542551,0.0704633789488407,0.23228525892650298,,True
llmsr,MatSci21,-1,3,0.0,0.04446817282542551,0.0704633789488407,0.23228525892650298,,True
llmsr,MatSci21,-1,2,0.0,0.04446817282542551,0.0704633789488407,0.23228525892650298,,True
llmsr,MatSci21,-1,20,0.0,0.04446817282542551,0.0704633789488407,0.23228525892650298,,True
llmsr,Keijzer-2,-1,60,0.0,0.5841918567741162,8.439984840233928,0.11811081551885927,,True
llmsr,Keijzer-2,-1,10,0.0,0.7060685347014924,4.490813237974317,0.1249581481366362,,True
llmsr,Keijzer-2,-1,30,0.0,0.5841918567741162,8.439984840233928,0.11811081551885927,,True
llmsr,Keijzer-2,-1,5,0.0,0.7829396131692772,3.0737019719531244,0.1292360706185215,,True
llmsr,Keijzer-2,-1,1,0.0,0.7829396131692772,3.0737019719531244,0.1292360706185215,,True
llmsr,Keijzer-2,-1,45,0.0,0.5841918567741162,8.439984840233928,0.11811081551885927,,True
llmsr,Keijzer-2,-1,3,0.0,0.7829396131692772,3.0737019719531244,0.1292360706185215,,True
llmsr,Keijzer-2,-1,2,0.0,0.7829396131692772,3.0737019719531244,0.1292360706185215,,True
llmsr,Keijzer-2,-1,20,0.0,0.6460734567984903,2.9819162006930395,0.1326865238059643,,True
llmsr,Nguyen-12,-1,60,0.0,1.5489466106338125e-06,0.0006044760278286973,0.4653065881762269,,True
llmsr,Nguyen-12,-1,10,0.0,1.1103696282825286e-05,0.004389160376968651,0.40400539199761754,,True
llmsr,Nguyen-12,-1,30,0.0,1.0988160390094313e-06,0.0017455387212155897,0.45418376867056665,,True
llmsr,Nguyen-12,-1,5,0.0,0.0020778621807026492,0.042144623438212576,0.2877728958462614,,True
llmsr,Nguyen-12,-1,1,0.0,0.033535453899001026,0.11101419794839229,0.22961133162681996,,True
llmsr,Nguyen-12,-1,45,0.0,1.5489466106338125e-06,0.0006044760278286973,0.4653065881762269,,True
llmsr,Nguyen-12,-1,3,0.0,0.033535453899001026,0.11101419794839229,0.22961133162681996,,True
llmsr,Nguyen-12,-1,2,0.0,0.033535453899001026,0.11101419794839229,0.22961133162681996,,True
llmsr,Nguyen-12,-1,20,0.0,2.274100986480705e-05,0.0011384574361224648,0.41381690911670327,,True
llmsr,feynman-ii.34.11,-1,60,0.0,1.022511760361202,0.9999914627839218,0.14251197842714736,,True
llmsr,feynman-ii.34.11,-1,10,0.0,2.3050287591641632e+17,461954157111350.06,0.0,,True
llmsr,feynman-ii.34.11,-1,30,0.0,,,0.0,,False
llmsr,feynman-ii.34.11,-1,5,0.0,2.3050287591641632e+17,461954157111350.06,0.0,,True
llmsr,feynman-ii.34.11,-1,1,0.0,,,0.0,,False
llmsr,feynman-ii.34.11,-1,45,0.0,,,0.0,,False
llmsr,feynman-ii.34.11,-1,3,0.0,,,0.0,,False
llmsr,feynman-ii.34.11,-1,2,0.0,,,0.0,,False
llmsr,feynman-ii.34.11,-1,20,0.0,,,0.0,,False
llmsr,strogatz_predprey2,-1,60,0.0,0.00290084224297491,0.12068779996078025,0.266279018512062,,True
llmsr,strogatz_predprey2,-1,10,0.0,0.00290084224297491,0.12068779996078025,0.266279018512062,,True
llmsr,strogatz_predprey2,-1,30,0.0,0.00290084224297491,0.12068779996078025,0.266279018512062,,True
llmsr,strogatz_predprey2,-1,5,0.0,0.023380236236222197,0.400341480226972,0.21531144694256682,,True
llmsr,strogatz_predprey2,-1,1,0.0,0.023380236236222197,0.400341480226972,0.21531144694256682,,True
llmsr,strogatz_predprey2,-1,45,0.0,0.00290084224297491,0.12068779996078025,0.266279018512062,,True
llmsr,strogatz_predprey2,-1,3,0.0,0.023380236236222197,0.400341480226972,0.21531144694256682,,True
llmsr,strogatz_predprey2,-1,2,0.0,0.023380236236222197,0.400341480226972,0.21531144694256682,,True
llmsr,strogatz_predprey2,-1,20,0.0,0.00290084224297491,0.12068779996078025,0.266279018512062,,True
llmsr,feynman-iii.7.38,-1,60,0.0,1.0,1.0,0.1428571428571429,,True
llmsr,feynman-iii.7.38,-1,10,0.0,1.0,1.0,0.1428571428571429,,True
llmsr,feynman-iii.7.38,-1,30,0.0,1.0,1.0,0.1428571428571429,,True
llmsr,feynman-iii.7.38,-1,5,0.0,1.0,1.0,0.1428571428571429,,True
llmsr,feynman-iii.7.38,-1,1,0.0,1.0,1.0,0.1428571428571429,,True
llmsr,feynman-iii.7.38,-1,45,0.0,1.0,1.0,0.1428571428571429,,True
llmsr,feynman-iii.7.38,-1,3,0.0,1.0,1.0,0.1428571428571429,,True
llmsr,feynman-iii.7.38,-1,2,0.0,1.0,1.0,0.1428571428571429,,True
llmsr,feynman-iii.7.38,-1,20,0.0,1.0,1.0,0.1428571428571429,,True
llmsr,Korns-4,-1,60,0.0,9.165413945680826e-11,1.5447012188709302e-10,0.8517501223785642,,True
llmsr,Korns-4,-1,10,0.0,9.165413945680826e-11,1.5447012188709302e-10,0.8517501223785642,,True
llmsr,Korns-4,-1,30,0.0,9.165413945680826e-11,1.5447012188709302e-10,0.8517501223785642,,True
llmsr,Korns-4,-1,5,0.0,9.165413945680826e-11,1.5447012188709302e-10,0.8517501223785642,,True
llmsr,Korns-4,-1,1,0.0,9.165413945680826e-11,1.5447012188709302e-10,0.8517501223785642,,True
llmsr,Korns-4,-1,45,0.0,9.165413945680826e-11,1.5447012188709302e-10,0.8517501223785642,,True
llmsr,Korns-4,-1,3,0.0,9.165413945680826e-11,1.5447012188709302e-10,0.8517501223785642,,True
llmsr,Korns-4,-1,2,0.0,9.165413945680826e-11,1.5447012188709302e-10,0.8517501223785642,,True
llmsr,Korns-4,-1,20,0.0,9.165413945680826e-11,1.5447012188709302e-10,0.8517501223785642,,True
llmsr,feynman_I_27_6,-1,60,0.0,0.0022792609995041253,0.04915746102455174,0.28395058918245897,,True
llmsr,feynman_I_27_6,-1,10,0.0,0.0027430863242297195,0.039266401443344284,0.2845621222402362,,True
llmsr,feynman_I_27_6,-1,30,0.0,0.0023835880388515703,0.03729983461303326,0.2875379248724919,,True
llmsr,feynman_I_27_6,-1,5,0.0,0.0027430863242297195,0.039266401443344284,0.2845621222402362,,True
llmsr,feynman_I_27_6,-1,1,0.0,0.021049417258008796,0.1451463275371152,0.2326769239642536,,True
llmsr,feynman_I_27_6,-1,45,0.0,0.0023835880388515703,0.03729983461303326,0.2875379248724919,,True
llmsr,feynman_I_27_6,-1,3,0.0,0.0027430863242297195,0.039266401443344284,0.2845621222402362,,True
llmsr,feynman_I_27_6,-1,2,0.0,0.021049417258008796,0.1451463275371152,0.2326769239642536,,True
llmsr,feynman_I_27_6,-1,20,0.0,0.0023835880388515703,0.03729983461303326,0.2875379248724919,,True
llmsr,feynman-ii.4.23,-1,60,0.0,0.9999999997118857,0.9999999998490792,0.1428571428639525,,True
llmsr,feynman-ii.4.23,-1,10,0.0,0.9999999999822922,0.999999999982292,0.14285714285769213,,True
llmsr,feynman-ii.4.23,-1,30,0.0,0.9999999997118857,0.9999999998490792,0.1428571428639525,,True
llmsr,feynman-ii.4.23,-1,5,0.0,0.9999999999822922,0.999999999982292,0.14285714285769213,,True
llmsr,feynman-ii.4.23,-1,1,0.0,0.9999999999900311,0.9999999999837488,0.14285714285754952,,True
llmsr,feynman-ii.4.23,-1,45,0.0,0.9999999997118857,0.9999999998490792,0.1428571428639525,,True
llmsr,feynman-ii.4.23,-1,3,0.0,0.9999999999900311,0.9999999999837488,0.14285714285754952,,True
llmsr,feynman-ii.4.23,-1,2,0.0,0.9999999999900311,0.9999999999837488,0.14285714285754952,,True
llmsr,feynman-ii.4.23,-1,20,0.0,0.9999999997118857,0.9999999998490792,0.1428571428639525,,True
llmsr,PO19,-1,60,0.0,0.0021207147308277513,5880.912376429486,0.16691134810460007,,True
llmsr,PO19,-1,10,0.0,0.006664533940105708,130753.24708848751,0.1491510791425063,,True
llmsr,PO19,-1,30,0.0,0.0021207147308277513,5880.912376429486,0.16691134810460007,,True
llmsr,PO19,-1,5,0.0,0.009012325657198145,111339.850331221,0.14447011155668793,,True
llmsr,PO19,-1,1,0.0,0.0982146097757793,1288454.8577585837,0.10742228230515671,,True
llmsr,PO19,-1,45,0.0,0.0021207147308277513,5880.912376429486,0.16691134810460007,,True
llmsr,PO19,-1,3,0.0,0.0982146097757793,1288454.8577585837,0.10742228230515671,,True
llmsr,PO19,-1,2,0.0,0.0982146097757793,1288454.8577585837,0.10742228230515671,,True
llmsr,PO19,-1,20,0.0,0.0021207147308277513,5880.912376429486,0.16691134810460007,,True
llmsr,feynman_II_15_4,-1,60,0.0,2.5014480601663078e-31,5.908606957084231e-32,1.0,,True
llmsr,feynman_II_15_4,-1,10,0.0,2.5014480601663078e-31,5.908606957084231e-32,1.0,,True
llmsr,feynman_II_15_4,-1,30,0.0,2.5014480601663078e-31,5.908606957084231e-32,1.0,,True
llmsr,feynman_II_15_4,-1,5,0.0,2.5014480601663078e-31,5.908606957084231e-32,1.0,,True
llmsr,feynman_II_15_4,-1,1,0.0,2.5014480601663078e-31,5.908606957084231e-32,1.0,,True
llmsr,feynman_II_15_4,-1,45,0.0,2.5014480601663078e-31,5.908606957084231e-32,1.0,,True
llmsr,feynman_II_15_4,-1,3,0.0,2.5014480601663078e-31,5.908606957084231e-32,1.0,,True
llmsr,feynman_II_15_4,-1,2,0.0,2.5014480601663078e-31,5.908606957084231e-32,1.0,,True
llmsr,feynman_II_15_4,-1,20,0.0,2.5014480601663078e-31,5.908606957084231e-32,1.0,,True
llmsr,feynman-i.11.19,-1,60,0.0,0.3247874717610386,0.32875406464826207,0.17755462858473464,,True
llmsr,feynman-i.11.19,-1,10,0.0,241370.3918938263,11495477.518341752,0.0,,True
llmsr,feynman-i.11.19,-1,30,0.0,0.3247874717610386,0.32875406464826207,0.17755462858473464,,True
llmsr,feynman-i.11.19,-1,5,0.0,241370.3918938263,11495477.518341752,0.0,,True
llmsr,feynman-i.11.19,-1,1,0.0,260719.34765686802,12412919.235990837,0.0,,True
llmsr,feynman-i.11.19,-1,45,0.0,0.3247874717610386,0.32875406464826207,0.17755462858473464,,True
llmsr,feynman-i.11.19,-1,3,0.0,260719.34765686802,12412919.235990837,0.0,,True
llmsr,feynman-i.11.19,-1,2,0.0,260719.34765686802,12412919.235990837,0.0,,True
llmsr,feynman-i.11.19,-1,20,0.0,0.3247874717610386,0.32875406464826207,0.17755462858473464,,True
llmsr,BPG9,-1,60,0.0,0.004428475466471796,2.8284496994237283,0.21079276061459828,,True
llmsr,BPG9,-1,10,0.0,0.06482032991211233,3.238265729150593,0.1670705814001659,,True
llmsr,BPG9,-1,30,0.0,64203.70271216028,44641278.35400983,0.0,,True
llmsr,BPG9,-1,5,0.0,0.06482032991211233,3.238265729150593,0.1670705814001659,,True
llmsr,BPG9,-1,1,0.0,0.5638606783714017,230.04059362051828,0.0803152925178846,,True
llmsr,BPG9,-1,45,0.0,0.004428475466471796,2.8284496994237283,0.21079276061459828,,True
llmsr,BPG9,-1,3,0.0,0.06482032991211233,3.238265729150593,0.1670705814001659,,True
llmsr,BPG9,-1,2,0.0,0.5638606783714017,230.04059362051828,0.0803152925178846,,True
llmsr,BPG9,-1,20,0.0,4735.0279698756585,108769137.04074731,0.0,,True
llmsr,feynman-i.29.16,-1,60,0.0,0.04941396374234257,0.2463318927384893,0.2112367737115371,,True
llmsr,feynman-i.29.16,-1,10,0.0,0.07989130266918876,0.26982927996113115,0.202371836533368,,True
llmsr,feynman-i.29.16,-1,30,0.0,0.06975210580029047,0.2890358715225784,0.20341039040341746,,True
llmsr,feynman-i.29.16,-1,5,0.0,0.09466923669992161,0.04357358775406831,0.2280202787226837,,True
llmsr,feynman-i.29.16,-1,1,0.0,0.097800801392001,0.04215930526170346,0.22802729074854972,,True
llmsr,feynman-i.29.16,-1,45,0.0,0.07682263314756899,0.1124131327846707,0.21656049143086875,,True
llmsr,feynman-i.29.16,-1,3,0.0,0.09466923669992161,0.04357358775406831,0.2280202787226837,,True
llmsr,feynman-i.29.16,-1,2,0.0,0.09466923669992161,0.04357358775406831,0.2280202787226837,,True
llmsr,feynman-i.29.16,-1,20,0.0,0.07989130266918876,0.26982927996113115,0.202371836533368,,True
llmsr,first_principles_hubble,-1,60,0.0,0.04012072548485804,0.11944624691692411,0.22569495407004359,,True
llmsr,first_principles_hubble,-1,10,0.0,0.06806388744588035,0.03330665972631434,0.2373054346357239,,True
llmsr,first_principles_hubble,-1,30,0.0,0.02353105858079241,0.12129811939086813,0.233732302406232,,True
llmsr,first_principles_hubble,-1,5,0.0,0.06806388744588035,0.03330665972631434,0.2373054346357239,,True
llmsr,first_principles_hubble,-1,1,0.0,0.06806388744588035,0.03330665972631434,0.2373054346357239,,True
llmsr,first_principles_hubble,-1,45,0.0,0.0401222056578917,0.11944571394457307,0.22569445105992958,,True
llmsr,first_principles_hubble,-1,3,0.0,0.06806388744588035,0.03330665972631434,0.2373054346357239,,True
llmsr,first_principles_hubble,-1,2,0.0,0.06806388744588035,0.03330665972631434,0.2373054346357239,,True
llmsr,first_principles_hubble,-1,20,0.0,0.023530915424645134,0.12129769427609437,0.23373245112798025,,True
llmsr,feynman-i.15.3t,-1,60,0.0,1.0853640076023181e+30,9.904261507701238e+29,0.0,,True
llmsr,feynman-i.15.3t,-1,10,0.0,1.0853485750129605e+30,9.904120680845295e+29,0.0,,True
llmsr,feynman-i.15.3t,-1,30,0.0,1.0853177286018395e+30,9.903839198393179e+29,0.0,,True
llmsr,feynman-i.15.3t,-1,5,0.0,1.0853485750129605e+30,9.904120680845295e+29,0.0,,True
llmsr,feynman-i.15.3t,-1,1,0.0,1.0853485829934e+30,9.90412075366912e+29,0.0,,True
llmsr,feynman-i.15.3t,-1,45,0.0,1.0853640076023181e+30,9.904261507701238e+29,0.0,,True
llmsr,feynman-i.15.3t,-1,3,0.0,1.0853485829934e+30,9.90412075366912e+29,0.0,,True
llmsr,feynman-i.15.3t,-1,2,0.0,1.0853485829934e+30,9.90412075366912e+29,0.0,,True
llmsr,feynman-i.15.3t,-1,20,0.0,1.0853177286018395e+30,9.903839198393179e+29,0.0,,True
llmsr,feynman_test_15,-1,60,0.0,0.0003055033073247297,0.004272533689546781,0.3530106638542728,,True
llmsr,feynman_test_15,-1,10,0.0,0.0006463217054537313,0.007279867699520692,0.3331224204340607,,True
llmsr,feynman_test_15,-1,30,0.0,0.00036787901187258467,0.004533940592213343,0.34920782726416977,,True
llmsr,feynman_test_15,-1,5,0.0,0.0006459335461024807,0.007406860684350552,0.3328634994289598,,True
llmsr,feynman_test_15,-1,1,0.0,0.0006459335461024807,0.007406860684350552,0.3328634994289598,,True
llmsr,feynman_test_15,-1,45,0.0,0.00032933462208386785,0.004827681715415393,0.3499508564612021,,True
llmsr,feynman_test_15,-1,3,0.0,0.0006459335461024807,0.007406860684350552,0.3328634994289598,,True
llmsr,feynman_test_15,-1,2,0.0,0.0006459335461024807,0.007406860684350552,0.3328634994289598,,True
llmsr,feynman_test_15,-1,20,0.0,0.00036787901187258467,0.004533940592213343,0.34920782726416977,,True
llmsr,II.6.15b_3_0,4,60,0.0,0.20154760082872528,0.04121030314660774,0.21716487707022564,,True
llmsr,II.6.15b_3_0,4,10,0.0,0.20154760082872528,0.04121030314660774,0.21716487707022564,,True
llmsr,II.6.15b_3_0,4,30,0.0,0.20154760082872528,0.04121030314660774,0.21716487707022564,,True
llmsr,II.6.15b_3_0,4,5,0.0,0.20154760082872528,0.04121030314660774,0.21716487707022564,,True
llmsr,II.6.15b_3_0,4,1,0.0,0.21862963339597088,0.3048179687037097,0.18486608602942434,,True
llmsr,II.6.15b_3_0,4,45,0.0,0.20154760082872528,0.04121030314660774,0.21716487707022564,,True
llmsr,II.6.15b_3_0,4,3,0.0,0.20154760082872528,0.04121030314660774,0.21716487707022564,,True
llmsr,II.6.15b_3_0,4,2,0.0,0.20154760082872528,0.04121030314660774,0.21716487707022564,,True
llmsr,II.6.15b_3_0,4,20,0.0,0.20154760082872528,0.04121030314660774,0.21716487707022564,,True
llmsr,feynman-i.18.16,4,60,0.0,0.12051689771072775,0.4526053677248166,0.18797258414446277,,True
llmsr,feynman-i.18.16,4,10,0.0,0.587631655692617,0.5665923649432786,0.15991514638901977,,True
llmsr,feynman-i.18.16,4,30,0.0,0.12051689771072775,0.4526053677248166,0.18797258414446277,,True
llmsr,feynman-i.18.16,4,5,0.0,0.587631655692617,0.5665923649432786,0.15991514638901977,,True
llmsr,feynman-i.18.16,4,1,0.0,0.587631655692617,0.5665923649432786,0.15991514638901977,,True
llmsr,feynman-i.18.16,4,45,0.0,0.12051689771072775,0.4526053677248166,0.18797258414446277,,True
llmsr,feynman-i.18.16,4,3,0.0,0.587631655692617,0.5665923649432786,0.15991514638901977,,True
llmsr,feynman-i.18.16,4,2,0.0,0.587631655692617,0.5665923649432786,0.15991514638901977,,True
llmsr,feynman-i.18.16,4,20,0.0,0.12051689771072775,0.4526053677248166,0.18797258414446277,,True
llmsr,Nguyen-9,4,60,0.0,0.0007499199732371472,0.0002822582638229756,0.38122637190973996,,True
llmsr,Nguyen-9,4,10,0.0,0.023556868776050385,0.0015841273188822397,0.3010032983461329,,True
llmsr,Nguyen-9,4,30,0.0,0.0007484583379625563,0.00028317732217095004,0.3812062106621187,,True
llmsr,Nguyen-9,4,5,0.0,0.023556868776050385,0.0015841273188822397,0.3010032983461329,,True
llmsr,Nguyen-9,4,1,0.0,0.2410371155135493,0.004775983900369894,0.24781618658431614,,True
llmsr,Nguyen-9,4,45,0.0,0.0007499199732371472,0.0002822582638229756,0.38122637190973996,,True
llmsr,Nguyen-9,4,3,0.0,0.023556868776050385,0.0015841273188822397,0.3010032983461329,,True
llmsr,Nguyen-9,4,2,0.0,0.023556868776050385,0.0015841273188822397,0.3010032983461329,,True
llmsr,Nguyen-9,4,20,0.0,0.0007484583379625563,0.00028317732217095004,0.3812062106621187,,True
llmsr,CRK10,4,60,0.0,2.0914215406649363e-06,0.03335314061476629,0.3984436317441427,,True
llmsr,CRK10,4,10,0.0,0.00023283070688469353,0.7162778518119375,0.2777813650305358,,True
llmsr,CRK10,4,30,0.0,2.0914215406649363e-06,0.03335314061476629,0.3984436317441427,,True
llmsr,CRK10,4,5,0.0,0.0007758241355699161,2.300438641391652,0.2410152164213299,,True
llmsr,CRK10,4,1,0.0,0.004867912368851234,17.179370727594154,0.18134464273822387,,True
llmsr,CRK10,4,45,0.0,2.0914215406649363e-06,0.03335314061476629,0.3984436317441427,,True
llmsr,CRK10,4,3,0.0,0.0007758241355699161,2.300438641391652,0.2410152164213299,,True
llmsr,CRK10,4,2,0.0,0.004263596161452987,44.83853547429614,0.16852044708302788,,True
llmsr,CRK10,4,20,0.0,2.0914215406649363e-06,0.03335314061476629,0.3984436317441427,,True
llmsr,first_principles_leavitt,4,60,0.0,0.00030790624922427836,0.006886270900871627,0.345485621181844,,True
llmsr,first_principles_leavitt,4,10,0.0,0.0002675775989099957,0.00016584384509212106,0.4054589603345487,,True
llmsr,first_principles_leavitt,4,30,0.0,0.00030790624922427836,0.006886270900871627,0.345485621181844,,True
llmsr,first_principles_leavitt,4,5,0.0,0.00027179840766639426,0.0002039117819234159,0.40201109900313625,,True
llmsr,first_principles_leavitt,4,1,0.0,0.00027179840766639426,0.0002039117819234159,0.40201109900313625,,True
llmsr,first_principles_leavitt,4,45,0.0,0.00030790624922427836,0.006886270900871627,0.345485621181844,,True
llmsr,first_principles_leavitt,4,3,0.0,0.00027179840766639426,0.0002039117819234159,0.40201109900313625,,True
llmsr,first_principles_leavitt,4,2,0.0,0.00027179840766639426,0.0002039117819234159,0.40201109900313625,,True
llmsr,first_principles_leavitt,4,20,0.0,0.00030790624922427836,0.006886270900871627,0.345485621181844,,True
llmsr,feynman-i.13.12,4,60,0.0,5016.286307094964,8299.713166055299,0.0,,True
llmsr,feynman-i.13.12,4,10,0.0,7182.009770003295,6227.5086670958535,0.0,,True
llmsr,feynman-i.13.12,4,30,0.0,5016.286307094964,8299.713166055299,0.0,,True
llmsr,feynman-i.13.12,4,5,0.0,7182.009770003295,6227.5086670958535,0.0,,True
llmsr,feynman-i.13.12,4,1,0.0,7182.009770003295,6227.5086670958535,0.0,,True
llmsr,feynman-i.13.12,4,45,0.0,5016.286307094964,8299.713166055299,0.0,,True
llmsr,feynman-i.13.12,4,3,0.0,7182.009770003295,6227.5086670958535,0.0,,True
llmsr,feynman-i.13.12,4,2,0.0,7182.009770003295,6227.5086670958535,0.0,,True
llmsr,feynman-i.13.12,4,20,0.0,5016.286307094964,8299.713166055299,0.0,,True
llmsr,CRK11,4,60,0.0,8.293434685648101e-05,0.2201346013242878,0.31209204499292376,,True
llmsr,CRK11,4,10,0.0,0.0003585445694001346,0.786860948302958,0.26962710211112734,,True
llmsr,CRK11,4,30,0.0,0.00016534931993599772,0.22916526432216602,0.3007660284559365,,True
llmsr,CRK11,4,5,0.0,0.0003585445694001346,0.786860948302958,0.26962710211112734,,True
llmsr,CRK11,4,1,0.0,0.0017342720654784727,0.6316169697597479,0.24858674933659053,,True
llmsr,CRK11,4,45,0.0,0.00013626224628289092,0.04698674865995272,0.32834460934957016,,True
llmsr,CRK11,4,3,0.0,0.0003585445694001346,0.786860948302958,0.26962710211112734,,True
llmsr,CRK11,4,2,0.0,0.0017123577725732177,3.5510225068889754,0.22200185948750611,,True
llmsr,CRK11,4,20,0.0,0.0002940591594230562,0.8591314105347827,0.27133948896659726,,True
llmsr,strogatz_barmag1,4,60,0.0,8.841161177878881e-13,8.21072025294822e-12,0.9673435265872997,,True
llmsr,strogatz_barmag1,4,30,0.0,6.284588846679769e-12,6.439772326894909e-12,0.9426018791491406,,True
llmsr,strogatz_barmag1,4,1,0.0,0.018871583749109182,0.33089328381911853,0.22158941781917252,,True
llmsr,strogatz_barmag1,4,45,0.0,8.841161177878881e-13,8.21072025294822e-12,0.9673435265872997,,True
llmsr,strogatz_barmag1,4,3,0.0,0.018871583749109182,0.33089328381911853,0.22158941781917252,,True
llmsr,strogatz_barmag1,4,2,0.0,0.018871583749109182,0.33089328381911853,0.22158941781917252,,True
llmsr,strogatz_barmag1,4,20,0.0,3.5265855126640766e-09,6.878035117918752e-08,0.7005421854286225,,True
llmsr,MatSci21,4,60,0.0,0.04446817282542551,0.0704633789488407,0.23228525892650298,,True
llmsr,MatSci21,4,10,0.0,0.04446817282542551,0.0704633789488407,0.23228525892650298,,True
llmsr,MatSci21,4,30,0.0,0.04446817282542551,0.0704633789488407,0.23228525892650298,,True
llmsr,MatSci21,4,5,0.0,0.04446817282542551,0.0704633789488407,0.23228525892650298,,True
llmsr,MatSci21,4,1,0.0,0.04447162544493254,0.07040583973471495,0.23229672550057956,,True
llmsr,MatSci21,4,45,0.0,0.04446817282542551,0.0704633789488407,0.23228525892650298,,True
llmsr,MatSci21,4,3,0.0,0.04446817282542551,0.0704633789488407,0.23228525892650298,,True
llmsr,MatSci21,4,2,0.0,0.04447162544493254,0.07040583973471495,0.23229672550057956,,True
llmsr,MatSci21,4,20,0.0,0.04446817282542551,0.0704633789488407,0.23228525892650298,,True
llmsr,Keijzer-2,4,60,0.0,0.1571006936244452,4.447218098762536,0.14841905246437226,,True
llmsr,Keijzer-2,4,10,0.0,0.7829396131692772,3.0737019719531244,0.1292360706185215,,True
llmsr,Keijzer-2,4,30,0.0,0.5841918567741162,8.439984840233928,0.11811081551885927,,True
llmsr,Keijzer-2,4,5,0.0,0.7829396131692772,3.0737019719531244,0.1292360706185215,,True
llmsr,Keijzer-2,4,1,0.0,0.7829396131692772,3.0737019719531244,0.1292360706185215,,True
llmsr,Keijzer-2,4,45,0.0,0.1571006936244452,4.447218098762536,0.14841905246437226,,True
llmsr,Keijzer-2,4,3,0.0,0.7829396131692772,3.0737019719531244,0.1292360706185215,,True
llmsr,Keijzer-2,4,2,0.0,0.7829396131692772,3.0737019719531244,0.1292360706185215,,True
llmsr,Keijzer-2,4,20,0.0,0.6460734567984903,2.9819162006930395,0.1326865238059643,,True
llmsr,Nguyen-12,4,60,0.0,3.3702895130397875e-05,0.0008130012557412774,0.41293719909175114,,True
llmsr,Nguyen-12,4,10,0.0,0.0020778621807026492,0.042144623438212576,0.2877728958462614,,True
llmsr,Nguyen-12,4,30,0.0,2.274100986480705e-05,0.0011384574361224648,0.41381690911670327,,True
llmsr,Nguyen-12,4,5,0.0,0.002077862340312203,0.04214462467483538,0.2877728941997165,,True
llmsr,Nguyen-12,4,1,0.0,0.033535453899001026,0.11101419794839229,0.22961133162681996,,True
llmsr,Nguyen-12,4,45,0.0,2.274100986480705e-05,0.0011384574361224648,0.41381690911670327,,True
llmsr,Nguyen-12,4,3,0.0,0.002077862340312203,0.04214462467483538,0.2877728941997165,,True
llmsr,Nguyen-12,4,2,0.0,0.002077862340312203,0.04214462467483538,0.2877728941997165,,True
llmsr,Nguyen-12,4,20,0.0,2.274100986480705e-05,0.0011384574361224648,0.41381690911670327,,True
llmsr,feynman-ii.34.11,4,60,0.0,1.0,1.0,0.1428571428571429,,True
llmsr,feynman-ii.34.11,4,1,0.0,2.719623418175637e+16,1.7597264711747731e+19,0.0,,True
llmsr,feynman-ii.34.11,4,3,0.0,1.0055059093699499e+17,7.862702207196167e+18,0.0,,True
llmsr,feynman-ii.34.11,4,2,0.0,2.719623418175637e+16,1.7597264711747731e+19,0.0,,True
llmsr,strogatz_predprey2,4,60,0.0,0.00290084224297491,0.12068779996078025,0.266279018512062,,True
llmsr,strogatz_predprey2,4,10,0.0,0.00290084224297491,0.12068779996078025,0.266279018512062,,True
llmsr,strogatz_predprey2,4,30,0.0,0.00290084224297491,0.12068779996078025,0.266279018512062,,True
llmsr,strogatz_predprey2,4,5,0.0,0.023380236236222197,0.400341480226972,0.21531144694256682,,True
llmsr,strogatz_predprey2,4,1,0.0,0.023380236236222197,0.400341480226972,0.21531144694256682,,True
llmsr,strogatz_predprey2,4,45,0.0,0.00290084224297491,0.12068779996078025,0.266279018512062,,True
llmsr,strogatz_predprey2,4,3,0.0,0.023380236236222197,0.400341480226972,0.21531144694256682,,True
llmsr,strogatz_predprey2,4,2,0.0,0.023380236236222197,0.400341480226972,0.21531144694256682,,True
llmsr,strogatz_predprey2,4,20,0.0,0.00290084224297491,0.12068779996078025,0.266279018512062,,True
llmsr,feynman-iii.7.38,4,60,0.0,1.0,1.0,0.1428571428571429,,True
llmsr,feynman-iii.7.38,4,10,0.0,1.0,1.0,0.1428571428571429,,True
llmsr,feynman-iii.7.38,4,30,0.0,1.0,1.0,0.1428571428571429,,True
llmsr,feynman-iii.7.38,4,5,0.0,1.0,1.0,0.1428571428571429,,True
llmsr,feynman-iii.7.38,4,1,0.0,1.0,1.0,0.1428571428571429,,True
llmsr,feynman-iii.7.38,4,45,0.0,1.0,1.0,0.1428571428571429,,True
llmsr,feynman-iii.7.38,4,3,0.0,1.0,1.0,0.1428571428571429,,True
llmsr,feynman-iii.7.38,4,2,0.0,1.0,1.0,0.1428571428571429,,True
llmsr,feynman-iii.7.38,4,20,0.0,1.0,1.0,0.1428571428571429,,True
llmsr,Korns-4,4,60,0.0,9.165413945680826e-11,1.5447012188709302e-10,0.8517501223785642,,True
llmsr,Korns-4,4,10,0.0,9.165413945680826e-11,1.5447012188709302e-10,0.8517501223785642,,True
llmsr,Korns-4,4,30,0.0,9.165413945680826e-11,1.5447012188709302e-10,0.8517501223785642,,True
llmsr,Korns-4,4,5,0.0,9.165413945680826e-11,1.5447012188709302e-10,0.8517501223785642,,True
llmsr,Korns-4,4,1,0.0,9.165413945680826e-11,1.5447012188709302e-10,0.8517501223785642,,True
llmsr,Korns-4,4,45,0.0,9.165413945680826e-11,1.5447012188709302e-10,0.8517501223785642,,True
llmsr,Korns-4,4,3,0.0,9.165413945680826e-11,1.5447012188709302e-10,0.8517501223785642,,True
llmsr,Korns-4,4,2,0.0,9.165413945680826e-11,1.5447012188709302e-10,0.8517501223785642,,True
llmsr,Korns-4,4,20,0.0,9.165413945680826e-11,1.5447012188709302e-10,0.8517501223785642,,True
llmsr,feynman_I_27_6,4,60,0.0,0.002235964276161495,0.04406100882909189,0.285945739385904,,True
llmsr,feynman_I_27_6,4,10,0.0,0.0027430863242297195,0.039266401443344284,0.2845621222402362,,True
llmsr,feynman_I_27_6,4,30,0.0,0.0027430863242297195,0.039266401443344284,0.2845621222402362,,True
llmsr,feynman_I_27_6,4,5,0.0,0.0027430863242297195,0.039266401443344284,0.2845621222402362,,True
llmsr,feynman_I_27_6,4,1,0.0,0.01814894616928405,0.014520940163789976,0.2706840661307167,,True
llmsr,feynman_I_27_6,4,45,0.0,0.0027430863242297195,0.039266401443344284,0.2845621222402362,,True
llmsr,feynman_I_27_6,4,3,0.0,0.01814894616928405,0.014520940163789976,0.2706840661307167,,True
llmsr,feynman_I_27_6,4,2,0.0,0.01814894616928405,0.014520940163789976,0.2706840661307167,,True
llmsr,feynman_I_27_6,4,20,0.0,0.0027430863242297195,0.039266401443344284,0.2845621222402362,,True
llmsr,feynman-ii.4.23,4,60,0.0,0.9999999997774748,0.999999999777475,0.14285714286404583,,True
llmsr,feynman-ii.4.23,4,10,0.0,0.999999999962718,0.9999999999637577,0.14285714285828327,,True
llmsr,feynman-ii.4.23,4,30,0.0,0.9999999997774748,0.999999999777475,0.14285714286404583,,True
llmsr,feynman-ii.4.23,4,5,0.0,0.9999999999822922,0.999999999982292,0.14285714285769213,,True
llmsr,feynman-ii.4.23,4,1,0.0,0.9999999999900311,0.9999999999837488,0.14285714285754952,,True
llmsr,feynman-ii.4.23,4,45,0.0,0.9999999997774748,0.999999999777475,0.14285714286404583,,True
llmsr,feynman-ii.4.23,4,3,0.0,0.9999999999822922,0.999999999982292,0.14285714285769213,,True
llmsr,feynman-ii.4.23,4,2,0.0,0.9999999999822922,0.999999999982292,0.14285714285769213,,True
llmsr,feynman-ii.4.23,4,20,0.0,0.9999999997774748,0.999999999777475,0.14285714286404583,,True
llmsr,PO19,4,60,0.0,0.0020875696687785413,4551.737515374984,0.1671556793509651,,True
llmsr,PO19,4,10,0.0,0.009791408153727926,0.06153861515988048,0.257857397382339,,True
llmsr,PO19,4,30,0.0,0.0020875696687785413,4551.737515374984,0.1671556793509651,,True
llmsr,PO19,4,5,0.0,0.0982146097757793,1288454.8577585837,0.10742228230515671,,True
llmsr,PO19,4,1,0.0,0.0982146097757793,1288454.8577585837,0.10742228230515671,,True
llmsr,PO19,4,45,0.0,0.0020875696687785413,4551.737515374984,0.1671556793509651,,True
llmsr,PO19,4,3,0.0,0.0982146097757793,1288454.8577585837,0.10742228230515671,,True
llmsr,PO19,4,2,0.0,0.0982146097757793,1288454.8577585837,0.10742228230515671,,True
llmsr,PO19,4,20,0.0,0.009791408153727926,0.06153861515988048,0.257857397382339,,True
llmsr,feynman_II_15_4,4,60,0.0,2.5014480601663078e-31,5.908606957084231e-32,1.0,,True
llmsr,feynman_II_15_4,4,10,0.0,2.5014480601663078e-31,5.908606957084231e-32,1.0,,True
llmsr,feynman_II_15_4,4,30,0.0,2.5014480601663078e-31,5.908606957084231e-32,1.0,,True
llmsr,feynman_II_15_4,4,5,0.0,2.5014480601663078e-31,5.908606957084231e-32,1.0,,True
llmsr,feynman_II_15_4,4,1,0.0,0.5062655765676396,3.1880746885574207,0.1354318969325674,,True
llmsr,feynman_II_15_4,4,45,0.0,2.5014480601663078e-31,5.908606957084231e-32,1.0,,True
llmsr,feynman_II_15_4,4,3,0.0,2.5014480601663078e-31,5.908606957084231e-32,1.0,,True
llmsr,feynman_II_15_4,4,2,0.0,7.226396980343297e-17,2.0254818453157125e-16,1.0,,True
llmsr,feynman_II_15_4,4,20,0.0,2.5014480601663078e-31,5.908606957084231e-32,1.0,,True
llmsr,feynman-i.11.19,4,60,0.0,241370.3918938263,11495477.518341752,0.0,,True
llmsr,feynman-i.11.19,4,10,0.0,241370.3918938263,11495477.518341752,0.0,,True
llmsr,feynman-i.11.19,4,30,0.0,241370.3918938263,11495477.518341752,0.0,,True
llmsr,feynman-i.11.19,4,5,0.0,241370.3918938263,11495477.518341752,0.0,,True
llmsr,feynman-i.11.19,4,1,0.0,260719.34765686802,12412919.235990837,0.0,,True
llmsr,feynman-i.11.19,4,45,0.0,241370.3918938263,11495477.518341752,0.0,,True
llmsr,feynman-i.11.19,4,3,0.0,260719.34765686802,12412919.235990837,0.0,,True
llmsr,feynman-i.11.19,4,2,0.0,260719.34765686802,12412919.235990837,0.0,,True
llmsr,feynman-i.11.19,4,20,0.0,241370.3918938263,11495477.518341752,0.0,,True
llmsr,BPG9,4,60,0.0,1.0866917962281227e-05,0.0019341830185136458,0.41704985876934253,,True
llmsr,BPG9,4,10,0.0,0.1993593261391503,59.97746586507964,0.10437054752684766,,True
llmsr,BPG9,4,30,0.0,0.019165382790017775,17.800162793667592,0.15953780456929967,,True
llmsr,BPG9,4,5,0.0,0.6346202786918015,330.71177716980213,0.07848164480513464,,True
llmsr,BPG9,4,1,0.0,0.6346202786918015,330.71177716980213,0.07848164480513464,,True
llmsr,BPG9,4,45,0.0,0.002434155351801339,4.310404323714513,0.21354048921978774,,True
llmsr,BPG9,4,3,0.0,0.6346202786918015,330.71177716980213,0.07848164480513464,,True
llmsr,BPG9,4,2,0.0,0.6346202786918015,330.71177716980213,0.07848164480513464,,True
llmsr,BPG9,4,20,0.0,0.019165382790017775,17.800162793667592,0.15953780456929967,,True
llmsr,feynman-i.29.16,4,60,0.0,0.04941396374234257,0.2463318927384893,0.2112367737115371,,True
llmsr,feynman-i.29.16,4,10,0.0,0.07989130266918876,0.26982927996113115,0.202371836533368,,True
llmsr,feynman-i.29.16,4,30,0.0,0.06975210580029047,0.2890358715225784,0.20341039040341746,,True
llmsr,feynman-i.29.16,4,5,0.0,0.09846183748256523,0.04227436229088887,0.2278805356698126,,True
llmsr,feynman-i.29.16,4,1,0.0,0.097800801392001,0.04215930526170346,0.22802729074854972,,True
llmsr,feynman-i.29.16,4,45,0.0,0.07676680804062662,0.02799264043092202,0.23813509469078065,,True
llmsr,feynman-i.29.16,4,3,0.0,0.09846183748256523,0.04227436229088887,0.2278805356698126,,True
llmsr,feynman-i.29.16,4,2,0.0,0.09846183748256523,0.04227436229088887,0.2278805356698126,,True
llmsr,feynman-i.29.16,4,20,0.0,0.07989130266918876,0.26982927996113115,0.202371836533368,,True
llmsr,first_principles_hubble,4,60,0.0,0.02353105858079241,0.12129811939086813,0.233732302406232,,True
llmsr,first_principles_hubble,4,10,0.0,0.06806388744588035,0.03330665972631434,0.2373054346357239,,True
llmsr,first_principles_hubble,4,30,0.0,0.023530915424645134,0.12129769427609437,0.23373245112798025,,True
llmsr,first_principles_hubble,4,5,0.0,0.06806388744588035,0.03330665972631434,0.2373054346357239,,True
llmsr,first_principles_hubble,4,1,0.0,0.06806388744588035,0.03330665972631434,0.2373054346357239,,True
llmsr,first_principles_hubble,4,45,0.0,0.02353105858079241,0.12129811939086813,0.233732302406232,,True
llmsr,first_principles_hubble,4,3,0.0,0.06806388744588035,0.03330665972631434,0.2373054346357239,,True
llmsr,first_principles_hubble,4,2,0.0,0.06806388744588035,0.03330665972631434,0.2373054346357239,,True
llmsr,first_principles_hubble,4,20,0.0,0.023530915424645134,0.12129769427609437,0.23373245112798025,,True
llmsr,feynman-i.15.3t,4,60,0.0,1.085364007602319e+30,9.904261507701259e+29,0.0,,True
llmsr,feynman-i.15.3t,4,10,0.0,1.0853485750129605e+30,9.904120680845295e+29,0.0,,True
llmsr,feynman-i.15.3t,4,30,0.0,1.0853177286018395e+30,9.903839198393179e+29,0.0,,True
llmsr,feynman-i.15.3t,4,5,0.0,1.0853485750129605e+30,9.904120680845295e+29,0.0,,True
llmsr,feynman-i.15.3t,4,1,0.0,1.0853485829934e+30,9.90412075366912e+29,0.0,,True
llmsr,feynman-i.15.3t,4,45,0.0,1.0853177286018395e+30,9.903839198393179e+29,0.0,,True
llmsr,feynman-i.15.3t,4,3,0.0,1.0853485829934e+30,9.90412075366912e+29,0.0,,True
llmsr,feynman-i.15.3t,4,2,0.0,1.0853485829934e+30,9.90412075366912e+29,0.0,,True
llmsr,feynman-i.15.3t,4,20,0.0,1.0853177286018395e+30,9.903839198393179e+29,0.0,,True
llmsr,feynman_test_15,4,60,0.0,0.00038258409341260555,0.0031887211468933393,0.35405916244791164,,True
llmsr,feynman_test_15,4,10,0.0,0.0006436133633816454,0.007542000922646298,0.3326388702142527,,True
llmsr,feynman_test_15,4,30,0.0,0.00038258409341260555,0.0031887211468933393,0.35405916244791164,,True
llmsr,feynman_test_15,4,5,0.0,0.0006439371356622021,0.007926778701063484,0.3318592783848438,,True
llmsr,feynman_test_15,4,1,0.0,0.021694001862714342,0.15011701366152858,0.23168680038064837,,True
llmsr,feynman_test_15,4,45,0.0,0.00038258409341260555,0.0031887211468933393,0.35405916244791164,,True
llmsr,feynman_test_15,4,3,0.0,0.021689043331910712,0.16031426243606614,0.23067098008170817,,True
llmsr,feynman_test_15,4,2,0.0,0.021694001862714342,0.15011701366152858,0.23168680038064837,,True
llmsr,feynman_test_15,4,20,0.0,0.00038258409341260555,0.0031887211468933393,0.35405916244791164,,True
llmsr,BPG5,1,60,0.0,1.4595121554358066e-07,8.58139762051058e-06,0.5679369377902206,,True
llmsr,BPG5,1,10,0.0,3.3993318307704453e-07,0.000196459843427626,0.506261880195073,,True
llmsr,BPG5,1,30,0.0,1.6835393964924302e-07,0.00013595876001029928,0.5228703400435029,,True
llmsr,BPG5,1,5,0.0,0.533904996824498,1077.8871560347595,0.08116200051981448,,True
llmsr,BPG5,1,1,0.0,0.533904996824498,1077.8871560347595,0.08116200051981448,,True
llmsr,BPG5,1,45,0.0,1.6835393964924302e-07,0.00013595876001029928,0.5228703400435029,,True
llmsr,BPG5,1,3,0.0,0.533904996824498,1077.8871560347595,0.08116200051981448,,True
llmsr,BPG5,1,2,0.0,0.533904996824498,1077.8871560347595,0.08116200051981448,,True
llmsr,BPG5,1,20,0.0,1.6835393964924302e-07,0.00013595876001029928,0.5228703400435029,,True
llmsr,feynman-ii.34.2a,1,60,0.0,1.0068492116958996,1.0005138618534324,0.14274330198487734,,True
llmsr,feynman-ii.34.2a,1,10,0.0,1.0068492116958996,1.0005138618534324,0.14274330198487734,,True
llmsr,feynman-ii.34.2a,1,30,0.0,1.0068492116958996,1.0005138618534324,0.14274330198487734,,True
llmsr,feynman-ii.34.2a,1,5,0.0,1.006849225126121,1.0005138621044378,0.1427433017740934,,True
llmsr,feynman-ii.34.2a,1,1,0.0,1.006849225126121,1.0005138621044378,0.1427433017740934,,True
llmsr,feynman-ii.34.2a,1,45,0.0,1.0068492116958996,1.0005138618534324,0.14274330198487734,,True
llmsr,feynman-ii.34.2a,1,3,0.0,1.006849225126121,1.0005138621044378,0.1427433017740934,,True
llmsr,feynman-ii.34.2a,1,2,0.0,1.006849225126121,1.0005138621044378,0.1427433017740934,,True
llmsr,feynman-ii.34.2a,1,20,0.0,1.0068492116958996,1.0005138618534324,0.14274330198487734,,True
llmsr,strogatz_vdp1,1,60,0.0,2.667474478230365e-07,1.0166360208426767e-07,0.6273833654931522,,True
llmsr,strogatz_vdp1,1,10,0.0,2.667474478230365e-07,1.0166360208426767e-07,0.6273833654931522,,True
llmsr,strogatz_vdp1,1,30,0.0,2.667474478230365e-07,1.0166360208426767e-07,0.6273833654931522,,True
llmsr,strogatz_vdp1,1,5,0.0,0.527314116125553,0.9674953831303945,0.15329577504497033,,True
llmsr,strogatz_vdp1,1,1,0.0,0.7058209466796198,0.7980552570551839,0.1517597319437382,,True
llmsr,strogatz_vdp1,1,45,0.0,2.667474478230365e-07,1.0166360208426767e-07,0.6273833654931522,,True
llmsr,strogatz_vdp1,1,3,0.0,0.527314116125553,0.9674953831303945,0.15329577504497033,,True
llmsr,strogatz_vdp1,1,2,0.0,0.7058209466796198,0.7980552570551839,0.1517597319437382,,True
llmsr,strogatz_vdp1,1,20,0.0,2.667474478230365e-07,1.0166360208426767e-07,0.6273833654931522,,True
llmsr,II.11.27_1_0,1,60,0.0,0.9898935819052543,1.0028076619898871,0.1429712088570369,,True
llmsr,II.11.27_1_0,1,10,0.0,0.9937927478017945,1.001924473446482,0.14292389970851405,,True
llmsr,II.11.27_1_0,1,30,0.0,0.9937927478017945,1.001924473446482,0.14292389970851405,,True
llmsr,II.11.27_1_0,1,5,0.0,0.9937927478017945,1.001924473446482,0.14292389970851405,,True
llmsr,II.11.27_1_0,1,1,0.0,0.9941648383987384,1.0011223700683622,0.142930515544831,,True
llmsr,II.11.27_1_0,1,45,0.0,0.9937927478017945,1.001924473446482,0.14292389970851405,,True
llmsr,II.11.27_1_0,1,3,0.0,0.9937927478017945,1.001924473446482,0.14292389970851405,,True
llmsr,II.11.27_1_0,1,2,0.0,0.9941648383987384,1.0011223700683622,0.142930515544831,,True
llmsr,II.11.27_1_0,1,20,0.0,0.9937927478017945,1.001924473446482,0.14292389970851405,,True
llmsr,Nguyen-6,1,60,0.0,2.0068331776189257e-06,0.008966746925130187,0.41945906482703993,,True
llmsr,Nguyen-6,1,10,0.0,0.0007042048330488021,0.06382674805707994,0.2981177957408363,,True
llmsr,Nguyen-6,1,30,0.0,2.0068331776189257e-06,0.008966746925130187,0.41945906482703993,,True
llmsr,Nguyen-6,1,5,0.0,0.0007042048330488021,0.06382674805707994,0.2981177957408363,,True
llmsr,Nguyen-6,1,1,0.0,0.0007042048330488021,0.06382674805707994,0.2981177957408363,,True
llmsr,Nguyen-6,1,45,0.0,2.0068331776189257e-06,0.008966746925130187,0.41945906482703993,,True
llmsr,Nguyen-6,1,3,0.0,0.0007042048330488021,0.06382674805707994,0.2981177957408363,,True
llmsr,Nguyen-6,1,2,0.0,0.0007042048330488021,0.06382674805707994,0.2981177957408363,,True
llmsr,Nguyen-6,1,20,0.0,2.0068331776189257e-06,0.008966746925130187,0.41945906482703993,,True
llmsr,feynman_I_12_11,1,60,0.0,1.3515208670700864e-31,1.4716479784063392e-32,1.0,,True
llmsr,feynman_I_12_11,1,10,0.0,1.3515208670700864e-31,1.4716479784063392e-32,1.0,,True
llmsr,feynman_I_12_11,1,30,0.0,1.3515208670700864e-31,1.4716479784063392e-32,1.0,,True
llmsr,feynman_I_12_11,1,5,0.0,0.11732928783658511,0.3263392411904209,0.19346158092938548,,True
llmsr,feynman_I_12_11,1,1,0.0,0.11789794752175299,0.32594870574611146,0.19340516051898027,,True
llmsr,feynman_I_12_11,1,45,0.0,1.3515208670700864e-31,1.4716479784063392e-32,1.0,,True
llmsr,feynman_I_12_11,1,3,0.0,0.11732928783658511,0.3263392411904209,0.19346158092938548,,True
llmsr,feynman_I_12_11,1,2,0.0,0.11789794752175299,0.32594870574611146,0.19340516051898027,,True
llmsr,feynman_I_12_11,1,20,0.0,1.3515208670700864e-31,1.4716479784063392e-32,1.0,,True
llmsr,Keijzer-11,1,60,0.0,4.892982624418368,5.4611502074259635,0.0918979358793175,,True
llmsr,Keijzer-11,1,10,0.0,1.621326659241306,1.8803494721801959,0.12556753227397166,,True
llmsr,Keijzer-11,1,30,0.0,4.892982624418368,5.4611502074259635,0.0918979358793175,,True
llmsr,Keijzer-11,1,5,0.0,0.08956014937822536,0.07797178598299215,0.21985527530929505,,True
llmsr,Keijzer-11,1,1,0.0,0.060359779490103314,0.026403707733021205,0.24277097995194685,,True
llmsr,Keijzer-11,1,45,0.0,4.892982624418368,5.4611502074259635,0.0918979358793175,,True
llmsr,Keijzer-11,1,3,0.0,0.060359779490103314,0.026403707733021205,0.24277097995194685,,True
llmsr,Keijzer-11,1,2,0.0,0.060359779490103314,0.026403707733021205,0.24277097995194685,,True
llmsr,Keijzer-11,1,20,0.0,4.869109845830037,6.425859576073492,0.08945068560954322,,True
llmsr,BPG3,1,60,0.0,2.1314490932297018e-07,2.737372037146538,0.36549968603207633,,True
llmsr,BPG3,1,10,0.0,0.00020470331115717894,102157.53630216347,0.20317411187126178,,True
llmsr,BPG3,1,30,0.0,2.1314490932297018e-07,2.737372037146538,0.36549968603207633,,True
llmsr,BPG3,1,5,0.0,0.00020470331115717894,102157.53630216347,0.20317411187126178,,True
llmsr,BPG3,1,1,0.0,0.0005974764421017403,1.5725836298704168,0.2509666236915067,,True
llmsr,BPG3,1,45,0.0,2.1314490932297018e-07,2.737372037146538,0.36549968603207633,,True
llmsr,BPG3,1,3,0.0,0.0005974764421017403,1.5725836298704168,0.2509666236915067,,True
llmsr,BPG3,1,2,0.0,0.0005974764421017403,1.5725836298704168,0.2509666236915067,,True
llmsr,BPG3,1,20,0.0,2.1314490932297018e-07,2.737372037146538,0.36549968603207633,,True
llmsr,feynman-ii.27.18,1,60,0.0,13417.045162968814,5401.494468733405,0.0,,True
llmsr,feynman-ii.27.18,1,10,0.0,13417.045162968814,5401.494468733405,0.0,,True
llmsr,feynman-ii.27.18,1,30,0.0,13417.045162968814,5401.494468733405,0.0,,True
llmsr,feynman-ii.27.18,1,5,0.0,13417.045162968814,5401.494468733405,0.0,,True
llmsr,feynman-ii.27.18,1,1,0.0,13417.045162968814,5401.494468733405,0.0,,True
llmsr,feynman-ii.27.18,1,45,0.0,13417.045162968814,5401.494468733405,0.0,,True
llmsr,feynman-ii.27.18,1,3,0.0,13417.045162968814,5401.494468733405,0.0,,True
llmsr,feynman-ii.27.18,1,2,0.0,13417.045162968814,5401.494468733405,0.0,,True
llmsr,feynman-ii.27.18,1,20,0.0,13417.045162968814,5401.494468733405,0.0,,True
llmsr,CRK34,1,60,0.0,2.5813571372303267e-06,0.7327901323469922,0.3472561533221706,,True
llmsr,CRK34,1,10,0.0,0.00010497584374605336,0.8317407552166344,0.2878186658439453,,True
llmsr,CRK34,1,30,0.0,6.888073926491748e-06,0.05046860208797353,0.373531461604228,,True
llmsr,CRK34,1,5,0.0,0.008764105880693034,13.518621727373036,0.17594142744038305,,True
llmsr,CRK34,1,1,0.0,0.008764105880693034,13.518621727373036,0.17594142744038305,,True
llmsr,CRK34,1,45,0.0,6.888073926491748e-06,0.05046860208797353,0.373531461604228,,True
llmsr,CRK34,1,3,0.0,0.008764105880693034,13.518621727373036,0.17594142744038305,,True
llmsr,CRK34,1,2,0.0,0.008764105880693034,13.518621727373036,0.17594142744038305,,True
llmsr,CRK34,1,20,0.0,6.888073926491748e-06,0.05046860208797353,0.373531461604228,,True
llmsr,I.11.19_4_0,1,60,0.0,0.03712121189440567,0.17132518436777402,0.22130559449945814,,True
llmsr,I.11.19_4_0,1,10,0.0,0.03712121189440567,0.17132518436777402,0.22130559449945814,,True
llmsr,I.11.19_4_0,1,30,0.0,0.03712121189440567,0.17132518436777402,0.22130559449945814,,True
llmsr,I.11.19_4_0,1,5,0.0,0.03712121189440567,0.17132518436777402,0.22130559449945814,,True
llmsr,I.11.19_4_0,1,1,0.0,0.03712121189440567,0.17132518436777402,0.22130559449945814,,True
llmsr,I.11.19_4_0,1,45,0.0,0.03712121189440567,0.17132518436777402,0.22130559449945814,,True
llmsr,I.11.19_4_0,1,3,0.0,0.03712121189440567,0.17132518436777402,0.22130559449945814,,True
llmsr,I.11.19_4_0,1,2,0.0,0.03712121189440567,0.17132518436777402,0.22130559449945814,,True
llmsr,I.11.19_4_0,1,20,0.0,0.03712121189440567,0.17132518436777402,0.22130559449945814,,True
llmsr,PO41,1,60,0.0,0.0008958089020338227,3.9358292596381657,0.2304552991456732,,True
llmsr,PO41,1,10,0.0,0.014247773323341505,2587.9052207939094,0.13736617867678558,,True
llmsr,PO41,1,30,0.0,0.0016559517415089822,542.2911844110254,0.1707482972775713,,True
llmsr,PO41,1,5,0.0,0.05531824982988336,20042.175011945128,0.1163261274515403,,True
llmsr,PO41,1,1,0.0,0.05531824982988336,20042.175011945128,0.1163261274515403,,True
llmsr,PO41,1,45,0.0,0.0013421067032977985,445.42555809475107,0.17400760551790784,,True
llmsr,PO41,1,3,0.0,0.05531824982988336,20042.175011945128,0.1163261274515403,,True
llmsr,PO41,1,2,0.0,0.05531824982988336,20042.175011945128,0.1163261274515403,,True
llmsr,PO41,1,20,0.0,0.0016559517415089822,542.2911844110254,0.1707482972775713,,True
llmsr,III.21.20_3_0,1,60,0.0,0.11232632562660416,0.7445431679201955,0.1813438773050456,,True
llmsr,III.21.20_3_0,1,10,0.0,0.18210935988378024,0.12086449882812222,0.20204889202210463,,True
llmsr,III.21.20_3_0,1,30,0.0,0.11438469296946734,0.7222146059151053,0.18153449364115515,,True
llmsr,III.21.20_3_0,1,5,0.0,0.18210935988378024,0.12086449882812222,0.20204889202210463,,True
llmsr,III.21.20_3_0,1,1,0.0,0.7425791874091798,0.9999910060490601,0.1474736118978932,,True
llmsr,III.21.20_3_0,1,45,0.0,0.11438469296946734,0.7222146059151053,0.18153449364115515,,True
llmsr,III.21.20_3_0,1,3,0.0,0.19364087476125239,0.11194815955973397,0.20228521450011022,,True
llmsr,III.21.20_3_0,1,2,0.0,0.19364087476125239,0.11194815955973397,0.20228521450011022,,True
llmsr,III.21.20_3_0,1,20,0.0,0.13813477287262266,415818.5139829875,0.10213203507358365,,True
llmsr,feynman-iii.10.19,1,60,0.0,1.5545123294058608e+17,4669810251746296.0,0.0,,True
llmsr,feynman-iii.10.19,1,10,0.0,3.397768398096547e+19,3.6151388968533005e+17,0.0,,True
llmsr,feynman-iii.10.19,1,30,0.0,1.5545123294058608e+17,4669810251746296.0,0.0,,True
llmsr,feynman-iii.10.19,1,5,0.0,1.4629636850054521e+28,3.187243764900635e+23,0.0,,True
llmsr,feynman-iii.10.19,1,1,0.0,7.176601112784938e+29,5.336193074599167e+24,0.0,,True
llmsr,feynman-iii.10.19,1,45,0.0,1.5545123294058608e+17,4669810251746296.0,0.0,,True
llmsr,feynman-iii.10.19,1,3,0.0,1.4629636850054521e+28,3.187243764900635e+23,0.0,,True
llmsr,feynman-iii.10.19,1,2,0.0,1.4629636850054521e+28,3.187243764900635e+23,0.0,,True
llmsr,feynman-iii.10.19,1,20,0.0,1.5545123294058608e+17,4669810251746296.0,0.0,,True
llmsr,II.34.2_1_0,1,60,0.0,3.1641675775980084e-15,5.708995262071551e-16,1.0,,True
llmsr,II.34.2_1_0,1,10,0.0,0.03361231988966117,0.31888895475750123,0.213209358389708,,True
llmsr,II.34.2_1_0,1,30,0.0,3.1641675775980084e-15,5.708995262071551e-16,1.0,,True
llmsr,II.34.2_1_0,1,5,0.0,0.09822243476238202,0.30026945042999514,0.19750993412750478,,True
llmsr,II.34.2_1_0,1,1,0.0,0.09822243476238202,0.30026945042999514,0.19750993412750478,,True
llmsr,II.34.2_1_0,1,45,0.0,3.1641675775980084e-15,5.708995262071551e-16,1.0,,True
llmsr,II.34.2_1_0,1,3,0.0,0.09822243476238202,0.30026945042999514,0.19750993412750478,,True
llmsr,II.34.2_1_0,1,2,0.0,0.09822243476238202,0.30026945042999514,0.19750993412750478,,True
llmsr,II.34.2_1_0,1,20,0.0,3.1641675775980084e-15,5.708995262071551e-16,1.0,,True
llmsr,feynman-i.43.31,1,60,0.0,0.9999804337699438,0.9999981866069859,0.14285747446914898,,True
llmsr,feynman-i.43.31,1,10,0.0,1459873962.7465096,1459873962.7465093,0.0,,True
llmsr,feynman-i.43.31,1,30,0.0,0.9999804337699438,0.9999981866069859,0.14285747446914898,,True
llmsr,feynman-i.43.31,1,5,0.0,1459873962.7465096,1459873962.7465093,0.0,,True
llmsr,feynman-i.43.31,1,1,0.0,3.2083221930090744e+23,3.2083221930090744e+23,0.0,,True
llmsr,feynman-i.43.31,1,45,0.0,0.9999804337699438,0.9999981866069859,0.14285747446914898,,True
llmsr,feynman-i.43.31,1,3,0.0,3.2083221930090744e+23,3.2083221930090744e+23,0.0,,True
llmsr,feynman-i.43.31,1,2,0.0,3.2083221930090744e+23,3.2083221930090744e+23,0.0,,True
llmsr,feynman-i.43.31,1,20,0.0,1459873962.7465096,1459873962.7465093,0.0,,True
llmsr,feynman-i.39.22,1,60,0.0,0.9999971167159428,0.9999999734533224,0.14285718799018704,,True
llmsr,feynman-i.39.22,1,10,0.0,0.9999971167159428,0.9999999734533224,0.14285718799018704,,True
llmsr,feynman-i.39.22,1,30,0.0,0.9999971167159428,0.9999999734533224,0.14285718799018704,,True
llmsr,feynman-i.39.22,1,5,0.0,0.9999971167159428,0.9999999734533224,0.14285718799018704,,True
llmsr,feynman-i.39.22,1,1,0.0,4.3499396102001724e+27,2.196029889944682e+28,0.0,,True
llmsr,feynman-i.39.22,1,45,0.0,0.9999971167159428,0.9999999734533224,0.14285718799018704,,True
llmsr,feynman-i.39.22,1,3,0.0,4.3499396102001724e+27,2.196029889944682e+28,0.0,,True
llmsr,feynman-i.39.22,1,2,0.0,4.3499396102001724e+27,2.196029889944682e+28,0.0,,True
llmsr,feynman-i.39.22,1,20,0.0,0.9999971167159428,0.9999999734533224,0.14285718799018704,,True
llmsr,strogatz_barmag2,1,60,0.0,5.613958768775482e-12,4.1966897910418016e-10,0.8795651397466564,,True
llmsr,strogatz_barmag2,1,10,0.0,5.4080672412430886e-11,4.3417646077665553e-11,0.8796175586819492,,True
llmsr,strogatz_barmag2,1,30,0.0,5.4080597396713177e-11,4.341750774227178e-11,0.8796176296157284,,True
llmsr,strogatz_barmag2,1,5,0.0,5.4080672412430886e-11,4.3417646077665553e-11,0.8796175586819492,,True
llmsr,strogatz_barmag2,1,1,0.0,0.0454289686387155,0.37536824608375363,0.20600748541521796,,True
llmsr,strogatz_barmag2,1,45,0.0,5.4080597396713177e-11,4.341750774227178e-11,0.8796176296157284,,True
llmsr,strogatz_barmag2,1,3,0.0,0.026904298024111505,0.02455928948007563,0.25642723345497553,,True
llmsr,strogatz_barmag2,1,2,0.0,0.0454289686387155,0.37536824608375363,0.20600748541521796,,True
llmsr,strogatz_barmag2,1,20,0.0,5.4080678292079807e-11,4.3417636483073215e-11,0.8796175604232184,,True
llmsr,feynman-i.32.5,1,60,0.0,0.9997015073049459,1.000117654418048,0.1428599485508097,,True
llmsr,feynman-i.32.5,1,10,0.0,24.00881282541241,11.217512477612946,0.05606188403147916,,True
llmsr,feynman-i.32.5,1,30,0.0,0.9999999999830793,0.9999999999994605,0.1428571428574137,,True
llmsr,feynman-i.32.5,1,5,0.0,24.00881282541241,11.217512477612946,0.05606188403147916,,True
llmsr,feynman-i.32.5,1,1,0.0,4559.260160604892,663.2485702939725,0.0,,True
llmsr,feynman-i.32.5,1,45,0.0,0.9999999999830793,0.9999999999994605,0.1428571428574137,,True
llmsr,feynman-i.32.5,1,3,0.0,24.00881282541241,11.217512477612946,0.05606188403147916,,True
llmsr,feynman-i.32.5,1,2,0.0,4559.260160604892,663.2485702939725,0.0,,True
llmsr,feynman-i.32.5,1,20,0.0,0.9999999999830793,0.9999999999994605,0.1428571428574137,,True
llmsr,Vladislavleva-4,1,60,0.0,0.05791866209700566,0.07632864230012981,0.22694621219100836,,True
llmsr,Vladislavleva-4,1,10,0.0,0.05791866209700566,0.07632864230012981,0.22694621219100836,,True
llmsr,Vladislavleva-4,1,30,0.0,0.05791866209700566,0.07632864230012981,0.22694621219100836,,True
llmsr,Vladislavleva-4,1,5,0.0,0.07137980123571692,0.07440445344805342,0.22410091910262964,,True
llmsr,Vladislavleva-4,1,1,0.0,0.1126028541855846,0.12076676978229743,0.2095179696782547,,True
llmsr,Vladislavleva-4,1,45,0.0,0.05791866209700566,0.07632864230012981,0.22694621219100836,,True
llmsr,Vladislavleva-4,1,3,0.0,0.07137980123571692,0.07440445344805342,0.22410091910262964,,True
llmsr,Vladislavleva-4,1,2,0.0,0.07137980123571692,0.07440445344805342,0.22410091910262964,,True
llmsr,Vladislavleva-4,1,20,0.0,0.05791866209700566,0.07632864230012981,0.22694621219100836,,True
llmsr,CRK0,1,60,0.0,2.2352760694684803e-06,0.0007964819493696211,0.45533903191053615,,True
llmsr,CRK0,1,10,0.0,2.6130837823831965e-05,0.010319569522758466,0.3774708958640158,,True
llmsr,CRK0,1,30,0.0,2.2352760694684803e-06,0.0007964819493696211,0.45533903191053615,,True
llmsr,CRK0,1,5,0.0,0.000802873780069204,1.1550892257126866,0.25116918542676164,,True
llmsr,CRK0,1,1,0.0,0.0015879518511293005,1.5024055898421853,0.23651340997688752,,True
llmsr,CRK0,1,45,0.0,2.2352760694684803e-06,0.0007964819493696211,0.45533903191053615,,True
llmsr,CRK0,1,3,0.0,0.0014579017599297725,0.40323105685726723,0.2582399202031112,,True
llmsr,CRK0,1,2,0.0,0.0015879518511293005,1.5024055898421853,0.23651340997688752,,True
llmsr,CRK0,1,20,0.0,2.6130837823831965e-05,0.010319569522758466,0.3774708958640158,,True
llmsr,feynman-bonus.20,1,60,0.0,1.0,1.0,0.1428571428571429,,True
llmsr,feynman-bonus.20,1,10,0.0,1.1345404993388233e+70,8.899266908854648e+73,0.0,,True
llmsr,feynman-bonus.20,1,30,0.0,127364.01696810072,271056270001.78928,0.0,,True
llmsr,feynman-bonus.20,1,5,0.0,1.4994169521297778e+80,4.796349016666934e+81,0.0,,True
llmsr,feynman-bonus.20,1,1,0.0,1.4994169521297778e+80,4.796349016666934e+81,0.0,,True
llmsr,feynman-bonus.20,1,45,0.0,1.0,1.0,0.1428571428571429,,True
llmsr,feynman-bonus.20,1,3,0.0,1.4994169521297778e+80,4.796349016666934e+81,0.0,,True
llmsr,feynman-bonus.20,1,2,0.0,1.4994169521297778e+80,4.796349016666934e+81,0.0,,True
llmsr,feynman-bonus.20,1,20,0.0,85954609302696.81,5.962088014251899e+21,0.0,,True
llmsr,Korns-2,1,60,0.0,1.1563687122333175,1.1110963558093145,0.13896971229711497,,True
llmsr,Korns-2,1,10,0.0,1.1563687122333175,1.1110963558093145,0.13896971229711497,,True
llmsr,Korns-2,1,30,0.0,1.1563687122333175,1.1110963558093145,0.13896971229711497,,True
llmsr,Korns-2,1,5,0.0,1.1563687122333175,1.1110963558093145,0.13896971229711497,,True
llmsr,Korns-2,1,1,0.0,1.1563687122333175,1.1110963558093145,0.13896971229711497,,True
llmsr,Korns-2,1,45,0.0,1.1563687122333175,1.1110963558093145,0.13896971229711497,,True
llmsr,Korns-2,1,3,0.0,1.1563687122333175,1.1110963558093145,0.13896971229711497,,True
llmsr,Korns-2,1,2,0.0,1.1563687122333175,1.1110963558093145,0.13896971229711497,,True
llmsr,Korns-2,1,20,0.0,1.1563687122333175,1.1110963558093145,0.13896971229711497,,True
llmsr,strogatz_shearflow1,1,60,0.0,0.2196099184553288,25.658113533220817,0.11604011881525383,,True
llmsr,strogatz_shearflow1,1,10,0.0,0.679355041020352,1.8498612450009773,0.13931300156182014,,True
llmsr,strogatz_shearflow1,1,30,0.0,0.2196099184553288,25.658113533220817,0.11604011881525383,,True
llmsr,strogatz_shearflow1,1,5,0.0,0.679355041020352,1.8498612450009773,0.13931300156182014,,True
llmsr,strogatz_shearflow1,1,1,0.0,1.0481002662915957,1.280011034348827,0.13829940911322708,,True
llmsr,strogatz_shearflow1,1,45,0.0,0.2196099184553288,25.658113533220817,0.11604011881525383,,True
llmsr,strogatz_shearflow1,1,3,0.0,1.0481002662915957,1.280011034348827,0.13829940911322708,,True
llmsr,strogatz_shearflow1,1,2,0.0,1.0481002662915957,1.280011034348827,0.13829940911322708,,True
llmsr,strogatz_shearflow1,1,20,0.0,0.6506480888427449,2.3326704721449887,0.1363857303430917,,True
llmsr,CRK33,1,60,0.0,4.852785515812031e-07,0.004935344573339525,0.4507389794237563,,True
llmsr,CRK33,1,10,0.0,1.5006384306698637e-06,1.3184356711332033,0.3465594639652656,,True
llmsr,CRK33,1,30,0.0,1.5006384306698637e-06,1.3184356711332033,0.3465594639652656,,True
llmsr,CRK33,1,5,0.0,0.002116569442992243,3.8358303446201156,0.21751814598678854,,True
llmsr,CRK33,1,1,0.0,0.015750640694265083,45.494204010617,0.14802663231318025,,True
llmsr,CRK33,1,45,0.0,4.852785515812031e-07,0.004935344573339525,0.4507389794237563,,True
llmsr,CRK33,1,3,0.0,0.005733116400957725,43.74281389654198,0.16431080441280455,,True
llmsr,CRK33,1,2,0.0,0.015750640694265083,45.494204010617,0.14802663231318025,,True
llmsr,CRK33,1,20,0.0,1.5006384306698637e-06,1.3184356711332033,0.3465594639652656,,True
drsr,BPG5,3,60,0.0,1.6779257317290695e-13,3.5671095893944882e-09,0.8731315552850725,,True
drsr,BPG5,3,10,0.0,2.3768805340046353e-10,9.746100839303448e-08,0.7369700623406454,,True
drsr,BPG5,3,30,0.0,2.5289218392583998e-11,1.1731905152125801e-07,0.7688462874948399,,True
drsr,BPG5,3,5,0.0,0.09278835116991595,1.0724346860452205,0.1786477032318236,,True
drsr,BPG5,3,1,0.0,0.09278835116991595,1.0724346860452205,0.1786477032318236,,True
drsr,BPG5,3,45,0.0,1.6779257317290695e-13,3.5671095893944882e-09,0.8731315552850725,,True
drsr,BPG5,3,3,0.0,0.09278835116991595,1.0724346860452205,0.1786477032318236,,True
drsr,BPG5,3,2,0.0,0.09278835116991595,1.0724346860452205,0.1786477032318236,,True
drsr,BPG5,3,20,0.0,2.5289218392583998e-11,1.1731905152125801e-07,0.7688462874948399,,True
drsr,feynman-ii.34.2a,3,60,0.0,1.0068511867591003,1.0005140030924944,0.14274326936948295,,True
drsr,feynman-ii.34.2a,3,10,0.0,1.0068511867591003,1.0005140030924944,0.14274326936948295,,True
drsr,feynman-ii.34.2a,3,30,0.0,1.0068511867591003,1.0005140030924944,0.14274326936948295,,True
drsr,feynman-ii.34.2a,3,5,0.0,1.0068511867591003,1.0005140030924944,0.14274326936948295,,True
drsr,feynman-ii.34.2a,3,1,0.0,1.0068446015966057,1.0005135343935785,0.1427433780801068,,True
drsr,feynman-ii.34.2a,3,45,0.0,1.0068511867591003,1.0005140030924944,0.14274326936948295,,True
drsr,feynman-ii.34.2a,3,3,0.0,1.0068446015966057,1.0005135343935785,0.1427433780801068,,True
drsr,feynman-ii.34.2a,3,2,0.0,1.0068446015966057,1.0005135343935785,0.1427433780801068,,True
drsr,feynman-ii.34.2a,3,20,0.0,1.0068511867591003,1.0005140030924944,0.14274326936948295,,True
drsr,strogatz_vdp1,3,60,0.0,0.002459942220181532,0.0027640892080681113,0.32741153708153775,,True
drsr,strogatz_vdp1,3,10,0.0,0.5765886765191895,0.5818102748748578,0.159798303720242,,True
drsr,strogatz_vdp1,3,30,0.0,0.002459942220181532,0.0027640892080681113,0.32741153708153775,,True
drsr,strogatz_vdp1,3,5,0.0,0.5407021368699889,0.5185065070569554,0.1625817036817605,,True
drsr,strogatz_vdp1,3,1,0.0,0.5407021368699889,0.5185065070569554,0.1625817036817605,,True
drsr,strogatz_vdp1,3,45,0.0,0.002459942220181532,0.0027640892080681113,0.32741153708153775,,True
drsr,strogatz_vdp1,3,3,0.0,0.5407021368699889,0.5185065070569554,0.1625817036817605,,True
drsr,strogatz_vdp1,3,2,0.0,0.5407021368699889,0.5185065070569554,0.1625817036817605,,True
drsr,strogatz_vdp1,3,20,0.0,0.002459942220181532,0.0027640892080681113,0.32741153708153775,,True
drsr,II.11.27_1_0,3,60,0.0,0.9930881701192132,1.0016916850322413,0.14293850438375616,,True
drsr,II.11.27_1_0,3,10,0.0,0.9942377569617158,1.001128227024457,0.1429292872012874,,True
drsr,II.11.27_1_0,3,30,0.0,0.9932368411504424,1.0015250769681499,0.14293876257117838,,True
drsr,II.11.27_1_0,3,5,0.0,0.9946385637289116,1.0011648805233755,0.14292246784751705,,True
drsr,II.11.27_1_0,3,1,0.0,0.995758662235487,1.0010984753470118,0.14290603953443864,,True
drsr,II.11.27_1_0,3,45,0.0,0.9933482721141608,1.0017523261293195,0.14293350356271667,,True
drsr,II.11.27_1_0,3,3,0.0,0.9946385637289116,1.0011648805233755,0.14292246784751705,,True
drsr,II.11.27_1_0,3,2,0.0,0.995758662235487,1.0010984753470118,0.14290603953443864,,True
drsr,II.11.27_1_0,3,20,0.0,0.9931134728811083,1.0017053024558058,0.1429378983432314,,True
drsr,Nguyen-6,3,60,0.0,3.245825567642499e-09,0.0015813639235998755,0.5460586784387345,,True
drsr,Nguyen-6,3,10,0.0,1.6145392034710358e-07,,0.0,,False
drsr,Nguyen-6,3,30,0.0,3.993756787812836e-09,0.0036435868217828916,0.5298960451331707,,True
drsr,Nguyen-6,3,5,0.0,9.765030984457933e-06,0.007466302533167482,0.3977578853885627,,True
drsr,Nguyen-6,3,1,0.0,1.6867628096084935e-05,0.04799110302736923,0.3604209018275795,,True
drsr,Nguyen-6,3,45,0.0,3.245825567642499e-09,0.0015813639235998755,0.5460586784387345,,True
drsr,Nguyen-6,3,3,0.0,9.765030984457933e-06,0.007466302533167482,0.3977578853885627,,True
drsr,Nguyen-6,3,2,0.0,9.765030984457933e-06,0.007466302533167482,0.3977578853885627,,True
drsr,Nguyen-6,3,20,0.0,1.6145392034710358e-07,,0.0,,False
drsr,feynman_I_12_11,3,60,0.0,0.10381054284879115,0.3147062973009351,0.19592332516629046,,True
drsr,feynman_I_12_11,3,10,0.0,0.29054269196307564,0.7662237867630457,0.16615837192014749,,True
drsr,feynman_I_12_11,3,30,0.0,0.10143552215803799,0.3078036740777767,0.19662629040682367,,True
drsr,feynman_I_12_11,3,5,0.0,0.29054269196307564,0.7662237867630457,0.16615837192014749,,True
drsr,feynman_I_12_11,3,1,0.0,0.29054269196307564,0.7662237867630457,0.16615837192014749,,True
drsr,feynman_I_12_11,3,45,0.0,0.10381054284879115,0.3147062973009351,0.19592332516629046,,True
drsr,feynman_I_12_11,3,3,0.0,0.29054269196307564,0.7662237867630457,0.16615837192014749,,True
drsr,feynman_I_12_11,3,2,0.0,0.29054269196307564,0.7662237867630457,0.16615837192014749,,True
drsr,feynman_I_12_11,3,20,0.0,0.29054269196307564,0.7662237867630457,0.16615837192014749,,True
drsr,Keijzer-11,3,60,0.0,3.0756188779137466,4.879852254530286,0.1008450288880055,,True
drsr,Keijzer-11,3,10,0.0,4.8670796715393045,6.423214076890522,0.08946354099402004,,True
drsr,Keijzer-11,3,30,0.0,3.0756188779137466,4.879852254530286,0.1008450288880055,,True
drsr,Keijzer-11,3,5,0.0,4.8670796715393045,6.423214076890522,0.08946354099402004,,True
drsr,Keijzer-11,3,1,0.0,0.06595942540038936,0.03141649904049969,0.23869876247820637,,True
drsr,Keijzer-11,3,45,0.0,3.0756188779137466,4.879852254530286,0.1008450288880055,,True
drsr,Keijzer-11,3,3,0.0,4.8670796715393045,6.423214076890522,0.08946354099402004,,True
drsr,Keijzer-11,3,2,0.0,0.06595930655953622,0.03141373125597353,0.23870015695624336,,True
drsr,Keijzer-11,3,20,0.0,4.867699357997883,6.423901192473503,0.08945990715906732,,True
drsr,BPG3,3,60,0.0,5.7559419331701494e-09,1.118535652361266e-06,0.6496869201616762,,True
drsr,BPG3,3,10,0.0,1.0033767565722583e-07,1588.4177833109395,0.3213762844182937,,True
drsr,BPG3,3,30,0.0,1.0069953526433751e-08,2.2304582163384393e-06,0.6303063729222134,,True
drsr,BPG3,3,5,0.0,5.268188118716545e-07,1363.345961844364,0.2956549544807176,,True
drsr,BPG3,3,1,0.0,0.009083388700775921,33265231.168402795,0.14434828931692173,,True
drsr,BPG3,3,45,0.0,1.0069953526433751e-08,2.2304582163384393e-06,0.6303063729222134,,True
drsr,BPG3,3,3,0.0,18442257.576597817,3.2599613399524705e+18,0.0,,True
drsr,BPG3,3,2,0.0,18442257.576597817,3.2599613399524705e+18,0.0,,True
drsr,BPG3,3,20,0.0,1.0070739577023215e-08,2.2307327305116647e-06,0.6303032533907522,,True
drsr,feynman-ii.27.18,3,60,0.0,0.0006610403471359485,0.0002469163214657222,0.38525793692570665,,True
drsr,feynman-ii.27.18,3,10,0.0,0.02634410072661089,0.03971122070862888,0.24930012087299563,,True
drsr,feynman-ii.27.18,3,30,0.0,0.003189047746448403,0.0031890472994697263,0.3211670720630986,,True
drsr,feynman-ii.27.18,3,5,0.0,0.10180623588589391,0.17063492585935733,0.20571991755246738,,True
drsr,feynman-ii.27.18,3,1,0.0,0.10213128727745464,0.17542469594099983,0.2052410879177594,,True
drsr,feynman-ii.27.18,3,45,0.0,0.0031686897812445167,0.00318174538682659,0.32130195905735215,,True
drsr,feynman-ii.27.18,3,3,0.0,0.10180623588589391,0.17063492585935733,0.20571991755246738,,True
drsr,feynman-ii.27.18,3,2,0.0,0.10180623588589391,0.17063492585935733,0.20571991755246738,,True
drsr,feynman-ii.27.18,3,20,0.0,0.003189047746448403,0.0031890472994697263,0.3211670720630986,,True
drsr,CRK34,3,60,0.0,8.737018624558323e-08,0.0009391377486954215,0.5030681228971241,,True
drsr,CRK34,3,10,0.0,3.678584187515482e-06,0.043240129261927725,0.38565829702673665,,True
drsr,CRK34,3,30,0.0,3.678584187515482e-06,0.043240129261927725,0.38565829702673665,,True
drsr,CRK34,3,5,0.0,3.678584187515482e-06,0.043240129261927725,0.38565829702673665,,True
drsr,CRK34,3,1,0.0,0.015065315287069846,99.96154958915426,0.13650674268217233,,True
drsr,CRK34,3,45,0.0,8.737018624558323e-08,0.0009391377486954215,0.5030681228971241,,True
drsr,CRK34,3,3,0.0,3.678584187515482e-06,0.043240129261927725,0.38565829702673665,,True
drsr,CRK34,3,2,0.0,0.0019985609131763942,9.729730190977152,0.20397077904504174,,True
drsr,CRK34,3,20,0.0,3.678584187515482e-06,0.043240129261927725,0.38565829702673665,,True
drsr,I.11.19_4_0,3,60,0.0,0.06253062774468411,0.27479567307812186,0.205889190048559,,True
drsr,I.11.19_4_0,3,10,0.0,0.06253060076263674,0.27479850128588396,0.20588903710734346,,True
drsr,I.11.19_4_0,3,30,0.0,0.06253062774468411,0.27479567307812186,0.205889190048559,,True
drsr,I.11.19_4_0,3,5,0.0,0.06252978733976339,0.2747971520859015,0.20588931502902252,,True
drsr,I.11.19_4_0,3,1,0.0,0.06251979230228735,0.27477845988501726,0.2058928495861999,,True
drsr,I.11.19_4_0,3,45,0.0,0.06253062774468411,0.27479567307812186,0.205889190048559,,True
drsr,I.11.19_4_0,3,3,0.0,0.06252978733976339,0.2747971520859015,0.20588931502902252,,True
drsr,I.11.19_4_0,3,2,0.0,0.06251979230228735,0.27477845988501726,0.2058928495861999,,True
drsr,I.11.19_4_0,3,20,0.0,0.06253062774468411,0.27479567307812186,0.205889190048559,,True
drsr,PO41,3,60,0.0,0.0014598164367182046,333.97890095302574,0.17270363395516314,,True
drsr,PO41,3,10,0.0,0.0025264376834937116,3069.8565567865044,0.1641961217677581,,True
drsr,PO41,3,30,0.0,0.0025264376834937116,3069.8565567865044,0.1641961217677581,,True
drsr,PO41,3,5,0.0,0.002526439835563123,3069.6394381230507,0.16419610855559946,,True
drsr,PO41,3,1,0.0,0.055318142392129815,20040.79513891828,0.11632615757571724,,True
drsr,PO41,3,45,0.0,0.002526439105990975,3069.854696970341,0.16419611303464654,,True
drsr,PO41,3,3,0.0,0.020284445643475094,346.3894873890067,0.1318870305962026,,True
drsr,PO41,3,2,0.0,0.020284445643475094,346.3894873890067,0.1318870305962026,,True
drsr,PO41,3,20,0.0,0.0025264376834937116,3069.8565567865044,0.1641961217677581,,True
drsr,III.21.20_3_0,3,60,0.0,0.057827585777866786,0.15769418971415278,0.21571604452110893,,True
drsr,III.21.20_3_0,3,10,0.0,0.22508884053121558,0.44864688972824057,0.17841933480787342,,True
drsr,III.21.20_3_0,3,30,0.0,0.22508884053121558,0.44864688972824057,0.17841933480787342,,True
drsr,III.21.20_3_0,3,5,0.0,0.22508884053121558,0.44864688972824057,0.17841933480787342,,True
drsr,III.21.20_3_0,3,1,0.0,0.22508884053121558,0.44864688972824057,0.17841933480787342,,True
drsr,III.21.20_3_0,3,45,0.0,0.22508884053121558,0.44864688972824057,0.17841933480787342,,True
drsr,III.21.20_3_0,3,3,0.0,0.22508884053121558,0.44864688972824057,0.17841933480787342,,True
drsr,III.21.20_3_0,3,2,0.0,0.22508884053121558,0.44864688972824057,0.17841933480787342,,True
drsr,III.21.20_3_0,3,20,0.0,0.22508884053121558,0.44864688972824057,0.17841933480787342,,True
drsr,feynman-iii.10.19,3,60,0.0,1550120215003094.0,46566161342157.41,0.0,,True
drsr,feynman-iii.10.19,3,10,0.0,1.2411228261144277e+17,1320610305540032.8,0.0,,True
drsr,feynman-iii.10.19,3,30,0.0,8.381871800326317e+16,891798864155994.8,0.0,,True
drsr,feynman-iii.10.19,3,5,0.0,1.2411228261144277e+17,1320610305540032.8,0.0,,True
drsr,feynman-iii.10.19,3,1,0.0,4.0958076909521494e+37,3.7174338147656065e+32,0.0,,True
drsr,feynman-iii.10.19,3,45,0.0,1550120215003094.0,46566161342157.41,0.0,,True
drsr,feynman-iii.10.19,3,3,0.0,1.2411228261144277e+17,1320610305540032.8,0.0,,True
drsr,feynman-iii.10.19,3,2,0.0,4.0958076909521494e+37,3.7174338147656065e+32,0.0,,True
drsr,feynman-iii.10.19,3,20,0.0,8.381871800326317e+16,891798864155994.8,0.0,,True
drsr,II.34.2_1_0,3,60,0.0,0.059302170464706684,0.28326930112476467,0.20624035357338438,,True
drsr,II.34.2_1_0,3,10,0.0,0.09079681402686723,0.3585611152800116,0.19597736429113788,,True
drsr,II.34.2_1_0,3,30,0.0,0.059302170464706684,0.28326930112476467,0.20624035357338438,,True
drsr,II.34.2_1_0,3,5,0.0,0.09079681402686723,0.3585611152800116,0.19597736429113788,,True
drsr,II.34.2_1_0,3,1,0.0,0.09079681402686723,0.3585611152800116,0.19597736429113788,,True
drsr,II.34.2_1_0,3,45,0.0,0.059302170464706684,0.28326930112476467,0.20624035357338438,,True
drsr,II.34.2_1_0,3,3,0.0,0.09079681402686723,0.3585611152800116,0.19597736429113788,,True
drsr,II.34.2_1_0,3,2,0.0,0.09079681402686723,0.3585611152800116,0.19597736429113788,,True
drsr,II.34.2_1_0,3,20,0.0,0.09079681402686723,0.3585611152800116,0.19597736429113788,,True
drsr,feynman-i.43.31,3,60,0.0,0.5597467514676786,0.6689072533508738,0.1580943754612904,,True
drsr,feynman-i.43.31,3,10,0.0,0.8116648461497138,0.9308641037969044,0.147204892143056,,True
drsr,feynman-i.43.31,3,30,0.0,0.5597467514676786,0.6689072533508738,0.1580943754612904,,True
drsr,feynman-i.43.31,3,5,0.0,0.9999999297785335,0.9999999934961492,0.14285714404719224,,True
drsr,feynman-i.43.31,3,1,0.0,0.9999999588672542,0.9999999961903249,0.14285714355422302,,True
drsr,feynman-i.43.31,3,45,0.0,0.5597467514676786,0.6689072533508738,0.1580943754612904,,True
drsr,feynman-i.43.31,3,3,0.0,0.9999999297785335,0.9999999934961492,0.14285714404719224,,True
drsr,feynman-i.43.31,3,2,0.0,0.9999999297785335,0.9999999934961492,0.14285714404719224,,True
drsr,feynman-i.43.31,3,20,0.0,0.8116648461497138,0.9308641037969044,0.147204892143056,,True
drsr,feynman-i.39.22,3,60,0.0,1.0012963229305671,1.0000089210736467,0.14283691086926525,,True
drsr,feynman-i.39.22,3,10,0.0,1.0012963253753917,1.000008921248709,0.1428369108286786,,True
drsr,feynman-i.39.22,3,30,0.0,1.0012963229305671,1.0000089210736467,0.14283691086926525,,True
drsr,feynman-i.39.22,3,5,0.0,0.9999971146536016,0.9999999733157283,0.14285718802430925,,True
drsr,feynman-i.39.22,3,1,0.0,9577820.304326884,86186769.75239912,0.0,,True
drsr,feynman-i.39.22,3,45,0.0,1.0012963229305671,1.0000089210736467,0.14283691086926525,,True
drsr,feynman-i.39.22,3,3,0.0,1.026392719052296,1.0000058771950746,0.14245299589149785,,True
drsr,feynman-i.39.22,3,2,0.0,1.0000000000000007,1.0000000000000009,0.1428571428571429,,True
drsr,feynman-i.39.22,3,20,0.0,1.0012963253753917,1.000008921248709,0.1428369108286786,,True
drsr,strogatz_barmag2,3,60,0.0,1.1086128951089565e-23,9.759028774358823e-24,1.0,,True
drsr,strogatz_barmag2,3,10,0.0,0.39517588260954495,39.94363390504779,0.10006292840800857,,True
drsr,strogatz_barmag2,3,30,0.0,1.1086128951089565e-23,9.759028774358823e-24,1.0,,True
drsr,strogatz_barmag2,3,5,0.0,0.39517588260954495,39.94363390504779,0.10006292840800857,,True
drsr,strogatz_barmag2,3,1,0.0,0.9581165348336875,16.051712264893002,0.10046643923885595,,True
drsr,strogatz_barmag2,3,45,0.0,1.1086128951089565e-23,9.759028774358823e-24,1.0,,True
drsr,strogatz_barmag2,3,3,0.0,0.9581165348336875,16.051712264893002,0.10046643923885595,,True
drsr,strogatz_barmag2,3,2,0.0,0.9581165348336875,16.051712264893002,0.10046643923885595,,True
drsr,strogatz_barmag2,3,20,0.0,1.898635179320718e-21,1.6382636020018384e-21,1.0,,True
drsr,feynman-i.32.5,3,60,0.0,0.09918329308234707,0.18927495598519659,0.20451672580365854,,True
drsr,feynman-i.32.5,3,10,0.0,0.8056533838274054,0.9018220358915457,0.14781181862357162,,True
drsr,feynman-i.32.5,3,30,0.0,0.8056533838274054,0.9018220358915457,0.14781181862357162,,True
drsr,feynman-i.32.5,3,5,0.0,0.8056533838274054,0.9018220358915457,0.14781181862357162,,True
drsr,feynman-i.32.5,3,1,0.0,0.8271064745659187,0.932054743714267,0.1468927556560618,,True
drsr,feynman-i.32.5,3,45,0.0,0.13101360324876576,0.16701167813011708,0.20214059889369257,,True
drsr,feynman-i.32.5,3,3,0.0,0.8271064745659187,0.932054743714267,0.1468927556560618,,True
drsr,feynman-i.32.5,3,2,0.0,0.8271064745659187,0.932054743714267,0.1468927556560618,,True
drsr,feynman-i.32.5,3,20,0.0,0.8056533838274054,0.9018220358915457,0.14781181862357162,,True
drsr,Vladislavleva-4,3,60,0.0,0.045352127819406625,0.05443550274681129,0.2359828604909492,,True
drsr,Vladislavleva-4,3,10,0.0,0.04535222140469131,0.05443572338489868,0.23598276561749854,,True
drsr,Vladislavleva-4,3,30,0.0,0.045352127819406625,0.05443550274681129,0.2359828604909492,,True
drsr,Vladislavleva-4,3,5,0.0,0.0453520622548505,0.0544361571123697,0.23598269646439773,,True
drsr,Vladislavleva-4,3,1,0.0,0.13818131236850367,0.14359937594480818,0.20365707622846846,,True
drsr,Vladislavleva-4,3,45,0.0,0.045352127819406625,0.05443550274681129,0.2359828604909492,,True
drsr,Vladislavleva-4,3,3,0.0,0.0453520622548505,0.0544361571123697,0.23598269646439773,,True
drsr,Vladislavleva-4,3,2,0.0,0.0453520622548505,0.0544361571123697,0.23598269646439773,,True
drsr,Vladislavleva-4,3,20,0.0,0.04535222140469131,0.05443572338489868,0.23598276561749854,,True
drsr,CRK0,3,60,0.0,3.1042789636773295e-08,0.00012984227190464108,0.5498079697213698,,True
drsr,CRK0,3,10,0.0,2.156160714877743e-06,0.000985933659536793,0.4525882563381568,,True
drsr,CRK0,3,30,0.0,3.1042789636773295e-08,0.00012984227190464108,0.5498079697213698,,True
drsr,CRK0,3,5,0.0,2.156160714877743e-06,0.000985933659536793,0.4525882563381568,,True
drsr,CRK0,3,1,0.0,0.0024679275346880993,0.8549401550422102,0.23841899574823372,,True
drsr,CRK0,3,45,0.0,3.1042789636773295e-08,0.00012984227190464108,0.5498079697213698,,True
drsr,CRK0,3,3,0.0,0.0011139063195228544,0.35232690743331435,0.2645073400131194,,True
drsr,CRK0,3,2,0.0,0.0024679275346880993,0.8549401550422102,0.23841899574823372,,True
drsr,CRK0,3,20,0.0,1.6816146204830479e-06,0.007843302278662099,0.42427766330313393,,True
drsr,feynman-bonus.20,3,60,0.0,0.9878613700421705,0.9999999429327834,0.14304657221240524,,True
drsr,feynman-bonus.20,3,10,0.0,1.0000000203956338,0.9999999999988113,0.1428571425408145,,True
drsr,feynman-bonus.20,3,30,0.0,0.9878613700421705,0.9999999429327834,0.14304657221240524,,True
drsr,feynman-bonus.20,3,5,0.0,1.1298851038821522e+24,1.3189248410075032e+24,0.0,,True
drsr,feynman-bonus.20,3,1,0.0,1.1298851038821522e+24,1.3189248410075032e+24,0.0,,True
drsr,feynman-bonus.20,3,45,0.0,0.9878613700421705,0.9999999429327834,0.14304657221240524,,True
drsr,feynman-bonus.20,3,3,0.0,1.1298851038821522e+24,1.3189248410075032e+24,0.0,,True
drsr,feynman-bonus.20,3,2,0.0,1.1298851038821522e+24,1.3189248410075032e+24,0.0,,True
drsr,feynman-bonus.20,3,20,0.0,0.9878613700421705,0.9999999429327834,0.14304657221240524,,True
drsr,Korns-2,3,60,0.0,1.182452078405187,1.1301648860617435,0.13835980861666503,,True
drsr,Korns-2,3,10,0.0,1.116212598023542,1.0968811940068326,0.13971762462814996,,True
drsr,Korns-2,3,30,0.0,1.182452078405187,1.1301648860617435,0.13835980861666503,,True
drsr,Korns-2,3,5,0.0,1.1162808093317924,1.0969929501171043,0.13971509660179104,,True
drsr,Korns-2,3,1,0.0,1.073653458450154,1.0450977055624489,0.1410706777976195,,True
drsr,Korns-2,3,45,0.0,1.182452078405187,1.1301648860617435,0.13835980861666503,,True
drsr,Korns-2,3,3,0.0,1.1162808093317924,1.0969929501171043,0.13971509660179104,,True
drsr,Korns-2,3,2,0.0,1.116356422354932,1.0970826429852367,0.13971277788170938,,True
drsr,Korns-2,3,20,0.0,1.0870039366074413,1.0826171915215597,0.14033192728123,,True
drsr,strogatz_shearflow1,3,60,0.0,0.3389021853598155,1.9647039605174452,0.14916530393056682,,True
drsr,strogatz_shearflow1,3,10,0.0,0.6691273919412908,2.137351409007286,0.13730768783215708,,True
drsr,strogatz_shearflow1,3,30,0.0,0.44337103014637624,11.82901250748413,0.11715300700319303,,True
drsr,strogatz_shearflow1,3,5,0.0,1.0531782965131042,1.3337471277690613,0.13758659293094722,,True
drsr,strogatz_shearflow1,3,1,0.0,0.9777203228070678,1.3205740894056683,0.13889366377351403,,True
drsr,strogatz_shearflow1,3,45,0.0,0.474282943054254,1.1202347397689445,0.15266619490602107,,True
drsr,strogatz_shearflow1,3,3,0.0,1.0531782965131042,1.3337471277690613,0.13758659293094722,,True
drsr,strogatz_shearflow1,3,2,0.0,1.0480935237390643,1.2800135899191232,0.13829947792747388,,True
drsr,strogatz_shearflow1,3,20,0.0,0.44337103014637624,11.82901250748413,0.11715300700319303,,True
drsr,CRK33,3,60,0.0,1.086793297115872e-07,0.0012919427934340638,0.4947360630372973,,True
drsr,CRK33,3,10,0.0,1.2014557342539393e-05,0.4076738973911139,0.33249926143556097,,True
drsr,CRK33,3,30,0.0,1.3487852262938668e-07,0.0006266985952399063,0.5026070885160678,,True
drsr,CRK33,3,5,0.0,1.2014557342539393e-05,0.4076738973911139,0.33249926143556097,,True
drsr,CRK33,3,1,0.0,0.02491113407804643,289.7339850177803,0.12870023217072785,,True
drsr,CRK33,3,45,0.0,1.3487852262938668e-07,0.0006266985952399063,0.5026070885160678,,True
drsr,CRK33,3,3,0.0,2.8515254553520824e-05,0.22413361424495445,0.3283719911710205,,True
drsr,CRK33,3,2,0.0,2.8515254553520824e-05,0.22413361424495445,0.3283719911710205,,True
drsr,CRK33,3,20,0.0,1.3487852262938668e-07,0.0006266985952399063,0.5026070885160678,,True
drsr,II.6.15b_3_0,2,60,0.0,0.19591459513839635,0.6592375549846361,0.17460325960673795,,True
drsr,II.6.15b_3_0,2,10,0.0,0.20152051091538598,0.03968046875602646,0.21775371251753928,,True
drsr,II.6.15b_3_0,2,30,0.0,0.19591459513839635,0.6592375549846361,0.17460325960673795,,True
drsr,II.6.15b_3_0,2,5,0.0,0.2186301707786749,0.3047319700823715,0.18487042452157448,,True
drsr,II.6.15b_3_0,2,1,0.0,0.2186301707786749,0.3047319700823715,0.18487042452157448,,True
drsr,II.6.15b_3_0,2,45,0.0,0.19591459513839635,0.6592375549846361,0.17460325960673795,,True
drsr,II.6.15b_3_0,2,3,0.0,0.2186301707786749,0.3047319700823715,0.18487042452157448,,True
drsr,II.6.15b_3_0,2,2,0.0,0.2186301707786749,0.3047319700823715,0.18487042452157448,,True
drsr,II.6.15b_3_0,2,20,0.0,0.20152051091538598,0.03968046875602646,0.21775371251753928,,True
drsr,feynman-i.18.16,2,60,0.0,1.0506525131351858,1.4272995630872722,0.13657234869546236,,True
drsr,feynman-i.18.16,2,10,0.0,3.759314835912018e+16,9.282385461082346e+21,0.0,,True
drsr,feynman-i.18.16,2,30,0.0,1.025581376703402,1.0839195476659162,0.14121545805278174,,True
drsr,feynman-i.18.16,2,5,0.0,3.759314835912018e+16,9.282385461082346e+21,0.0,,True
drsr,feynman-i.18.16,2,1,0.0,3.759314835912018e+16,9.282385461082346e+21,0.0,,True
drsr,feynman-i.18.16,2,45,0.0,1.025581376703402,1.0839195476659162,0.14121545805278174,,True
drsr,feynman-i.18.16,2,3,0.0,3.759314835912018e+16,9.282385461082346e+21,0.0,,True
drsr,feynman-i.18.16,2,2,0.0,3.759314835912018e+16,9.282385461082346e+21,0.0,,True
drsr,feynman-i.18.16,2,20,0.0,1.0031095786746942,0.9988370704320757,0.1428270346532785,,True
drsr,Nguyen-9,2,60,0.0,0.00019086539425028985,1.1757411367516261e-05,0.45174861045524173,,True
drsr,Nguyen-9,2,10,0.0,0.00019086539425028985,1.1757411367516261e-05,0.45174861045524173,,True
drsr,Nguyen-9,2,30,0.0,0.00019086539425028985,1.1757411367516261e-05,0.45174861045524173,,True
drsr,Nguyen-9,2,5,0.0,0.0006023667779792297,0.00021496526654675828,0.3888489533928678,,True
drsr,Nguyen-9,2,1,0.0,0.021905178223976182,0.0015843643473098176,0.30212850528565177,,True
drsr,Nguyen-9,2,45,0.0,0.00019086539425028985,1.1757411367516261e-05,0.45174861045524173,,True
drsr,Nguyen-9,2,3,0.0,0.021905178223976182,0.0015843643473098176,0.30212850528565177,,True
drsr,Nguyen-9,2,2,0.0,0.021905178223976182,0.0015843643473098176,0.30212850528565177,,True
drsr,Nguyen-9,2,20,0.0,0.00019086539425028985,1.1757411367516261e-05,0.45174861045524173,,True
drsr,CRK10,2,60,0.0,1.336418533331507e-09,2.4603385075336833e-05,0.6243950945102336,,True
drsr,CRK10,2,10,0.0,9.236896545384317e-07,0.02702771638477574,0.41438087741082585,,True
drsr,CRK10,2,30,0.0,2.5400023890818003e-07,0.0001685346996585226,0.5131598765520973,,True
drsr,CRK10,2,5,0.0,9.236896545384317e-07,0.02702771638477574,0.41438087741082585,,True
drsr,CRK10,2,1,0.0,0.0007219586388778006,34.96986718729838,0.1999212035578002,,True
drsr,CRK10,2,45,0.0,8.97209585740966e-09,0.00026635584962151157,0.5579158520008249,,True
drsr,CRK10,2,3,0.0,2.0487748785196123e-06,0.014622551202470867,0.4115529503189794,,True
drsr,CRK10,2,2,0.0,0.00028163689731432466,2.4145051063678205,0.25598151144888714,,True
drsr,CRK10,2,20,0.0,2.5400023890818003e-07,0.0001685346996585226,0.5131598765520973,,True
drsr,first_principles_leavitt,2,60,0.0,0.00028233712331732496,0.05097417263955573,0.31578149389514465,,True
drsr,first_principles_leavitt,2,10,0.0,0.0002833857143580015,0.0001850798115451543,0.40286653564161656,,True
drsr,first_principles_leavitt,2,30,0.0,0.0002790172560864043,0.0001603433669245609,0.40533278349200447,,True
drsr,first_principles_leavitt,2,5,0.0,0.00019303415827556366,0.0019324357229305782,0.3724378848771893,,True
drsr,first_principles_leavitt,2,1,0.0,0.00019303415827556366,0.0019324357229305782,0.3724378848771893,,True
drsr,first_principles_leavitt,2,45,0.0,0.00027042322453451657,3.260685383434446e-07,0.5019516827247653,,True
drsr,first_principles_leavitt,2,3,0.0,0.00019303415827556366,0.0019324357229305782,0.3724378848771893,,True
drsr,first_principles_leavitt,2,2,0.0,0.00019303415827556366,0.0019324357229305782,0.3724378848771893,,True
drsr,first_principles_leavitt,2,20,0.0,0.0002790172560864043,0.0001603433669245609,0.40533278349200447,,True
drsr,feynman-i.13.12,2,60,0.0,0.5482918193862603,1.1898212235829377,0.14948237579933682,,True
drsr,feynman-i.13.12,2,10,0.0,0.5482918193862603,1.1898212235829377,0.14948237579933682,,True
drsr,feynman-i.13.12,2,30,0.0,0.5482918193862603,1.1898212235829377,0.14948237579933682,,True
drsr,feynman-i.13.12,2,5,0.0,0.5482918193862603,1.1898212235829377,0.14948237579933682,,True
drsr,feynman-i.13.12,2,1,0.0,0.5242490424740983,1.1103712431581998,0.15124979101304986,,True
drsr,feynman-i.13.12,2,45,0.0,0.5482918193862603,1.1898212235829377,0.14948237579933682,,True
drsr,feynman-i.13.12,2,3,0.0,0.5436888576517506,1.1774944787478308,0.14977466742582857,,True
drsr,feynman-i.13.12,2,2,0.0,0.5436888576517506,1.1774944787478308,0.14977466742582857,,True
drsr,feynman-i.13.12,2,20,0.0,0.5482918193862603,1.1898212235829377,0.14948237579933682,,True
drsr,CRK11,2,60,0.0,5.350789286609932e-09,1.0825827202582117e-05,0.6156114664417763,,True
drsr,CRK11,2,10,0.0,6.912009250264481e-08,0.000812515158835617,0.5089487220391966,,True
drsr,CRK11,2,30,0.0,6.912009250264481e-08,0.000812515158835617,0.5089487220391966,,True
drsr,CRK11,2,5,0.0,8.933117233456174e-08,7.5796952608538e-05,0.5417623293288709,,True
drsr,CRK11,2,1,0.0,0.003803115849349162,3.7732448707603736,0.20868376623896484,,True
drsr,CRK11,2,45,0.0,1.6075988294345217e-08,0.0002164119831244878,0.5520907504976759,,True
drsr,CRK11,2,3,0.0,8.933117233456174e-08,7.5796952608538e-05,0.5417623293288709,,True
drsr,CRK11,2,2,0.0,0.00025765988776924053,0.2833504770423854,0.29059390137736524,,True
drsr,CRK11,2,20,0.0,6.912009250264481e-08,0.000812515158835617,0.5089487220391966,,True
drsr,strogatz_barmag1,2,60,0.0,2.8987820810138207e-24,4.647338739196034e-24,1.0,,True
drsr,strogatz_barmag1,2,10,0.0,0.04317862740930586,0.28358528678506983,0.21114455259874676,,True
drsr,strogatz_barmag1,2,30,0.0,0.04317862740930586,0.28358528678506983,0.21114455259874676,,True
drsr,strogatz_barmag1,2,5,0.0,0.04317862740930586,0.28358528678506983,0.21114455259874676,,True
drsr,strogatz_barmag1,2,1,0.0,0.04036636418659378,0.9220979234380087,0.19390011863928014,,True
drsr,strogatz_barmag1,2,45,0.0,0.04317862740930586,0.28358528678506983,0.21114455259874676,,True
drsr,strogatz_barmag1,2,3,0.0,0.04036636418659378,0.9220979234380087,0.19390011863928014,,True
drsr,strogatz_barmag1,2,2,0.0,0.04036636418659378,0.9220979234380087,0.19390011863928014,,True
drsr,strogatz_barmag1,2,20,0.0,0.04317862740930586,0.28358528678506983,0.21114455259874676,,True
drsr,MatSci21,2,60,0.0,0.00018398301688611954,0.0005260043918983691,0.39336546048881654,,True
drsr,MatSci21,2,10,0.0,0.04446814545258152,0.07046410508099493,0.23228510863756058,,True
drsr,MatSci21,2,30,0.0,0.04446846247903724,0.07043144575521042,0.2322921886769519,,True
drsr,MatSci21,2,5,0.0,0.04446814545258152,0.07046410508099493,0.23228510863756058,,True
drsr,MatSci21,2,1,0.0,0.04443840037365161,0.07284350473164262,0.2317803839149225,,True
drsr,MatSci21,2,45,0.0,0.0008478485042347898,0.003140592325537904,0.3419525063063186,,True
drsr,MatSci21,2,3,0.0,0.04446814545258152,0.07046410508099493,0.23228510863756058,,True
drsr,MatSci21,2,2,0.0,0.0444736105600776,0.07026105989271857,0.23232796122674626,,True
drsr,MatSci21,2,20,0.0,0.04446814545258152,0.07046410508099493,0.23228510863756058,,True
drsr,Keijzer-2,2,60,0.0,0.04766369423081917,42.40186712049551,0.13194383283843514,,True
drsr,Keijzer-2,2,10,0.0,0.12889598217963388,29.44500510036149,0.12216960664138282,,True
drsr,Keijzer-2,2,30,0.0,0.11846276813397925,1.7762764974632161,0.16703241263668123,,True
drsr,Keijzer-2,2,5,0.0,0.12889598217963388,29.44500510036149,0.12216960664138282,,True
drsr,Keijzer-2,2,1,0.0,0.6972653538776435,4.5661262506814335,0.12489478565815298,,True
drsr,Keijzer-2,2,45,0.0,0.04766369423081917,42.40186712049551,0.13194383283843514,,True
drsr,Keijzer-2,2,3,0.0,0.6872368222956565,2.1735462510378873,0.13663302474840944,,True
drsr,Keijzer-2,2,2,0.0,0.6872368222956565,2.1735462510378873,0.13663302474840944,,True
drsr,Keijzer-2,2,20,0.0,0.12889598217963388,29.44500510036149,0.12216960664138282,,True
drsr,Nguyen-12,2,60,0.0,4.904393948325411e-06,0.000508104678125646,0.45012362352307306,,True
drsr,Nguyen-12,2,10,0.0,0.0020743895635933146,0.04215431306590102,0.2877952737370984,,True
drsr,Nguyen-12,2,30,0.0,4.904393948325411e-06,0.000508104678125646,0.45012362352307306,,True
drsr,Nguyen-12,2,5,0.0,0.0020745713487557746,0.04215474650824201,0.28779375507951677,,True
drsr,Nguyen-12,2,1,0.0,0.0020746808278276894,0.04215610859138486,0.28779243542164995,,True
drsr,Nguyen-12,2,45,0.0,4.904393948325411e-06,0.000508104678125646,0.45012362352307306,,True
drsr,Nguyen-12,2,3,0.0,0.00207433858585173,0.042154154948029876,0.2877957130888577,,True
drsr,Nguyen-12,2,2,0.0,0.0020746808278276894,0.04215610859138486,0.28779243542164995,,True
drsr,Nguyen-12,2,20,0.0,4.904393948325411e-06,0.000508104678125646,0.45012362352307306,,True
drsr,feynman-ii.34.11,2,60,0.0,0.9987414535035394,21.632724957390774,0.09519413197939586,,True
drsr,feynman-ii.34.11,2,10,0.0,1.0,1.0,0.1428571428571429,,True
drsr,feynman-ii.34.11,2,30,0.0,1.0,1.0,0.1428571428571429,,True
drsr,feynman-ii.34.11,2,5,0.0,1.0,1.0,0.1428571428571429,,True
drsr,feynman-ii.34.11,2,1,0.0,911630.2831235414,259791985.06717193,0.0,,True
drsr,feynman-ii.34.11,2,45,0.0,0.9987414535035394,21.632724957390774,0.09519413197939586,,True
drsr,feynman-ii.34.11,2,3,0.0,911630.2831235414,259791985.06717193,0.0,,True
drsr,feynman-ii.34.11,2,2,0.0,911630.2831235414,259791985.06717193,0.0,,True
drsr,feynman-ii.34.11,2,20,0.0,3.1267310190751284e+45,9.024141156635289e+46,0.0,,True
drsr,strogatz_predprey2,2,60,0.0,7.26888644006302e-22,1.8188538257247274e-21,1.0,,True
drsr,strogatz_predprey2,2,10,0.0,0.01748913912920075,0.3581289507134343,0.22154257632393798,,True
drsr,strogatz_predprey2,2,30,0.0,0.023380370141001732,0.4003467240567005,0.2153111549484908,,True
drsr,strogatz_predprey2,2,5,0.0,0.04932142966228969,0.43130937331841573,0.20257769452564678,,True
drsr,strogatz_predprey2,2,1,0.0,0.059950196257083276,0.7237942327748408,0.1915212240185225,,True
drsr,strogatz_predprey2,2,45,0.0,3.836195306184828e-21,3.116082566968831e-20,1.0,,True
drsr,strogatz_predprey2,2,3,0.0,0.07295576745358474,0.42088722720589006,0.19688480797742602,,True
drsr,strogatz_predprey2,2,2,0.0,0.07295576745358474,0.42088722720589006,0.19688480797742602,,True
drsr,strogatz_predprey2,2,20,0.0,0.023380370141001732,0.4003467240567005,0.2153111549484908,,True
drsr,feynman-iii.7.38,2,60,0.0,1.0,1.0,0.1428571428571429,,True
drsr,feynman-iii.7.38,2,10,0.0,1.0,1.0,0.1428571428571429,,True
drsr,feynman-iii.7.38,2,30,0.0,1.0,1.0,0.1428571428571429,,True
drsr,feynman-iii.7.38,2,5,0.0,1.0,1.0,0.1428571428571429,,True
drsr,feynman-iii.7.38,2,1,0.0,1.0,1.0,0.1428571428571429,,True
drsr,feynman-iii.7.38,2,45,0.0,1.0,1.0,0.1428571428571429,,True
drsr,feynman-iii.7.38,2,3,0.0,1.0,1.0,0.1428571428571429,,True
drsr,feynman-iii.7.38,2,2,0.0,1.0,1.0,0.1428571428571429,,True
drsr,feynman-iii.7.38,2,20,0.0,1.0,1.0,0.1428571428571429,,True
drsr,Korns-4,2,60,0.0,0.0016832630781627087,0.001957968298718934,0.33864436952429106,,True
drsr,Korns-4,2,10,0.0,0.0015753724706537395,0.0018346119614439972,0.3406811616889225,,True
drsr,Korns-4,2,30,0.0,0.00158563441184088,0.0018156189768087363,0.3407418651520228,,True
drsr,Korns-4,2,5,0.0,0.001575373283964413,0.0018346136948302898,0.3406811390266681,,True
drsr,Korns-4,2,1,0.0,0.0015588735182132162,0.0017027580845919252,0.3420012917721791,,True
drsr,Korns-4,2,45,0.0,0.001631095199684559,0.0019380068219034157,0.33929162103375854,,True
drsr,Korns-4,2,3,0.0,0.0015983847063782244,0.0018311286092992183,0.34048570844505777,,True
drsr,Korns-4,2,2,0.0,0.0015983847063782244,0.0018311286092992183,0.34048570844505777,,True
drsr,Korns-4,2,20,0.0,0.0015753724706537395,0.0018346119614439972,0.3406811616889225,,True
drsr,feynman_I_27_6,2,60,0.0,0.0027430889427289213,0.03926690287578333,0.2845619093659572,,True
drsr,feynman_I_27_6,2,10,0.0,0.0027430889427289213,0.03926690287578333,0.2845619093659572,,True
drsr,feynman_I_27_6,2,30,0.0,0.0027430889427289213,0.03926690287578333,0.2845619093659572,,True
drsr,feynman_I_27_6,2,5,0.0,0.0027430889427289213,0.03926690287578333,0.2845619093659572,,True
drsr,feynman_I_27_6,2,1,0.0,0.02104941778427438,0.14514645466199055,0.232676909991752,,True
drsr,feynman_I_27_6,2,45,0.0,0.0027430889427289213,0.03926690287578333,0.2845619093659572,,True
drsr,feynman_I_27_6,2,3,0.0,0.0027430889427289213,0.03926690287578333,0.2845619093659572,,True
drsr,feynman_I_27_6,2,2,0.0,0.02104941778427438,0.14514645466199055,0.232676909991752,,True
drsr,feynman_I_27_6,2,20,0.0,0.0027430889427289213,0.03926690287578333,0.2845619093659572,,True
drsr,feynman-ii.4.23,2,60,0.0,0.9972056195969918,0.9972056195969919,0.14294394876874583,,True
drsr,feynman-ii.4.23,2,10,0.0,0.9999999976845696,0.9999999976845695,0.1428571429289699,,True
drsr,feynman-ii.4.23,2,30,0.0,0.999999982772645,0.9999999827774082,0.14285714339147937,,True
drsr,feynman-ii.4.23,2,5,0.0,0.9999999976845696,0.9999999976845695,0.1428571429289699,,True
drsr,feynman-ii.4.23,2,1,0.0,0.9999999990624244,0.9999999990624244,0.14285714288622742,,True
drsr,feynman-ii.4.23,2,45,0.0,0.999999982772645,0.9999999827774082,0.14285714339147937,,True
drsr,feynman-ii.4.23,2,3,0.0,0.9999999976845696,0.9999999976845695,0.1428571429289699,,True
drsr,feynman-ii.4.23,2,2,0.0,0.9999999990624244,0.9999999990624244,0.14285714288622742,,True
drsr,feynman-ii.4.23,2,20,0.0,0.9999999976845696,0.9999999976845695,0.1428571429289699,,True
drsr,PO19,2,60,0.0,0.0028316793803681447,2865.105873855204,0.1624269972003805,,True
drsr,PO19,2,10,0.0,0.01982848247699054,382591.670245174,0.13223966150564948,,True
drsr,PO19,2,30,0.0,0.006663365599854321,127340.21986374827,0.14915379848497573,,True
drsr,PO19,2,5,0.0,0.020625211758670672,337963.04720435315,0.13162862799505964,,True
drsr,PO19,2,1,0.0,0.09821439709573751,1288557.091265004,0.1074223158926344,,True
drsr,PO19,2,45,0.0,0.0028316793803681447,2865.105873855204,0.1624269972003805,,True
drsr,PO19,2,3,0.0,0.09821439709573751,1288557.091265004,0.1074223158926344,,True
drsr,PO19,2,2,0.0,0.09821439709573751,1288557.091265004,0.1074223158926344,,True
drsr,PO19,2,20,0.0,0.006663440335663553,127333.19694145404,0.1491536245211526,,True
drsr,feynman_II_15_4,2,60,0.0,8.589102600448695e-26,2.7119150045163087e-25,1.0,,True
drsr,feynman_II_15_4,2,10,0.0,1.5270437351622515e-25,1.5270114219136973e-25,1.0,,True
drsr,feynman_II_15_4,2,30,0.0,8.589102600448695e-26,2.7119150045163087e-25,1.0,,True
drsr,feynman_II_15_4,2,5,0.0,1.5270437351622515e-25,1.5270114219136973e-25,1.0,,True
drsr,feynman_II_15_4,2,1,0.0,1.5270437351622515e-25,1.5270114219136973e-25,1.0,,True
drsr,feynman_II_15_4,2,45,0.0,8.589102600448695e-26,2.7119150045163087e-25,1.0,,True
drsr,feynman_II_15_4,2,3,0.0,1.5270437351622515e-25,1.5270114219136973e-25,1.0,,True
drsr,feynman_II_15_4,2,2,0.0,1.5270437351622515e-25,1.5270114219136973e-25,1.0,,True
drsr,feynman_II_15_4,2,20,0.0,8.589102600448695e-26,2.7119150045163087e-25,1.0,,True
drsr,feynman-i.11.19,2,60,0.0,0.3262646359099178,0.3352407798708696,0.1771811841039343,,True
drsr,feynman-i.11.19,2,10,0.0,1.001988018278919,0.9954272075459355,0.14289742731324034,,True
drsr,feynman-i.11.19,2,30,0.0,0.3228194762580686,0.40124678552838444,0.174558168043502,,True
drsr,feynman-i.11.19,2,5,0.0,1.001988018278919,0.9954272075459355,0.14289742731324034,,True
drsr,feynman-i.11.19,2,1,0.0,1.0022466198536082,0.9952220059745283,0.14289662247693613,,True
drsr,feynman-i.11.19,2,45,0.0,0.32363696522291413,0.3361689759978295,0.17726372316626154,,True
drsr,feynman-i.11.19,2,3,0.0,1.0022466198536082,0.9952220059745283,0.14289662247693613,,True
drsr,feynman-i.11.19,2,2,0.0,1.0022466198536082,0.9952220059745283,0.14289662247693613,,True
drsr,feynman-i.11.19,2,20,0.0,1.001988018278919,0.9954272075459355,0.14289742731324034,,True
drsr,BPG9,2,60,0.0,0.000126537561936223,1.0,0.28206359062748787,,True
drsr,BPG9,2,10,0.0,0.09425409939704836,83.49090980397858,0.11085930565430369,,True
drsr,BPG9,2,30,0.0,0.00027252728338097754,1.0,0.27016392903268427,,True
drsr,BPG9,2,5,0.0,0.11530306113611541,0.9999999999999996,0.17636282723703556,,True
drsr,BPG9,2,1,0.0,0.6078809209948536,93.28977702344619,0.08022669400568322,,True
drsr,BPG9,2,45,0.0,0.00027252728338097754,1.0,0.27016392903268427,,True
drsr,BPG9,2,3,0.0,10269.229295719275,371914595.3470114,0.0,,True
drsr,BPG9,2,2,0.0,10269.229295719275,371914595.3470114,0.0,,True
drsr,BPG9,2,20,0.0,0.0013271604781263278,1.0083373640541131,0.24548109640881638,,True
drsr,feynman-i.29.16,2,60,0.0,0.06571999904137449,0.18346829576780882,0.21138362231222446,,True
drsr,feynman-i.29.16,2,10,0.0,0.06571999904137449,0.18346829576780882,0.21138362231222446,,True
drsr,feynman-i.29.16,2,30,0.0,0.06571999904137449,0.18346829576780882,0.21138362231222446,,True
drsr,feynman-i.29.16,2,5,0.0,0.06571999904137449,0.18346829576780882,0.21138362231222446,,True
drsr,feynman-i.29.16,2,1,0.0,0.09780051711946092,0.04216080523333215,0.2280267839986182,,True
drsr,feynman-i.29.16,2,45,0.0,0.06571999904137449,0.18346829576780882,0.21138362231222446,,True
drsr,feynman-i.29.16,2,3,0.0,0.06507862284855175,0.29103945496701694,0.2043789206244,,True
drsr,feynman-i.29.16,2,2,0.0,0.06507862284855175,0.29103945496701694,0.2043789206244,,True
drsr,feynman-i.29.16,2,20,0.0,0.06571999904137449,0.18346829576780882,0.21138362231222446,,True
drsr,first_principles_hubble,2,60,0.0,0.06817324957275488,0.03344735803812303,0.23721514946916944,,True
drsr,first_principles_hubble,2,10,0.0,0.06817324957275488,0.03344735803812303,0.23721514946916944,,True
drsr,first_principles_hubble,2,30,0.0,0.06817324957275488,0.03344735803812303,0.23721514946916944,,True
drsr,first_principles_hubble,2,5,0.0,0.06817324957275488,0.03344735803812303,0.23721514946916944,,True
drsr,first_principles_hubble,2,1,0.0,0.06817324957275488,0.03344735803812303,0.23721514946916944,,True
drsr,first_principles_hubble,2,45,0.0,0.06817324957275488,0.03344735803812303,0.23721514946916944,,True
drsr,first_principles_hubble,2,3,0.0,0.06817324957275488,0.03344735803812303,0.23721514946916944,,True
drsr,first_principles_hubble,2,2,0.0,0.06817324957275488,0.03344735803812303,0.23721514946916944,,True
drsr,first_principles_hubble,2,20,0.0,0.06817324957275488,0.03344735803812303,0.23721514946916944,,True
drsr,feynman-i.15.3t,2,60,0.0,1.0855025438004844e+30,9.905525690708319e+29,0.0,,True
drsr,feynman-i.15.3t,2,10,0.0,1.0855024934054458e+30,9.905525230838969e+29,0.0,,True
drsr,feynman-i.15.3t,2,30,0.0,1.0855025438004844e+30,9.905525690708319e+29,0.0,,True
drsr,feynman-i.15.3t,2,5,0.0,1.0855024934054458e+30,9.905525230838969e+29,0.0,,True
drsr,feynman-i.15.3t,2,1,0.0,0.3955798099364951,0.36039488541575687,0.17307097369732616,,True
drsr,feynman-i.15.3t,2,45,0.0,1.0855025438004844e+30,9.905525690708319e+29,0.0,,True
drsr,feynman-i.15.3t,2,3,0.0,1.0855024934054458e+30,9.905525230838969e+29,0.0,,True
drsr,feynman-i.15.3t,2,2,0.0,1.0855024934054458e+30,9.905525230838969e+29,0.0,,True
drsr,feynman-i.15.3t,2,20,0.0,1.0855024934054458e+30,9.905525230838969e+29,0.0,,True
drsr,feynman_test_15,2,60,0.0,0.0006460632664423429,0.007361519956384039,0.3329556234789658,,True
drsr,feynman_test_15,2,10,0.0,0.0006460633225050608,0.007361618154366434,0.33295541523399697,,True
drsr,feynman_test_15,2,30,0.0,0.0006460634158506538,0.007361505764730104,0.3329556497934585,,True
drsr,feynman_test_15,2,5,0.0,0.006244645328221402,0.07657722440944073,0.26144259292236993,,True
drsr,feynman_test_15,2,1,0.0,0.021652001018473196,0.14970264729322297,0.23175973145779705,,True
drsr,feynman_test_15,2,45,0.0,0.0006460633872392324,0.007361498567226462,0.3329556656453299,,True
drsr,feynman_test_15,2,3,0.0,0.006244645328221402,0.07657722440944073,0.26144259292236993,,True
drsr,feynman_test_15,2,2,0.0,0.006244645328221402,0.07657722440944073,0.26144259292236993,,True
drsr,feynman_test_15,2,20,0.0,0.0006460633225050608,0.007361618154366434,0.33295541523399697,,True
drsr,II.6.15b_3_0,-1,60,0.0,0.02512237057879266,0.16130476582659806,0.22829614940733167,,True
drsr,II.6.15b_3_0,-1,10,0.0,0.21862925738274389,0.304863037581944,0.18486381956653747,,True
drsr,II.6.15b_3_0,-1,30,0.0,0.2710438668658421,0.2291287174778725,0.18596003182910187,,True
drsr,II.6.15b_3_0,-1,5,0.0,0.21862925738274389,0.304863037581944,0.18486381956653747,,True
drsr,II.6.15b_3_0,-1,1,0.0,0.21862925738274389,0.304863037581944,0.18486381956653747,,True
drsr,II.6.15b_3_0,-1,45,0.0,0.2710438668658421,0.2291287174778725,0.18596003182910187,,True
drsr,II.6.15b_3_0,-1,3,0.0,0.21862925738274389,0.304863037581944,0.18486381956653747,,True
drsr,II.6.15b_3_0,-1,2,0.0,0.21862925738274389,0.304863037581944,0.18486381956653747,,True
drsr,II.6.15b_3_0,-1,20,0.0,0.2710438668658421,0.2291287174778725,0.18596003182910187,,True
drsr,feynman-i.18.16,-1,60,0.0,1.0384732513621477,1.6253837992890208,0.1347374556680106,,True
drsr,feynman-i.18.16,-1,10,0.0,1.0384732513621477,1.6253837992890208,0.1347374556680106,,True
drsr,feynman-i.18.16,-1,30,0.0,1.0384732513621477,1.6253837992890208,0.1347374556680106,,True
drsr,feynman-i.18.16,-1,5,0.0,1.01129120462288,1.0011501018640085,0.14266516335689938,,True
drsr,feynman-i.18.16,-1,1,0.0,1.0088791357907816,1.0000107002781486,0.14271986472461573,,True
drsr,feynman-i.18.16,-1,45,0.0,1.0384732513621477,1.6253837992890208,0.1347374556680106,,True
drsr,feynman-i.18.16,-1,3,0.0,1.01129120462288,1.0011501018640085,0.14266516335689938,,True
drsr,feynman-i.18.16,-1,2,0.0,1.01129120462288,1.0011501018640085,0.14266516335689938,,True
drsr,feynman-i.18.16,-1,20,0.0,1.0384732513621477,1.6253837992890208,0.1347374556680106,,True
drsr,Nguyen-9,-1,60,0.0,0.001500061565631497,0.0003293288208738592,0.36808075632225123,,True
drsr,Nguyen-9,-1,10,0.0,0.0015116556219632918,0.00032946893745609547,0.36795473789744476,,True
drsr,Nguyen-9,-1,30,0.0,0.0015188896156334891,0.00032977671767961154,0.3678662069994483,,True
drsr,Nguyen-9,-1,5,0.0,0.0015116556219632918,0.00032946893745609547,0.36795473789744476,,True
drsr,Nguyen-9,-1,1,0.0,0.02191941686442314,0.0015843763370628331,0.302118309154193,,True
drsr,Nguyen-9,-1,45,0.0,0.0015188896156334891,0.00032977671767961154,0.3678662069994483,,True
drsr,Nguyen-9,-1,3,0.0,0.0015116556219632918,0.00032946893745609547,0.36795473789744476,,True
drsr,Nguyen-9,-1,2,0.0,0.02191941686442314,0.0015843763370628331,0.302118309154193,,True
drsr,Nguyen-9,-1,20,0.0,0.0015188896156334891,0.00032977671767961154,0.3678662069994483,,True
drsr,CRK10,-1,60,0.0,2.0886037229157633e-09,3.366014486932813e-05,0.6126081418360427,,True
drsr,CRK10,-1,10,0.0,9.236642104193962e-07,0.027028268859898973,0.41438098762402403,,True
drsr,CRK10,-1,30,0.0,2.0886037229157633e-09,3.366014486932813e-05,0.6126081418360427,,True
drsr,CRK10,-1,5,0.0,9.2362252711857e-07,0.027032665506905255,0.41437916473466535,,True
drsr,CRK10,-1,1,0.0,0.00859025773968824,90.05020677253971,0.146839610397969,,True
drsr,CRK10,-1,45,0.0,2.0886037229157633e-09,3.366014486932813e-05,0.6126081418360427,,True
drsr,CRK10,-1,3,0.0,0.006743134083251344,278.97727355664676,0.14896922159097897,,True
drsr,CRK10,-1,2,0.0,0.006743134083251344,278.97727355664676,0.14896922159097897,,True
drsr,CRK10,-1,20,0.0,2.0886037229157633e-09,3.366014486932813e-05,0.6126081418360427,,True
drsr,first_principles_leavitt,-1,60,0.0,0.00028072808376830837,0.02839668909418263,0.3249445154378943,,True
drsr,first_principles_leavitt,-1,10,0.0,0.0002738915731688591,0.0007764560059246443,0.38115373128216395,,True
drsr,first_principles_leavitt,-1,30,0.0,0.0002733238964787236,0.0008103335622537481,0.3805235203511808,,True
drsr,first_principles_leavitt,-1,5,0.0,0.00019304662247123346,0.0019325303989316059,0.37243612350744565,,True
drsr,first_principles_leavitt,-1,1,0.0,9.477490553983352e-05,0.0010866761062767838,0.39240023292181003,,True
drsr,first_principles_leavitt,-1,45,0.0,0.0002733238964787236,0.0008103335622537481,0.3805235203511808,,True
drsr,first_principles_leavitt,-1,3,0.0,0.00019298643969750982,0.00193236578705197,0.3724422809379986,,True
drsr,first_principles_leavitt,-1,2,0.0,0.00019298643969750982,0.00193236578705197,0.3724422809379986,,True
drsr,first_principles_leavitt,-1,20,0.0,0.0002733238964787236,0.0008103335622537481,0.3805235203511808,,True
drsr,feynman-i.13.12,-1,60,0.0,0.5456183588931249,1.1826331420539729,0.14965217784079465,,True
drsr,feynman-i.13.12,-1,10,0.0,0.5456183588931249,1.1826331420539729,0.14965217784079465,,True
drsr,feynman-i.13.12,-1,30,0.0,0.5456183588931249,1.1826331420539729,0.14965217784079465,,True
drsr,feynman-i.13.12,-1,5,0.0,0.5456183588931249,1.1826331420539729,0.14965217784079465,,True
drsr,feynman-i.13.12,-1,1,0.0,0.5505007044736495,1.1957107115762637,0.14934342861106392,,True
drsr,feynman-i.13.12,-1,45,0.0,0.5456183588931249,1.1826331420539729,0.14965217784079465,,True
drsr,feynman-i.13.12,-1,3,0.0,0.5456183588931249,1.1826331420539729,0.14965217784079465,,True
drsr,feynman-i.13.12,-1,2,0.0,0.5456183588931249,1.1826331420539729,0.14965217784079465,,True
drsr,feynman-i.13.12,-1,20,0.0,0.5456183588931249,1.1826331420539729,0.14965217784079465,,True
drsr,CRK11,-1,60,0.0,3.553532071092203e-10,1.7527932537178916e-08,0.7573431809867359,,True
drsr,CRK11,-1,10,0.0,6.909190853062078e-08,0.0008139087799942854,0.5089284670417937,,True
drsr,CRK11,-1,30,0.0,3.438942805804273e-10,6.302245647291152e-09,0.7737171328581407,,True
drsr,CRK11,-1,5,0.0,0.0038031149510146444,3.773244553868951,0.20868377120533876,,True
drsr,CRK11,-1,1,0.0,0.0038031149510146444,3.773244553868951,0.20868377120533876,,True
drsr,CRK11,-1,45,0.0,3.553532071092203e-10,1.7527932537178916e-08,0.7573431809867359,,True
drsr,CRK11,-1,3,0.0,0.0038031149510146444,3.773244553868951,0.20868377120533876,,True
drsr,CRK11,-1,2,0.0,0.0038031149510146444,3.773244553868951,0.20868377120533876,,True
drsr,CRK11,-1,20,0.0,3.673968182759825e-08,0.0002053652606666445,0.5400834867259634,,True
drsr,strogatz_barmag1,-1,60,0.0,1.2658936456091388e-23,8.857117960038211e-23,1.0,,True
drsr,strogatz_barmag1,-1,10,0.0,0.03697856142857812,0.9347685421314604,0.1950480678405383,,True
drsr,strogatz_barmag1,-1,30,0.0,2.167209164677676e-21,1.1888274994826696e-21,1.0,,True
drsr,strogatz_barmag1,-1,5,0.0,0.03697856142857812,0.9347685421314604,0.1950480678405383,,True
drsr,strogatz_barmag1,-1,1,0.0,0.04036622425706483,0.922094190428658,0.19390023519910488,,True
drsr,strogatz_barmag1,-1,45,0.0,1.2658936456091388e-23,8.857117960038211e-23,1.0,,True
drsr,strogatz_barmag1,-1,3,0.0,0.04036650007730477,0.9221007994464823,0.19390001804725543,,True
drsr,strogatz_barmag1,-1,2,0.0,0.04036650007730477,0.9221007994464823,0.19390001804725543,,True
drsr,strogatz_barmag1,-1,20,0.0,2.167209164677676e-21,1.1888274994826696e-21,1.0,,True
drsr,MatSci21,-1,60,0.0,7.353925299482692e-08,1.845715708619205e-07,0.638118427768456,,True
drsr,MatSci21,-1,10,0.0,0.0007112786313801375,0.00215989534513421,0.3504831260685756,,True
drsr,MatSci21,-1,30,0.0,0.0007112786313801375,0.00215989534513421,0.3504831260685756,,True
drsr,MatSci21,-1,5,0.0,0.0007112786313801375,0.00215989534513421,0.3504831260685756,,True
drsr,MatSci21,-1,1,0.0,0.04534023636387403,0.07371453104745557,0.2312843968986787,,True
drsr,MatSci21,-1,45,0.0,0.0007112786313801375,0.00215989534513421,0.3504831260685756,,True
drsr,MatSci21,-1,3,0.0,0.0007112786313801375,0.00215989534513421,0.3504831260685756,,True
drsr,MatSci21,-1,2,0.0,0.044455293820623666,0.07121904914529605,0.2321242979981823,,True
drsr,MatSci21,-1,20,0.0,0.0007112786313801375,0.00215989534513421,0.3504831260685756,,True
drsr,Keijzer-2,-1,60,0.0,0.04558716812106573,8.413212316908615,0.15772126915737822,,True
drsr,Keijzer-2,-1,10,0.0,0.6724272758819788,0.8705574527837683,0.15116275859336786,,True
drsr,Keijzer-2,-1,30,0.0,0.13946187836699156,10.335993265900607,0.1371854382864201,,True
drsr,Keijzer-2,-1,5,0.0,0.694830151636251,1.6749347516664501,0.14050440894622174,,True
drsr,Keijzer-2,-1,1,0.0,0.6972612405410217,4.566290118217082,0.12489432053269994,,True
drsr,Keijzer-2,-1,45,0.0,0.04558716812106573,8.413212316908615,0.15772126915737822,,True
drsr,Keijzer-2,-1,3,0.0,0.6972611604140537,4.566174503061228,0.1248947150351421,,True
drsr,Keijzer-2,-1,2,0.0,0.6972611604140537,4.566174503061228,0.1248947150351421,,True
drsr,Keijzer-2,-1,20,0.0,0.13946187836699156,10.335993265900607,0.1371854382864201,,True
drsr,Nguyen-12,-1,60,0.0,1.8143460683660347e-17,1.5812439228549784e-16,1.0,,True
drsr,Nguyen-12,-1,10,0.0,0.00012683033310309839,0.0031162938785601435,0.37154065929814883,,True
drsr,Nguyen-12,-1,30,0.0,5.8925637372155647e-05,0.0018461853618185725,0.39155072885834874,,True
drsr,Nguyen-12,-1,5,0.0,0.00010671027902040989,0.004028728831310517,0.3702366324274301,,True
drsr,Nguyen-12,-1,1,0.0,0.002074316255887967,0.04215470550959226,0.28779567748185314,,True
drsr,Nguyen-12,-1,45,0.0,5.939636400090774e-06,0.000876785747963134,0.43869095207550873,,True
drsr,Nguyen-12,-1,3,0.0,0.00010671027902040989,0.004028728831310517,0.3702366324274301,,True
drsr,Nguyen-12,-1,2,0.0,0.002074397889997001,0.04215496043401833,0.2877949732846954,,True
drsr,Nguyen-12,-1,20,0.0,0.00012683033310309839,0.0031162938785601435,0.37154065929814883,,True
drsr,feynman-ii.34.11,-1,60,0.0,0.9990136137443579,0.9999990588981444,0.14287246436562612,,True
drsr,feynman-ii.34.11,-1,10,0.0,1.000000934541457,0.9999999914596986,0.1428571284943928,,True
drsr,feynman-ii.34.11,-1,30,0.0,0.9976190113531382,0.999078253934554,0.14290842060908554,,True
drsr,feynman-ii.34.11,-1,5,0.0,1.0,1.0,0.1428571428571429,,True
drsr,feynman-ii.34.11,-1,1,0.0,44382148.67188004,28466535822.897396,0.0,,True
drsr,feynman-ii.34.11,-1,45,0.0,0.9976190113531382,0.999078253934554,0.14290842060908554,,True
drsr,feynman-ii.34.11,-1,3,0.0,44382148.67188004,28466535822.897396,0.0,,True
drsr,feynman-ii.34.11,-1,2,0.0,44382148.67188004,28466535822.897396,0.0,,True
drsr,feynman-ii.34.11,-1,20,0.0,0.9976190113531382,0.999078253934554,0.14290842060908554,,True
drsr,strogatz_predprey2,-1,60,0.0,1.0663383749049418e-20,2.3141490623175713e-19,1.0,,True
drsr,strogatz_predprey2,-1,10,0.0,0.007506772768267013,1.1018416012856986,0.21722955587493226,,True
drsr,strogatz_predprey2,-1,30,0.0,0.0026485390712713093,0.17184410758639995,0.26220924896032094,,True
drsr,strogatz_predprey2,-1,5,0.0,0.023379997549061563,0.40034139551752884,0.21531160857105341,,True
drsr,strogatz_predprey2,-1,1,0.0,0.05995034572754131,0.7237940680418407,0.19152118887720815,,True
drsr,strogatz_predprey2,-1,45,0.0,0.0026485390712713093,0.17184410758639995,0.26220924896032094,,True
drsr,strogatz_predprey2,-1,3,0.0,0.05995034572754131,0.7237940680418407,0.19152118887720815,,True
drsr,strogatz_predprey2,-1,2,0.0,0.05995034572754131,0.7237940680418407,0.19152118887720815,,True
drsr,strogatz_predprey2,-1,20,0.0,0.0026485390712713093,0.17184410758639995,0.26220924896032094,,True
drsr,feynman-iii.7.38,-1,60,0.0,1.0,1.0,0.1428571428571429,,True
drsr,feynman-iii.7.38,-1,10,0.0,1.0,1.0,0.1428571428571429,,True
drsr,feynman-iii.7.38,-1,30,0.0,1.0,1.0,0.1428571428571429,,True
drsr,feynman-iii.7.38,-1,5,0.0,1.0,1.0,0.1428571428571429,,True
drsr,feynman-iii.7.38,-1,1,0.0,1.0,1.0,0.1428571428571429,,True
drsr,feynman-iii.7.38,-1,45,0.0,1.0,1.0,0.1428571428571429,,True
drsr,feynman-iii.7.38,-1,3,0.0,1.0,1.0,0.1428571428571429,,True
drsr,feynman-iii.7.38,-1,2,0.0,1.0,1.0,0.1428571428571429,,True
drsr,feynman-iii.7.38,-1,20,0.0,1.0,1.0,0.1428571428571429,,True
drsr,Korns-4,-1,60,0.0,0.001738779356426888,0.0019992518260542155,0.3378174294010765,,True
drsr,Korns-4,-1,10,0.0,0.001738779356426888,0.0019992518260542155,0.3378174294010765,,True
drsr,Korns-4,-1,30,0.0,0.001738779356426888,0.0019992518260542155,0.3378174294010765,,True
drsr,Korns-4,-1,5,0.0,0.0018430465871427187,0.0018913781502143529,0.3377744756874479,,True
drsr,Korns-4,-1,1,0.0,0.0015588740482779056,0.0017027587972888974,0.34200128000613494,,True
drsr,Korns-4,-1,45,0.0,0.001738779356426888,0.0019992518260542155,0.3378174294010765,,True
drsr,Korns-4,-1,3,0.0,0.0018430465871427187,0.0018913781502143529,0.3377744756874479,,True
drsr,Korns-4,-1,2,0.0,0.0018430465871427187,0.0018913781502143529,0.3377744756874479,,True
drsr,Korns-4,-1,20,0.0,0.001738779356426888,0.0019992518260542155,0.3378174294010765,,True
drsr,feynman_I_27_6,-1,60,0.0,0.007360404171028903,0.0699857238662983,0.26028888851216514,,True
drsr,feynman_I_27_6,-1,10,0.0,0.013948684217784937,0.08612462623017011,0.24715497883598336,,True
drsr,feynman_I_27_6,-1,30,0.0,0.013948684217784937,0.08612462623017011,0.24715497883598336,,True
drsr,feynman_I_27_6,-1,5,0.0,0.021049417595384423,0.1451464909787688,0.23267690625008558,,True
drsr,feynman_I_27_6,-1,1,0.0,0.021049417595384423,0.1451464909787688,0.23267690625008558,,True
drsr,feynman_I_27_6,-1,45,0.0,0.013060869644994406,0.045491668597838826,0.25807485851207596,,True
drsr,feynman_I_27_6,-1,3,0.0,0.021049417595384423,0.1451464909787688,0.23267690625008558,,True
drsr,feynman_I_27_6,-1,2,0.0,0.021049417595384423,0.1451464909787688,0.23267690625008558,,True
drsr,feynman_I_27_6,-1,20,0.0,0.013948684217784937,0.08612462623017011,0.24715497883598336,,True
drsr,feynman-ii.4.23,-1,60,0.0,0.9999999972239395,0.9999999972240641,0.14285714294325724,,True
drsr,feynman-ii.4.23,-1,10,0.0,0.9999999983125114,0.9999999983125114,0.14285714290949048,,True
drsr,feynman-ii.4.23,-1,30,0.0,0.9999999972815089,0.9999999972815092,0.14285714294147323,,True
drsr,feynman-ii.4.23,-1,5,0.0,0.9999999995017594,0.9999999995017593,0.14285714287259876,,True
drsr,feynman-ii.4.23,-1,1,0.0,0.9999999998382099,0.9999999998382099,0.14285714286216167,,True
drsr,feynman-ii.4.23,-1,45,0.0,0.9999999972239395,0.9999999972240641,0.14285714294325724,,True
drsr,feynman-ii.4.23,-1,3,0.0,0.999999999782779,0.9999999997827789,0.1428571428638813,,True
drsr,feynman-ii.4.23,-1,2,0.0,0.999999999782779,0.9999999997827789,0.1428571428638813,,True
drsr,feynman-ii.4.23,-1,20,0.0,0.9999999983125114,0.9999999983125114,0.14285714290949048,,True
drsr,PO19,-1,60,0.0,0.002535319795018124,0.8426416748882881,0.238225868511112,,True
drsr,PO19,-1,10,0.0,0.0966383433962853,353712.37727440253,0.10767323298094683,,True
drsr,PO19,-1,30,0.0,0.004389024761478838,136501.44203267337,0.15562971317846663,,True
drsr,PO19,-1,5,0.0,0.09808255843212747,65.55149916891112,0.11399377092281854,,True
drsr,PO19,-1,1,0.0,0.09821463437756699,1288431.2842777187,0.10742227841992608,,True
drsr,PO19,-1,45,0.0,0.002535319795018124,0.8426416748882881,0.238225868511112,,True
drsr,PO19,-1,3,0.0,0.0958299119469766,135306.8289681463,0.10780353253220482,,True
drsr,PO19,-1,2,0.0,0.09821463437756699,1288431.2842777187,0.10742227841992608,,True
drsr,PO19,-1,20,0.0,0.004389024761478838,136501.44203267337,0.15562971317846663,,True
drsr,feynman_II_15_4,-1,60,0.0,2.5014480601663078e-31,5.908606957084231e-32,1.0,,True
drsr,feynman_II_15_4,-1,10,0.0,2.5014480601663078e-31,5.908606957084231e-32,1.0,,True
drsr,feynman_II_15_4,-1,30,0.0,2.5014480601663078e-31,5.908606957084231e-32,1.0,,True
drsr,feynman_II_15_4,-1,5,0.0,2.5014480601663078e-31,5.908606957084231e-32,1.0,,True
drsr,feynman_II_15_4,-1,1,0.0,2.5014480601663078e-31,5.908606957084231e-32,1.0,,True
drsr,feynman_II_15_4,-1,45,0.0,2.5014480601663078e-31,5.908606957084231e-32,1.0,,True
drsr,feynman_II_15_4,-1,3,0.0,2.5014480601663078e-31,5.908606957084231e-32,1.0,,True
drsr,feynman_II_15_4,-1,2,0.0,2.5014480601663078e-31,5.908606957084231e-32,1.0,,True
drsr,feynman_II_15_4,-1,20,0.0,2.5014480601663078e-31,5.908606957084231e-32,1.0,,True
drsr,feynman-i.11.19,-1,60,0.0,0.32402305436045786,0.33292312866529034,0.17739571861399372,,True
drsr,feynman-i.11.19,-1,10,0.0,0.3223590601006639,0.35246477284875116,0.1765908714751938,,True
drsr,feynman-i.11.19,-1,30,0.0,0.3223590601006639,0.35246477284875116,0.1765908714751938,,True
drsr,feynman-i.11.19,-1,5,0.0,0.3223590601006639,0.35246477284875116,0.1765908714751938,,True
drsr,feynman-i.11.19,-1,1,0.0,0.3223590601006639,0.35246477284875116,0.1765908714751938,,True
drsr,feynman-i.11.19,-1,45,0.0,0.3223590601006639,0.35246477284875116,0.1765908714751938,,True
drsr,feynman-i.11.19,-1,3,0.0,0.3223590601006639,0.35246477284875116,0.1765908714751938,,True
drsr,feynman-i.11.19,-1,2,0.0,0.3223590601006639,0.35246477284875116,0.1765908714751938,,True
drsr,feynman-i.11.19,-1,20,0.0,0.3223590601006639,0.35246477284875116,0.1765908714751938,,True
drsr,BPG9,-1,60,0.0,1.7754372720283477e-08,0.00011495027023100684,0.5603637382350255,,True
drsr,BPG9,-1,10,0.0,0.01148892670845218,12.02925439920673,0.17355292255182792,,True
drsr,BPG9,-1,30,0.0,3.175525755260482e-08,9.920568542351232e-05,0.553630278517755,,True
drsr,BPG9,-1,5,0.0,0.29405080191629396,137.76689833654362,0.09041348685287703,,True
drsr,BPG9,-1,1,0.0,0.36622902046139677,0.9999343408568722,0.15843842003406633,,True
drsr,BPG9,-1,45,0.0,3.175525755260482e-08,9.920568542351232e-05,0.553630278517755,,True
drsr,BPG9,-1,3,0.0,0.36622902046139677,0.9999343408568722,0.15843842003406633,,True
drsr,BPG9,-1,2,0.0,0.36622902046139677,0.9999343408568722,0.15843842003406633,,True
drsr,BPG9,-1,20,0.0,4.447238510936717e-05,0.05441844991658914,0.34343440754366644,,True
drsr,feynman-i.29.16,-1,60,0.0,0.04943467355362463,0.251933070289556,0.21088154107098855,,True
drsr,feynman-i.29.16,-1,10,0.0,0.06571951488677823,0.18347623707238447,0.21138306522951933,,True
drsr,feynman-i.29.16,-1,30,0.0,0.06571951488677823,0.18347623707238447,0.21138306522951933,,True
drsr,feynman-i.29.16,-1,5,0.0,0.06571951488677823,0.18347623707238447,0.21138306522951933,,True
drsr,feynman-i.29.16,-1,1,0.0,0.06627558644962454,0.3078361354570216,0.20322595794117865,,True
drsr,feynman-i.29.16,-1,45,0.0,0.06571951488677823,0.18347623707238447,0.21138306522951933,,True
drsr,feynman-i.29.16,-1,3,0.0,0.06627558644962454,0.3078361354570216,0.20322595794117865,,True
drsr,feynman-i.29.16,-1,2,0.0,0.06627558644962454,0.3078361354570216,0.20322595794117865,,True
drsr,feynman-i.29.16,-1,20,0.0,0.06571951488677823,0.18347623707238447,0.21138306522951933,,True
drsr,first_principles_hubble,-1,60,0.0,0.023634316436252533,0.12103510826547074,0.23369805682387684,,True
drsr,first_principles_hubble,-1,10,0.0,0.02380469652961596,0.12216646941158672,0.233442333130721,,True
drsr,first_principles_hubble,-1,30,0.0,0.023634316436252533,0.12103510826547074,0.23369805682387684,,True
drsr,first_principles_hubble,-1,5,0.0,0.023299327823901518,0.12337983401012342,0.23362187237087167,,True
drsr,first_principles_hubble,-1,1,0.0,0.06806755127222887,0.033326267350876015,0.23729547138705254,,True
drsr,first_principles_hubble,-1,45,0.0,0.023634316436252533,0.12103510826547074,0.23369805682387684,,True
drsr,first_principles_hubble,-1,3,0.0,0.023299327823901518,0.12337983401012342,0.23362187237087167,,True
drsr,first_principles_hubble,-1,2,0.0,0.02260061124857734,0.12438778553297779,0.2339679313834354,,True
drsr,first_principles_hubble,-1,20,0.0,0.02380469652961596,0.12216646941158672,0.233442333130721,,True
drsr,feynman-i.15.3t,-1,60,0.0,1.0855026062837634e+30,9.905526260886384e+29,0.0,,True
drsr,feynman-i.15.3t,-1,10,0.0,1.0855026062837634e+30,9.905526260886384e+29,0.0,,True
drsr,feynman-i.15.3t,-1,30,0.0,1.0855026062837634e+30,9.905526260886384e+29,0.0,,True
drsr,feynman-i.15.3t,-1,5,0.0,1.0855026062837634e+30,9.905526260886384e+29,0.0,,True
drsr,feynman-i.15.3t,-1,1,0.0,1.0855026062837634e+30,9.905526260886384e+29,0.0,,True
drsr,feynman-i.15.3t,-1,45,0.0,1.0855026062837634e+30,9.905526260886384e+29,0.0,,True
drsr,feynman-i.15.3t,-1,3,0.0,1.0855026062837634e+30,9.905526260886384e+29,0.0,,True
drsr,feynman-i.15.3t,-1,2,0.0,1.0855026062837634e+30,9.905526260886384e+29,0.0,,True
drsr,feynman-i.15.3t,-1,20,0.0,1.0855026062837634e+30,9.905526260886384e+29,0.0,,True
drsr,feynman_test_15,-1,60,0.0,0.0006423853350846704,0.008454328228918161,0.3308973313316815,,True
drsr,feynman_test_15,-1,10,0.0,0.0006459360316839269,0.007403911601849235,0.3328696165717716,,True
drsr,feynman_test_15,-1,30,0.0,0.0006459360316839269,0.007403911601849235,0.3328696165717716,,True
drsr,feynman_test_15,-1,5,0.0,0.0006459360316839269,0.007403911601849235,0.3328696165717716,,True
drsr,feynman_test_15,-1,1,0.0,0.021664945332878573,0.15762544571138964,0.2309505741022202,,True
drsr,feynman_test_15,-1,45,0.0,0.0006423853350846704,0.008454328228918161,0.3308973313316815,,True
drsr,feynman_test_15,-1,3,0.0,0.0006459360316839269,0.007403911601849235,0.3328696165717716,,True
drsr,feynman_test_15,-1,2,0.0,0.02164900911870609,0.1520811750759543,0.23151737561184033,,True
drsr,feynman_test_15,-1,20,0.0,0.0006459360316839269,0.007403911601849235,0.3328696165717716,,True
drsr,II.6.15b_3_0,4,60,0.0,0.21237652029065945,0.3527435707500068,0.18305122829858567,,True
drsr,II.6.15b_3_0,4,10,0.0,0.2079543596828558,0.021838852465526956,0.22652864842845882,,True
drsr,II.6.15b_3_0,4,30,0.0,0.20175485078486727,0.03747294142837028,0.21862350823192495,,True
drsr,II.6.15b_3_0,4,5,0.0,0.21862899610239575,0.3049165103055112,0.1848611178096471,,True
drsr,II.6.15b_3_0,4,1,0.0,0.21862899610239575,0.3049165103055112,0.1848611178096471,,True
drsr,II.6.15b_3_0,4,45,0.0,0.21237652029065945,0.3527435707500068,0.18305122829858567,,True
drsr,II.6.15b_3_0,4,3,0.0,0.21862899610239575,0.3049165103055112,0.1848611178096471,,True
drsr,II.6.15b_3_0,4,2,0.0,0.21862899610239575,0.3049165103055112,0.1848611178096471,,True
drsr,II.6.15b_3_0,4,20,0.0,0.20175485078486727,0.03747294142837028,0.21862350823192495,,True
drsr,feynman-i.18.16,4,60,0.0,2.3420122511426484e+40,5.956608061405376e+43,0.0,,True
drsr,feynman-i.18.16,4,10,0.0,1.0648809885479873,1.4401647418950272,0.13622452686029785,,True
drsr,feynman-i.18.16,4,30,0.0,1.0648809885479873,1.4401647418950272,0.13622452686029785,,True
drsr,feynman-i.18.16,4,5,0.0,1.0648809885479873,1.4401647418950272,0.13622452686029785,,True
drsr,feynman-i.18.16,4,1,0.0,1.0091159866941377,1.0000197102845907,0.1427160840562572,,True
drsr,feynman-i.18.16,4,45,0.0,2.3420122511426484e+40,5.956608061405376e+43,0.0,,True
drsr,feynman-i.18.16,4,3,0.0,1.00273694694663,1.0010962565268082,0.14279775518990978,,True
drsr,feynman-i.18.16,4,2,0.0,1.00273694694663,1.0010962565268082,0.14279775518990978,,True
drsr,feynman-i.18.16,4,20,0.0,1.0648809885479873,1.4401647418950272,0.13622452686029785,,True
drsr,Nguyen-9,4,60,0.0,0.0003118491341306249,0.00020188370990984522,0.40003407787584705,,True
drsr,Nguyen-9,4,10,0.0,0.000297825780279841,0.00013838048199159403,0.40660581688461855,,True
drsr,Nguyen-9,4,30,0.0,0.0014792850142288187,0.0003294272623200792,0.3682924501857842,,True
drsr,Nguyen-9,4,5,0.0,0.000297825780279841,0.00013838048199159403,0.40660581688461855,,True
drsr,Nguyen-9,4,1,0.0,0.021914010408824593,0.0015843507769683328,0.30212238554422605,,True
drsr,Nguyen-9,4,45,0.0,0.001508739310044604,0.0003294664260089344,0.3679848081869054,,True
drsr,Nguyen-9,4,3,0.0,0.02189291213407238,0.0015843781448443117,0.3021370579607483,,True
drsr,Nguyen-9,4,2,0.0,0.021891592112251,0.0015843338140502795,0.3021384271768623,,True
drsr,Nguyen-9,4,20,0.0,0.000297825780279841,0.00013838048199159403,0.40660581688461855,,True
drsr,CRK10,4,60,0.0,3.034723460844387e-09,1.8115969867570368e-05,0.6164221174364751,,True
drsr,CRK10,4,10,0.0,9.236647105976726e-07,0.027036087155865158,0.4143764932446561,,True
drsr,CRK10,4,30,0.0,3.034723460844387e-09,1.8115969867570368e-05,0.6164221174364751,,True
drsr,CRK10,4,5,0.0,0.0007219575147818686,34.96981147908613,0.19992125241664233,,True
drsr,CRK10,4,1,0.0,0.008590258132898453,90.05016319475023,0.14683961719396177,,True
drsr,CRK10,4,45,0.0,3.034723460844387e-09,1.8115969867570368e-05,0.6164221174364751,,True
drsr,CRK10,4,3,0.0,0.0024153005599866304,17.813547321455285,0.1916528002191079,,True
drsr,CRK10,4,2,0.0,0.008590258132898453,90.05016319475023,0.14683961719396177,,True
drsr,CRK10,4,20,0.0,3.173379307972313e-09,0.00014375266553513934,0.5836022181450209,,True
drsr,first_principles_leavitt,4,60,0.0,0.0003228283903214846,0.0018178153341925553,0.36540994702681684,,True
drsr,first_principles_leavitt,4,10,0.0,0.00029968211779473264,0.0280846118109751,0.3241025266251148,,True
drsr,first_principles_leavitt,4,30,0.0,0.0003228283903214846,0.0018178153341925553,0.36540994702681684,,True
drsr,first_principles_leavitt,4,5,0.0,0.00029968211779473264,0.0280846118109751,0.3241025266251148,,True
drsr,first_principles_leavitt,4,1,0.0,0.0001931065114667162,0.0019327998253096097,0.37242915014521366,,True
drsr,first_principles_leavitt,4,45,0.0,0.0003228283903214846,0.0018178153341925553,0.36540994702681684,,True
drsr,first_principles_leavitt,4,3,0.0,0.00029968211779473264,0.0280846118109751,0.3241025266251148,,True
drsr,first_principles_leavitt,4,2,0.0,0.00029968211779473264,0.0280846118109751,0.3241025266251148,,True
drsr,first_principles_leavitt,4,20,0.0,0.0003228283903214846,0.0018178153341925553,0.36540994702681684,,True
drsr,feynman-i.13.12,4,60,0.0,1.6261044179875155,5.0754229586073665,0.11012069037034727,,True
drsr,feynman-i.13.12,4,10,0.0,1.7179308714952435,5.347018917908858,0.10846009268758061,,True
drsr,feynman-i.13.12,4,30,0.0,1.7179308714952435,5.347018917908858,0.10846009268758061,,True
drsr,feynman-i.13.12,4,5,0.0,0.5242595774491816,1.110400128253486,0.15124907584278124,,True
drsr,feynman-i.13.12,4,1,0.0,0.5242595774491816,1.110400128253486,0.15124907584278124,,True
drsr,feynman-i.13.12,4,45,0.0,1.485011347640727,4.65364129034005,0.11287419012587108,,True
drsr,feynman-i.13.12,4,3,0.0,0.5242595774491816,1.110400128253486,0.15124907584278124,,True
drsr,feynman-i.13.12,4,2,0.0,0.5242595774491816,1.110400128253486,0.15124907584278124,,True
drsr,feynman-i.13.12,4,20,0.0,1.7179308714952435,5.347018917908858,0.10846009268758061,,True
drsr,CRK11,4,60,0.0,8154170017.759293,764673222713704.2,0.0,,True
drsr,CRK11,4,10,0.0,6.909842792973186e-08,0.0008128548089763192,0.5089471019211551,,True
drsr,CRK11,4,30,0.0,6.909842792973186e-08,0.0008128548089763192,0.5089471019211551,,True
drsr,CRK11,4,5,0.0,0.0038031147839273144,3.7732432249286867,0.2086837773496028,,True
drsr,CRK11,4,1,0.0,0.0038031159778715547,3.7732453757265954,0.20868376363905983,,True
drsr,CRK11,4,45,0.0,6.909842792973186e-08,0.0008128548089763192,0.5089471019211551,,True
drsr,CRK11,4,3,0.0,0.0038031159778715547,3.7732453757265954,0.20868376363905983,,True
drsr,CRK11,4,2,0.0,0.0038031159778715547,3.7732453757265954,0.20868376363905983,,True
drsr,CRK11,4,20,0.0,6.909842792973186e-08,0.0008128548089763192,0.5089471019211551,,True
drsr,strogatz_barmag1,4,60,0.0,1.8723660110766688e-14,1.649488843502466e-12,0.9922375220538127,,True
drsr,strogatz_barmag1,4,10,0.0,0.018878998308979423,0.33102552877632196,0.2215771273021676,,True
drsr,strogatz_barmag1,4,30,0.0,0.00037272995840560914,0.006530683040760263,0.3433445390308737,,True
drsr,strogatz_barmag1,4,5,0.0,0.018885823781196676,0.3311117871877843,0.22156747948303895,,True
drsr,strogatz_barmag1,4,1,0.0,0.04036631043672556,0.9220954617765672,0.19390018069975384,,True
drsr,strogatz_barmag1,4,45,0.0,1.8723660110766688e-14,1.649488843502466e-12,0.9922375220538127,,True
drsr,strogatz_barmag1,4,3,0.0,0.04036657232015167,0.9221014354384999,0.19389997959060062,,True
drsr,strogatz_barmag1,4,2,0.0,0.04036657232015167,0.9221014354384999,0.19389997959060062,,True
drsr,strogatz_barmag1,4,20,0.0,0.002877767190691414,29.400544047081205,0.1811638920047528,,True
drsr,MatSci21,4,60,0.0,0.0007120277554940262,0.0021795647302808746,0.3503261894750509,,True
drsr,MatSci21,4,10,0.0,0.0007120277554940262,0.0021795647302808746,0.3503261894750509,,True
drsr,MatSci21,4,30,0.0,0.0007120277554940262,0.0021795647302808746,0.3503261894750509,,True
drsr,MatSci21,4,5,0.0,0.0007120277554940262,0.0021795647302808746,0.3503261894750509,,True
drsr,MatSci21,4,1,0.0,0.04447099438691739,0.07041777892225824,0.232294315599547,,True
drsr,MatSci21,4,45,0.0,0.0007120277554940262,0.0021795647302808746,0.3503261894750509,,True
drsr,MatSci21,4,3,0.0,0.0007120277554940262,0.0021795647302808746,0.3503261894750509,,True
drsr,MatSci21,4,2,0.0,0.0007120277554940262,0.0021795647302808746,0.3503261894750509,,True
drsr,MatSci21,4,20,0.0,0.0007120277554940262,0.0021795647302808746,0.3503261894750509,,True
drsr,Keijzer-2,4,60,0.0,,,0.0,,False
drsr,Keijzer-2,4,10,0.0,0.7725024358656455,5.666390299331114,0.11995691632799882,,True
drsr,Keijzer-2,4,30,0.0,0.6006047237295161,3.6070612547563607,0.13086634781749912,,True
drsr,Keijzer-2,4,5,0.0,0.6972639531361783,4.566090833898323,0.12489493712389454,,True
drsr,Keijzer-2,4,1,0.0,0.6972603234606498,4.5663649157065,0.12489408686726805,,True
drsr,Keijzer-2,4,45,0.0,,,0.0,,False
drsr,Keijzer-2,4,3,0.0,0.6972639531361783,4.566090833898323,0.12489493712389454,,True
drsr,Keijzer-2,4,2,0.0,0.6972603234606498,4.5663649157065,0.12489408686726805,,True
drsr,Keijzer-2,4,20,0.0,0.6006047237295161,3.6070612547563607,0.13086634781749912,,True
drsr,Nguyen-12,4,60,0.0,3.762552337476033e-19,1.0851336636579621e-17,1.0,,True
drsr,Nguyen-12,4,10,0.0,0.002074399458692456,0.04215436144965101,0.2877951819475525,,True
drsr,Nguyen-12,4,30,0.0,3.0317359895021917e-05,0.006940436766743427,0.38131863639164976,,True
drsr,Nguyen-12,4,5,0.0,0.002074399458692456,0.04215436144965101,0.2877951819475525,,True
drsr,Nguyen-12,4,1,0.0,0.002074553492732918,0.042155119693306084,0.28779375127052487,,True
drsr,Nguyen-12,4,45,0.0,3.762552337476033e-19,1.0851336636579621e-17,1.0,,True
drsr,Nguyen-12,4,3,0.0,0.002074399458692456,0.04215436144965101,0.2877951819475525,,True
drsr,Nguyen-12,4,2,0.0,0.002074553492732918,0.042155119693306084,0.28779375127052487,,True
drsr,Nguyen-12,4,20,0.0,3.0317359895021917e-05,0.006940436766743427,0.38131863639164976,,True
drsr,feynman-ii.34.11,4,60,0.0,0.9996191051987482,0.9999998021138851,0.14286305492725476,,True
drsr,feynman-ii.34.11,4,10,0.0,1.0,1.0,0.1428571428571429,,True
drsr,feynman-ii.34.11,4,30,0.0,1.0000008198220813,0.9999999922189089,0.14285713026197228,,True
drsr,feynman-ii.34.11,4,5,0.0,106562.77992240571,70171369.62866686,0.0,,True
drsr,feynman-ii.34.11,4,1,0.0,133832947.77931072,86739439057.19562,0.0,,True
drsr,feynman-ii.34.11,4,45,0.0,0.9996191051987482,0.9999998021138851,0.14286305492725476,,True
drsr,feynman-ii.34.11,4,3,0.0,133832947.77931072,86739439057.19562,0.0,,True
drsr,feynman-ii.34.11,4,2,0.0,133832947.77931072,86739439057.19562,0.0,,True
drsr,feynman-ii.34.11,4,20,0.0,1.0,1.0,0.1428571428571429,,True
drsr,strogatz_predprey2,4,60,0.0,1.0513903588804814e-21,1.5467477642381134e-21,1.0,,True
drsr,strogatz_predprey2,4,10,0.0,0.04733954711173937,0.41992551512524834,0.2036287013414047,,True
drsr,strogatz_predprey2,4,30,0.0,1.0513903588804814e-21,1.5467477642381134e-21,1.0,,True
drsr,strogatz_predprey2,4,5,0.0,0.04932462335677979,0.43127489253819734,0.20257793023964782,,True
drsr,strogatz_predprey2,4,1,0.0,0.04932462335677979,0.43127489253819734,0.20257793023964782,,True
drsr,strogatz_predprey2,4,45,0.0,1.0513903588804814e-21,1.5467477642381134e-21,1.0,,True
drsr,strogatz_predprey2,4,3,0.0,0.04932462335677979,0.43127489253819734,0.20257793023964782,,True
drsr,strogatz_predprey2,4,2,0.0,0.04932462335677979,0.43127489253819734,0.20257793023964782,,True
drsr,strogatz_predprey2,4,20,0.0,1.0513903588804814e-21,1.5467477642381134e-21,1.0,,True
drsr,feynman-iii.7.38,4,60,0.0,0.9999999999990535,0.9999999999999997,0.14285714285715756,,True
drsr,feynman-iii.7.38,4,10,0.0,1.0,1.0,0.1428571428571429,,True
drsr,feynman-iii.7.38,4,30,0.0,1.0,1.0,0.1428571428571429,,True
drsr,feynman-iii.7.38,4,5,0.0,1.0,1.0,0.1428571428571429,,True
drsr,feynman-iii.7.38,4,1,0.0,1.0,1.0,0.1428571428571429,,True
drsr,feynman-iii.7.38,4,45,0.0,0.9999999999993117,1.0,0.14285714285715356,,True
drsr,feynman-iii.7.38,4,3,0.0,1.0,1.0,0.1428571428571429,,True
drsr,feynman-iii.7.38,4,2,0.0,1.0,1.0,0.1428571428571429,,True
drsr,feynman-iii.7.38,4,20,0.0,1.0,1.0,0.1428571428571429,,True
drsr,Korns-4,4,60,0.0,0.001794426246962925,0.0019459490831110979,0.33774796123094225,,True
drsr,Korns-4,4,10,0.0,0.0018189912216941308,0.0018615775411032149,0.3382245809290258,,True
drsr,Korns-4,4,30,0.0,0.001794426246962925,0.0019459490831110979,0.33774796123094225,,True
drsr,Korns-4,4,5,0.0,0.0015983849360142238,0.0018311294805016171,0.3404856988372093,,True
drsr,Korns-4,4,1,0.0,0.0015588737759929105,0.0017027584745138466,0.3420012856554968,,True
drsr,Korns-4,4,45,0.0,0.001794426246962925,0.0019459490831110979,0.33774796123094225,,True
drsr,Korns-4,4,3,0.0,0.0015983849360142238,0.0018311294805016171,0.3404856988372093,,True
drsr,Korns-4,4,2,0.0,0.0015983849360142238,0.0018311294805016171,0.3404856988372093,,True
drsr,Korns-4,4,20,0.0,0.0018189912216941308,0.0018615775411032149,0.3382245809290258,,True
drsr,feynman_I_27_6,4,60,0.0,0.002118933471212635,0.032724419871432944,0.29139324008922435,,True
drsr,feynman_I_27_6,4,10,0.0,0.019147403550331708,0.08249208979131376,0.2429099215574495,,True
drsr,feynman_I_27_6,4,30,0.0,0.002118933471212635,0.032724419871432944,0.29139324008922435,,True
drsr,feynman_I_27_6,4,5,0.0,0.019147403550331708,0.08249208979131376,0.2429099215574495,,True
drsr,feynman_I_27_6,4,1,0.0,0.02104941782459853,0.14514629614602248,0.2326769269012467,,True
drsr,feynman_I_27_6,4,45,0.0,0.002118933471212635,0.032724419871432944,0.29139324008922435,,True
drsr,feynman_I_27_6,4,3,0.0,0.019147403550331708,0.08249208979131376,0.2429099215574495,,True
drsr,feynman_I_27_6,4,2,0.0,0.019147403550331708,0.08249208979131376,0.2429099215574495,,True
drsr,feynman_I_27_6,4,20,0.0,0.018148947882954607,0.01452087878505101,0.2706841302279063,,True
drsr,feynman-ii.4.23,4,60,0.0,0.9999999749793091,0.9999999591762784,0.1428571438784238,,True
drsr,feynman-ii.4.23,4,10,0.0,0.9999999993277363,0.9999999993277364,0.1428571428779971,,True
drsr,feynman-ii.4.23,4,30,0.0,0.9999999749793091,0.9999999591762784,0.1428571438784238,,True
drsr,feynman-ii.4.23,4,5,0.0,0.9999999998209719,0.999999999820972,0.14285714286269646,,True
drsr,feynman-ii.4.23,4,1,0.0,0.9999999998209719,0.999999999820972,0.14285714286269646,,True
drsr,feynman-ii.4.23,4,45,0.0,0.9999999749793091,0.9999999591762784,0.1428571438784238,,True
drsr,feynman-ii.4.23,4,3,0.0,0.9999999998209719,0.999999999820972,0.14285714286269646,,True
drsr,feynman-ii.4.23,4,2,0.0,0.9999999998209719,0.999999999820972,0.14285714286269646,,True
drsr,feynman-ii.4.23,4,20,0.0,0.9999999856394574,0.9999999765693598,0.14285714344330364,,True
drsr,PO19,4,60,0.0,0.004060816165277019,5.333600861273854,0.20229879137488932,,True
drsr,PO19,4,10,0.0,0.10369089521774354,1484667.8426659382,0.10658069200053227,,True
drsr,PO19,4,30,0.0,0.006663432303392334,127338.82387440788,0.1491536432179143,,True
drsr,PO19,4,5,0.0,0.09821477955460606,1288272.49583223,0.10742225549290196,,True
drsr,PO19,4,1,0.0,0.09821465713574992,1288490.2939334384,0.10742227482584721,,True
drsr,PO19,4,45,0.0,0.005904344654679137,590.8507094644024,0.15102958211950607,,True
drsr,PO19,4,3,0.0,0.09821465713574992,1288490.2939334384,0.10742227482584721,,True
drsr,PO19,4,2,0.0,0.09821465713574992,1288490.2939334384,0.10742227482584721,,True
drsr,PO19,4,20,0.0,0.10369102794584266,1484716.5088107858,0.10658067214652156,,True
drsr,feynman_II_15_4,4,60,0.0,2.5014480601663078e-31,5.908606957084231e-32,1.0,,True
drsr,feynman_II_15_4,4,10,0.0,2.5014480601663078e-31,5.908606957084231e-32,1.0,,True
drsr,feynman_II_15_4,4,30,0.0,2.5014480601663078e-31,5.908606957084231e-32,1.0,,True
drsr,feynman_II_15_4,4,5,0.0,2.5014480601663078e-31,5.908606957084231e-32,1.0,,True
drsr,feynman_II_15_4,4,1,0.0,2.471406335792851e-25,2.4714031228185083e-25,1.0,,True
drsr,feynman_II_15_4,4,45,0.0,2.5014480601663078e-31,5.908606957084231e-32,1.0,,True
drsr,feynman_II_15_4,4,3,0.0,2.471406335792851e-25,2.4714031228185083e-25,1.0,,True
drsr,feynman_II_15_4,4,2,0.0,2.471406335792851e-25,2.4714031228185083e-25,1.0,,True
drsr,feynman_II_15_4,4,20,0.0,2.5014480601663078e-31,5.908606957084231e-32,1.0,,True
drsr,feynman-i.11.19,4,60,0.0,0.32332568209863755,0.33621024277936024,0.17727674490326567,,True
drsr,feynman-i.11.19,4,10,0.0,1.0102629537948604,1.431935323487679,0.13713007748893757,,True
drsr,feynman-i.11.19,4,30,0.0,0.3232199025418786,0.33732130766153595,0.17723064749190814,,True
drsr,feynman-i.11.19,4,5,0.0,1.0102629537948604,1.431935323487679,0.13713007748893757,,True
drsr,feynman-i.11.19,4,1,0.0,1.0022418901793122,0.9951026539537977,0.14289855588302075,,True
drsr,feynman-i.11.19,4,45,0.0,0.32332568209863755,0.33621024277936024,0.17727674490326567,,True
drsr,feynman-i.11.19,4,3,0.0,1.0022418901793122,0.9951026539537977,0.14289855588302075,,True
drsr,feynman-i.11.19,4,2,0.0,1.0022418901793122,0.9951026539537977,0.14289855588302075,,True
drsr,feynman-i.11.19,4,20,0.0,1.0103651186525437,1.4141821311402212,0.13732201107628755,,True
drsr,BPG9,4,60,0.0,3.5578468541869785e-09,1.5193775703292891e-05,0.6166838228201476,,True
drsr,BPG9,4,10,0.0,0.019156030383705062,17.92499625577723,0.15943697889870773,,True
drsr,BPG9,4,30,0.0,3.5578468541869785e-09,1.5193775703292891e-05,0.6166838228201476,,True
drsr,BPG9,4,5,0.0,0.019156301931243173,17.93051394880788,0.15943198529931885,,True
drsr,BPG9,4,1,0.0,0.36622047965626225,0.9999343865121297,0.15843878104994746,,True
drsr,BPG9,4,45,0.0,3.5578468541869785e-09,1.5193775703292891e-05,0.6166838228201476,,True
drsr,BPG9,4,3,0.0,0.36622724409170476,0.9999343730344729,0.1584384947678648,,True
drsr,BPG9,4,2,0.0,0.36622047965626225,0.9999343865121297,0.15843878104994746,,True
drsr,BPG9,4,20,0.0,0.00016983246204423016,0.645681934193881,0.28428430925565545,,True
drsr,feynman-i.29.16,4,60,0.0,0.06860120905900113,0.2888840456661667,0.20367659544639372,,True
drsr,feynman-i.29.16,4,10,0.0,0.06975199558095774,0.28904321985610715,0.20341002058426705,,True
drsr,feynman-i.29.16,4,30,0.0,0.06860120905900113,0.2888840456661667,0.20367659544639372,,True
drsr,feynman-i.29.16,4,5,0.0,0.08692539806865716,0.28194682792009856,0.200381646391248,,True
drsr,feynman-i.29.16,4,1,0.0,0.09780082719716654,0.04215956991457973,0.2280271892898625,,True
drsr,feynman-i.29.16,4,45,0.0,0.06860120905900113,0.2888840456661667,0.20367659544639372,,True
drsr,feynman-i.29.16,4,3,0.0,0.08692539806865716,0.28194682792009856,0.200381646391248,,True
drsr,feynman-i.29.16,4,2,0.0,0.09780082719716654,0.04215956991457973,0.2280271892898625,,True
drsr,feynman-i.29.16,4,20,0.0,0.06860120905900113,0.2888840456661667,0.20367659544639372,,True
drsr,first_principles_hubble,4,60,0.0,0.023193002599143562,0.11913688385156454,0.2342355995303652,,True
drsr,first_principles_hubble,4,10,0.0,0.06803839295537348,0.03308742990663268,0.237413675662278,,True
drsr,first_principles_hubble,4,30,0.0,0.06809469909369263,0.03328696792541198,0.2373075877630515,,True
drsr,first_principles_hubble,4,5,0.0,0.06803839295537348,0.03308742990663268,0.237413675662278,,True
drsr,first_principles_hubble,4,1,0.0,0.06803839295537348,0.03308742990663268,0.237413675662278,,True
drsr,first_principles_hubble,4,45,0.0,0.06809469909369263,0.03328696792541198,0.2373075877630515,,True
drsr,first_principles_hubble,4,3,0.0,0.06803839295537348,0.03308742990663268,0.237413675662278,,True
drsr,first_principles_hubble,4,2,0.0,0.06803839295537348,0.03308742990663268,0.237413675662278,,True
drsr,first_principles_hubble,4,20,0.0,0.06809469909369263,0.03328696792541198,0.2373075877630515,,True
drsr,feynman-i.15.3t,4,60,0.0,1.0855021478512508e+30,9.905522077556683e+29,0.0,,True
drsr,feynman-i.15.3t,4,10,0.0,1.0855021478512508e+30,9.905522077556683e+29,0.0,,True
drsr,feynman-i.15.3t,4,30,0.0,1.0855021478512508e+30,9.905522077556683e+29,0.0,,True
drsr,feynman-i.15.3t,4,5,0.0,1.0855021478512508e+30,9.905522077556683e+29,0.0,,True
drsr,feynman-i.15.3t,4,1,0.0,1.0855021478512508e+30,9.905522077556683e+29,0.0,,True
drsr,feynman-i.15.3t,4,45,0.0,1.0855021478512508e+30,9.905522077556683e+29,0.0,,True
drsr,feynman-i.15.3t,4,3,0.0,1.0855021478512508e+30,9.905522077556683e+29,0.0,,True
drsr,feynman-i.15.3t,4,2,0.0,1.0855021478512508e+30,9.905522077556683e+29,0.0,,True
drsr,feynman-i.15.3t,4,20,0.0,1.0855021478512508e+30,9.905522077556683e+29,0.0,,True
drsr,feynman_test_15,4,60,0.0,0.002148633480565578,0.02424277194158768,0.29583054947446047,,True
drsr,feynman_test_15,4,10,0.0,0.0033366182188378033,0.0529972021397867,0.2768728764463407,,True
drsr,feynman_test_15,4,30,0.0,0.0033366182188378033,0.0529972021397867,0.2768728764463407,,True
drsr,feynman_test_15,4,5,0.0,0.0033366182188378033,0.0529972021397867,0.2768728764463407,,True
drsr,feynman_test_15,4,1,0.0,0.021694010014220784,0.15012012160154092,0.23168647343469745,,True
drsr,feynman_test_15,4,45,0.0,0.0033366182188378033,0.0529972021397867,0.2768728764463407,,True
drsr,feynman_test_15,4,3,0.0,0.02166528994034179,0.1634221563421079,0.23039016278112606,,True
drsr,feynman_test_15,4,2,0.0,0.02168984890354291,0.1575161937790925,0.23094350944300157,,True
drsr,feynman_test_15,4,20,0.0,0.0033366182188378033,0.0529972021397867,0.2768728764463407,,True
drsr,BPG5,1,60,0.0,1.8368788355890273e-13,2.891332526005729e-09,0.8763893556490026,,True
drsr,BPG5,1,10,0.0,2.293483118087389e-13,3.3287612552843854e-09,0.8742041911465712,,True
drsr,BPG5,1,30,0.0,1.8368788355890273e-13,2.891332526005729e-09,0.8763893556490026,,True
drsr,BPG5,1,5,0.0,2.293483118087389e-13,3.3287612552843854e-09,0.8742041911465712,,True
drsr,BPG5,1,1,0.0,0.5339114634194572,1078.1400354379248,0.08116181265937944,,True
drsr,BPG5,1,45,0.0,1.8368788355890273e-13,2.891332526005729e-09,0.8763893556490026,,True
drsr,BPG5,1,3,0.0,0.009364854618971971,119.93007534322729,0.1438749628668386,,True
drsr,BPG5,1,2,0.0,0.5339114634194572,1078.1400354379248,0.08116181265937944,,True
drsr,BPG5,1,20,0.0,1.8368788355890273e-13,2.891332526005729e-09,0.8763893556490026,,True
drsr,feynman-ii.34.2a,1,60,0.0,1.0068500207919222,1.0005138874772013,0.1427432891235203,,True
drsr,feynman-ii.34.2a,1,10,0.0,1.0068508930753928,1.0005139821944498,0.14274327421764665,,True
drsr,feynman-ii.34.2a,1,30,0.0,1.0068508930753928,1.0005139821944498,0.14274327421764665,,True
drsr,feynman-ii.34.2a,1,5,0.0,1.0068508930753928,1.0005139821944498,0.14274327421764665,,True
drsr,feynman-ii.34.2a,1,1,0.0,1.006845665400658,1.0005136101425072,0.1427433605178316,,True
drsr,feynman-ii.34.2a,1,45,0.0,1.0068508930753928,1.0005139821944498,0.14274327421764665,,True
drsr,feynman-ii.34.2a,1,3,0.0,1.006845665400658,1.0005136101425072,0.1427433605178316,,True
drsr,feynman-ii.34.2a,1,2,0.0,1.006845665400658,1.0005136101425072,0.1427433605178316,,True
drsr,feynman-ii.34.2a,1,20,0.0,1.0068508930753928,1.0005139821944498,0.14274327421764665,,True
drsr,strogatz_vdp1,1,60,0.0,1.570702087004249e-25,1.716238377727444e-25,1.0,,True
drsr,strogatz_vdp1,1,10,0.0,1.7443710255874e-24,1.66095207325361e-24,1.0,,True
drsr,strogatz_vdp1,1,30,0.0,1.7443710255874e-24,1.66095207325361e-24,1.0,,True
drsr,strogatz_vdp1,1,5,0.0,0.7098248276789076,0.8019804769403981,0.15159589350651093,,True
drsr,strogatz_vdp1,1,1,0.0,0.8645829930623645,0.8787777822685794,0.14711836583093224,,True
drsr,strogatz_vdp1,1,45,0.0,1.570702087004249e-25,1.716238377727444e-25,1.0,,True
drsr,strogatz_vdp1,1,3,0.0,0.8645829930623645,0.8787777822685794,0.14711836583093224,,True
drsr,strogatz_vdp1,1,2,0.0,0.8645829930623645,0.8787777822685794,0.14711836583093224,,True
drsr,strogatz_vdp1,1,20,0.0,1.7443710255874e-24,1.66095207325361e-24,1.0,,True
drsr,II.11.27_1_0,1,60,0.0,0.03596630236611632,0.50094894113161,0.2051539552140783,,True
drsr,II.11.27_1_0,1,10,0.0,0.03596630236611632,0.50094894113161,0.2051539552140783,,True
drsr,II.11.27_1_0,1,30,0.0,0.03596630236611632,0.50094894113161,0.2051539552140783,,True
drsr,II.11.27_1_0,1,5,0.0,0.03596630236611632,0.50094894113161,0.2051539552140783,,True
drsr,II.11.27_1_0,1,1,0.0,0.9954945624716028,1.000673642780915,0.1429167373914232,,True
drsr,II.11.27_1_0,1,45,0.0,0.03596630236611632,0.50094894113161,0.2051539552140783,,True
drsr,II.11.27_1_0,1,3,0.0,0.9953078509615376,1.0005957181999,0.14292085464705628,,True
drsr,II.11.27_1_0,1,2,0.0,0.9953078509615376,1.0005957181999,0.14292085464705628,,True
drsr,II.11.27_1_0,1,20,0.0,0.03596630236611632,0.50094894113161,0.2051539552140783,,True
drsr,Nguyen-6,1,60,0.0,2.592975150038946e-08,0.003925287077206382,0.49972607931375335,,True
drsr,Nguyen-6,1,10,0.0,1.656834007415427e-06,,0.0,,False
drsr,Nguyen-6,1,30,0.0,3.0526308996978396e-08,0.004410587505518248,0.49538675932775283,,True
drsr,Nguyen-6,1,5,0.0,2.6179434522599987e-05,0.0537446515029721,0.35184658883360886,,True
drsr,Nguyen-6,1,1,0.0,5.114455205894004e-05,0.04056967184083455,0.3458213973546057,,True
drsr,Nguyen-6,1,45,0.0,3.0526308996978396e-08,0.004410587505518248,0.49538675932775283,,True
drsr,Nguyen-6,1,3,0.0,2.6968369867671907e-05,0.05484871779343462,0.3510706723103885,,True
drsr,Nguyen-6,1,2,0.0,4.120270971381469e-05,0.04406878925960353,0.34789082509084995,,True
drsr,Nguyen-6,1,20,0.0,3.0526308996978396e-08,0.004410587505518248,0.49538675932775283,,True
drsr,feynman_I_12_11,1,60,0.0,0.10467026328989629,0.3085378303921991,0.19610243793270615,,True
drsr,feynman_I_12_11,1,10,0.0,0.6991037053208726,0.8549930760971406,0.15083913565428553,,True
drsr,feynman_I_12_11,1,30,0.0,0.10467026328989629,0.3085378303921991,0.19610243793270615,,True
drsr,feynman_I_12_11,1,5,0.0,0.29054328264268625,0.7661488310777611,0.16615985777435593,,True
drsr,feynman_I_12_11,1,1,0.0,0.29054328264268625,0.7661488310777611,0.16615985777435593,,True
drsr,feynman_I_12_11,1,45,0.0,0.10467026328989629,0.3085378303921991,0.19610243793270615,,True
drsr,feynman_I_12_11,1,3,0.0,0.29054328264268625,0.7661488310777611,0.16615985777435593,,True
drsr,feynman_I_12_11,1,2,0.0,0.29054328264268625,0.7661488310777611,0.16615985777435593,,True
drsr,feynman_I_12_11,1,20,0.0,0.2990359104978235,0.5909370097149753,0.16974055232033824,,True
drsr,Keijzer-11,1,60,0.0,1.1005516482980187,1.1609987917987032,0.13905563584422126,,True
drsr,Keijzer-11,1,10,0.0,0.16441953011082502,0.14464887674485843,0.20084755470552018,,True
drsr,Keijzer-11,1,30,0.0,2.0652223382328936,1.9839511292210488,0.12098222200553116,,True
drsr,Keijzer-11,1,5,0.0,0.16441953011082502,0.14464887674485843,0.20084755470552018,,True
drsr,Keijzer-11,1,1,0.0,0.06595169018389635,0.03140764455174067,0.23870495367086209,,True
drsr,Keijzer-11,1,45,0.0,0.9392978640336727,1.0247234221072885,0.14344964293780987,,True
drsr,Keijzer-11,1,3,0.0,0.16441953011082502,0.14464887674485843,0.20084755470552018,,True
drsr,Keijzer-11,1,2,0.0,0.0659608685631512,0.03141701620396441,0.23869816779407566,,True
drsr,Keijzer-11,1,20,0.0,4.869353734475159,6.426233536739698,0.08944900609629858,,True
drsr,BPG3,1,60,0.0,2.0484032296227648e-10,1.000468392399051e-07,0.7388707562677197,,True
drsr,BPG3,1,10,0.0,18442218.761605736,3.259954580444244e+18,0.0,,True
drsr,BPG3,1,30,0.0,6.565863222368737e-10,0.0022207547609351314,0.5655788416691396,,True
drsr,BPG3,1,5,0.0,1.652460961039255e-06,0.8431309211536492,0.3519990633863678,,True
drsr,BPG3,1,1,0.0,1.3227054500427575e-05,0.021061732902433652,0.3769658127178179,,True
drsr,BPG3,1,45,0.0,6.565863222368737e-10,0.0022207547609351314,0.5655788416691396,,True
drsr,BPG3,1,3,0.0,1.652460961039255e-06,0.8431309211536492,0.3519990633863678,,True
drsr,BPG3,1,2,0.0,1.3053463557639523e-05,6617.892000121699,0.24586693710524737,,True
drsr,BPG3,1,20,0.0,6.565863222368737e-10,0.0022207547609351314,0.5655788416691396,,True
drsr,feynman-ii.27.18,1,60,0.0,0.0004036765162838992,1.5043749150387822e-05,0.4363075154166676,,True
drsr,feynman-ii.27.18,1,10,0.0,0.0004036765162838992,1.5043749150387822e-05,0.4363075154166676,,True
drsr,feynman-ii.27.18,1,30,0.0,0.0004036765162838992,1.5043749150387822e-05,0.4363075154166676,,True
drsr,feynman-ii.27.18,1,5,0.0,0.0004036765162838992,1.5043749150387822e-05,0.4363075154166676,,True
drsr,feynman-ii.27.18,1,1,0.0,0.10213128729462738,0.17542469614286293,0.20524108789730328,,True
drsr,feynman-ii.27.18,1,45,0.0,0.0004036765162838992,1.5043749150387822e-05,0.4363075154166676,,True
drsr,feynman-ii.27.18,1,3,0.0,0.0004036765162838992,1.5043749150387822e-05,0.4363075154166676,,True
drsr,feynman-ii.27.18,1,2,0.0,0.10213128729462738,0.17542469614286293,0.20524108789730328,,True
drsr,feynman-ii.27.18,1,20,0.0,0.0004036765162838992,1.5043749150387822e-05,0.4363075154166676,,True
drsr,CRK34,1,60,0.0,7.712242939451049e-10,5.241982338630654e-06,0.6569044194649436,,True
drsr,CRK34,1,10,0.0,2.012643561171085e-09,4.9224372563056186e-05,0.6072876050948344,,True
drsr,CRK34,1,30,0.0,7.712242939451049e-10,5.241982338630654e-06,0.6569044194649436,,True
drsr,CRK34,1,5,0.0,2.012643561171085e-09,4.9224372563056186e-05,0.6072876050948344,,True
drsr,CRK34,1,1,0.0,0.015065311244819087,99.96212191113293,0.1365066580398876,,True
drsr,CRK34,1,45,0.0,7.712242939451049e-10,5.241982338630654e-06,0.6569044194649436,,True
drsr,CRK34,1,3,0.0,3.678333970330088e-06,0.04305259181254779,0.3857267693013968,,True
drsr,CRK34,1,2,0.0,7199019.966005358,1664395682577.6726,0.0,,True
drsr,CRK34,1,20,0.0,7.712242939451049e-10,5.241982338630654e-06,0.6569044194649436,,True
drsr,I.11.19_4_0,1,60,0.0,0.059763802149494075,0.2634877886214689,0.2072429031462149,,True
drsr,I.11.19_4_0,1,10,0.0,0.06252484200217132,0.27476982407605594,0.2058920843344375,,True
drsr,I.11.19_4_0,1,30,0.0,0.060826632881299435,0.2695646795380157,0.20661582988306526,,True
drsr,I.11.19_4_0,1,5,0.0,0.0625198668878576,0.27477165117523494,0.2058932154207168,,True
drsr,I.11.19_4_0,1,1,0.0,0.0625198668878576,0.27477165117523494,0.2058932154207168,,True
drsr,I.11.19_4_0,1,45,0.0,0.05975292137587999,0.26345780491473564,0.20724749242013657,,True
drsr,I.11.19_4_0,1,3,0.0,0.0625198668878576,0.27477165117523494,0.2058932154207168,,True
drsr,I.11.19_4_0,1,2,0.0,0.0625198668878576,0.27477165117523494,0.2058932154207168,,True
drsr,I.11.19_4_0,1,20,0.0,0.06134988715920599,0.2765838909917262,0.20608426249041728,,True
drsr,PO41,1,60,0.0,0.0025264372136462737,3069.788439605245,0.164196124652285,,True
drsr,PO41,1,10,0.0,0.0025264372136462737,3069.788439605245,0.164196124652285,,True
drsr,PO41,1,30,0.0,0.0025264372136462737,3069.788439605245,0.164196124652285,,True
drsr,PO41,1,5,0.0,0.018202705022526914,10396.097499283002,0.13356657388070692,,True
drsr,PO41,1,1,0.0,0.05531820914928361,20040.456882906492,0.1163261388578552,,True
drsr,PO41,1,45,0.0,0.0025264372136462737,3069.788439605245,0.164196124652285,,True
drsr,PO41,1,3,0.0,0.018974433508398555,3711.745013687698,0.13292254219025118,,True
drsr,PO41,1,2,0.0,0.020315862544684964,0.07942243861556353,0.24257933987722397,,True
drsr,PO41,1,20,0.0,0.0025264372136462737,3069.788439605245,0.164196124652285,,True
drsr,III.21.20_3_0,1,60,0.0,0.09372465179364702,1.2258170851133985,0.17641858908061225,,True
drsr,III.21.20_3_0,1,10,0.0,0.22508960167996903,0.4486314777856661,0.1784198151856915,,True
drsr,III.21.20_3_0,1,30,0.0,0.09612132423614794,1.0391112751166118,0.17858993562196857,,True
drsr,III.21.20_3_0,1,5,0.0,0.22508960167996903,0.4486314777856661,0.1784198151856915,,True
drsr,III.21.20_3_0,1,1,0.0,0.2250895254051248,0.448630896853155,0.17841984052622217,,True
drsr,III.21.20_3_0,1,45,0.0,0.09612132423614794,1.0391112751166118,0.17858993562196857,,True
drsr,III.21.20_3_0,1,3,0.0,0.22508960167996903,0.4486314777856661,0.1784198151856915,,True
drsr,III.21.20_3_0,1,2,0.0,0.22508960167996903,0.4486314777856661,0.1784198151856915,,True
drsr,III.21.20_3_0,1,20,0.0,0.21314204691200417,0.6826261688497713,0.17275528337881857,,True
drsr,feynman-iii.10.19,1,60,0.0,1.0,1.0,0.1428571428571429,,True
drsr,feynman-iii.10.19,1,10,0.0,,1.3395530196644434e+19,0.0,,False
drsr,feynman-iii.10.19,1,30,0.0,7100834288882695.0,75550141287152.25,0.0,,True
drsr,feynman-iii.10.19,1,5,0.0,7.196631856835374e+35,6.53101608500452e+30,0.0,,True
drsr,feynman-iii.10.19,1,1,0.0,9.549385311377208e+36,8.66628190371183e+31,0.0,,True
drsr,feynman-iii.10.19,1,45,0.0,1.0,1.0,0.1428571428571429,,True
drsr,feynman-iii.10.19,1,3,0.0,9.549385311377208e+36,8.66628190371183e+31,0.0,,True
drsr,feynman-iii.10.19,1,2,0.0,9.549385311377208e+36,8.66628190371183e+31,0.0,,True
drsr,feynman-iii.10.19,1,20,0.0,7100834288882695.0,75550141287152.25,0.0,,True
drsr,II.34.2_1_0,1,60,0.0,0.018790800380893067,0.7919472234783189,0.20811994573229053,,True
drsr,II.34.2_1_0,1,10,0.0,0.021722103285886748,2.406553718607358,0.18863223447371585,,True
drsr,II.34.2_1_0,1,30,0.0,0.018790800380893067,0.7919472234783189,0.20811994573229053,,True
drsr,II.34.2_1_0,1,5,0.0,0.021722103285886748,2.406553718607358,0.18863223447371585,,True
drsr,II.34.2_1_0,1,1,0.0,0.09079712748877272,0.3585810774258576,0.1959764472517624,,True
drsr,II.34.2_1_0,1,45,0.0,0.018790800380893067,0.7919472234783189,0.20811994573229053,,True
drsr,II.34.2_1_0,1,3,0.0,0.09079712748877272,0.3585810774258576,0.1959764472517624,,True
drsr,II.34.2_1_0,1,2,0.0,0.09079712748877272,0.3585810774258576,0.1959764472517624,,True
drsr,II.34.2_1_0,1,20,0.0,0.018790800380893067,0.7919472234783189,0.20811994573229053,,True
drsr,feynman-i.43.31,1,60,0.0,0.5595997278615714,0.6670005712044589,0.15814272498373794,,True
drsr,feynman-i.43.31,1,10,0.0,0.9999995715144422,0.9999999603135655,0.14285715011873407,,True
drsr,feynman-i.43.31,1,30,0.0,0.9999961884453799,0.9999996469328606,0.14285720745269392,,True
drsr,feynman-i.43.31,1,5,0.0,0.9999995715144422,0.9999999603135655,0.14285715011873407,,True
drsr,feynman-i.43.31,1,1,0.0,0.9999999195511036,0.9999999925488913,0.14285714422051737,,True
drsr,feynman-i.43.31,1,45,0.0,0.5595997278615714,0.6670005712044589,0.15814272498373794,,True
drsr,feynman-i.43.31,1,3,0.0,0.9999995715144422,0.9999999603135655,0.14285715011873407,,True
drsr,feynman-i.43.31,1,2,0.0,0.9999995715144422,0.9999999603135655,0.14285715011873407,,True
drsr,feynman-i.43.31,1,20,0.0,0.9999961884453799,0.9999996469328606,0.14285720745269392,,True
drsr,feynman-i.39.22,1,60,0.0,3.199354829321224e+66,5.73983765236634e+70,0.0,,True
drsr,feynman-i.39.22,1,10,0.0,0.9999999999999212,1.0000000000012632,0.14285714285712442,,True
drsr,feynman-i.39.22,1,30,0.0,3.199354829321224e+66,5.73983765236634e+70,0.0,,True
drsr,feynman-i.39.22,1,5,0.0,10789282.578734022,17421898.238371022,0.0,,True
drsr,feynman-i.39.22,1,1,0.0,10789282.578734022,17421898.238371022,0.0,,True
drsr,feynman-i.39.22,1,45,0.0,3.199354829321224e+66,5.73983765236634e+70,0.0,,True
drsr,feynman-i.39.22,1,3,0.0,10789282.578734022,17421898.238371022,0.0,,True
drsr,feynman-i.39.22,1,2,0.0,10789282.578734022,17421898.238371022,0.0,,True
drsr,feynman-i.39.22,1,20,0.0,1.0000006134889883,0.999999999797947,0.1428571333447482,,True
drsr,strogatz_barmag2,1,60,0.0,1.545110764839542e-22,6.368828318556568e-22,1.0,,True
drsr,strogatz_barmag2,1,10,0.0,0.33978169849001716,41.76519888947216,0.10171376654115577,,True
drsr,strogatz_barmag2,1,30,0.0,0.016653203696240283,0.2613467351047523,0.227188754527396,,True
drsr,strogatz_barmag2,1,5,0.0,0.19961736816494127,30.285078075019655,0.11494903489315633,,True
drsr,strogatz_barmag2,1,1,0.0,0.9581727292486278,16.05216553089109,0.10046509158182504,,True
drsr,strogatz_barmag2,1,45,0.0,1.6786181326881313e-19,7.9823796658114415e-19,1.0,,True
drsr,strogatz_barmag2,1,3,0.0,0.19961736816494127,30.285078075019655,0.11494903489315633,,True
drsr,strogatz_barmag2,1,2,0.0,0.19961736816494127,30.285078075019655,0.11494903489315633,,True
drsr,strogatz_barmag2,1,20,0.0,0.0229861567289646,0.2503501533681814,0.22285663480844992,,True
drsr,feynman-i.32.5,1,60,0.0,0.09567446357155385,0.17983146654345994,0.2058692242176145,,True
drsr,feynman-i.32.5,1,10,0.0,0.8146060294251529,0.9217204744123428,0.14730189803760568,,True
drsr,feynman-i.32.5,1,30,0.0,0.11486291542065671,0.16546958624769975,0.20432507085018853,,True
drsr,feynman-i.32.5,1,5,0.0,0.8146060294251529,0.9217204744123428,0.14730189803760568,,True
drsr,feynman-i.32.5,1,1,0.0,0.8215814870690767,0.9270011168055158,0.14708103921503335,,True
drsr,feynman-i.32.5,1,45,0.0,0.09918329308236971,0.18927495598301705,0.20451672580383368,,True
drsr,feynman-i.32.5,1,3,0.0,0.8146060294251529,0.9217204744123428,0.14730189803760568,,True
drsr,feynman-i.32.5,1,2,0.0,0.8146060294251529,0.9217204744123428,0.14730189803760568,,True
drsr,feynman-i.32.5,1,20,0.0,0.11486291542065671,0.16546958624769975,0.20432507085018853,,True
drsr,Vladislavleva-4,1,60,0.0,0.04363922353442469,0.052663343293109094,0.2370933771013889,,True
drsr,Vladislavleva-4,1,10,0.0,0.04535220413109184,0.0544355172793907,0.235982830251401,,True
drsr,Vladislavleva-4,1,30,0.0,0.04535224190874106,0.054435646245348274,0.23598278058468453,,True
drsr,Vladislavleva-4,1,5,0.0,0.04535220413109184,0.0544355172793907,0.235982830251401,,True
drsr,Vladislavleva-4,1,1,0.0,0.13818161984854058,0.14359966025772547,0.20365701100532035,,True
drsr,Vladislavleva-4,1,45,0.0,0.045352228696031185,0.05443562916782849,0.23598278996939792,,True
drsr,Vladislavleva-4,1,3,0.0,0.04535220413109184,0.0544355172793907,0.235982830251401,,True
drsr,Vladislavleva-4,1,2,0.0,0.04535220413109184,0.0544355172793907,0.235982830251401,,True
drsr,Vladislavleva-4,1,20,0.0,0.04535220413109184,0.0544355172793907,0.235982830251401,,True
drsr,CRK0,1,60,0.0,3.965163382307078e-08,1.4490596311604411e-05,0.5800233091198883,,True
drsr,CRK0,1,10,0.0,1.6815501849402399e-06,0.00784297982194076,0.42427889532848034,,True
drsr,CRK0,1,30,0.0,3.965163382307078e-08,1.4490596311604411e-05,0.5800233091198883,,True
drsr,CRK0,1,5,0.0,1.6815501849402399e-06,0.00784297982194076,0.42427889532848034,,True
drsr,CRK0,1,1,0.0,0.0024679273476420458,0.8549416806030833,0.2384189692467425,,True
drsr,CRK0,1,45,0.0,3.965163382307078e-08,1.4490596311604411e-05,0.5800233091198883,,True
drsr,CRK0,1,3,0.0,1.2693167149589344e-05,0.002406663371411138,0.411250523311164,,True
drsr,CRK0,1,2,0.0,1.2693167149589344e-05,0.002406663371411138,0.411250523311164,,True
drsr,CRK0,1,20,0.0,3.965163382307078e-08,1.4490596311604411e-05,0.5800233091198883,,True
drsr,feynman-bonus.20,1,60,0.0,1.0000184909337722,0.9999999972739517,0.14285685609813037,,True
drsr,feynman-bonus.20,1,10,0.0,1.0,1.0,0.1428571428571429,,True
drsr,feynman-bonus.20,1,30,0.0,1.0000000060187608,0.9999999999996385,0.14285714276379435,,True
drsr,feynman-bonus.20,1,5,0.0,21298835161.976837,14910.240351957558,0.0,,True
drsr,feynman-bonus.20,1,1,0.0,21298835161.976837,14910.240351957558,0.0,,True
drsr,feynman-bonus.20,1,45,0.0,1.0000184909337722,0.9999999972739517,0.14285685609813037,,True
drsr,feynman-bonus.20,1,3,0.0,21298835161.976837,14910.240351957558,0.0,,True
drsr,feynman-bonus.20,1,2,0.0,21298835161.976837,14910.240351957558,0.0,,True
drsr,feynman-bonus.20,1,20,0.0,1.0,1.0,0.1428571428571429,,True
drsr,Korns-2,1,60,0.0,1.099810920103361,1.110705529207106,0.13975296566625323,,True
drsr,Korns-2,1,10,0.0,1.108910223273726,1.0949974536086975,0.13984608940787896,,True
drsr,Korns-2,1,30,0.0,1.099810920103361,1.110705529207106,0.13975296566625323,,True
drsr,Korns-2,1,5,0.0,1.108910223273726,1.0949974536086975,0.13984608940787896,,True
drsr,Korns-2,1,1,0.0,1.073910026714833,1.0452200182913123,0.14106515656816393,,True
drsr,Korns-2,1,45,0.0,1.099810920103361,1.110705529207106,0.13975296566625323,,True
drsr,Korns-2,1,3,0.0,1.083466897328861,1.1314262479804005,0.13969850368626596,,True
drsr,Korns-2,1,2,0.0,1.083466897328861,1.1314262479804005,0.13969850368626596,,True
drsr,Korns-2,1,20,0.0,1.0792134491906027,1.111564848754216,0.14003420880619571,,True
drsr,strogatz_shearflow1,1,60,0.0,0.32216985902530426,1.3966030070323872,0.15524436143402187,,True
drsr,strogatz_shearflow1,1,10,0.0,0.768313122568952,3.0741089599493416,0.1295265175849496,,True
drsr,strogatz_shearflow1,1,30,0.0,0.32215794433225126,1.396161304169567,0.15524984134317643,,True
drsr,strogatz_shearflow1,1,5,0.0,0.768313122568952,3.0741089599493416,0.1295265175849496,,True
drsr,strogatz_shearflow1,1,1,0.0,0.7103311349508223,1.7615472354407564,0.1393801734256766,,True
drsr,strogatz_shearflow1,1,45,0.0,0.32218099809359907,1.396813219084824,0.15524149074904714,,True
drsr,strogatz_shearflow1,1,3,0.0,0.768313122568952,3.0741089599493416,0.1295265175849496,,True
drsr,strogatz_shearflow1,1,2,0.0,0.7103311349508223,1.7615472354407564,0.1393801734256766,,True
drsr,strogatz_shearflow1,1,20,0.0,0.32215794433225126,1.396161304169567,0.15524984134317643,,True
drsr,CRK33,1,60,0.0,9.874884244596339e-11,6.274144548431755e-07,0.7217111952315045,,True
drsr,CRK33,1,10,0.0,1.1768980052365532e-05,0.21244851374593515,0.34292883843090255,,True
drsr,CRK33,1,30,0.0,9.874884244596339e-11,6.274144548431755e-07,0.7217111952315045,,True
drsr,CRK33,1,5,0.0,1.1768980052365532e-05,0.21244851374593515,0.34292883843090255,,True
drsr,CRK33,1,1,0.0,0.024911136799484562,289.7337207828109,0.12870023047626816,,True
drsr,CRK33,1,45,0.0,9.874884244596339e-11,6.274144548431755e-07,0.7217111952315045,,True
drsr,CRK33,1,3,0.0,1.1768980052365532e-05,0.21244851374593515,0.34292883843090255,,True
drsr,CRK33,1,2,0.0,0.0068038368882261035,216.2735964289774,0.1488302180890289,,True
drsr,CRK33,1,20,0.0,9.874884244596339e-11,6.274144548431755e-07,0.7217111952315045,,True
tpsr,strogatz_predprey2,2,10,0.01,0.1756951725832109,0.47254769271721836,0.1814569472876758,80.0,True
tpsr,strogatz_predprey2,2,5,0.01,0.1756951725832109,0.47254769271721836,0.1814569472876758,80.0,True
tpsr,strogatz_predprey2,2,1,0.01,0.23395463688490506,0.5298357221968678,0.17524025382909142,68.0,True
tpsr,strogatz_predprey2,2,3,0.01,0.23395463688490506,0.5298357221968678,0.17524025382909142,68.0,True
tpsr,strogatz_predprey2,2,2,0.01,0.23395463688490506,0.5298357221968678,0.17524025382909142,68.0,True
tpsr,feynman_II_15_4,2,10,0.01,0.5574066202347782,2.2336826865401034,0.13945737141333786,45.0,True
tpsr,feynman_II_15_4,2,5,0.01,0.5826353766126315,2.185755294238728,0.13910720036812085,45.0,True
tpsr,feynman_II_15_4,2,1,0.01,0.5860318435061108,2.1258980020826437,0.13944772718145165,49.0,True
tpsr,feynman_II_15_4,2,3,0.01,0.5826105317439939,2.1665764100632177,0.13924455924243873,49.0,True
tpsr,feynman_II_15_4,2,2,0.01,0.5860318435061108,2.1258980020826437,0.13944772718145165,49.0,True
tpsr,feynman-i.32.5,2,10,0.01,0.8776436360710557,0.9803992314159803,0.14518852963725887,64.0,True
tpsr,feynman-i.32.5,2,5,0.01,0.899611167390316,0.9722157353494838,0.14493508986383996,58.0,True
tpsr,feynman-i.32.5,2,1,0.01,0.8965009264696998,0.9692959246034919,0.14503545966198406,67.0,True
tpsr,feynman-i.32.5,2,3,0.01,0.899611167390316,0.9722157353494838,0.14493508986383996,58.0,True
tpsr,feynman-i.32.5,2,2,0.01,0.8996617140232875,0.9717047859455035,0.14494237211361266,58.0,True
tpsr,BPG3,2,10,0.01,0.004942070083541764,1918363.9585727619,0.153788967862721,61.0,True
tpsr,BPG3,2,5,0.01,0.01733008113719187,65106301.699816585,0.13432855014181772,61.0,True
tpsr,BPG3,2,1,0.01,0.22568651565115377,41169.438646409195,0.0945176567297597,55.0,True
tpsr,BPG3,2,3,0.01,0.2255759079082598,41169.68994119415,0.0945252602138727,55.0,True
tpsr,BPG3,2,2,0.01,0.2256359468437423,41169.675128056675,0.09452113250783922,55.0,True
tpsr,Nguyen-6,2,1,0.01,0.002138189198024214,0.1376511539319115,0.26897050044162685,45.0,True
tpsr,Nguyen-6,2,3,0.01,0.0007278170366296856,0.1237110959789622,0.2873417545829548,59.0,True
tpsr,Nguyen-6,2,2,0.01,0.0004332240472069502,0.1316863377981001,0.29441952588085535,59.0,True
tpsr,Nguyen-12,-1,1,0.01,0.005463168612371015,0.060330666596818426,0.26721490255554126,53.0,True
tpsr,Nguyen-12,-1,3,0.01,0.010772572483412008,0.04859809310457449,0.26003790522693054,53.0,True
tpsr,Nguyen-12,-1,2,0.01,0.010772572483412008,0.04859809310457449,0.26003790522693054,53.0,True
tpsr,feynman-iii.7.38,-1,10,0.01,0.988705614918606,0.9999973477884437,0.14303336254624155,40.0,True
tpsr,feynman-iii.7.38,-1,5,0.01,0.9912452835260752,0.9999973536735228,0.14299357197805485,40.0,True
tpsr,feynman-iii.7.38,-1,1,0.01,0.9999974000194524,1.0000000173984471,0.14285718291437938,44.0,True
tpsr,feynman-iii.7.38,-1,3,0.01,1.0017248836505597,1.0000448729030942,0.14282971608040368,44.0,True
tpsr,feynman-iii.7.38,-1,2,0.01,1.0017248836505597,1.0000448729030942,0.14282971608040368,44.0,True
tpsr,feynman-i.15.3t,-1,60,0.01,0.816780458104765,0.37876473992302223,0.16105446852757088,151.0,True
tpsr,feynman-i.15.3t,-1,10,0.01,0.8198061082870535,0.3475247350148163,0.16233225461652828,199.0,True
tpsr,feynman-i.15.3t,-1,30,0.01,0.8106561949410276,0.45376808993115014,0.15836890507630091,151.0,True
tpsr,feynman-i.15.3t,-1,5,0.01,0.8177055438111325,0.34459543814567406,0.16250334050039272,199.0,True
tpsr,feynman-i.15.3t,-1,45,0.01,0.8106561949410276,0.45376808993115014,0.15836890507630091,151.0,True
tpsr,feynman-i.15.3t,-1,3,0.01,0.8180100395801037,0.3456607147363008,0.16244969080374966,199.0,True
tpsr,feynman-i.15.3t,-1,2,0.01,0.8182192015140591,0.3466214320592797,0.16240267574031347,199.0,True
tpsr,feynman-i.15.3t,-1,20,0.01,0.8174028106694806,0.3471684238015044,0.16239370198592612,199.0,True
tpsr,CRK10,-1,10,0.01,0.15441829227338705,342.1954287364553,0.10040361624139588,62.0,True
tpsr,CRK10,-1,5,0.01,0.3835642021766138,25.20919513575076,0.10766439114500143,38.0,True
tpsr,CRK10,-1,1,0.01,0.42000973422878035,25.43389827279382,0.10611884693821139,38.0,True
tpsr,CRK10,-1,3,0.01,0.42000973422878035,25.43389827279382,0.10611884693821139,38.0,True
tpsr,CRK10,-1,2,0.01,0.42000973422878035,25.43389827279382,0.10611884693821139,38.0,True
tpsr,strogatz_barmag2,-1,10,0.01,0.7690229340120147,1.1970508133226723,0.14414100436774413,95.0,True
tpsr,strogatz_barmag2,-1,5,0.01,0.8193197664050096,1.2169745180660616,0.14290232438407013,104.0,True
tpsr,strogatz_barmag2,-1,1,0.01,1.0015900356933607,1.6587580474011592,0.13498310578017936,108.0,True
tpsr,strogatz_barmag2,-1,3,0.01,1.0061380724568678,1.089910781230176,0.14142683815445983,102.0,True
tpsr,strogatz_barmag2,-1,2,0.01,1.0061380724568678,1.089910781230176,0.14142683815445983,102.0,True
tpsr,BPG9,-1,10,0.01,0.777526433386149,802.5963622569977,0.07533160133718525,54.0,True
tpsr,BPG9,-1,5,0.01,0.8621439730982916,163.0555211352527,0.07372929297970082,45.0,True
tpsr,BPG9,-1,1,0.01,0.8707196697145221,389.88978128078077,0.07357577302281892,49.0,True
tpsr,BPG9,-1,3,0.01,0.8503352686330914,437.0456802107187,0.07394320741738725,55.0,True
tpsr,BPG9,-1,2,0.01,0.8502503875374018,449.47265380293084,0.07394475576597159,55.0,True
tpsr,first_principles_hubble,-1,1,0.01,0.06418066829410086,0.16112886435231946,0.21376508638824449,53.0,True
tpsr,first_principles_hubble,-1,3,0.01,0.05764356294747944,0.09572500948544486,0.2235079916157467,57.0,True
tpsr,first_principles_hubble,-1,2,0.01,0.12463834089441582,0.10904261426623583,0.20952686020149974,57.0,True
tpsr,III.21.20_3_0,-1,10,0.01,0.9008386126040652,0.9999981117814729,0.1444769223926073,70.0,True
tpsr,III.21.20_3_0,-1,5,0.01,0.9008386232645651,0.9999981117813341,0.1444769222090584,67.0,True
tpsr,III.21.20_3_0,-1,1,0.01,0.9008386235157201,0.9999981117813322,0.14447692220473402,67.0,True
tpsr,III.21.20_3_0,-1,3,0.01,0.9008386235157201,0.9999981117813322,0.14447692220473402,67.0,True
tpsr,III.21.20_3_0,-1,2,0.01,0.9008386235157201,0.9999981117813322,0.14447692220473402,67.0,True
tpsr,feynman-ii.27.18,1,10,0.01,0.2182136200967858,0.3756082164326758,0.18165653792621117,44.0,True
tpsr,feynman-ii.27.18,1,5,0.01,0.4664083214432956,0.6207262063863321,0.16208334387439893,44.0,True
tpsr,feynman-ii.27.18,1,1,0.01,0.9429911815988736,1.1096706995212422,0.14215350892033873,44.0,True
tpsr,feynman-ii.27.18,1,3,0.01,0.4664083214432956,0.6207262063863321,0.16208334387439893,44.0,True
tpsr,feynman-ii.27.18,1,2,0.01,0.4664083214432956,0.6207262063863321,0.16208334387439893,44.0,True
tpsr,feynman-i.39.22,1,60,0.01,2.720634305841184e+92,2.4599318551082595e+102,0.0,199.0,True
tpsr,feynman-i.39.22,1,10,0.01,2.720634305841184e+92,2.4599318551082595e+102,0.0,84.0,True
tpsr,feynman-i.39.22,1,30,0.01,2.720634305841184e+92,2.4599318551082595e+102,0.0,199.0,True
tpsr,feynman-i.39.22,1,5,0.01,1.1192878677969208e+94,9.485538081123142e+101,0.0,88.0,True
tpsr,feynman-i.39.22,1,45,0.01,2.720634305841184e+92,2.4599318551082595e+102,0.0,199.0,True
tpsr,feynman-i.39.22,1,3,0.01,4.477151471187683e+94,3.794215232449257e+102,0.0,98.0,True
tpsr,feynman-i.39.22,1,2,0.01,2.3813427532637744e+181,1.0333864901261778e+190,0.0,108.0,True
tpsr,feynman-i.39.22,1,20,0.01,2.720634305841184e+92,2.4599318551082595e+102,0.0,84.0,True
tpsr,CRK11,1,10,0.01,0.9723902544617405,236.2050402272746,0.07186283580052771,29.0,True
tpsr,CRK11,1,5,0.01,0.9724106390995112,236.0142428728641,0.07186251065025034,29.0,True
tpsr,CRK11,1,3,0.01,0.9726118003088872,236.04698374728096,0.07185930234339682,29.0,True
tpsr,CRK11,1,2,0.01,0.9726118003088872,236.04698374728096,0.07185930234339682,29.0,True
tpsr,feynman_I_12_11,1,10,0.01,0.8349489475496451,0.9658981980503026,0.1461931686613277,65.0,True
tpsr,feynman_I_12_11,1,5,0.01,0.8349489475496451,0.9658981980503026,0.1461931686613277,65.0,True
tpsr,feynman_I_12_11,1,1,0.01,0.8463079427525274,0.9749527328782918,0.1458388579353918,59.0,True
tpsr,feynman_I_12_11,1,3,0.01,0.8349489475496451,0.9658981980503026,0.1461931686613277,65.0,True
tpsr,feynman_I_12_11,1,2,0.01,0.8463079427833073,0.9749527328434379,0.1458388579353822,59.0,True
tpsr,feynman-i.29.16,1,10,0.01,0.23619937701370616,0.36358267572843095,0.18093278824114079,73.0,True
tpsr,feynman-i.29.16,1,5,0.01,0.23619937701370616,0.36358267572843095,0.18093278824114079,73.0,True
tpsr,feynman-i.29.16,1,1,0.01,0.4116012817338687,0.6697151496069323,0.16284404136773017,73.0,True
tpsr,feynman-i.29.16,1,3,0.01,0.37561980643228454,0.6182744248856452,0.16550250833251645,60.0,True
tpsr,feynman-i.29.16,1,2,0.01,0.37561980643228454,0.6182744248856452,0.16550250833251645,60.0,True
tpsr,feynman-i.29.16,1,20,0.01,0.23619937701370616,0.36358267572843095,0.18093278824114079,73.0,True
tpsr,Nguyen-6,1,1,0.01,0.0731900067631663,0.0017538248967133286,0.28184149935093245,36.0,True
tpsr,Nguyen-6,1,2,0.01,0.05784348172525628,0.006459715459784925,0.2652690066200546,35.0,True
tpsr,III.21.20_3_0,1,10,0.01,0.900196497170503,0.9999953699567481,0.14448802471859068,108.0,True
tpsr,III.21.20_3_0,1,30,0.01,0.900196497170503,0.9999953699567481,0.14448802471859068,108.0,True
tpsr,III.21.20_3_0,1,5,0.01,0.900196497170503,0.9999953699567481,0.14448802471859068,108.0,True
tpsr,III.21.20_3_0,1,3,0.01,0.900196497170503,0.9999953699567481,0.14448802471859068,108.0,True
tpsr,III.21.20_3_0,1,2,0.01,0.8780323117357914,0.9999926128417547,0.14487473963943664,64.0,True
tpsr,III.21.20_3_0,1,20,0.01,0.900196497170503,0.9999953699567481,0.14448802471859068,108.0,True
llmsr,strogatz_predprey2,2,60,0.01,0.0029524776326870336,0.12041686688914362,0.26604021645192755,,True
llmsr,strogatz_predprey2,2,10,0.01,0.0029524776326870336,0.12041686688914362,0.26604021645192755,,True
llmsr,strogatz_predprey2,2,30,0.01,0.0029524776326870336,0.12041686688914362,0.26604021645192755,,True
llmsr,strogatz_predprey2,2,5,0.01,0.023374619866152635,0.40211188435402306,0.21524673337106376,,True
llmsr,strogatz_predprey2,2,1,0.01,0.023374619866152635,0.40211188435402306,0.21524673337106376,,True
llmsr,strogatz_predprey2,2,45,0.01,0.0029524776326870336,0.12041686688914362,0.26604021645192755,,True
llmsr,strogatz_predprey2,2,3,0.01,0.023374619866152635,0.40211188435402306,0.21524673337106376,,True
llmsr,strogatz_predprey2,2,2,0.01,0.023374619866152635,0.40211188435402306,0.21524673337106376,,True
llmsr,strogatz_predprey2,2,20,0.01,0.0029524776326870336,0.12041686688914362,0.26604021645192755,,True
llmsr,I.11.19_4_0,2,60,0.01,0.0339158219746881,0.14929775912605317,0.22484087013448462,,True
llmsr,I.11.19_4_0,2,10,0.01,0.03712869786176567,0.17131822325611806,0.22130309714100171,,True
llmsr,I.11.19_4_0,2,30,0.01,0.0339158219746881,0.14929775912605317,0.22484087013448462,,True
llmsr,I.11.19_4_0,2,5,0.01,0.03712869786176567,0.17131822325611806,0.22130309714100171,,True
llmsr,I.11.19_4_0,2,1,0.01,0.042013748381745805,0.22178678631345647,0.21538117506477433,,True
llmsr,I.11.19_4_0,2,45,0.01,0.0339158219746881,0.14929775912605317,0.22484087013448462,,True
llmsr,I.11.19_4_0,2,3,0.01,0.04201593296709703,0.22171007750856928,0.21538573409587308,,True
llmsr,I.11.19_4_0,2,2,0.01,0.04201593296709703,0.22171007750856928,0.21538573409587308,,True
llmsr,I.11.19_4_0,2,20,0.01,0.0339158219746881,0.14929775912605317,0.22484087013448462,,True
llmsr,strogatz_barmag1,2,60,0.01,2.1471493190455357e-06,4.43596532728584e-05,0.500755343195654,,True
llmsr,strogatz_barmag1,2,10,0.01,0.009682610008967047,0.11324356536702809,0.24857121520772252,,True
llmsr,strogatz_barmag1,2,30,0.01,9.240009495108159e-07,1.0533608287045768e-06,0.5718482292238719,,True
llmsr,strogatz_barmag1,2,5,0.01,0.024076730820585278,0.13770654673913563,0.23140885339323014,,True
llmsr,strogatz_barmag1,2,1,0.01,0.024076730820585278,0.13770654673913563,0.23140885339323014,,True
llmsr,strogatz_barmag1,2,45,0.01,2.1471493190455357e-06,4.43596532728584e-05,0.500755343195654,,True
llmsr,strogatz_barmag1,2,3,0.01,0.024076730820585278,0.13770654673913563,0.23140885339323014,,True
llmsr,strogatz_barmag1,2,2,0.01,0.024076730820585278,0.13770654673913563,0.23140885339323014,,True
llmsr,strogatz_barmag1,2,20,0.01,9.240009495108159e-07,1.0533608287045768e-06,0.5718482292238719,,True
llmsr,feynman_I_12_11,2,60,0.01,0.05991345549691104,0.2000341881066265,0.2114775501424141,,True
llmsr,feynman_I_12_11,2,10,0.01,0.1173290293946505,0.32633726589960477,0.1934617089780482,,True
llmsr,feynman_I_12_11,2,30,0.01,0.1173290293946505,0.32633726589960477,0.1934617089780482,,True
llmsr,feynman_I_12_11,2,5,0.01,0.11789755594505566,0.32594643085392133,0.19340532028729568,,True
llmsr,feynman_I_12_11,2,1,0.01,0.11789755594505566,0.32594643085392133,0.19340532028729568,,True
llmsr,feynman_I_12_11,2,45,0.01,0.05991345549691104,0.2000341881066265,0.2114775501424141,,True
llmsr,feynman_I_12_11,2,3,0.01,0.11789755594505566,0.32594643085392133,0.19340532028729568,,True
llmsr,feynman_I_12_11,2,2,0.01,0.11789755594505566,0.32594643085392133,0.19340532028729568,,True
llmsr,feynman_I_12_11,2,20,0.01,0.1173290293946505,0.32633726589960477,0.1934617089780482,,True
llmsr,strogatz_barmag2,2,60,0.01,2.350985281981581e-05,0.0002721416675505042,0.4354983945751544,,True
llmsr,strogatz_barmag2,2,10,0.01,1.933060414978757e-05,6.747008342716239e-06,0.49588011876273297,,True
llmsr,strogatz_barmag2,2,30,0.01,2.089234558443473e-05,0.00021201000897357983,0.4412020155217138,,True
llmsr,strogatz_barmag2,2,5,0.01,0.014566833869446153,7.900641709160884,0.17639187377078774,,True
llmsr,strogatz_barmag2,2,1,0.01,0.09063310681885325,0.328139079868297,0.1973805420207454,,True
llmsr,strogatz_barmag2,2,45,0.01,2.350985281981581e-05,0.0002721416675505042,0.4354983945751544,,True
llmsr,strogatz_barmag2,2,3,0.01,0.045917095206952585,0.3765752267542739,0.20579192313100148,,True
llmsr,strogatz_barmag2,2,2,0.01,0.05196443185156038,0.3532874130206561,0.2048630590026007,,True
llmsr,strogatz_barmag2,2,20,0.01,2.089234558443473e-05,0.00021201000897357983,0.4412020155217138,,True
llmsr,feynman-ii.34.2a,-1,60,0.01,1.0068801762416204,1.0005160650118434,0.14274279082869018,,True
llmsr,feynman-ii.34.2a,-1,10,0.01,1.0068801762416204,1.0005160650118434,0.14274279082869018,,True
llmsr,feynman-ii.34.2a,-1,30,0.01,1.0068801762416204,1.0005160650118434,0.14274279082869018,,True
llmsr,feynman-ii.34.2a,-1,5,0.01,1.0068801762416204,1.0005160650118434,0.14274279082869018,,True
llmsr,feynman-ii.34.2a,-1,1,0.01,1.0068801762416204,1.0005160650118434,0.14274279082869018,,True
llmsr,feynman-ii.34.2a,-1,45,0.01,1.0068801762416204,1.0005160650118434,0.14274279082869018,,True
llmsr,feynman-ii.34.2a,-1,3,0.01,1.0068801762416204,1.0005160650118434,0.14274279082869018,,True
llmsr,feynman-ii.34.2a,-1,2,0.01,1.0068801762416204,1.0005160650118434,0.14274279082869018,,True
llmsr,feynman-ii.34.2a,-1,20,0.01,1.0068801762416204,1.0005160650118434,0.14274279082869018,,True
llmsr,first_principles_leavitt,-1,60,0.01,0.00031413577828317857,0.009339526757089711,0.34044849023010765,,True
llmsr,first_principles_leavitt,-1,10,0.01,0.0002989643366273896,0.007655674003072242,0.3442998994139322,,True
llmsr,first_principles_leavitt,-1,30,0.01,0.00031413577828317857,0.009339526757089711,0.34044849023010765,,True
llmsr,first_principles_leavitt,-1,5,0.01,0.0002796951409885375,9.537432470998232e-05,0.41335298579885715,,True
llmsr,first_principles_leavitt,-1,1,0.01,0.0002739432226694133,0.00027842186196977263,0.3970584323563448,,True
llmsr,first_principles_leavitt,-1,45,0.01,0.00031413577828317857,0.009339526757089711,0.34044849023010765,,True
llmsr,first_principles_leavitt,-1,3,0.01,0.0002739432226694133,0.00027842186196977263,0.3970584323563448,,True
llmsr,first_principles_leavitt,-1,2,0.01,0.0002739432226694133,0.00027842186196977263,0.3970584323563448,,True
llmsr,first_principles_leavitt,-1,20,0.01,0.00032461217323841336,0.014153899696397052,0.33349139586403587,,True
llmsr,feynman-i.18.16,-1,60,0.01,0.12055068684211279,0.45285952347633934,0.18795952877269018,,True
llmsr,feynman-i.18.16,-1,10,0.01,0.12055068684211279,0.45285952347633934,0.18795952877269018,,True
llmsr,feynman-i.18.16,-1,30,0.01,0.12055068684211279,0.45285952347633934,0.18795952877269018,,True
llmsr,feynman-i.18.16,-1,5,0.01,0.12055068684211279,0.45285952347633934,0.18795952877269018,,True
llmsr,feynman-i.18.16,-1,1,0.01,1.9671350071706002e+41,9.47985150175382e+44,0.0,,True
llmsr,feynman-i.18.16,-1,45,0.01,0.12055068684211279,0.45285952347633934,0.18795952877269018,,True
llmsr,feynman-i.18.16,-1,3,0.01,0.12055068684211279,0.45285952347633934,0.18795952877269018,,True
llmsr,feynman-i.18.16,-1,2,0.01,0.12055068684211279,0.45285952347633934,0.18795952877269018,,True
llmsr,feynman-i.18.16,-1,20,0.01,0.12055068684211279,0.45285952347633934,0.18795952877269018,,True
llmsr,strogatz_shearflow1,-1,60,0.01,0.24167809417958747,1.2066673022993248,0.16197054171023684,,True
llmsr,strogatz_shearflow1,-1,10,0.01,0.6791864107914052,1.8513305879547493,0.13930453697860268,,True
llmsr,strogatz_shearflow1,-1,30,0.01,0.8096488649349538,1.039181687312383,0.14553613584760539,,True
llmsr,strogatz_shearflow1,-1,5,0.01,1.0482764060786085,1.2799411699418615,0.13829764929722865,,True
llmsr,strogatz_shearflow1,-1,1,0.01,1.0482764060786085,1.2799411699418615,0.13829764929722865,,True
llmsr,strogatz_shearflow1,-1,45,0.01,0.6532711546543205,2.6652191178841327,0.1342561999256947,,True
llmsr,strogatz_shearflow1,-1,3,0.01,1.0482764060786085,1.2799411699418615,0.13829764929722865,,True
llmsr,strogatz_shearflow1,-1,2,0.01,1.0482764060786085,1.2799411699418615,0.13829764929722865,,True
llmsr,strogatz_shearflow1,-1,20,0.01,0.7020254544594099,2.0229120667368727,0.1374167905603711,,True
llmsr,feynman_II_15_4,-1,60,0.01,1.653255567624591e-08,8.117462703660162e-08,0.6740085608627909,,True
llmsr,feynman_II_15_4,-1,10,0.01,6.881922846958324e-09,1.8828144951073526e-08,0.7102672381224086,,True
llmsr,feynman_II_15_4,-1,30,0.01,1.2779233837961934e-08,2.340439275368211e-08,0.6972927787666879,,True
llmsr,feynman_II_15_4,-1,5,0.01,6.881922846958324e-09,1.8828144951073526e-08,0.7102672381224086,,True
llmsr,feynman_II_15_4,-1,1,0.01,5.5430275512905325e-09,1.327702281044134e-08,0.7190411521920045,,True
llmsr,feynman_II_15_4,-1,45,0.01,1.653255567624591e-08,8.117462703660162e-08,0.6740085608627909,,True
llmsr,feynman_II_15_4,-1,3,0.01,6.881922846958324e-09,1.8828144951073526e-08,0.7102672381224086,,True
llmsr,feynman_II_15_4,-1,2,0.01,6.881922846958324e-09,1.8828144951073526e-08,0.7102672381224086,,True
llmsr,feynman_II_15_4,-1,20,0.01,1.0496909868852032e-08,2.7363759822356864e-08,0.6979200986412464,,True
llmsr,II.11.27_1_0,1,60,0.01,0.9849695251177348,2.232970873759782,0.1306319338585264,,True
llmsr,II.11.27_1_0,1,10,0.01,0.9849695251177348,2.232970873759782,0.1306319338585264,,True
llmsr,II.11.27_1_0,1,30,0.01,0.9849695251177348,2.232970873759782,0.1306319338585264,,True
llmsr,II.11.27_1_0,1,5,0.01,0.9849695251177348,2.232970873759782,0.1306319338585264,,True
llmsr,II.11.27_1_0,1,1,0.01,0.9941650665158857,1.001122925618243,0.14293050337864605,,True
llmsr,II.11.27_1_0,1,45,0.01,0.9849695251177348,2.232970873759782,0.1306319338585264,,True
llmsr,II.11.27_1_0,1,3,0.01,0.9941650665158857,1.001122925618243,0.14293050337864605,,True
llmsr,II.11.27_1_0,1,2,0.01,0.9941650665158857,1.001122925618243,0.14293050337864605,,True
llmsr,II.11.27_1_0,1,20,0.01,0.9849695251177348,2.232970873759782,0.1306319338585264,,True
llmsr,feynman-iii.10.19,1,10,0.01,3.397768398139216e+19,3.615138897573139e+17,0.0,,True
llmsr,feynman-iii.10.19,1,30,0.01,3.397768398139216e+19,3.615138897573139e+17,0.0,,True
llmsr,feynman-iii.10.19,1,5,0.01,3.397768398139216e+19,3.615138897573139e+17,0.0,,True
llmsr,feynman-iii.10.19,1,1,0.01,3.397768398139216e+19,3.615138897573139e+17,0.0,,True
llmsr,feynman-iii.10.19,1,45,0.01,3.397768398139216e+19,3.615138897573139e+17,0.0,,True
llmsr,feynman-iii.10.19,1,3,0.01,3.397768398139216e+19,3.615138897573139e+17,0.0,,True
llmsr,feynman-iii.10.19,1,2,0.01,3.397768398139216e+19,3.615138897573139e+17,0.0,,True
llmsr,feynman-iii.10.19,1,20,0.01,3.397768398139216e+19,3.615138897573139e+17,0.0,,True
llmsr,Keijzer-11,1,60,0.01,5.200583461554295,5.84271842641243,0.08990474900927142,,True
llmsr,Keijzer-11,1,10,0.01,5.127662021847623,6.772206468639208,0.08783394349360879,,True
llmsr,Keijzer-11,1,30,0.01,5.200583461554295,5.84271842641243,0.08990474900927142,,True
llmsr,Keijzer-11,1,5,0.01,5.127662021847623,6.772206468639208,0.08783394349360879,,True
llmsr,Keijzer-11,1,1,0.01,0.05968878042558,0.02585793137204856,0.24326833986190588,,True
llmsr,Keijzer-11,1,45,0.01,5.200583461554295,5.84271842641243,0.08990474900927142,,True
llmsr,Keijzer-11,1,3,0.01,5.127662021847623,6.772206468639208,0.08783394349360879,,True
llmsr,Keijzer-11,1,2,0.01,0.05968878042558,0.02585793137204856,0.24326833986190588,,True
llmsr,Keijzer-11,1,20,0.01,5.200583461554295,5.84271842641243,0.08990474900927142,,True
llmsr,strogatz_vdp1,1,60,0.01,9.489160427041153e-06,6.11028454075646e-06,0.5084539562943473,,True
llmsr,strogatz_vdp1,1,10,0.01,9.303971853435025e-05,0.0003422924195738131,0.4106047975278042,,True
llmsr,strogatz_vdp1,1,30,0.01,0.0001067175746726845,0.00010167989243639685,0.4273046062582074,,True
llmsr,strogatz_vdp1,1,5,0.01,0.5284051857107893,0.967469771109107,0.15326412588142319,,True
llmsr,strogatz_vdp1,1,1,0.01,0.7060873502680586,0.7981506573338596,0.15175202475989696,,True
llmsr,strogatz_vdp1,1,45,0.01,8.898926040224476e-06,1.9959473164072088e-05,0.4910897617463514,,True
llmsr,strogatz_vdp1,1,3,0.01,0.5284051857107893,0.967469771109107,0.15326412588142319,,True
llmsr,strogatz_vdp1,1,2,0.01,0.7060873502680586,0.7981506573338596,0.15175202475989696,,True
llmsr,strogatz_vdp1,1,20,0.01,0.0001067175746726845,0.00010167989243639685,0.4273046062582074,,True
llmsr,BPG9,1,60,0.01,1.1100103670799939e-05,0.008154595363658756,0.3944025196111276,,True
llmsr,BPG9,1,10,0.01,0.0001726692820440733,0.9082058330339038,0.2787357367824245,,True
llmsr,BPG9,1,5,0.01,0.0001726692820440733,0.9082058330339038,0.2787357367824245,,True
llmsr,BPG9,1,1,0.01,0.019165681735458764,17.008619166986357,0.16024309538781595,,True
llmsr,BPG9,1,3,0.01,0.014578224721373092,21.43640774211104,0.16089797679626056,,True
llmsr,BPG9,1,2,0.01,0.019165681735458764,17.008619166986357,0.16024309538781595,,True
llmsr,Korns-2,1,60,0.01,1.1555440943413942,1.1116683186355767,0.13897279459798606,,True
llmsr,Korns-2,1,10,0.01,1.1555440943413942,1.1116683186355767,0.13897279459798606,,True
llmsr,Korns-2,1,30,0.01,1.1555440943413942,1.1116683186355767,0.13897279459798606,,True
llmsr,Korns-2,1,5,0.01,1.1555440943413942,1.1116683186355767,0.13897279459798606,,True
llmsr,Korns-2,1,1,0.01,1.1555440943413942,1.1116683186355767,0.13897279459798606,,True
llmsr,Korns-2,1,45,0.01,1.1555440943413942,1.1116683186355767,0.13897279459798606,,True
llmsr,Korns-2,1,3,0.01,1.1555440943413942,1.1116683186355767,0.13897279459798606,,True
llmsr,Korns-2,1,2,0.01,1.1555440943413942,1.1116683186355767,0.13897279459798606,,True
llmsr,Korns-2,1,20,0.01,1.1555440943413942,1.1116683186355767,0.13897279459798606,,True
llmsr,Korns-4,1,60,0.01,0.001172585711972578,0.0013532325417398002,0.3499815346115615,,True
llmsr,Korns-4,1,10,0.01,0.001966823734913029,0.0021987183465244364,0.3344308913992426,,True
llmsr,Korns-4,1,30,0.01,0.001966823734913029,0.0021987183465244364,0.3344308913992426,,True
llmsr,Korns-4,1,5,0.01,0.0016358193523112006,0.0019218980151647829,0.33937622571423465,,True
llmsr,Korns-4,1,1,0.01,0.0016284590027504625,0.0018162394495428017,0.34032321664362497,,True
llmsr,Korns-4,1,45,0.01,0.001966823734913029,0.0021987183465244364,0.3344308913992426,,True
llmsr,Korns-4,1,3,0.01,0.0016358193523112006,0.0019218980151647829,0.33937622571423465,,True
llmsr,Korns-4,1,2,0.01,0.0016358193523112006,0.0019218980151647829,0.33937622571423465,,True
llmsr,Korns-4,1,20,0.01,0.001966823734913029,0.0021987183465244364,0.3344308913992426,,True
llmsr,Keijzer-2,1,60,0.01,0.15055611801604413,5.481895506062689,0.14583467281554918,,True
llmsr,Keijzer-2,1,10,0.01,0.7826575514694343,3.1062227088463743,0.12907841534687603,,True
llmsr,Keijzer-2,1,30,0.01,0.15055611801604413,5.481895506062689,0.14583467281554918,,True
llmsr,Keijzer-2,1,5,0.01,0.7826575514694343,3.1062227088463743,0.12907841534687603,,True
llmsr,Keijzer-2,1,1,0.01,0.7826575514694343,3.1062227088463743,0.12907841534687603,,True
llmsr,Keijzer-2,1,45,0.01,0.15055611801604413,5.481895506062689,0.14583467281554918,,True
llmsr,Keijzer-2,1,3,0.01,0.7826575514694343,3.1062227088463743,0.12907841534687603,,True
llmsr,Keijzer-2,1,2,0.01,0.7826575514694343,3.1062227088463743,0.12907841534687603,,True
llmsr,Keijzer-2,1,20,0.01,0.15055611801604413,5.481895506062689,0.14583467281554918,,True
llmsr,Nguyen-12,1,60,0.01,1.3483029140343851e-06,0.0018760116569254471,0.44989203550853796,,True
llmsr,Nguyen-12,1,10,0.01,7.338658976709518e-05,0.009031683925474633,0.36352194866847326,,True
llmsr,Nguyen-12,1,30,0.01,7.338658976709518e-05,0.009031683925474633,0.36352194866847326,,True
llmsr,Nguyen-12,1,5,0.01,7.338658976709518e-05,0.009031683925474633,0.36352194866847326,,True
llmsr,Nguyen-12,1,1,0.01,0.001826593395829187,0.04849043671385384,0.2875965007655855,,True
llmsr,Nguyen-12,1,45,0.01,1.3483029140343851e-06,0.0018760116569254471,0.44989203550853796,,True
llmsr,Nguyen-12,1,3,0.01,5.164946403624018e-05,0.0002720616157859227,0.42329524670525875,,True
llmsr,Nguyen-12,1,2,0.01,0.0002447469076419603,0.002168857791460997,0.36696613249336885,,True
llmsr,Nguyen-12,1,20,0.01,7.338658976709518e-05,0.009031683925474633,0.36352194866847326,,True
llmsr,feynman-iii.7.38,1,60,0.01,1.0,1.0,0.1428571428571429,,True
llmsr,feynman-iii.7.38,1,10,0.01,1.0,1.0,0.1428571428571429,,True
llmsr,feynman-iii.7.38,1,30,0.01,1.0,1.0,0.1428571428571429,,True
llmsr,feynman-iii.7.38,1,5,0.01,1.0,1.0,0.1428571428571429,,True
llmsr,feynman-iii.7.38,1,1,0.01,1.0,1.0,0.1428571428571429,,True
llmsr,feynman-iii.7.38,1,45,0.01,1.0,1.0,0.1428571428571429,,True
llmsr,feynman-iii.7.38,1,3,0.01,1.0,1.0,0.1428571428571429,,True
llmsr,feynman-iii.7.38,1,2,0.01,1.0,1.0,0.1428571428571429,,True
llmsr,feynman-iii.7.38,1,20,0.01,1.0,1.0,0.1428571428571429,,True
llmsr,feynman-i.13.12,1,60,0.01,9.015399540792484e+19,1.501677427021453e+20,0.0,,True
llmsr,feynman-i.13.12,1,10,0.01,5097.284083065221,8434.181118592307,0.0,,True
llmsr,feynman-i.13.12,1,30,0.01,9.015399540792484e+19,1.501677427021453e+20,0.0,,True
llmsr,feynman-i.13.12,1,5,0.01,5097.284083065221,8434.181118592307,0.0,,True
llmsr,feynman-i.13.12,1,1,0.01,5098.26485891519,8435.80936942202,0.0,,True
llmsr,feynman-i.13.12,1,45,0.01,9.015399540792484e+19,1.501677427021453e+20,0.0,,True
llmsr,feynman-i.13.12,1,3,0.01,5097.284083065221,8434.181118592307,0.0,,True
llmsr,feynman-i.13.12,1,2,0.01,5098.26485891519,8435.80936942202,0.0,,True
llmsr,feynman-i.13.12,1,20,0.01,9.015399540792484e+19,1.501677427021453e+20,0.0,,True
e2esr,strogatz_predprey2,2,1,0.01,0.06531579841390443,0.07299773337931413,0.22577401374169281,24.0,True
e2esr,BPG3,2,5,0.01,0.0087754696875953,1386544.3286915952,0.14488320105674957,24.0,True
e2esr,BPG3,2,1,0.01,6.82765323932686,544592854528.4856,0.041633162278811586,22.0,True
e2esr,BPG3,2,3,0.01,0.8890086152177269,328492049.51521295,0.07325335822650209,16.0,True
e2esr,BPG3,2,2,0.01,13.650161464976401,1145777400034.8865,0.030887936121856363,27.0,True
e2esr,feynman-i.32.5,2,5,0.01,1.0017915665550978,0.9992781077458478,0.14284058056136584,28.0,True
e2esr,feynman-i.32.5,2,1,0.01,1.5785787054238984e+20,1.576326847739201e+20,0.0,34.0,True
e2esr,feynman-i.32.5,2,3,0.01,0.9986046881455536,0.9995891565257455,0.1428851736825763,28.0,True
e2esr,feynman-i.32.5,2,2,0.01,4.395358604381813e+31,9.505030336700342e+31,0.0,37.0,True
e2esr,feynman_II_15_4,2,1,0.01,25.396039629966793,34.02796501874075,0.03797850093636551,20.0,True
e2esr,feynman_II_15_4,2,3,0.01,24.225018410121734,29.082757219180564,0.041146439513506716,20.0,True
e2esr,feynman_II_15_4,2,2,0.01,25.156431325460208,36.1497679801808,0.03718733762043802,20.0,True
e2esr,Nguyen-6,2,1,0.01,0.0007719349065946295,0.022531323336313067,0.31284402214391244,72.0,True
e2esr,feynman-i.15.3t,-1,10,0.01,0.5812274051303352,0.6606426801838818,0.1577031174741133,65.0,True
e2esr,feynman-i.15.3t,-1,30,0.01,0.5812274051303352,0.6606426801838818,0.1577031174741133,65.0,True
e2esr,feynman-i.15.3t,-1,5,0.01,911264560572032.2,894132379906402.6,0.0,54.0,True
e2esr,feynman-i.15.3t,-1,1,0.01,0.5818202917676281,0.6596831703795356,0.157709847556261,40.0,True
e2esr,feynman-i.15.3t,-1,45,0.01,0.5812274051303352,0.6606426801838818,0.1577031174741133,65.0,True
e2esr,feynman-i.15.3t,-1,3,0.01,0.5817273115043843,0.6619846416452971,0.15765830829711164,34.0,True
e2esr,feynman-i.15.3t,-1,2,0.01,0.5821488048292127,0.6621122455669721,0.15764408463295887,48.0,True
e2esr,feynman-i.15.3t,-1,20,0.01,0.5812274051303352,0.6606426801838818,0.1577031174741133,65.0,True
e2esr,feynman-iii.7.38,-1,5,0.01,0.0077673529944733265,0.00769349052668444,0.2937001262189097,80.0,True
e2esr,feynman-iii.7.38,-1,1,0.01,1.0000132772764085,0.9999996241852875,0.14285694275016747,29.0,True
e2esr,feynman-iii.7.38,-1,3,0.01,0.999847941587309,0.9999985065753477,0.14285952470490942,29.0,True
e2esr,feynman-iii.7.38,-1,2,0.01,1.0001796464923896,1.0000012289358324,0.14285433763596656,29.0,True
e2esr,BPG9,-1,5,0.01,6.655622479226508,7.06551209930329,0.08313098841682837,22.0,True
e2esr,BPG9,-1,1,0.01,156490.7722948586,105390122.48157269,0.0,26.0,True
e2esr,BPG9,-1,3,0.01,5750.04658826519,88212788.83525959,0.0,21.0,True
e2esr,BPG9,-1,2,0.01,1.2178672531893888,2779.314306615385,0.06837143024875753,27.0,True
e2esr,first_principles_hubble,-1,1,0.01,0.09679744332704932,0.1057096451690148,0.21392933922637103,47.0,True
e2esr,III.21.20_3_0,-1,5,0.01,0.8024867678639337,1.0007330876006866,0.14625870930895746,42.0,True
e2esr,III.21.20_3_0,-1,1,0.01,0.7713520144358896,1.00695070646413,0.14677639896483036,41.0,True
e2esr,III.21.20_3_0,-1,3,0.01,1.1551946116954943,1.0347510726973836,0.14008960572158985,37.0,True
e2esr,III.21.20_3_0,-1,2,0.01,1.1724192228287946,1.000585458084796,0.14038081724021323,41.0,True
e2esr,CRK10,-1,5,0.01,343.5249452009954,28338678.24118703,0.0,22.0,True
e2esr,CRK10,-1,1,0.01,284.64096858709445,23589836.676076338,0.0,16.0,True
e2esr,CRK10,-1,3,0.01,405.91073853843704,34018804.62261027,0.0,22.0,True
e2esr,CRK10,-1,2,0.01,471.2052778772704,39104734.39927113,0.0,22.0,True
e2esr,strogatz_barmag2,-1,1,0.01,0.46004912836644496,1.8294334626010242,0.14553139889976846,67.0,True
e2esr,Nguyen-12,-1,1,0.01,0.00016189416833940662,0.020005707208616195,0.33891481737253004,44.0,True
e2esr,III.21.20_3_0,1,10,0.01,0.0083082807075397,1.018557858636524,0.2168751119537401,90.0,True
e2esr,III.21.20_3_0,1,5,0.01,1.24868655953098,1.001219041955059,0.13939348078945385,37.0,True
e2esr,III.21.20_3_0,1,1,0.01,1.197771707316631,1.0003567570860123,0.14005253713001753,37.0,True
e2esr,III.21.20_3_0,1,3,0.01,1190.2305581411251,1.003653721121178,0.07137200360295193,37.0,True
e2esr,III.21.20_3_0,1,2,0.01,1.236551080592215,1.0048656730730756,0.1394885688580505,37.0,True
e2esr,CRK0,1,60,0.01,1.1564128798697089,338.12526180144437,0.06917453856782141,25.0,True
e2esr,CRK0,1,10,0.01,1.1564128798697089,338.12526180144437,0.06917453856782141,25.0,True
e2esr,CRK0,1,30,0.01,1.1564128798697089,338.12526180144437,0.06917453856782141,25.0,True
e2esr,CRK0,1,5,0.01,1.1564128798697089,338.12526180144437,0.06917453856782141,25.0,True
e2esr,CRK0,1,1,0.01,1.46822626042408,454.7466928841822,0.0654716790172894,16.0,True
e2esr,CRK0,1,45,0.01,1.1564128798697089,338.12526180144437,0.06917453856782141,25.0,True
e2esr,CRK0,1,3,0.01,1.515265554764908,458.308109668215,0.0649825446107345,16.0,True
e2esr,CRK0,1,2,0.01,1.265400868242149,203.5191356995313,0.06777756685321262,16.0,True
e2esr,CRK0,1,20,0.01,1.1564128798697089,338.12526180144437,0.06917453856782141,25.0,True
e2esr,strogatz_barmag1,1,3,0.01,0.07395486879734833,0.5132659302495916,0.19359609970043934,29.0,True
e2esr,strogatz_barmag1,1,2,0.01,0.07395486879734833,0.5132659302495916,0.19359609970043934,29.0,True
e2esr,Nguyen-6,1,1,0.01,0.0014875502799910063,0.0878264812069359,0.28156795939280566,64.0,True
e2esr,feynman-ii.27.18,1,5,0.01,2.1932849809972762e+18,6.978980214483813e+17,0.0,43.0,True
e2esr,feynman-ii.27.18,1,1,0.01,6.122897816627952e+16,1975250015069152.0,0.0,37.0,True
e2esr,feynman-ii.27.18,1,3,0.01,3.478551680370624e+16,1410366043312836.0,0.0,42.0,True
e2esr,feynman-ii.27.18,1,2,0.01,1.9781620426583368e+18,7.557709689845027e+16,0.0,26.0,True
e2esr,feynman-iii.10.19,1,10,0.01,2.7054723819258672e+54,1.7977636045794766e+48,0.0,56.0,True
e2esr,feynman-iii.10.19,1,5,0.01,1.667855920404995e+54,1.1082761550376645e+48,0.0,56.0,True
e2esr,feynman-iii.10.19,1,3,0.01,1.1599738478870545e+59,6.421419581686716e+47,0.0,55.0,True
e2esr,feynman-iii.10.19,1,2,0.01,2.964954562515424e+53,2.903508626095871e+47,0.0,53.0,True
udsr,strogatz_predprey2,2,10,0.01,5.818381335609367e-06,0.00013520631814214497,0.46800717257410557,36.0,True
udsr,strogatz_predprey2,2,30,0.01,7.681307715860591e-06,0.00020968042767466628,0.45689310510015424,29.0,True
udsr,strogatz_predprey2,2,5,0.01,5.818381335609367e-06,0.00013520631814214497,0.46800717257410557,36.0,True
udsr,strogatz_predprey2,2,1,0.01,0.0004933114198298607,0.1228663440027269,0.2934802105409482,40.0,True
udsr,strogatz_predprey2,2,45,0.01,7.681307715860591e-06,0.00020968042767466628,0.45689310510015424,29.0,True
udsr,strogatz_predprey2,2,3,0.01,0.0004933114198298607,0.1228663440027269,0.2934802105409482,40.0,True
udsr,strogatz_predprey2,2,2,0.01,0.0004933114198298607,0.1228663440027269,0.2934802105409482,40.0,True
udsr,strogatz_predprey2,2,20,0.01,7.681307715860591e-06,0.00020968042767466628,0.45689310510015424,29.0,True
udsr,feynman-i.32.5,2,10,0.01,0.7377180026682867,0.8150402660594437,0.15074751975680956,25.0,True
udsr,feynman-i.32.5,2,30,0.01,0.3149247859902443,0.4593837007210805,0.17284348482360368,28.0,True
udsr,feynman-i.32.5,2,5,0.01,0.7607353866264209,0.7566148629767299,0.15142469689799937,37.0,True
udsr,feynman-i.32.5,2,1,0.01,0.7545256688354764,0.8373958914008341,0.1499783984026547,31.0,True
udsr,feynman-i.32.5,2,45,0.01,0.06687103475408972,0.1466662011516152,0.21458685404288946,22.0,True
udsr,feynman-i.32.5,2,3,0.01,0.7607353866264209,0.7566148629767299,0.15142469689799937,37.0,True
udsr,feynman-i.32.5,2,2,0.01,0.7546410061884936,0.8375224484746464,0.1499736836808056,27.0,True
udsr,feynman-i.32.5,2,20,0.01,0.3149247859902443,0.4593837007210805,0.17284348482360368,28.0,True
udsr,Nguyen-6,2,10,0.01,6.860637943905086e-05,0.040958487020361214,0.3411175569056599,32.0,True
udsr,Nguyen-6,2,30,0.01,6.592123156603964e-05,,0.0,32.0,False
udsr,Nguyen-6,2,5,0.01,8.511972043399459e-05,0.05010884835116855,0.3346448353552039,40.0,True
udsr,Nguyen-6,2,1,0.01,8.643973664397793e-05,0.2243051232436403,0.311158834705286,15.0,True
udsr,Nguyen-6,2,45,0.01,8.179045658021798e-05,,0.0,34.0,False
udsr,Nguyen-6,2,3,0.01,8.643973664397793e-05,0.2243051232436403,0.311158834705286,15.0,True
udsr,Nguyen-6,2,2,0.01,8.643973664397793e-05,0.2243051232436403,0.311158834705286,15.0,True
udsr,Nguyen-6,2,20,0.01,4.7033438828090675e-05,0.16766130571767368,0.3251128722430689,35.0,True
udsr,feynman_II_15_4,2,10,0.01,0.0028043086165931907,0.13548128842271887,0.26501053126687013,48.0,True
udsr,feynman_II_15_4,2,30,0.01,0.0006256766895400257,0.01626598864477564,0.32115605572087036,50.0,True
udsr,feynman_II_15_4,2,5,0.01,0.003553546229581923,0.22592667300769306,0.25340609011820253,47.0,True
udsr,feynman_II_15_4,2,45,0.01,0.00023819080235568961,,0.0,40.0,False
udsr,feynman_II_15_4,2,3,0.01,0.003553546229581923,0.22592667300769306,0.25340609011820253,47.0,True
udsr,feynman_II_15_4,2,2,0.01,0.005315352255317046,0.16722054562035127,0.2518277968848759,44.0,True
udsr,feynman_II_15_4,2,20,0.01,0.0006256766895400257,0.01626598864477564,0.32115605572087036,50.0,True
udsr,BPG3,2,10,0.01,3.306062855421754e-07,38044.15883451225,0.3028817462073756,24.0,True
udsr,BPG3,2,30,0.01,1.6366848688507052e-07,14326.055766390395,0.31378696187923616,43.0,True
udsr,BPG3,2,5,0.01,2.3127131202984799e-07,21878.781737834142,0.3084242227070588,30.0,True
udsr,BPG3,2,1,0.01,1.4816758965463447e-07,6895.509602846551,0.3153302422868609,40.0,True
udsr,BPG3,2,45,0.01,1.6366848688507052e-07,14326.055766390395,0.31378696187923616,43.0,True
udsr,BPG3,2,3,0.01,2.3127131202984799e-07,21878.781737834142,0.3084242227070588,30.0,True
udsr,BPG3,2,2,0.01,2.3127131202984799e-07,21878.781737834142,0.3084242227070588,30.0,True
udsr,BPG3,2,20,0.01,1.3820052915376398e-07,10130.42806613087,0.3164103676462693,21.0,True
udsr,CRK10,-1,10,0.01,2.7641653462846267e-07,0.022610895722249315,0.43586136481714954,34.0,True
udsr,CRK10,-1,30,0.01,0.030498356493364617,4689.051901202175,0.12556155583725676,30.0,True
udsr,CRK10,-1,5,0.01,4.7316894986473e-07,0.04385840163924709,0.41724753435315115,36.0,True
udsr,CRK10,-1,1,0.01,4.7316894986473e-07,0.04385840163924709,0.41724753435315115,36.0,True
udsr,CRK10,-1,45,0.01,0.030498356493364617,4689.051901202175,0.12556155583725676,30.0,True
udsr,CRK10,-1,3,0.01,4.7316894986473e-07,0.04385840163924709,0.41724753435315115,36.0,True
udsr,CRK10,-1,2,0.01,4.7316894986473e-07,0.04385840163924709,0.41724753435315115,36.0,True
udsr,CRK10,-1,20,0.01,0.030498356493364617,4689.051901202175,0.12556155583725676,30.0,True
udsr,feynman-i.15.3t,-1,10,0.01,2.3255680174602773e-08,4.7923131457251526e-05,0.5697473487608533,29.0,True
udsr,feynman-i.15.3t,-1,30,0.01,1.776078137502279e-08,4.871920089793373e-05,0.5736727776896811,19.0,True
udsr,feynman-i.15.3t,-1,5,0.01,3.3883015555559045e-08,4.819899579673841e-05,0.5638207126721405,9.0,True
udsr,feynman-i.15.3t,-1,1,0.01,6.312038355555416e-08,4.8554679190049975e-05,0.5540571172059642,28.0,True
udsr,feynman-i.15.3t,-1,45,0.01,3.9988135889695244e-08,4.7544275819089794e-05,0.5614632358566235,22.0,True
udsr,feynman-i.15.3t,-1,3,0.01,3.3883015555559045e-08,4.819899579673841e-05,0.5638207126721405,9.0,True
udsr,feynman-i.15.3t,-1,2,0.01,1.041124756363476e-07,5.002499129774543e-05,0.5458325073135142,25.0,True
udsr,feynman-i.15.3t,-1,20,0.01,2.3255680174602773e-08,4.7923131457251526e-05,0.5697473487608533,29.0,True
udsr,strogatz_barmag2,-1,10,0.01,0.0008468137292427223,161.47121329191893,0.1811504324805412,36.0,True
udsr,strogatz_barmag2,-1,30,0.01,0.0007401630987014632,163.7158329907164,0.18323830609738373,32.0,True
udsr,strogatz_barmag2,-1,5,0.01,0.0008468137292427223,161.47121329191893,0.1811504324805412,36.0,True
udsr,strogatz_barmag2,-1,1,0.01,0.0010268714628919933,165.98622227927984,0.1781601398273736,38.0,True
udsr,strogatz_barmag2,-1,45,0.01,0.0005868446142690697,143.6173560611511,0.18683845988479714,37.0,True
udsr,strogatz_barmag2,-1,3,0.01,0.0010268714628919933,165.98622227927984,0.1781601398273736,38.0,True
udsr,strogatz_barmag2,-1,2,0.01,0.0010268714628919933,165.98622227927984,0.1781601398273736,38.0,True
udsr,strogatz_barmag2,-1,20,0.01,0.0008468137292427223,161.47121329191893,0.1811504324805412,36.0,True
udsr,III.21.20_3_0,-1,10,0.01,1.6962638527647923e-06,1.2670527801556055e-07,0.5952754245153435,58.0,True
udsr,III.21.20_3_0,-1,30,0.01,1.6962638527647923e-06,1.2670527801556055e-07,0.5952754245153435,58.0,True
udsr,III.21.20_3_0,-1,5,0.01,1.6962638527647923e-06,1.2670527801556055e-07,0.5952754245153435,58.0,True
udsr,III.21.20_3_0,-1,1,0.01,0.00013485105617332276,0.0022599748147111224,0.375572930298846,62.0,True
udsr,III.21.20_3_0,-1,45,0.01,1.6962638527647923e-06,1.2670527801556055e-07,0.5952754245153435,58.0,True
udsr,III.21.20_3_0,-1,3,0.01,1.6962638527647923e-06,1.2670527801556055e-07,0.5952754245153435,58.0,True
udsr,III.21.20_3_0,-1,2,0.01,1.6962638527647923e-06,1.2670527801556055e-07,0.5952754245153435,58.0,True
udsr,III.21.20_3_0,-1,20,0.01,1.6962638527647923e-06,1.2670527801556055e-07,0.5952754245153435,58.0,True
udsr,first_principles_hubble,-1,10,0.01,0.4768142944916803,0.048850745621687876,0.20117069772977625,25.0,True
udsr,first_principles_hubble,-1,30,0.01,0.05467164117368739,0.09711364220270446,0.22410563023203278,38.0,True
udsr,first_principles_hubble,-1,5,0.01,0.4768142944916803,0.048850745621687876,0.20117069772977625,25.0,True
udsr,first_principles_hubble,-1,1,0.01,0.12666062943995807,5.966281481974141,0.14720195068132452,33.0,True
udsr,first_principles_hubble,-1,45,0.01,0.05467164117368739,0.09711364220270446,0.22410563023203278,38.0,True
udsr,first_principles_hubble,-1,3,0.01,0.03553659960626199,0.11859517165133435,0.22768775438926586,25.0,True
udsr,first_principles_hubble,-1,2,0.01,0.03553659960626199,0.11859517165133435,0.22768775438926586,25.0,True
udsr,first_principles_hubble,-1,20,0.01,0.05467164117368739,0.09711364220270446,0.22410563023203278,38.0,True
udsr,Nguyen-12,-1,10,0.01,3.6748075324783692e-06,0.00487114842837366,0.4195405013917883,31.0,True
udsr,Nguyen-12,-1,30,0.01,2.4747906142835913e-06,0.005662837048363392,0.4233366955360499,35.0,True
udsr,Nguyen-12,-1,5,0.01,3.6748075324783692e-06,0.00487114842837366,0.4195405013917883,31.0,True
udsr,Nguyen-12,-1,1,0.01,2.4183881523037125e-07,0.003908100840440333,0.4651610082919962,34.0,True
udsr,Nguyen-12,-1,45,0.01,2.4747906142835913e-06,0.005662837048363392,0.4233366955360499,35.0,True
udsr,Nguyen-12,-1,3,0.01,3.6748075324783692e-06,0.00487114842837366,0.4195405013917883,31.0,True
udsr,Nguyen-12,-1,2,0.01,3.6748075324783692e-06,0.00487114842837366,0.4195405013917883,31.0,True
udsr,Nguyen-12,-1,20,0.01,2.4747906142835913e-06,0.005662837048363392,0.4233366955360499,35.0,True
udsr,feynman-iii.7.38,-1,10,0.01,5.4369509391913174e-08,3.4910116900231735e-08,0.668631902956342,40.0,True
udsr,feynman-iii.7.38,-1,30,0.01,5.330256852226186e-08,6.621473966794237e-09,0.6947248995343402,47.0,True
udsr,feynman-iii.7.38,-1,5,0.01,5.4369509391913174e-08,3.4910116900231735e-08,0.668631902956342,40.0,True
udsr,feynman-iii.7.38,-1,1,0.01,5.683834706059677e-08,4.5443701715656225e-08,0.6638530307111222,39.0,True
udsr,feynman-iii.7.38,-1,45,0.01,5.824447109929272e-08,4.474850919903267e-08,0.6637130972410561,38.0,True
udsr,feynman-iii.7.38,-1,3,0.01,5.4369509391913174e-08,3.4910116900231735e-08,0.668631902956342,40.0,True
udsr,feynman-iii.7.38,-1,2,0.01,5.683834706059677e-08,4.5443701715656225e-08,0.6638530307111222,39.0,True
udsr,feynman-iii.7.38,-1,20,0.01,5.330256852226186e-08,6.621473966794237e-09,0.6947248995343402,47.0,True
udsr,BPG9,-1,10,0.01,1.310533559748953e-07,0.00152185549669419,0.48929208700191573,42.0,True
udsr,BPG9,-1,30,0.01,1.566140269980128e-07,0.0016382700084018181,0.4853851379491708,40.0,True
udsr,BPG9,-1,5,0.01,1.310533559748953e-07,0.00152185549669419,0.48929208700191573,42.0,True
udsr,BPG9,-1,1,0.01,2.9581333466256847e-07,0.006952509350595159,0.45310145254134615,50.0,True
udsr,BPG9,-1,45,0.01,7.408000276354904e-08,2.2522648627429635e-05,0.5634885553073674,49.0,True
udsr,BPG9,-1,3,0.01,1.310533559748953e-07,0.00152185549669419,0.48929208700191573,42.0,True
udsr,BPG9,-1,2,0.01,2.9581333466256847e-07,0.006952509350595159,0.45310145254134615,50.0,True
udsr,BPG9,-1,20,0.01,1.566140269980128e-07,0.0016382700084018181,0.4853851379491708,40.0,True
udsr,strogatz_barmag1,1,10,0.01,0.00018309954726424726,43.160658428761344,0.2179365952924589,36.0,True
udsr,strogatz_barmag1,1,30,0.01,0.0001778163976043402,77.4460784883033,0.20932245572929548,41.0,True
udsr,strogatz_barmag1,1,5,0.01,0.0003374244205431419,,0.0,39.0,False
udsr,strogatz_barmag1,1,1,0.01,0.00022140107203842617,79.41742208392714,0.2055323033913367,42.0,True
udsr,strogatz_barmag1,1,45,0.01,0.00014999735691833738,5.430210936413984,0.253182131908631,46.0,True
udsr,strogatz_barmag1,1,3,0.01,0.0003374244205431419,,0.0,39.0,False
udsr,strogatz_barmag1,1,2,0.01,0.00022140107203842617,79.41742208392714,0.2055323033913367,42.0,True
udsr,strogatz_barmag1,1,20,0.01,0.0001778163976043402,77.4460784883033,0.20932245572929548,41.0,True
udsr,CRK0,1,10,0.01,3.3031115183612813e-07,0.0025285984955228788,0.46707846029916744,30.0,True
udsr,CRK0,1,30,0.01,4.137817189943711e-06,0.0248344059712114,0.3924348187215166,59.0,True
udsr,CRK0,1,5,0.01,3.3031115183612813e-07,0.0025285984955228788,0.46707846029916744,30.0,True
udsr,CRK0,1,1,0.01,3.0345944867949552e-05,0.13595141419105738,0.33516127164199905,25.0,True
udsr,CRK0,1,45,0.01,4.137817189943711e-06,0.0248344059712114,0.3924348187215166,59.0,True
udsr,CRK0,1,3,0.01,3.3031115183612813e-07,0.0025285984955228788,0.46707846029916744,30.0,True
udsr,CRK0,1,2,0.01,1.7521346191022951e-06,0.0035300245793326063,0.43602338571549826,27.0,True
udsr,CRK0,1,20,0.01,4.137817189943711e-06,0.0248344059712114,0.3924348187215166,59.0,True
udsr,first_principles_leavitt,1,10,0.01,0.00041379510157117655,0.0005018492835952264,0.38152290522209015,39.0,True
udsr,first_principles_leavitt,1,30,0.01,0.0002569332634589162,4.0078635033264477e-05,0.42811666944982113,41.0,True
udsr,first_principles_leavitt,1,5,0.01,0.00026112242829705014,0.0004413305496650785,0.3906568511821483,42.0,True
udsr,first_principles_leavitt,1,1,0.01,0.0002678550606963102,0.0028128175574255844,0.36153423498815374,44.0,True
udsr,first_principles_leavitt,1,45,0.01,0.0002876323690798532,0.0007356037520437123,0.38123279663932447,39.0,True
udsr,first_principles_leavitt,1,3,0.01,0.000268859489332076,0.010039613673746147,0.341741343899983,39.0,True
udsr,first_principles_leavitt,1,2,0.01,0.000268859489332076,0.010039613673746147,0.341741343899983,39.0,True
udsr,first_principles_leavitt,1,20,0.01,0.00041379510157117655,0.0005018492835952264,0.38152290522209015,39.0,True
udsr,first_principles_hubble,1,10,0.01,0.04875257821603641,0.11980503363330829,0.2226259766734241,34.0,True
udsr,first_principles_hubble,1,30,0.01,0.03785054692910127,0.12354461907633439,0.2260751430721576,30.0,True
udsr,first_principles_hubble,1,5,0.01,0.04875257821603641,0.11980503363330829,0.2226259766734241,34.0,True
udsr,first_principles_hubble,1,1,0.01,0.054806078808016016,0.15989226331229975,0.21633370782274647,43.0,True
udsr,first_principles_hubble,1,45,0.01,0.03785054692910127,0.12354461907633439,0.2260751430721576,30.0,True
udsr,first_principles_hubble,1,3,0.01,0.04875257821603641,0.11980503363330829,0.2226259766734241,34.0,True
udsr,first_principles_hubble,1,2,0.01,0.054806078808016016,0.15989226331229975,0.21633370782274647,43.0,True
udsr,first_principles_hubble,1,20,0.01,0.03785054692910127,0.12354461907633439,0.2260751430721576,30.0,True
udsr,feynman-iii.10.19,1,10,0.01,0.00040262934467254566,0.00021140115747708544,0.39535668624746834,75.0,True
udsr,feynman-iii.10.19,1,30,0.01,0.000336697358453354,0.0002340492542450081,0.3965518938990642,79.0,True
udsr,feynman-iii.10.19,1,5,0.01,0.00040262934467254566,0.00021140115747708544,0.39535668624746834,75.0,True
udsr,feynman-iii.10.19,1,1,0.01,0.2951257180632899,0.5670792335656383,0.17058389998291823,31.0,True
udsr,feynman-iii.10.19,1,45,0.01,0.00024660338217009995,0.0004690827984983766,0.3905982665678487,77.0,True
udsr,feynman-iii.10.19,1,3,0.01,0.00040262934467254566,0.00021140115747708544,0.39535668624746834,75.0,True
udsr,feynman-iii.10.19,1,2,0.01,0.020067511565338883,0.22581972516961615,0.2265623072693458,80.0,True
udsr,feynman-iii.10.19,1,20,0.01,0.000336697358453354,0.0002340492542450081,0.3965518938990642,79.0,True
udsr,Nguyen-12,1,10,0.01,4.2175035455473656e-05,0.010310030224313385,0.370060164471407,39.0,True
udsr,Nguyen-12,1,30,0.01,5.002930667776685e-05,0.014409740035740658,0.3622185489226284,33.0,True
udsr,Nguyen-12,1,5,0.01,5.713371900408114e-05,0.012937194250326516,0.3618309788008104,24.0,True
udsr,Nguyen-12,1,1,0.01,2.0458477254616916e-05,0.0014221962729775172,0.41200596993622385,18.0,True
udsr,Nguyen-12,1,45,0.01,0.00012676009012476698,0.3134294150517545,0.3000313467334159,36.0,True
udsr,Nguyen-12,1,3,0.01,1.9715610733065395e-05,0.0019915121318130648,0.4073573860290772,40.0,True
udsr,Nguyen-12,1,2,0.01,1.9715610733065395e-05,0.0019915121318130648,0.4073573860290772,40.0,True
udsr,Nguyen-12,1,20,0.01,5.002930667776685e-05,0.014409740035740658,0.3622185489226284,33.0,True
udsr,feynman-ii.34.11,1,10,0.01,1.0048345011571178,0.9433434390992603,0.14368698673134928,22.0,True
udsr,feynman-ii.34.11,1,30,0.01,1.0048345011571178,0.9433434390992603,0.14368698673134928,22.0,True
udsr,feynman-ii.34.11,1,5,0.01,1.0048345011571178,0.9433434390992603,0.14368698673134928,22.0,True
udsr,feynman-ii.34.11,1,1,0.01,0.9996741215584457,0.999999442844181,0.14286220686585882,11.0,True
udsr,feynman-ii.34.11,1,45,0.01,1.0048345011571178,0.9433434390992603,0.14368698673134928,22.0,True
udsr,feynman-ii.34.11,1,3,0.01,0.9981925301746697,0.9995827439395638,0.142891676223461,14.0,True
udsr,feynman-ii.34.11,1,2,0.01,0.9981925301746697,0.9995827439395638,0.142891676223461,14.0,True
udsr,feynman-ii.34.11,1,20,0.01,1.0048345011571178,0.9433434390992603,0.14368698673134928,22.0,True
qlattice,BPG3,2,1,0.01,595.5769696081015,24599066666431.688,0.0,17.0,True
qlattice,BPG3,2,2,0.01,0.0005944147291134493,3643444.8180282507,0.1866396584875062,43.0,True
qlattice,strogatz_predprey2,2,1,0.01,0.0029045106756747066,0.23045127249264455,0.25622671115657475,53.0,True
qlattice,strogatz_predprey2,2,2,0.01,0.0018705012326871355,0.3383197831002545,0.25709695026965756,41.0,True
qlattice,Nguyen-6,2,1,0.01,0.0013608181564752464,0.03981648509264438,0.29521917807107345,10.0,True
qlattice,feynman_II_15_4,2,1,0.01,0.0005211585033370194,0.0062432305077114204,0.3388436000672903,30.0,True
qlattice,feynman_II_15_4,2,3,0.01,0.0001836240953648508,0.009516258993730264,0.3484858599116054,30.0,True
qlattice,feynman_II_15_4,2,2,0.01,0.00014053990633326627,0.004735721366170396,0.36345764993565716,30.0,True
qlattice,feynman-i.32.5,2,1,0.01,1.1996669970144997,1.0179287926752218,0.13975792463143255,5.0,True
qlattice,feynman-i.15.3t,-1,1,0.01,1.0708688518907481e+30,9.771989005797121e+29,0.0,5.0,True
qlattice,first_principles_hubble,-1,1,0.01,0.08169930797793638,0.10949043621787435,0.21601447985883038,18.0,True
qlattice,III.21.20_3_0,-1,5,0.01,0.02827016905400941,0.999662952242521,0.19817207132504483,41.0,True
qlattice,III.21.20_3_0,-1,1,0.01,0.19709401555864417,1.0001117348226223,0.16804564425230595,38.0,True
qlattice,III.21.20_3_0,-1,3,0.01,0.05489985051116,0.9997225997802153,0.18787676172151258,41.0,True
qlattice,III.21.20_3_0,-1,2,0.01,0.03561578330667767,0.9996846338432311,0.19458908868042263,41.0,True
qlattice,CRK10,-1,1,0.01,66425274.3153983,10291549222078.19,0.0,13.0,True
qlattice,CRK10,-1,2,0.01,79.16196302883294,2030852.4530303369,0.003624408744983376,10.0,True
qlattice,strogatz_barmag2,-1,1,0.01,0.0067363398539304715,3.0893526706429784,0.20291816148697456,29.0,True
qlattice,BPG9,-1,1,0.01,0.0011638164557697544,1.3285327933828728,0.24324082955118048,34.0,True
qlattice,BPG9,-1,2,0.01,0.0004368465212637662,5.672448957772629,0.23592501863130394,23.0,True
qlattice,Nguyen-12,-1,1,0.01,3.296244265676741e-05,0.011761145911278376,0.3718403919558468,39.0,True
qlattice,feynman-ii.27.18,1,1,0.01,0.06741859543639256,0.1248880410273212,0.2169535516497793,5.0,True
qlattice,III.21.20_3_0,1,5,0.01,0.1648713488112417,1.0002582017941946,0.17081223885525842,35.0,True
qlattice,III.21.20_3_0,1,1,0.01,0.15235873946299056,1.0000278153050046,0.17204001961634063,30.0,True
qlattice,III.21.20_3_0,1,3,0.01,0.11290519934597176,1.00024056464549,0.17668505695655068,35.0,True
qlattice,III.21.20_3_0,1,2,0.01,0.1802654279932829,1.0000341263188872,0.16943116912006673,39.0,True
qlattice,CRK0,1,1,0.01,0.0006400156284799898,0.887399319645215,0.25877465462419413,23.0,True
qlattice,CRK0,1,2,0.01,4583174330.565138,40413906825519.11,0.0,13.0,True
qlattice,strogatz_barmag1,1,1,0.01,0.008476322409046342,0.3603361391248856,0.23268159684690243,35.0,True
qlattice,strogatz_barmag1,1,2,0.01,0.00956313351483861,0.38632752978966634,0.22973014727300922,35.0,True
qlattice,feynman-iii.10.19,1,1,0.01,1.0076343378180699,1.000001040776002,0.14273916389928593,5.0,True
qlattice,feynman-iii.10.19,1,2,0.01,1.0115616907892682,0.9999993914778175,0.14267885323621804,5.0,True
qlattice,Nguyen-6,1,1,0.01,5.158562612350777e-06,0.040713240098962426,0.3813477009792958,10.0,True
qlattice,Nguyen-6,1,2,0.01,0.0003766091252489153,0.04427201916950323,0.3134992796921995,10.0,True
dso,feynman-i.32.5,2,10,0.01,0.838879562288584,0.6006171839366288,0.15348937974390447,26.0,True
dso,feynman-i.32.5,2,30,0.01,0.838879562288584,0.6006171839366288,0.15348937974390447,26.0,True
dso,feynman-i.32.5,2,5,0.01,0.8315890261788378,0.8548175134421242,0.14815063710586618,13.0,True
dso,feynman-i.32.5,2,1,0.01,0.8318819361389443,0.8551227512722352,0.14813963731082297,11.0,True
dso,feynman-i.32.5,2,3,0.01,0.8315890261788378,0.8548175134421242,0.14815063710586618,13.0,True
dso,feynman-i.32.5,2,2,0.01,0.8315890261788378,0.8548175134421242,0.14815063710586618,13.0,True
dso,feynman-i.32.5,2,20,0.01,0.838879562288584,0.6006171839366288,0.15348937974390447,26.0,True
dso,feynman_II_15_4,2,10,0.01,0.009463218416824189,0.005564407839430208,0.295662220793294,13.0,True
dso,feynman_II_15_4,2,30,0.01,2.5014480601663078e-31,5.908606957084231e-32,1.0,12.0,True
dso,feynman_II_15_4,2,5,0.01,0.009463218416824189,0.005564407839430208,0.295662220793294,13.0,True
dso,feynman_II_15_4,2,1,0.01,0.28018535375994535,0.6532677085676102,0.16919512068688025,13.0,True
dso,feynman_II_15_4,2,3,0.01,0.1889294437629359,1.8303369737786208,0.15932747504559613,17.0,True
dso,feynman_II_15_4,2,2,0.01,0.1889294437629359,1.8303369737786208,0.15932747504559613,17.0,True
dso,feynman_II_15_4,2,20,0.01,2.5014480601663078e-31,5.908606957084231e-32,1.0,12.0,True
dso,Nguyen-6,2,10,0.01,1.2300930501264842e-31,5.9729956614313955e-33,1.0,13.0,True
dso,Nguyen-6,2,5,0.01,1.2300930501264842e-31,5.9729956614313955e-33,1.0,13.0,True
dso,Nguyen-6,2,1,0.01,1.2300930501264842e-31,5.9729956614313955e-33,1.0,13.0,True
dso,Nguyen-6,2,3,0.01,1.2300930501264842e-31,5.9729956614313955e-33,1.0,13.0,True
dso,Nguyen-6,2,2,0.01,1.2300930501264842e-31,5.9729956614313955e-33,1.0,13.0,True
dso,strogatz_predprey2,2,10,0.01,0.11669929663633119,0.7241416682684819,0.1811824365466066,15.0,True
dso,strogatz_predprey2,2,5,0.01,0.1257527020836732,0.8338042671426257,0.17783637717815637,31.0,True
dso,strogatz_predprey2,2,1,0.01,0.1257527020836732,0.8338042671426257,0.17783637717815637,31.0,True
dso,strogatz_predprey2,2,3,0.01,0.1257527020836732,0.8338042671426257,0.17783637717815637,31.0,True
dso,strogatz_predprey2,2,2,0.01,0.1257527020836732,0.8338042671426257,0.17783637717815637,31.0,True
dso,strogatz_predprey2,2,20,0.01,0.11102738810822724,0.6212199143571356,0.1843330181192802,30.0,True
dso,BPG3,2,10,0.01,0.001060312505921661,0.03360499501351637,0.3017200814626927,23.0,True
dso,BPG3,2,5,0.01,0.0012385546269964413,0.03360499501351473,0.29931003566473974,27.0,True
dso,BPG3,2,1,0.01,0.004832718603661178,0.033604995013347363,0.2781930234515964,21.0,True
dso,BPG3,2,3,0.01,0.0012385546269964413,0.03360499501351473,0.29931003566473974,27.0,True
dso,BPG3,2,2,0.01,0.0012385546269964413,0.03360499501351473,0.29931003566473974,27.0,True
dso,BPG3,2,20,0.01,0.00041644215799883005,1.8258279396327973e-05,0.4328209093971138,29.0,True
dso,feynman-iii.7.38,-1,10,0.01,1.0,1.0,0.1428571428571429,39.0,True
dso,feynman-iii.7.38,-1,30,0.01,1.0068245410598822,1.4215723098569952,0.13729561613324093,52.0,True
dso,feynman-iii.7.38,-1,5,0.01,1.0,1.0,0.1428571428571429,39.0,True
dso,feynman-iii.7.38,-1,1,0.01,1.0000157044675047,1.0000000001732812,0.14285689927195433,35.0,True
dso,feynman-iii.7.38,-1,3,0.01,0.9999963045498991,0.9999999992026677,0.14285720018795822,39.0,True
dso,feynman-iii.7.38,-1,2,0.01,0.9999963045498991,0.9999999992026677,0.14285720018795822,39.0,True
dso,feynman-iii.7.38,-1,20,0.01,1.0068245410598822,1.4215723098569952,0.13729561613324093,52.0,True
dso,strogatz_barmag2,-1,10,0.01,0.13569087107985942,0.44608972427256016,0.18635811250708906,28.0,True
dso,strogatz_barmag2,-1,30,0.01,0.13569087107985942,0.44608972427256016,0.18635811250708906,28.0,True
dso,strogatz_barmag2,-1,5,0.01,0.13569087107985942,0.44608972427256016,0.18635811250708906,28.0,True
dso,strogatz_barmag2,-1,1,0.01,0.13569087107985942,0.44608972427256016,0.18635811250708906,28.0,True
dso,strogatz_barmag2,-1,3,0.01,0.13569087107985942,0.44608972427256016,0.18635811250708906,28.0,True
dso,strogatz_barmag2,-1,2,0.01,0.13569087107985942,0.44608972427256016,0.18635811250708906,28.0,True
dso,strogatz_barmag2,-1,20,0.01,0.13569087107985942,0.44608972427256016,0.18635811250708906,28.0,True
dso,Nguyen-12,-1,10,0.01,0.015229331572002805,0.39249261938381197,0.22226741654681498,32.0,True
dso,Nguyen-12,-1,5,0.01,0.02195228919291499,0.02913713781502576,0.25693118916221797,18.0,True
dso,Nguyen-12,-1,1,0.01,0.02195228919291499,0.02913713781502576,0.25693118916221797,18.0,True
dso,Nguyen-12,-1,3,0.01,0.02195228919291499,0.02913713781502576,0.25693118916221797,18.0,True
dso,Nguyen-12,-1,2,0.01,0.02195228919291499,0.02913713781502576,0.25693118916221797,18.0,True
dso,Nguyen-12,-1,20,0.01,0.015229549868141212,0.4562367541664658,0.21993295227963838,27.0,True
dso,first_principles_hubble,-1,10,0.01,0.0408838801431855,0.08433535655227314,0.2308013645786134,41.0,True
dso,first_principles_hubble,-1,5,0.01,0.06614811038399285,0.2593292144763535,0.20591539689305094,34.0,True
dso,first_principles_hubble,-1,1,0.01,0.5120550387542556,0.08966389957546829,0.19064520475277552,44.0,True
dso,first_principles_hubble,-1,3,0.01,0.09986274020475555,0.04866652992137898,0.22547736215838798,30.0,True
dso,first_principles_hubble,-1,2,0.01,0.6986662696217285,0.11463903711540144,0.1820142033416594,32.0,True
dso,first_principles_hubble,-1,20,0.01,0.0408838801431855,0.08433535655227314,0.2308013645786134,41.0,True
dso,CRK10,-1,10,0.01,0.032017524797922386,126.38541642370048,0.12480758019422883,28.0,True
dso,CRK10,-1,30,0.01,0.032017524797922386,126.38541642370048,0.12480758019422883,28.0,True
dso,CRK10,-1,5,0.01,0.04470492837808442,1.0,0.19105873559170633,30.0,True
dso,CRK10,-1,1,0.01,0.04470492837808442,1.0,0.19105873559170633,30.0,True
dso,CRK10,-1,3,0.01,0.04470492837808442,1.0,0.19105873559170633,30.0,True
dso,CRK10,-1,2,0.01,0.04470492837808442,1.0,0.19105873559170633,30.0,True
dso,CRK10,-1,20,0.01,0.032017524797922386,126.38541642370048,0.12480758019422883,28.0,True
dso,feynman-i.15.3t,-1,10,0.01,1.8773193314044877e-08,4.803598798321528e-05,0.5730319685798904,21.0,True
dso,feynman-i.15.3t,-1,30,0.01,3.135529308688896e-08,4.6126420257829295e-05,0.5657049779948646,25.0,True
dso,feynman-i.15.3t,-1,5,0.01,1.829636894723284e-08,4.770969483249579e-05,0.5735367304310784,24.0,True
dso,feynman-i.15.3t,-1,1,0.01,1.5543605016882356e-08,4.804538549724397e-05,0.5759570202111264,9.0,True
dso,feynman-i.15.3t,-1,45,0.01,3.135529308688896e-08,4.6126420257829295e-05,0.5657049779948646,25.0,True
dso,feynman-i.15.3t,-1,3,0.01,1.829636894723284e-08,4.770969483249579e-05,0.5735367304310784,24.0,True
dso,feynman-i.15.3t,-1,2,0.01,1.829636894723284e-08,4.770969483249579e-05,0.5735367304310784,24.0,True
dso,feynman-i.15.3t,-1,20,0.01,1.8773193314044877e-08,4.803598798321528e-05,0.5730319685798904,21.0,True
dso,BPG9,-1,10,0.01,0.15631780085229152,0.9999999999999999,0.1716425558367315,25.0,True
dso,BPG9,-1,30,0.01,0.15631780085229152,0.9999999999999999,0.1716425558367315,25.0,True
dso,BPG9,-1,5,0.01,0.1688118410769697,0.9999999999999999,0.17044989620165102,27.0,True
dso,BPG9,-1,1,0.01,0.32407926452231717,586.2129352450692,0.08890531269384272,26.0,True
dso,BPG9,-1,3,0.01,0.24995339468774133,1.0,0.16436217716411278,33.0,True
dso,BPG9,-1,2,0.01,0.24995339468774133,1.0,0.16436217716411278,33.0,True
dso,BPG9,-1,20,0.01,0.15631780085229152,0.9999999999999999,0.1716425558367315,25.0,True
dso,III.21.20_3_0,-1,60,0.01,3.58161795392675e-15,1.333114012124983e-25,1.0,18.0,True
dso,III.21.20_3_0,-1,10,0.01,0.021272031937714986,0.023538332113885667,0.26072911919278874,25.0,True
dso,III.21.20_3_0,-1,30,0.01,3.58161795392675e-15,1.333114012124983e-25,1.0,18.0,True
dso,III.21.20_3_0,-1,5,0.01,0.03520373714776902,0.006309994965591895,0.27333507920097594,18.0,True
dso,III.21.20_3_0,-1,1,0.01,0.1406545326267376,0.15646710752831283,0.20205082906481253,30.0,True
dso,III.21.20_3_0,-1,45,0.01,3.58161795392675e-15,1.333114012124983e-25,1.0,18.0,True
dso,III.21.20_3_0,-1,3,0.01,0.1406545326267376,0.15646710752831283,0.20205082906481253,30.0,True
dso,III.21.20_3_0,-1,2,0.01,0.1406545326267376,0.15646710752831283,0.20205082906481253,30.0,True
dso,III.21.20_3_0,-1,20,0.01,3.58161795392675e-15,1.333114012124983e-25,1.0,18.0,True
dso,feynman_I_12_11,1,10,0.01,0.19203399621054962,0.17340176608222507,0.1956274415694838,18.0,True
dso,feynman_I_12_11,1,30,0.01,1.3515208670700864e-31,1.4716479784063392e-32,1.0,12.0,True
dso,feynman_I_12_11,1,5,0.01,0.2852557173921729,0.688520233497732,0.16810174767417996,17.0,True
dso,feynman_I_12_11,1,1,0.01,0.48716918863758313,1.5571373638397716,0.14714261646267862,21.0,True
dso,feynman_I_12_11,1,45,0.01,1.3515208670700864e-31,1.4716479784063392e-32,1.0,12.0,True
dso,feynman_I_12_11,1,3,0.01,0.3617440052722167,0.6390752307425288,0.16557309541649012,21.0,True
dso,feynman_I_12_11,1,2,0.01,0.48716918863758313,1.5571373638397716,0.14714261646267862,21.0,True
dso,feynman_I_12_11,1,20,0.01,0.03301473538590822,0.05729782534498608,0.2401126442853888,19.0,True
dso,III.21.20_3_0,1,60,0.01,3.58161795392675e-15,1.333114012124983e-25,1.0,18.0,True
dso,III.21.20_3_0,1,10,0.01,0.016116638063690982,1.0304522970581787e-08,0.4921320591202591,13.0,True
dso,III.21.20_3_0,1,30,0.01,3.58161795392675e-15,1.333114012124983e-25,1.0,18.0,True
dso,III.21.20_3_0,1,5,0.01,0.3050616369122429,0.04492162222660176,0.20939846330125045,32.0,True
dso,III.21.20_3_0,1,1,0.01,0.46127803137108725,,0.0,14.0,False
dso,III.21.20_3_0,1,45,0.01,3.58161795392675e-15,1.333114012124983e-25,1.0,18.0,True
dso,III.21.20_3_0,1,3,0.01,0.3050616369122429,0.04492162222660176,0.20939846330125045,32.0,True
dso,III.21.20_3_0,1,2,0.01,0.29767411236532804,4.5894191219354715e+33,0.09022353331150951,27.0,True
dso,III.21.20_3_0,1,20,0.01,0.0004377255108787048,0.0004870331887229164,0.3811156994517632,23.0,True
dso,feynman-i.29.16,1,10,0.01,0.07664765322587769,0.05899694121733989,0.22659541578951842,10.0,True
dso,feynman-i.29.16,1,5,0.01,0.07664765322587769,0.05899694121733989,0.22659541578951842,10.0,True
dso,feynman-i.29.16,1,1,0.01,0.07475309569208897,0.23520667929895392,0.2055328988229015,35.0,True
dso,feynman-i.29.16,1,3,0.01,0.07664765322587769,0.05899694121733989,0.22659541578951842,10.0,True
dso,feynman-i.29.16,1,2,0.01,0.07584487707604501,0.20287052060733948,0.20760195730391262,11.0,True
dso,feynman-i.29.16,1,20,0.01,0.07664765322587769,0.05899694121733989,0.22659541578951842,10.0,True
dso,Nguyen-6,1,10,0.01,1.2300930501264842e-31,5.9729956614313955e-33,1.0,17.0,True
dso,Nguyen-6,1,30,0.01,1.2300930501264842e-31,5.9729956614313955e-33,1.0,17.0,True
dso,Nguyen-6,1,5,0.01,1.2300930501264842e-31,5.9729956614313955e-33,1.0,17.0,True
dso,Nguyen-6,1,1,0.01,6.119407008611941e-05,0.06788977466574186,0.3350530819010299,21.0,True
dso,Nguyen-6,1,3,0.01,1.2300930501264842e-31,5.9729956614313955e-33,1.0,17.0,True
dso,Nguyen-6,1,2,0.01,1.2300930501264842e-31,5.9729956614313955e-33,1.0,17.0,True
dso,Nguyen-6,1,20,0.01,1.2300930501264842e-31,5.9729956614313955e-33,1.0,17.0,True
dso,feynman-ii.27.18,1,10,0.01,0.9952907371648683,3.225679628468504e+17,0.07150178706228655,31.0,True
dso,feynman-ii.27.18,1,30,0.01,0.9204650697305864,0.9466672676619147,0.14499269023681471,35.0,True
dso,feynman-ii.27.18,1,5,0.01,0.9998759816952328,106883.00080784419,0.07143049513591188,20.0,True
dso,feynman-ii.27.18,1,1,0.01,0.9999814121296953,24311.845613798676,0.07142885973873325,31.0,True
dso,feynman-ii.27.18,1,45,0.01,0.9204650697305864,0.9466672676619147,0.14499269023681471,35.0,True
dso,feynman-ii.27.18,1,3,0.01,0.9998761902793729,106883.99539928719,0.07143049190026307,30.0,True
dso,feynman-ii.27.18,1,2,0.01,0.9999305759892348,299.60225339240026,0.07142964826826498,16.0,True
dso,feynman-ii.27.18,1,20,0.01,0.9952907371648683,3.225679628468504e+17,0.07150178706228655,31.0,True
dso,CRK11,1,10,0.01,0.009186973602979149,1.0,0.21560098326734023,25.0,True
dso,CRK11,1,30,0.01,0.009186973602979149,1.0,0.21560098326734023,25.0,True
dso,CRK11,1,5,0.01,0.009186973602979149,1.0,0.21560098326734023,25.0,True
dso,CRK11,1,1,0.01,0.031317624496015654,0.9999999999999964,0.19657897098083343,25.0,True
dso,CRK11,1,3,0.01,0.009186973602979149,1.0,0.21560098326734023,25.0,True
dso,CRK11,1,2,0.01,0.009186973602979149,1.0,0.21560098326734023,25.0,True
dso,CRK11,1,20,0.01,0.009186973602979149,1.0,0.21560098326734023,25.0,True
dso,feynman-i.39.22,1,10,0.01,0.6882621158455581,0.7764123694082261,0.15257691746495444,14.0,True
dso,feynman-i.39.22,1,30,0.01,0.6882621158455581,0.7764123694082261,0.15257691746495444,14.0,True
dso,feynman-i.39.22,1,5,0.01,0.8274040928932903,0.3980410865232434,0.16008408685973619,19.0,True
dso,feynman-i.39.22,1,1,0.01,0.9096015649036219,1.805405954164932,0.13516335466905566,18.0,True
dso,feynman-i.39.22,1,45,0.01,0.6185847855410891,0.6513617385323118,0.15695637577609167,20.0,True
dso,feynman-i.39.22,1,3,0.01,0.7312562950733441,0.8154505802362377,0.15087616914827168,30.0,True
dso,feynman-i.39.22,1,2,0.01,0.7724527375499162,0.8572838865311736,0.14925012223336498,16.0,True
dso,feynman-i.39.22,1,20,0.01,0.6882621158455581,0.7764123694082261,0.15257691746495444,14.0,True
ragsr,BPG3,2,10,0.01,0.0015556343957621834,143549985.79975322,0.1717175879634284,,True
ragsr,BPG3,2,5,0.01,0.0015556343957621834,143549985.79975322,0.1717175879634284,,True
ragsr,BPG3,2,1,0.01,,,0.0,,False
ragsr,BPG3,2,3,0.01,0.0015556343957621834,143549985.79975322,0.1717175879634284,,True
ragsr,BPG3,2,2,0.01,0.0015556343957621834,143549985.79975322,0.1717175879634284,,True
ragsr,BPG3,2,20,0.01,,,0.0,,False
ragsr,Nguyen-6,2,10,0.01,,,0.0,,False
ragsr,Nguyen-6,2,30,0.01,,,0.0,,False
ragsr,Nguyen-6,2,5,0.01,,,0.0,,False
ragsr,Nguyen-6,2,1,0.01,,,0.0,,False
ragsr,Nguyen-6,2,45,0.01,,,0.0,,False
ragsr,Nguyen-6,2,3,0.01,,,0.0,,False
ragsr,Nguyen-6,2,2,0.01,2.5891367806482357,0.047921551616169865,0.17522550480192817,,True
ragsr,Nguyen-6,2,20,0.01,,,0.0,,False
ragsr,feynman-i.32.5,2,10,0.01,1.8069198685955615e+29,3.214718447013719e+27,0.0,,True
ragsr,feynman-i.32.5,2,30,0.01,1.7233213527631573e+29,2.920536043728255e+27,0.0,,True
ragsr,feynman-i.32.5,2,5,0.01,1.7360153000529693e+29,3.4204452002344e+27,0.0,,True
ragsr,feynman-i.32.5,2,1,0.01,,,0.0,,False
ragsr,feynman-i.32.5,2,3,0.01,,,0.0,,False
ragsr,feynman-i.32.5,2,2,0.01,,,0.0,,False
ragsr,feynman-i.32.5,2,20,0.01,1.7306573329036283e+29,2.940752560169493e+27,0.0,,True
ragsr,strogatz_predprey2,2,10,0.01,,,0.0,,False
ragsr,strogatz_predprey2,2,30,0.01,,,0.0,,False
ragsr,strogatz_predprey2,2,5,0.01,,,0.0,,False
ragsr,strogatz_predprey2,2,1,0.01,,,0.0,,False
ragsr,strogatz_predprey2,2,3,0.01,,,0.0,,False
ragsr,strogatz_predprey2,2,2,0.01,,,0.0,,False
ragsr,strogatz_predprey2,2,20,0.01,,,0.0,,False
ragsr,feynman_II_15_4,2,10,0.01,132.1779025087137,28.47764674289411,0.019481996485006092,,True
ragsr,feynman_II_15_4,2,30,0.01,1745.350918696059,503.00435413534143,0.0,,True
ragsr,feynman_II_15_4,2,5,0.01,68.14073739690494,62.01377308745901,0.013360893397673379,,True
ragsr,feynman_II_15_4,2,45,0.01,1688.8338207923061,440.89459569450855,0.0,,True
ragsr,feynman_II_15_4,2,3,0.01,22.20502737571943,34.39558417228237,0.03989449989959465,,True
ragsr,feynman_II_15_4,2,2,0.01,,,0.0,,False
ragsr,feynman_II_15_4,2,20,0.01,324.01054405836004,45.04294249465396,0.012370473082917166,,True
ragsr,CRK0,-1,10,0.01,,,0.0,,False
ragsr,CRK0,-1,30,0.01,,,0.0,,False
ragsr,CRK0,-1,5,0.01,3.140864472302796,2679.5901441994292,0.05367681439001676,,True
ragsr,CRK0,-1,1,0.01,,,0.0,,False
ragsr,CRK0,-1,45,0.01,,,0.0,,False
ragsr,CRK0,-1,3,0.01,,,0.0,,False
ragsr,CRK0,-1,2,0.01,,,0.0,,False
ragsr,CRK0,-1,20,0.01,1.8834261688987148,69.62460239067816,0.06722459541487102,,True
ragsr,feynman-ii.34.11,-1,10,0.01,,,0.0,,False
ragsr,feynman-ii.34.11,-1,30,0.01,7.191565211092695,1.0078203031176884,0.11213548121120476,,True
ragsr,feynman-ii.34.11,-1,5,0.01,,,0.0,,False
ragsr,feynman-ii.34.11,-1,1,0.01,1.1415565711541009e+53,7.519873390011634e+55,0.0,,True
ragsr,feynman-ii.34.11,-1,3,0.01,,,0.0,,False
ragsr,feynman-ii.34.11,-1,2,0.01,,,0.0,,False
ragsr,feynman-ii.34.11,-1,20,0.01,6.138310357757685,1.00553288409606,0.11462695996847921,,True
ragsr,Nguyen-12,-1,10,0.01,,,0.0,,False
ragsr,Nguyen-12,-1,30,0.01,,,0.0,,False
ragsr,Nguyen-12,-1,5,0.01,,,0.0,,False
ragsr,Nguyen-12,-1,1,0.01,,,0.0,,False
ragsr,Nguyen-12,-1,3,0.01,0.007975976297710324,0.035908298890889305,0.26939361835058906,,True
ragsr,Nguyen-12,-1,2,0.01,,,0.0,,False
ragsr,Nguyen-12,-1,20,0.01,,,0.0,,False
ragsr,feynman-ii.34.2a,-1,10,0.01,224265007068.34195,7302425649.69475,0.0,,True
ragsr,feynman-ii.34.2a,-1,30,0.01,,,0.0,,False
ragsr,feynman-ii.34.2a,-1,5,0.01,1.0250095827316072e+24,5.784501244581858e+23,0.0,,True
ragsr,feynman-ii.34.2a,-1,1,0.01,982902938638352.9,31488736097792.516,0.0,,True
ragsr,feynman-ii.34.2a,-1,3,0.01,34817760036.77567,1115441405.3977945,0.0,,True
ragsr,feynman-ii.34.2a,-1,2,0.01,109065575736281.81,3521382650941.8364,0.0,,True
ragsr,feynman-ii.34.2a,-1,20,0.01,,,0.0,,False
ragsr,strogatz_barmag2,-1,10,0.01,6.753113647208629,6.072819315871644,0.08525377077688184,,True
ragsr,strogatz_barmag2,-1,30,0.01,,,0.0,,False
ragsr,strogatz_barmag2,-1,5,0.01,17.835497612184064,16.330916703462787,0.05484657877216326,,True
ragsr,strogatz_barmag2,-1,1,0.01,,,0.0,,False
ragsr,strogatz_barmag2,-1,3,0.01,,,0.0,,False
ragsr,strogatz_barmag2,-1,2,0.01,,,0.0,,False
ragsr,strogatz_barmag2,-1,20,0.01,,,0.0,,False
ragsr,feynman-iii.10.19,-1,10,0.01,35.111462223038195,1.0000693870569468,0.08766146251847134,,True
ragsr,feynman-iii.10.19,-1,30,0.01,35.111462223038195,1.0000693870569468,0.08766146251847134,,True
ragsr,feynman-iii.10.19,-1,5,0.01,35.111462223038195,1.0000693870569468,0.08766146251847134,,True
ragsr,feynman-iii.10.19,-1,1,0.01,35.111462223038195,1.0000693870569468,0.08766146251847134,,True
ragsr,feynman-iii.10.19,-1,45,0.01,,,0.0,,False
ragsr,feynman-iii.10.19,-1,3,0.01,35.111462223038195,1.0000693870569468,0.08766146251847134,,True
ragsr,feynman-iii.10.19,-1,2,0.01,35.111462223038195,1.0000693870569468,0.08766146251847134,,True
ragsr,feynman-iii.10.19,-1,20,0.01,35.111462223038195,1.0000693870569468,0.08766146251847134,,True
ragsr,first_principles_hubble,1,10,0.01,0.4157087869194539,0.14184364081854967,0.18676431876766564,,True
ragsr,first_principles_hubble,1,30,0.01,0.573357848175376,0.22460109331162686,0.1746486561594996,,True
ragsr,first_principles_hubble,1,5,0.01,0.7198833671142056,0.0400926715561114,0.19784545944504434,,True
ragsr,first_principles_hubble,1,1,0.01,,,0.0,,False
ragsr,first_principles_hubble,1,3,0.01,,,0.0,,False
ragsr,first_principles_hubble,1,2,0.01,,,0.0,,False
ragsr,first_principles_hubble,1,20,0.01,0.4278631440668655,0.16459465303840057,0.18400997853773393,,True
ragsr,strogatz_barmag1,1,10,0.01,,,0.0,,False
ragsr,strogatz_barmag1,1,30,0.01,,,0.0,,False
ragsr,strogatz_barmag1,1,5,0.01,953.8229602664683,967.5766055688518,0.0,,True
ragsr,strogatz_barmag1,1,1,0.01,,,0.0,,False
ragsr,strogatz_barmag1,1,3,0.01,284.3923022944958,231.33975994408055,0.0,,True
ragsr,strogatz_barmag1,1,2,0.01,50.68275591878807,43.56771208446569,0.02342767942930185,,True
ragsr,strogatz_barmag1,1,20,0.01,167.0540580586746,117.35102025538446,0.0,,True
ragsr,feynman-ii.34.11,1,10,0.01,3.861399833248863e+52,2.5436529899597677e+55,0.0,,True
ragsr,feynman-ii.34.11,1,30,0.01,3.861399833248863e+52,2.5436529899597677e+55,0.0,,True
ragsr,feynman-ii.34.11,1,5,0.01,3.3910769374698426,1.0007297626134914,0.12390519787340509,,True
ragsr,feynman-ii.34.11,1,1,0.01,2.982110333601475e+111,1.4709655568321934e+120,0.0,,True
ragsr,feynman-ii.34.11,1,45,0.01,3.861399833248863e+52,2.5436529899597677e+55,0.0,,True
ragsr,feynman-ii.34.11,1,3,0.01,3.3910769374698426,1.0007297626134914,0.12390519787340509,,True
ragsr,feynman-ii.34.11,1,2,0.01,3.3910769374698426,1.0007297626134914,0.12390519787340509,,True
ragsr,feynman-ii.34.11,1,20,0.01,3.861399833248863e+52,2.5436529899597677e+55,0.0,,True
ragsr,first_principles_leavitt,1,10,0.01,,,0.0,,False
ragsr,first_principles_leavitt,1,30,0.01,,,0.0,,False
ragsr,first_principles_leavitt,1,5,0.01,,,0.0,,False
ragsr,first_principles_leavitt,1,1,0.01,,,0.0,,False
ragsr,first_principles_leavitt,1,45,0.01,,,0.0,,False
ragsr,first_principles_leavitt,1,3,0.01,,,0.0,,False
ragsr,first_principles_leavitt,1,2,0.01,,,0.0,,False
ragsr,first_principles_leavitt,1,20,0.01,,,0.0,,False
ragsr,Nguyen-12,1,10,0.01,,,0.0,,False
ragsr,Nguyen-12,1,30,0.01,0.0009215999116801209,0.010446145485594676,0.32201791091035514,,True
ragsr,Nguyen-12,1,5,0.01,0.0029857908620680535,0.012504056129924024,0.3009960607466512,,True
ragsr,Nguyen-12,1,1,0.01,,,0.0,,False
ragsr,Nguyen-12,1,3,0.01,,,0.0,,False
ragsr,Nguyen-12,1,2,0.01,,,0.0,,False
ragsr,Nguyen-12,1,20,0.01,,,0.0,,False
ragsr,feynman-iii.10.19,1,10,0.01,34.966900223657845,1.0000691925009886,0.08772545774355373,,True
ragsr,feynman-iii.10.19,1,30,0.01,34.966900223657845,1.0000691925009886,0.08772545774355373,,True
ragsr,feynman-iii.10.19,1,5,0.01,34.966900223657845,1.0000691925009886,0.08772545774355373,,True
ragsr,feynman-iii.10.19,1,1,0.01,34.966900223657845,1.0000691925009886,0.08772545774355373,,True
ragsr,feynman-iii.10.19,1,45,0.01,34.966900223657845,1.0000691925009886,0.08772545774355373,,True
ragsr,feynman-iii.10.19,1,3,0.01,34.966900223657845,1.0000691925009886,0.08772545774355373,,True
ragsr,feynman-iii.10.19,1,2,0.01,34.966900223657845,1.0000691925009886,0.08772545774355373,,True
ragsr,feynman-iii.10.19,1,20,0.01,34.966900223657845,1.0000691925009886,0.08772545774355373,,True
ragsr,CRK0,1,10,0.01,,,0.0,,False
ragsr,CRK0,1,30,0.01,,,0.0,,False
ragsr,CRK0,1,5,0.01,,,0.0,,False
ragsr,CRK0,1,1,0.01,,,0.0,,False
ragsr,CRK0,1,3,0.01,,,0.0,,False
ragsr,CRK0,1,2,0.01,,,0.0,,False
ragsr,CRK0,1,20,0.01,,,0.0,,False
drsr,feynman_I_12_11,2,60,0.01,0.10409397250997035,0.3140444179029587,0.1959136906786521,,True
drsr,feynman_I_12_11,2,10,0.01,0.19761874878002622,0.5225748536703131,0.1780722623978837,,True
drsr,feynman_I_12_11,2,30,0.01,0.10409397250997035,0.3140444179029587,0.1959136906786521,,True
drsr,feynman_I_12_11,2,5,0.01,0.19761874878002622,0.5225748536703131,0.1780722623978837,,True
drsr,feynman_I_12_11,2,1,0.01,0.2905359942874946,0.7664049853317271,0.16615506194397017,,True
drsr,feynman_I_12_11,2,45,0.01,0.10409397250997035,0.3140444179029587,0.1959136906786521,,True
drsr,feynman_I_12_11,2,3,0.01,0.19761874878002622,0.5225748536703131,0.1780722623978837,,True
drsr,feynman_I_12_11,2,2,0.01,0.19761874878002622,0.5225748536703131,0.1780722623978837,,True
drsr,feynman_I_12_11,2,20,0.01,0.10429225383916188,0.31385963618471907,0.19589330285702894,,True
drsr,strogatz_predprey2,2,60,0.01,6.895788247088226e-07,3.6090461865196283e-07,0.5930008443985274,,True
drsr,strogatz_predprey2,2,10,0.01,6.928217081420025e-07,3.59479255702714e-07,0.5929894528298463,,True
drsr,strogatz_predprey2,2,30,0.01,6.895788247088226e-07,3.6090461865196283e-07,0.5930008443985274,,True
drsr,strogatz_predprey2,2,5,0.01,0.04851565323137126,0.41332893810339266,0.20349365373068123,,True
drsr,strogatz_predprey2,2,1,0.01,0.05985202257360511,0.723768011571769,0.19154720658168356,,True
drsr,strogatz_predprey2,2,45,0.01,6.895788247088226e-07,3.6090461865196283e-07,0.5930008443985274,,True
drsr,strogatz_predprey2,2,3,0.01,0.04851565323137126,0.41332893810339266,0.20349365373068123,,True
drsr,strogatz_predprey2,2,2,0.01,0.04851565323137126,0.41332893810339266,0.20349365373068123,,True
drsr,strogatz_predprey2,2,20,0.01,6.895788247088226e-07,3.6090461865196283e-07,0.5930008443985274,,True
drsr,strogatz_barmag1,2,60,0.01,4.724345536427002e-06,0.0001022495810228681,0.4755713145957162,,True
drsr,strogatz_barmag1,2,10,0.01,3.184041770502472e-06,7.70501161007408e-05,0.48608028378775314,,True
drsr,strogatz_barmag1,2,30,0.01,4.724345536427002e-06,0.0001022495810228681,0.4755713145957162,,True
drsr,strogatz_barmag1,2,5,0.01,0.00157865167782588,0.037429190632214816,0.29387511601577027,,True
drsr,strogatz_barmag1,2,1,0.01,0.04036239226454108,0.923485632892752,0.19387831992470556,,True
drsr,strogatz_barmag1,2,45,0.01,4.724345536427002e-06,0.0001022495810228681,0.4755713145957162,,True
drsr,strogatz_barmag1,2,3,0.01,0.017748525150167532,2.8266046795613744,0.1892704520028109,,True
drsr,strogatz_barmag1,2,2,0.01,0.043183354751942425,0.28401962484687254,0.21111911687674312,,True
drsr,strogatz_barmag1,2,20,0.01,4.724345536427002e-06,0.0001022495810228681,0.4755713145957162,,True
drsr,strogatz_barmag2,2,60,0.01,1.777693692359208e-05,2.719766507087494e-05,0.4755575516875038,,True
drsr,strogatz_barmag2,2,10,0.01,0.3976934162655587,39.968338874146696,0.09995483927531118,,True
drsr,strogatz_barmag2,2,30,0.01,0.0520583695376892,1.1473516653606595,0.18656474598997075,,True
drsr,strogatz_barmag2,2,5,0.01,0.3976934162655587,39.968338874146696,0.09995483927531118,,True
drsr,strogatz_barmag2,2,1,0.01,0.9579327196661142,16.082828652210576,0.10043937705467892,,True
drsr,strogatz_barmag2,2,45,0.01,0.010558904774241063,0.5059893540374383,0.22400856240619926,,True
drsr,strogatz_barmag2,2,3,0.01,0.9579327196661142,16.082828652210576,0.10043937705467892,,True
drsr,strogatz_barmag2,2,2,0.01,0.9579327196661142,16.082828652210576,0.10043937705467892,,True
drsr,strogatz_barmag2,2,20,0.01,0.0520583695376892,1.1473516653606595,0.18656474598997075,,True
drsr,I.11.19_4_0,2,60,0.01,0.061235266996255866,0.2685759247709393,0.20656897515832756,,True
drsr,I.11.19_4_0,2,10,0.01,0.06123532915743007,0.2685756247085047,0.20656897674219477,,True
drsr,I.11.19_4_0,2,30,0.01,0.061235266996255866,0.2685759247709393,0.20656897515832756,,True
drsr,I.11.19_4_0,2,5,0.01,0.06251990557879218,0.2747651938727785,0.20589357033286632,,True
drsr,I.11.19_4_0,2,1,0.01,0.06251990557879218,0.2747651938727785,0.20589357033286632,,True
drsr,I.11.19_4_0,2,45,0.01,0.061235266996255866,0.2685759247709393,0.20656897515832756,,True
drsr,I.11.19_4_0,2,3,0.01,0.06251990557879218,0.2747651938727785,0.20589357033286632,,True
drsr,I.11.19_4_0,2,2,0.01,0.06251990557879218,0.2747651938727785,0.20589357033286632,,True
drsr,I.11.19_4_0,2,20,0.01,0.061235266996255866,0.2685759247709393,0.20656897515832756,,True
drsr,feynman-i.18.16,-1,60,0.01,0.12055072945681326,0.452859843917368,0.18795951231456215,,True
drsr,feynman-i.18.16,-1,10,0.01,0.12055072945681326,0.452859843917368,0.18795951231456215,,True
drsr,feynman-i.18.16,-1,30,0.01,0.12055072945681326,0.452859843917368,0.18795951231456215,,True
drsr,feynman-i.18.16,-1,5,0.01,1.0043826671665648,0.9989282775040634,0.1428059458342491,,True
drsr,feynman-i.18.16,-1,1,0.01,1.0043826671665648,0.9989282775040634,0.1428059458342491,,True
drsr,feynman-i.18.16,-1,45,0.01,0.12055072945681326,0.452859843917368,0.18795951231456215,,True
drsr,feynman-i.18.16,-1,3,0.01,1.0043826671665648,0.9989282775040634,0.1428059458342491,,True
drsr,feynman-i.18.16,-1,2,0.01,1.0043826671665648,0.9989282775040634,0.1428059458342491,,True
drsr,feynman-i.18.16,-1,20,0.01,0.12055072945681326,0.452859843917368,0.18795951231456215,,True
drsr,first_principles_leavitt,-1,60,0.01,0.0009371078458404084,0.0003342012632873805,0.37515008352917695,,True
drsr,first_principles_leavitt,-1,10,0.01,0.0002801103707076729,0.00010902286537495499,0.41125547212857866,,True
drsr,first_principles_leavitt,-1,30,0.01,0.0003190458201602711,0.0007219561217486611,0.3799155763365186,,True
drsr,first_principles_leavitt,-1,5,0.01,0.00028289062798881085,0.00025649815150090294,0.3978320428786777,,True
drsr,first_principles_leavitt,-1,1,0.01,0.00019267218904263735,0.001902981153381194,0.3727052314710039,,True
drsr,first_principles_leavitt,-1,45,0.01,0.0009405182839344959,0.00019726464854063084,0.3832708390775474,,True
drsr,first_principles_leavitt,-1,3,0.01,0.00028289062798881085,0.00025649815150090294,0.3978320428786777,,True
drsr,first_principles_leavitt,-1,2,0.01,0.00019267218904263735,0.001902981153381194,0.3727052314710039,,True
drsr,first_principles_leavitt,-1,20,0.01,0.00034655594156267805,3.7230011316093476e-05,0.4246190529544891,,True
drsr,feynman-ii.34.2a,-1,60,0.01,1.0249048184003822,1.0024878630991454,0.14243704791759526,,True
drsr,feynman-ii.34.2a,-1,10,0.01,1.0118061677198111,1.0004927547875468,0.1426674546282226,,True
drsr,feynman-ii.34.2a,-1,30,0.01,1.0118061677198111,1.0004927547875468,0.1426674546282226,,True
drsr,feynman-ii.34.2a,-1,5,0.01,0.9944899092296534,1.000278817028094,0.14293851954803533,,True
drsr,feynman-ii.34.2a,-1,1,0.01,1.0068783433415807,1.0005159353029422,0.14274282107449648,,True
drsr,feynman-ii.34.2a,-1,45,0.01,1.0118061677198111,1.0004927547875468,0.1426674546282226,,True
drsr,feynman-ii.34.2a,-1,3,0.01,0.9944899092296534,1.000278817028094,0.14293851954803533,,True
drsr,feynman-ii.34.2a,-1,2,0.01,1.0068783433415807,1.0005159353029422,0.14274282107449648,,True
drsr,feynman-ii.34.2a,-1,20,0.01,1.0118061677198111,1.0004927547875468,0.1426674546282226,,True
drsr,strogatz_shearflow1,-1,60,0.01,0.40381117424915713,3.5671206825893225,0.13719656660124974,,True
drsr,strogatz_shearflow1,-1,10,0.01,0.7290503883965767,3.817669391311636,0.12698014779936206,,True
drsr,strogatz_shearflow1,-1,30,0.01,0.40381117424915713,3.5671206825893225,0.13719656660124974,,True
drsr,strogatz_shearflow1,-1,5,0.01,0.6594007869857336,1.8447386600004296,0.13981841748368334,,True
drsr,strogatz_shearflow1,-1,1,0.01,1.0123955014320996,1.3277474192297791,0.13826908311954617,,True
drsr,strogatz_shearflow1,-1,45,0.01,0.40381117424915713,3.5671206825893225,0.13719656660124974,,True
drsr,strogatz_shearflow1,-1,3,0.01,0.659405939414097,1.8447115931362685,0.13981852386721544,,True
drsr,strogatz_shearflow1,-1,2,0.01,0.659405939414097,1.8447115931362685,0.13981852386721544,,True
drsr,strogatz_shearflow1,-1,20,0.01,0.3902954321389466,2.7236343870122117,0.14190920438602317,,True
drsr,feynman_II_15_4,-1,60,0.01,8.392312108864097e-09,2.7083896781120244e-08,0.701550257970281,,True
drsr,feynman_II_15_4,-1,10,0.01,1.520906266707065e-09,1.5209062667068494e-09,0.7727069679032457,,True
drsr,feynman_II_15_4,-1,30,0.01,7.966539139751084e-09,2.819044872720874e-08,0.7017367256044929,,True
drsr,feynman_II_15_4,-1,5,0.01,1.520906266707065e-09,1.5209062667068494e-09,0.7727069679032457,,True
drsr,feynman_II_15_4,-1,1,0.01,1.520906266707065e-09,1.5209062667068494e-09,0.7727069679032457,,True
drsr,feynman_II_15_4,-1,45,0.01,8.392312108864097e-09,2.7083896781120244e-08,0.701550257970281,,True
drsr,feynman_II_15_4,-1,3,0.01,1.520906266707065e-09,1.5209062667068494e-09,0.7727069679032457,,True
drsr,feynman_II_15_4,-1,2,0.01,1.520906266707065e-09,1.5209062667068494e-09,0.7727069679032457,,True
drsr,feynman_II_15_4,-1,20,0.01,7.356363698485907e-09,2.2504963204234662e-08,0.7064663750068313,,True
drsr,feynman-i.13.12,1,60,0.01,0.9003897941906226,3.1273250080892177,0.12679987209143817,,True
drsr,feynman-i.13.12,1,10,0.01,0.9003897941906226,3.1273250080892177,0.12679987209143817,,True
drsr,feynman-i.13.12,1,30,0.01,0.9003897941906226,3.1273250080892177,0.12679987209143817,,True
drsr,feynman-i.13.12,1,5,0.01,0.5268912182132116,1.1176017948456942,0.151071141044755,,True
drsr,feynman-i.13.12,1,1,0.01,1.3246677333602233,1.4627126956356609,0.13259764326267637,,True
drsr,feynman-i.13.12,1,45,0.01,0.9003897941906226,3.1273250080892177,0.12679987209143817,,True
drsr,feynman-i.13.12,1,3,0.01,0.7925545748434593,2.4477158734929088,0.13257892209104583,,True
drsr,feynman-i.13.12,1,2,0.01,0.7925545748434593,2.4477158734929088,0.13257892209104583,,True
drsr,feynman-i.13.12,1,20,0.01,0.9003897941906226,3.1273250080892177,0.12679987209143817,,True
drsr,II.11.27_1_0,1,60,0.01,0.9921857351550153,1.0023881711836593,0.14294182457586602,,True
drsr,II.11.27_1_0,1,10,0.01,0.9921857351550153,1.0023881711836593,0.14294182457586602,,True
drsr,II.11.27_1_0,1,30,0.01,0.9921857351550153,1.0023881711836593,0.14294182457586602,,True
drsr,II.11.27_1_0,1,5,0.01,0.9931550371734087,1.001585308118144,0.14293910731979897,,True
drsr,II.11.27_1_0,1,1,0.01,0.9938738000887516,1.0016258664005857,0.14292725808747803,,True
drsr,II.11.27_1_0,1,45,0.01,0.9921857351550153,1.0023881711836593,0.14294182457586602,,True
drsr,II.11.27_1_0,1,3,0.01,0.9931876930956952,1.0017836880768412,0.14293552552566946,,True
drsr,II.11.27_1_0,1,2,0.01,0.9931876930956952,1.0017836880768412,0.14293552552566946,,True
drsr,II.11.27_1_0,1,20,0.01,0.9921857351550153,1.0023881711836593,0.14294182457586602,,True
drsr,Korns-4,1,60,0.01,0.0017456934647520066,0.002012062256692163,0.3376568071253793,,True
drsr,Korns-4,1,10,0.01,0.0017948498059290623,0.0019475068196573792,0.3377318893016572,,True
drsr,Korns-4,1,30,0.01,0.0017948498059290623,0.0019475068196573792,0.3377318893016572,,True
drsr,Korns-4,1,5,0.01,0.0017948498059290623,0.0019475068196573792,0.3377318893016572,,True
drsr,Korns-4,1,1,0.01,0.0015592710143075888,0.0017040245204300107,0.34198580551418206,,True
drsr,Korns-4,1,45,0.01,0.0017456934647520066,0.002012062256692163,0.3376568071253793,,True
drsr,Korns-4,1,3,0.01,0.0015990483913596914,0.0018325351886937411,0.3404673596562766,,True
drsr,Korns-4,1,2,0.01,0.0015990511748197203,0.0018325374116307644,0.3404673138423228,,True
drsr,Korns-4,1,20,0.01,0.0017948498059290623,0.0019475068196573792,0.3377318893016572,,True
drsr,feynman-iii.10.19,1,60,0.01,1.0000056216930129,1.0000022374192474,0.14285702095853076,,True
drsr,feynman-iii.10.19,1,10,0.01,,,0.0,,False
drsr,feynman-iii.10.19,1,30,0.01,1.7882832823114122e+17,1902625312461198.8,0.0,,True
drsr,feynman-iii.10.19,1,5,0.01,1.2400148773555378e+23,9.862743830830095e+17,0.0,,True
drsr,feynman-iii.10.19,1,1,0.01,,,0.0,,False
drsr,feynman-iii.10.19,1,45,0.01,1.0000056216930129,1.0000022374192474,0.14285702095853076,,True
drsr,feynman-iii.10.19,1,3,0.01,1.2400148773555378e+23,9.862743830830095e+17,0.0,,True
drsr,feynman-iii.10.19,1,2,0.01,1.2400148773555378e+23,9.862743830830095e+17,0.0,,True
drsr,feynman-iii.10.19,1,20,0.01,1.534803419249963e+18,1.632971699349008e+16,0.0,,True
drsr,BPG9,1,60,0.01,4.4864500479408557e-07,0.0010465681609745244,0.4760117730340038,,True
drsr,BPG9,1,10,0.01,8.133312118095765e-05,0.1616085688399021,0.31718814917560173,,True
drsr,BPG9,1,30,0.01,4.4864500479408557e-07,0.0010465681609745244,0.4760117730340038,,True
drsr,BPG9,1,5,0.01,0.011278494605564127,21.460668582160196,0.16486091485925342,,True
drsr,BPG9,1,1,0.01,0.011278494605564127,21.460668582160196,0.16486091485925342,,True
drsr,BPG9,1,45,0.01,4.4864500479408557e-07,0.0010465681609745244,0.4760117730340038,,True
drsr,BPG9,1,3,0.01,0.011278494605564127,21.460668582160196,0.16486091485925342,,True
drsr,BPG9,1,2,0.01,0.011278494605564127,21.460668582160196,0.16486091485925342,,True
drsr,BPG9,1,20,0.01,8.133312118095765e-05,0.1616085688399021,0.31718814917560173,,True
drsr,strogatz_vdp1,1,60,0.01,0.00040892314043672703,0.00027733295669579147,0.39090560110045114,,True
drsr,strogatz_vdp1,1,10,0.01,0.5242607659408212,0.7978573218754246,0.1563759788374427,,True
drsr,strogatz_vdp1,1,30,0.01,0.0022974501543136005,0.002728838405038315,0.32867057441892583,,True
drsr,strogatz_vdp1,1,5,0.01,0.648238522587596,0.699340358651722,0.15512773471373248,,True
drsr,strogatz_vdp1,1,1,0.01,0.8648308149878031,0.8787929253260556,0.1471136532975938,,True
drsr,strogatz_vdp1,1,45,0.01,0.0003384644129131868,0.0028758610051534818,0.35756139626485056,,True
drsr,strogatz_vdp1,1,3,0.01,0.8648308149878031,0.8787929253260556,0.1471136532975938,,True
drsr,strogatz_vdp1,1,2,0.01,0.8648308149878031,0.8787929253260556,0.1471136532975938,,True
drsr,strogatz_vdp1,1,20,0.01,0.5242607659408212,0.7978573218754246,0.1563759788374427,,True
drsr,Nguyen-12,1,60,0.01,1.6185024767039512e-05,0.0011862546195036154,0.41845388267926553,,True
drsr,Nguyen-12,1,10,0.01,3.2327924724074126e-05,0.00014612197625246632,0.4402038084482743,,True
drsr,Nguyen-12,1,30,0.01,7.5383138160729435e-06,0.0023684492082414054,0.41958077540734284,,True
drsr,Nguyen-12,1,5,0.01,0.0019110699016229396,0.04048680876614881,0.2896932100366293,,True
drsr,Nguyen-12,1,1,0.01,0.0019109621742858978,0.040486285228480745,0.2896942849606259,,True
drsr,Nguyen-12,1,45,0.01,1.6185024767039512e-05,0.0011862546195036154,0.41845388267926553,,True
drsr,Nguyen-12,1,3,0.01,0.0019110699016229396,0.04048680876614881,0.2896932100366293,,True
drsr,Nguyen-12,1,2,0.01,0.0019110699016229396,0.04048680876614881,0.2896932100366293,,True
drsr,Nguyen-12,1,20,0.01,7.5383138160729435e-06,0.0023684492082414054,0.41958077540734284,,True
drsr,Keijzer-11,1,60,0.01,3377820.822016579,40931378.60486849,0.0,,True
drsr,Keijzer-11,1,10,0.01,0.47507564761495014,0.3797972186665277,0.1694173375345588,,True
drsr,Keijzer-11,1,30,0.01,3377820.822016579,40931378.60486849,0.0,,True
drsr,Keijzer-11,1,5,0.01,0.12571153312563813,0.14596569713601,0.20487050254583955,,True
drsr,Keijzer-11,1,1,0.01,0.12571153312563813,0.14596569713601,0.20487050254583955,,True
drsr,Keijzer-11,1,45,0.01,3377820.822016579,40931378.60486849,0.0,,True
drsr,Keijzer-11,1,3,0.01,0.12571153312563813,0.14596569713601,0.20487050254583955,,True
drsr,Keijzer-11,1,2,0.01,0.12571153312563813,0.14596569713601,0.20487050254583955,,True
drsr,Keijzer-11,1,20,0.01,0.6034435249289603,0.6139385228112421,0.15825851726774703,,True
drsr,feynman-iii.7.38,1,60,0.01,1.0000058652286996,1.0000000000518423,0.14285705188387482,,True
drsr,feynman-iii.7.38,1,10,0.01,1.0000055941295523,1.0000000000496618,0.14285705608877253,,True
drsr,feynman-iii.7.38,1,30,0.01,1.0000055941295523,1.0000000000496618,0.14285705608877253,,True
drsr,feynman-iii.7.38,1,5,0.01,1.0000034612580169,1.0000000000318612,0.14285708917083956,,True
drsr,feynman-iii.7.38,1,1,0.01,0.9999999999999992,1.0,0.1428571428571429,,True
drsr,feynman-iii.7.38,1,45,0.01,1.0000058652286996,1.0000000000518423,0.14285705188387482,,True
drsr,feynman-iii.7.38,1,3,0.01,1.0000034612580169,1.0000000000318612,0.14285708917083956,,True
drsr,feynman-iii.7.38,1,2,0.01,0.9999999999999992,1.0,0.1428571428571429,,True
drsr,feynman-iii.7.38,1,20,0.01,1.0000055941295523,1.0000000000496618,0.14285705608877253,,True
drsr,Korns-2,1,60,0.01,1.1491465798813232,1.2592587378365003,0.13712534278951083,,True
drsr,Korns-2,1,10,0.01,1.1084459743227824,1.095495724480981,0.1398455279509443,,True
drsr,Korns-2,1,30,0.01,1.084871285944718,1.092713469343591,0.14021841032083243,,True
drsr,Korns-2,1,5,0.01,1.1084459743227824,1.095495724480981,0.1398455279509443,,True
drsr,Korns-2,1,1,0.01,1.073856539814434,1.0454062522489305,0.1410631657322946,,True
drsr,Korns-2,1,45,0.01,1.0849158823990546,1.0927508728673305,0.14021724181871775,,True
drsr,Korns-2,1,3,0.01,1.1433595389446465,1.1023348846226695,0.1392679867585203,,True
drsr,Korns-2,1,2,0.01,1.1158496804985993,1.0974421564269243,0.13971473813222068,,True
drsr,Korns-2,1,20,0.01,1.084871285944718,1.092713469343591,0.14021841032083243,,True
drsr,Keijzer-2,1,60,0.01,0.08562241464359797,3.0696857404978406,0.1635828075701874,,True
drsr,Keijzer-2,1,10,0.01,0.15360321418171682,5.795033211984428,0.1446622774001033,,True
drsr,Keijzer-2,1,30,0.01,0.13164633622315008,12.06325629962028,0.13568309528311767,,True
drsr,Keijzer-2,1,5,0.01,0.15379995589467096,5.692736913186374,0.14491866698182454,,True
drsr,Keijzer-2,1,1,0.01,0.6967553642183939,4.6032002608539555,0.12478070749552822,,True
drsr,Keijzer-2,1,45,0.01,0.13164633622315008,12.06325629962028,0.13568309528311767,,True
drsr,Keijzer-2,1,3,0.01,0.6967655520777855,4.60306864195558,0.12478092420176379,,True
drsr,Keijzer-2,1,2,0.01,0.6967553642183939,4.6032002608539555,0.12478070749552822,,True
drsr,Keijzer-2,1,20,0.01,0.13164633622315008,12.06325629962028,0.13568309528311767,,True
gplearn,strogatz_predprey2,2,10,0.01,0.021946271414996246,0.41610925153177075,0.21569399579726056,65.0,True
gplearn,strogatz_predprey2,2,30,0.01,0.02376850530782359,0.4109012444404305,0.21465216684453697,74.0,True
gplearn,strogatz_predprey2,2,5,0.01,0.021212023557327108,0.41578035007567515,0.21623406923818722,70.0,True
gplearn,strogatz_predprey2,2,1,0.01,0.02033831541873257,0.4123224272678462,0.21701600227942225,75.0,True
gplearn,strogatz_predprey2,2,45,0.01,0.02376850530782359,0.4109012444404305,0.21465216684453697,74.0,True
gplearn,strogatz_predprey2,2,3,0.01,0.02053019098333575,0.41457935058128176,0.21678569084485483,63.0,True
gplearn,strogatz_predprey2,2,2,0.01,0.022407280327005178,0.40868719581077445,0.2156507078962301,95.0,True
gplearn,strogatz_predprey2,2,20,0.01,0.02298860779844216,0.40987838957473505,0.2152082967087101,63.0,True
gplearn,feynman-i.32.5,2,60,0.01,1.0,1.0,0.1428571428571429,15.0,True
gplearn,feynman-i.32.5,2,10,0.01,1.0,1.0,0.1428571428571429,1.0,True
gplearn,feynman-i.32.5,2,30,0.01,1.0711072801007009,0.9995409373684824,0.14179880153607488,6.0,True
gplearn,feynman-i.32.5,2,5,0.01,1.0,1.0,0.1428571428571429,3.0,True
gplearn,feynman-i.32.5,2,1,0.01,1.0,1.0,0.1428571428571429,3.0,True
gplearn,feynman-i.32.5,2,45,0.01,1.0,1.0,0.1428571428571429,1.0,True
gplearn,feynman-i.32.5,2,3,0.01,1.0,1.0,0.1428571428571429,3.0,True
gplearn,feynman-i.32.5,2,2,0.01,1.0,1.0,0.1428571428571429,3.0,True
gplearn,feynman-i.32.5,2,20,0.01,1.0,1.0,0.1428571428571429,3.0,True
gplearn,BPG3,2,60,0.01,0.014239126309789815,0.030291538283529304,0.2630426903214285,3.0,True
gplearn,BPG3,2,10,0.01,0.014239126309789815,0.030291538283529304,0.2630426903214285,3.0,True
gplearn,BPG3,2,30,0.01,0.014239126309789815,0.030291538283529304,0.2630426903214285,3.0,True
gplearn,BPG3,2,5,0.01,0.014239126309789815,0.030291538283529304,0.2630426903214285,3.0,True
gplearn,BPG3,2,1,0.01,0.011878612964566462,0.03678509242208172,0.26284151486848023,3.0,True
gplearn,BPG3,2,45,0.01,0.014239126309789815,0.030291538283529304,0.2630426903214285,3.0,True
gplearn,BPG3,2,3,0.01,0.014239126309789815,0.030291538283529304,0.2630426903214285,3.0,True
gplearn,BPG3,2,2,0.01,0.011878612964566462,0.03678509242208172,0.26284151486848023,3.0,True
gplearn,BPG3,2,20,0.01,0.014239126309789815,0.030291538283529304,0.2630426903214285,3.0,True
gplearn,feynman_II_15_4,2,10,0.01,0.027838104114310702,0.17086563732458196,0.22581091480040477,33.0,True
gplearn,feynman_II_15_4,2,30,0.01,0.005731682728126873,0.02784796888290792,0.27846158330607124,47.0,True
gplearn,feynman_II_15_4,2,5,0.01,0.027838104114310702,0.17086563732458196,0.22581091480040477,33.0,True
gplearn,feynman_II_15_4,2,1,0.01,0.18653863445030175,3.2228158429216274,0.15074984703178368,47.0,True
gplearn,feynman_II_15_4,2,45,0.01,0.005721346598076533,0.029418033247186552,0.2776388609824052,46.0,True
gplearn,feynman_II_15_4,2,3,0.01,0.02919745115230459,0.1699452594172766,0.22515521446154013,32.0,True
gplearn,feynman_II_15_4,2,2,0.01,0.029522516364219493,0.1744165059902321,0.2245806802066923,32.0,True
gplearn,feynman_II_15_4,2,20,0.01,0.005871451611633812,0.029201839517252103,0.2773515822860159,48.0,True
gplearn,Nguyen-6,2,60,0.01,0.0001893014766316029,0.035864768551230414,0.32743492735094915,18.0,True
gplearn,Nguyen-6,2,10,0.01,0.0001893014766316029,0.035864768551230414,0.32743492735094915,18.0,True
gplearn,Nguyen-6,2,30,0.01,0.0001925348166581606,0.03629010267964343,0.32698937597349054,18.0,True
gplearn,Nguyen-6,2,5,0.01,0.0001893014766316029,0.035864768551230414,0.32743492735094915,18.0,True
gplearn,Nguyen-6,2,1,0.01,0.00014125975900968352,0.04237597807470822,0.3293879215632199,12.0,True
gplearn,Nguyen-6,2,45,0.01,0.0001893014766316029,0.035864768551230414,0.32743492735094915,18.0,True
gplearn,Nguyen-6,2,3,0.01,0.0001893014766316029,0.035864768551230414,0.32743492735094915,18.0,True
gplearn,Nguyen-6,2,2,0.01,0.00011981952453079365,0.03990521066731783,0.332872957151412,15.0,True
gplearn,Nguyen-6,2,20,0.01,0.0001893014766316029,0.035864768551230414,0.32743492735094915,18.0,True
gplearn,CRK0,-1,60,0.01,1.0,1.0,0.1428571428571429,14.0,True
gplearn,CRK0,-1,10,0.01,0.9276717857664306,25.322666739279725,0.09389629329932347,1.0,True
gplearn,CRK0,-1,30,0.01,0.9276717857664306,25.322666739279725,0.09389629329932347,1.0,True
gplearn,CRK0,-1,5,0.01,0.9276717857664306,25.322666739279725,0.09389629329932347,1.0,True
gplearn,CRK0,-1,1,0.01,0.9276717857664306,25.322666739279725,0.09389629329932347,1.0,True
gplearn,CRK0,-1,45,0.01,1.0,1.0,0.1428571428571429,1.0,True
gplearn,CRK0,-1,3,0.01,0.9276717857664306,25.322666739279725,0.09389629329932347,1.0,True
gplearn,CRK0,-1,2,0.01,0.9276717857664306,25.322666739279725,0.09389629329932347,1.0,True
gplearn,CRK0,-1,20,0.01,0.9276717857664306,25.322666739279725,0.09389629329932347,1.0,True
gplearn,strogatz_barmag2,-1,60,0.01,0.6218139964187455,0.780439790946791,0.15407143224025943,9.0,True
gplearn,strogatz_barmag2,-1,10,0.01,0.6218139964187455,0.780439790946791,0.15407143224025943,9.0,True
gplearn,strogatz_barmag2,-1,30,0.01,0.6218139964187455,0.780439790946791,0.15407143224025943,9.0,True
gplearn,strogatz_barmag2,-1,5,0.01,0.618842634950793,0.775734227937748,0.15423952925032974,11.0,True
gplearn,strogatz_barmag2,-1,1,0.01,0.618842634950793,0.775734227937748,0.15423952925032974,11.0,True
gplearn,strogatz_barmag2,-1,45,0.01,0.6218139964187455,0.780439790946791,0.15407143224025943,9.0,True
gplearn,strogatz_barmag2,-1,3,0.01,0.618842634950793,0.775734227937748,0.15423952925032974,11.0,True
gplearn,strogatz_barmag2,-1,2,0.01,0.618842634950793,0.775734227937748,0.15423952925032974,11.0,True
gplearn,strogatz_barmag2,-1,20,0.01,0.6218139964187455,0.780439790946791,0.15407143224025943,9.0,True
gplearn,feynman-iii.10.19,-1,60,0.01,283.20279003213994,16.858390110673778,0.02761371073624236,1.0,True
gplearn,feynman-iii.10.19,-1,10,0.01,283.20279003213994,16.858390110673778,0.02761371073624236,1.0,True
gplearn,feynman-iii.10.19,-1,30,0.01,95.13087520992669,4.239239813210384,0.04979966151631582,4.0,True
gplearn,feynman-iii.10.19,-1,5,0.01,283.20279003213994,16.858390110673778,0.02761371073624236,1.0,True
gplearn,feynman-iii.10.19,-1,1,0.01,1.000000000000115,0.9999999999990861,0.14285714285715523,3.0,True
gplearn,feynman-iii.10.19,-1,45,0.01,1.0,1.0,0.1428571428571429,2.0,True
gplearn,feynman-iii.10.19,-1,3,0.01,0.9422483432177718,1.0402198166320884,0.14316819623203525,8.0,True
gplearn,feynman-iii.10.19,-1,2,0.01,0.9999415753610974,0.9998853821470786,0.14285982696405425,3.0,True
gplearn,feynman-iii.10.19,-1,20,0.01,1.0,1.0,0.1428571428571429,3.0,True
gplearn,feynman-ii.34.2a,-1,60,0.01,0.33872593644292287,0.9986878292999153,0.1596686353787134,5321.0,True
gplearn,feynman-ii.34.2a,-1,10,0.01,0.4158238095995369,0.9988961313298504,0.15648465414106977,2738.0,True
gplearn,feynman-ii.34.2a,-1,30,0.01,0.38673502713175817,0.9988403466932907,0.15761037195586353,2808.0,True
gplearn,feynman-ii.34.2a,-1,5,0.01,0.5131453618540301,0.999344580424471,0.15321586895028627,867.0,True
gplearn,feynman-ii.34.2a,-1,1,0.01,0.8516100365051396,0.9998583151286863,0.145350741650614,386.0,True
gplearn,feynman-ii.34.2a,-1,45,0.01,0.3836897589414014,0.9988399631866316,0.15773299580073308,4147.0,True
gplearn,feynman-ii.34.2a,-1,3,0.01,0.5658237155444878,0.9991824716066504,0.15170264453780902,844.0,True
gplearn,feynman-ii.34.2a,-1,2,0.01,0.8515879767547632,0.9998583226421058,0.1453511433172181,403.0,True
gplearn,feynman-ii.34.2a,-1,20,0.01,0.41222717312294754,0.9989309648584073,0.15661885386659719,3507.0,True
gplearn,Nguyen-12,-1,60,0.01,0.004154032202878444,0.08247454119267525,0.2666146511719636,9.0,True
gplearn,Nguyen-12,-1,10,0.01,0.0039728900668590484,0.06644329232475324,0.2706586538596663,11.0,True
gplearn,Nguyen-12,-1,30,0.01,0.004154032202878444,0.08247454119267525,0.2666146511719636,9.0,True
gplearn,Nguyen-12,-1,5,0.01,0.0021990416893008656,0.09412948749386825,0.27443003011206674,9.0,True
gplearn,Nguyen-12,-1,1,0.01,0.0040675432506415655,0.08290145201384987,0.26686091725738276,11.0,True
gplearn,Nguyen-12,-1,45,0.01,0.004154032202878444,0.08247454119267525,0.2666146511719636,9.0,True
gplearn,Nguyen-12,-1,3,0.01,0.0021990416893008656,0.09412948749386825,0.27443003011206674,9.0,True
gplearn,Nguyen-12,-1,2,0.01,0.0040675432506415655,0.08290145201384987,0.26686091725738276,11.0,True
gplearn,Nguyen-12,-1,20,0.01,0.0039728900668590484,0.06644329232475324,0.2706586538596663,11.0,True
gplearn,feynman-ii.34.11,-1,10,0.01,1.0016385582541316,40.93349136829643,0.08525750631310913,3449.0,True
gplearn,feynman-ii.34.11,-1,30,0.01,0.9998539814040819,230.19136596192445,0.07143083641788583,3261.0,True
gplearn,feynman-ii.34.11,-1,5,0.01,1.001564301483698,3025.0671396087696,0.07140432726113916,2837.0,True
gplearn,feynman-ii.34.11,-1,1,0.01,0.9998280181624183,13.77264482121705,0.10218061962328989,276.0,True
gplearn,feynman-ii.34.11,-1,45,0.01,1.0000611037116653,2173.091507327417,0.07142762370735439,2857.0,True
gplearn,feynman-ii.34.11,-1,3,0.01,1.0015917374612586,183.88479036491282,0.07140390238539912,1446.0,True
gplearn,feynman-ii.34.11,-1,2,0.01,1.0001507235910987,1309.9054465329536,0.0714262338038808,1051.0,True
gplearn,feynman-ii.34.11,-1,20,0.01,0.9996352066500834,134.3180443559527,0.07143423059437953,2981.0,True
gplearn,feynman-i.39.22,1,60,0.01,0.7963793616250475,0.9376771042020662,0.1473866675582357,10994.0,True
gplearn,feynman-i.39.22,1,10,0.01,0.8083183686373931,0.9434315787271859,0.14706096939348517,4363.0,True
gplearn,feynman-i.39.22,1,30,0.01,0.800354926089857,0.9397718799219617,0.14727481899520206,8001.0,True
gplearn,feynman-i.39.22,1,5,0.01,0.8063764012552581,0.9421971056487697,0.1471185865938553,1803.0,True
gplearn,feynman-i.39.22,1,1,0.01,0.8464372883156073,0.9522023744955455,0.14620271259529427,380.0,True
gplearn,feynman-i.39.22,1,45,0.01,0.8025409565347926,0.9413701933589642,0.14720615541614018,11844.0,True
gplearn,feynman-i.39.22,1,3,0.01,0.8096965549667098,0.9424360498571993,0.14705092207942294,1123.0,True
gplearn,feynman-i.39.22,1,2,0.01,0.8177122748991635,0.9465775783572706,0.14683011677837443,966.0,True
gplearn,feynman-i.39.22,1,20,0.01,0.7992944988187016,0.9397493092806729,0.14729575574620707,7443.0,True
gplearn,III.21.20_3_0,1,60,0.01,3.58161795215894e-15,1.0116659366950893,0.5712486740241136,16.0,True
gplearn,III.21.20_3_0,1,10,0.01,3.58161795215894e-15,1.0116659366950893,0.5712486740241136,16.0,True
gplearn,III.21.20_3_0,1,30,0.01,3.58161795215894e-15,1.0116659366950893,0.5712486740241136,16.0,True
gplearn,III.21.20_3_0,1,5,0.01,3.58161795215894e-15,1.0116659366950893,0.5712486740241136,16.0,True
gplearn,III.21.20_3_0,1,1,0.01,3.58161795215894e-15,1.0116659366950893,0.5712486740241136,16.0,True
gplearn,III.21.20_3_0,1,45,0.01,3.58161795215894e-15,1.0116659366950893,0.5712486740241136,25.0,True
gplearn,III.21.20_3_0,1,3,0.01,3.58161795215894e-15,1.0116659366950893,0.5712486740241136,16.0,True
gplearn,III.21.20_3_0,1,2,0.01,3.581617952152581e-15,1.0116659366950893,0.5712486740241136,16.0,True
gplearn,III.21.20_3_0,1,20,0.01,3.58161795215894e-15,1.0116659366950893,0.5712486740241136,16.0,True
gplearn,feynman_I_12_11,1,60,0.01,1.3515208670700864e-31,1.4716479784063392e-32,1.0,10.0,True
gplearn,feynman_I_12_11,1,10,0.01,1.3515208670700864e-31,1.4716479784063392e-32,1.0,10.0,True
gplearn,feynman_I_12_11,1,30,0.01,1.3515208670700864e-31,1.4716479784063392e-32,1.0,10.0,True
gplearn,feynman_I_12_11,1,5,0.01,1.3515208670700864e-31,1.4716479784063392e-32,1.0,10.0,True
gplearn,feynman_I_12_11,1,1,0.01,1.3515208670700864e-31,1.4716479784063392e-32,1.0,10.0,True
gplearn,feynman_I_12_11,1,45,0.01,1.3515208670700864e-31,1.4716479784063392e-32,1.0,10.0,True
gplearn,feynman_I_12_11,1,3,0.01,1.3515208670700864e-31,1.4716479784063392e-32,1.0,10.0,True
gplearn,feynman_I_12_11,1,2,0.01,1.3515208670700864e-31,1.4716479784063392e-32,1.0,10.0,True
gplearn,feynman_I_12_11,1,20,0.01,1.3515208670700864e-31,1.4716479784063392e-32,1.0,10.0,True
gplearn,Nguyen-6,1,60,0.01,6.519696216891567e-05,0.0546829091365864,0.33742575102080896,17.0,True
gplearn,Nguyen-6,1,10,0.01,0.00013806153526659814,0.054147891051675466,0.3259409198241706,17.0,True
gplearn,Nguyen-6,1,30,0.01,2.852739303738936e-05,0.05403996212048729,0.35042938851428884,17.0,True
gplearn,Nguyen-6,1,5,0.01,0.00013806153526659814,0.054147891051675466,0.3259409198241706,17.0,True
gplearn,Nguyen-6,1,1,0.01,0.00013806153526659814,0.054147891051675466,0.3259409198241706,17.0,True
gplearn,Nguyen-6,1,45,0.01,2.852739303738936e-05,0.05403996212048729,0.35042938851428884,17.0,True
gplearn,Nguyen-6,1,3,0.01,0.00013806153526659814,0.054147891051675466,0.3259409198241706,17.0,True
gplearn,Nguyen-6,1,2,0.01,0.00013806153526659814,0.054147891051675466,0.3259409198241706,17.0,True
gplearn,Nguyen-6,1,20,0.01,2.6640165394749897e-05,0.05723521680369856,0.35059999110524864,18.0,True
gplearn,feynman-ii.27.18,1,60,0.01,0.9998377886226708,0.9977106907025481,0.14289520812180562,2.0,True
gplearn,feynman-ii.27.18,1,10,0.01,1.0000000000000002,1.0000000000000002,0.1428571428571429,1.0,True
gplearn,feynman-ii.27.18,1,30,0.01,1.0000000000000002,1.0000000000000002,0.1428571428571429,1.0,True
gplearn,feynman-ii.27.18,1,5,0.01,0.9999974177795029,1.0000323500464845,0.14285668115093314,5.0,True
gplearn,feynman-ii.27.18,1,1,0.01,1.0000000000000002,1.0000000000000002,0.1428571428571429,1.0,True
gplearn,feynman-ii.27.18,1,45,0.01,1.0000000000000002,1.0000000000000002,0.1428571428571429,1.0,True
gplearn,feynman-ii.27.18,1,3,0.01,1.0000000000000002,1.0000000000000002,0.1428571428571429,1.0,True
gplearn,feynman-ii.27.18,1,2,0.01,1.0000000000000002,1.0000000000000002,0.1428571428571429,1.0,True
gplearn,feynman-ii.27.18,1,20,0.01,1.0000000000000002,1.0000000000000002,0.1428571428571429,1.0,True
gplearn,feynman-i.29.16,1,60,0.01,0.006428313670100147,0.02621823430611572,0.277617839272314,54.0,True
gplearn,feynman-i.29.16,1,10,0.01,0.08004992392577336,0.0626885338835757,0.22498039155333255,16.0,True
gplearn,feynman-i.29.16,1,30,0.01,0.023905403935017732,0.2197577896895962,0.22426998697167677,21.0,True
gplearn,feynman-i.29.16,1,5,0.01,0.0985537574077356,0.02013468274265446,0.23937078651665727,17.0,True
gplearn,feynman-i.29.16,1,1,0.01,0.12075786127789213,0.007224194449468451,0.2521176842921673,7.0,True
gplearn,feynman-i.29.16,1,45,0.01,0.020240302770635474,0.12059441894662817,0.23615913521200022,47.0,True
gplearn,feynman-i.29.16,1,3,0.01,0.11896560048056878,0.008101017343111807,0.2505728227506647,7.0,True
gplearn,feynman-i.29.16,1,2,0.01,0.11896560048056878,0.008101017343111807,0.2505728227506647,7.0,True
gplearn,feynman-i.29.16,1,20,0.01,0.08227630649119835,0.04063227919457128,0.23128050102514125,21.0,True
gplearn,CRK11,1,60,0.01,0.03503449726710942,43.64082059116053,0.13627182864075865,3.0,True
gplearn,CRK11,1,10,0.01,0.3329562548475759,1.0945819831213632,0.15851301881334012,3.0,True
gplearn,CRK11,1,30,0.01,0.05159726366421351,161.79719219106556,0.11740619033989436,3.0,True
gplearn,CRK11,1,5,0.01,0.3329562548475759,1.0945819831213632,0.15851301881334012,3.0,True
gplearn,CRK11,1,1,0.01,1.0,1.0,0.1428571428571429,3.0,True
gplearn,CRK11,1,45,0.01,0.05159726366421351,161.79719219106556,0.11740619033989436,3.0,True
gplearn,CRK11,1,3,0.01,0.3329562548475759,1.0945819831213632,0.15851301881334012,3.0,True
gplearn,CRK11,1,2,0.01,0.3329562548475759,1.0945819831213632,0.15851301881334012,3.0,True
gplearn,CRK11,1,20,0.01,0.418714847960409,0.8009313964224465,0.15980308286130634,3.0,True
pysr,feynman-i.32.5,2,10,0.01,0.0002006417827708209,0.0002006515752500288,0.40696914458535155,16.0,True
pysr,feynman-i.32.5,2,30,0.01,0.0002006417827708209,0.0002006515752500288,0.40696914458535155,16.0,True
pysr,feynman-i.32.5,2,5,0.01,0.0002006417827708209,0.0002006515752500288,0.40696914458535155,16.0,True
pysr,feynman-i.32.5,2,1,0.01,0.09957187145091853,0.1805429665878287,0.20518866985564438,20.0,True
pysr,feynman-i.32.5,2,45,0.01,0.0002006417827708209,0.0002006515752500288,0.40696914458535155,16.0,True
pysr,feynman-i.32.5,2,3,0.01,0.00020064188492846977,0.0002006515623724991,0.406969137683548,14.0,True
pysr,feynman-i.32.5,2,2,0.01,0.09918499389997877,0.18911988448452124,0.20452917268277698,11.0,True
pysr,feynman-i.32.5,2,20,0.01,0.0002006417827708209,0.0002006515752500288,0.40696914458535155,16.0,True
pysr,feynman_II_15_4,2,60,0.01,1.2961038606845318e-08,3.63910542164871e-08,0.6902273413878507,30.0,True
pysr,feynman_II_15_4,2,10,0.01,1.0800307962896348e-08,3.984677440065345e-08,0.6916489532057848,23.0,True
pysr,feynman_II_15_4,2,30,0.01,1.2961038606845318e-08,3.63910542164871e-08,0.6902273413878507,30.0,True
pysr,feynman_II_15_4,2,5,0.01,1.046117469435382e-08,3.3235091066771096e-08,0.6949579525826635,19.0,True
pysr,feynman_II_15_4,2,45,0.01,1.2961038606845318e-08,3.63910542164871e-08,0.6902273413878507,30.0,True
pysr,feynman_II_15_4,2,3,0.01,3.108132729399002e-09,2.3788424430318785e-09,0.7546833844599043,10.0,True
pysr,feynman_II_15_4,2,2,0.01,0.09206782073933639,1.3947732213510393,0.17469244771104642,30.0,True
pysr,feynman_II_15_4,2,20,0.01,1.0842205846026695e-08,3.565363466342594e-08,0.6933135193426818,26.0,True
pysr,BPG3,2,10,0.01,3.095849580741204e-07,10006.529033098774,0.3039007195968929,30.0,True
pysr,BPG3,2,30,0.01,1.0334029829687867e-06,18861.451667132103,0.2852046531848593,30.0,True
pysr,BPG3,2,5,0.01,126946.0594616626,1.1688198554671204e+16,0.0,25.0,True
pysr,BPG3,2,1,0.01,18436727.815027226,3.259001111713071e+18,0.0,23.0,True
pysr,BPG3,2,45,0.01,1.0334029829687867e-06,18861.451667132103,0.2852046531848593,30.0,True
pysr,BPG3,2,3,0.01,188085.99732278215,4145689009157573.5,0.0,14.0,True
pysr,BPG3,2,2,0.01,127759.58937912008,1.169193452608335e+16,0.0,13.0,True
pysr,BPG3,2,20,0.01,1.0770355387399449e-06,6425.841963947239,0.28456321307613963,30.0,True
pysr,strogatz_predprey2,2,10,0.01,0.007520866515460505,0.4876970161928319,0.22984221502989655,30.0,True
pysr,strogatz_predprey2,2,30,0.01,0.011014617998040741,,0.0,30.0,False
pysr,strogatz_predprey2,2,5,0.01,0.007520866515460505,0.4876970161928319,0.22984221502989655,30.0,True
pysr,strogatz_predprey2,2,1,0.01,0.015324203236261644,0.6192080594505731,0.21509948201688472,28.0,True
pysr,strogatz_predprey2,2,45,0.01,1.3299353457598215e-06,2.527676748836196e-06,0.5526231406434223,30.0,True
pysr,strogatz_predprey2,2,3,0.01,0.007520866515460505,0.4876970161928319,0.22984221502989655,30.0,True
pysr,strogatz_predprey2,2,2,0.01,0.0125973598843131,0.4959164976185152,0.22158256811658655,30.0,True
pysr,strogatz_predprey2,2,20,0.01,0.007520866515460505,0.4876970161928319,0.22984221502989655,30.0,True
pysr,Nguyen-6,2,10,0.01,4.2504379625007534e-05,0.1311695355154596,0.3304904763408246,30.0,True
pysr,Nguyen-6,2,30,0.01,0.0004923277337296083,0.20879334209746542,0.2852867518911796,29.0,True
pysr,Nguyen-6,2,5,0.01,3.1470422548820026e-05,0.14192478654543975,0.33392997057565393,28.0,True
pysr,Nguyen-6,2,1,0.01,3.844641592260404e-06,0.15411946838711796,0.3652602370627748,24.0,True
pysr,Nguyen-6,2,45,0.01,0.0004923277337296083,0.20879334209746542,0.2852867518911796,29.0,True
pysr,Nguyen-6,2,3,0.01,3.1565656090833063e-05,0.08743067768738365,0.34139719052756134,28.0,True
pysr,Nguyen-6,2,2,0.01,1.5659987784128194e-06,0.15084115168238688,0.37952459790870235,30.0,True
pysr,Nguyen-6,2,20,0.01,0.0004923277337296083,0.20879334209746542,0.2852867518911796,29.0,True
pysr,strogatz_barmag2,-1,10,0.01,0.0015467679990657705,0.03586785028966056,0.29485248118614993,29.0,True
pysr,strogatz_barmag2,-1,30,0.01,0.00122735667287772,0.04385933678174812,0.29532025541675505,29.0,True
pysr,strogatz_barmag2,-1,5,0.01,0.0015467679990657705,0.03586785028966056,0.29485248118614993,29.0,True
pysr,strogatz_barmag2,-1,1,0.01,0.03549571266599279,0.43512218753557735,0.2075433168092073,23.0,True
pysr,strogatz_barmag2,-1,45,0.01,9.43244945883117e-06,0.03176052785750215,0.3758388500504259,28.0,True
pysr,strogatz_barmag2,-1,3,0.01,0.0018666898693178518,0.04338807934775897,0.2889841929910919,25.0,True
pysr,strogatz_barmag2,-1,2,0.01,0.013853533645472706,5547035031.985987,0.1378014084358236,30.0,True
pysr,strogatz_barmag2,-1,20,0.01,0.0015767607174167768,0.03358561791584177,0.29557431662214684,28.0,True
pysr,feynman-iii.10.19,-1,60,0.01,3.0876631394358942e+38,2.4418707785727926e+33,0.0,1.0,True
pysr,feynman-iii.10.19,-1,10,0.01,3.0876631394358942e+38,2.4418707785727926e+33,0.0,1.0,True
pysr,feynman-iii.10.19,-1,30,0.01,3.0876631394358942e+38,2.4418707785727926e+33,0.0,1.0,True
pysr,feynman-iii.10.19,-1,5,0.01,3.0876631394358942e+38,2.4418707785727926e+33,0.0,1.0,True
pysr,feynman-iii.10.19,-1,1,0.01,3.0876631394358942e+38,2.4418707785727926e+33,0.0,1.0,True
pysr,feynman-iii.10.19,-1,45,0.01,3.0876631394358942e+38,2.4418707785727926e+33,0.0,1.0,True
pysr,feynman-iii.10.19,-1,3,0.01,3.0876631394358942e+38,2.4418707785727926e+33,0.0,1.0,True
pysr,feynman-iii.10.19,-1,2,0.01,3.0876631394358942e+38,2.4418707785727926e+33,0.0,1.0,True
pysr,feynman-iii.10.19,-1,20,0.01,3.0876631394358942e+38,2.4418707785727926e+33,0.0,1.0,True
pysr,feynman-ii.34.2a,-1,60,0.01,2.760432845906019e-07,2.032474084523378e-08,0.6518213498893106,30.0,True
pysr,feynman-ii.34.2a,-1,10,0.01,1.0,1.0,0.1428571428571429,29.0,True
pysr,feynman-ii.34.2a,-1,30,0.01,1.000000015995247,1.0000000001070015,0.14285714260738863,29.0,True
pysr,feynman-ii.34.2a,-1,5,0.01,1.0,1.0,0.1428571428571429,28.0,True
pysr,feynman-ii.34.2a,-1,1,0.01,1.0,1.0,0.1428571428571429,22.0,True
pysr,feynman-ii.34.2a,-1,45,0.01,2.811684996172829e-07,1.7751701204988114e-08,0.6536354770470989,30.0,True
pysr,feynman-ii.34.2a,-1,3,0.01,1.4821018566501603,1.0220792060756232,0.13641562128225948,30.0,True
pysr,feynman-ii.34.2a,-1,2,0.01,1.1779280964045724e+44,8.181150470380774e+34,0.0,29.0,True
pysr,feynman-ii.34.2a,-1,20,0.01,1.000000015995247,1.0000000001070015,0.14285714260738863,29.0,True
pysr,feynman-ii.34.11,-1,60,0.01,5.042335922668584e-08,2.4617485565457345e-08,0.6752187333165014,30.0,True
pysr,feynman-ii.34.11,-1,10,0.01,1.5334784087973704e-08,4.487306845361331e-09,0.7200834488046162,28.0,True
pysr,feynman-ii.34.11,-1,30,0.01,1.0519342605081359e-08,3.890296747921633e-09,0.7281438810700716,30.0,True
pysr,feynman-ii.34.11,-1,5,0.01,1.5334784087973704e-08,4.487306845361331e-09,0.7200834488046162,28.0,True
pysr,feynman-ii.34.11,-1,1,0.01,0.8684988965900127,19.252540615200974,0.09916938145450221,20.0,True
pysr,feynman-ii.34.11,-1,45,0.01,1.0519342605081359e-08,3.890296747921633e-09,0.7281438810700716,30.0,True
pysr,feynman-ii.34.11,-1,3,0.01,1.5334784087973704e-08,4.487306845361331e-09,0.7200834488046162,28.0,True
pysr,feynman-ii.34.11,-1,2,0.01,3.105339220594313e-08,4.472856749351982e-09,0.7091894986465528,18.0,True
pysr,feynman-ii.34.11,-1,20,0.01,1.0519342605081359e-08,3.890296747921633e-09,0.7281438810700716,30.0,True
pysr,Nguyen-12,-1,10,0.01,1.8881495531078072e-05,4.379587890429403e-06,0.5029475129856107,30.0,True
pysr,Nguyen-12,-1,30,0.01,1.8563006507885822e-05,4.452906472509476e-06,0.502953861058349,30.0,True
pysr,Nguyen-12,-1,5,0.01,1.8881495531078072e-05,4.379587890429403e-06,0.5029475129856107,30.0,True
pysr,Nguyen-12,-1,1,0.01,5.598664164793182e-05,0.004316874746851157,0.3791695048194397,30.0,True
pysr,Nguyen-12,-1,45,0.01,1.8563006507885822e-05,4.452906472509476e-06,0.502953861058349,30.0,True
pysr,Nguyen-12,-1,3,0.01,4.0975533023670205e-05,0.00034335610331399984,0.42327609345306033,29.0,True
pysr,Nguyen-12,-1,2,0.01,4.0975533023670205e-05,0.00034335610331399984,0.42327609345306033,29.0,True
pysr,Nguyen-12,-1,20,0.01,1.8563006507885822e-05,4.452906472509476e-06,0.502953861058349,30.0,True
pysr,CRK0,-1,10,0.01,506980947.0236302,4239425626140.2607,0.0,30.0,True
pysr,CRK0,-1,30,0.01,506980947.0236302,4239425626140.2607,0.0,30.0,True
pysr,CRK0,-1,5,0.01,600187093.8876711,5508002847371.796,0.0,25.0,True
pysr,CRK0,-1,1,0.01,1197823452.3799767,10655912273694.977,0.0,19.0,True
pysr,CRK0,-1,45,0.01,506980947.0236302,4239425626140.2607,0.0,30.0,True
pysr,CRK0,-1,3,0.01,998441241.1380503,9745102306292.797,0.0,19.0,True
pysr,CRK0,-1,2,0.01,1215253502.8028846,10806358814232.223,0.0,17.0,True
pysr,CRK0,-1,20,0.01,506980947.0236302,4239425626140.2607,0.0,30.0,True
pysr,strogatz_barmag1,1,10,0.01,0.008111934017406263,1.69737586029359,0.20932491318251273,29.0,True
pysr,strogatz_barmag1,1,30,0.01,0.00917296315017081,0.07910658661825054,0.25497420377376356,30.0,True
pysr,strogatz_barmag1,1,5,0.01,0.004732700721857091,0.8743133496634653,0.227972280294286,30.0,True
pysr,strogatz_barmag1,1,1,0.01,0.04251687686762258,2.3629868966105136,0.1784991904028969,30.0,True
pysr,strogatz_barmag1,1,45,0.01,0.009202559375087018,0.07935364568111344,0.25487587456437877,30.0,True
pysr,strogatz_barmag1,1,3,0.01,0.00780426801133808,0.9668625568845062,0.21865368152665754,27.0,True
pysr,strogatz_barmag1,1,2,0.01,0.006241302513093916,0.3018014115992563,0.24017869643238504,30.0,True
pysr,strogatz_barmag1,1,20,0.01,0.009179947085454864,0.07931823795974272,0.254920955866447,30.0,True
pysr,III.21.20_3_0,1,10,0.01,2.8955363561915778e-09,7.002908794975522e-10,0.7747497324118746,18.0,True
pysr,III.21.20_3_0,1,30,0.01,1.3052509502562505e-08,4.991285754004228e-09,0.7209319124196691,25.0,True
pysr,III.21.20_3_0,1,5,0.01,1.4518450947597802e-09,3.14583017206763e-10,0.7978694444610459,11.0,True
pysr,III.21.20_3_0,1,45,0.01,2.5197085899876035e-08,9.323737992275849e-09,0.7010378436645939,29.0,True
pysr,III.21.20_3_0,1,3,0.01,1.4518450947597802e-09,3.14583017206763e-10,0.7978694444610459,11.0,True
pysr,III.21.20_3_0,1,2,0.01,1.4518450947597802e-09,3.14583017206763e-10,0.7978694444610459,11.0,True
pysr,III.21.20_3_0,1,20,0.01,1.1679305851308475e-08,2.09070513450556e-08,0.7004389350904571,28.0,True
pysr,first_principles_leavitt,1,10,0.01,0.00025427756062439,0.0004350989194343845,0.3912894271013456,28.0,True
pysr,first_principles_leavitt,1,30,0.01,0.00023238913246472067,0.0006168018995914532,0.38727280295576944,27.0,True
pysr,first_principles_leavitt,1,5,0.01,0.00025427756062439,0.0004350989194343845,0.3912894271013456,28.0,True
pysr,first_principles_leavitt,1,1,0.01,0.00025123602030505457,4.288361054480399e-05,0.427415241121583,27.0,True
pysr,first_principles_leavitt,1,45,0.01,0.0002242290492598692,0.0006144924296269584,0.38788541384383035,26.0,True
pysr,first_principles_leavitt,1,3,0.01,0.00025427756062439,0.0004350989194343845,0.3912894271013456,28.0,True
pysr,first_principles_leavitt,1,2,0.01,0.00024938220553681725,0.00042953254724054665,0.3917906593212694,28.0,True
pysr,first_principles_leavitt,1,20,0.01,0.00023496036339137462,0.0005801695058784809,0.38805180344863804,18.0,True
pysr,Nguyen-6,1,10,0.01,0.0003206992094675416,0.07643293243280111,0.30752219959043575,30.0,True
pysr,Nguyen-6,1,30,0.01,8.214709491406235e-05,7.2813663645079214e-06,0.47225696097347364,29.0,True
pysr,Nguyen-6,1,5,0.01,0.0002682698293331885,0.0008022223963817376,0.3809690494504176,22.0,True
pysr,Nguyen-6,1,1,0.01,0.00016018692941218557,0.00013733710661497378,0.4163423224960004,30.0,True
pysr,Nguyen-6,1,45,0.01,5.905008501687777e-05,4.810903956219536e-06,0.48380545664086283,30.0,True
pysr,Nguyen-6,1,3,0.01,0.0002682698293331885,0.0008022223963817376,0.3809690494504176,22.0,True
pysr,Nguyen-6,1,2,0.01,0.00024323465084781861,0.0005081951369152985,0.38956943040053205,29.0,True
pysr,Nguyen-6,1,20,0.01,0.0001429708793519843,0.003686545906181845,0.36707617019271394,30.0,True
pysr,feynman-ii.27.18,1,60,0.01,2.4589114322549886e+20,9.79186030411025e+19,0.0,1.0,True
pysr,feynman-ii.27.18,1,10,0.01,2.4589114322549886e+20,9.79186030411025e+19,0.0,1.0,True
pysr,feynman-ii.27.18,1,30,0.01,2.4589114322549886e+20,9.79186030411025e+19,0.0,1.0,True
pysr,feynman-ii.27.18,1,5,0.01,2.4589114322549886e+20,9.79186030411025e+19,0.0,1.0,True
pysr,feynman-ii.27.18,1,1,0.01,2.4589114322549886e+20,9.79186030411025e+19,0.0,1.0,True
pysr,feynman-ii.27.18,1,45,0.01,2.4589114322549886e+20,9.79186030411025e+19,0.0,1.0,True
pysr,feynman-ii.27.18,1,3,0.01,2.4589114322549886e+20,9.79186030411025e+19,0.0,1.0,True
pysr,feynman-ii.27.18,1,2,0.01,2.4589114322549886e+20,9.79186030411025e+19,0.0,1.0,True
pysr,feynman-ii.27.18,1,20,0.01,2.4589114322549886e+20,9.79186030411025e+19,0.0,1.0,True
pysr,feynman-iii.10.19,1,60,0.01,3.0876631394358942e+38,2.4418707785727926e+33,0.0,1.0,True
pysr,feynman-iii.10.19,1,10,0.01,3.0876631394358942e+38,2.4418707785727926e+33,0.0,1.0,True
pysr,feynman-iii.10.19,1,30,0.01,3.0876631394358942e+38,2.4418707785727926e+33,0.0,1.0,True
pysr,feynman-iii.10.19,1,5,0.01,3.0876631394358942e+38,2.4418707785727926e+33,0.0,1.0,True
pysr,feynman-iii.10.19,1,1,0.01,1.4629636850054543e+28,3.187243764900539e+23,0.0,3.0,True
pysr,feynman-iii.10.19,1,45,0.01,3.0876631394358942e+38,2.4418707785727926e+33,0.0,1.0,True
pysr,feynman-iii.10.19,1,3,0.01,3.0876631394358942e+38,2.4418707785727926e+33,0.0,1.0,True
pysr,feynman-iii.10.19,1,2,0.01,3.0876631394358942e+38,2.4418707785727926e+33,0.0,1.0,True
pysr,feynman-iii.10.19,1,20,0.01,3.0876631394358942e+38,2.4418707785727926e+33,0.0,1.0,True
pysr,CRK0,1,10,0.01,2.952515671443299e-07,0.002833828040994001,0.46705122482792943,21.0,True
pysr,CRK0,1,30,0.01,3.008811075080365e-07,0.001068096396201937,0.4818926654018996,26.0,True
pysr,CRK0,1,5,0.01,2.6029488075243724e-07,0.0009900341495502661,0.48531729278625707,20.0,True
pysr,CRK0,1,1,0.01,57483020.6695806,383489893272.0054,0.0,30.0,True
pysr,CRK0,1,45,0.01,3.008811075080365e-07,0.001068096396201937,0.4818926654018996,26.0,True
pysr,CRK0,1,3,0.01,208.0118899223483,1463230.8056829066,0.0,30.0,True
pysr,CRK0,1,2,0.01,208.0118899223483,1463230.8056829066,0.0,30.0,True
pysr,CRK0,1,20,0.01,3.008811075080365e-07,0.001068096396201937,0.4818926654018996,26.0,True
imcts,Nguyen-6,2,10,0.01,7.612808596173099e-05,0.00908106638800353,0.36286850852178837,,True
imcts,Nguyen-6,2,30,0.01,2.7934977064937723e-05,0.21046382583534343,0.32966693643135003,,True
imcts,Nguyen-6,2,5,0.01,7.612808596173099e-05,0.00908106638800353,0.36286850852178837,,True
imcts,Nguyen-6,2,1,0.01,5.41890651118055e-05,0.05049648010291209,0.34152954411378095,,True
imcts,Nguyen-6,2,45,0.01,6.231419475965681e-05,0.3788433147190764,0.30810547802940275,,True
imcts,Nguyen-6,2,3,0.01,3.255938021200514e-05,0.009499954506876958,0.3753429409004535,,True
imcts,Nguyen-6,2,2,0.01,5.41890651118055e-05,0.05049648010291209,0.34152954411378095,,True
imcts,Nguyen-6,2,20,0.01,3.441453976545259e-05,0.1557383749541086,0.33110222840173864,,True
imcts,feynman_II_15_4,2,10,0.01,0.11631876237824618,0.564226956615271,0.1851034427166215,,True
imcts,feynman_II_15_4,2,30,0.01,0.11631876237824618,0.564226956615271,0.1851034427166215,,True
imcts,feynman_II_15_4,2,5,0.01,0.11631876237824618,0.564226956615271,0.1851034427166215,,True
imcts,feynman_II_15_4,2,1,0.01,0.9366992966990597,0.7540698797641977,0.14824957899942487,,True
imcts,feynman_II_15_4,2,45,0.01,0.07683085301787103,0.2434046207895902,0.20457626879999158,,True
imcts,feynman_II_15_4,2,3,0.01,0.9366992966990597,0.7540698797641977,0.14824957899942487,,True
imcts,feynman_II_15_4,2,2,0.01,0.9366992966990597,0.7540698797641977,0.14824957899942487,,True
imcts,feynman_II_15_4,2,20,0.01,0.11631876237824618,0.564226956615271,0.1851034427166215,,True
imcts,BPG3,2,10,0.01,203206.7953218723,2.595062104906963e+16,0.0,,True
imcts,BPG3,2,30,0.01,127728.48578358206,1.1688697050632948e+16,0.0,,True
imcts,BPG3,2,5,0.01,203206.7953218723,2.595062104906963e+16,0.0,,True
imcts,BPG3,2,1,0.01,47.68582383150814,2521270507649.6577,0.011486096785397137,,True
imcts,BPG3,2,45,0.01,127728.48578358206,1.1688697050632948e+16,0.0,,True
imcts,BPG3,2,3,0.01,203206.7953218723,2.595062104906963e+16,0.0,,True
imcts,BPG3,2,2,0.01,203206.7953218723,2.595062104906963e+16,0.0,,True
imcts,BPG3,2,20,0.01,127728.48578358206,1.1688697050632948e+16,0.0,,True
imcts,strogatz_predprey2,2,10,0.01,7.412413526915425e-07,1.928890170322064e-06,0.5658833164339532,,True
imcts,strogatz_predprey2,2,30,0.01,7.412413526915425e-07,1.928890170322064e-06,0.5658833164339532,,True
imcts,strogatz_predprey2,2,5,0.01,0.0010154252340279191,0.00521218238348783,0.3312975872941533,,True
imcts,strogatz_predprey2,2,1,0.01,0.030300038132811822,0.2602258714798041,0.21797165547498382,,True
imcts,strogatz_predprey2,2,45,0.01,1.467520529900048e-06,3.083752395470954e-05,0.512297725521758,,True
imcts,strogatz_predprey2,2,3,0.01,0.009971220524507236,0.022596923731047328,0.27311436996256644,,True
imcts,strogatz_predprey2,2,2,0.01,0.011554473736949863,0.01676972349667491,0.27545442601115555,,True
imcts,strogatz_predprey2,2,20,0.01,7.412413526915425e-07,1.928890170322064e-06,0.5658833164339532,,True
imcts,feynman-i.32.5,2,10,0.01,4.376801991104674e-09,4.369937006401244e-09,0.7399417115748148,,True
imcts,feynman-i.32.5,2,30,0.01,4.376801991104674e-09,4.369937006401244e-09,0.7399417115748148,,True
imcts,feynman-i.32.5,2,5,0.01,0.06737922134192789,0.14262050076764518,0.2149032876850509,,True
imcts,feynman-i.32.5,2,45,0.01,4.376801991104674e-09,4.369937006401244e-09,0.7399417115748148,,True
imcts,feynman-i.32.5,2,3,0.01,0.1146128100987704,0.2327845249134171,0.19906474047802603,,True
imcts,feynman-i.32.5,2,2,0.01,0.09918556079812121,0.18907198427268518,0.20453301302712334,,True
imcts,feynman-i.32.5,2,20,0.01,4.376801991104674e-09,4.369937006401244e-09,0.7399417115748148,,True
imcts,Nguyen-12,-1,10,0.01,1.6722277116469634e-05,0.0004235852502577122,0.43392013409998675,,True
imcts,Nguyen-12,-1,30,0.01,8.965407651680253e-06,0.05177454481777362,0.3690469167541159,,True
imcts,Nguyen-12,-1,5,0.01,5.8144826988864613e-05,0.002818862466350303,0.3851933939443709,,True
imcts,Nguyen-12,-1,45,0.01,8.965407651680253e-06,0.05177454481777362,0.3690469167541159,,True
imcts,Nguyen-12,-1,3,0.01,0.002813966959218252,0.002927222482516409,0.32443661693368125,,True
imcts,Nguyen-12,-1,2,0.01,0.003062064258818698,0.034964087791178745,0.2846558392014381,,True
imcts,Nguyen-12,-1,20,0.01,1.4382194940644516e-06,1.330223564350842e-05,0.5256517925740354,,True
imcts,III.21.20_3_0,-1,60,0.01,2.030567892696937e-09,0.03922201010917517,0.503530451352445,,True
imcts,III.21.20_3_0,-1,10,0.01,0.16749012016418016,,0.0,,False
imcts,III.21.20_3_0,-1,30,0.01,2.030567892696937e-09,0.03922201010917517,0.503530451352445,,True
imcts,III.21.20_3_0,-1,5,0.01,0.2429575230881451,0.6890462287311511,0.1705793317334054,,True
imcts,III.21.20_3_0,-1,1,0.01,0.44855196068463177,1.0400234564493225,0.15468371807978892,,True
imcts,III.21.20_3_0,-1,45,0.01,2.030567892696937e-09,0.03922201010917517,0.503530451352445,,True
imcts,III.21.20_3_0,-1,3,0.01,0.2429575230881451,0.6890462287311511,0.1705793317334054,,True
imcts,III.21.20_3_0,-1,2,0.01,0.2429575230881451,0.6890462287311511,0.1705793317334054,,True
imcts,III.21.20_3_0,-1,20,0.01,0.10044150740071948,0.4923668673081555,0.18949278420466847,,True
imcts,feynman-i.15.3t,-1,60,0.01,1.0853640076023181e+30,9.904261507701238e+29,0.0,,True
imcts,feynman-i.15.3t,-1,10,0.01,1.0853640076023181e+30,9.904261507701238e+29,0.0,,True
imcts,feynman-i.15.3t,-1,30,0.01,1.0853640076023181e+30,9.904261507701238e+29,0.0,,True
imcts,feynman-i.15.3t,-1,5,0.01,1.0853640076023181e+30,9.904261507701238e+29,0.0,,True
imcts,feynman-i.15.3t,-1,1,0.01,1.0853640076023181e+30,9.904261507701238e+29,0.0,,True
imcts,feynman-i.15.3t,-1,45,0.01,1.0853640076023181e+30,9.904261507701238e+29,0.0,,True
imcts,feynman-i.15.3t,-1,3,0.01,1.0853640076023181e+30,9.904261507701238e+29,0.0,,True
imcts,feynman-i.15.3t,-1,2,0.01,1.0853640076023181e+30,9.904261507701238e+29,0.0,,True
imcts,feynman-i.15.3t,-1,20,0.01,1.0853640076023181e+30,9.904261507701238e+29,0.0,,True
imcts,feynman-iii.7.38,-1,60,0.01,1.8047233851018966e-08,7.324157434541594e-09,0.7099582743988363,,True
imcts,feynman-iii.7.38,-1,10,0.01,0.9896992129648569,0.9999214476704564,0.14301896040287898,,True
imcts,feynman-iii.7.38,-1,30,0.01,1.8047233851018966e-08,7.324157434541594e-09,0.7099582743988363,,True
imcts,feynman-iii.7.38,-1,1,0.01,0.9896992129648569,0.9999214476704564,0.14301896040287898,,True
imcts,feynman-iii.7.38,-1,45,0.01,1.8047233851018966e-08,7.324157434541594e-09,0.7099582743988363,,True
imcts,feynman-iii.7.38,-1,3,0.01,0.9896992129648569,0.9999214476704564,0.14301896040287898,,True
imcts,feynman-iii.7.38,-1,2,0.01,0.9896992129648569,0.9999214476704564,0.14301896040287898,,True
imcts,feynman-iii.7.38,-1,20,0.01,0.8040118539742288,11.70227218205979,0.1080881197522423,,True
imcts,CRK10,-1,10,0.01,930103.3837262759,79453553362.38873,0.0,,True
imcts,CRK10,-1,30,0.01,930103.3837262759,79453553362.38873,0.0,,True
imcts,CRK10,-1,5,0.01,782.4286308436582,26937057.012145568,0.0,,True
imcts,CRK10,-1,1,0.01,95962786.13268606,14971643884667.514,0.0,,True
imcts,CRK10,-1,45,0.01,930103.3837262759,79453553362.38873,0.0,,True
imcts,CRK10,-1,3,0.01,95962786.13268606,14971643884667.514,0.0,,True
imcts,CRK10,-1,2,0.01,95962786.13268606,14971643884667.514,0.0,,True
imcts,CRK10,-1,20,0.01,930103.3837262759,79453553362.38873,0.0,,True
imcts,BPG9,-1,10,0.01,0.0006888740536121717,1.0,0.25578072045027855,,True
imcts,BPG9,-1,30,0.01,1148079.1009081274,61377330715.986946,0.0,,True
imcts,BPG9,-1,5,0.01,260.51079083510433,4878199.507052332,0.0,,True
imcts,BPG9,-1,1,0.01,101.36221751691325,726.3267205220012,0.0,,True
imcts,BPG9,-1,45,0.01,1148079.1009081274,61377330715.986946,0.0,,True
imcts,BPG9,-1,3,0.01,260.51079083510433,4878199.507052332,0.0,,True
imcts,BPG9,-1,2,0.01,260.51079083510433,4878199.507052332,0.0,,True
imcts,BPG9,-1,20,0.01,1148079.1009081274,61377330715.986946,0.0,,True
imcts,first_principles_hubble,-1,10,0.01,0.03851543957373169,0.07644786817708077,0.23324999150038034,,True
imcts,first_principles_hubble,-1,30,0.01,0.03683265982010238,0.07394557542766335,0.234459097327117,,True
imcts,first_principles_hubble,-1,5,0.01,0.02827885387587474,0.07367058987024602,0.23861585889268971,,True
imcts,first_principles_hubble,-1,1,0.01,0.027895277678677395,0.07602567746700051,0.23833960758140582,,True
imcts,first_principles_hubble,-1,45,0.01,0.03683265982010238,0.07394557542766335,0.234459097327117,,True
imcts,first_principles_hubble,-1,3,0.01,0.027292816927395314,0.07941033574903816,0.23800266448859286,,True
imcts,first_principles_hubble,-1,2,0.01,0.029120292218126054,0.09124209826160255,0.23484317882924477,,True
imcts,first_principles_hubble,-1,20,0.01,0.03683265982010238,0.07394557542766335,0.234459097327117,,True
imcts,strogatz_barmag2,-1,10,0.01,1.0163222528374106e-06,1.198518186034298e-06,0.5683687120335645,,True
imcts,strogatz_barmag2,-1,30,0.01,0.0004096826880290555,0.020635059139026052,0.3240338096346493,,True
imcts,strogatz_barmag2,-1,5,0.01,0.03573222593777445,1.7712231058104777,0.1856666664143492,,True
imcts,strogatz_barmag2,-1,1,0.01,0.08374471971916611,1.6034649693414365,0.17399939607883147,,True
imcts,strogatz_barmag2,-1,45,0.01,3.4970299053087165e-06,3.019704417963802e-06,0.5348691506920593,,True
imcts,strogatz_barmag2,-1,3,0.01,0.03307927405335264,1.4782673193053977,0.1896675376436664,,True
imcts,strogatz_barmag2,-1,2,0.01,0.033294589962661054,1.300854534219677,0.19154991407881972,,True
imcts,strogatz_barmag2,-1,20,0.01,1.0163222528374106e-06,1.198518186034298e-06,0.5683687120335645,,True
imcts,CRK0,1,10,0.01,6566645.308558475,32562814942.635162,0.0,,True
imcts,CRK0,1,30,0.01,6566645.308558475,32562814942.635162,0.0,,True
imcts,CRK0,1,5,0.01,6566645.308558475,32562814942.635162,0.0,,True
imcts,CRK0,1,1,0.01,842.1272971793132,1270757.896884521,0.0,,True
imcts,CRK0,1,45,0.01,6566645.308558475,32562814942.635162,0.0,,True
imcts,CRK0,1,3,0.01,6566645.308558475,32562814942.635162,0.0,,True
imcts,CRK0,1,2,0.01,842.1272971793132,1270757.896884521,0.0,,True
imcts,CRK0,1,20,0.01,6566645.308558475,32562814942.635162,0.0,,True
imcts,first_principles_leavitt,1,10,0.01,0.005745751450558393,0.008907176226772425,0.29610403999264256,,True
imcts,first_principles_leavitt,1,30,0.01,0.0031027549597316528,,0.0,,False
imcts,first_principles_leavitt,1,5,0.01,0.000255465070967596,0.0028806708085145727,0.3618991014166325,,True
imcts,first_principles_leavitt,1,1,0.01,0.00027223499640878057,0.002728745375482364,0.3617533226189308,,True
imcts,first_principles_leavitt,1,45,0.01,0.0016503349569538816,0.001998379584349895,0.33863392560241506,,True
imcts,first_principles_leavitt,1,2,0.01,0.000255465070967596,0.0028806708085145727,0.3618991014166325,,True
imcts,first_principles_leavitt,1,20,0.01,0.0054636247756948255,0.011209763009661549,0.2933186679704281,,True
imcts,Nguyen-6,1,10,0.01,0.00017129435710574477,0.38951308942313,0.2919905316815665,,True
imcts,Nguyen-6,1,30,0.01,0.00017129435710574477,0.38951308942313,0.2919905316815665,,True
imcts,Nguyen-6,1,5,0.01,0.00023850556290004113,0.0003241251621914425,0.3968495978546652,,True
imcts,Nguyen-6,1,1,0.01,0.000199278129061069,8.012328054946511e-05,0.42131363000789085,,True
imcts,Nguyen-6,1,45,0.01,0.00015755508595997455,0.9618854023213339,0.2792658656831594,,True
imcts,Nguyen-6,1,3,0.01,0.000199278129061069,8.012328054946511e-05,0.42131363000789085,,True
imcts,Nguyen-6,1,2,0.01,0.000199278129061069,8.012328054946511e-05,0.42131363000789085,,True
imcts,Nguyen-6,1,20,0.01,0.00017129435710574477,0.38951308942313,0.2919905316815665,,True
imcts,feynman-ii.27.18,1,10,0.01,1.3828846846901238e-09,1.3831932465781584e-09,0.775654684760066,,True
imcts,feynman-ii.27.18,1,30,0.01,1.3828846846901238e-09,1.3831932465781584e-09,0.775654684760066,,True
imcts,feynman-ii.27.18,1,5,0.01,1.3828846846901238e-09,1.3831932465781584e-09,0.775654684760066,,True
imcts,feynman-ii.27.18,1,1,0.01,1.3828846846901238e-09,1.3831932465781584e-09,0.775654684760066,,True
imcts,feynman-ii.27.18,1,45,0.01,1.3828846846901238e-09,1.3831932465781584e-09,0.775654684760066,,True
imcts,feynman-ii.27.18,1,3,0.01,1.3828846846901238e-09,1.3831932465781584e-09,0.775654684760066,,True
imcts,feynman-ii.27.18,1,2,0.01,1.3828846846901238e-09,1.3831932465781584e-09,0.775654684760066,,True
imcts,feynman-ii.27.18,1,20,0.01,1.3828846846901238e-09,1.3831932465781584e-09,0.775654684760066,,True
imcts,feynman-iii.10.19,1,10,0.01,8.596459344165304e+35,6.65869229984597e+31,0.0,,True
imcts,feynman-iii.10.19,1,30,0.01,7.68766963069476e+35,6.341254153381767e+31,0.0,,True
imcts,feynman-iii.10.19,1,5,0.01,4.726307304233024e+35,3.737788474836757e+30,0.0,,True
imcts,feynman-iii.10.19,1,1,0.01,5.623137710749188e+35,4.447044589934692e+30,0.0,,True
imcts,feynman-iii.10.19,1,45,0.01,5.561184007632193e+35,5.75064861789227e+31,0.0,,True
imcts,feynman-iii.10.19,1,3,0.01,4.726307304233024e+35,3.737788474836757e+30,0.0,,True
imcts,feynman-iii.10.19,1,2,0.01,4.726307304233024e+35,3.737788474836757e+30,0.0,,True
imcts,feynman-iii.10.19,1,20,0.01,0.14803841398109682,0.01205755951988663,0.24101307721359688,,True
imcts,III.21.20_3_0,1,60,0.01,0.0054911684477413104,0.0003220342978910107,0.34830118233661844,,True
imcts,III.21.20_3_0,1,10,0.01,0.26447176167919056,0.4427403641373559,0.17612398478418312,,True
imcts,III.21.20_3_0,1,30,0.01,0.12104482389770813,0.20418555293367857,0.20025102737712352,,True
imcts,III.21.20_3_0,1,5,0.01,0.26447176167919056,0.4427403641373559,0.17612398478418312,,True
imcts,III.21.20_3_0,1,1,0.01,0.4485535194978002,1.0400268309701313,0.15468361385129886,,True
imcts,III.21.20_3_0,1,45,0.01,0.027077838409630656,0.9995738613348271,0.19884182560391123,,True
imcts,III.21.20_3_0,1,3,0.01,0.29808066328380023,0.5407961316576857,0.17116545070172423,,True
imcts,III.21.20_3_0,1,2,0.01,0.29808066328380023,0.5407961316576857,0.17116545070172423,,True
imcts,III.21.20_3_0,1,20,0.01,0.12104482389770813,0.20418555293367857,0.20025102737712352,,True
imcts,strogatz_barmag1,1,10,0.01,0.0041193173176056,0.09586604070300607,0.26441107003964776,,True
imcts,strogatz_barmag1,1,30,0.01,2.5505855853811116e-07,1.5129249638382179e-07,0.6219122396461647,,True
imcts,strogatz_barmag1,1,5,0.01,0.004323256977088636,0.20630649000785467,0.2517741449536467,,True
imcts,strogatz_barmag1,1,1,0.01,0.05182132993962771,0.3242085476254902,0.20623810660139735,,True
imcts,strogatz_barmag1,1,45,0.01,2.5505855853811116e-07,1.5129249638382179e-07,0.6219122396461647,,True
imcts,strogatz_barmag1,1,3,0.01,0.023362653732247447,0.08989851346397196,0.23849018990753934,,True
imcts,strogatz_barmag1,1,2,0.01,0.03041796327416265,0.059717295370088866,0.24074177638358568,,True
imcts,strogatz_barmag1,1,20,0.01,7.68666798130351e-05,0.001026913752995328,0.39652599668845273,,True
dso,first_principles_leavitt,-1,10,0.01,8.990094704182795e-05,0.00476753793020234,0.3702836277254978,32.0,True
dso,first_principles_leavitt,-1,5,0.01,8.990094704182795e-05,0.00476753793020234,0.3702836277254978,32.0,True
dso,first_principles_leavitt,-1,1,0.01,2.5010236838935236e-05,0.0014009705128484851,0.40912332861146816,34.0,True
dso,first_principles_leavitt,-1,3,0.01,2.5010236838935236e-05,0.0014009705128484851,0.40912332861146816,34.0,True
dso,first_principles_leavitt,-1,2,0.01,2.5010236838935236e-05,0.0014009705128484851,0.40912332861146816,34.0,True
dso,first_principles_leavitt,-1,20,0.01,8.990094704182795e-05,0.00476753793020234,0.3702836277254978,32.0,True
dso,feynman-ii.34.11,-1,10,0.01,0.9900104672177253,0.9758754937626284,0.14339163576935027,9.0,True
dso,feynman-ii.34.11,-1,5,0.01,0.9900104672177253,0.9758754937626284,0.14339163576935027,9.0,True
dso,feynman-ii.34.11,-1,1,0.01,1.0059773121579727,1.000041588723093,0.14276406258754037,14.0,True
dso,feynman-ii.34.11,-1,3,0.01,0.9900104672177253,0.9758754937626284,0.14339163576935027,9.0,True
dso,feynman-ii.34.11,-1,2,0.01,0.9900104672177253,0.9758754937626284,0.14339163576935027,9.0,True
dso,feynman-ii.34.11,-1,20,0.01,0.15917244761633195,0.18394044908934618,0.19762338796389556,21.0,True
dso,strogatz_barmag1,-1,10,0.01,0.053745168293697056,0.6127833919043691,0.19579834237982052,25.0,True
dso,strogatz_barmag1,-1,30,0.01,0.053472397945282746,0.11437025764630493,0.22191275858084436,34.0,True
dso,strogatz_barmag1,-1,5,0.01,0.03460345032952127,0.46770333574388934,0.20681821885411633,28.0,True
dso,strogatz_barmag1,-1,1,0.01,0.03460345032952127,0.46770333574388934,0.20681821885411633,28.0,True
dso,strogatz_barmag1,-1,45,0.01,0.053472397945282746,0.11437025764630493,0.22191275858084436,34.0,True
dso,strogatz_barmag1,-1,3,0.01,0.03460345032952127,0.46770333574388934,0.20681821885411633,28.0,True
dso,strogatz_barmag1,-1,2,0.01,0.03460345032952127,0.46770333574388934,0.20681821885411633,28.0,True
dso,strogatz_barmag1,-1,20,0.01,0.057090488231758316,0.451797601983048,0.19958901148079178,37.0,True
dso,feynman-iii.10.19,-1,10,0.01,0.2964513514767901,0.5566191137143282,0.17080315892722953,26.0,True
dso,feynman-iii.10.19,-1,30,0.01,0.2964513514767901,0.5566191137143282,0.17080315892722953,26.0,True
dso,feynman-iii.10.19,-1,5,0.01,0.34781791090534003,0.613452584110314,0.16681668062537552,26.0,True
dso,feynman-iii.10.19,-1,1,0.01,0.34781791090534003,0.613452584110314,0.16681668062537552,26.0,True
dso,feynman-iii.10.19,-1,45,0.01,0.2964513514767901,0.5566191137143282,0.17080315892722953,26.0,True
dso,feynman-iii.10.19,-1,3,0.01,0.34781791090534003,0.613452584110314,0.16681668062537552,26.0,True
dso,feynman-iii.10.19,-1,2,0.01,0.34781791090534003,0.613452584110314,0.16681668062537552,26.0,True
dso,feynman-iii.10.19,-1,20,0.01,0.2964513514767901,0.5566191137143282,0.17080315892722953,26.0,True
dso,BPG3,-1,10,0.01,0.0016373736872669592,0.03360499501354821,0.2949802984908905,26.0,True
dso,BPG3,-1,30,0.01,0.0010838804704524697,0.03360499501351473,0.3013790990550606,21.0,True
dso,BPG3,-1,5,0.01,0.0008070704476865296,0.03360516949354955,0.30595294516710136,14.0,True
dso,BPG3,-1,1,0.01,0.0020498360720096706,0.03360516949351608,0.29149552780192906,28.0,True
dso,BPG3,-1,45,0.01,0.0010838804704524697,0.03360499501351473,0.3013790990550606,21.0,True
dso,BPG3,-1,3,0.01,0.0008070704476865296,0.03360516949354955,0.30595294516710136,14.0,True
dso,BPG3,-1,2,0.01,0.0014133671428288117,0.03360499501351473,0.2972621847802131,15.0,True
dso,BPG3,-1,20,0.01,0.0010838804704524697,0.03360499501351473,0.3013790990550606,21.0,True
dso,Keijzer-2,-1,10,0.01,0.5293105721758208,0.3327621790938918,0.1697912668548342,16.0,True
dso,Keijzer-2,-1,5,0.01,0.6795068271076917,2.3022957585989654,0.13591589507385948,20.0,True
dso,Keijzer-2,-1,1,0.01,0.8567671607007339,1.8742932509533834,0.13551070166819512,24.0,True
dso,Keijzer-2,-1,3,0.01,0.6795068271076917,2.3022957585989654,0.13591589507385948,20.0,True
dso,Keijzer-2,-1,2,0.01,0.8567671607007339,1.8742932509533834,0.13551070166819512,24.0,True
dso,feynman-i.29.16,-1,10,0.01,0.07620280337836247,0.05899794840896286,0.22668543362847043,26.0,True
dso,feynman-i.29.16,-1,30,0.01,0.07620280337836247,0.05899794840896286,0.22668543362847043,26.0,True
dso,feynman-i.29.16,-1,5,0.01,0.07620280337836247,0.05899794840896286,0.22668543362847043,26.0,True
dso,feynman-i.29.16,-1,1,0.01,0.06371676997524564,0.21009241071058907,0.20976199584971827,33.0,True
dso,feynman-i.29.16,-1,3,0.01,0.07620280337836247,0.05899794840896286,0.22668543362847043,26.0,True
dso,feynman-i.29.16,-1,2,0.01,0.07620280337836247,0.05899794840896286,0.22668543362847043,26.0,True
dso,feynman-i.29.16,-1,20,0.01,0.07620280337836247,0.05899794840896286,0.22668543362847043,26.0,True
dso,II.34.2_1_0,1,60,0.01,2.561539371151211e-15,1.2796532212497775e-32,1.0,9.0,True
dso,II.34.2_1_0,1,10,0.01,3.6976702817001746e-05,0.0002854726548224904,0.4277324036878062,28.0,True
dso,II.34.2_1_0,1,30,0.01,2.561539371151211e-15,1.2796532212497775e-32,1.0,9.0,True
dso,II.34.2_1_0,1,5,0.01,0.0001245576039097971,7.584566564187364e-05,0.4294535352723526,30.0,True
dso,II.34.2_1_0,1,1,0.01,0.1110377445634018,,0.0,33.0,False
dso,II.34.2_1_0,1,45,0.01,2.561539371151211e-15,1.2796532212497775e-32,1.0,9.0,True
dso,II.34.2_1_0,1,3,0.01,0.10363184986650092,,0.0,25.0,False
dso,II.34.2_1_0,1,2,0.01,0.10363184986650092,,0.0,25.0,False
dso,II.34.2_1_0,1,20,0.01,2.561539371151211e-15,1.2796532212497775e-32,1.0,9.0,True
dso,strogatz_barmag1,1,10,0.01,0.06239944870933309,0.66871006692153,0.19212790664325724,32.0,True
dso,strogatz_barmag1,1,30,0.01,0.0484649080908486,0.5724619053871007,0.19845807195643533,45.0,True
dso,strogatz_barmag1,1,5,0.01,0.06757055504397484,1.0673932067114793,0.18363993139915352,20.0,True
dso,strogatz_barmag1,1,1,0.01,0.3244959071972417,0.982241652600188,0.16059187249184675,15.0,True
dso,strogatz_barmag1,1,45,0.01,0.0484649080908486,0.5724619053871007,0.19845807195643533,45.0,True
dso,strogatz_barmag1,1,3,0.01,0.1252529662268861,0.9167614226212188,0.17642698751987806,18.0,True
dso,strogatz_barmag1,1,2,0.01,0.05551725236620992,0.10004248433845936,0.22340669885587727,16.0,True
dso,strogatz_barmag1,1,20,0.01,0.048464908090848656,0.5724619053871007,0.19845807195643533,42.0,True
dso,first_principles_leavitt,1,10,0.01,0.0003233484545903063,0.0007798759223855386,0.378510846360105,37.0,True
dso,first_principles_leavitt,1,30,0.01,0.0003233484545903063,0.0007798759223855386,0.378510846360105,37.0,True
dso,first_principles_leavitt,1,5,0.01,0.00011574977494990589,0.0007498483342988188,0.3950538004866158,37.0,True
dso,first_principles_leavitt,1,1,0.01,0.002507429122271325,0.0027788083580445925,0.3270325977824765,39.0,True
dso,first_principles_leavitt,1,45,0.01,0.0003233484545903063,0.0007798759223855386,0.378510846360105,37.0,True
dso,first_principles_leavitt,1,3,0.01,0.00011574977494990589,0.0007498483342988188,0.3950538004866158,37.0,True
dso,first_principles_leavitt,1,2,0.01,0.00011574977494990589,0.0007498483342988188,0.3950538004866158,37.0,True
dso,first_principles_leavitt,1,20,0.01,0.0003233484545903063,0.0007798759223855386,0.378510846360105,37.0,True
dso,PO19,1,10,0.01,0.08433805194950858,0.06780729985708116,0.22295357085131212,22.0,True
dso,PO19,1,5,0.01,0.07423977243364462,0.22122022380890868,0.2065906621663831,20.0,True
dso,PO19,1,1,0.01,0.16637306821363157,0.4461926846773388,0.18319266172863147,16.0,True
dso,PO19,1,3,0.01,0.07423977243364462,0.22122022380890868,0.2065906621663831,20.0,True
dso,PO19,1,2,0.01,0.20015710505048084,0.06780729985708106,0.20954830493640014,18.0,True
dso,PO19,1,20,0.01,0.04359043185589223,0.06780729986415795,0.2331904420553837,18.0,True
dso,Nguyen-12,1,10,0.01,0.015765588622612615,0.06019427938644576,0.25081194964831116,21.0,True
dso,Nguyen-12,1,30,0.01,0.0076703217149743045,0.13380087568286222,0.24959740944195435,32.0,True
dso,Nguyen-12,1,5,0.01,0.015765588622612615,0.06019427938644576,0.25081194964831116,21.0,True
dso,Nguyen-12,1,1,0.01,0.015765588622612615,0.06019427938644576,0.25081194964831116,21.0,True
dso,Nguyen-12,1,45,0.01,0.0076703217149743045,0.13380087568286222,0.24959740944195435,32.0,True
dso,Nguyen-12,1,3,0.01,0.015765588622612615,0.06019427938644576,0.25081194964831116,21.0,True
dso,Nguyen-12,1,2,0.01,0.015765588622612615,0.06019427938644576,0.25081194964831116,21.0,True
dso,Nguyen-12,1,20,0.01,0.015765588622612615,0.06019427938644576,0.25081194964831116,21.0,True
dso,II.11.27_1_0,1,10,0.01,0.024497410484593897,0.2877548615292778,0.21970918396313394,20.0,True
dso,II.11.27_1_0,1,30,0.01,0.02448739399206627,0.28776965146339323,0.21971473001060637,14.0,True
dso,II.11.27_1_0,1,5,0.01,0.004966330615796874,0.16270177213057346,0.25330614603415014,31.0,True
dso,II.11.27_1_0,1,1,0.01,0.08309193658779764,1.6525654768960565,0.17365294439864154,35.0,True
dso,II.11.27_1_0,1,45,0.01,0.01990423994748798,0.17414508386747948,0.23071939938230868,17.0,True
dso,II.11.27_1_0,1,3,0.01,0.11625325945683976,1.5393442085365268,0.16954496855802131,27.0,True
dso,II.11.27_1_0,1,2,0.01,0.07227664415142895,1.1365387889448286,0.18162206278017845,21.0,True
dso,II.11.27_1_0,1,20,0.01,0.02448739399206627,0.28776965146339323,0.21971473001060637,14.0,True
dso,feynman-ii.34.11,1,10,0.01,0.9858724052520088,1.0768550148072558,0.14192935908348336,16.0,True
dso,feynman-ii.34.11,1,30,0.01,0.9858724051827599,1.076855041084245,0.1419293587060914,22.0,True
dso,feynman-ii.34.11,1,5,0.01,0.9858724052520088,1.0768550148072558,0.14192935908348336,16.0,True
dso,feynman-ii.34.11,1,1,0.01,0.9900104672176784,0.9758754937626285,0.143391635769351,22.0,True
dso,feynman-ii.34.11,1,45,0.01,0.9858724051827599,1.076855041084245,0.1419293587060914,22.0,True
dso,feynman-ii.34.11,1,3,0.01,0.9900104672176784,0.9758754937626285,0.143391635769351,22.0,True
dso,feynman-ii.34.11,1,2,0.01,0.9900104672176784,0.9758754937626285,0.143391635769351,22.0,True
dso,feynman-ii.34.11,1,20,0.01,0.9858724052520088,1.0768550148072558,0.14192935908348336,16.0,True
drsr,feynman-i.13.12,2,60,0.01,0.549736855518726,1.193671652659852,0.14939143806021488,,True
drsr,feynman-i.13.12,2,10,0.01,0.549736855518726,1.193671652659852,0.14939143806021488,,True
drsr,feynman-i.13.12,2,30,0.01,0.549736855518726,1.193671652659852,0.14939143806021488,,True
drsr,feynman-i.13.12,2,5,0.01,0.549736855518726,1.193671652659852,0.14939143806021488,,True
drsr,feynman-i.13.12,2,1,0.01,0.549736855518726,1.193671652659852,0.14939143806021488,,True
drsr,feynman-i.13.12,2,45,0.01,0.549736855518726,1.193671652659852,0.14939143806021488,,True
drsr,feynman-i.13.12,2,3,0.01,0.549736855518726,1.193671652659852,0.14939143806021488,,True
drsr,feynman-i.13.12,2,2,0.01,0.549736855518726,1.193671652659852,0.14939143806021488,,True
drsr,feynman-i.13.12,2,20,0.01,0.549736855518726,1.193671652659852,0.14939143806021488,,True
drsr,feynman-iii.7.38,2,60,0.01,0.999999999999573,1.0,0.14285714285714946,,True
drsr,feynman-iii.7.38,2,10,0.01,1.0,1.0,0.1428571428571429,,True
drsr,feynman-iii.7.38,2,30,0.01,0.999999999999573,1.0,0.14285714285714946,,True
drsr,feynman-iii.7.38,2,5,0.01,1.0,1.0,0.1428571428571429,,True
drsr,feynman-iii.7.38,2,1,0.01,1.0,1.0,0.1428571428571429,,True
drsr,feynman-iii.7.38,2,45,0.01,0.999999999999573,1.0,0.14285714285714946,,True
drsr,feynman-iii.7.38,2,3,0.01,1.0,1.0,0.1428571428571429,,True
drsr,feynman-iii.7.38,2,2,0.01,1.0,1.0,0.1428571428571429,,True
drsr,feynman-iii.7.38,2,20,0.01,0.999999999999573,1.0,0.14285714285714946,,True
drsr,II.11.27_1_0,2,60,0.01,0.03590086034719867,0.5013296824203745,0.20517041874352704,,True
drsr,II.11.27_1_0,2,10,0.01,0.992884209415282,1.0015553258955059,0.1429438018375328,,True
drsr,II.11.27_1_0,2,30,0.01,0.03601069801246663,0.5002579359955163,0.20515623119585658,,True
drsr,II.11.27_1_0,2,5,0.01,0.992884209415282,1.0015553258955059,0.1429438018375328,,True
drsr,II.11.27_1_0,2,1,0.01,0.9933057412038496,1.0016316357367234,0.14293603647914704,,True
drsr,II.11.27_1_0,2,45,0.01,0.03590086034719867,0.5013296824203745,0.20517041874352704,,True
drsr,II.11.27_1_0,2,3,0.01,0.9933057412038496,1.0016316357367234,0.14293603647914704,,True
drsr,II.11.27_1_0,2,2,0.01,0.9933057412038496,1.0016316357367234,0.14293603647914704,,True
drsr,II.11.27_1_0,2,20,0.01,0.03601069801246663,0.5002579359955163,0.20515623119585658,,True
drsr,strogatz_vdp1,2,60,0.01,1.0395359510425457e-06,3.1159818930168375e-06,0.553198770043708,,True
drsr,strogatz_vdp1,2,10,0.01,0.5225696902386534,0.800213755371016,0.15638034896754838,,True
drsr,strogatz_vdp1,2,30,0.01,0.5225696902386534,0.800213755371016,0.15638034896754838,,True
drsr,strogatz_vdp1,2,5,0.01,0.5227080339778548,0.8005041468386682,0.15637061566971522,,True
drsr,strogatz_vdp1,2,1,0.01,0.54045707040305,0.5182155207629524,0.1625974421817858,,True
drsr,strogatz_vdp1,2,45,0.01,1.2801653434565419e-06,2.614980442780434e-07,0.588402338893087,,True
drsr,strogatz_vdp1,2,3,0.01,0.5479325215024186,0.49810691871478263,0.16299822671201897,,True
drsr,strogatz_vdp1,2,2,0.01,0.5479325215024186,0.49810691871478263,0.16299822671201897,,True
drsr,strogatz_vdp1,2,20,0.01,0.5225696902386534,0.800213755371016,0.15638034896754838,,True
drsr,feynman-ii.4.23,2,60,0.01,1.3554811759812265e-08,1.727889766927037e-09,0.7367996598790404,,True
drsr,feynman-ii.4.23,2,10,0.01,1.1663446453658445e-08,2.2388641853037525e-08,0.6993980482519709,,True
drsr,feynman-ii.4.23,2,30,0.01,1.1237251453705701e-08,3.57210245736022e-09,0.7284434283498648,,True
drsr,feynman-ii.4.23,2,5,0.01,0.9999999967845843,0.9999999996471461,0.14285714291248858,,True
drsr,feynman-ii.4.23,2,1,0.01,0.9999999999093202,0.9999999999139322,0.14285714285988432,,True
drsr,feynman-ii.4.23,2,45,0.01,1.1237410157079651e-08,3.572192351486486e-09,0.7284428189701626,,True
drsr,feynman-ii.4.23,2,3,0.01,0.9999999967845843,0.9999999996471461,0.14285714291248858,,True
drsr,feynman-ii.4.23,2,2,0.01,0.9999999990732593,0.9999999990732592,0.14285714288589124,,True
drsr,feynman-ii.4.23,2,20,0.01,1.2595051746154752e-08,1.1583257283601162e-08,0.7084274764651339,,True
drsr,CRK33,-1,60,0.01,3.839198612226255e-07,0.0025307517490499587,0.46473249551401524,,True
drsr,CRK33,-1,10,0.01,8.896478846136626e-06,0.16997154342671117,0.3507287725544479,,True
drsr,CRK33,-1,30,0.01,7.984720355706834e-07,0.03751267405316804,0.4115557952074164,,True
drsr,CRK33,-1,5,0.01,8.896478846136626e-06,0.16997154342671117,0.3507287725544479,,True
drsr,CRK33,-1,1,0.01,0.00038438057405192213,0.5179551732734018,0.2750337997805214,,True
drsr,CRK33,-1,45,0.01,7.984720355706834e-07,0.03751267405316804,0.4115557952074164,,True
drsr,CRK33,-1,3,0.01,8.896478846136626e-06,0.16997154342671117,0.3507287725544479,,True
drsr,CRK33,-1,2,0.01,8.896478846136626e-06,0.16997154342671117,0.3507287725544479,,True
drsr,CRK33,-1,20,0.01,7.984720355706834e-07,0.03751267405316804,0.4115557952074164,,True
drsr,Korns-2,-1,60,0.01,1.5587307363491045,1.6563135710422978,0.1281459407305049,,True
drsr,Korns-2,-1,10,0.01,1.0967355525652134,1.2399319562226554,0.13808929374550233,,True
drsr,Korns-2,-1,30,0.01,1.1314531366170608,1.2546752819563607,0.1374225745401516,,True
drsr,Korns-2,-1,5,0.01,1.0967355525652134,1.2399319562226554,0.13808929374550233,,True
drsr,Korns-2,-1,1,0.01,1.086914785264926,1.0829739711077877,0.14032808874551334,,True
drsr,Korns-2,-1,45,0.01,1.2251448386020212,1.437492828504229,0.13407881709107217,,True
drsr,Korns-2,-1,3,0.01,1.0967355525652134,1.2399319562226554,0.13808929374550233,,True
drsr,Korns-2,-1,2,0.01,1.1436314074436915,1.1550390135825865,0.13853990259230003,,True
drsr,Korns-2,-1,20,0.01,1.0967355525652134,1.2399319562226554,0.13808929374550233,,True
drsr,Nguyen-6,-1,60,0.01,0.000398375587817342,0.10991001178088235,0.298523929581543,,True
drsr,Nguyen-6,-1,10,0.01,2.418750412799152e-05,0.007878370914251528,0.38285616142673795,,True
drsr,Nguyen-6,-1,30,0.01,0.00013058902660487877,0.8332072083843574,0.28440501059842754,,True
drsr,Nguyen-6,-1,5,0.01,8.801613347355864e-05,0.069080034710573,0.3291458988102001,,True
drsr,Nguyen-6,-1,1,0.01,4.6215625211669576e-05,0.10641497808570753,0.3324360145519557,,True
drsr,Nguyen-6,-1,45,0.01,0.000884919702844085,0.026555319267925287,0.3081765931418228,,True
drsr,Nguyen-6,-1,3,0.01,8.801613347355864e-05,0.069080034710573,0.3291458988102001,,True
drsr,Nguyen-6,-1,2,0.01,8.801613347355864e-05,0.069080034710573,0.3291458988102001,,True
drsr,Nguyen-6,-1,20,0.01,0.00013058902660487877,0.8332072083843574,0.28440501059842754,,True
drsr,feynman-bonus.20,-1,60,0.01,0.9999999455312725,0.9999999999979469,0.14285714370201286,,True
drsr,feynman-bonus.20,-1,10,0.01,0.9999999999962292,1.0,0.14285714285720136,,True
drsr,feynman-bonus.20,-1,30,0.01,0.9999999999962292,1.0,0.14285714285720136,,True
drsr,feynman-bonus.20,-1,5,0.01,0.9999999999962292,1.0,0.14285714285720136,,True
drsr,feynman-bonus.20,-1,1,0.01,2.0277300966262417e+62,6.401436782160561e+65,0.0,,True
drsr,feynman-bonus.20,-1,45,0.01,1.0000000001061387,0.9999999999999934,0.14285714285549678,,True
drsr,feynman-bonus.20,-1,3,0.01,2.0277300966262417e+62,6.401436782160561e+65,0.0,,True
drsr,feynman-bonus.20,-1,2,0.01,2.0277300966262417e+62,6.401436782160561e+65,0.0,,True
drsr,feynman-bonus.20,-1,20,0.01,0.9999999999962292,1.0,0.14285714285720136,,True
drsr,Nguyen-12,-1,60,0.01,1.0825603071921793e-05,0.004822610461477313,0.40293806131239956,,True
drsr,Nguyen-12,-1,10,0.01,1.0876963899400773e-05,0.004825664949365665,0.4028548267056208,,True
drsr,Nguyen-12,-1,30,0.01,1.0847103666712177e-05,0.004824344057670561,0.402901712015137,,True
drsr,Nguyen-12,-1,5,0.01,1.0876963899400773e-05,0.004825664949365665,0.4028548267056208,,True
drsr,Nguyen-12,-1,1,0.01,0.0021202704624278,0.04079313726670991,0.287965058214835,,True
drsr,Nguyen-12,-1,45,0.01,1.0825603071921793e-05,0.004822610461477313,0.40293806131239956,,True
drsr,Nguyen-12,-1,3,0.01,0.0021202704624278,0.04079313726670991,0.287965058214835,,True
drsr,Nguyen-12,-1,2,0.01,0.0021202704624278,0.04079313726670991,0.287965058214835,,True
drsr,Nguyen-12,-1,20,0.01,1.0876963899400773e-05,0.004825664949365665,0.4028548267056208,,True
drsr,Nguyen-9,-1,60,0.01,0.0029402207305606874,0.000189752123240621,0.3661940507326232,,True
drsr,Nguyen-9,-1,10,0.01,0.0029439987498963266,0.00018995965724728485,0.36615717862336766,,True
drsr,Nguyen-9,-1,30,0.01,0.0029402207305606874,0.000189752123240621,0.3661940507326232,,True
drsr,Nguyen-9,-1,5,0.01,0.014402260031679631,0.0014550751984048038,0.30995299692554557,,True
drsr,Nguyen-9,-1,1,0.01,0.014398951924431056,0.0014554430106307368,0.30995263976647347,,True
drsr,Nguyen-9,-1,45,0.01,0.0029402207305606874,0.000189752123240621,0.3661940507326232,,True
drsr,Nguyen-9,-1,3,0.01,0.01440115770888676,0.0014551440594533706,0.3099534501040082,,True
drsr,Nguyen-9,-1,2,0.01,0.01440115770888676,0.0014551440594533706,0.3099534501040082,,True
drsr,Nguyen-9,-1,20,0.01,0.0029402207305606874,0.000189752123240621,0.3661940507326232,,True
drsr,feynman_test_15,-1,60,0.01,0.005507794464552382,0.06630535443303648,0.2656240597806883,,True
drsr,feynman_test_15,-1,10,0.01,0.007541524365775102,0.0878836027434322,0.25637975032736093,,True
drsr,feynman_test_15,-1,30,0.01,0.005507794464552382,0.06630535443303648,0.2656240597806883,,True
drsr,feynman_test_15,-1,5,0.01,0.007541525866252376,0.08788393383899962,0.25637968880663553,,True
drsr,feynman_test_15,-1,1,0.01,0.021693966096441267,0.15010623561530875,0.23168793961080864,,True
drsr,feynman_test_15,-1,45,0.01,0.005507794464552382,0.06630535443303648,0.2656240597806883,,True
drsr,feynman_test_15,-1,3,0.01,0.021369069520401605,0.1518090391034617,0.23174702702453825,,True
drsr,feynman_test_15,-1,2,0.01,0.021693966096441267,0.15010623561530875,0.23168793961080864,,True
drsr,feynman_test_15,-1,20,0.01,0.005507794464552382,0.06630535443303648,0.2656240597806883,,True
drsr,Keijzer-2,-1,60,0.01,0.022757020984439207,7.267660912994693,0.17076749763488874,,True
drsr,Keijzer-2,-1,10,0.01,0.2625832123970732,1.6479639089837048,0.15584947666562804,,True
drsr,Keijzer-2,-1,30,0.01,0.03920421796130257,1.4899864521170063,0.18691017447838598,,True
drsr,Keijzer-2,-1,5,0.01,0.697565819353482,4.541477315103028,0.1249720592402408,,True
drsr,Keijzer-2,-1,1,0.01,0.697565819353482,4.541477315103028,0.1249720592402408,,True
drsr,Keijzer-2,-1,45,0.01,0.03920421796130257,1.4899864521170063,0.18691017447838598,,True
drsr,Keijzer-2,-1,3,0.01,0.697565819353482,4.541477315103028,0.1249720592402408,,True
drsr,Keijzer-2,-1,2,0.01,0.697565819353482,4.541477315103028,0.1249720592402408,,True
drsr,Keijzer-2,-1,20,0.01,0.03913187519350239,1.47938840571772,0.18704954034122878,,True
drsr,PO41,-1,60,0.01,0.00138356801471479,310.83459546016195,0.17353569594817336,,True
drsr,PO41,-1,10,0.01,0.0025266576422335336,3308.4052013932946,0.16419477143747457,,True
drsr,PO41,-1,30,0.01,0.00138356801471479,310.83459546016195,0.17353569594817336,,True
drsr,PO41,-1,5,0.01,0.0025266576422335336,3308.4052013932946,0.16419477143747457,,True
drsr,PO41,-1,1,0.01,0.05531959207031912,20258.0826113145,0.11632575110935894,,True
drsr,PO41,-1,45,0.01,0.00138356801471479,310.83459546016195,0.17353569594817336,,True
drsr,PO41,-1,3,0.01,0.05156433487670088,11049.877954823509,0.11741609213571785,,True
drsr,PO41,-1,2,0.01,0.05531959207031912,20258.0826113145,0.11632575110935894,,True
drsr,PO41,-1,20,0.01,0.00138356801471479,310.83459546016195,0.17353569594817336,,True
drsr,feynman-i.15.3t,-1,60,0.01,9158764095.703112,663133762.1507916,0.0,,True
drsr,feynman-i.15.3t,-1,10,0.01,1.0854569520729946e+30,9.905109652965717e+29,0.0,,True
drsr,feynman-i.15.3t,-1,30,0.01,4.816941884269151e-08,4.841438455604431e-05,0.5582947920673562,,True
drsr,feynman-i.15.3t,-1,5,0.01,151328.38558669816,83085.8709571015,0.0,,True
drsr,feynman-i.15.3t,-1,1,0.01,210941.79434132134,65043.605255272574,0.0,,True
drsr,feynman-i.15.3t,-1,45,0.01,4.816941884269151e-08,4.841438455604431e-05,0.5582947920673562,,True
drsr,feynman-i.15.3t,-1,3,0.01,151328.38558669816,83085.8709571015,0.0,,True
drsr,feynman-i.15.3t,-1,2,0.01,151328.38558669816,83085.8709571015,0.0,,True
drsr,feynman-i.15.3t,-1,20,0.01,1.0854564670542078e+30,9.905105227028541e+29,0.0,,True
drsr,BPG3,1,60,0.01,3.7383653931790206e-07,15563.954275881519,0.30097565186853215,,True
drsr,BPG3,1,10,0.01,2.8405639824412914e-06,123.19978735892725,0.26952126514236985,,True
drsr,BPG3,1,30,0.01,3.71706197974471e-07,16081.22996353423,0.301064292758854,,True
drsr,BPG3,1,5,0.01,2.8080462501303917e-06,46.18327629215568,0.28168253587159325,,True
drsr,BPG3,1,1,0.01,1.3241411102022508e-05,0.02203178755038368,0.37625057127612715,,True
drsr,BPG3,1,45,0.01,3.71706197974471e-07,16081.22996353423,0.301064292758854,,True
drsr,BPG3,1,3,0.01,2.8080462501303917e-06,46.18327629215568,0.28168253587159325,,True
drsr,BPG3,1,2,0.01,1.3241411102022508e-05,0.02203178755038368,0.37625057127612715,,True
drsr,BPG3,1,20,0.01,3.748288346373875e-07,16482.855191363957,0.30093453597569353,,True
tpsr,II.11.27_1_0,2,10,0.01,1.0092684507908076,1.4289847478864977,0.13717734674766024,73.0,True
tpsr,II.11.27_1_0,2,30,0.01,1.0044435721093767,1.3533673349026536,0.1380949559309801,118.0,True
tpsr,II.11.27_1_0,2,5,0.01,1.0092684507908076,1.4289847478864977,0.13717734674766024,73.0,True
tpsr,II.11.27_1_0,2,1,0.01,0.9054771032875447,0.9453811677424911,0.1452684135853028,59.0,True
tpsr,II.11.27_1_0,2,3,0.01,1.0092684507908076,1.4289847478864977,0.13717734674766024,73.0,True
tpsr,II.11.27_1_0,2,2,0.01,0.6585923942864756,0.7983059945451376,0.15282906780649846,59.0,True
tpsr,II.11.27_1_0,2,20,0.01,1.0044435721093767,1.3533673349026536,0.1380949559309801,118.0,True
tpsr,Keijzer-2,2,5,0.01,0.3527527450226534,0.37215166188465815,0.17435034411715689,54.0,True
tpsr,Keijzer-2,2,1,0.01,0.3612285647666165,0.3955269247847326,0.17303720934875366,54.0,True
tpsr,Keijzer-2,2,3,0.01,0.36081458288724194,0.39168407288617935,0.17320642878441977,54.0,True
tpsr,Keijzer-2,2,2,0.01,0.3608156883654118,0.3920123300995339,0.1731933878652145,54.0,True
tpsr,strogatz_shearflow1,2,1,0.01,0.4299486339043828,5.306018368798527,0.13006480991044406,34.0,True
tpsr,strogatz_shearflow1,2,2,0.01,0.3622718409266247,4.834774294264441,0.13416390062918748,34.0,True
tpsr,first_principles_leavitt,2,1,0.01,0.000268238149690535,0.0006746360743567825,0.38365749625459117,48.0,True
tpsr,first_principles_leavitt,2,2,0.01,0.00013709461107287588,0.0023102360149310467,0.37497583093745646,29.0,True
tpsr,feynman_I_27_6,-1,10,0.01,0.019242481386595893,0.2579260376458679,0.22515156208803472,51.0,True
tpsr,feynman_I_27_6,-1,5,0.01,0.02671126852736095,0.30032410943762816,0.21770411745628587,55.0,True
tpsr,feynman_I_27_6,-1,1,0.01,0.04686949178778312,0.3285394522300354,0.20759007953057845,45.0,True
tpsr,feynman_I_27_6,-1,3,0.01,0.026709393302611684,0.3005363981094906,0.21769424641500557,55.0,True
tpsr,feynman_I_27_6,-1,2,0.01,0.03210649748735232,0.26983444566801706,0.21651106002056553,55.0,True
tpsr,BPG5,-1,10,0.01,0.7392247380126505,44264.76183277248,0.0761151252844307,48.0,True
tpsr,BPG5,-1,5,0.01,0.7392247380126505,44264.76183277248,0.0761151252844307,48.0,True
tpsr,BPG5,-1,1,0.01,0.8918379230864044,1158.1631883251096,0.07320407372683224,55.0,True
tpsr,BPG5,-1,3,0.01,0.8918269332899145,1157.949692976879,0.07320426485850928,39.0,True
tpsr,BPG5,-1,2,0.01,0.8918269332899145,1157.949692976879,0.07320426485850928,39.0,True
tpsr,BPG5,-1,20,0.01,0.7392247380126505,44264.76183277248,0.0761151252844307,48.0,True
tpsr,CRK33,-1,1,0.01,0.8808673105759968,5288.442942048066,0.07339605380710579,29.0,True
tpsr,CRK33,-1,3,0.01,0.8808673105759968,5288.442942048066,0.07339605380710579,29.0,True
tpsr,CRK33,-1,2,0.01,0.8808673105759968,5288.442942048066,0.07339605380710579,29.0,True
tpsr,feynman_I_12_11,-1,10,0.01,0.8349306915199726,0.965921272007515,0.1461931372799562,65.0,True
tpsr,feynman_I_12_11,-1,5,0.01,0.8349306915199726,0.965921272007515,0.1461931372799562,65.0,True
tpsr,feynman_I_12_11,-1,1,0.01,0.8462890707314786,0.9749754059977195,0.1458388431096137,59.0,True
tpsr,feynman_I_12_11,-1,3,0.01,0.8349306915199726,0.965921272007515,0.1461931372799562,65.0,True
tpsr,feynman_I_12_11,-1,2,0.01,0.8349306915199726,0.965921272007515,0.1461931372799562,65.0,True
tpsr,feynman-i.39.22,-1,60,0.01,3.868382302854489e+51,3.4063079744230117e+58,0.0,199.0,True
tpsr,feynman-i.39.22,-1,10,0.01,4.477151471187685e+94,3.794215232449257e+102,0.0,84.0,True
tpsr,feynman-i.39.22,-1,30,0.01,1.9583685408200855e+52,1.7244434120516492e+59,0.0,199.0,True
tpsr,feynman-i.39.22,-1,5,0.01,1.8825150243851468e+140,1.496168911543013e+158,0.0,98.0,True
tpsr,feynman-i.39.22,-1,1,0.01,1.8825150243851468e+140,1.496168911543013e+158,0.0,98.0,True
tpsr,feynman-i.39.22,-1,45,0.01,3.868382302854489e+51,3.4063079744230117e+58,0.0,199.0,True
tpsr,feynman-i.39.22,-1,3,0.01,1.8825150243851468e+140,1.496168911543013e+158,0.0,98.0,True
tpsr,feynman-i.39.22,-1,2,0.01,1.8825150243851468e+140,1.496168911543013e+158,0.0,98.0,True
tpsr,feynman-i.39.22,-1,20,0.01,1.9583685408200855e+52,1.7244434120516492e+59,0.0,199.0,True
tpsr,CRK34,-1,1,0.01,0.9227492784825675,1815.1059902032016,0.0726755816327262,29.0,True
tpsr,CRK34,-1,3,0.01,0.9227492784825675,1815.1059902032016,0.0726755816327262,29.0,True
tpsr,CRK34,-1,2,0.01,0.9227492784825675,1815.1059902032016,0.0726755816327262,29.0,True
tpsr,Keijzer-11,-1,1,0.01,0.27995991541349274,0.2031545297331904,0.1873242012910059,52.0,True
tpsr,Keijzer-11,-1,3,0.01,0.27039736922405944,0.23939010303776198,0.1853175480866227,58.0,True
tpsr,Keijzer-11,-1,2,0.01,0.2751665686504517,0.24080325909795744,0.1849550704047216,52.0,True
tpsr,feynman-iii.7.38,1,10,0.01,0.999965439718791,1.0000000447704995,0.14285767821982898,36.0,True
tpsr,feynman-iii.7.38,1,5,0.01,0.9999929813866341,1.000000016311672,0.14285725146684586,40.0,True
tpsr,feynman-iii.7.38,1,1,0.01,0.999036249161626,1.0000275191305934,0.14287167150886992,48.0,True
tpsr,feynman-iii.7.38,1,3,0.01,1.0017135132821675,1.0000630190319517,0.14282961069735894,44.0,True
tpsr,feynman-iii.7.38,1,2,0.01,1.0017135132821675,1.0000630190319517,0.14282961069735894,44.0,True
tpsr,CRK34,1,5,0.01,0.9227242966091017,1816.6395421319507,0.07267600155938742,21.0,True
tpsr,CRK34,1,1,0.01,0.9227401107516969,1816.4305762310316,0.07267573573412422,29.0,True
tpsr,CRK34,1,3,0.01,0.9227401107516969,1816.4305762310316,0.07267573573412422,29.0,True
tpsr,CRK34,1,2,0.01,0.9227401107516969,1816.4305762310316,0.07267573573412422,29.0,True
tpsr,strogatz_barmag2,1,10,0.01,0.8246461234895944,1.1447452583727658,0.14375084017502998,108.0,True
tpsr,strogatz_barmag2,1,5,0.01,1.187455096858083,5.881809432671728,0.1127097090915839,134.0,True
tpsr,strogatz_barmag2,1,1,0.01,1.187455096858083,5.881809432671728,0.1127097090915839,134.0,True
tpsr,strogatz_barmag2,1,3,0.01,1.187455096858083,5.881809432671728,0.1127097090915839,134.0,True
tpsr,strogatz_barmag2,1,2,0.01,1.187455096858083,5.881809432671728,0.1127097090915839,134.0,True
tpsr,strogatz_barmag2,1,20,0.01,0.7116998264750353,1.6958844985324262,0.13993953105688434,108.0,True
tpsr,CRK33,1,1,0.01,0.8808344503131583,5283.901028130435,0.07339663242907657,29.0,True
tpsr,CRK33,1,3,0.01,0.8808591143466074,5284.7142535344465,0.07339619812889747,25.0,True
tpsr,CRK33,1,2,0.01,0.8808344503131583,5283.901028130435,0.07339663242907657,29.0,True
tpsr,feynman_I_27_6,1,10,0.01,0.17479087056786902,0.47394036916362176,0.18149134114567306,53.0,True
tpsr,feynman_I_27_6,1,5,0.01,0.17479087056786902,0.47394036916362176,0.18149134114567306,53.0,True
tpsr,feynman_I_27_6,1,1,0.01,0.17477984259464927,0.4739183547002926,0.18149304025016794,54.0,True
tpsr,feynman_I_27_6,1,3,0.01,0.17479087056786902,0.47394036916362176,0.18149134114567306,53.0,True
tpsr,feynman_I_27_6,1,2,0.01,0.1747798427625983,0.4739183552278285,0.18149304021799828,50.0,True
tpsr,Keijzer-2,1,5,0.01,0.5316389807505861,0.1646997415348675,0.1806317952022254,68.0,True
tpsr,Keijzer-2,1,1,0.01,0.8983764525773393,1.5422333456990196,0.13779969824479715,45.0,True
tpsr,Keijzer-2,1,3,0.01,0.5728636939004498,0.24400493356427863,0.1733767890523868,59.0,True
tpsr,Keijzer-2,1,2,0.01,0.6152848881598479,0.32207707378646816,0.16796299784151691,45.0,True
tpsr,feynman-ii.34.2a,1,10,0.01,0.7635598521811702,1.1206749231450923,0.14527418788457935,68.0,True
tpsr,feynman-ii.34.2a,1,5,0.01,1.0069883404862991,1.000025708290724,0.14274872832547952,68.0,True
tpsr,feynman-ii.34.2a,1,3,0.01,0.9974694902216811,0.9997922695504637,0.1428996644586037,68.0,True
tpsr,feynman-ii.34.2a,1,2,0.01,304183056637.4516,9744943967.129208,0.0,69.0,True
tpsr,feynman-ii.34.2a,1,20,0.01,0.7429220747960976,1.1667948160101291,0.145073651648157,68.0,True
llmsr,feynman-ii.34.11,2,60,0.01,0.8676455498886569,19.68164412389929,0.09884272434139751,,True
llmsr,feynman-ii.34.11,2,10,0.01,1.0,1.0,0.1428571428571429,,True
llmsr,feynman-ii.34.11,2,30,0.01,5.758083077926062e+74,1.6979707375819853e+76,0.0,,True
llmsr,feynman-ii.34.11,2,5,0.01,1.0,1.0,0.1428571428571429,,True
llmsr,feynman-ii.34.11,2,1,0.01,3.786808878355926e+52,3.484156506652074e+55,0.0,,True
llmsr,feynman-ii.34.11,2,45,0.01,0.8676455498886569,19.68164412389929,0.09884272434139751,,True
llmsr,feynman-ii.34.11,2,3,0.01,1.0,1.0,0.1428571428571429,,True
llmsr,feynman-ii.34.11,2,2,0.01,3.786808878355926e+52,3.484156506652074e+55,0.0,,True
llmsr,feynman-ii.34.11,2,20,0.01,5.758083077926062e+74,1.6979707375819853e+76,0.0,,True
llmsr,feynman_II_15_4,2,60,0.01,1.8580539545950204e-08,2.898367761637259e-08,0.6881710067354949,,True
llmsr,feynman_II_15_4,2,10,0.01,1.2129993305538829e-08,1.2262297288474352e-07,0.6724131284934234,,True
llmsr,feynman_II_15_4,2,30,0.01,1.8580539545950204e-08,2.898367761637259e-08,0.6881710067354949,,True
llmsr,feynman_II_15_4,2,5,0.01,9.9325254180309e-09,3.7721108339512986e-08,0.6937984239279162,,True
llmsr,feynman_II_15_4,2,1,0.01,9.496667589119081e-09,3.1672988694080844e-08,0.6972049899121144,,True
llmsr,feynman_II_15_4,2,45,0.01,1.8580539545950204e-08,2.898367761637259e-08,0.6881710067354949,,True
llmsr,feynman_II_15_4,2,3,0.01,9.496667589119081e-09,3.1672988694080844e-08,0.6972049899121144,,True
llmsr,feynman_II_15_4,2,2,0.01,9.496667589119081e-09,3.1672988694080844e-08,0.6972049899121144,,True
llmsr,feynman_II_15_4,2,20,0.01,1.8580539545950204e-08,2.898367761637259e-08,0.6881710067354949,,True
llmsr,feynman-i.43.31,2,60,0.01,0.4085548242313558,0.4085548242313558,0.1706249754977608,,True
llmsr,feynman-i.43.31,2,30,0.01,0.7992534463859279,0.9312102568045851,0.1474381332681422,,True
llmsr,feynman-i.43.31,2,1,0.01,0.8120234549592881,0.9316855036841024,0.1471843602825662,,True
llmsr,feynman-i.43.31,2,45,0.01,0.4085548242313558,0.4085548242313558,0.1706249754977608,,True
llmsr,strogatz_shearflow1,2,60,0.01,0.0538791888998441,4.548225337607303,0.16466917776877682,,True
llmsr,strogatz_shearflow1,2,10,0.01,0.5009606357353915,5.092070458783978,0.12833221408048684,,True
llmsr,strogatz_shearflow1,2,30,0.01,0.0538791888998441,4.548225337607303,0.16466917776877682,,True
llmsr,strogatz_shearflow1,2,5,0.01,0.42936406005229827,14.468255524609312,0.11452707645617055,,True
llmsr,strogatz_shearflow1,2,1,0.01,0.655317096162322,4.15111771808435,0.127335123303855,,True
llmsr,strogatz_shearflow1,2,45,0.01,0.0538791888998441,4.548225337607303,0.16466917776877682,,True
llmsr,strogatz_shearflow1,2,3,0.01,0.7167555242733746,1.2135073862569699,0.1450209473935602,,True
llmsr,strogatz_shearflow1,2,2,0.01,0.7167555242733746,1.2135073862569699,0.1450209473935602,,True
llmsr,strogatz_shearflow1,2,20,0.01,0.5009606357353915,5.092070458783978,0.12833221408048684,,True
llmsr,III.21.20_3_0,2,60,0.01,0.10217947298077926,0.21063043131931977,0.20239697230570525,,True
llmsr,III.21.20_3_0,2,10,0.01,0.18210965362549117,0.12086132995268137,0.2020492736702082,,True
llmsr,III.21.20_3_0,2,30,0.01,0.12755103484596136,0.20327845633789351,0.19950802355105024,,True
llmsr,III.21.20_3_0,2,5,0.01,0.19364115815434083,0.11194530824412552,0.20228558685785952,,True
llmsr,III.21.20_3_0,2,1,0.01,0.19364115815434083,0.11194530824412552,0.20228558685785952,,True
llmsr,III.21.20_3_0,2,45,0.01,0.10217947298077926,0.21063043131931977,0.20239697230570525,,True
llmsr,III.21.20_3_0,2,3,0.01,0.19364115815434083,0.11194530824412552,0.20228558685785952,,True
llmsr,III.21.20_3_0,2,2,0.01,0.19364115815434083,0.11194530824412552,0.20228558685785952,,True
llmsr,III.21.20_3_0,2,20,0.01,0.1646531793257234,0.12229850945034901,0.2034288826787643,,True
llmsr,MatSci21,-1,60,0.01,9.608849599635183e-07,3.0694657817581895e-05,0.5189380645717471,,True
llmsr,MatSci21,-1,10,0.01,7.591554276796726e-06,6.588450117037196e-05,0.4750316441591769,,True
llmsr,MatSci21,-1,30,0.01,9.608849599635183e-07,3.0694657817581895e-05,0.5189380645717471,,True
llmsr,MatSci21,-1,5,0.01,7.591554276796726e-06,6.588450117037196e-05,0.4750316441591769,,True
llmsr,MatSci21,-1,1,0.01,0.0009974643257105605,0.007254012491737796,0.3264472974562908,,True
llmsr,MatSci21,-1,45,0.01,9.608849599635183e-07,3.0694657817581895e-05,0.5189380645717471,,True
llmsr,MatSci21,-1,3,0.01,8.416083526697839e-05,6.15443823949999e-05,0.43877505518208565,,True
llmsr,MatSci21,-1,2,0.01,0.0009974643257105605,0.007254012491737796,0.3264472974562908,,True
llmsr,MatSci21,-1,20,0.01,9.608849599635183e-07,3.0694657817581895e-05,0.5189380645717471,,True
llmsr,BPG5,-1,60,0.01,7.094528766134597e-08,0.023437744883339048,0.45639859368968166,,True
llmsr,BPG5,-1,10,0.01,1.536957804236666e-07,0.00603798000388255,0.46544451375235163,,True
llmsr,BPG5,-1,30,0.01,2.8898576999423414e-07,0.0019975881337438777,0.4728077711565296,,True
llmsr,BPG5,-1,5,0.01,9.187323280856845e-08,0.0016653364649642237,0.4934038932093951,,True
llmsr,BPG5,-1,1,0.01,0.5339052777516242,1081.2688586176869,0.08116199235858002,,True
llmsr,BPG5,-1,45,0.01,7.094528766134597e-08,0.023437744883339048,0.45639859368968166,,True
llmsr,BPG5,-1,3,0.01,9.187323280856845e-08,0.0016653364649642237,0.4934038932093951,,True
llmsr,BPG5,-1,2,0.01,9.187323280856845e-08,0.0016653364649642237,0.4934038932093951,,True
llmsr,BPG5,-1,20,0.01,2.8898576999423414e-07,0.0019975881337438777,0.4728077711565296,,True
llmsr,BPG3,-1,60,0.01,8.118103595642144e-07,540.2406056586098,0.28894805039012694,,True
llmsr,BPG3,-1,10,0.01,0.0007482971454565937,3790592.0819363426,0.18306878255304487,,True
llmsr,BPG3,-1,30,0.01,8.114466976712322e-07,595.0885663144331,0.28895500010165814,,True
llmsr,BPG3,-1,5,0.01,0.009080776654732111,32439188.99831712,0.14435275020841926,,True
llmsr,BPG3,-1,1,0.01,0.009080776654732111,32439188.99831712,0.14435275020841926,,True
llmsr,BPG3,-1,45,0.01,8.114466976712322e-07,595.0885663144331,0.28895500010165814,,True
llmsr,BPG3,-1,3,0.01,0.009080776654732111,32439188.99831712,0.14435275020841926,,True
llmsr,BPG3,-1,2,0.01,0.009080776654732111,32439188.99831712,0.14435275020841926,,True
llmsr,BPG3,-1,20,0.01,0.0007482971454565937,3790592.0819363426,0.18306878255304487,,True
llmsr,Korns-4,-1,60,0.01,2.859779803125824e-08,3.3424773779677516e-08,0.6792713903107719,,True
llmsr,Korns-4,-1,10,0.01,2.859779803125824e-08,3.3424773779677516e-08,0.6792713903107719,,True
llmsr,Korns-4,-1,30,0.01,2.859779803125824e-08,3.3424773779677516e-08,0.6792713903107719,,True
llmsr,Korns-4,-1,5,0.01,2.859779803125824e-08,3.3424773779677516e-08,0.6792713903107719,,True
llmsr,Korns-4,-1,1,0.01,2.859779803125824e-08,3.3424773779677516e-08,0.6792713903107719,,True
llmsr,Korns-4,-1,45,0.01,2.859779803125824e-08,3.3424773779677516e-08,0.6792713903107719,,True
llmsr,Korns-4,-1,3,0.01,2.859779803125824e-08,3.3424773779677516e-08,0.6792713903107719,,True
llmsr,Korns-4,-1,2,0.01,2.859779803125824e-08,3.3424773779677516e-08,0.6792713903107719,,True
llmsr,Korns-4,-1,20,0.01,2.859779803125824e-08,3.3424773779677516e-08,0.6792713903107719,,True
llmsr,BPG9,-1,60,0.01,4.035167527469446e-07,0.00040571583099008237,0.49235415985232356,,True
llmsr,BPG9,-1,10,0.01,1.0066449470400394e-06,6.56584515729111e-06,0.5421368944852596,,True
llmsr,BPG9,-1,30,0.01,4.035167527469446e-07,0.00040571583099008237,0.49235415985232356,,True
llmsr,BPG9,-1,5,0.01,1.0066449470400394e-06,6.56584515729111e-06,0.5421368944852596,,True
llmsr,BPG9,-1,1,0.01,0.019170143953473523,17.697086022515464,0.15962403085560556,,True
llmsr,BPG9,-1,45,0.01,4.035167527469446e-07,0.00040571583099008237,0.49235415985232356,,True
llmsr,BPG9,-1,3,0.01,0.019170143953473523,17.697086022515464,0.15962403085560556,,True
llmsr,BPG9,-1,2,0.01,0.019170143953473523,17.697086022515464,0.15962403085560556,,True
llmsr,BPG9,-1,20,0.01,4.035167527469446e-07,0.00040571583099008237,0.49235415985232356,,True
llmsr,II.6.15b_3_0,-1,60,0.01,0.05374540990779142,0.11963499384737836,0.2211357281742295,,True
llmsr,II.6.15b_3_0,-1,10,0.01,0.16053861120186683,0.20940791808016498,0.19547954997422706,,True
llmsr,II.6.15b_3_0,-1,30,0.01,0.11150096152016457,0.41746712193740976,0.1904321110588023,,True
llmsr,II.6.15b_3_0,-1,5,0.01,0.21863037528723786,0.30483177948728785,0.18486533065736072,,True
llmsr,II.6.15b_3_0,-1,1,0.01,0.21863037528723786,0.30483177948728785,0.18486533065736072,,True
llmsr,II.6.15b_3_0,-1,45,0.01,0.09903800692102502,0.04354958735507676,0.22732907370885247,,True
llmsr,II.6.15b_3_0,-1,3,0.01,0.21863037528723786,0.30483177948728785,0.18486533065736072,,True
llmsr,II.6.15b_3_0,-1,2,0.01,0.21863037528723786,0.30483177948728785,0.18486533065736072,,True
llmsr,II.6.15b_3_0,-1,20,0.01,0.1109504159428514,0.27641251077591306,0.19690404890859547,,True
llmsr,II.34.2_1_0,-1,60,0.01,0.015352974559349562,0.0972337660462267,0.24378537009317586,,True
llmsr,II.34.2_1_0,-1,10,0.01,0.03361239672890764,0.318872075509383,0.21321014394759363,,True
llmsr,II.34.2_1_0,-1,30,0.01,0.03361239672890764,0.318872075509383,0.21321014394759363,,True
llmsr,II.34.2_1_0,-1,5,0.01,0.03361239672890764,0.318872075509383,0.21321014394759363,,True
llmsr,II.34.2_1_0,-1,1,0.01,0.14548242740949263,0.5797978797678401,0.18121117279910703,,True
llmsr,II.34.2_1_0,-1,45,0.01,0.015352974559349562,0.0972337660462267,0.24378537009317586,,True
llmsr,II.34.2_1_0,-1,3,0.01,0.09822246523431499,0.3002603680202458,0.19751039847757462,,True
llmsr,II.34.2_1_0,-1,2,0.01,0.09822246523431499,0.3002603680202458,0.19751039847757462,,True
llmsr,II.34.2_1_0,-1,20,0.01,0.03361239672890764,0.318872075509383,0.21321014394759363,,True
llmsr,Keijzer-11,-1,60,0.01,4.631520345430805,5.179973159227641,0.09356960408711773,,True
llmsr,Keijzer-11,-1,10,0.01,4.631520345430805,5.179973159227641,0.09356960408711773,,True
llmsr,Keijzer-11,-1,30,0.01,4.631520345430805,5.179973159227641,0.09356960408711773,,True
llmsr,Keijzer-11,-1,5,0.01,1.5285797125891742,1.7761535257554324,0.1273654073724781,,True
llmsr,Keijzer-11,-1,1,0.01,0.06120802003390624,0.027236789940504123,0.24207270526761981,,True
llmsr,Keijzer-11,-1,45,0.01,4.631520345430805,5.179973159227641,0.09356960408711773,,True
llmsr,Keijzer-11,-1,3,0.01,0.06120802003390624,0.027236789940504123,0.24207270526761981,,True
llmsr,Keijzer-11,-1,2,0.01,0.06120802003390624,0.027236789940504123,0.24207270526761981,,True
llmsr,Keijzer-11,-1,20,0.01,4.631520345430805,5.179973159227641,0.09356960408711773,,True
llmsr,feynman-ii.27.18,-1,60,0.01,1.0,1.0,0.1428571428571429,,True
llmsr,feynman-ii.27.18,-1,10,0.01,13614.132037517387,5480.405960734794,0.0,,True
llmsr,feynman-ii.27.18,-1,30,0.01,1.0,1.0,0.1428571428571429,,True
llmsr,feynman-ii.27.18,-1,5,0.01,13614.132037517387,5480.405960734794,0.0,,True
llmsr,feynman-ii.27.18,-1,1,0.01,13614.132037517387,5480.405960734794,0.0,,True
llmsr,feynman-ii.27.18,-1,45,0.01,1.0,1.0,0.1428571428571429,,True
llmsr,feynman-ii.27.18,-1,3,0.01,13614.132037517387,5480.405960734794,0.0,,True
llmsr,feynman-ii.27.18,-1,2,0.01,13614.132037517387,5480.405960734794,0.0,,True
llmsr,feynman-ii.27.18,-1,20,0.01,13614.132037517387,5480.405960734794,0.0,,True
llmsr,first_principles_hubble,-1,60,0.01,0.32946626012627134,0.19328917075782057,0.18557076896448016,,True
llmsr,first_principles_hubble,-1,10,0.01,1.148332513349707,408.4233814382338,0.06928329780679404,,True
llmsr,first_principles_hubble,-1,30,0.01,0.14980451564553468,0.09370773156296186,0.20902498823056548,,True
llmsr,first_principles_hubble,-1,5,0.01,0.038967250568229785,0.12026048110587553,0.2260420463906168,,True
llmsr,first_principles_hubble,-1,1,0.01,0.023210333836482785,0.12192882325129538,0.2338647225215199,,True
llmsr,first_principles_hubble,-1,45,0.01,0.14980451564553468,0.09370773156296186,0.20902498823056548,,True
llmsr,first_principles_hubble,-1,3,0.01,0.023210333836482785,0.12192882325129538,0.2338647225215199,,True
llmsr,first_principles_hubble,-1,2,0.01,0.023210333836482785,0.12192882325129538,0.2338647225215199,,True
llmsr,first_principles_hubble,-1,20,0.01,0.11702920629791781,0.10499985657466716,0.2110898940906532,,True
llmsr,feynman-i.15.3t,1,60,0.01,1.085317757047916e+30,9.903839457971882e+29,0.0,,True
llmsr,feynman-i.15.3t,1,30,0.01,1.085364007602319e+30,9.904261507701259e+29,0.0,,True
llmsr,feynman-i.15.3t,1,1,0.01,34045530611749.08,35948372678505.305,0.0,,True
llmsr,feynman-i.15.3t,1,45,0.01,1.085364007602319e+30,9.904261507701259e+29,0.0,,True
llmsr,feynman-i.15.3t,1,3,0.01,1035251133.8784496,77461314.8131946,0.0,,True
llmsr,feynman-i.15.3t,1,2,0.01,1035251133.8784496,77461314.8131946,0.0,,True
llmsr,feynman-bonus.20,1,1,0.01,1.0,1.0,0.1428571428571429,,True
llmsr,II.6.15b_3_0,1,60,0.01,0.1573837187846305,3.7367436881550846,0.15109096026585683,,True
llmsr,II.6.15b_3_0,1,10,0.01,0.16477946818333178,4.017113884637515,0.1492565271086197,,True
llmsr,II.6.15b_3_0,1,30,0.01,0.15738094002452194,3.736655793275695,0.15109159896062585,,True
llmsr,II.6.15b_3_0,1,5,0.01,0.16363653130212488,0.304862582923038,0.18935770036546157,,True
llmsr,II.6.15b_3_0,1,1,0.01,0.20154742488761593,0.04125760123012666,0.2171470990141457,,True
llmsr,II.6.15b_3_0,1,45,0.01,0.1573837187846305,3.7367436881550846,0.15109096026585683,,True
llmsr,II.6.15b_3_0,1,3,0.01,0.16363653130212488,0.304862582923038,0.18935770036546157,,True
llmsr,II.6.15b_3_0,1,2,0.01,0.20154742488761593,0.04125760123012666,0.2171470990141457,,True
llmsr,II.6.15b_3_0,1,20,0.01,0.15974273432919425,3.712409933305135,0.15096153428364795,,True
llmsr,MatSci21,1,60,0.01,0.04446818805542923,0.07057882060201554,0.23225986319702174,,True
llmsr,MatSci21,1,10,0.01,0.04446818805542923,0.07057882060201554,0.23225986319702174,,True
llmsr,MatSci21,1,30,0.01,0.04446818805542923,0.07057882060201554,0.23225986319702174,,True
llmsr,MatSci21,1,5,0.01,0.04446818805542923,0.07057882060201554,0.23225986319702174,,True
llmsr,MatSci21,1,1,0.01,0.04449163557711603,0.06975400801651674,0.2324340164908233,,True
llmsr,MatSci21,1,45,0.01,0.04446818805542923,0.07057882060201554,0.23225986319702174,,True
llmsr,MatSci21,1,3,0.01,0.04446818805542923,0.07057882060201554,0.23225986319702174,,True
llmsr,MatSci21,1,2,0.01,0.04446818805542923,0.07057882060201554,0.23225986319702174,,True
llmsr,MatSci21,1,20,0.01,0.04446818805542923,0.07057882060201554,0.23225986319702174,,True
llmsr,BPG5,1,60,0.01,3.201302713145951e-07,0.0039625943209446,0.46059620158998194,,True
llmsr,BPG5,1,10,0.01,1.0057406540555127e-07,0.0054538265481750715,0.47360045260019557,,True
llmsr,BPG5,1,30,0.01,1.0057406540555127e-07,0.0054538265481750715,0.47360045260019557,,True
llmsr,BPG5,1,5,0.01,1.0057406540555127e-07,0.0054538265481750715,0.47360045260019557,,True
llmsr,BPG5,1,1,0.01,11.297107716165998,268415.6858760343,0.033822597510513475,,True
llmsr,BPG5,1,45,0.01,1.0057406540555127e-07,0.0054538265481750715,0.47360045260019557,,True
llmsr,BPG5,1,3,0.01,11.303616665584189,268684.4558501692,0.03381366353361426,,True
llmsr,BPG5,1,2,0.01,11.297107716165998,268415.6858760343,0.033822597510513475,,True
llmsr,BPG5,1,20,0.01,1.0057406540555127e-07,0.0054538265481750715,0.47360045260019557,,True
e2esr,strogatz_shearflow1,2,1,0.01,0.9865895992510415,272780.96645212895,0.07163798097270052,47.0,True
e2esr,II.11.27_1_0,2,10,0.01,0.9979872555388957,1.0004311115405704,0.14288170770259556,87.0,True
e2esr,II.11.27_1_0,2,30,0.01,0.9979872555388957,1.0004311115405704,0.14288170770259556,87.0,True
e2esr,II.11.27_1_0,2,5,0.01,2.0519686819052136,1.0610027918859335,0.13078974090080542,36.0,True
e2esr,II.11.27_1_0,2,1,0.01,0.9978676915400084,10.388095466295098,0.10658539665665329,45.0,True
e2esr,II.11.27_1_0,2,45,0.01,0.9979872555388957,1.0004311115405704,0.14288170770259556,87.0,True
e2esr,II.11.27_1_0,2,3,0.01,0.9976382768147244,1.0003933636545879,0.14288771765623187,34.0,True
e2esr,II.11.27_1_0,2,2,0.01,0.998029808826956,1.0005440480939283,0.14287929551137318,34.0,True
e2esr,II.11.27_1_0,2,20,0.01,0.9979872555388957,1.0004311115405704,0.14288170770259556,87.0,True
e2esr,Keijzer-2,2,1,0.01,0.21888936505924256,0.01873734123484156,0.22810954901806424,29.0,True
e2esr,first_principles_leavitt,2,1,0.01,0.0008373031305791825,0.001449363846232802,0.3541407093280908,24.0,True
e2esr,BPG5,-1,5,0.01,0.07724785024441476,558.2734951242311,0.1111469142091982,70.0,True
e2esr,BPG5,-1,1,0.01,106.4052912878787,1861822.808201033,0.0,25.0,True
e2esr,BPG5,-1,3,0.01,78847.14229334897,1110913925.3947175,0.0,27.0,True
e2esr,BPG5,-1,2,0.01,131.66221635359696,2154287.7917472664,0.0,25.0,True
e2esr,feynman-i.39.22,-1,5,0.01,7.2642640343944895e+56,4.4542160768316354e+58,0.0,49.0,True
e2esr,feynman-i.39.22,-1,1,0.01,4.287690102527359e+87,8.341185830413946e+94,0.0,48.0,True
e2esr,feynman-i.39.22,-1,3,0.01,7.367151264434929e+108,1.7955051891804837e+118,0.0,39.0,True
e2esr,feynman-i.39.22,-1,2,0.01,7.076227407741565e+54,5.6227404339396154e+57,0.0,49.0,True
e2esr,feynman_I_12_11,-1,5,0.01,0.0010403624896878315,0.002571018791615108,0.3418825022778515,54.0,True
e2esr,feynman_I_12_11,-1,1,0.01,72.97264424758613,39.722070215515224,0.019207430055044328,34.0,True
e2esr,feynman_I_12_11,-1,3,0.01,68.68850377969378,37.89227855214602,0.020877329371773,34.0,True
e2esr,feynman_I_12_11,-1,2,0.01,70.56636868785834,25.69762067996116,0.026482475583250897,34.0,True
e2esr,Keijzer-11,-1,1,0.01,47082.88202312322,18.38371119108453,0.026270243263846638,74.0,True
e2esr,CRK33,-1,60,0.01,1960.1730256886,600503432.6533056,0.0,43.0,True
e2esr,CRK33,-1,10,0.01,1960.1730256886,600503432.6533056,0.0,43.0,True
e2esr,CRK33,-1,30,0.01,1960.1730256886,600503432.6533056,0.0,43.0,True
e2esr,CRK33,-1,5,0.01,1960.1730256886,600503432.6533056,0.0,43.0,True
e2esr,CRK33,-1,1,0.01,386.63775611359154,73579148.52962501,0.0,16.0,True
e2esr,CRK33,-1,45,0.01,1960.1730256886,600503432.6533056,0.0,43.0,True
e2esr,CRK33,-1,3,0.01,715.0283301515549,135452512.71555254,0.0,17.0,True
e2esr,CRK33,-1,2,0.01,543.6435998949219,102960923.04788315,0.0,22.0,True
e2esr,CRK33,-1,20,0.01,1960.1730256886,600503432.6533056,0.0,43.0,True
e2esr,CRK34,-1,5,0.01,0.004029345585637063,18.829542437492258,0.1828544898612786,52.0,True
e2esr,CRK34,-1,1,0.01,893.0018383853679,108071473.15852252,0.0,16.0,True
e2esr,CRK34,-1,3,0.01,606.6657071887282,72189671.72454743,0.0,27.0,True
e2esr,CRK34,-1,2,0.01,841.4131170656577,101773904.8681204,0.0,22.0,True
e2esr,feynman_I_27_6,-1,5,0.01,0.004260791607026466,0.03912209020975499,0.27778884486506833,42.0,True
e2esr,feynman_I_27_6,-1,1,0.01,0.17009038363953197,0.3705147914582106,0.1857326674645436,32.0,True
e2esr,feynman_I_27_6,-1,3,0.01,0.16274799718255925,0.3683730348633186,0.18650701840009448,32.0,True
e2esr,feynman_I_27_6,-1,2,0.01,0.19537514905195297,0.3842372250103393,0.18301897287548036,32.0,True
e2esr,Keijzer-2,1,1,0.01,0.34777589529692826,0.48473211001216826,0.1704713833259594,77.0,True
e2esr,Keijzer-2,1,2,0.01,0.34777589529692826,0.48473211001216826,0.1704713833259594,77.0,True
e2esr,CRK10,1,5,0.01,460.3035328170957,38517554.65303833,0.0,22.0,True
e2esr,CRK10,1,1,0.01,468.00205045323696,38930602.6422818,0.0,22.0,True
e2esr,CRK10,1,3,0.01,581.8284705829366,47768936.17452486,0.0,22.0,True
e2esr,CRK10,1,2,0.01,503.8736606996141,41963844.24694909,0.0,22.0,True
e2esr,feynman_test_15,1,5,0.01,8889.668461574634,363847.30239913246,0.0,33.0,True
e2esr,feynman_test_15,1,1,0.01,7846.456184561726,54253.745181071026,0.0,33.0,True
e2esr,feynman_test_15,1,3,0.01,300301464.44362384,16007267780.822699,0.0,33.0,True
e2esr,feynman_test_15,1,2,0.01,879749483.6675937,46892090546.987495,0.0,33.0,True
e2esr,feynman-ii.34.2a,1,10,0.01,371865.5467858344,11907.3193318161,0.0,43.0,True
e2esr,feynman-ii.34.2a,1,5,0.01,43896331.04430367,1406209.2552122667,0.0,43.0,True
e2esr,feynman-ii.34.2a,1,3,0.01,17920387.231881775,574058.9019001821,0.0,46.0,True
e2esr,feynman-ii.34.2a,1,2,0.01,9.836339513131e+18,9.231041847104838e+18,0.0,43.0,True
e2esr,strogatz_predprey2,1,5,0.01,0.08582459884904045,0.1559630922010703,0.20976308502452262,24.0,True
e2esr,strogatz_predprey2,1,3,0.01,0.08582459884904045,0.1559630922010703,0.20976308502452262,24.0,True
e2esr,strogatz_predprey2,1,2,0.01,0.08582459884904045,0.1559630922010703,0.20976308502452262,24.0,True
e2esr,strogatz_vdp1,1,5,0.01,0.6050698138604069,1.3017737740058688,0.1465592498237624,80.0,True
e2esr,strogatz_vdp1,1,3,0.01,0.6050698138604069,1.3017737740058688,0.1465592498237624,80.0,True
e2esr,strogatz_vdp1,1,2,0.01,1.183557771224637,1.0315443849151966,0.13976152211710058,36.0,True
e2esr,feynman_I_27_6,1,60,0.01,,,0.0,33.0,False
e2esr,feynman_I_27_6,1,10,0.01,,,0.0,33.0,False
e2esr,feynman_I_27_6,1,30,0.01,,,0.0,33.0,False
e2esr,feynman_I_27_6,1,5,0.01,0.11183045217143761,0.321503228046785,0.19443766361711434,27.0,True
e2esr,feynman_I_27_6,1,1,0.01,0.11405785410806032,0.32182924967633714,0.1941160461001606,27.0,True
e2esr,feynman_I_27_6,1,45,0.01,,,0.0,33.0,False
e2esr,feynman_I_27_6,1,3,0.01,0.16916634593730767,0.35543053223250887,0.1864618321302257,32.0,True
e2esr,feynman_I_27_6,1,2,0.01,0.2099263568725476,0.43382702443864735,0.1800220153201359,32.0,True
e2esr,feynman_I_27_6,1,20,0.01,,,0.0,33.0,False
udsr,strogatz_shearflow1,2,10,0.01,0.012124540337701328,90.81484346238916,0.14136349566367656,32.0,True
udsr,strogatz_shearflow1,2,30,0.01,0.0073331978345569865,7.335707556487897,0.1881880210338065,27.0,True
udsr,strogatz_shearflow1,2,5,0.01,0.032353134567505805,76.98959526792426,0.1287018428327597,30.0,True
udsr,strogatz_shearflow1,2,1,0.01,0.3558513640868032,201.48541725654644,0.08745469160895242,44.0,True
udsr,strogatz_shearflow1,2,45,0.01,0.0014240417319536511,1.8428509589281912,0.23503525251544594,26.0,True
udsr,strogatz_shearflow1,2,3,0.01,0.12257445149549134,80.29010486538338,0.10739064344101057,43.0,True
udsr,strogatz_shearflow1,2,2,0.01,0.3558513640868032,201.48541725654644,0.08745469160895242,44.0,True
udsr,strogatz_shearflow1,2,20,0.01,0.0073331978345569865,7.335707556487897,0.1881880210338065,27.0,True
udsr,first_principles_leavitt,2,10,0.01,0.00015759347832509314,0.000896982214799352,0.3874884973864922,27.0,True
udsr,first_principles_leavitt,2,30,0.01,0.00015759347832509314,0.000896982214799352,0.3874884973864922,27.0,True
udsr,first_principles_leavitt,2,5,0.01,0.00028059996993644965,0.0009201376537059149,0.3781449848804424,32.0,True
udsr,first_principles_leavitt,2,1,0.01,0.00028268950320728967,0.0009985132151240515,0.376762017869133,32.0,True
udsr,first_principles_leavitt,2,45,0.01,0.00015759347832509314,0.000896982214799352,0.3874884973864922,27.0,True
udsr,first_principles_leavitt,2,3,0.01,0.00027770818198921964,0.00029440652587397266,0.39598085329324617,26.0,True
udsr,first_principles_leavitt,2,2,0.01,0.00028268950320728967,0.0009985132151240515,0.376762017869133,32.0,True
udsr,first_principles_leavitt,2,20,0.01,0.00015759347832509314,0.000896982214799352,0.3874884973864922,27.0,True
udsr,Keijzer-2,2,10,0.01,0.5101779372628127,1.1709073939349925,0.15084842064329962,31.0,True
udsr,Keijzer-2,2,30,0.01,0.38179336091549676,0.9978445449970633,0.15782531215868123,28.0,True
udsr,Keijzer-2,2,5,0.01,0.5623898409877556,2.233258042244257,0.13932227237148664,31.0,True
udsr,Keijzer-2,2,1,0.01,0.692656226235358,1.3691334576774588,0.14367987407467442,30.0,True
udsr,Keijzer-2,2,45,0.01,0.38179336091549676,0.9978445449970633,0.15782531215868123,28.0,True
udsr,Keijzer-2,2,3,0.01,0.692656226235358,1.3691334576774588,0.14367987407467442,30.0,True
udsr,Keijzer-2,2,2,0.01,0.692656226235358,1.3691334576774588,0.14367987407467442,30.0,True
udsr,Keijzer-2,2,20,0.01,1.6198286133655482,1.2769752374199026,0.13158387350174278,29.0,True
udsr,II.11.27_1_0,2,10,0.01,0.00047975046027814647,0.005934937768882823,0.3409131582296209,43.0,True
udsr,II.11.27_1_0,2,30,0.01,0.00015006971813364537,0.0029201558492388006,0.3699393179545378,71.0,True
udsr,II.11.27_1_0,2,5,0.01,0.00047975046027814647,0.005934937768882823,0.3409131582296209,43.0,True
udsr,II.11.27_1_0,2,1,0.01,0.00041635448666639844,0.005823086641145076,0.3434065535360542,62.0,True
udsr,II.11.27_1_0,2,45,0.01,0.0003314185704515278,0.004941749591902737,0.3494908009014163,51.0,True
udsr,II.11.27_1_0,2,3,0.01,0.00048447271624640345,0.004895970259466952,0.34374613945693344,53.0,True
udsr,II.11.27_1_0,2,2,0.01,0.00048447271624640345,0.004895970259466952,0.34374613945693344,53.0,True
udsr,II.11.27_1_0,2,20,0.01,0.00039631838707435114,0.004325207645883298,0.3487838862925548,54.0,True
udsr,feynman_I_12_11,-1,10,0.01,0.003089183824163894,0.20302713868961328,0.2572357912095639,83.0,True
udsr,feynman_I_12_11,-1,30,0.01,0.0023807962650000585,0.05818460132726239,0.2806596323041114,77.0,True
udsr,feynman_I_12_11,-1,5,0.01,0.0052475657886123985,0.16463017324930201,0.25226902402688733,68.0,True
udsr,feynman_I_12_11,-1,1,0.01,0.009091770731502377,0.19455707679604578,0.24115373185973898,88.0,True
udsr,feynman_I_12_11,-1,45,0.01,0.0023807962650000585,0.05818460132726239,0.2806596323041114,77.0,True
udsr,feynman_I_12_11,-1,3,0.01,0.0052475657886123985,0.16463017324930201,0.25226902402688733,68.0,True
udsr,feynman_I_12_11,-1,2,0.01,0.0052475657886123985,0.16463017324930201,0.25226902402688733,68.0,True
udsr,feynman_I_12_11,-1,20,0.01,0.0023807962650000585,0.05818460132726239,0.2806596323041114,77.0,True
udsr,Keijzer-11,-1,10,0.01,,9.714210907199579,0.0,42.0,False
udsr,Keijzer-11,-1,30,0.01,36.60345754949374,41.439273827783275,0.029252348322804822,34.0,True
udsr,Keijzer-11,-1,5,0.01,,9.714210907199579,0.0,42.0,False
udsr,Keijzer-11,-1,1,0.01,,1718985.8801227855,0.0,39.0,False
udsr,Keijzer-11,-1,45,0.01,36.60345754949374,41.439273827783275,0.029252348322804822,34.0,True
udsr,Keijzer-11,-1,3,0.01,,9.714210907199579,0.0,42.0,False
udsr,Keijzer-11,-1,2,0.01,5.556805802669747,11.186055281629837,0.07880349354416127,36.0,True
udsr,Keijzer-11,-1,20,0.01,,9.714210907199579,0.0,42.0,False
udsr,CRK34,-1,10,0.01,9.093286861265388e-07,0.07721440542103773,0.39834217059505395,35.0,True
udsr,CRK34,-1,30,0.01,6.135421190288944e-07,0.07368223774023935,0.4051711718240453,31.0,True
udsr,CRK34,-1,5,0.01,9.093286861265388e-07,0.07721440542103773,0.39834217059505395,35.0,True
udsr,CRK34,-1,1,0.01,9.171827337067188e-07,0.09887990906687882,0.39437271683072767,18.0,True
udsr,CRK34,-1,45,0.01,6.575834429955324e-07,0.09430063576430665,0.4002690896260121,35.0,True
udsr,CRK34,-1,3,0.01,9.093286861265388e-07,0.07721440542103773,0.39834217059505395,35.0,True
udsr,CRK34,-1,2,0.01,9.171827337067188e-07,0.09887990906687882,0.39437271683072767,18.0,True
udsr,CRK34,-1,20,0.01,6.135421190288944e-07,0.07368223774023935,0.4051711718240453,31.0,True
udsr,BPG5,-1,10,0.01,1.0031229676354401e-07,0.0019744256594626496,0.4894001799774343,46.0,True
udsr,BPG5,-1,30,0.01,2.172774994865843e-07,0.07045086755028626,0.42196781785379106,43.0,True
udsr,BPG5,-1,5,0.01,1.0031229676354401e-07,0.0019744256594626496,0.4894001799774343,46.0,True
udsr,BPG5,-1,1,0.01,2.785861682539542e-07,0.0014476066874261006,0.4783710667600846,22.0,True
udsr,BPG5,-1,45,0.01,2.117200486075682e-07,0.003966203990932371,0.4669951059918758,42.0,True
udsr,BPG5,-1,3,0.01,1.7611507848556527e-07,0.001999149797935334,0.48047707578464255,44.0,True
udsr,BPG5,-1,2,0.01,1.7611507848556527e-07,0.001999149797935334,0.48047707578464255,44.0,True
udsr,BPG5,-1,20,0.01,2.172774994865843e-07,0.07045086755028626,0.42196781785379106,43.0,True
udsr,feynman-i.39.22,-1,10,0.01,0.621450923793694,0.611756930234328,0.15785765229084364,21.0,True
udsr,feynman-i.39.22,-1,30,0.01,0.6216655911924233,0.6113947973824143,0.15786147968174358,25.0,True
udsr,feynman-i.39.22,-1,5,0.01,0.7142462797189277,0.8359807872621884,0.15085556130574856,37.0,True
udsr,feynman-i.39.22,-1,1,0.01,0.7142462797189277,0.8359807872621884,0.15085556130574856,37.0,True
udsr,feynman-i.39.22,-1,45,0.01,0.654171175759707,0.575807754290651,0.15800111023685703,23.0,True
udsr,feynman-i.39.22,-1,3,0.01,0.7142462797189277,0.8359807872621884,0.15085556130574856,37.0,True
udsr,feynman-i.39.22,-1,2,0.01,0.7142462797189277,0.8359807872621884,0.15085556130574856,37.0,True
udsr,feynman-i.39.22,-1,20,0.01,0.6216655911924233,0.6113947973824143,0.15786147968174358,25.0,True
udsr,CRK33,-1,10,0.01,1.5502081137792994e-06,0.328113262286389,0.3676280789104009,38.0,True
udsr,CRK33,-1,30,0.01,3.8000717292393786e-07,0.15432005581228275,0.40113520835579985,35.0,True
udsr,CRK33,-1,5,0.01,1.5502081137792994e-06,0.328113262286389,0.3676280789104009,38.0,True
udsr,CRK33,-1,1,0.01,5.823525133622557e-07,0.05598710976665123,0.41024021419360074,34.0,True
udsr,CRK33,-1,45,0.01,3.760545888995719e-07,0.09410297731625973,0.4089694908255666,26.0,True
udsr,CRK33,-1,3,0.01,1.5502081137792994e-06,0.328113262286389,0.3676280789104009,38.0,True
udsr,CRK33,-1,2,0.01,7.108372054458113e-07,0.5433506244007565,0.3718982028102284,21.0,True
udsr,CRK33,-1,20,0.01,1.5501378462792534e-05,7.719743383344123,0.2829295291596202,28.0,True
udsr,feynman_I_27_6,-1,10,0.01,5.33227569741953e-05,0.0008580150601353547,0.404985446190825,39.0,True
udsr,feynman_I_27_6,-1,30,0.01,2.9453954921450637e-05,0.0003873255665965024,0.4265278649049555,52.0,True
udsr,feynman_I_27_6,-1,5,0.01,5.33227569741953e-05,0.0008580150601353547,0.404985446190825,39.0,True
udsr,feynman_I_27_6,-1,45,0.01,2.9453954921450637e-05,0.0003873255665965024,0.4265278649049555,52.0,True
udsr,feynman_I_27_6,-1,3,0.01,5.33227569741953e-05,0.0008580150601353547,0.404985446190825,32.0,True
udsr,feynman_I_27_6,-1,2,0.01,5.33227569741953e-05,0.0008580150601353547,0.404985446190825,32.0,True
udsr,feynman_I_27_6,-1,20,0.01,4.838109518311576e-05,0.0008253728695895106,0.4070955041290059,41.0,True
udsr,strogatz_predprey2,1,10,0.01,0.0001234171411247953,0.014495143438158957,0.34812150002242487,38.0,True
udsr,strogatz_predprey2,1,30,0.01,4.235973925299425e-06,0.00011303759545619785,0.4757079932598999,23.0,True
udsr,strogatz_predprey2,1,5,0.01,0.00010054184069722701,0.0018696339603833567,0.3830677350002737,39.0,True
udsr,strogatz_predprey2,1,1,0.01,0.0006200466981393922,,0.0,28.0,False
udsr,strogatz_predprey2,1,45,0.01,4.235973925299425e-06,0.00011303759545619785,0.4757079932598999,23.0,True
udsr,strogatz_predprey2,1,3,0.01,0.0002632503499275433,0.022928163438545764,0.32925934907187515,37.0,True
udsr,strogatz_predprey2,1,2,0.01,0.0006200466981393922,,0.0,28.0,False
udsr,strogatz_predprey2,1,20,0.01,4.235973925299425e-06,0.00011303759545619785,0.4757079932598999,23.0,True
udsr,Keijzer-11,1,10,0.01,5.153924440884561,6.559144736423961,0.08825052637174002,47.0,True
udsr,Keijzer-11,1,30,0.01,1.288201439725466,1.4709370124546453,0.1329436479915303,31.0,True
udsr,Keijzer-11,1,5,0.01,4.246522370269587,5.687516167307804,0.09346585498433424,39.0,True
udsr,Keijzer-11,1,1,0.01,8.363570276051606,11.389926340384285,0.07218169193053742,22.0,True
udsr,Keijzer-11,1,45,0.01,1.1860987343200762,1.0393196643882976,0.13961178618282039,32.0,True
udsr,Keijzer-11,1,3,0.01,1.5755079787031188,3.0873760781374937,0.11832106636883821,35.0,True
udsr,Keijzer-11,1,2,0.01,8.363570276051606,11.389926340384285,0.07218169193053742,22.0,True
udsr,Keijzer-11,1,20,0.01,5.153924440884561,6.559144736423961,0.08825052637174002,47.0,True
udsr,CRK10,1,10,0.01,1.8179231539002592e-07,0.06390691628961441,0.42624559346333285,33.0,True
udsr,CRK10,1,30,0.01,1.7175169682267045e-07,0.04777329294449348,0.43163977807214876,27.0,True
udsr,CRK10,1,5,0.01,1.8179231539002592e-07,0.06390691628961441,0.42624559346333285,33.0,True
udsr,CRK10,1,1,0.01,4.906304805689755e-06,0.10654659689090473,0.3672037818482752,44.0,True
udsr,CRK10,1,45,0.01,4.3420684187596574e-07,0.054305622140681103,0.41526637657533405,51.0,True
udsr,CRK10,1,3,0.01,2.1252076228416716e-06,0.28270725332055746,0.3650450601367429,34.0,True
udsr,CRK10,1,2,0.01,2.1252076228416716e-06,0.28270725332055746,0.3650450601367429,34.0,True
udsr,CRK10,1,20,0.01,1.8179231539002592e-07,0.06390691628961441,0.42624559346333285,33.0,True
udsr,feynman_test_15,1,10,0.01,0.002616240173997892,0.012630618959566423,0.3028892055792167,74.0,True
udsr,feynman_test_15,1,30,0.01,0.001642478423399186,0.015303009096127659,0.3071329818033018,63.0,True
udsr,feynman_test_15,1,5,0.01,0.002616240173997892,0.012630618959566423,0.3028892055792167,74.0,True
udsr,feynman_test_15,1,45,0.01,0.001486036836652243,0.007854265573328644,0.3190308872537978,48.0,True
udsr,feynman_test_15,1,3,0.01,0.002616240173997892,0.012630618959566423,0.3028892055792167,74.0,True
udsr,feynman_test_15,1,2,0.01,0.0028103499967831046,0.03873102093031158,0.28439930876499514,59.0,True
udsr,feynman_test_15,1,20,0.01,0.0023048639578409987,0.012236744318910567,0.30534602919787757,53.0,True
udsr,Vladislavleva-4,1,10,0.01,1.6630856130029532e-06,1.7262458580820392e-06,0.5550708122808835,72.0,True
udsr,Vladislavleva-4,1,30,0.01,1.2198773572473223e-06,1.59086417682532e-06,0.561144668831975,65.0,True
udsr,Vladislavleva-4,1,5,0.01,1.6630856130029532e-06,1.7262458580820392e-06,0.5550708122808835,72.0,True
udsr,Vladislavleva-4,1,1,0.01,3.0615638794395626e-05,0.00178462516775267,0.4022324879015206,63.0,True
udsr,Vladislavleva-4,1,45,0.01,1.200253232686325e-06,1.5138194681594882e-06,0.5621661796273265,68.0,True
udsr,Vladislavleva-4,1,3,0.01,3.0615638794395626e-05,0.00178462516775267,0.4022324879015206,63.0,True
udsr,Vladislavleva-4,1,2,0.01,3.0615638794395626e-05,0.00178462516775267,0.4022324879015206,63.0,True
udsr,Vladislavleva-4,1,20,0.01,1.662250661453977e-06,1.7289813021760791e-06,0.5550540424598617,70.0,True
udsr,strogatz_vdp1,1,10,0.01,1.5161839155763919e-05,3.092679740735415e-05,0.4760326130524021,40.0,True
udsr,strogatz_vdp1,1,30,0.01,1.7775347494600692e-05,4.4991305466858415e-05,0.46775190376992,38.0,True
udsr,strogatz_vdp1,1,5,0.01,1.0777636849438668e-05,1.4493677176340745e-05,0.4930820667892641,18.0,True
udsr,strogatz_vdp1,1,1,0.01,7.782821405960137e-06,9.922722564475849e-07,0.5397225745166407,19.0,True
udsr,strogatz_vdp1,1,45,0.01,1.8604894088051422e-05,4.845992413429499e-05,0.4658925024300606,40.0,True
udsr,strogatz_vdp1,1,3,0.01,1.0777636849438668e-05,1.4493677176340745e-05,0.4930820667892641,18.0,True
udsr,strogatz_vdp1,1,2,0.01,1.0777636849438668e-05,1.4493677176340745e-05,0.4930820667892641,18.0,True
udsr,strogatz_vdp1,1,20,0.01,1.7775347494600692e-05,4.4991305466858415e-05,0.46775190376992,38.0,True
qlattice,strogatz_shearflow1,2,1,0.01,0.007099446461761215,1.0836339918504787,0.2183533175666707,50.0,True
qlattice,strogatz_shearflow1,2,2,0.01,0.00503438583111387,1.0505074180323393,0.22416622785983958,50.0,True
qlattice,II.11.27_1_0,2,5,0.01,2.139536999507752,1.0676341146643613,0.13004491986382744,40.0,True
qlattice,II.11.27_1_0,2,1,0.01,1.291450606008503,1.0075018706344192,0.13877415494367357,40.0,True
qlattice,II.11.27_1_0,2,3,0.01,3.4627492612947703,1.0943827346573811,0.12219320435169873,40.0,True
qlattice,II.11.27_1_0,2,2,0.01,4.26722350238611,1.1691412139362132,0.11792812997882224,40.0,True
qlattice,first_principles_leavitt,2,1,0.01,0.00021786651359471663,0.0024365040093673102,0.3669657994986104,13.0,True
qlattice,Keijzer-2,2,1,0.01,0.1862334871913188,3.493606642502095,0.14952386499687936,31.0,True
qlattice,Keijzer-2,2,2,0.01,0.18197779560005745,3.334180812734824,0.15060687329263783,31.0,True
qlattice,feynman_I_12_11,-1,5,0.01,0.030927270580879556,0.05224870534906954,0.24255653115445575,38.0,True
qlattice,feynman_I_12_11,-1,1,0.01,0.03283154071770642,0.054103834922547896,0.2410885959606644,48.0,True
qlattice,feynman_I_12_11,-1,3,0.01,0.029574640820097912,0.05591406340185058,0.24219855237654336,38.0,True
qlattice,feynman_I_12_11,-1,2,0.01,0.03700013369036764,0.06513686682232374,0.23635606579223295,48.0,True
qlattice,feynman-i.39.22,-1,1,0.01,1.0093496278337069,1.0023581904743204,0.14267626533350747,35.0,True
qlattice,feynman-i.39.22,-1,2,0.01,1.0214613657952383,1.0086786929193168,0.14239375742218247,27.0,True
qlattice,CRK34,-1,1,0.01,66.95539985707335,2539758.322105859,0.006221942571848715,10.0,True
qlattice,CRK34,-1,2,0.01,0.00012621127778487137,3.436475138249191,0.2629567367888431,43.0,True
qlattice,BPG5,-1,1,0.01,11.28608957571411,268279.00301257806,0.033837732397612286,18.0,True
qlattice,BPG5,-1,2,0.01,11.256774045974735,269006.50964325474,0.03387807326046949,11.0,True
qlattice,Keijzer-11,-1,1,0.01,0.4696971448936306,0.4844243069279746,0.1658198626118365,22.0,True
qlattice,feynman_I_27_6,-1,5,0.01,0.0006919283462956733,0.008477371735904323,0.3297027732035155,54.0,True
qlattice,feynman_I_27_6,-1,1,0.01,0.0025759759665521607,0.012171852680175755,0.30370362520996724,41.0,True
qlattice,feynman_I_27_6,-1,3,0.01,0.0005154242573081402,0.007697567796096318,0.3357672008415236,54.0,True
qlattice,feynman_I_27_6,-1,2,0.01,0.0005314298703429656,0.010226266902959464,0.33088703268286007,54.0,True
qlattice,CRK33,-1,1,0.01,0.0001657582269076031,5.6200491585761965,0.25109945689774665,31.0,True
qlattice,CRK33,-1,2,0.01,742358.1144388268,190752241221.18185,0.0,14.0,True
qlattice,strogatz_predprey2,1,1,0.01,0.0010501728716481723,0.20435333850446935,0.27386990955632173,31.0,True
qlattice,strogatz_predprey2,1,2,0.01,0.00010648953432411756,1.460973515744727e-05,0.4574303831757899,20.0,True
qlattice,CRK10,1,1,0.01,64499031.41221863,9989358139412.334,0.0,33.0,True
qlattice,CRK10,1,2,0.01,78.68278247034722,2018217.0438660097,0.0037185818022875128,10.0,True
qlattice,Keijzer-2,1,1,0.01,0.2777258537862853,3.0498557082612905,0.14543229987578604,23.0,True
qlattice,Keijzer-2,1,2,0.01,0.27200235288016356,3.113206729947406,0.14543640637845506,23.0,True
qlattice,strogatz_vdp1,1,1,0.01,0.00017860274028573563,2.5659685150101384e-05,0.44067359138825407,21.0,True
qlattice,strogatz_vdp1,1,2,0.01,0.000156535447957377,4.777180230359785e-05,0.4330791311864316,21.0,True
qlattice,feynman_test_15,1,5,0.01,0.0026375128312213104,0.03291012897809474,0.28790985123396473,47.0,True
qlattice,feynman_test_15,1,1,0.01,0.5197548891143607,1.633200286948276,0.14539864175705863,37.0,True
qlattice,feynman_test_15,1,3,0.01,0.002665909829982812,0.02992633910565248,0.28921789111435026,47.0,True
qlattice,feynman_test_15,1,2,0.01,0.005688382947077478,0.06142172564994861,0.26631032715603575,50.0,True
qlattice,feynman-ii.34.2a,1,1,0.01,,,0.0,21.0,False
qlattice,feynman-ii.34.2a,1,2,0.01,,,0.0,17.0,False
qlattice,feynman_I_27_6,1,5,0.01,0.0009629014981751483,0.012522041228397748,0.3185265360080365,51.0,True
qlattice,feynman_I_27_6,1,1,0.01,0.0019906345204966985,0.012582295005548172,0.30718745019393723,55.0,True
qlattice,feynman_I_27_6,1,3,0.01,0.0010732953439184757,0.007815474482243628,0.3241544787577281,51.0,True
qlattice,feynman_I_27_6,1,2,0.01,0.0010475376607926765,0.014519863045359927,0.3149238512293936,51.0,True
dso,Keijzer-2,2,10,0.01,0.6795068271076917,2.3022957585989654,0.13591589507385948,24.0,True
dso,Keijzer-2,2,5,0.01,0.6795068271076917,2.3022957585989654,0.13591589507385948,24.0,True
dso,Keijzer-2,2,1,0.01,0.826379785718867,3.1950930260181916,0.12779774312360964,21.0,True
dso,Keijzer-2,2,3,0.01,0.8250329438842953,2.7698198534847585,0.13003847091731524,18.0,True
dso,Keijzer-2,2,2,0.01,0.8250329438842953,2.7698198534847585,0.13003847091731524,18.0,True
dso,Keijzer-2,2,20,0.01,0.6795068271076917,2.3022957585989654,0.13591589507385948,24.0,True
dso,strogatz_shearflow1,2,10,0.01,0.0054516683384875,0.8374750365669692,0.22644638223618457,12.0,True
dso,strogatz_shearflow1,2,30,0.01,1.1371434557319504e-29,1.0818532967936293e-30,1.0,16.0,True
dso,strogatz_shearflow1,2,5,0.01,0.3896602823841336,1.0257786376038345,0.15708072173832188,25.0,True
dso,strogatz_shearflow1,2,1,0.01,0.9132773940006172,0.16726948142232187,0.17199930648772843,16.0,True
dso,strogatz_shearflow1,2,3,0.01,0.3896602823841336,1.0257786376038345,0.15708072173832188,25.0,True
dso,strogatz_shearflow1,2,2,0.01,0.3896602823841336,1.0257786376038345,0.15708072173832188,25.0,True
dso,strogatz_shearflow1,2,20,0.01,1.1371434557319504e-29,1.0818532967936293e-30,1.0,16.0,True
dso,II.11.27_1_0,2,10,0.01,0.02463757868008867,0.28764829918513274,0.2196264344760921,8.0,True
dso,II.11.27_1_0,2,30,0.01,0.0031746888230423428,0.08065722014515843,0.2711305566805218,13.0,True
dso,II.11.27_1_0,2,5,0.01,0.040725805112553304,0.5996401275272868,0.200437129766792,31.0,True
dso,II.11.27_1_0,2,1,0.01,0.07201484893427629,1.1366070444877887,0.18167741437849916,12.0,True
dso,II.11.27_1_0,2,3,0.01,0.040725805112553304,0.5996401275272868,0.200437129766792,31.0,True
dso,II.11.27_1_0,2,2,0.01,0.12865003944531664,0.9486969146481837,0.17548080671872246,27.0,True
dso,II.11.27_1_0,2,20,0.01,0.0031746888230423428,0.08065722014515843,0.2711305566805218,13.0,True
dso,first_principles_leavitt,2,10,0.01,2.77887222303068e-05,0.0020671869136899743,0.4014554169746177,36.0,True
dso,first_principles_leavitt,2,5,0.01,2.77887222303068e-05,0.0020671869136899743,0.4014554169746177,36.0,True
dso,first_principles_leavitt,2,1,0.01,0.00020918051758137611,0.0026123298939191774,0.36651609808916963,37.0,True
dso,first_principles_leavitt,2,3,0.01,2.77887222303068e-05,0.0020671869136899743,0.4014554169746177,36.0,True
dso,first_principles_leavitt,2,2,0.01,0.00020918051758137611,0.0026123298939191774,0.36651609808916963,37.0,True
dso,first_principles_leavitt,2,20,0.01,2.77887222303068e-05,0.0020671869136899743,0.4014554169746177,36.0,True
dso,CRK33,-1,10,0.01,0.03134412804246726,0.9999998030460145,0.19656585331304216,15.0,True
dso,CRK33,-1,30,0.01,0.024440840925486113,406.8617005469836,0.12899585198533015,27.0,True
dso,CRK33,-1,5,0.01,0.03134412804246726,0.9999998030460145,0.19656585331304216,15.0,True
dso,CRK33,-1,1,0.01,0.04601805024958951,0.8719644558139887,0.1927347501432779,22.0,True
dso,CRK33,-1,45,0.01,0.024440840925486113,406.8617005469836,0.12899585198533015,27.0,True
dso,CRK33,-1,3,0.01,0.03134412804246726,0.9999998030460145,0.19656585331304216,15.0,True
dso,CRK33,-1,2,0.01,0.03134412804246726,0.9999998030460145,0.19656585331304216,15.0,True
dso,CRK33,-1,20,0.01,0.024440840925486113,406.8617005469836,0.12899585198533015,27.0,True
dso,CRK34,-1,10,0.01,0.004811771786207418,1.0,0.2256319635235694,16.0,True
dso,CRK34,-1,30,0.01,0.004296298511454773,1.0000000001972247,0.22738948396162284,17.0,True
dso,CRK34,-1,5,0.01,0.004811771786207418,1.0,0.2256319635235694,16.0,True
dso,CRK34,-1,1,0.01,0.0319999686395214,1.0,0.19624465883197822,33.0,True
dso,CRK34,-1,45,0.01,0.004296298511454773,1.0000000001972247,0.22738948396162284,17.0,True
dso,CRK34,-1,3,0.01,0.026167320132642287,1.0,0.1993657411563331,17.0,True
dso,CRK34,-1,2,0.01,0.026167320132642287,1.0,0.1993657411563331,17.0,True
dso,CRK34,-1,20,0.01,0.004899343712187559,1.0,0.22535221755921925,22.0,True
dso,BPG5,-1,10,0.01,0.028875017794147056,0.9605882044417452,0.19846216035919118,29.0,True
dso,BPG5,-1,30,0.01,0.014238483899482023,1.0,0.20880486612534743,31.0,True
dso,BPG5,-1,5,0.01,0.0480260270817895,1.0,0.1899472620918113,35.0,True
dso,BPG5,-1,1,0.01,0.2652138340633344,1.0,0.16344299378719684,26.0,True
dso,BPG5,-1,45,0.01,0.004381194564824549,1.0,0.22708598070623975,33.0,True
dso,BPG5,-1,3,0.01,0.1448247668922473,0.9999999999999993,0.17282704149507738,32.0,True
dso,BPG5,-1,2,0.01,0.2652138340633344,1.0,0.16344299378719684,26.0,True
dso,BPG5,-1,20,0.01,0.014238483899482023,1.0,0.20880486612534743,31.0,True
dso,feynman-i.39.22,-1,10,0.01,0.8274041606535921,0.39804108592897036,0.1600840856126587,14.0,True
dso,feynman-i.39.22,-1,30,0.01,0.598734781858612,0.5620808442508487,0.15974881168604044,24.0,True
dso,feynman-i.39.22,-1,5,0.01,0.773545311174439,0.850489199713976,0.14935162282420766,23.0,True
dso,feynman-i.39.22,-1,1,0.01,0.9019821839856793,1.3322603281369785,0.140007605173671,27.0,True
dso,feynman-i.39.22,-1,45,0.01,0.598734781858612,0.5620808442508487,0.15974881168604044,24.0,True
dso,feynman-i.39.22,-1,3,0.01,0.9019821839856793,1.3322603281369785,0.140007605173671,27.0,True
dso,feynman-i.39.22,-1,2,0.01,0.9019821839856793,1.3322603281369785,0.140007605173671,27.0,True
dso,feynman-i.39.22,-1,20,0.01,0.8274041606535273,0.3980410859293434,0.16008408561264542,11.0,True
dso,Keijzer-11,-1,10,0.01,0.07383506662041414,0.023687243443967575,0.2413293859079415,12.0,True
dso,Keijzer-11,-1,5,0.01,0.07383506662041414,0.023687243443967575,0.2413293859079415,12.0,True
dso,Keijzer-11,-1,1,0.01,0.07383506662041414,0.023687243443967575,0.2413293859079415,12.0,True
dso,Keijzer-11,-1,3,0.01,0.07383506662041414,0.023687243443967575,0.2413293859079415,12.0,True
dso,Keijzer-11,-1,2,0.01,0.07383506662041414,0.023687243443967575,0.2413293859079415,12.0,True
dso,feynman_I_12_11,-1,60,0.01,1.3515208670700864e-31,1.4716479784063392e-32,1.0,12.0,True
dso,feynman_I_12_11,-1,10,0.01,0.12611536554700745,0.0923639022672699,0.2119189187106138,21.0,True
dso,feynman_I_12_11,-1,30,0.01,1.3515208670700864e-31,1.4716479784063392e-32,1.0,12.0,True
dso,feynman_I_12_11,-1,5,0.01,0.12611536554700745,0.0923639022672699,0.2119189187106138,21.0,True
dso,feynman_I_12_11,-1,1,0.01,0.3010580307070146,0.642372119857045,0.16834153928669354,25.0,True
dso,feynman_I_12_11,-1,45,0.01,1.3515208670700864e-31,1.4716479784063392e-32,1.0,12.0,True
dso,feynman_I_12_11,-1,3,0.01,0.12611536554700745,0.0923639022672699,0.2119189187106138,21.0,True
dso,feynman_I_12_11,-1,2,0.01,0.12611536554700745,0.0923639022672699,0.2119189187106138,21.0,True
dso,feynman_I_12_11,-1,20,0.01,1.3515208670700864e-31,1.4716479784063392e-32,1.0,12.0,True
dso,feynman_I_27_6,-1,60,0.01,3.0892693890919977e-32,1.568187845735392e-32,1.0,9.0,True
dso,feynman_I_27_6,-1,10,0.01,0.0008282528642226412,0.0025579689669980605,0.345497920793817,13.0,True
dso,feynman_I_27_6,-1,30,0.01,3.0892693890919977e-32,1.568187845735392e-32,1.0,9.0,True
dso,feynman_I_27_6,-1,5,0.01,0.0008282528642226412,0.0025579689669980605,0.345497920793817,13.0,True
dso,feynman_I_27_6,-1,1,0.01,0.02232042391888113,0.06824342611779809,0.24347274068455782,13.0,True
dso,feynman_I_27_6,-1,45,0.01,3.0892693890919977e-32,1.568187845735392e-32,1.0,9.0,True
dso,feynman_I_27_6,-1,3,0.01,0.02232042391888113,0.06824342611779809,0.24347274068455782,13.0,True
dso,feynman_I_27_6,-1,2,0.01,0.02232042391888113,0.06824342611779809,0.24347274068455782,13.0,True
dso,feynman_I_27_6,-1,20,0.01,0.0008282528642226412,0.0025579689669980605,0.345497920793817,13.0,True
dso,strogatz_barmag2,1,10,0.01,0.1312549035008257,0.7616717839456623,0.17857559269587037,28.0,True
dso,strogatz_barmag2,1,30,0.01,0.1312549035008257,0.7616717839456623,0.17857559269587037,28.0,True
dso,strogatz_barmag2,1,5,0.01,0.1312549035008257,0.7616717839456623,0.17857559269587037,28.0,True
dso,strogatz_barmag2,1,1,0.01,0.38640485395310986,1.7900432958334533,0.14857478183165945,19.0,True
dso,strogatz_barmag2,1,45,0.01,0.11700314414147084,0.37493036833973636,0.19135185175341557,30.0,True
dso,strogatz_barmag2,1,3,0.01,0.16932200403138117,0.46944111224325186,0.18213233853167482,31.0,True
dso,strogatz_barmag2,1,2,0.01,0.16932200403138117,0.46944111224325186,0.18213233853167482,31.0,True
dso,strogatz_barmag2,1,20,0.01,0.1312549035008257,0.7616717839456623,0.17857559269587037,28.0,True
dso,feynman-iii.7.38,1,10,0.01,0.998251806435683,1.009267922596912,0.14274119374551236,42.0,True
dso,feynman-iii.7.38,1,30,0.01,1.0014083281725887,1.0604313288643568,0.14192522326053564,48.0,True
dso,feynman-iii.7.38,1,5,0.01,0.998251806435683,1.009267922596912,0.14274119374551236,42.0,True
dso,feynman-iii.7.38,1,1,0.01,1.0000082385468092,1.0000000000693712,0.14285701507247123,32.0,True
dso,feynman-iii.7.38,1,3,0.01,0.998251806435683,1.009267922596912,0.14274119374551236,42.0,True
dso,feynman-iii.7.38,1,2,0.01,0.9999986709025378,0.9999999999984474,0.14285716347216976,39.0,True
dso,feynman-iii.7.38,1,20,0.01,0.998251806435683,1.009267922596912,0.14274119374551236,42.0,True
dso,CRK33,1,10,0.01,0.00518223190265073,1.0,0.22448154130085357,16.0,True
dso,CRK33,1,5,0.01,0.020940262170169314,556.7212929537303,0.13139349590342508,24.0,True
dso,CRK33,1,1,0.01,0.06345089139216471,0.9999999128073924,0.18562722536399295,13.0,True
dso,CRK33,1,3,0.01,0.020940262170169314,556.7212929537303,0.13139349590342508,24.0,True
dso,CRK33,1,2,0.01,0.05477294838859327,91.59539139677429,0.11784143778216832,14.0,True
dso,feynman_I_27_6,1,10,0.01,3.0892693890919977e-32,1.568187845735392e-32,1.0,9.0,True
dso,feynman_I_27_6,1,30,0.01,3.0892693890919977e-32,1.568187845735392e-32,1.0,9.0,True
dso,feynman_I_27_6,1,5,0.01,0.030300818184811687,0.04802526766172962,0.24418128037402953,26.0,True
dso,feynman_I_27_6,1,1,0.01,0.07727705057025482,0.0698626300661839,0.22384659038590887,39.0,True
dso,feynman_I_27_6,1,3,0.01,0.06626616336388537,0.32612208219872485,0.20233314166700217,17.0,True
dso,feynman_I_27_6,1,2,0.01,0.06626616336388537,0.32612208219872485,0.20233314166700217,17.0,True
dso,feynman_I_27_6,1,20,0.01,3.0892693890919977e-32,1.568187845735392e-32,1.0,9.0,True
dso,CRK34,1,10,0.01,0.004811771786207418,1.0,0.2256319635235694,13.0,True
dso,CRK34,1,30,0.01,0.004811771786207418,1.0,0.2256319635235694,13.0,True
dso,CRK34,1,5,0.01,0.004811771786207418,1.0,0.2256319635235694,13.0,True
dso,CRK34,1,1,0.01,0.06845875140475297,1.0,0.1844489652168293,35.0,True
dso,CRK34,1,3,0.01,0.03359051913213381,34.010648541165864,0.14079172752620034,15.0,True
dso,CRK34,1,2,0.01,0.033072185817714574,0.29664718015919256,0.21458203129240466,24.0,True
dso,CRK34,1,20,0.01,0.004811771786207418,1.0,0.2256319635235694,13.0,True
dso,feynman-ii.34.2a,1,10,0.01,0.9866282757941155,3.292072465598325,0.12458489485150726,31.0,True
dso,feynman-ii.34.2a,1,30,0.01,0.9476935889135598,0.9220335727591539,0.14494947580791306,33.0,True
dso,feynman-ii.34.2a,1,5,0.01,0.9872949168369249,0.883139079473351,0.14498299985631313,25.0,True
dso,feynman-ii.34.2a,1,1,0.01,1.004061221085352,1.0000020033452015,0.14279424771093335,9.0,True
dso,feynman-ii.34.2a,1,3,0.01,0.9872949168369249,0.883139079473351,0.14498299985631313,25.0,True
dso,feynman-ii.34.2a,1,2,0.01,0.9872949168369249,0.883139079473351,0.14498299985631313,25.0,True
dso,feynman-ii.34.2a,1,20,0.01,0.9866282757941155,3.292072465598325,0.12458489485150726,31.0,True
dso,Keijzer-2,1,10,0.01,0.8567671607007339,1.8742932509533834,0.13551070166819512,24.0,True
dso,Keijzer-2,1,30,0.01,0.659165743822261,5.3421305363439995,0.12333181695202589,16.0,True
dso,Keijzer-2,1,5,0.01,0.8567671607007339,1.8742932509533834,0.13551070166819512,24.0,True
dso,Keijzer-2,1,1,0.01,0.8228964246767506,2.4106047005775175,0.132233172339779,34.0,True
dso,Keijzer-2,1,45,0.01,0.6795068271076917,2.3022957585989654,0.13591589507385948,24.0,True
dso,Keijzer-2,1,3,0.01,0.8567671607007339,1.8742932509533834,0.13551070166819512,24.0,True
dso,Keijzer-2,1,2,0.01,0.8567671607007339,1.8742932509533834,0.13551070166819512,24.0,True
dso,Keijzer-2,1,20,0.01,0.659165743822261,5.3421305363439995,0.12333181695202589,16.0,True
ragsr,II.11.27_1_0,2,10,0.01,,,0.0,,False
ragsr,II.11.27_1_0,2,30,0.01,,,0.0,,False
ragsr,II.11.27_1_0,2,5,0.01,,,0.0,,False
ragsr,II.11.27_1_0,2,45,0.01,,,0.0,,False
ragsr,II.11.27_1_0,2,3,0.01,0.7577499405441099,1.6604926933022868,0.13929418286187145,,True
ragsr,II.11.27_1_0,2,20,0.01,,,0.0,,False
ragsr,first_principles_leavitt,2,10,0.01,,,0.0,,False
ragsr,first_principles_leavitt,2,5,0.01,,,0.0,,False
ragsr,first_principles_leavitt,2,1,0.01,,,0.0,,False
ragsr,first_principles_leavitt,2,3,0.01,0.009335275346609245,0.05154810986738548,0.26134500437153174,,True
ragsr,first_principles_leavitt,2,2,0.01,,,0.0,,False
ragsr,first_principles_leavitt,2,20,0.01,0.009769644086944163,0.027258413445448753,0.2705221672533876,,True
ragsr,strogatz_shearflow1,2,10,0.01,,,0.0,,False
ragsr,strogatz_shearflow1,2,30,0.01,,,0.0,,False
ragsr,strogatz_shearflow1,2,5,0.01,,,0.0,,False
ragsr,strogatz_shearflow1,2,1,0.01,,,0.0,,False
ragsr,strogatz_shearflow1,2,3,0.01,,,0.0,,False
ragsr,strogatz_shearflow1,2,2,0.01,,,0.0,,False
ragsr,strogatz_shearflow1,2,20,0.01,,,0.0,,False
ragsr,Keijzer-2,2,10,0.01,2.18493506195373,1.4081938455863265,0.12542496514837076,,True
ragsr,Keijzer-2,2,5,0.01,,,0.0,,False
ragsr,Keijzer-2,2,1,0.01,,,0.0,,False
ragsr,Keijzer-2,2,3,0.01,1.6811243664210054,0.9880564933580568,0.134986370730651,,True
ragsr,Keijzer-2,2,2,0.01,1.433574805268716,1.71882025235975,0.12886961350099524,,True
ragsr,BPG3,-1,10,0.01,,,0.0,,False
ragsr,BPG3,-1,30,0.01,,,0.0,,False
ragsr,BPG3,-1,5,0.01,,,0.0,,False
ragsr,BPG3,-1,1,0.01,,,0.0,,False
ragsr,BPG3,-1,45,0.01,,,0.0,,False
ragsr,BPG3,-1,3,0.01,,,0.0,,False
ragsr,BPG3,-1,2,0.01,,,0.0,,False
ragsr,BPG3,-1,20,0.01,,,0.0,,False
ragsr,feynman-i.13.12,-1,10,0.01,,,0.0,,False
ragsr,feynman-i.13.12,-1,30,0.01,,,0.0,,False
ragsr,feynman-i.13.12,-1,5,0.01,,,0.0,,False
ragsr,feynman-i.13.12,-1,1,0.01,,,0.0,,False
ragsr,feynman-i.13.12,-1,45,0.01,,,0.0,,False
ragsr,feynman-i.13.12,-1,3,0.01,,,0.0,,False
ragsr,feynman-i.13.12,-1,2,0.01,,,0.0,,False
ragsr,feynman-i.13.12,-1,20,0.01,,,0.0,,False
ragsr,BPG5,-1,10,0.01,15.726405086318817,371178.6703397113,0.028691805064800402,,True
ragsr,BPG5,-1,30,0.01,1293.967258546767,22494403.77354186,0.0,,True
ragsr,BPG5,-1,5,0.01,20391000864.626465,360418527315208.8,0.0,,True
ragsr,BPG5,-1,1,0.01,,,0.0,,False
ragsr,BPG5,-1,45,0.01,1293.967258546767,22494403.77354186,0.0,,True
ragsr,BPG5,-1,3,0.01,20391000864.626465,360418527315208.8,0.0,,True
ragsr,BPG5,-1,2,0.01,20391000864.626465,360418527315208.8,0.0,,True
ragsr,BPG5,-1,20,0.01,1293.967258546767,22494403.77354186,0.0,,True
ragsr,feynman_II_15_4,-1,10,0.01,45.887768386118594,30.90121199326388,0.030297412462181927,,True
ragsr,feynman_II_15_4,-1,30,0.01,,,0.0,,False
ragsr,feynman_II_15_4,-1,5,0.01,3.925294727697947,7.30032310547832,0.09081377310777666,,True
ragsr,feynman_II_15_4,-1,45,0.01,,,0.0,,False
ragsr,feynman_II_15_4,-1,3,0.01,,,0.0,,False
ragsr,feynman_II_15_4,-1,2,0.01,,,0.0,,False
ragsr,feynman_II_15_4,-1,20,0.01,632.548793378685,215.6514498648775,0.0,,True
ragsr,strogatz_barmag1,-1,10,0.01,,,0.0,,False
ragsr,strogatz_barmag1,-1,30,0.01,,,0.0,,False
ragsr,strogatz_barmag1,-1,5,0.01,7677.454910034773,7775.879368500633,0.0,,True
ragsr,strogatz_barmag1,-1,1,0.01,,,0.0,,False
ragsr,strogatz_barmag1,-1,45,0.01,1324.7949549575017,520.9181696587348,0.0,,True
ragsr,strogatz_barmag1,-1,3,0.01,,,0.0,,False
ragsr,strogatz_barmag1,-1,2,0.01,,,0.0,,False
ragsr,strogatz_barmag1,-1,20,0.01,,,0.0,,False
ragsr,MatSci21,-1,10,0.01,,,0.0,,False
ragsr,MatSci21,-1,30,0.01,5.1018875105586295e+22,1.23145493584594e+22,0.0,,True
ragsr,MatSci21,-1,5,0.01,,,0.0,,False
ragsr,MatSci21,-1,1,0.01,,,0.0,,False
ragsr,MatSci21,-1,45,0.01,1.68904385613978e+21,4.055954714438559e+20,0.0,,True
ragsr,MatSci21,-1,3,0.01,5.368895475508012e+22,1.2959037208776793e+22,0.0,,True
ragsr,MatSci21,-1,2,0.01,5.368895475508012e+22,1.2959037208776793e+22,0.0,,True
ragsr,MatSci21,-1,20,0.01,5.1018875105586295e+22,1.23145493584594e+22,0.0,,True
ragsr,CRK10,-1,10,0.01,52.307669872620565,1345961.433038282,0.01005123663828772,,True
ragsr,CRK10,-1,30,0.01,52.307669872620565,1345961.433038282,0.01005123663828772,,True
ragsr,CRK10,-1,5,0.01,52.307669872620565,1345961.433038282,0.01005123663828772,,True
ragsr,CRK10,-1,1,0.01,,,0.0,,False
ragsr,CRK10,-1,45,0.01,52.307669872620565,1345961.433038282,0.01005123663828772,,True
ragsr,CRK10,-1,3,0.01,52.22824327485906,1343309.8898150444,0.010074806487376908,,True
ragsr,CRK10,-1,2,0.01,,,0.0,,False
ragsr,CRK10,-1,20,0.01,52.307669872620565,1345961.433038282,0.01005123663828772,,True
ragsr,Keijzer-11,-1,10,0.01,,,0.0,,False
ragsr,Keijzer-11,-1,5,0.01,,,0.0,,False
ragsr,Keijzer-11,-1,1,0.01,,,0.0,,False
ragsr,Keijzer-11,-1,3,0.01,,,0.0,,False
ragsr,Keijzer-11,-1,2,0.01,,,0.0,,False
ragsr,Keijzer-11,-1,20,0.01,,,0.0,,False
ragsr,feynman-ii.27.18,-1,10,0.01,9661.207677287946,9859.943592193664,0.0,,True
ragsr,feynman-ii.27.18,-1,30,0.01,9446.149098575645,9429.262061181591,0.0,,True
ragsr,feynman-ii.27.18,-1,5,0.01,9661.207677287946,9859.943592193664,0.0,,True
ragsr,feynman-ii.27.18,-1,1,0.01,9663.036385550635,9787.436671329287,0.0,,True
ragsr,feynman-ii.27.18,-1,45,0.01,,,0.0,,False
ragsr,feynman-ii.27.18,-1,3,0.01,2.2281832316623102e+30,6.716516584303216e+33,0.0,,True
ragsr,feynman-ii.27.18,-1,2,0.01,,,0.0,,False
ragsr,feynman-ii.27.18,-1,20,0.01,9661.207677287946,9859.943592193664,0.0,,True
ragsr,strogatz_predprey2,1,10,0.01,,,0.0,,False
ragsr,strogatz_predprey2,1,30,0.01,,,0.0,,False
ragsr,strogatz_predprey2,1,5,0.01,,,0.0,,False
ragsr,strogatz_predprey2,1,1,0.01,,,0.0,,False
ragsr,strogatz_predprey2,1,3,0.01,,,0.0,,False
ragsr,strogatz_predprey2,1,2,0.01,,,0.0,,False
ragsr,strogatz_predprey2,1,20,0.01,,,0.0,,False
ragsr,feynman_test_15,1,10,0.01,3277.2691708414504,8226.236459614556,0.0,,True
ragsr,feynman_test_15,1,30,0.01,7.633101060318204,20.211734320596246,0.06470340738380087,,True
ragsr,feynman_test_15,1,5,0.01,,,0.0,,False
ragsr,feynman_test_15,1,45,0.01,36.37154364338278,118.72633348983813,0.015687080952770438,,True
ragsr,feynman_test_15,1,20,0.01,94.48981814717297,157.73058327335997,0.0008791066729436636,,True
ragsr,CRK10,1,10,0.01,52.59156325037437,1347459.233264104,0.00996728285252424,,True
ragsr,CRK10,1,30,0.01,52.59156325037437,1347459.233264104,0.00996728285252424,,True
ragsr,CRK10,1,5,0.01,28.17037420494244,253306.4706958619,0.0196502637131048,,True
ragsr,CRK10,1,1,0.01,,,0.0,,False
ragsr,CRK10,1,3,0.01,,,0.0,,False
ragsr,CRK10,1,2,0.01,,,0.0,,False
ragsr,CRK10,1,20,0.01,52.59156325037437,1347459.233264104,0.00996728285252424,,True
ragsr,Keijzer-11,1,10,0.01,,,0.0,,False
ragsr,Keijzer-11,1,30,0.01,,,0.0,,False
ragsr,Keijzer-11,1,5,0.01,2.488965628043161,1.847033466781928,0.11919665486638192,,True
ragsr,Keijzer-11,1,1,0.01,,,0.0,,False
ragsr,Keijzer-11,1,45,0.01,,,0.0,,False
ragsr,Keijzer-11,1,3,0.01,,,0.0,,False
ragsr,Keijzer-11,1,2,0.01,,,0.0,,False
ragsr,Keijzer-11,1,20,0.01,,,0.0,,False
ragsr,strogatz_vdp1,1,10,0.01,1558.3578866231667,542.5030257189039,0.0,,True
ragsr,strogatz_vdp1,1,30,0.01,,,0.0,,False
ragsr,strogatz_vdp1,1,5,0.01,1313.7753667543059,520.62921963861,0.0,,True
ragsr,strogatz_vdp1,1,1,0.01,1034.4474799825546,415.56615579162957,0.0,,True
ragsr,strogatz_vdp1,1,45,0.01,,,0.0,,False
ragsr,strogatz_vdp1,1,3,0.01,,,0.0,,False
ragsr,strogatz_vdp1,1,2,0.01,,,0.0,,False
ragsr,strogatz_vdp1,1,20,0.01,3223.614916458174,863.947532677635,0.0,,True
ragsr,Vladislavleva-4,1,10,0.01,1.2299078350786192,1.308985777638857,0.1354711608548469,,True
ragsr,Vladislavleva-4,1,30,0.01,0.9402285954539198,0.9599225671526974,0.14444751224444224,,True
ragsr,Vladislavleva-4,1,5,0.01,,,0.0,,False
ragsr,Vladislavleva-4,1,1,0.01,10.510940762370273,12.629717342399573,0.06703445644669437,,True
ragsr,Vladislavleva-4,1,45,0.01,0.8651855306125492,0.8857131262103802,0.1469856311208676,,True
ragsr,Vladislavleva-4,1,3,0.01,0.8446329853539276,0.7468013043395365,0.15000453194018676,,True
ragsr,Vladislavleva-4,1,2,0.01,0.8159508511118281,0.7985626862733954,0.1495009638140078,,True
ragsr,Vladislavleva-4,1,20,0.01,0.9494936837274656,0.9776160753245561,0.1440121280615208,,True
drsr,strogatz_shearflow1,2,60,0.01,0.2282130991271659,0.793761905649371,0.16935604210497207,,True
drsr,strogatz_shearflow1,2,10,0.01,0.25535684862545305,0.5430487917768319,0.17350048707769405,,True
drsr,strogatz_shearflow1,2,30,0.01,0.25535684862545305,0.5430487917768319,0.17350048707769405,,True
drsr,strogatz_shearflow1,2,5,0.01,0.7215494526300451,2.56320150657972,0.13331968388436283,,True
drsr,strogatz_shearflow1,2,1,0.01,0.6685442633899427,2.136480799139811,0.13732752997535735,,True
drsr,strogatz_shearflow1,2,45,0.01,0.2553949414598705,0.5430188181837725,0.17349902959732993,,True
drsr,strogatz_shearflow1,2,3,0.01,0.6596887181606993,2.146276621689215,0.13746340171473492,,True
drsr,strogatz_shearflow1,2,2,0.01,0.6596596944284333,2.146037438145441,0.13746581273830694,,True
drsr,strogatz_shearflow1,2,20,0.01,0.25535684862545305,0.5430487917768319,0.17350048707769405,,True
drsr,feynman-i.43.31,2,60,0.01,0.5596224510836844,0.6670945086498418,0.15813991089361196,,True
drsr,feynman-i.43.31,2,10,0.01,0.9999987762538084,0.9999998866533146,0.1428571635961567,,True
drsr,feynman-i.43.31,2,30,0.01,0.5596224510836844,0.6670945086498418,0.15813991089361196,,True
drsr,feynman-i.43.31,2,5,0.01,0.9999998694660457,0.999999987910035,0.14285714506931374,,True
drsr,feynman-i.43.31,2,1,0.01,0.9999998694660457,0.999999987910035,0.14285714506931374,,True
drsr,feynman-i.43.31,2,45,0.01,0.5596224510836844,0.6670945086498418,0.15813991089361196,,True
drsr,feynman-i.43.31,2,3,0.01,0.9999998694660457,0.999999987910035,0.14285714506931374,,True
drsr,feynman-i.43.31,2,2,0.01,0.9999998694660457,0.999999987910035,0.14285714506931374,,True
drsr,feynman-i.43.31,2,20,0.01,0.5596224510836844,0.6670945086498418,0.15813991089361196,,True
drsr,III.21.20_3_0,2,60,0.01,0.0937259313415551,1.3571366099243374,0.17483988104433396,,True
drsr,III.21.20_3_0,2,10,0.01,0.12102072738010562,0.19936765260257364,0.20062448377505704,,True
drsr,III.21.20_3_0,2,30,0.01,0.0937259313415551,1.3571366099243374,0.17483988104433396,,True
drsr,III.21.20_3_0,2,5,0.01,0.21119006340773736,0.44852904102730745,0.17941199827675136,,True
drsr,III.21.20_3_0,2,1,0.01,0.22509131805403218,0.448613399008486,0.17842032196330815,,True
drsr,III.21.20_3_0,2,45,0.01,0.0937259313415551,1.3571366099243374,0.17483988104433396,,True
drsr,III.21.20_3_0,2,3,0.01,0.21119006340773736,0.44852904102730745,0.17941199827675136,,True
drsr,III.21.20_3_0,2,2,0.01,0.21119006340773736,0.44852904102730745,0.17941199827675136,,True
drsr,III.21.20_3_0,2,20,0.01,0.0937259313415551,1.3571366099243374,0.17483988104433396,,True
drsr,feynman_II_15_4,2,60,0.01,9.962950679352684e-09,3.720476877502734e-08,0.6939647646370579,,True
drsr,feynman_II_15_4,2,10,0.01,5.795700116607484e-09,5.795700116607831e-09,0.7312067210039443,,True
drsr,feynman_II_15_4,2,30,0.01,9.962950679352684e-09,3.720476877502734e-08,0.6939647646370579,,True
drsr,feynman_II_15_4,2,5,0.01,5.795700116607484e-09,5.795700116607831e-09,0.7312067210039443,,True
drsr,feynman_II_15_4,2,1,0.01,5.79575123160555e-09,5.795751231606414e-09,0.7312064474160951,,True
drsr,feynman_II_15_4,2,45,0.01,9.962950679352684e-09,3.720476877502734e-08,0.6939647646370579,,True
drsr,feynman_II_15_4,2,3,0.01,5.795700116607484e-09,5.795700116607831e-09,0.7312067210039443,,True
drsr,feynman_II_15_4,2,2,0.01,5.795700116607484e-09,5.795700116607831e-09,0.7312067210039443,,True
drsr,feynman_II_15_4,2,20,0.01,5.795700116607484e-09,5.795700116607831e-09,0.7312067210039443,,True
drsr,feynman-ii.34.11,2,60,0.01,0.9999999999999925,0.9999999999999997,0.14285714285714302,,True
drsr,feynman-ii.34.11,2,10,0.01,0.9999701873557282,0.9999997091587239,0.14285760978466716,,True
drsr,feynman-ii.34.11,2,30,0.01,0.9999999999999925,0.9999999999999997,0.14285714285714302,,True
drsr,feynman-ii.34.11,2,5,0.01,45845.616812646,30183231.456132263,0.0,,True
drsr,feynman-ii.34.11,2,1,0.01,133403464.02715558,86590336673.60387,0.0,,True
drsr,feynman-ii.34.11,2,45,0.01,0.9999999999999925,0.9999999999999997,0.14285714285714302,,True
drsr,feynman-ii.34.11,2,3,0.01,45845.616812646,30183231.456132263,0.0,,True
drsr,feynman-ii.34.11,2,2,0.01,45845.616812646,30183231.456132263,0.0,,True
drsr,feynman-ii.34.11,2,20,0.01,1.0003838406139496,1.0000212004854627,0.14285086160600302,,True
drsr,feynman-ii.27.18,-1,60,0.01,4.4980592257223795e-10,4.4998043621196596e-10,0.8104921856483311,,True
drsr,feynman-ii.27.18,-1,10,0.01,0.0028391498700969728,0.0030147989728224697,0.32384119011257506,,True
drsr,feynman-ii.27.18,-1,30,0.01,4.4980592257223795e-10,4.4998043621196596e-10,0.8104921856483311,,True
drsr,feynman-ii.27.18,-1,5,0.01,0.06641097272965313,0.1283076518655981,0.216768128622971,,True
drsr,feynman-ii.27.18,-1,1,0.01,0.10181648766266091,0.1708353491371659,0.20570014818600635,,True
drsr,feynman-ii.27.18,-1,45,0.01,4.4980592257223795e-10,4.4998043621196596e-10,0.8104921856483311,,True
drsr,feynman-ii.27.18,-1,3,0.01,0.06641097272965313,0.1283076518655981,0.216768128622971,,True
drsr,feynman-ii.27.18,-1,2,0.01,0.06641097272965313,0.1283076518655981,0.216768128622971,,True
drsr,feynman-ii.27.18,-1,20,0.01,4.4980592257223795e-10,4.4998043621196596e-10,0.8104921856483311,,True
drsr,Keijzer-11,-1,60,0.01,2.4952235264251064e+37,6.176854829992291e+40,0.0,,True
drsr,Keijzer-11,-1,10,0.01,0.2377473346573305,0.2667695971852768,0.18563385750523026,,True
drsr,Keijzer-11,-1,30,0.01,0.9817496364071399,0.8453986392239893,0.14574777523062965,,True
drsr,Keijzer-11,-1,5,0.01,0.06884902332456237,0.03460178781678084,0.23653584562547786,,True
drsr,Keijzer-11,-1,1,0.01,0.06885564145482306,0.03460880090875109,0.23653121139081867,,True
drsr,Keijzer-11,-1,45,0.01,5.399659910737427,7.018137057731423,0.08647899097687728,,True
drsr,Keijzer-11,-1,3,0.01,0.06884902332456237,0.03460178781678084,0.23653584562547786,,True
drsr,Keijzer-11,-1,2,0.01,0.06884902332456237,0.03460178781678084,0.23653584562547786,,True
drsr,Keijzer-11,-1,20,0.01,0.980376618498564,0.8442629776545184,0.14579033249487083,,True
drsr,II.6.15b_3_0,-1,60,0.01,0.07676463530096218,0.14201256600615164,0.21294685836828414,,True
drsr,II.6.15b_3_0,-1,10,0.01,0.09814377417846777,0.26303762416531046,0.19957569184914647,,True
drsr,II.6.15b_3_0,-1,30,0.01,0.09814377417846777,0.26303762416531046,0.19957569184914647,,True
drsr,II.6.15b_3_0,-1,5,0.01,0.09814377417846777,0.26303762416531046,0.19957569184914647,,True
drsr,II.6.15b_3_0,-1,1,0.01,0.218630365218856,0.30485889382790243,0.18486395179520315,,True
drsr,II.6.15b_3_0,-1,45,0.01,,0.1420474667798357,0.0,,False
drsr,II.6.15b_3_0,-1,3,0.01,0.09814377417846777,0.26303762416531046,0.19957569184914647,,True
drsr,II.6.15b_3_0,-1,2,0.01,0.09814377417846777,0.26303762416531046,0.19957569184914647,,True
drsr,II.6.15b_3_0,-1,20,0.01,0.09814377417846777,0.26303762416531046,0.19957569184914647,,True
drsr,MatSci21,-1,60,0.01,1.0382416185339587e-05,6.98653088517368e-05,0.4692657136745183,,True
drsr,MatSci21,-1,10,0.01,0.010429528363515392,0.009504410181414446,0.28585036284309023,,True
drsr,MatSci21,-1,30,0.01,0.0007183954889231608,0.0023230365368436395,0.34919929867751726,,True
drsr,MatSci21,-1,5,0.01,0.010429528363515392,0.009504410181414446,0.28585036284309023,,True
drsr,MatSci21,-1,1,0.01,0.04447186391780113,0.07044955897305108,0.2322870138999948,,True
drsr,MatSci21,-1,45,0.01,0.0001883013232988415,0.0019115534648245008,0.37299143494649123,,True
drsr,MatSci21,-1,3,0.01,0.010429528363515392,0.009504410181414446,0.28585036284309023,,True
drsr,MatSci21,-1,2,0.01,0.010429528363515392,0.009504410181414446,0.28585036284309023,,True
drsr,MatSci21,-1,20,0.01,0.0007183954889231608,0.0023230365368436395,0.34919929867751726,,True
drsr,BPG5,-1,60,0.01,7.95691249644123e-08,0.0008798877462126481,0.50552957672857,,True
drsr,BPG5,-1,10,0.01,3.758348258012542e-08,0.0010812439764902927,0.5139671170887602,,True
drsr,BPG5,-1,30,0.01,7.95691249644123e-08,0.0008798877462126481,0.50552957672857,,True
drsr,BPG5,-1,5,0.01,3.3836540290722314e-08,0.0027313667642292466,0.5012226438734186,,True
drsr,BPG5,-1,1,0.01,0.508242477406976,233.84801732087922,0.08192603716846819,,True
drsr,BPG5,-1,45,0.01,7.95691249644123e-08,0.0008798877462126481,0.50552957672857,,True
drsr,BPG5,-1,3,0.01,0.06448388731389108,64.22695497519211,0.12081540918547717,,True
drsr,BPG5,-1,2,0.01,0.06448388731389108,64.22695497519211,0.12081540918547717,,True
drsr,BPG5,-1,20,0.01,5.0527736187893146e-08,0.002647482228958401,0.4954870394842211,,True
drsr,BPG9,-1,60,0.01,1.5629273841059913e-07,0.0008049689716924542,0.4964386449671339,,True
drsr,BPG9,-1,10,0.01,9.313785412661642e-07,3.7980460717228364e-05,0.5161183408478156,,True
drsr,BPG9,-1,30,0.01,9.943660895101735e-07,1.8859252137524025e-05,0.5259617581382856,,True
drsr,BPG9,-1,5,0.01,0.022160027006391605,3.8321605765961895,0.18110664342553584,,True
drsr,BPG9,-1,1,0.01,10269.181461819493,371911657.99400854,0.0,,True
drsr,BPG9,-1,45,0.01,1.5629273841059913e-07,0.0008049689716924542,0.4964386449671339,,True
drsr,BPG9,-1,3,0.01,10269.181461819493,371911657.99400854,0.0,,True
drsr,BPG9,-1,2,0.01,10269.181461819493,371911657.99400854,0.0,,True
drsr,BPG9,-1,20,0.01,9.313785412661642e-07,3.7980460717228364e-05,0.5161183408478156,,True
drsr,BPG3,-1,60,0.01,2.611327969318576e-07,2817.605194339831,0.30654066355733905,,True
drsr,BPG3,-1,10,0.01,1.774053640035272e-07,2116.2711217349424,0.31253690189425576,,True
drsr,BPG3,-1,30,0.01,2.2383397493436583e-07,1676.0415749403867,0.3089312140301781,,True
drsr,BPG3,-1,5,0.01,1.774053640035272e-07,2116.2711217349424,0.31253690189425576,,True
drsr,BPG3,-1,1,0.01,0.0006251022354566562,3209244.9979721615,0.18585889099978875,,True
drsr,BPG3,-1,45,0.01,1.903688876480379e-07,5335.360536706166,0.31144300099040173,,True
drsr,BPG3,-1,3,0.01,1.8072496487590777e-07,0.040469479651398944,0.4334233653797163,,True
drsr,BPG3,-1,2,0.01,0.0006251022354566562,3209244.9979721615,0.18585889099978875,,True
drsr,BPG3,-1,20,0.01,1.774053640035272e-07,2116.2711217349424,0.31253690189425576,,True
drsr,II.34.2_1_0,-1,60,0.01,0.021722115629002274,2.4068300016276,0.1886304450863714,,True
drsr,II.34.2_1_0,-1,10,0.01,0.09079695297138059,0.3585672543094602,0.19597707499791145,,True
drsr,II.34.2_1_0,-1,30,0.01,0.021722118163300802,2.407010131220932,0.18862928249740396,,True
drsr,II.34.2_1_0,-1,5,0.01,0.09079695297138059,0.3585672543094602,0.19597707499791145,,True
drsr,II.34.2_1_0,-1,1,0.01,0.09079695297138059,0.3585672543094602,0.19597707499791145,,True
drsr,II.34.2_1_0,-1,45,0.01,0.021722117263866674,2.406836918259723,0.1886303993456953,,True
drsr,II.34.2_1_0,-1,3,0.01,0.09079695297138059,0.3585672543094602,0.19597707499791145,,True
drsr,II.34.2_1_0,-1,2,0.01,0.09079695297138059,0.3585672543094602,0.19597707499791145,,True
drsr,II.34.2_1_0,-1,20,0.01,0.09079699030975133,0.35856983415311816,0.19597695702382817,,True
drsr,Korns-4,-1,60,0.01,0.0018487588095646309,0.001895915616461702,0.3376893121320935,,True
drsr,Korns-4,-1,10,0.01,0.0016354328627551933,0.0018745066254186582,0.33976715356846626,,True
drsr,Korns-4,-1,30,0.01,0.0018487589008090212,0.0018959156329032415,0.3376893112320727,,True
drsr,Korns-4,-1,5,0.01,0.0016670147355925056,0.001857503440614745,0.3396118190834612,,True
drsr,Korns-4,-1,1,0.01,0.0015586899867387034,0.0017026580723104976,0.3420040290296996,,True
drsr,Korns-4,-1,45,0.01,0.0018487593236418802,0.001895915650498201,0.3376893075406911,,True
drsr,Korns-4,-1,3,0.01,0.001667015726103198,0.0018575035485888594,0.3396118089657838,,True
drsr,Korns-4,-1,2,0.01,0.0015990290439952082,0.0018325629232106787,0.34046731258153873,,True
drsr,Korns-4,-1,20,0.01,0.0018487586432772505,0.0018959151783187887,0.3376893171116484,,True
drsr,first_principles_hubble,-1,60,0.01,0.029527781616753967,0.10588561447766037,0.23231900780409453,,True
drsr,first_principles_hubble,-1,10,0.01,0.022269080680129914,0.12038704086812003,0.2347042132760933,,True
drsr,first_principles_hubble,-1,30,0.01,0.029527781616753967,0.10588561447766037,0.23231900780409453,,True
drsr,first_principles_hubble,-1,5,0.01,0.022269080680129914,0.12038704086812003,0.2347042132760933,,True
drsr,first_principles_hubble,-1,1,0.01,0.06886385708230124,0.03415245600556722,0.23673523983732564,,True
drsr,first_principles_hubble,-1,45,0.01,0.029527781616753967,0.10588561447766037,0.23231900780409453,,True
drsr,first_principles_hubble,-1,3,0.01,0.06886385708230124,0.03415245600556722,0.23673523983732564,,True
drsr,first_principles_hubble,-1,2,0.01,0.06886385708230124,0.03415245600556722,0.23673523983732564,,True
drsr,first_principles_hubble,-1,20,0.01,0.022269080680129914,0.12038704086812003,0.2347042132760933,,True
drsr,feynman-bonus.20,1,60,0.01,0.9999999840613419,1.0000000005709202,0.1428571430955044,,True
drsr,feynman-bonus.20,1,10,0.01,6.67083209771754e+22,7.005138603566658e+21,0.0,,True
drsr,feynman-bonus.20,1,30,0.01,0.9999999840613419,1.0000000005709202,0.1428571430955044,,True
drsr,feynman-bonus.20,1,5,0.01,6.67083209771754e+22,7.005138603566658e+21,0.0,,True
drsr,feynman-bonus.20,1,1,0.01,2.0277300974340947e+62,6.401436791352654e+65,0.0,,True
drsr,feynman-bonus.20,1,45,0.01,0.9999999840613419,1.0000000005709202,0.1428571430955044,,True
drsr,feynman-bonus.20,1,3,0.01,2.2988144544815355e+45,1.3602774395467226e+59,0.0,,True
drsr,feynman-bonus.20,1,2,0.01,2.0277300974340947e+62,6.401436791352654e+65,0.0,,True
drsr,feynman-bonus.20,1,20,0.01,6.67083209771754e+22,7.005138603566658e+21,0.0,,True
drsr,II.6.15b_3_0,1,10,0.01,0.1922158659887186,0.29613525464659357,0.18731145194861326,,True
drsr,II.6.15b_3_0,1,30,0.01,0.1922158659887186,0.29613525464659357,0.18731145194861326,,True
drsr,II.6.15b_3_0,1,5,0.01,0.1922158659887186,0.29613525464659357,0.18731145194861326,,True
drsr,II.6.15b_3_0,1,1,0.01,0.2186295651275782,0.30478599923274013,0.1848677177092981,,True
drsr,II.6.15b_3_0,1,45,0.01,0.1922158659887186,0.29613525464659357,0.18731145194861326,,True
drsr,II.6.15b_3_0,1,3,0.01,0.2186295651275782,0.30478599923274013,0.1848677177092981,,True
drsr,II.6.15b_3_0,1,2,0.01,0.2186295651275782,0.30478599923274013,0.1848677177092981,,True
drsr,II.6.15b_3_0,1,20,0.01,0.1922158659887186,0.29613525464659357,0.18731145194861326,,True
drsr,MatSci21,1,60,0.01,1.325363155538835e-07,3.817962710514856e-07,0.6177083365845821,,True
drsr,MatSci21,1,10,0.01,2.25364580819072e-06,4.285902570204734e-06,0.5362525730065527,,True
drsr,MatSci21,1,30,0.01,2.25364580819072e-06,4.285902570204734e-06,0.5362525730065527,,True
drsr,MatSci21,1,5,0.01,0.0007791696853083675,0.005802426985057721,0.333741366729566,,True
drsr,MatSci21,1,1,0.01,0.04446793656504937,0.07059319380796077,0.23225679255949488,,True
drsr,MatSci21,1,45,0.01,1.325363155538835e-07,3.817962710514856e-07,0.6177083365845821,,True
drsr,MatSci21,1,3,0.01,0.0007791696853083675,0.005802426985057721,0.333741366729566,,True
drsr,MatSci21,1,2,0.01,0.044468287708435215,0.07057193392894737,0.23226134193845566,,True
drsr,MatSci21,1,20,0.01,2.25364580819072e-06,4.285902570204734e-06,0.5362525730065527,,True
drsr,feynman-i.15.3t,1,60,0.01,1.0854834985698151e+30,9.905351897452153e+29,0.0,,True
drsr,feynman-i.15.3t,1,10,0.01,1.0854834985698151e+30,9.905351897452153e+29,0.0,,True
drsr,feynman-i.15.3t,1,30,0.01,1.0854834985698151e+30,9.905351897452153e+29,0.0,,True
drsr,feynman-i.15.3t,1,5,0.01,1.0854848720651391e+30,9.905364430995537e+29,0.0,,True
drsr,feynman-i.15.3t,1,1,0.01,0.9999999995858986,0.9999999999800865,0.1428571428638747,,True
drsr,feynman-i.15.3t,1,45,0.01,1.0854834985698151e+30,9.905351897452153e+29,0.0,,True
drsr,feynman-i.15.3t,1,3,0.01,1.0854848720651391e+30,9.905364430995537e+29,0.0,,True
drsr,feynman-i.15.3t,1,2,0.01,0.9999999995858986,0.9999999999800865,0.1428571428638747,,True
drsr,feynman-i.15.3t,1,20,0.01,1.0854834985698151e+30,9.905351897452153e+29,0.0,,True
drsr,BPG5,1,60,0.01,7.124533309158534e-08,0.001481582016243889,0.4991613528904234,,True
drsr,BPG5,1,10,0.01,3.3934481829056886e-08,0.0007933082324588592,0.5203541720300486,,True
drsr,BPG5,1,30,0.01,4.448306998988687e-08,0.00044245174364707676,0.5252121191680595,,True
drsr,BPG5,1,5,0.01,3.3934481829056886e-08,0.0007933082324588592,0.5203541720300486,,True
drsr,BPG5,1,1,0.01,0.074849882721737,94.87947909240286,0.11245130657611513,,True
drsr,BPG5,1,45,0.01,7.124533309158534e-08,0.001481582016243889,0.4991613528904234,,True
drsr,BPG5,1,3,0.01,3.139076289950771e-08,0.0006619730957320523,0.5243699210860638,,True
drsr,BPG5,1,2,0.01,3.155947858484915e-08,0.0006629356368576696,0.5242642433940585,,True
drsr,BPG5,1,20,0.01,3.732750590803091e-08,0.0008526611019022847,0.5177569491446945,,True
gplearn,Keijzer-2,2,60,0.01,0.055918681994097816,0.7558303615945626,0.1919292407144893,22.0,True
gplearn,Keijzer-2,2,10,0.01,0.05777680398018248,0.5963089534103602,0.19509911269085678,23.0,True
gplearn,Keijzer-2,2,30,0.01,0.055918681994097816,0.7558303615945626,0.1919292407144893,22.0,True
gplearn,Keijzer-2,2,5,0.01,0.0673828256658845,1.1652553915319899,0.18232248785697247,27.0,True
gplearn,Keijzer-2,2,1,0.01,0.8044461827343722,0.19025263998894493,0.17197043974789705,17.0,True
gplearn,Keijzer-2,2,45,0.01,0.055918681994097816,0.7558303615945626,0.1919292407144893,22.0,True
gplearn,Keijzer-2,2,3,0.01,0.46410109244801917,0.2929158061507562,0.1738087357798495,7.0,True
gplearn,Keijzer-2,2,2,0.01,0.48213341790461334,0.18549970254990317,0.18030319813754359,7.0,True
gplearn,Keijzer-2,2,20,0.01,0.056099695882026915,0.6828856797985788,0.19345326740919416,22.0,True
gplearn,II.11.27_1_0,2,60,0.01,0.9776583647519936,0.9973614648338065,0.14324858197393053,27.0,True
gplearn,II.11.27_1_0,2,10,0.01,0.9777133371972456,0.9972738755734721,0.14324907207107002,18.0,True
gplearn,II.11.27_1_0,2,30,0.01,0.9777070324449675,0.9972746315356747,0.14324916033303986,19.0,True
gplearn,II.11.27_1_0,2,5,0.01,0.9777508734627335,0.9972554742166297,0.14324876280179372,12.0,True
gplearn,II.11.27_1_0,2,1,0.01,0.9780625736696678,0.9973398199518502,0.14324250715341813,18.0,True
gplearn,II.11.27_1_0,2,45,0.01,0.9777093482071129,0.9973395558148778,0.14324811386716935,23.0,True
gplearn,II.11.27_1_0,2,3,0.01,0.9777508734627335,0.9972554742166297,0.14324876280179372,12.0,True
gplearn,II.11.27_1_0,2,2,0.01,0.9777508734627335,0.9972554742166297,0.14324876280179372,12.0,True
gplearn,II.11.27_1_0,2,20,0.01,0.9777075033261441,0.9972767952703029,0.14324911921057765,20.0,True
gplearn,first_principles_leavitt,2,60,0.01,0.0003336989243119199,0.0006795563929819843,0.38015784610055425,18.0,True
gplearn,first_principles_leavitt,2,10,0.01,0.00034107982382153355,0.0006730092045513554,0.3799686773582645,18.0,True
gplearn,first_principles_leavitt,2,30,0.01,0.0003331683918233088,0.0006643133783363902,0.3805344003164187,18.0,True
gplearn,first_principles_leavitt,2,5,0.01,0.00033859618190207916,0.0006702787635464618,0.38014508869871166,19.0,True
gplearn,first_principles_leavitt,2,1,0.01,0.0003483488656046905,0.0003172685232685369,0.3913056647226817,19.0,True
gplearn,first_principles_leavitt,2,45,0.01,0.0003331683918233088,0.0006643133783363902,0.3805344003164187,18.0,True
gplearn,first_principles_leavitt,2,3,0.01,0.0003576172027449015,0.0005409336789376504,0.3826227705848448,19.0,True
gplearn,first_principles_leavitt,2,2,0.01,0.0003576172027449015,0.0005409336789376504,0.3826227705848448,19.0,True
gplearn,first_principles_leavitt,2,20,0.01,0.00034107982382153355,0.0006730092045513554,0.3799686773582645,18.0,True
gplearn,strogatz_shearflow1,2,60,0.01,0.720314259772963,2.329471733015744,0.1348293050970073,14.0,True
gplearn,strogatz_shearflow1,2,10,0.01,0.8003445057575517,2.5309208501126013,0.13190873101670003,8.0,True
gplearn,strogatz_shearflow1,2,30,0.01,0.8138940058908435,2.596978334241961,0.1312487079822715,10.0,True
gplearn,strogatz_shearflow1,2,5,0.01,0.8003445057575517,2.5309208501126013,0.13190873101670003,8.0,True
gplearn,strogatz_shearflow1,2,1,0.01,0.8003445057575517,2.5309208501126013,0.13190873101670003,8.0,True
gplearn,strogatz_shearflow1,2,45,0.01,0.8138940058908435,2.596978334241961,0.1312487079822715,10.0,True
gplearn,strogatz_shearflow1,2,3,0.01,0.8003445057575517,2.5309208501126013,0.13190873101670003,8.0,True
gplearn,strogatz_shearflow1,2,2,0.01,0.8003445057575517,2.5309208501126013,0.13190873101670003,8.0,True
gplearn,strogatz_shearflow1,2,20,0.01,0.8003445057575517,2.5309208501126013,0.13190873101670003,8.0,True
gplearn,MatSci21,-1,10,0.01,0.0003909296819215886,0.003021890019409815,0.3545579535555812,112.0,True
gplearn,MatSci21,-1,30,0.01,0.0003795693560023884,0.002803314564337601,0.3561798937007617,143.0,True
gplearn,MatSci21,-1,5,0.01,0.0004204295902666425,0.002797509428984861,0.35462625594596237,181.0,True
gplearn,MatSci21,-1,1,0.01,0.0005925692597197571,0.002970412065066789,0.34837300648681463,135.0,True
gplearn,MatSci21,-1,45,0.01,0.0003796484815112755,0.0028032521159884524,0.3561770062212706,112.0,True
gplearn,MatSci21,-1,3,0.01,0.00039657875926232247,0.002792551248499066,0.35555962136881963,119.0,True
gplearn,MatSci21,-1,2,0.01,0.0004371468353339813,0.00280795914308835,0.3539636384618945,114.0,True
gplearn,MatSci21,-1,20,0.01,0.0003675949701229807,0.002784087462488383,0.3567838416147125,116.0,True
gplearn,feynman-ii.27.18,-1,60,0.01,0.9998377886226708,0.9977106907025481,0.14289520812180562,2.0,True
gplearn,feynman-ii.27.18,-1,10,0.01,1.0000000000000002,1.0000000000000002,0.1428571428571429,1.0,True
gplearn,feynman-ii.27.18,-1,30,0.01,0.999876910132067,0.9982626595001294,0.1428860226471404,8.0,True
gplearn,feynman-ii.27.18,-1,5,0.01,1.0000000000000002,1.0000000000000002,0.1428571428571429,1.0,True
gplearn,feynman-ii.27.18,-1,1,0.01,1.0000000000000002,1.0000000000000002,0.1428571428571429,1.0,True
gplearn,feynman-ii.27.18,-1,45,0.01,1.0000000000000002,1.0000000000000002,0.1428571428571429,1.0,True
gplearn,feynman-ii.27.18,-1,3,0.01,1.0000000000000002,1.0000000000000002,0.1428571428571429,1.0,True
gplearn,feynman-ii.27.18,-1,2,0.01,1.0000000000000002,1.0000000000000002,0.1428571428571429,1.0,True
gplearn,feynman-ii.27.18,-1,20,0.01,0.9998377886226708,0.9977106907025481,0.14289520812180562,2.0,True
gplearn,CRK10,-1,60,0.01,0.005078183835592217,0.6693923080492556,0.23102181655946213,6.0,True
gplearn,CRK10,-1,10,0.01,0.9714017658986424,61.45471390714507,0.07943021107645731,1.0,True
gplearn,CRK10,-1,30,0.01,0.9714017658986424,61.45471390714507,0.07943021107645731,1.0,True
gplearn,CRK10,-1,5,0.01,0.9714017658986424,61.45471390714507,0.07943021107645731,1.0,True
gplearn,CRK10,-1,1,0.01,0.9714017658986424,61.45471390714507,0.07943021107645731,1.0,True
gplearn,CRK10,-1,45,0.01,0.005078183835592217,0.6693923080492556,0.23102181655946213,6.0,True
gplearn,CRK10,-1,3,0.01,0.9714017658986424,61.45471390714507,0.07943021107645731,1.0,True
gplearn,CRK10,-1,2,0.01,0.9714017658986424,61.45471390714507,0.07943021107645731,1.0,True
gplearn,CRK10,-1,20,0.01,0.9714017658986424,61.45471390714507,0.07943021107645731,1.0,True
gplearn,Keijzer-11,-1,10,0.01,0.1145554377344561,0.06375086747817257,0.21916064971794053,76.0,True
gplearn,Keijzer-11,-1,30,0.01,0.17277519037971145,0.067718039149917,0.21185050877381573,102.0,True
gplearn,Keijzer-11,-1,5,0.01,0.1139851742761912,0.06248555956137968,0.2195489988971111,72.0,True
gplearn,Keijzer-11,-1,1,0.01,0.046235131696607756,0.015599646191793886,0.25506832687666253,3.0,True
gplearn,Keijzer-11,-1,45,0.01,0.20677970458258907,0.09661106699409902,0.20355232896023906,183.0,True
gplearn,Keijzer-11,-1,3,0.01,0.10482573508494074,0.05516926548020052,0.22277981720061207,27.0,True
gplearn,Keijzer-11,-1,2,0.01,0.046235131696607756,0.015599646191793886,0.25506832687666253,3.0,True
gplearn,Keijzer-11,-1,20,0.01,0.11152283598115494,0.06335165131531313,0.21967422341228843,163.0,True
gplearn,feynman_II_15_4,-1,10,0.01,0.07022500210536384,2.9445325610159885,0.16730328135500722,80.0,True
gplearn,feynman_II_15_4,-1,30,0.01,0.07009993851294705,2.95789666114208,0.167260691636257,88.0,True
gplearn,feynman_II_15_4,-1,5,0.01,0.07266219504432969,2.9165518428619848,0.16692220664749013,57.0,True
gplearn,feynman_II_15_4,-1,1,0.01,0.13362161914231757,3.6415037825215832,0.1540300894514749,15.0,True
gplearn,feynman_II_15_4,-1,45,0.01,0.06967411003226491,2.9461337932240266,0.16741700372547286,92.0,True
gplearn,feynman_II_15_4,-1,3,0.01,0.07170332822858273,2.988735159891562,0.16674904473790747,38.0,True
gplearn,feynman_II_15_4,-1,2,0.01,0.09082554292542606,3.1803334446591234,0.16211854789483715,26.0,True
gplearn,feynman_II_15_4,-1,20,0.01,0.06978985440781638,2.9452289417360666,0.16739602314968766,92.0,True
gplearn,feynman-i.13.12,-1,60,0.01,1.0,1.0,0.1428571428571429,1.0,True
gplearn,feynman-i.13.12,-1,10,0.01,1.0,1.0,0.1428571428571429,3.0,True
gplearn,feynman-i.13.12,-1,30,0.01,1.0,1.0,0.1428571428571429,3.0,True
gplearn,feynman-i.13.12,-1,5,0.01,1.0,1.0,0.1428571428571429,3.0,True
gplearn,feynman-i.13.12,-1,1,0.01,1.0,1.0,0.1428571428571429,3.0,True
gplearn,feynman-i.13.12,-1,45,0.01,1.0,1.0,0.1428571428571429,3.0,True
gplearn,feynman-i.13.12,-1,3,0.01,1.0,1.0,0.1428571428571429,3.0,True
gplearn,feynman-i.13.12,-1,2,0.01,1.0,1.0,0.1428571428571429,3.0,True
gplearn,feynman-i.13.12,-1,20,0.01,1.0,1.0,0.1428571428571429,3.0,True
gplearn,strogatz_barmag1,-1,60,0.01,0.050083220652080505,0.28669257271789905,0.20867468961552932,12.0,True
gplearn,strogatz_barmag1,-1,10,0.01,0.07327350102741426,0.6735770606124153,0.1895237774599638,12.0,True
gplearn,strogatz_barmag1,-1,30,0.01,0.050083220652080505,0.28669257271789905,0.20867468961552932,12.0,True
gplearn,strogatz_barmag1,-1,5,0.01,0.07327350102741426,0.6735770606124153,0.1895237774599638,12.0,True
gplearn,strogatz_barmag1,-1,1,0.01,0.03421474528988316,0.3977956655568182,0.20950452293096128,12.0,True
gplearn,strogatz_barmag1,-1,45,0.01,0.050083220652080505,0.28669257271789905,0.20867468961552932,12.0,True
gplearn,strogatz_barmag1,-1,3,0.01,0.07327350102741426,0.6735770606124153,0.1895237774599638,12.0,True
gplearn,strogatz_barmag1,-1,2,0.01,0.07327350102741426,0.6735770606124153,0.1895237774599638,12.0,True
gplearn,strogatz_barmag1,-1,20,0.01,0.07327350102741426,0.6735770606124153,0.1895237774599638,12.0,True
gplearn,BPG3,-1,60,0.01,0.013413041894059482,0.03219663716702436,0.26302365019677554,5.0,True
gplearn,BPG3,-1,10,0.01,0.018995178304774808,0.02261363369692586,0.2631066525853637,3.0,True
gplearn,BPG3,-1,30,0.01,0.013337381323190086,0.032386044358418235,0.26302041162652656,3.0,True
gplearn,BPG3,-1,5,0.01,0.018995178304774808,0.02261363369692586,0.2631066525853637,3.0,True
gplearn,BPG3,-1,1,0.01,0.010958704082421633,0.04098367662120856,0.26241535300141994,3.0,True
gplearn,BPG3,-1,45,0.01,0.013337381323190086,0.032386044358418235,0.26302041162652656,3.0,True
gplearn,BPG3,-1,3,0.01,0.010958704082421633,0.04098367662120856,0.26241535300141994,3.0,True
gplearn,BPG3,-1,2,0.01,0.010958704082421633,0.04098367662120856,0.26241535300141994,3.0,True
gplearn,BPG3,-1,20,0.01,0.011758015713772994,0.03724039986213301,0.2628089867231576,3.0,True
gplearn,Keijzer-2,1,60,0.01,28.90084633081571,1.1582661157236191,0.08840289598775675,25.0,True
gplearn,Keijzer-2,1,10,0.01,28.90084633081571,1.1582661157236191,0.08840289598775675,25.0,True
gplearn,Keijzer-2,1,30,0.01,28.90084633081571,1.1582661157236191,0.08840289598775675,25.0,True
gplearn,Keijzer-2,1,5,0.01,0.3893016974525851,1.2833075566332726,0.15362081968108215,25.0,True
gplearn,Keijzer-2,1,1,0.01,17.280839772690097,1.0714806204692988,0.09758752985869529,8.0,True
gplearn,Keijzer-2,1,45,0.01,28.90084633081571,1.1582661157236191,0.08840289598775675,25.0,True
gplearn,Keijzer-2,1,3,0.01,0.3893016974525851,1.2833075566332726,0.15362081968108215,25.0,True
gplearn,Keijzer-2,1,2,0.01,0.3893016974525851,1.2833075566332726,0.15362081968108215,25.0,True
gplearn,Keijzer-2,1,20,0.01,28.90084633081571,1.1582661157236191,0.08840289598775675,25.0,True
gplearn,feynman-iii.7.38,1,60,0.01,0.9999998751412477,1.0,0.14285714479376682,985.0,True
gplearn,feynman-iii.7.38,1,10,0.01,1.0,1.0,0.1428571428571429,5.0,True
gplearn,feynman-iii.7.38,1,30,0.01,1.0,1.0,0.1428571428571429,15.0,True
gplearn,feynman-iii.7.38,1,5,0.01,1.0,1.0,0.1428571428571429,3.0,True
gplearn,feynman-iii.7.38,1,1,0.01,1.0,1.0,0.1428571428571429,8.0,True
gplearn,feynman-iii.7.38,1,45,0.01,1.0,1.0,0.1428571428571429,2.0,True
gplearn,feynman-iii.7.38,1,3,0.01,1.0,1.0,0.1428571428571429,6.0,True
gplearn,feynman-iii.7.38,1,2,0.01,1.0,1.0,0.1428571428571429,3.0,True
gplearn,feynman-iii.7.38,1,20,0.01,1.0,1.0,0.1428571428571429,18.0,True
gplearn,strogatz_barmag2,1,60,0.01,0.14088155713350392,0.35417447125916646,0.18935459295088697,5.0,True
gplearn,strogatz_barmag2,1,10,0.01,0.12979220028202446,0.40775990911323645,0.18844096005057215,5.0,True
gplearn,strogatz_barmag2,1,30,0.01,0.14088155713350392,0.35417447125916646,0.18935459295088697,5.0,True
gplearn,strogatz_barmag2,1,5,0.01,0.16965331733024605,0.4347989692465445,0.1832910406451641,4.0,True
gplearn,strogatz_barmag2,1,1,0.01,0.6398484721577048,0.7713085435205357,0.1538105257432284,9.0,True
gplearn,strogatz_barmag2,1,45,0.01,0.14088155713350392,0.35417447125916646,0.18935459295088697,5.0,True
gplearn,strogatz_barmag2,1,3,0.01,0.6338483826674182,2.9236052996075683,0.13328913832239297,14.0,True
gplearn,strogatz_barmag2,1,2,0.01,0.6688891821813737,3.265386543625773,0.13073968675089986,13.0,True
gplearn,strogatz_barmag2,1,20,0.01,0.14088155713350392,0.35417447125916646,0.18935459295088697,5.0,True
gplearn,feynman_I_27_6,1,10,0.01,0.007391557938093644,0.08164030161074186,0.2578342647881938,20.0,True
gplearn,feynman_I_27_6,1,30,0.01,0.007391557938093644,0.08164030161074186,0.2578342647881938,20.0,True
gplearn,feynman_I_27_6,1,5,0.01,0.007391557938093644,0.08164030161074186,0.2578342647881938,20.0,True
gplearn,feynman_I_27_6,1,1,0.01,0.007391557938093644,0.08164030161074186,0.2578342647881938,20.0,True
gplearn,feynman_I_27_6,1,45,0.01,0.003933726839729741,0.0895373209169211,0.26618541805329876,20.0,True
gplearn,feynman_I_27_6,1,3,0.01,0.007391557938093644,0.08164030161074186,0.2578342647881938,20.0,True
gplearn,feynman_I_27_6,1,2,0.01,0.007391557938093644,0.08164030161074186,0.2578342647881938,20.0,True
gplearn,feynman_I_27_6,1,20,0.01,0.007391557938093644,0.08164030161074186,0.2578342647881938,20.0,True
gplearn,CRK34,1,60,0.01,0.03535779252903631,76.70498629357745,0.12738183072080483,5.0,True
gplearn,CRK34,1,10,0.01,0.03535779252903631,76.70498629357745,0.12738183072080483,5.0,True
gplearn,CRK34,1,30,0.01,0.03535779252903631,76.70498629357745,0.12738183072080483,5.0,True
gplearn,CRK34,1,5,0.01,0.03535779252903631,76.70498629357745,0.12738183072080483,5.0,True
gplearn,CRK34,1,1,0.01,0.03535779252903631,76.70498629357745,0.12738183072080483,5.0,True
gplearn,CRK34,1,45,0.01,0.03535779252903631,76.70498629357745,0.12738183072080483,5.0,True
gplearn,CRK34,1,3,0.01,0.03535779252903631,76.70498629357745,0.12738183072080483,5.0,True
gplearn,CRK34,1,2,0.01,0.03535779252903631,76.70498629357745,0.12738183072080483,5.0,True
gplearn,CRK34,1,20,0.01,0.03535779252903631,76.70498629357745,0.12738183072080483,5.0,True
gplearn,CRK33,1,60,0.01,0.014121418224495573,0.06555518054908152,0.25119695238343115,6.0,True
gplearn,CRK33,1,10,0.01,0.010584096506983082,9.945046333032433,0.17777640707337006,6.0,True
gplearn,CRK33,1,30,0.01,0.012195234164461765,0.07041544157765739,0.25236221246936785,6.0,True
gplearn,CRK33,1,5,0.01,0.010584096506983082,9.945046333032433,0.17777640707337006,6.0,True
gplearn,CRK33,1,1,0.01,0.008714514118331058,8.073185734021335,0.18402542421651402,6.0,True
gplearn,CRK33,1,45,0.01,0.014121418224495573,0.06555518054908152,0.25119695238343115,6.0,True
gplearn,CRK33,1,3,0.01,0.015652304362259957,10.818244121786108,0.17040231922668347,6.0,True
gplearn,CRK33,1,2,0.01,0.008714514118331058,8.073185734021335,0.18402542421651402,6.0,True
gplearn,CRK33,1,20,0.01,0.010584096506983082,9.945046333032433,0.17777640707337006,6.0,True
pysr,II.11.27_1_0,2,60,0.01,3.1473328511617593e-08,1.1141479889828592e-07,0.6591112301584767,26.0,True
pysr,II.11.27_1_0,2,10,0.01,0.011608040458857334,0.2462532894977918,0.23370925165266565,30.0,True
pysr,II.11.27_1_0,2,30,0.01,0.0004503047367235078,0.006690614536602742,0.3400366955326708,29.0,True
pysr,II.11.27_1_0,2,5,0.01,0.015224502878486344,0.21802149719936426,0.23139134148760832,30.0,True
pysr,II.11.27_1_0,2,1,0.01,0.014295438964439968,0.17893870466122666,0.23543207911548403,20.0,True
pysr,II.11.27_1_0,2,45,0.01,2.4783534513271727e-08,1.5730519244119265e-07,0.6574676320753313,20.0,True
pysr,II.11.27_1_0,2,3,0.01,0.015224502878486344,0.21802149719936426,0.23139134148760832,30.0,True
pysr,II.11.27_1_0,2,2,0.01,0.015224502878486344,0.21802149719936426,0.23139134148760832,30.0,True
pysr,II.11.27_1_0,2,20,0.01,0.0004951126193886224,0.0047072580133056775,0.3440188571729699,28.0,True
pysr,first_principles_leavitt,2,10,0.01,0.0003471310582759568,8.512629929264267e-05,0.4117658133581563,30.0,True
pysr,first_principles_leavitt,2,30,0.01,0.0003471310582759568,8.512629929264267e-05,0.4117658133581563,30.0,True
pysr,first_principles_leavitt,2,5,0.01,0.0003471310582759568,8.512629929264267e-05,0.4117658133581563,30.0,True
pysr,first_principles_leavitt,2,1,0.01,0.00035786641324550285,0.00011470712351254146,0.40666745250907027,29.0,True
pysr,first_principles_leavitt,2,45,0.01,0.00025421012129468333,0.0006010857896250757,0.38628109647443415,26.0,True
pysr,first_principles_leavitt,2,3,0.01,0.0003471310582759568,8.512629929264267e-05,0.4117658133581563,30.0,True
pysr,first_principles_leavitt,2,2,0.01,0.00031278859283456116,0.00013870170279837928,0.40580954646110595,28.0,True
pysr,first_principles_leavitt,2,20,0.01,0.0003471310582759568,8.512629929264267e-05,0.4117658133581563,30.0,True
pysr,strogatz_shearflow1,2,10,0.01,2.187749937159298e-06,5.974434027136333e-06,0.531560912506404,29.0,True
pysr,strogatz_shearflow1,2,30,0.01,1.721703104141956e-06,6.0942612928575175e-06,0.5349685952414377,30.0,True
pysr,strogatz_shearflow1,2,5,0.01,1.3295232896925257e-06,2.7573804461832955e-06,0.5512788342535628,30.0,True
pysr,strogatz_shearflow1,2,1,0.01,464734.6117644743,5.026181728240073,0.04638435046317352,30.0,True
pysr,strogatz_shearflow1,2,45,0.01,3.617040371100894e-06,5.300927690050514e-06,0.525617670137025,30.0,True
pysr,strogatz_shearflow1,2,3,0.01,1.3757907887208446e-06,2.210355247533505e-06,0.5541780544156282,30.0,True
pysr,strogatz_shearflow1,2,2,0.01,464734.6117644743,5.026181728240073,0.04638435046317352,30.0,True
pysr,strogatz_shearflow1,2,20,0.01,1.721703104141956e-06,6.0942612928575175e-06,0.5349685952414377,30.0,True
pysr,Keijzer-2,2,10,0.01,0.0010574400300444348,0.0029655298197879183,0.33941578420389446,30.0,True
pysr,Keijzer-2,2,30,0.01,14651.579160257152,1.905888880555592e-05,0.239996515132966,30.0,True
pysr,Keijzer-2,2,5,0.01,0.0019010886616987977,0.005677275536808913,0.32024491628050844,29.0,True
pysr,Keijzer-2,2,1,0.01,0.037022779586599684,0.7991217273446161,0.1974613585585126,26.0,True
pysr,Keijzer-2,2,45,0.01,14651.579160257152,1.905888880555592e-05,0.239996515132966,30.0,True
pysr,Keijzer-2,2,3,0.01,0.0006361513305132759,247.64615480349843,0.18558712714838788,30.0,True
pysr,Keijzer-2,2,2,0.01,1.9115918162519954e-05,3.5469052917340338e-06,0.506026973041799,30.0,True
pysr,Keijzer-2,2,20,0.01,0.0009938864629176606,0.06223668336828302,0.2931648851366836,30.0,True
pysr,feynman_II_15_4,-1,10,0.01,2.1438513181893458e-09,1.6461239387270644e-09,0.7661551002405401,10.0,True
pysr,feynman_II_15_4,-1,30,0.01,6.077743938678091e-08,4.33750434419207e-07,0.6278220599414467,30.0,True
pysr,feynman_II_15_4,-1,5,0.01,1.1830141158363258e-09,6.956167268221901e-10,0.7887371448851073,10.0,True
pysr,feynman_II_15_4,-1,45,0.01,7.973711077492984e-09,0.00016801444314270997,0.5668926031389823,30.0,True
pysr,feynman_II_15_4,-1,3,0.01,1.1830141158363258e-09,6.956167268221901e-10,0.7887371448851073,10.0,True
pysr,feynman_II_15_4,-1,2,0.01,0.07217021336054823,0.9389624074560227,0.18460692163164466,25.0,True
pysr,feynman_II_15_4,-1,20,0.01,1.3689868346855748e-08,1.620818913384573e-07,0.6662095083050446,30.0,True
pysr,strogatz_barmag1,-1,10,0.01,5.172531245847807e-06,3.120219450694331e-06,0.5282897049067367,30.0,True
pysr,strogatz_barmag1,-1,30,0.01,7.922201935304825e-06,5.174778195762728e-06,0.513830798291369,30.0,True
pysr,strogatz_barmag1,-1,5,0.01,4.743776390207757e-06,5.392645215891754e-06,0.5211454979244934,30.0,True
pysr,strogatz_barmag1,-1,1,0.01,4.277916264667934e-06,1.5367664842071938e-06,0.5422199942928503,28.0,True
pysr,strogatz_barmag1,-1,45,0.01,7.995329354839348e-06,5.231212757906079e-06,0.5135200449273363,30.0,True
pysr,strogatz_barmag1,-1,3,0.01,4.743776390207757e-06,5.392645215891754e-06,0.5211454979244934,30.0,True
pysr,strogatz_barmag1,-1,2,0.01,5.0517609106513695e-06,2.1925443477052225e-06,0.534128886623594,29.0,True
pysr,strogatz_barmag1,-1,20,0.01,8.49889702512814e-06,5.062869162157314e-06,0.5130800260190334,29.0,True
pysr,BPG5,-1,10,0.01,1.2042265735320883e-08,0.0005759677511400065,0.541389058066456,24.0,True
pysr,BPG5,-1,30,0.01,11.296878405403813,268522.78322568047,0.033822912349028955,27.0,True
pysr,BPG5,-1,5,0.01,1.3388537569248731e-06,2.2317258333438605e-05,0.5187366434920041,29.0,True
pysr,BPG5,-1,1,0.01,10.710489065674327,269839.2626923141,0.03464966777950035,25.0,True
pysr,BPG5,-1,45,0.01,11.296878405403813,268522.78322568047,0.033822912349028955,27.0,True
pysr,BPG5,-1,3,0.01,0.0001391923753868813,1.0,0.28058516263030564,25.0,True
pysr,BPG5,-1,2,0.01,0.00023237027917729372,1.35952051565576,0.26787263052147486,21.0,True
pysr,BPG5,-1,20,0.01,2.8046676189659917e-08,0.0014361508186685609,0.5141042339089816,30.0,True
pysr,MatSci21,-1,10,0.01,1.4091539719356177e-07,5.338453318175642e-07,0.6115580750527319,30.0,True
pysr,MatSci21,-1,30,0.01,1.7300547993136918e-07,2.2991815261821215e-08,0.6571559599696732,28.0,True
pysr,MatSci21,-1,5,0.01,1.7640482992008487e-07,7.627325158009493e-08,0.6382541881113404,29.0,True
pysr,MatSci21,-1,1,0.01,0.0019606527062867125,0.0013122257172331203,0.3424853850695386,27.0,True
pysr,MatSci21,-1,45,0.01,1.7300547993136918e-07,2.2991815261821215e-08,0.6571559599696732,28.0,True
pysr,MatSci21,-1,3,0.01,2.0845703893251398e-07,2.870624296085842e-07,0.6151073956884496,30.0,True
pysr,MatSci21,-1,2,0.01,1.388358161449086e-06,4.228835953172334e-06,0.5439742015803903,23.0,True
pysr,MatSci21,-1,20,0.01,1.5091710827554492e-07,5.415047378105241e-07,0.6102735451479888,30.0,True
pysr,BPG3,-1,10,0.01,1.8830159687067385e+86,3.233573296458787e+108,0.0,30.0,True
pysr,BPG3,-1,30,0.01,230658.35600941975,8274662583368417.0,0.0,26.0,True
pysr,BPG3,-1,5,0.01,220147.87351326685,1.2679259250109856e+16,0.0,21.0,True
pysr,BPG3,-1,1,0.01,78358.59572272838,7052666491041337.0,0.0,26.0,True
pysr,BPG3,-1,45,0.01,1.4784292024070234e-07,11.238111000140895,0.3492680767984983,30.0,True
pysr,BPG3,-1,3,0.01,220147.87351326685,1.2679259250109856e+16,0.0,21.0,True
pysr,BPG3,-1,2,0.01,220147.87351326685,1.2679259250109856e+16,0.0,21.0,True
pysr,BPG3,-1,20,0.01,230658.35585976762,8274662574560305.0,0.0,25.0,True
pysr,CRK10,-1,10,0.01,165228593.96910182,25849984486286.832,0.0,23.0,True
pysr,CRK10,-1,30,0.01,165228593.96910182,25849984486286.832,0.0,23.0,True
pysr,CRK10,-1,5,0.01,59214005.10672853,9131636394370.572,0.0,22.0,True
pysr,CRK10,-1,1,0.01,23569.838246573898,1697319813.543154,0.0,14.0,True
pysr,CRK10,-1,45,0.01,165228593.96910182,25849984486286.832,0.0,23.0,True
pysr,CRK10,-1,3,0.01,59214005.10672853,9131636394370.572,0.0,22.0,True
pysr,CRK10,-1,2,0.01,25884.320603888875,1854910826.1411238,0.0,30.0,True
pysr,CRK10,-1,20,0.01,165228593.96910182,25849984486286.832,0.0,23.0,True
pysr,feynman-ii.27.18,-1,60,0.01,0.797708192452435,0.7595416639903435,0.15062872664403865,10.0,True
pysr,feynman-ii.27.18,-1,10,0.01,0.797708192452435,0.7595416639903435,0.15062872664403865,10.0,True
pysr,feynman-ii.27.18,-1,30,0.01,0.797708192452435,0.7595416639903435,0.15062872664403865,10.0,True
pysr,feynman-ii.27.18,-1,5,0.01,0.797708192452435,0.7595416639903435,0.15062872664403865,10.0,True
pysr,feynman-ii.27.18,-1,1,0.01,0.797708192452435,0.7595416639903435,0.15062872664403865,10.0,True
pysr,feynman-ii.27.18,-1,45,0.01,0.797708192452435,0.7595416639903435,0.15062872664403865,10.0,True
pysr,feynman-ii.27.18,-1,3,0.01,0.797708192452435,0.7595416639903435,0.15062872664403865,10.0,True
pysr,feynman-ii.27.18,-1,2,0.01,0.797708192452435,0.7595416639903435,0.15062872664403865,10.0,True
pysr,feynman-ii.27.18,-1,20,0.01,0.797708192452435,0.7595416639903435,0.15062872664403865,10.0,True
pysr,feynman-i.13.12,-1,60,0.01,0.9774969903067487,1.2168493237975226,0.14016599164321303,26.0,True
pysr,feynman-i.13.12,-1,10,0.01,0.9774969903067487,1.2168493237975226,0.14016599164321303,26.0,True
pysr,feynman-i.13.12,-1,30,0.01,0.9774969903067487,1.2168493237975226,0.14016599164321303,26.0,True
pysr,feynman-i.13.12,-1,5,0.01,0.9774969903067487,1.2168493237975226,0.14016599164321303,26.0,True
pysr,feynman-i.13.12,-1,1,0.01,0.9774969903067487,1.2168493237975226,0.14016599164321303,26.0,True
pysr,feynman-i.13.12,-1,45,0.01,0.9774969903067487,1.2168493237975226,0.14016599164321303,26.0,True
pysr,feynman-i.13.12,-1,3,0.01,0.9774969903067487,1.2168493237975226,0.14016599164321303,26.0,True
pysr,feynman-i.13.12,-1,2,0.01,0.9774969903067487,1.2168493237975226,0.14016599164321303,26.0,True
pysr,feynman-i.13.12,-1,20,0.01,0.9774969903067487,1.2168493237975226,0.14016599164321303,26.0,True
pysr,Keijzer-11,-1,10,0.01,0.21244855157145884,0.02443970702154775,0.22445179393309944,30.0,True
pysr,Keijzer-11,-1,30,0.01,0.2090443872347041,0.024434150503738004,0.22470586585680624,30.0,True
pysr,Keijzer-11,-1,5,0.01,0.160455735388863,0.026637105908904602,0.22746991847309372,30.0,True
pysr,Keijzer-11,-1,1,0.01,0.3359955511053994,0.014685729160030088,0.22524181994712694,29.0,True
pysr,Keijzer-11,-1,45,0.01,0.001020977461262947,6.208141665880296e-05,0.3999293652303196,30.0,True
pysr,Keijzer-11,-1,3,0.01,0.16020396396701259,0.026634781519120992,0.2274956286990813,30.0,True
pysr,Keijzer-11,-1,2,0.01,,0.03509367111995048,0.0,30.0,False
pysr,Keijzer-11,-1,20,0.01,0.2090443872347041,0.024434150503738004,0.22470586585680624,30.0,True
pysr,strogatz_vdp1,1,10,0.01,3.98717567840879e-06,2.3878740286741244e-05,0.5007615434461841,29.0,True
pysr,strogatz_vdp1,1,30,0.01,3.3307980897604053e-06,3.2566400579997575e-06,0.5344529261611821,30.0,True
pysr,strogatz_vdp1,1,5,0.01,3.98717567840879e-06,2.3878740286741244e-05,0.5007615434461841,29.0,True
pysr,strogatz_vdp1,1,1,0.01,1.0787541646726984e-06,0.00013196310335334064,0.49452232122861495,27.0,True
pysr,strogatz_vdp1,1,45,0.01,3.3112381923271553e-06,2.8280686318366973e-06,0.5367328440216874,30.0,True
pysr,strogatz_vdp1,1,3,0.01,8.658315387587426e-06,2.591705545406523e-06,0.5231778907378621,30.0,True
pysr,strogatz_vdp1,1,2,0.01,6.225228103158064e-06,3.0357586077867226e-06,0.5258420534114303,30.0,True
pysr,strogatz_vdp1,1,20,0.01,3.3663243559271608e-06,3.3412699732023938e-06,0.533890445458566,30.0,True
pysr,strogatz_predprey2,1,10,0.01,0.010401141581229047,1644.0196067409763,0.1422471068546451,30.0,True
pysr,strogatz_predprey2,1,30,0.01,0.005572174820587409,0.5301527443838724,0.23319908045105864,30.0,True
pysr,strogatz_predprey2,1,5,0.01,0.009536312960566212,0.1438617655778984,0.24509550424326404,30.0,True
pysr,strogatz_predprey2,1,45,0.01,0.005572174820587409,0.5301527443838724,0.23319908045105864,30.0,True
pysr,strogatz_predprey2,1,3,0.01,0.009536312960566212,0.1438617655778984,0.24509550424326404,30.0,True
pysr,strogatz_predprey2,1,2,0.01,0.009536312960566212,0.1438617655778984,0.24509550424326404,30.0,True
pysr,strogatz_predprey2,1,20,0.01,0.01040240667472528,1424.0571693195322,0.14224522042121274,30.0,True
pysr,feynman_I_27_6,1,10,0.01,0.004854624989548862,0.04901561252550532,0.27226820995316636,24.0,True
pysr,feynman_I_27_6,1,30,0.01,8.789638730576569e-10,1.403629849726196e-09,0.7824562992652766,19.0,True
pysr,feynman_I_27_6,1,5,0.01,0.03288311365124418,0.11999730489552589,0.2287091276600523,28.0,True
pysr,feynman_I_27_6,1,45,0.01,2.8829204519155898e-09,2.0527348656217233e-09,0.7581369457867968,26.0,True
pysr,feynman_I_27_6,1,3,0.01,0.4209040696739198,0.9097353162301763,0.15774649359256654,22.0,True
pysr,feynman_I_27_6,1,2,0.01,0.4209040696739198,0.9097353162301763,0.15774649359256654,22.0,True
pysr,feynman_I_27_6,1,20,0.01,0.004566680380492976,0.03048818396403688,0.28058099382448826,20.0,True
pysr,feynman-i.18.16,1,10,0.01,1.4153625138699817e-07,5.099224732005939e-10,0.719343862800623,27.0,True
pysr,feynman-i.18.16,1,30,0.01,1.2797641496597583e-07,5.10016303110145e-10,0.7209030714669747,30.0,True
pysr,feynman-i.18.16,1,5,0.01,1.4153625138699817e-07,5.099224732005939e-10,0.719343862800623,27.0,True
pysr,feynman-i.18.16,1,1,0.01,0.6738705317499658,3.2459979884969683,0.13071697458847598,20.0,True
pysr,feynman-i.18.16,1,45,0.01,1.2556880434338012e-07,5.159146040563391e-10,0.7210193006919274,30.0,True
pysr,feynman-i.18.16,1,3,0.01,4.870874095577302e-08,1.1745600934726983e-07,0.6515184948150865,15.0,True
pysr,feynman-i.18.16,1,2,0.01,4.870874095577302e-08,1.1745600934726983e-07,0.6515184948150865,15.0,True
pysr,feynman-i.18.16,1,20,0.01,1.3870730953713854e-07,5.09858199600515e-10,0.7196589729997254,29.0,True
pysr,CRK10,1,10,0.01,1.1400521856386368e-06,0.021892596183971477,0.41438492864428583,30.0,True
pysr,CRK10,1,30,0.01,8.813119010868838e-07,0.02162008387874171,0.41857189252357824,30.0,True
pysr,CRK10,1,5,0.01,1.3529348144735353e-06,0.021389243298824728,0.4120902752515491,26.0,True
pysr,CRK10,1,45,0.01,6.345088582102543e-07,0.02251671696235916,0.4230377586332716,29.0,True
pysr,CRK10,1,3,0.01,154640.51904385292,19415610120.14127,0.0,27.0,True
pysr,CRK10,1,2,0.01,70528.93847124281,26642654020.639286,0.0,24.0,True
pysr,CRK10,1,20,0.01,9.67248315397274e-07,0.02396793106792439,0.41552969539314166,29.0,True
pysr,Keijzer-2,1,10,0.01,8.104012743704988e-05,7.870091543838589e-05,0.43554714645244214,30.0,True
pysr,Keijzer-2,1,30,0.01,8.372962271055066e-05,3.7702607135852436e-05,0.4464553386794153,30.0,True
pysr,Keijzer-2,1,5,0.01,6.450430020921768e-05,9.56932367209058e-05,0.4360546459850361,29.0,True
pysr,Keijzer-2,1,1,0.01,2.7052050639906732e-05,1.068250316330624e-05,0.4835402420778066,24.0,True
pysr,Keijzer-2,1,45,0.01,8.884076237295148e-05,0.00012283645553806682,0.42721644453393604,30.0,True
pysr,Keijzer-2,1,3,0.01,6.081571527505018e-05,4.879732740869228e-05,0.4474138622969673,27.0,True
pysr,Keijzer-2,1,2,0.01,0.009260477690389167,0.006536606633707372,0.29350050927988003,25.0,True
pysr,Keijzer-2,1,20,0.01,8.372962271055066e-05,3.7702607135852436e-05,0.4464553386794153,30.0,True
pysr,feynman_test_15,1,60,0.01,0.00011994334834670797,0.0015298226053597588,0.38344224134166577,25.0,True
pysr,feynman_test_15,1,10,0.01,0.0025487705627569197,0.035955646560052595,0.28706793409729975,17.0,True
pysr,feynman_test_15,1,30,0.01,0.0003902574313868819,0.00031390659738568733,0.3897088705305943,29.0,True
pysr,feynman_test_15,1,5,0.01,0.0025487705627569197,0.035955646560052595,0.28706793409729975,17.0,True
pysr,feynman_test_15,1,45,0.01,0.00013586412264586718,0.00017218420094025996,0.41538935399495713,27.0,True
pysr,feynman_test_15,1,3,0.01,0.0025487705627569197,0.035955646560052595,0.28706793409729975,17.0,True
pysr,feynman_test_15,1,2,0.01,0.0025487705627569197,0.035955646560052595,0.28706793409729975,17.0,True
pysr,feynman_test_15,1,20,0.01,0.0006423437789639533,0.008150779268612074,0.33146547662357057,20.0,True
imcts,II.11.27_1_0,2,60,0.01,0.004680623392692585,0.04777607176757751,0.2732316379563102,,True
imcts,II.11.27_1_0,2,10,0.01,0.008466461378731712,0.19199817021428206,0.2424643206641267,,True
imcts,II.11.27_1_0,2,30,0.01,0.01004019889444929,0.152556256297959,0.24338670218395198,,True
imcts,II.11.27_1_0,2,5,0.01,0.015064271283932567,0.03848540534948709,0.2584555645289017,,True
imcts,II.11.27_1_0,2,1,0.01,1.0097355362057707,1.0431811771911503,0.1420511648892595,,True
imcts,II.11.27_1_0,2,45,0.01,0.009467708317750104,0.05078442044326503,0.26135802249020834,,True
imcts,II.11.27_1_0,2,3,0.01,0.015064271283932567,0.03848540534948709,0.2584555645289017,,True
imcts,II.11.27_1_0,2,2,0.01,0.015064271283932567,0.03848540534948709,0.2584555645289017,,True
imcts,II.11.27_1_0,2,20,0.01,0.011061851068574463,0.18492857667191548,0.23889886306744706,,True
imcts,Keijzer-2,2,10,0.01,1.261234914254732e-05,2.097574512689225e-05,0.48491023635814995,,True
imcts,Keijzer-2,2,30,0.01,1.220587656939778e-05,1.677712212464656e-05,0.48888262715138264,,True
imcts,Keijzer-2,2,5,0.01,0.0015327710816964114,0.0008535946071367096,0.35297396568772443,,True
imcts,Keijzer-2,2,1,0.01,2.0269316899876685e-06,4.168740635537365e-06,0.5383270004149525,,True
imcts,Keijzer-2,2,45,0.01,1.2993204866762947e-05,1.738344791227372e-05,0.487362421188406,,True
imcts,Keijzer-2,2,3,0.01,3.8102423971903668e-06,3.217222510530566e-05,0.49684165343109093,,True
imcts,Keijzer-2,2,2,0.01,5.77394779813759e-06,4.104466678080247e-06,0.5223310861659627,,True
imcts,Keijzer-2,2,20,0.01,1.261234914254732e-05,2.097574512689225e-05,0.48491023635814995,,True
imcts,strogatz_shearflow1,2,10,0.01,5.5962506046926496e-08,1.3908579214792138e-07,0.6467435741910551,,True
imcts,strogatz_shearflow1,2,30,0.01,3.9856026905255317e-07,6.200806260331516e-08,0.6288234940816967,,True
imcts,strogatz_shearflow1,2,5,0.01,46.80075013360101,2.8730774481562977,0.0668357090242429,,True
imcts,strogatz_shearflow1,2,1,0.01,0.5611442724006845,1.01146817614412,0.15164190151666368,,True
imcts,strogatz_shearflow1,2,45,0.01,3.9856026905255317e-07,6.200806260331516e-08,0.6288234940816967,,True
imcts,strogatz_shearflow1,2,3,0.01,8.314940810769395,1.074377109758587,0.10889228896663156,,True
imcts,strogatz_shearflow1,2,2,0.01,0.47781819029584666,1.2313082352891815,0.15108466202687204,,True
imcts,strogatz_shearflow1,2,20,0.01,7.005394687218116e-07,1.4118000223650316e-05,0.5358855073891007,,True
imcts,first_principles_leavitt,2,10,0.01,0.00027283737606032096,0.0006056322283179306,0.38506739850108423,,True
imcts,first_principles_leavitt,2,30,0.01,0.00028496181293421736,0.0017977147534354553,0.36751759115306776,,True
imcts,first_principles_leavitt,2,5,0.01,0.00027283737606032096,0.0006056322283179306,0.38506739850108423,,True
imcts,first_principles_leavitt,2,45,0.01,0.0002520233569276481,0.0006239209489472291,0.3858367728606903,,True
imcts,first_principles_leavitt,2,3,0.01,0.00027283737606032096,0.0006056322283179306,0.38506739850108423,,True
imcts,first_principles_leavitt,2,2,0.01,0.0002821502439389734,0.003144654433795061,0.3589980943625148,,True
imcts,first_principles_leavitt,2,20,0.01,0.00028496181293421736,0.0017977147534354553,0.36751759115306776,,True
imcts,Keijzer-11,-1,10,0.01,1.4901132391768945e-05,1.1802176385155464e-05,0.4912435223485251,,True
imcts,Keijzer-11,-1,30,0.01,,7.480316162490619e-05,0.0,,False
imcts,Keijzer-11,-1,5,0.01,,0.052758278711683745,0.0,,False
imcts,Keijzer-11,-1,1,0.01,0.3198073771302281,0.17160287614734457,0.18787810570937752,,True
imcts,Keijzer-11,-1,45,0.01,0.0007819642047534264,0.0010678455717045298,0.35993945270632893,,True
imcts,Keijzer-11,-1,3,0.01,0.06739139504161636,0.06471853873495394,0.2271559589465708,,True
imcts,Keijzer-11,-1,2,0.01,0.06739139504161636,0.06471853873495394,0.2271559589465708,,True
imcts,Keijzer-11,-1,20,0.01,,1.4290937435339602e-05,0.0,,False
imcts,feynman-i.39.22,-1,60,0.01,3.2272988647113295e-11,3.221398312162982e-11,0.8922541567142419,,True
imcts,feynman-i.39.22,-1,10,0.01,3.2272988647113295e-11,3.221398312162982e-11,0.8922541567142419,,True
imcts,feynman-i.39.22,-1,30,0.01,3.2272988647113295e-11,3.221398312162982e-11,0.8922541567142419,,True
imcts,feynman-i.39.22,-1,5,0.01,1686.9298374684936,229540.75575705327,0.0,,True
imcts,feynman-i.39.22,-1,1,0.01,1.000000136453616,1.0000004296739384,0.1428571340762133,,True
imcts,feynman-i.39.22,-1,45,0.01,3.2272988647113295e-11,3.221398312162982e-11,0.8922541567142419,,True
imcts,feynman-i.39.22,-1,3,0.01,5194.0914333736655,327767.76997423195,0.0,,True
imcts,feynman-i.39.22,-1,2,0.01,5194.0914333736655,327767.76997423195,0.0,,True
imcts,feynman-i.39.22,-1,20,0.01,3.2272988647113295e-11,3.221398312162982e-11,0.8922541567142419,,True
imcts,CRK34,-1,10,0.01,7177972.455569184,1659456946476.833,0.0,,True
imcts,CRK34,-1,30,0.01,11.457006615769643,369574.1605132964,0.033604601290235236,,True
imcts,CRK34,-1,5,0.01,57.1964503786398,2063954.8786117486,0.008665390098553272,,True
imcts,CRK34,-1,1,0.01,4.005974259829045e+44,2.0986612819806125e+55,0.0,,True
imcts,CRK34,-1,45,0.01,294.48691763665676,34648729.82219149,0.0,,True
imcts,CRK34,-1,3,0.01,57.1964503786398,2063954.8786117486,0.008665390098553272,,True
imcts,CRK34,-1,2,0.01,55.18699364136037,2053509.376138766,0.009220116566192316,,True
imcts,CRK34,-1,20,0.01,8.27677613578916e+44,4.375948023140149e+55,0.0,,True
imcts,BPG5,-1,10,0.01,11.297030208044694,268539.2528781889,0.03382270392670467,,True
imcts,BPG5,-1,30,0.01,11.297030208044694,268539.2528781889,0.03382270392670467,,True
imcts,BPG5,-1,5,0.01,11.296768204177042,268406.62144577433,0.03382306365510657,,True
imcts,BPG5,-1,1,0.01,0.0010170767790825164,1.0,0.2497373664631386,,True
imcts,BPG5,-1,45,0.01,11.297030208044694,268539.2528781889,0.03382270392670467,,True
imcts,BPG5,-1,3,0.01,11.296768204177042,268406.62144577433,0.03382306365510657,,True
imcts,BPG5,-1,2,0.01,11.296768204177042,268406.62144577433,0.03382306365510657,,True
imcts,BPG5,-1,20,0.01,11.297030208044694,268539.2528781889,0.03382270392670467,,True
imcts,feynman_I_12_11,-1,60,0.01,0.03374839046855359,0.06692784971151546,0.23736214509772685,,True
imcts,feynman_I_12_11,-1,10,0.01,0.25587154906324755,0.5685805858213444,0.1727566419638626,,True
imcts,feynman_I_12_11,-1,30,0.01,0.12877015012650495,0.08961314788302267,0.21206475231165106,,True
imcts,feynman_I_12_11,-1,5,0.01,1.4106511625871632,1.2292658292711098,0.13431909140943277,,True
imcts,feynman_I_12_11,-1,1,0.01,1.5616151217541918,1.2929318381103403,0.13195894157971766,,True
imcts,feynman_I_12_11,-1,45,0.01,0.03374839046855359,0.06692784971151546,0.23736214509772685,,True
imcts,feynman_I_12_11,-1,3,0.01,1.4106511625871632,1.2292658292711098,0.13431909140943277,,True
imcts,feynman_I_12_11,-1,2,0.01,1.5616151217541918,1.2929318381103403,0.13195894157971766,,True
imcts,feynman_I_12_11,-1,20,0.01,0.168248382377306,0.634470533969195,0.1775584873277098,,True
imcts,CRK33,-1,10,0.01,808127.244899351,208160342135.24478,0.0,,True
imcts,CRK33,-1,30,0.01,808127.244899351,208160342135.24478,0.0,,True
imcts,CRK33,-1,5,0.01,165.03650165165584,5119441.358298689,0.0,,True
imcts,CRK33,-1,1,0.01,1.6149654618504196e-05,0.9999999989271026,0.3139941700591173,,True
imcts,CRK33,-1,45,0.01,808127.244899351,208160342135.24478,0.0,,True
imcts,CRK33,-1,3,0.01,1.6149654618504196e-05,0.9999999989271026,0.3139941700591173,,True
imcts,CRK33,-1,2,0.01,1.6149654618504196e-05,0.9999999989271026,0.3139941700591173,,True
imcts,CRK33,-1,20,0.01,808127.244899351,208160342135.24478,0.0,,True
imcts,feynman_I_27_6,-1,60,0.01,0.012703274142449083,0.19193860196654247,0.23617578579828025,,True
imcts,feynman_I_27_6,-1,10,0.01,0.032198214179500674,0.19903420594263194,0.22118716051967274,,True
imcts,feynman_I_27_6,-1,30,0.01,0.013983015267841065,0.05687291980932099,0.25355334439281896,,True
imcts,feynman_I_27_6,-1,5,0.01,0.5592902143327397,1.92314936097689,0.1417267772978425,,True
imcts,feynman_I_27_6,-1,1,0.01,0.2899060704292964,0.6208984159336384,0.16945436210266318,,True
imcts,feynman_I_27_6,-1,45,0.01,0.013983015267841065,0.05687291980932099,0.25355334439281896,,True
imcts,feynman_I_27_6,-1,3,0.01,0.056352917647844177,0.08166651437957985,0.22632284192248697,,True
imcts,feynman_I_27_6,-1,2,0.01,0.056352917647844177,0.08166651437957985,0.22632284192248697,,True
imcts,feynman_I_27_6,-1,20,0.01,0.02127410584971141,0.11595485369552676,0.23599499114220457,,True
imcts,CRK10,1,10,0.01,20408.16096536949,1397572433.6213648,0.0,,True
imcts,CRK10,1,30,0.01,262.70630831535436,6536882.078314822,0.0,,True
imcts,CRK10,1,5,0.01,75587897.92823267,11721207578964.725,0.0,,True
imcts,CRK10,1,1,0.01,383.5260102598568,8952310.914402148,0.0,,True
imcts,CRK10,1,45,0.01,262.70630831535436,6536882.078314822,0.0,,True
imcts,CRK10,1,3,0.01,75587897.92823267,11721207578964.725,0.0,,True
imcts,CRK10,1,2,0.01,75587897.92823267,11721207578964.725,0.0,,True
imcts,CRK10,1,20,0.01,262.70630831535436,6536882.078314822,0.0,,True
imcts,feynman_I_27_6,1,10,0.01,0.417403510785898,1.0679657125267177,0.15538880688155898,,True
imcts,feynman_I_27_6,1,30,0.01,0.015620755938308566,0.1770409839596974,0.2342222906571798,,True
imcts,feynman_I_27_6,1,5,0.01,0.05512202413424469,0.34446638596712104,0.20434028551790434,,True
imcts,feynman_I_27_6,1,1,0.01,0.5931955123090216,1.9797731241957146,0.14036381138809634,,True
imcts,feynman_I_27_6,1,45,0.01,0.005544632912959632,0.005692655571004216,0.30360043904931555,,True
imcts,feynman_I_27_6,1,3,0.01,0.5931955123090216,1.9797731241957146,0.14036381138809634,,True
imcts,feynman_I_27_6,1,2,0.01,0.5931955123090216,1.9797731241957146,0.14036381138809634,,True
imcts,feynman_I_27_6,1,20,0.01,0.024397766013231598,0.10353219709827399,0.23562766098798088,,True
imcts,feynman_test_15,1,60,0.01,0.002676510524885487,0.04172397601596676,0.2840016199073885,,True
imcts,feynman_test_15,1,10,0.01,0.20714038623114372,0.6163507325661227,0.17478240363602426,,True
imcts,feynman_test_15,1,30,0.01,0.0043631606390277826,0.05663714355934112,0.27168205197290934,,True
imcts,feynman_test_15,1,5,0.01,0.20714038623114372,0.6163507325661227,0.17478240363602426,,True
imcts,feynman_test_15,1,1,0.01,0.27564354385435763,0.5908408770561812,0.17100648717863592,,True
imcts,feynman_test_15,1,45,0.01,0.2942217196978782,3387.6713349296633,0.09040447394416523,,True
imcts,feynman_test_15,1,3,0.01,0.244438009790715,0.5219123553139092,0.17479406010197712,,True
imcts,feynman_test_15,1,2,0.01,0.244438009790715,0.5219123553139092,0.17479406010197712,,True
imcts,feynman_test_15,1,20,0.01,0.25298814578235096,0.5430215765499504,0.17364581220388015,,True
imcts,strogatz_predprey2,1,10,0.01,0.004519592648374829,1.1190185514019169,0.2248594078576534,,True
imcts,strogatz_predprey2,1,30,0.01,0.002568438617324965,0.7333940288515723,0.24017833711591124,,True
imcts,strogatz_predprey2,1,1,0.01,0.014734912566985532,0.027151524694318273,0.26420922194177826,,True
imcts,strogatz_predprey2,1,45,0.01,0.00249290952736044,1.0977700085132955,0.23438507575355783,,True
imcts,strogatz_predprey2,1,3,0.01,0.014734912566985532,0.027151524694318273,0.26420922194177826,,True
imcts,strogatz_predprey2,1,20,0.01,0.003528591255018169,0.31452044518232847,0.24838392017232575,,True
imcts,Keijzer-2,1,10,0.01,3.591773999918552e-05,2.3144807457650348e-05,0.46715133662190717,,True
imcts,Keijzer-2,1,30,0.01,3.1072226015129596e-05,3.8114006521469076e-05,0.4616622510291058,,True
imcts,Keijzer-2,1,5,0.01,2.8058351089662403e-05,8.895896534145868e-06,0.48581243327574747,,True
imcts,Keijzer-2,1,45,0.01,3.8397948574509466e-05,4.0689396424353294e-05,0.45736466891690736,,True
imcts,Keijzer-2,1,3,0.01,2.8058351089662403e-05,8.895896534145868e-06,0.48581243327574747,,True
imcts,Keijzer-2,1,2,0.01,2.8058351089662403e-05,8.895896534145868e-06,0.48581243327574747,,True
imcts,Keijzer-2,1,20,0.01,3.1072226015129596e-05,3.8114006521469076e-05,0.4616622510291058,,True
imcts,strogatz_vdp1,1,10,0.01,0.0002451060872437081,0.00024193464546074328,0.4009624227968597,,True
imcts,strogatz_vdp1,1,30,0.01,4.623276791393449e-06,1.117116008451041e-06,0.5459625653428573,,True
imcts,strogatz_vdp1,1,5,0.01,0.0016046232774946444,0.005060769690024802,0.3246575120887793,,True
imcts,strogatz_vdp1,1,1,0.01,0.12379898461029773,0.21663514497011055,0.19898407154464243,,True
imcts,strogatz_vdp1,1,45,0.01,4.623276791393449e-06,1.117116008451041e-06,0.5459625653428573,,True
imcts,strogatz_vdp1,1,2,0.01,0.009450831439916221,0.025664886685312284,0.27197109398194896,,True
imcts,strogatz_vdp1,1,20,0.01,6.441244829238639e-07,1.531073656753495e-07,0.6073583610344108,,True
llmsr,feynman_I_27_6,2,60,0.01,0.0011173588682217481,0.01690268486750634,0.3115661294705197,,True
llmsr,feynman_I_27_6,2,10,0.01,0.002742946510813081,0.039266797081565455,0.28456275654265334,,True
llmsr,feynman_I_27_6,2,30,0.01,0.002742946510813081,0.039266797081565455,0.28456275654265334,,True
llmsr,feynman_I_27_6,2,5,0.01,0.002742946510813081,0.039266797081565455,0.28456275654265334,,True
llmsr,feynman_I_27_6,2,1,0.01,0.002742946510813081,0.039266797081565455,0.28456275654265334,,True
llmsr,feynman_I_27_6,2,45,0.01,0.002742946510813081,0.039266797081565455,0.28456275654265334,,True
llmsr,feynman_I_27_6,2,3,0.01,0.002742946510813081,0.039266797081565455,0.28456275654265334,,True
llmsr,feynman_I_27_6,2,2,0.01,0.002742946510813081,0.039266797081565455,0.28456275654265334,,True
llmsr,feynman_I_27_6,2,20,0.01,0.002742946510813081,0.039266797081565455,0.28456275654265334,,True
llmsr,Vladislavleva-4,2,60,0.01,0.022314784778797864,,0.0,,False
llmsr,Vladislavleva-4,2,10,0.01,0.026347121715710152,0.037510361128130984,0.2501826991763318,,True
llmsr,Vladislavleva-4,2,30,0.01,0.02220867274389776,0.028242697227316236,0.2572346866126137,,True
llmsr,Vladislavleva-4,2,5,0.01,0.026347121715710152,0.037510361128130984,0.2501826991763318,,True
llmsr,Vladislavleva-4,2,1,0.01,0.04535090064082713,0.05442413930738376,0.2359865183606309,,True
llmsr,Vladislavleva-4,2,45,0.01,0.022150652907155108,,0.0,,False
llmsr,Vladislavleva-4,2,3,0.01,0.04529810101205986,0.05454118808263801,0.23597126464526846,,True
llmsr,Vladislavleva-4,2,2,0.01,0.04529810101205986,0.05454118808263801,0.23597126464526846,,True
llmsr,Vladislavleva-4,2,20,0.01,0.02220867274389776,0.028242697227316236,0.2572346866126137,,True
llmsr,Nguyen-12,2,60,0.01,1.1982299477278423e-05,0.0013285125291146824,0.421360506270952,,True
llmsr,Nguyen-12,2,10,0.01,3.34285324409569e-05,0.005965934660506889,0.3821501498751234,,True
llmsr,Nguyen-12,2,30,0.01,1.1982299477278423e-05,0.0013285125291146824,0.421360506270952,,True
llmsr,Nguyen-12,2,5,0.01,1.771321089707954e-05,0.004161483479449696,0.3975876618450431,,True
llmsr,Nguyen-12,2,1,0.01,0.0018920713362535248,0.04080839049734679,0.2897254652575551,,True
llmsr,Nguyen-12,2,45,0.01,1.1982299477278423e-05,0.0013285125291146824,0.421360506270952,,True
llmsr,Nguyen-12,2,3,0.01,1.771321089707954e-05,0.004161483479449696,0.3975876618450431,,True
llmsr,Nguyen-12,2,2,0.01,0.0018920713362535248,0.04080839049734679,0.2897254652575551,,True
llmsr,Nguyen-12,2,20,0.01,1.1982299477278423e-05,0.0013285125291146824,0.421360506270952,,True
llmsr,Nguyen-9,2,60,0.01,0.006192825385041638,0.0008093326410793879,0.33214228961122927,,True
llmsr,Nguyen-9,2,10,0.01,0.006192825385041638,0.0008093326410793879,0.33214228961122927,,True
llmsr,Nguyen-9,2,30,0.01,0.006192825385041638,0.0008093326410793879,0.33214228961122927,,True
llmsr,Nguyen-9,2,5,0.01,0.006192825385041638,0.0008093326410793879,0.33214228961122927,,True
llmsr,Nguyen-9,2,1,0.01,0.2700567309791161,0.004724506594102938,0.24622101908123345,,True
llmsr,Nguyen-9,2,45,0.01,0.006192825385041638,0.0008093326410793879,0.33214228961122927,,True
llmsr,Nguyen-9,2,3,0.01,0.2700567309791161,0.004724506594102938,0.24622101908123345,,True
llmsr,Nguyen-9,2,2,0.01,0.2700567309791161,0.004724506594102938,0.24622101908123345,,True
llmsr,Nguyen-9,2,20,0.01,0.006192825385041638,0.0008093326410793879,0.33214228961122927,,True
llmsr,Nguyen-6,2,60,0.01,4.0651041280294274e-05,,0.0,,False
llmsr,Nguyen-6,2,10,0.01,4.451057169394556e-05,,0.0,,False
llmsr,Nguyen-6,2,30,0.01,4.451057169394556e-05,,0.0,,False
llmsr,Nguyen-6,2,5,0.01,4.451057169394556e-05,,0.0,,False
llmsr,Nguyen-6,2,1,0.01,8.032737341469609e-05,0.020133863232039032,0.34968604712263135,,True
llmsr,Nguyen-6,2,45,0.01,4.451057169394556e-05,,0.0,,False
llmsr,Nguyen-6,2,3,0.01,5.453201075029319e-05,0.05950946839511044,0.3388843720594887,,True
llmsr,Nguyen-6,2,2,0.01,8.032737341469609e-05,0.020133863232039032,0.34968604712263135,,True
llmsr,Nguyen-6,2,20,0.01,4.451057169394556e-05,,0.0,,False
llmsr,feynman-ii.4.23,-1,60,0.01,0.9905211471811919,5.85207858870925,0.11560093208272998,,True
llmsr,feynman-ii.4.23,-1,10,0.01,0.9999999999822922,0.999999999982292,0.14285714285769213,,True
llmsr,feynman-ii.4.23,-1,30,0.01,0.9905211471811919,5.85207858870925,0.11560093208272998,,True
llmsr,feynman-ii.4.23,-1,5,0.01,0.9999999999822922,0.999999999982292,0.14285714285769213,,True
llmsr,feynman-ii.4.23,-1,1,0.01,0.9999999999900311,0.9999999999837488,0.14285714285754952,,True
llmsr,feynman-ii.4.23,-1,45,0.01,0.9905211471811919,5.85207858870925,0.11560093208272998,,True
llmsr,feynman-ii.4.23,-1,3,0.01,0.9999999999900311,0.9999999999837488,0.14285714285754952,,True
llmsr,feynman-ii.4.23,-1,2,0.01,0.9999999999900311,0.9999999999837488,0.14285714285754952,,True
llmsr,feynman-ii.4.23,-1,20,0.01,0.9999999999822922,0.999999999982292,0.14285714285769213,,True
llmsr,feynman_I_12_11,-1,60,0.01,5.506105554323454e-10,6.920677723003381e-10,0.8006788157660756,,True
llmsr,feynman_I_12_11,-1,10,0.01,0.10380462591189542,0.3147686389133679,0.19592113700637853,,True
llmsr,feynman_I_12_11,-1,30,0.01,0.10379347056929986,0.31488980845236053,0.19591683433773877,,True
llmsr,feynman_I_12_11,-1,5,0.01,0.10376158591586644,0.3145633991091642,0.19593768606929057,,True
llmsr,feynman_I_12_11,-1,1,0.01,0.18666917617476256,0.5104974000282979,0.1793190662367089,,True
llmsr,feynman_I_12_11,-1,45,0.01,5.506105554323454e-10,6.920677723003381e-10,0.8006788157660756,,True
llmsr,feynman_I_12_11,-1,3,0.01,0.10376158591586644,0.3145633991091642,0.19593768606929057,,True
llmsr,feynman_I_12_11,-1,2,0.01,0.10376158591586644,0.3145633991091642,0.19593768606929057,,True
llmsr,feynman_I_12_11,-1,20,0.01,0.10380462591189542,0.3147686389133679,0.19592113700637853,,True
llmsr,strogatz_vdp1,-1,60,0.01,2.6264222822656254e-06,3.9775301673301903e-05,0.49932221298385276,,True
llmsr,strogatz_vdp1,-1,10,0.01,1.0388885833258986e-06,1.7532702399629018e-07,0.5978422201841436,,True
llmsr,strogatz_vdp1,-1,30,0.01,2.6264222822656254e-06,3.9775301673301903e-05,0.49932221298385276,,True
llmsr,strogatz_vdp1,-1,5,0.01,0.002930861867971082,0.010362271946645329,0.3041982022772469,,True
llmsr,strogatz_vdp1,-1,1,0.01,0.6972140626493377,0.7843395319402635,0.15221891989889713,,True
llmsr,strogatz_vdp1,-1,45,0.01,2.6264222822656254e-06,3.9775301673301903e-05,0.49932221298385276,,True
llmsr,strogatz_vdp1,-1,3,0.01,0.579538888831485,0.594350131626731,0.15938839475044525,,True
llmsr,strogatz_vdp1,-1,2,0.01,0.6972140626493377,0.7843395319402635,0.15221891989889713,,True
llmsr,strogatz_vdp1,-1,20,0.01,2.6264222822656254e-06,3.9775301673301903e-05,0.49932221298385276,,True
llmsr,feynman-iii.7.38,-1,60,0.01,1.0000108405989578,1.0000000000891889,0.14285697471337422,,True
llmsr,feynman-iii.7.38,-1,10,0.01,1.0000003922290763,1.0000000000026013,0.14285713677342787,,True
llmsr,feynman-iii.7.38,-1,30,0.01,1.0000108405989578,1.0000000000891889,0.14285697471337422,,True
llmsr,feynman-iii.7.38,-1,5,0.01,1.0,1.0,0.1428571428571429,,True
llmsr,feynman-iii.7.38,-1,1,0.01,1.0,1.0,0.1428571428571429,,True
llmsr,feynman-iii.7.38,-1,45,0.01,1.0000108405989578,1.0000000000891889,0.14285697471337422,,True
llmsr,feynman-iii.7.38,-1,3,0.01,1.0,1.0,0.1428571428571429,,True
llmsr,feynman-iii.7.38,-1,2,0.01,1.0,1.0,0.1428571428571429,,True
llmsr,feynman-iii.7.38,-1,20,0.01,1.0000016911895815,1.0000000000129572,0.14285711662573897,,True
llmsr,strogatz_barmag1,-1,60,0.01,2.8388423534071442e-06,1.9082448462257518e-05,0.5095080223546375,,True
llmsr,strogatz_barmag1,-1,10,0.01,8.6689527409546e-07,2.1034342552202984e-06,0.5621108722257435,,True
llmsr,strogatz_barmag1,-1,30,0.01,1.1021081874785867e-06,8.337079485436147e-06,0.5370272081853891,,True
llmsr,strogatz_barmag1,-1,5,0.01,0.009947934768845434,0.03561916329687442,0.2660922627718811,,True
llmsr,strogatz_barmag1,-1,1,0.01,0.018671518184135136,0.32984328054146284,0.22180402595923865,,True
llmsr,strogatz_barmag1,-1,45,0.01,2.8388423534071442e-06,1.9082448462257518e-05,0.5095080223546375,,True
llmsr,strogatz_barmag1,-1,3,0.01,0.02529097401113324,0.19606314828760957,0.22516565973737773,,True
llmsr,strogatz_barmag1,-1,2,0.01,0.02529097401113324,0.19606314828760957,0.22516565973737773,,True
llmsr,strogatz_barmag1,-1,20,0.01,1.0114087989807124e-06,3.168615786102406e-05,0.517650131817958,,True
llmsr,I.11.19_4_0,1,60,0.01,0.03712099277796949,0.1713177535665249,0.22130635879856975,,True
llmsr,I.11.19_4_0,1,10,0.01,0.03712099277796949,0.1713177535665249,0.22130635879856975,,True
llmsr,I.11.19_4_0,1,30,0.01,0.03712099277796949,0.1713177535665249,0.22130635879856975,,True
llmsr,I.11.19_4_0,1,5,0.01,0.03712099277796949,0.1713177535665249,0.22130635879856975,,True
llmsr,I.11.19_4_0,1,1,0.01,0.06252010974576981,0.27477025026865565,0.20589323424998818,,True
llmsr,I.11.19_4_0,1,45,0.01,0.03712099277796949,0.1713177535665249,0.22130635879856975,,True
llmsr,I.11.19_4_0,1,3,0.01,0.03712099277796949,0.1713177535665249,0.22130635879856975,,True
llmsr,I.11.19_4_0,1,2,0.01,0.03712099277796949,0.1713177535665249,0.22130635879856975,,True
llmsr,I.11.19_4_0,1,20,0.01,0.03712099277796949,0.1713177535665249,0.22130635879856975,,True
llmsr,first_principles_leavitt,1,60,0.01,0.00028937825048050897,0.02867568147228577,0.3243221559183762,,True
llmsr,first_principles_leavitt,1,10,0.01,0.0002791360786923744,0.011879446244755771,0.33854956536081476,,True
llmsr,first_principles_leavitt,1,30,0.01,0.00026133292734158034,0.0067023585334890804,0.3484492218078735,,True
llmsr,first_principles_leavitt,1,5,0.01,0.0002574112742567411,0.00022569749841096475,0.4012802032162108,,True
llmsr,first_principles_leavitt,1,1,0.01,0.0002574112742567411,0.00022569749841096475,0.4012802032162108,,True
llmsr,first_principles_leavitt,1,45,0.01,0.00028937825048050897,0.02867568147228577,0.3243221559183762,,True
llmsr,first_principles_leavitt,1,3,0.01,0.0002574112742567411,0.00022569749841096475,0.4012802032162108,,True
llmsr,first_principles_leavitt,1,2,0.01,0.0002574112742567411,0.00022569749841096475,0.4012802032162108,,True
llmsr,first_principles_leavitt,1,20,0.01,0.00026133292734158034,0.0067023585334890804,0.3484492218078735,,True
llmsr,feynman-i.39.22,1,60,0.01,0.85423249050941,1.1191421622805087,0.14355495202745389,,True
llmsr,feynman-i.39.22,1,10,0.01,0.85423249050941,1.1191421622805087,0.14355495202745389,,True
llmsr,feynman-i.39.22,1,30,0.01,0.85423249050941,1.1191421622805087,0.14355495202745389,,True
llmsr,feynman-i.39.22,1,5,0.01,0.85423249050941,1.1191421622805087,0.14355495202745389,,True
llmsr,feynman-i.39.22,1,1,0.01,4.3497142384967035e+27,2.1648491277524984e+28,0.0,,True
llmsr,feynman-i.39.22,1,45,0.01,0.85423249050941,1.1191421622805087,0.14355495202745389,,True
llmsr,feynman-i.39.22,1,3,0.01,0.85423249050941,1.1191421622805087,0.14355495202745389,,True
llmsr,feynman-i.39.22,1,2,0.01,4.3497142384967035e+27,2.1648491277524984e+28,0.0,,True
llmsr,feynman-i.39.22,1,20,0.01,0.85423249050941,1.1191421622805087,0.14355495202745389,,True
llmsr,feynman-i.11.19,1,60,0.01,0.32478732889065165,0.3287523099340079,0.17755471819474772,,True
llmsr,feynman-i.11.19,1,10,0.01,0.9991355918574383,0.9994178845795934,0.1428795876127985,,True
llmsr,feynman-i.11.19,1,30,0.01,0.32478732889065165,0.3287523099340079,0.17755471819474772,,True
llmsr,feynman-i.11.19,1,5,0.01,0.9991355918574383,0.9994178845795934,0.1428795876127985,,True
llmsr,feynman-i.11.19,1,1,0.01,16973.428330911975,98692.98725290401,0.0,,True
llmsr,feynman-i.11.19,1,45,0.01,0.32478732889065165,0.3287523099340079,0.17755471819474772,,True
llmsr,feynman-i.11.19,1,3,0.01,16973.428330911975,98692.98725290401,0.0,,True
llmsr,feynman-i.11.19,1,2,0.01,16973.428330911975,98692.98725290401,0.0,,True
llmsr,feynman-i.11.19,1,20,0.01,0.32478732889065165,0.3287523099340079,0.17755471819474772,,True
llmsr,feynman-ii.34.2a,1,10,0.01,1.0068051737047925,1.0005107269638045,0.14274402900405275,,True
llmsr,feynman-ii.34.2a,1,30,0.01,1.0068051737047925,1.0005107269638045,0.14274402900405275,,True
llmsr,feynman-ii.34.2a,1,5,0.01,1.0068051737047925,1.0005107269638045,0.14274402900405275,,True
llmsr,feynman-ii.34.2a,1,1,0.01,1.0068051737047925,1.0005107269638045,0.14274402900405275,,True
llmsr,feynman-ii.34.2a,1,45,0.01,1.0068051737047925,1.0005107269638045,0.14274402900405275,,True
llmsr,feynman-ii.34.2a,1,3,0.01,1.0068051737047925,1.0005107269638045,0.14274402900405275,,True
llmsr,feynman-ii.34.2a,1,2,0.01,1.0068051737047925,1.0005107269638045,0.14274402900405275,,True
llmsr,feynman-ii.34.2a,1,20,0.01,1.0068051737047925,1.0005107269638045,0.14274402900405275,,True
e2esr,Korns-2,2,1,0.01,0.03817036300125716,0.014065663868553948,0.25964690982657324,125.0,True
e2esr,Korns-2,2,2,0.01,0.03817036300125716,0.014065663868553948,0.25964690982657324,125.0,True
e2esr,PO41,2,10,0.01,0.01776843496212186,611.6827140886866,0.1339411008223062,79.0,True
e2esr,PO41,2,5,0.01,2.0064961358231868,8258258.469084703,0.06062720258243054,15.0,True
e2esr,PO41,2,3,0.01,2.2530898956123466,8450608.095577817,0.05882933857486333,15.0,True
e2esr,PO41,2,2,0.01,1.8645313638701597,5821083.015545685,0.06176536810131322,26.0,True
e2esr,PO41,2,20,0.01,0.01776843496212186,611.6827140886866,0.1339411008223062,79.0,True
e2esr,feynman-ii.34.2a,2,10,0.01,26249980.82223995,840899.7356493036,0.0,43.0,True
e2esr,feynman-ii.34.2a,2,30,0.01,371807.8828579433,11905.466934656135,0.0,43.0,True
e2esr,feynman-ii.34.2a,2,45,0.01,388282507577989.7,364389788946153.56,0.0,41.0,True
e2esr,feynman-ii.34.2a,2,20,0.01,0.9996438044035535,0.9998436802789903,0.14286509340850567,43.0,True
e2esr,strogatz_vdp1,2,10,0.01,0.880388928744897,0.8275257308813845,0.1477694257504913,27.0,True
e2esr,BPG9,2,10,0.01,1.69486542441879,2484.871259197068,0.06324517071110031,28.0,True
e2esr,BPG9,2,5,0.01,132.10675323677748,706294.6042338413,0.0,21.0,True
e2esr,BPG9,2,3,0.01,1002.7921362305066,16753047.214422967,0.0,21.0,True
e2esr,BPG9,2,2,0.01,1002.7921362305066,16753047.214422967,0.0,21.0,True
e2esr,BPG9,2,20,0.01,0.24751099872442622,93.58934589095678,0.09411353876709422,49.0,True
e2esr,II.6.15b_3_0,-1,30,0.01,0.5410817483144102,1.8044443806345782,0.14322834340237095,38.0,True
e2esr,II.6.15b_3_0,-1,45,0.01,0.38138305391262906,0.041346786759045205,0.20722131584688414,39.0,True
e2esr,II.6.15b_3_0,-1,20,0.01,0.40574667860969943,0.5102762852583017,0.16728355861800775,43.0,True
e2esr,strogatz_shearflow1,-1,1,0.01,109.72561113499253,714.3439149258456,0.0,28.0,True
e2esr,strogatz_shearflow1,-1,3,0.01,1819.3699478298834,3063411976.1413627,0.0,54.0,True
e2esr,strogatz_shearflow1,-1,2,0.01,109.72561113499253,714.3439149258456,0.0,28.0,True
e2esr,feynman-i.11.19,-1,60,0.01,2740572762092287.0,1.5980962297237882e+16,0.0,41.0,True
e2esr,feynman-i.11.19,-1,10,0.01,1.998543401552963e+21,3.2919893446070403e+24,0.0,43.0,True
e2esr,feynman-i.11.19,-1,30,0.01,4603948057.85093,327339833848.09296,0.0,43.0,True
e2esr,feynman-i.11.19,-1,45,0.01,2.1603466172816674e+20,1.048896727572955e+23,0.0,43.0,True
e2esr,feynman-i.11.19,-1,20,0.01,460519095943.2329,32738443322262.5,0.0,43.0,True
e2esr,Korns-4,-1,1,0.01,0.002569742422246368,0.002851164615869659,0.3262531469040827,70.0,True
e2esr,Korns-4,-1,2,0.01,0.002569742422246368,0.002851164615869659,0.3262531469040827,70.0,True
e2esr,II.11.27_1_0,-1,10,0.01,0.9979426182950317,1.0003538174111828,0.142883599862772,36.0,True
e2esr,II.11.27_1_0,-1,30,0.01,0.9609034936327043,1.0812535652008504,0.14226402411239708,104.0,True
e2esr,II.11.27_1_0,-1,5,0.01,0.9993277815821235,1.000052526391026,0.1428667581283859,44.0,True
e2esr,II.11.27_1_0,-1,3,0.01,1.0029098143169233,0.9998625816211709,0.1428142072455143,40.0,True
e2esr,II.11.27_1_0,-1,2,0.01,0.998027886109557,1.0003118000591331,0.142882926138926,36.0,True
e2esr,II.11.27_1_0,-1,20,0.01,0.9609034936327043,1.0812535652008504,0.14226402411239708,104.0,True
e2esr,Nguyen-6,-1,1,0.01,0.0005336615384344166,0.21914374633394404,0.2832858933700042,65.0,True
e2esr,PO19,-1,10,0.01,1.992922004240417,398549519.41674405,0.060732489202938,15.0,True
e2esr,PO19,-1,30,0.01,4.273761317208982,1472561909.8679094,0.04889963343402387,67.0,True
e2esr,PO19,-1,5,0.01,8.10096951594812,3390894996.3314786,0.038980821502880514,26.0,True
e2esr,PO19,-1,45,0.01,4.273761317208982,1472561909.8679094,0.04889963343402387,67.0,True
e2esr,PO19,-1,3,0.01,0.8544662542323054,1256934.8771862385,0.07386803872732989,20.0,True
e2esr,PO19,-1,2,0.01,2.3723782792440438,576687741.0397756,0.05802914503162099,15.0,True
e2esr,PO19,-1,20,0.01,4.273761317208982,1472561909.8679094,0.04889963343402387,67.0,True
e2esr,first_principles_hubble,1,20,0.01,0.3923578300480398,0.313786722611325,0.17534582545928434,77.0,True
e2esr,feynman-i.13.12,1,60,0.01,3.8688895122340967e+28,3.3523514749878017e+25,0.0,48.0,True
e2esr,feynman-i.13.12,1,30,0.01,1.0057310828810286e+24,1.909002411922572e+21,0.0,41.0,True
e2esr,feynman-i.13.12,1,45,0.01,1.3861934331108254e+36,1.3909815417663146e+30,0.0,38.0,True
e2esr,feynman-i.13.12,1,20,0.01,4.274197273864157e+25,3.2993589215611306e+26,0.0,42.0,True
dso,PO41,2,10,0.01,0.07961127157550998,0.24573876710368128,0.2038768487249194,14.0,True
dso,PO41,2,30,0.01,0.07961127157550998,0.24573876710368128,0.2038768487249194,14.0,True
dso,PO41,2,5,0.01,0.07961127157550998,0.24573876710368128,0.2038768487249194,14.0,True
dso,PO41,2,1,0.01,0.17263951584782716,0.2456791336603297,0.19187469709346455,29.0,True
dso,PO41,2,45,0.01,0.07961127157550998,0.24573876710368128,0.2038768487249194,14.0,True
dso,PO41,2,3,0.01,0.07961127157550998,0.24573876710368128,0.2038768487249194,14.0,True
dso,PO41,2,2,0.01,0.17263951584782716,0.2456791336603297,0.19187469709346455,29.0,True
dso,PO41,2,20,0.01,0.07961127157550998,0.24573876710368128,0.2038768487249194,14.0,True
dso,Korns-2,2,60,0.01,1913.7136345848035,0.9425048198148482,0.07234701500735147,17.0,True
dso,Korns-2,2,10,0.01,0.821655961066957,1.6588095425972087,0.13805405230592627,24.0,True
dso,Korns-2,2,30,0.01,0.821655961066957,1.6588095425972087,0.13805405230592627,24.0,True
dso,Korns-2,2,5,0.01,4153.281233131917,14944.962644669391,0.0,23.0,True
dso,Korns-2,2,1,0.01,1.257517339611402,0.9327745518606111,0.14038247602775994,18.0,True
dso,Korns-2,2,45,0.01,1.0021093624976005,1.7445264707933388,0.13419311845253984,27.0,True
dso,Korns-2,2,3,0.01,1.257517339611402,0.9327745518606111,0.14038247602775994,18.0,True
dso,Korns-2,2,2,0.01,1.257517339611402,0.9327745518606111,0.14038247602775994,18.0,True
dso,Korns-2,2,20,0.01,0.821655961066957,1.6588095425972087,0.13805405230592627,24.0,True
dso,feynman-ii.34.2a,2,10,0.01,1.004061221085352,1.0000020033452015,0.14279424771093335,9.0,True
dso,feynman-ii.34.2a,2,30,0.01,1.0012219469352939,1.1436319501390708,0.14075654854398467,25.0,True
dso,feynman-ii.34.2a,2,5,0.01,1.0046660519991597,1.0003235363468506,0.14277992089724612,24.0,True
dso,feynman-ii.34.2a,2,1,0.01,1.0001671918431732,1.000060082092304,0.1428536179656088,13.0,True
dso,feynman-ii.34.2a,2,45,0.01,1.0012219469352939,1.1436319501390708,0.14075654854398467,25.0,True
dso,feynman-ii.34.2a,2,3,0.01,1.0046660519991597,1.0003235363468506,0.14277992089724612,24.0,True
dso,feynman-ii.34.2a,2,2,0.01,1.0106729124754075,1.0007797111980943,0.14268038862682236,25.0,True
dso,feynman-ii.34.2a,2,20,0.01,1.0012219469352939,1.1436319501390708,0.14075654854398467,25.0,True
dso,BPG9,2,10,0.01,0.16468607803699536,0.9999999999999999,0.17083368260560494,20.0,True
dso,BPG9,2,30,0.01,0.15487881014570817,0.9999999999999999,0.17178599987443377,35.0,True
dso,BPG9,2,5,0.01,0.16468607803699536,0.9999999999999999,0.17083368260560494,20.0,True
dso,BPG9,2,1,0.01,0.4076582860064336,0.9999999999999999,0.15677513306571922,27.0,True
dso,BPG9,2,3,0.01,0.16468607803699536,0.9999999999999999,0.17083368260560494,20.0,True
dso,BPG9,2,2,0.01,0.16468607803699536,0.9999999999999999,0.17083368260560494,20.0,True
dso,BPG9,2,20,0.01,0.16468607803699536,0.9999999999999999,0.17083368260560494,20.0,True
dso,strogatz_vdp1,2,10,0.01,0.3641489780803378,0.7865853138092636,0.16224910967721912,24.0,True
dso,strogatz_vdp1,2,30,0.01,0.3641489780803378,0.7865853138092636,0.16224910967721912,24.0,True
dso,strogatz_vdp1,2,5,0.01,0.5905414441437441,0.5043847945529291,0.16164241545014463,24.0,True
dso,strogatz_vdp1,2,1,0.01,0.919628076988331,0.9421213308774729,0.14508146217606704,18.0,True
dso,strogatz_vdp1,2,45,0.01,0.3641489780803378,0.7865853138092636,0.16224910967721912,24.0,True
dso,strogatz_vdp1,2,3,0.01,0.7010403574843905,0.9691505554630317,0.1488523475301402,24.0,True
dso,strogatz_vdp1,2,2,0.01,0.5389579335821381,0.9177178820001614,0.15377628345138655,22.0,True
dso,strogatz_vdp1,2,20,0.01,0.3641489780803378,0.7865853138092636,0.16224910967721912,24.0,True
dso,PO19,-1,10,0.01,0.08544807686379607,0.06780729986061951,0.22275075916070414,20.0,True
dso,PO19,-1,30,0.01,0.058489617705940654,0.08156991835072856,0.2257639710582025,19.0,True
dso,PO19,-1,5,0.01,0.0712695114949252,0.22122022380890868,0.20722397823664307,18.0,True
dso,PO19,-1,1,0.01,0.19101439399120954,0.4461943671637566,0.1810503507733982,20.0,True
dso,PO19,-1,45,0.01,0.04025731877659542,0.22122258940243505,0.21608306007154954,24.0,True
dso,PO19,-1,3,0.01,0.07423977243364462,0.22122022380890868,0.2065906621663831,12.0,True
dso,PO19,-1,2,0.01,0.07423977243364462,0.22122022380890868,0.2065906621663831,12.0,True
dso,PO19,-1,20,0.01,0.058489617705940654,0.08156991835072856,0.2257639710582025,19.0,True
dso,feynman-i.11.19,-1,60,0.01,0.6878489149451166,0.6478370895700404,0.15539432625431415,10.0,True
dso,feynman-i.11.19,-1,10,0.01,0.6871403951781997,0.6477704326070782,0.1554119071022495,16.0,True
dso,feynman-i.11.19,-1,30,0.01,0.6878489149451166,0.6478370895700404,0.15539432625431415,10.0,True
dso,feynman-i.11.19,-1,5,0.01,0.6871403951781997,0.6477704326070782,0.1554119071022495,16.0,True
dso,feynman-i.11.19,-1,1,0.01,0.6871403951781997,0.6477704326070782,0.1554119071022495,16.0,True
dso,feynman-i.11.19,-1,45,0.01,0.6878489149451166,0.6478370895700404,0.15539432625431415,10.0,True
dso,feynman-i.11.19,-1,3,0.01,0.6871403951781997,0.6477704326070782,0.1554119071022495,16.0,True
dso,feynman-i.11.19,-1,2,0.01,0.6871403951781997,0.6477704326070782,0.1554119071022495,16.0,True
dso,feynman-i.11.19,-1,20,0.01,0.6878489149451166,0.6478370895700404,0.15539432625431415,10.0,True
dso,Nguyen-6,-1,10,0.01,1.2300930501264842e-31,5.9729956614313955e-33,1.0,18.0,True
dso,Nguyen-6,-1,30,0.01,1.2300930501264842e-31,5.9729956614313955e-33,1.0,18.0,True
dso,Nguyen-6,-1,5,0.01,1.2300930501264842e-31,5.9729956614313955e-33,1.0,13.0,True
dso,Nguyen-6,-1,1,0.01,1.8606219025270154e-05,0.06171055812838707,0.3549993713100765,12.0,True
dso,Nguyen-6,-1,45,0.01,1.2300930501264842e-31,5.9729956614313955e-33,1.0,18.0,True
dso,Nguyen-6,-1,3,0.01,1.2300930501264842e-31,5.9729956614313955e-33,1.0,13.0,True
dso,Nguyen-6,-1,2,0.01,1.2300930501264842e-31,5.9729956614313955e-33,1.0,13.0,True
dso,Nguyen-6,-1,20,0.01,1.2300930501264842e-31,5.9729956614313955e-33,1.0,18.0,True
dso,Korns-4,-1,10,0.01,0.08137825500382613,0.21154249481894336,0.2058605001816921,27.0,True
dso,Korns-4,-1,30,0.01,0.021158888048031555,0.009437716311492837,0.2749871514482612,35.0,True
dso,Korns-4,-1,5,0.01,0.03483967835384967,0.035556316895079106,0.24667889624796713,22.0,True
dso,Korns-4,-1,1,0.01,0.6510184482605954,,0.0,22.0,False
dso,Korns-4,-1,3,0.01,0.03483967835384967,0.035556316895079106,0.24667889624796713,22.0,True
dso,Korns-4,-1,2,0.01,0.03483967835384967,0.035556316895079106,0.24667889624796713,22.0,True
dso,Korns-4,-1,20,0.01,0.001510509233900702,0.0016472328974989027,0.3430043431550844,31.0,True
dso,II.6.15b_3_0,-1,10,0.01,0.24008817803119184,0.4663660572661908,0.17681793891952807,24.0,True
dso,II.6.15b_3_0,-1,30,0.01,0.2311019898348348,0.26066511853180774,0.186432621290826,20.0,True
dso,II.6.15b_3_0,-1,5,0.01,0.24008817803119184,0.4663660572661908,0.17681793891952807,24.0,True
dso,II.6.15b_3_0,-1,1,0.01,0.2693851890286995,0.5980617687462889,0.17117429445839782,16.0,True
dso,II.6.15b_3_0,-1,45,0.01,0.2311019898348348,0.26066511853180774,0.186432621290826,20.0,True
dso,II.6.15b_3_0,-1,3,0.01,0.26252070530907984,0.4224051595906134,0.17696811511532068,29.0,True
dso,II.6.15b_3_0,-1,2,0.01,0.26252070530907984,0.4224051595906134,0.17696811511532068,29.0,True
dso,II.6.15b_3_0,-1,20,0.01,0.24008817803119184,0.4663660572661908,0.17681793891952807,24.0,True
dso,strogatz_shearflow1,-1,60,0.01,1.1371434557319504e-29,1.0818500880745232e-30,1.0,15.0,True
dso,strogatz_shearflow1,-1,10,0.01,1.1371434557319504e-29,1.0818500880745232e-30,1.0,15.0,True
dso,strogatz_shearflow1,-1,30,0.01,1.1371434557319504e-29,1.0818500880745232e-30,1.0,15.0,True
dso,strogatz_shearflow1,-1,5,0.01,0.059196075597246815,5.798740592332896,0.15944190724727858,17.0,True
dso,strogatz_shearflow1,-1,1,0.01,0.7099154253788444,1.7685991172245348,0.13932728511645676,8.0,True
dso,strogatz_shearflow1,-1,45,0.01,1.1371434557319504e-29,1.0818500880745232e-30,1.0,15.0,True
dso,strogatz_shearflow1,-1,3,0.01,0.06937409962761763,0.08749142464221292,0.22202989828664654,24.0,True
dso,strogatz_shearflow1,-1,2,0.01,0.7099154253788444,1.7685991172245348,0.13932728511645676,18.0,True
dso,strogatz_shearflow1,-1,20,0.01,1.1371434557319504e-29,1.0818500880745232e-30,1.0,15.0,True
dso,II.11.27_1_0,-1,60,0.01,0.019510661052912742,0.11868235893875428,0.23697649449841046,17.0,True
dso,II.11.27_1_0,-1,10,0.01,0.024530452334737125,0.2877280993382157,0.21968972023475475,13.0,True
dso,II.11.27_1_0,-1,30,0.01,0.024530452334737125,0.2877280993382157,0.21968972023475475,13.0,True
dso,II.11.27_1_0,-1,5,0.01,0.02463537552399483,0.28764817948440213,0.21962782798321068,14.0,True
dso,II.11.27_1_0,-1,1,0.01,0.01845804199084427,0.27629033726990215,0.2247303097785472,21.0,True
dso,II.11.27_1_0,-1,45,0.01,0.024530452334737125,0.2877280993382157,0.21968972023475475,13.0,True
dso,II.11.27_1_0,-1,3,0.01,0.03719485617520808,0.3710239364869258,0.2092898281212438,23.0,True
dso,II.11.27_1_0,-1,2,0.01,0.03730282660565452,0.37101826571061347,0.20924510598016116,28.0,True
dso,II.11.27_1_0,-1,20,0.01,0.024530452334737125,0.2877280993382157,0.21968972023475475,13.0,True
dso,first_principles_hubble,1,10,0.01,0.4398084478983801,0.451359707957485,0.16793620161068434,27.0,True
dso,first_principles_hubble,1,30,0.01,0.4398084478983801,0.451359707957485,0.16793620161068434,27.0,True
dso,first_principles_hubble,1,5,0.01,0.4398084478983801,0.451359707957485,0.16793620161068434,27.0,True
dso,first_principles_hubble,1,45,0.01,0.4398084478983801,0.451359707957485,0.16793620161068434,27.0,True
dso,first_principles_hubble,1,3,0.01,0.4398084478983801,0.451359707957485,0.16793620161068434,27.0,True
dso,first_principles_hubble,1,2,0.01,0.4398084478983801,0.451359707957485,0.16793620161068434,27.0,True
dso,first_principles_hubble,1,20,0.01,0.4398084478983801,0.451359707957485,0.16793620161068434,27.0,True
dso,feynman-i.29.16,1,30,0.01,0.07664765322587769,0.05899694121733989,0.22659541578951842,10.0,True
dso,feynman-i.29.16,1,45,0.01,0.07664765322587769,0.05899694121733989,0.22659541578951842,10.0,True
dso,feynman-iii.10.19,1,10,0.01,0.40091379374431735,0.4402022207854361,0.16976059900199636,21.0,True
dso,feynman-iii.10.19,1,30,0.01,0.35914010187743767,0.46826541242407493,0.1705087149249046,24.0,True
dso,feynman-iii.10.19,1,5,0.01,0.40091379374431735,0.4402022207854361,0.16976059900199636,21.0,True
dso,feynman-iii.10.19,1,45,0.01,0.35914010187743767,0.46826541242407493,0.1705087149249046,24.0,True
dso,feynman-iii.10.19,1,3,0.01,0.5178333393164375,0.3066949728454149,0.17139654766988888,18.0,True
dso,feynman-iii.10.19,1,2,0.01,0.999941575502879,0.9998853827999268,0.14285982695172778,24.0,True
dso,feynman-iii.10.19,1,20,0.01,0.35914010187743767,0.46826541242407493,0.1705087149249046,24.0,True
drsr,Vladislavleva-4,2,60,0.01,0.04534948360444434,0.054428981554267925,0.2359856230638332,,True
drsr,Vladislavleva-4,2,10,0.01,0.04534948360444434,0.054428981554267925,0.2359856230638332,,True
drsr,Vladislavleva-4,2,30,0.01,0.04534948360444434,0.054428981554267925,0.2359856230638332,,True
drsr,Vladislavleva-4,2,5,0.01,0.04534948360444434,0.054428981554267925,0.2359856230638332,,True
drsr,Vladislavleva-4,2,1,0.01,0.13817440321572225,0.14360791531202072,0.20365692945314223,,True
drsr,Vladislavleva-4,2,45,0.01,0.04534948360444434,0.054428981554267925,0.2359856230638332,,True
drsr,Vladislavleva-4,2,3,0.01,0.04534948360444434,0.054428981554267925,0.2359856230638332,,True
drsr,Vladislavleva-4,2,2,0.01,0.04534948360444434,0.054428981554267925,0.2359856230638332,,True
drsr,Vladislavleva-4,2,20,0.01,0.04534948360444434,0.054428981554267925,0.2359856230638332,,True
drsr,Nguyen-6,2,60,0.01,7.855226992720475e-05,13.0251035642637,0.24964500269665335,,True
drsr,Nguyen-6,2,10,0.01,3.9854967998397755e-05,,0.0,,False
drsr,Nguyen-6,2,30,0.01,3.9854967998397755e-05,,0.0,,False
drsr,Nguyen-6,2,5,0.01,3.959798490791372e-05,,0.0,,False
drsr,Nguyen-6,2,1,0.01,0.0005743464955753912,0.011155039738644502,0.32833410366868376,,True
drsr,Nguyen-6,2,45,0.01,3.9854967998397755e-05,,0.0,,False
drsr,Nguyen-6,2,3,0.01,0.00025859396668698187,0.022173409456673263,0.33005532625553613,,True
drsr,Nguyen-6,2,2,0.01,0.00025859396668698187,0.022173409456673263,0.33005532625553613,,True
drsr,Nguyen-6,2,20,0.01,3.9854967998397755e-05,,0.0,,False
drsr,Nguyen-12,2,60,0.01,5.91038267513349e-07,0.0003838554667892138,0.48729345246963846,,True
drsr,Nguyen-12,2,10,0.01,7.684672023124776e-05,0.0023161182961104,0.38391478306775484,,True
drsr,Nguyen-12,2,30,0.01,6.20498570617921e-05,0.0005349325254467608,0.4099628646266382,,True
drsr,Nguyen-12,2,5,0.01,6.215702536377782e-05,0.002454520258451831,0.38630511274074486,,True
drsr,Nguyen-12,2,1,0.01,0.001889104818489472,0.04081992057566992,0.2897454210310756,,True
drsr,Nguyen-12,2,45,0.01,6.091024070664949e-07,0.0003898368781090992,0.48658667013457707,,True
drsr,Nguyen-12,2,3,0.01,8.497136331811443e-05,0.009207116696240742,0.36095013449987184,,True
drsr,Nguyen-12,2,2,0.01,0.001889104818489472,0.04081992057566992,0.2897454210310756,,True
drsr,Nguyen-12,2,20,0.01,6.20498570617921e-05,0.0005349325254467608,0.4099628646266382,,True
drsr,feynman_I_27_6,2,60,0.01,0.002742948438868164,0.039267245707407306,0.2845625684323923,,True
drsr,feynman_I_27_6,2,10,0.01,0.002742948438868164,0.039267245707407306,0.2845625684323923,,True
drsr,feynman_I_27_6,2,30,0.01,0.002742948438868164,0.039267245707407306,0.2845625684323923,,True
drsr,feynman_I_27_6,2,5,0.01,0.002742948438868164,0.039267245707407306,0.2845625684323923,,True
drsr,feynman_I_27_6,2,1,0.01,0.017818932799754286,0.10073536541071972,0.24092629799509185,,True
drsr,feynman_I_27_6,2,45,0.01,0.002742948438868164,0.039267245707407306,0.2845625684323923,,True
drsr,feynman_I_27_6,2,3,0.01,0.002742948438868164,0.039267245707407306,0.2845625684323923,,True
drsr,feynman_I_27_6,2,2,0.01,0.002742948438868164,0.039267245707407306,0.2845625684323923,,True
drsr,feynman_I_27_6,2,20,0.01,0.002742948438868164,0.039267245707407306,0.2845625684323923,,True
drsr,Nguyen-9,2,60,0.01,0.011875805703806936,0.00043600071013567083,0.33163748999081305,,True
drsr,Nguyen-9,2,10,0.01,0.016074466934968366,0.0006521828841916219,0.320696215117387,,True
drsr,Nguyen-9,2,30,0.01,0.011875805703806936,0.00043600071013567083,0.33163748999081305,,True
drsr,Nguyen-9,2,5,0.01,0.004724442420589145,0.00039638697240800783,0.3474117881084797,,True
drsr,Nguyen-9,2,1,0.01,0.03288664285850898,0.0017191027730726535,0.29455995061147466,,True
drsr,Nguyen-9,2,45,0.01,0.011875805703806936,0.00043600071013567083,0.33163748999081305,,True
drsr,Nguyen-9,2,3,0.01,0.004691348248880292,0.0003971010073709421,0.3474929049447407,,True
drsr,Nguyen-9,2,2,0.01,0.004691348248880292,0.0003971010073709421,0.3474929049447407,,True
drsr,Nguyen-9,2,20,0.01,0.008446750321923173,0.0005284544929721873,0.33393938386789773,,True
drsr,strogatz_vdp1,-1,60,0.01,2.7773967301022043e-06,0.000113489193091352,0.4821931275696824,,True
drsr,strogatz_vdp1,-1,10,0.01,1.9887991625220625e-06,1.3978616742891627e-06,0.5555694597768992,,True
drsr,strogatz_vdp1,-1,30,0.01,2.7773967301022043e-06,0.000113489193091352,0.4821931275696824,,True
drsr,strogatz_vdp1,-1,5,0.01,0.5230406756837025,0.7998809007048957,0.15637282888410475,,True
drsr,strogatz_vdp1,-1,1,0.01,0.5813549006026235,0.47816991083706395,0.16271344349559652,,True
drsr,strogatz_vdp1,-1,45,0.01,2.7773967301022043e-06,0.000113489193091352,0.4821931275696824,,True
drsr,strogatz_vdp1,-1,3,0.01,0.7096140527149132,0.8019973334098178,0.15160017386903957,,True
drsr,strogatz_vdp1,-1,2,0.01,0.7095769633873581,0.8019925646043629,0.15160107680520668,,True
drsr,strogatz_vdp1,-1,20,0.01,2.7541336647979327e-06,5.297133492572028e-07,0.5655705024468799,,True
drsr,strogatz_barmag1,-1,60,0.01,0.0003925998017298972,0.006777038890522194,0.3419646409351974,,True
drsr,strogatz_barmag1,-1,10,0.01,0.019719716409077805,0.507537587861465,0.21427254013102776,,True
drsr,strogatz_barmag1,-1,30,0.01,0.018674882373420302,0.32991161411892284,0.2217980185847892,,True
drsr,strogatz_barmag1,-1,5,0.01,0.01971965639111761,0.5075505077159173,0.21427219250813118,,True
drsr,strogatz_barmag1,-1,1,0.01,0.04033055133687315,0.9225169100397121,0.19390683947444554,,True
drsr,strogatz_barmag1,-1,45,0.01,0.022107816316786048,11.415150111051936,0.16421330448262422,,True
drsr,strogatz_barmag1,-1,3,0.01,0.05085748233023411,0.645939156711407,0.19583762610462202,,True
drsr,strogatz_barmag1,-1,2,0.01,0.05085748233023411,0.645939156711407,0.19583762610462202,,True
drsr,strogatz_barmag1,-1,20,0.01,0.019719716409077805,0.507537587861465,0.21427254013102776,,True
drsr,feynman_I_12_11,-1,60,0.01,0.10423808091792917,0.31353222278489595,0.19591755040825015,,True
drsr,feynman_I_12_11,-1,10,0.01,0.10146951738699211,0.30780352906815805,0.19662110037055086,,True
drsr,feynman_I_12_11,-1,30,0.01,0.10496140899896515,0.30773824755746676,0.19609960255872272,,True
drsr,feynman_I_12_11,-1,5,0.01,0.10146951738699211,0.30780352906815805,0.19662110037055086,,True
drsr,feynman_I_12_11,-1,1,0.01,0.2905435867378766,0.7661921280288683,0.16615896502775046,,True
drsr,feynman_I_12_11,-1,45,0.01,0.10423808091792917,0.31353222278489595,0.19591755040825015,,True
drsr,feynman_I_12_11,-1,3,0.01,0.10146951738699211,0.30780352906815805,0.19662110037055086,,True
drsr,feynman_I_12_11,-1,2,0.01,0.10146951738699211,0.30780352906815805,0.19662110037055086,,True
drsr,feynman_I_12_11,-1,20,0.01,0.10105153368376321,0.3102951069690247,0.1965600772656914,,True
drsr,feynman-ii.4.23,-1,60,0.01,4.499613461788028e-10,4.4996134599963356e-10,0.8104874851908385,,True
drsr,feynman-ii.4.23,-1,10,0.01,0.9999999992245191,0.9999999992245193,0.142857142881199,,True
drsr,feynman-ii.4.23,-1,30,0.01,0.9999999992245191,0.9999999992245193,0.142857142881199,,True
drsr,feynman-ii.4.23,-1,5,0.01,0.9999999992245191,0.9999999992245193,0.142857142881199,,True
drsr,feynman-ii.4.23,-1,1,0.01,0.9999999998404279,0.9999999998463077,0.1428571428620018,,True
drsr,feynman-ii.4.23,-1,45,0.01,0.9999999992245191,0.9999999992245193,0.142857142881199,,True
drsr,feynman-ii.4.23,-1,3,0.01,0.9999999992245191,0.9999999992245193,0.142857142881199,,True
drsr,feynman-ii.4.23,-1,2,0.01,0.9999999992245191,0.9999999992245193,0.142857142881199,,True
drsr,feynman-ii.4.23,-1,20,0.01,0.9999999992245191,0.9999999992245193,0.142857142881199,,True
drsr,feynman-iii.7.38,-1,60,0.01,0.9997293254323455,0.9999999993868112,0.14286134173748327,,True
drsr,feynman-iii.7.38,-1,10,0.01,0.9997293254323455,0.9999999993868112,0.14286134173748327,,True
drsr,feynman-iii.7.38,-1,30,0.01,0.9997293254323455,0.9999999993868112,0.14286134173748327,,True
drsr,feynman-iii.7.38,-1,5,0.01,0.999999999999993,1.0,0.14285714285714302,,True
drsr,feynman-iii.7.38,-1,1,0.01,0.9999999999999989,1.0,0.1428571428571429,,True
drsr,feynman-iii.7.38,-1,45,0.01,0.9997293254323455,0.9999999993868112,0.14286134173748327,,True
drsr,feynman-iii.7.38,-1,3,0.01,0.9999999999999989,1.0,0.1428571428571429,,True
drsr,feynman-iii.7.38,-1,2,0.01,0.9999999999999989,1.0,0.1428571428571429,,True
drsr,feynman-iii.7.38,-1,20,0.01,0.9997293254323455,0.9999999993868112,0.14286134173748327,,True
drsr,I.11.19_4_0,1,60,0.01,0.0625201661852516,0.2747709471522448,0.2058931809096502,,True
drsr,I.11.19_4_0,1,10,0.01,0.06252079332337675,0.2747683024524134,0.20589317461595463,,True
drsr,I.11.19_4_0,1,30,0.01,0.0625201661852516,0.2747709471522448,0.2058931809096502,,True
drsr,I.11.19_4_0,1,5,0.01,0.06252079332337675,0.2747683024524134,0.20589317461595463,,True
drsr,I.11.19_4_0,1,1,0.01,0.06252079332337675,0.2747683024524134,0.20589317461595463,,True
drsr,I.11.19_4_0,1,45,0.01,0.0625201661852516,0.2747709471522448,0.2058931809096502,,True
drsr,I.11.19_4_0,1,3,0.01,0.06252079332337675,0.2747683024524134,0.20589317461595463,,True
drsr,I.11.19_4_0,1,2,0.01,0.06252079332337675,0.2747683024524134,0.20589317461595463,,True
drsr,I.11.19_4_0,1,20,0.01,0.06252079332337675,0.2747683024524134,0.20589317461595463,,True
drsr,first_principles_leavitt,1,60,0.01,0.00027104261866828857,0.00042999363179048564,0.39048215684596027,,True
drsr,first_principles_leavitt,1,10,0.01,0.00018360932656015814,0.0019478157733255979,0.373091335138667,,True
drsr,first_principles_leavitt,1,30,0.01,0.0002714553139547281,0.0004307699592787604,0.390430580110478,,True
drsr,first_principles_leavitt,1,5,0.01,0.00018360932656015814,0.0019478157733255979,0.373091335138667,,True
drsr,first_principles_leavitt,1,1,0.01,0.0001835958950067534,0.001947870422017434,0.3730920346562569,,True
drsr,first_principles_leavitt,1,45,0.01,0.00027144157076754003,0.00042985721275728495,0.3904642650660607,,True
drsr,first_principles_leavitt,1,3,0.01,0.00018362197751933343,0.0019476299927791085,0.3730917459242724,,True
drsr,first_principles_leavitt,1,2,0.01,0.00018362197751933343,0.0019476299927791085,0.3730917459242724,,True
drsr,first_principles_leavitt,1,20,0.01,0.00018360932656015814,0.0019478157733255979,0.373091335138667,,True
drsr,feynman-i.39.22,1,60,0.01,1.0071562226570865,1.0000853276165877,0.14274521799739492,,True
drsr,feynman-i.39.22,1,10,0.01,1.0013122500893876,1.000009016861732,0.14283666266687406,,True
drsr,feynman-i.39.22,1,30,0.01,1.0013122500893876,1.000009016861732,0.14283666266687406,,True
drsr,feynman-i.39.22,1,5,0.01,1.0,1.0,0.1428571428571429,,True
drsr,feynman-i.39.22,1,1,0.01,10792631.485116597,17528538.170585085,0.0,,True
drsr,feynman-i.39.22,1,45,0.01,1.0071562226570865,1.0000853276165877,0.14274521799739492,,True
drsr,feynman-i.39.22,1,3,0.01,6.235713154011454e+39,3.933983693699375e+41,0.0,,True
drsr,feynman-i.39.22,1,2,0.01,10792631.485116597,17528538.170585085,0.0,,True
drsr,feynman-i.39.22,1,20,0.01,1.0013122500893876,1.000009016861732,0.14283666266687406,,True
drsr,feynman-ii.34.2a,1,60,0.01,1.0068062505260553,1.0005108043346072,0.1427440112154506,,True
drsr,feynman-ii.34.2a,1,10,0.01,1.0068156003496336,1.0005114700339421,0.1427438568558277,,True
drsr,feynman-ii.34.2a,1,30,0.01,1.0068156003496336,1.0005114700339421,0.1427438568558277,,True
drsr,feynman-ii.34.2a,1,5,0.01,1.0068156003496336,1.0005114700339421,0.1427438568558277,,True
drsr,feynman-ii.34.2a,1,1,0.01,1.0068156003496336,1.0005114700339421,0.1427438568558277,,True
drsr,feynman-ii.34.2a,1,45,0.01,1.0068046481034818,1.0005106901960306,0.14274403767129606,,True
drsr,feynman-ii.34.2a,1,3,0.01,1.0068156003496336,1.0005114700339421,0.1427438568558277,,True
drsr,feynman-ii.34.2a,1,2,0.01,1.0068156003496336,1.0005114700339421,0.1427438568558277,,True
drsr,feynman-ii.34.2a,1,20,0.01,1.0068156003496336,1.0005114700339421,0.1427438568558277,,True
drsr,feynman-i.11.19,1,60,0.01,0.0002664121615020303,0.054057252780218945,0.3157711422506504,,True
drsr,feynman-i.11.19,1,10,0.01,0.3250963522868035,0.3290679520740649,0.17752508267929817,,True
drsr,feynman-i.11.19,1,30,0.01,0.0011935309571169965,0.057952606703032594,0.2914319048844966,,True
drsr,feynman-i.11.19,1,5,0.01,0.3250963522868035,0.3290679520740649,0.17752508267929817,,True
drsr,feynman-i.11.19,1,1,0.01,0.3250963522868035,0.3290679520740649,0.17752508267929817,,True
drsr,feynman-i.11.19,1,45,0.01,0.0011843984052677286,0.05781222989425813,0.291588659465228,,True
drsr,feynman-i.11.19,1,3,0.01,0.3250963522868035,0.3290679520740649,0.17752508267929817,,True
drsr,feynman-i.11.19,1,2,0.01,0.3250963522868035,0.3290679520740649,0.17752508267929817,,True
drsr,feynman-i.11.19,1,20,0.01,0.32541659188903677,0.3312600393034823,0.17740683066353158,,True
gplearn,feynman-ii.34.2a,2,60,0.01,0.4720787296226662,197708.60893582745,0.08307091310951176,3278.0,True
gplearn,feynman-ii.34.2a,2,10,0.01,0.6787820413633573,854.3496939367169,0.07743820201412738,559.0,True
gplearn,feynman-ii.34.2a,2,30,0.01,0.5185499703706453,150173.0360700299,0.08161462093632155,1872.0,True
gplearn,feynman-ii.34.2a,2,5,0.01,0.673725361171017,853.5741360467961,0.07755418228965738,415.0,True
gplearn,feynman-ii.34.2a,2,1,0.01,0.749156980384607,81.77583574106227,0.07902864922338021,265.0,True
gplearn,feynman-ii.34.2a,2,45,0.01,0.48281944171158664,301628.9057534943,0.08272197323098862,2260.0,True
gplearn,feynman-ii.34.2a,2,3,0.01,0.6659460531112644,853.738374034263,0.07773431966739641,449.0,True
gplearn,feynman-ii.34.2a,2,2,0.01,0.6960648762999962,533.2736209164763,0.07704822429828778,142.0,True
gplearn,feynman-ii.34.2a,2,20,0.01,0.6149155570258047,365552.2298511593,0.07897087569301925,1243.0,True
gplearn,BPG9,2,10,0.01,0.5134391731572349,1.3109048704283033,0.14899785080811545,15.0,True
gplearn,BPG9,2,30,0.01,0.510327982723992,0.8933557889741525,0.15504022005101958,15.0,True
gplearn,BPG9,2,5,0.01,0.5231779842637582,1.7878969945701746,0.14389314447896062,16.0,True
gplearn,BPG9,2,1,0.01,0.6589517297327061,1.4677986716715896,0.14337428240459932,10.0,True
gplearn,BPG9,2,45,0.01,0.5115580749951255,0.9032588548134516,0.15483188670829912,17.0,True
gplearn,BPG9,2,3,0.01,0.6787579140429795,1.0692133628703118,0.1478293112788882,12.0,True
gplearn,BPG9,2,2,0.01,0.6787579140429795,1.0692133628703118,0.1478293112788882,12.0,True
gplearn,BPG9,2,20,0.01,0.510327982723992,0.8933557889741525,0.15504022005101958,15.0,True
gplearn,strogatz_vdp1,2,60,0.01,0.10676637694698847,0.9088053319514738,0.1790390938633481,75.0,True
gplearn,strogatz_vdp1,2,10,0.01,0.11036433331838122,0.9286446754117405,0.17819006010257527,73.0,True
gplearn,strogatz_vdp1,2,30,0.01,0.10637829347068163,0.9010083784050628,0.1792292196957035,73.0,True
gplearn,strogatz_vdp1,2,5,0.01,0.11036433331838122,0.9286446754117405,0.17819006010257527,73.0,True
gplearn,strogatz_vdp1,2,1,0.01,0.7266183295633838,0.8536697375388769,0.1502644201738133,77.0,True
gplearn,strogatz_vdp1,2,45,0.01,0.10637829347068163,0.9010083784050628,0.1792292196957035,73.0,True
gplearn,strogatz_vdp1,2,3,0.01,0.11506920380180838,0.8416273766502675,0.17906860850135975,71.0,True
gplearn,strogatz_vdp1,2,2,0.01,0.12048150431472285,0.9137656455704325,0.1770801711612771,73.0,True
gplearn,strogatz_vdp1,2,20,0.01,0.10637829347068163,0.9010083784050628,0.1792292196957035,73.0,True
gplearn,PO41,2,10,0.01,0.008235490959929502,0.03974698833116306,0.26732165278152603,12.0,True
gplearn,PO41,2,30,0.01,0.008235490959929502,0.03974698833116306,0.26732165278152603,12.0,True
gplearn,PO41,2,5,0.01,0.009786702091051699,0.042710910431408844,0.2635294572313213,11.0,True
gplearn,PO41,2,1,0.01,0.021312548383409936,0.08276027699078035,0.24119795293554896,9.0,True
gplearn,PO41,2,45,0.01,0.004982771152983983,0.03974698778836718,0.27511517275416014,10.0,True
gplearn,PO41,2,3,0.01,0.016088970208161843,0.07325753930561364,0.2474506937756631,10.0,True
gplearn,PO41,2,2,0.01,0.016088970208161843,0.07325753930561364,0.2474506937756631,10.0,True
gplearn,PO41,2,20,0.01,0.008235490959929502,0.03974698833116306,0.26732165278152603,12.0,True
gplearn,Korns-2,2,60,0.01,0.01744716263807927,0.0072437175371557255,0.28208263155408236,102.0,True
gplearn,Korns-2,2,10,0.01,0.01619254934560702,0.006024418221666351,0.2860989163341753,73.0,True
gplearn,Korns-2,2,30,0.01,0.01624157405383983,0.007054139810473447,0.2836045650137687,100.0,True
gplearn,Korns-2,2,5,0.01,0.01553392367942034,0.003045315109346445,0.2973245212742107,22.0,True
gplearn,Korns-2,2,1,0.01,0.01469966326066569,0.00290206130086948,0.2989280725730194,28.0,True
gplearn,Korns-2,2,45,0.01,0.01783963507265584,0.007015656824228798,0.2822337748833139,110.0,True
gplearn,Korns-2,2,3,0.01,0.014699663260665694,0.0029020613008694817,0.2989280725730194,22.0,True
gplearn,Korns-2,2,2,0.01,0.014699663260665689,0.0029020613008694856,0.29892807257301934,26.0,True
gplearn,Korns-2,2,20,0.01,0.014143054387488285,0.005607679359216446,0.2893097719761483,89.0,True
gplearn,feynman_I_12_11,-1,60,0.01,3.074406407746391e-05,0.00020521664494690755,0.4357152192947639,40.0,True
gplearn,feynman_I_12_11,-1,10,0.01,5.28509804719947e-05,0.0001546555753616985,0.4316993346569027,38.0,True
gplearn,feynman_I_12_11,-1,30,0.01,3.074406407746391e-05,0.00020521664494690755,0.4357152192947639,40.0,True
gplearn,feynman_I_12_11,-1,5,0.01,0.00015687713782067117,0.0001296452326761668,0.41756013540563736,39.0,True
gplearn,feynman_I_12_11,-1,1,0.01,0.043584226071957784,0.08047648449166285,0.2305357737449164,16.0,True
gplearn,feynman_I_12_11,-1,45,0.01,3.074406407746391e-05,0.00020521664494690755,0.4357152192947639,40.0,True
gplearn,feynman_I_12_11,-1,3,0.01,0.00041062764967393384,0.000750723059652879,0.3753954305207198,34.0,True
gplearn,feynman_I_12_11,-1,2,0.01,0.012952178001576069,0.016691310171242205,0.27375595600325253,40.0,True
gplearn,feynman_I_12_11,-1,20,0.01,3.074406407746391e-05,0.00020521664494690755,0.4357152192947639,40.0,True
gplearn,Nguyen-9,-1,60,0.01,0.4050319281707428,0.0022147528073162585,0.2516851957030559,20.0,True
gplearn,Nguyen-9,-1,10,0.01,0.40326392527521515,0.001953660281977056,0.2536986278397938,20.0,True
gplearn,Nguyen-9,-1,30,0.01,0.4050319281707428,0.0022147528073162585,0.2516851957030559,20.0,True
gplearn,Nguyen-9,-1,5,0.01,0.41320696919883404,0.0021880484408424317,0.2515634082030628,20.0,True
gplearn,Nguyen-9,-1,1,0.01,0.41320696919883404,0.0021880484408424317,0.2515634082030628,20.0,True
gplearn,Nguyen-9,-1,45,0.01,0.4050319281707428,0.0022147528073162585,0.2516851957030559,20.0,True
gplearn,Nguyen-9,-1,3,0.01,0.41320696919883404,0.0021880484408424317,0.2515634082030628,20.0,True
gplearn,Nguyen-9,-1,2,0.01,0.41320696919883404,0.0021880484408424317,0.2515634082030628,20.0,True
gplearn,Nguyen-9,-1,20,0.01,0.4068111956075105,0.002255630037520116,0.25133354408241276,20.0,True
gplearn,feynman-i.32.5,-1,60,0.01,26921.42490537457,19.734439093671337,0.025170543318611627,1.0,True
gplearn,feynman-i.32.5,-1,10,0.01,26921.42490537457,19.734439093671337,0.025170543318611627,1.0,True
gplearn,feynman-i.32.5,-1,30,0.01,1.000099993991469,0.9999989224791216,0.14285560868907043,3.0,True
gplearn,feynman-i.32.5,-1,5,0.01,26921.42490537457,19.734439093671337,0.025170543318611627,1.0,True
gplearn,feynman-i.32.5,-1,1,0.01,1.0,1.0,0.1428571428571429,3.0,True
gplearn,feynman-i.32.5,-1,45,0.01,0.9999999967718736,0.999999999958408,0.1428571429078579,25.0,True
gplearn,feynman-i.32.5,-1,3,0.01,1.0,1.0,0.1428571428571429,3.0,True
gplearn,feynman-i.32.5,-1,2,0.01,1.0,1.0,0.1428571428571429,3.0,True
gplearn,feynman-i.32.5,-1,20,0.01,37851.59128143678,1144.7057100221955,0.0,3.0,True
gplearn,first_principles_leavitt,-1,60,0.01,0.0002761608534067325,4.269780114543698e-05,0.4260154419147193,29.0,True
gplearn,first_principles_leavitt,-1,10,0.01,0.00026364682251337623,0.0004125560820780109,0.39155337372820787,80.0,True
gplearn,first_principles_leavitt,-1,30,0.01,0.0002796880547630229,4.699382464345329e-05,0.4243316174852821,29.0,True
gplearn,first_principles_leavitt,-1,5,0.01,0.0004206626883186495,0.008527129503793843,0.33733082672431697,32.0,True
gplearn,first_principles_leavitt,-1,1,0.01,0.0004206626883186495,0.008527129503793843,0.33733082672431697,32.0,True
gplearn,first_principles_leavitt,-1,45,0.01,0.00029598804241456666,9.353978045878264e-05,0.41277605311887156,28.0,True
gplearn,first_principles_leavitt,-1,3,0.01,0.0004206626883186495,0.008527129503793843,0.33733082672431697,32.0,True
gplearn,first_principles_leavitt,-1,2,0.01,0.0004206626883186495,0.008527129503793843,0.33733082672431697,32.0,True
gplearn,first_principles_leavitt,-1,20,0.01,0.0002761608534067325,4.269780114543698e-05,0.4260154419147193,29.0,True
gplearn,Korns-4,-1,60,0.01,0.001562493599393484,0.0016734913086485466,0.3422342247090836,2.0,True
gplearn,Korns-4,-1,10,0.01,0.0017507344429391332,0.001888023583621685,0.3385990110453739,2.0,True
gplearn,Korns-4,-1,30,0.01,0.0015707393478512873,0.0016440770548782535,0.3424276324482988,2.0,True
gplearn,Korns-4,-1,5,0.01,0.0015707393478512873,0.0016440770548782535,0.3424276324482988,2.0,True
gplearn,Korns-4,-1,1,0.01,0.0015770533299495492,0.001691240352381243,0.3419267245727969,5.0,True
gplearn,Korns-4,-1,45,0.01,0.0015707393478512873,0.0016440770548782535,0.3424276324482988,2.0,True
gplearn,Korns-4,-1,3,0.01,0.0015707393478512873,0.0016440770548782535,0.3424276324482988,2.0,True
gplearn,Korns-4,-1,2,0.01,0.0015707393478512873,0.0016440770548782535,0.3424276324482988,2.0,True
gplearn,Korns-4,-1,20,0.01,0.0017507344429391332,0.001888023583621685,0.3385990110453739,2.0,True
gplearn,feynman_II_15_4,1,10,0.01,0.002799699472594936,0.0009715695019866607,0.3416219539596705,22.0,True
gplearn,feynman_II_15_4,1,30,0.01,0.00016701597366058514,0.000772759874065288,0.38889990811588765,39.0,True
gplearn,feynman_II_15_4,1,5,0.01,0.0052328274194540945,0.011341531542702255,0.29380685297315157,26.0,True
gplearn,feynman_II_15_4,1,1,0.01,0.3987753017359487,1.0673300943613915,0.15610617831242207,41.0,True
gplearn,feynman_II_15_4,1,45,0.01,0.0001538601399276094,0.0005720904916585157,0.39483604097246244,39.0,True
gplearn,feynman_II_15_4,1,3,0.01,0.07523045396245177,0.023170456729064065,0.24138113296275904,24.0,True
gplearn,feynman_II_15_4,1,2,0.01,0.16614092301689984,0.37557779297976784,0.1858865526975414,25.0,True
gplearn,feynman_II_15_4,1,20,0.01,0.0017992340026224153,0.00417858287908001,0.3258529760547472,31.0,True
gplearn,first_principles_hubble,1,60,0.01,5.439902668565296,0.051887776469610576,0.16247656465265875,1624.0,True
gplearn,first_principles_hubble,1,10,0.01,5.442827611880025,0.04262937937242099,0.16551665752614814,430.0,True
gplearn,first_principles_hubble,1,30,0.01,5.468506192512799,0.047258422789443456,0.16384471672981787,766.0,True
gplearn,first_principles_hubble,1,5,0.01,5.425036324752377,0.043006602033234226,0.1654307935495532,427.0,True
gplearn,first_principles_hubble,1,1,0.01,6.464011524967804,0.0433499072391943,0.16258963233596735,74.0,True
gplearn,first_principles_hubble,1,45,0.01,5.434458052986462,0.05992557855214764,0.16025826869513987,1509.0,True
gplearn,first_principles_hubble,1,3,0.01,5.483008574252439,0.03953872017477869,0.16656994526448476,235.0,True
gplearn,first_principles_hubble,1,2,0.01,5.501379031003407,0.03814578482179104,0.16707435277211447,81.0,True
gplearn,first_principles_hubble,1,20,0.01,5.467851913230615,0.04619900626404492,0.1641982364996627,680.0,True
gplearn,feynman-iii.10.19,1,10,0.01,1.000000000000115,0.9999999999990861,0.14285714285715523,3.0,True
gplearn,feynman-iii.10.19,1,30,0.01,283.20279003213994,16.858390110673778,0.02761371073624236,1.0,True
gplearn,feynman-iii.10.19,1,5,0.01,0.9992964922529778,0.998619505902265,0.14288948543699004,5.0,True
gplearn,feynman-iii.10.19,1,1,0.01,283.20279003213994,16.858390110673778,0.02761371073624236,1.0,True
gplearn,feynman-iii.10.19,1,45,0.01,1.3668893779091686,1.3995874592199617,0.13279523532056586,3.0,True
gplearn,feynman-iii.10.19,1,3,0.01,0.9999415753610974,0.9998853821470786,0.14285982696405425,3.0,True
gplearn,feynman-iii.10.19,1,2,0.01,1.000000000000115,0.9999999999990861,0.14285714285715523,3.0,True
gplearn,feynman-iii.10.19,1,20,0.01,283.20279003213994,16.858390110673778,0.02761371073624236,1.0,True
pysr,Korns-4,-1,60,0.01,6.684567231321759e-08,9.871797691170265e-08,0.6493046592084633,30.0,True
pysr,Korns-4,-1,10,0.01,6.439583186611885e-08,9.70388729550884e-08,0.6501498749419394,30.0,True
pysr,Korns-4,-1,30,0.01,6.439583186611885e-08,9.70388729550884e-08,0.6501498749419394,30.0,True
pysr,Korns-4,-1,5,0.01,6.064883462602557e-08,7.726812663560014e-08,0.6546134698865234,30.0,True
pysr,Korns-4,-1,1,0.01,2.8041082049084778e-08,4.060841700990597e-08,0.6765567561285641,20.0,True
pysr,Korns-4,-1,45,0.01,6.684567231321759e-08,9.871797691170265e-08,0.6493046592084633,30.0,True
pysr,Korns-4,-1,3,0.01,6.064883462602557e-08,7.726812663560014e-08,0.6546134698865234,30.0,True
pysr,Korns-4,-1,2,0.01,6.064883462602557e-08,7.726812663560014e-08,0.6546134698865234,30.0,True
pysr,Korns-4,-1,20,0.01,6.439583186611885e-08,9.70388729550884e-08,0.6501498749419394,30.0,True
pysr,feynman-i.32.5,-1,10,0.01,1.7800373852859062e-08,1.780037381828196e-08,0.6963979197667782,21.0,True
pysr,feynman-i.32.5,-1,30,0.01,1.7800373852859062e-08,1.780037381828196e-08,0.6963979197667782,21.0,True
pysr,feynman-i.32.5,-1,45,0.01,1.7800373852859062e-08,1.780037381828196e-08,0.6963979197667782,21.0,True
pysr,feynman-i.32.5,-1,20,0.01,1.7800373852859062e-08,1.780037381828196e-08,0.6963979197667782,21.0,True
pysr,Nguyen-9,-1,10,0.01,1.4616688542007153e-05,1.5187835645692802e-05,0.4876305399375688,28.0,True
pysr,Nguyen-9,-1,30,0.01,1.8682766174853876e-05,0.022114616896836026,0.37085283576218386,30.0,True
pysr,Nguyen-9,-1,5,0.01,5.832187759010544e-06,0.00012288116304716372,0.4694529710624147,29.0,True
pysr,Nguyen-9,-1,1,0.01,0.11275506111576067,0.037461836773551714,0.22765267457331534,12.0,True
pysr,Nguyen-9,-1,45,0.01,1.8682766174853876e-05,0.022114616896836026,0.37085283576218386,30.0,True
pysr,Nguyen-9,-1,3,0.01,1.0964441028445708e-05,6.016811554564018e-05,0.4707373962230752,30.0,True
pysr,Nguyen-9,-1,2,0.01,6.402851142204741e-06,2.6768829062457902e-05,0.49164275787093065,29.0,True
pysr,Nguyen-9,-1,20,0.01,1.8682766174853876e-05,0.022114616896836026,0.37085283576218386,30.0,True
pysr,first_principles_leavitt,-1,10,0.01,0.0002917661265199032,0.0004952982141882664,0.38714637029059895,30.0,True
pysr,first_principles_leavitt,-1,30,0.01,0.0002917661265199032,0.0004952982141882664,0.38714637029059895,30.0,True
pysr,first_principles_leavitt,-1,5,0.01,0.0002917661265199032,0.0004952982141882664,0.38714637029059895,30.0,True
pysr,first_principles_leavitt,-1,45,0.01,0.0002917661265199032,0.0004952982141882664,0.38714637029059895,30.0,True
pysr,first_principles_leavitt,-1,3,0.01,0.0002917661265199032,0.0004952982141882664,0.38714637029059895,30.0,True
pysr,first_principles_leavitt,-1,2,0.01,0.00033683192404985394,0.0005001924195858705,0.38476605886471393,30.0,True
pysr,first_principles_leavitt,-1,20,0.01,0.0002917661265199032,0.0004952982141882664,0.38714637029059895,30.0,True
pysr,feynman_I_12_11,-1,10,0.01,0.13402673758437872,0.5731969645684026,0.18266088113565165,29.0,True
pysr,feynman_I_12_11,-1,30,0.01,0.06659258559759457,0.21581574168236425,0.20866039297406114,28.0,True
pysr,feynman_I_12_11,-1,45,0.01,0.019403390992334953,0.04153724266308362,0.25334588218529963,26.0,True
pysr,feynman_I_12_11,-1,20,0.01,0.06785383346192589,0.32555517924646404,0.2019928929481647,22.0,True
pyoperon,feynman_II_15_4,1,1,0.01,0.9138631899846907,0.8206602468718567,0.14731983639251683,8.0,True
imcts,PO41,2,10,0.01,0.007261512107387065,129.38388866939616,0.14782046193527182,,True
imcts,PO41,2,30,0.01,0.0021754474636461255,0.01735379352741311,0.3008234633690742,,True
imcts,PO41,2,5,0.01,0.012464941748748891,0.037841917972086615,0.2616548788115173,,True
imcts,PO41,2,1,0.01,0.02966031970307569,3955.723161761008,0.12599372043224538,,True
imcts,PO41,2,45,0.01,0.0015587163412503718,0.019516350041551587,0.3041726540209292,,True
imcts,PO41,2,3,0.01,0.02264143152793112,8506.987220552239,0.13018200421063492,,True
imcts,PO41,2,2,0.01,0.02264143152793112,8506.987220552239,0.13018200421063492,,True
imcts,PO41,2,20,0.01,0.0031629023105562326,0.03723830874260517,0.28317586689848134,,True
imcts,strogatz_vdp1,2,10,0.01,0.0021739708158486104,0.011657783324589163,0.3070046539719714,,True
imcts,strogatz_vdp1,2,30,0.01,3.2801539031769787e-07,1.2184783599742599e-06,0.5856531413699354,,True
imcts,strogatz_vdp1,2,5,0.01,0.004230895909868493,0.00218890716839251,0.3226192969892418,,True
imcts,strogatz_vdp1,2,1,0.01,0.049284826358392035,1.7770475668326253,0.1806281327270231,,True
imcts,strogatz_vdp1,2,45,0.01,3.2801539031769787e-07,1.2184783599742599e-06,0.5856531413699354,,True
imcts,strogatz_vdp1,2,3,0.01,0.0029493326015745253,0.005097841655436945,0.3151032109583163,,True
imcts,strogatz_vdp1,2,2,0.01,0.018500503858273832,0.025351562915173553,0.26174327517478996,,True
imcts,strogatz_vdp1,2,20,0.01,0.0011148926257816252,0.00938840560018576,0.32072053975895537,,True
imcts,feynman-ii.34.2a,2,10,0.01,1.0,1.0,0.1428571428571429,,True
imcts,feynman-ii.34.2a,2,30,0.01,1.0,1.0,0.1428571428571429,,True
imcts,feynman-ii.34.2a,2,5,0.01,1.0,1.0,0.1428571428571429,,True
imcts,feynman-ii.34.2a,2,1,0.01,1.0,1.0,0.1428571428571429,,True
imcts,feynman-ii.34.2a,2,45,0.01,1.0,1.0,0.1428571428571429,,True
imcts,feynman-ii.34.2a,2,3,0.01,1.0,1.0,0.1428571428571429,,True
imcts,feynman-ii.34.2a,2,2,0.01,1.0,1.0,0.1428571428571429,,True
imcts,feynman-ii.34.2a,2,20,0.01,1.0,1.0,0.1428571428571429,,True
imcts,BPG9,2,10,0.01,1192254.0549399848,64975959647.46546,0.0,,True
imcts,BPG9,2,30,0.01,1247668.8561323346,68070797160.83948,0.0,,True
imcts,BPG9,2,5,0.01,260.54061826535707,4877317.29754387,0.0,,True
imcts,BPG9,2,1,0.01,1416.2456279646979,37028162.980779745,0.0,,True
imcts,BPG9,2,45,0.01,1247668.8561323346,68070797160.83948,0.0,,True
imcts,BPG9,2,3,0.01,1416.2456279646979,37028162.980779745,0.0,,True
imcts,BPG9,2,2,0.01,1416.2456279646979,37028162.980779745,0.0,,True
imcts,BPG9,2,20,0.01,1254959.967820995,68476307388.24699,0.0,,True
imcts,Korns-2,2,60,0.01,94.51997293760657,5.296418823234676,0.046446217536693535,,True
imcts,Korns-2,2,10,0.01,0.0034550868799719304,3.246500459941633e-05,0.3910759128161901,,True
imcts,Korns-2,2,30,0.01,0.07618631332677461,7.169046330829051e-05,0.3308093448018813,,True
imcts,Korns-2,2,5,0.01,81.4954779367077,4.498128617253122,0.051279807845392544,,True
imcts,Korns-2,2,1,0.01,93.85054993303781,5.278169633975223,0.04660999408597083,,True
imcts,Korns-2,2,45,0.01,94.51997293760657,5.296418823234676,0.046446217536693535,,True
imcts,Korns-2,2,3,0.01,78.92806560260209,4.377632774115188,0.05219747191970214,,True
imcts,Korns-2,2,2,0.01,93.12923170434627,5.243959698707399,0.04683052266098098,,True
imcts,Korns-2,2,20,0.01,77.89162036156857,4.342649305733978,0.052526946520445206,,True
imcts,PO19,-1,10,0.01,0.0022090012607643068,0.019058123836429127,0.2991329961309676,,True
imcts,PO19,-1,30,0.01,0.0004861463586981458,0.010410457369014624,0.33199154117030205,,True
imcts,PO19,-1,5,0.01,0.004606828629876412,3276.6332382849528,0.15487849795834913,,True
imcts,PO19,-1,1,0.01,0.036731503028093374,266475.32866415544,0.12267718929487925,,True
imcts,PO19,-1,45,0.01,0.0002904721831643996,0.00885701050664881,0.34248601040300397,,True
imcts,PO19,-1,3,0.01,0.015819961218616455,5556.970302594019,0.13574266376698596,,True
imcts,PO19,-1,2,0.01,0.015024476175271358,0.06175412373164933,0.2511619534648493,,True
imcts,PO19,-1,20,0.01,0.0010361999670374608,0.007997356328891985,0.324343213537944,,True
imcts,feynman-i.11.19,-1,60,0.01,7.547726318665547e-11,5.265341000429617e-12,0.9071699054658413,,True
imcts,feynman-i.11.19,-1,10,0.01,7.547726318665547e-11,5.265341000429617e-12,0.9071699054658413,,True
imcts,feynman-i.11.19,-1,5,0.01,7.547726318665547e-11,5.265341000429617e-12,0.9071699054658413,,True
imcts,feynman-i.11.19,-1,1,0.01,4.773643864928215e+21,2.2730147316842947e+23,0.0,,True
imcts,feynman-i.11.19,-1,45,0.01,7.547726318665547e-11,5.265341000429617e-12,0.9071699054658413,,True
imcts,feynman-i.11.19,-1,3,0.01,4.773643864926924e+21,2.2730147316841508e+23,0.0,,True
imcts,feynman-i.11.19,-1,2,0.01,4.773643864928276e+21,2.273014731684293e+23,0.0,,True
imcts,feynman-i.11.19,-1,20,0.01,7.547726318665547e-11,5.265341000429617e-12,0.9071699054658413,,True
imcts,strogatz_shearflow1,-1,60,0.01,1.1825952867110824e-06,0.00012315348699810838,0.49416846939873293,,True
imcts,strogatz_shearflow1,-1,10,0.01,1.0590625016963921e-07,1.935352261445575e-05,0.5602970851609893,,True
imcts,strogatz_shearflow1,-1,30,0.01,8.172915006641576e-07,3.288015004577204e-05,0.5203817580970846,,True
imcts,strogatz_shearflow1,-1,5,0.01,9.666967465384093e-07,1.6058362764762146e-05,0.5288931599452867,,True
imcts,strogatz_shearflow1,-1,1,0.01,0.026300661873705243,1.3352175310990986,0.194802903434536,,True
imcts,strogatz_shearflow1,-1,45,0.01,1.1825952867110824e-06,0.00012315348699810838,0.49416846939873293,,True
imcts,strogatz_shearflow1,-1,3,0.01,3.62554474841786e-08,2.0739998105002516e-05,0.5758506434941529,,True
imcts,strogatz_shearflow1,-1,2,0.01,5.034688140720369e-07,3.1917313764582743e-07,0.5997857533006374,,True
imcts,strogatz_shearflow1,-1,20,0.01,6.033533510815171e-07,1.0687384142559285e-05,0.542519887537643,,True
imcts,Nguyen-6,-1,10,0.01,3.731337571107341e-05,0.26789069873663857,0.32143492228226056,,True
imcts,Nguyen-6,-1,30,0.01,5.390623173447125e-05,0.23538981279228097,0.3177347629486636,,True
imcts,Nguyen-6,-1,5,0.01,4.6100217141925e-05,0.17199231346619814,0.3250281425272365,,True
imcts,Nguyen-6,-1,1,0.01,4.6100217141925e-05,0.17199231346619814,0.3250281425272365,,True
imcts,Nguyen-6,-1,45,0.01,6.173516044620498e-05,0.23517583234882167,0.3156455260367541,,True
imcts,Nguyen-6,-1,3,0.01,4.6100217141925e-05,0.17199231346619814,0.3250281425272365,,True
imcts,Nguyen-6,-1,2,0.01,4.6100217141925e-05,0.17199231346619814,0.3250281425272365,,True
imcts,Nguyen-6,-1,20,0.01,5.390623173447125e-05,0.23538981279228097,0.3177347629486636,,True
imcts,Korns-4,-1,60,0.01,0.0029256378259316478,0.003127093359616939,0.32280852108052355,,True
imcts,Korns-4,-1,10,0.01,0.0029197745163156265,0.0031085221047657654,0.32293202593803955,,True
imcts,Korns-4,-1,30,0.01,0.0029164288093669593,0.0032888940979663973,0.32207495467323427,,True
imcts,Korns-4,-1,5,0.01,2.811195107309633e-08,4.071121840614793e-08,0.6764783896985664,,True
imcts,Korns-4,-1,1,0.01,0.0029201807308171144,0.003109649691054602,0.3229242429130852,,True
imcts,Korns-4,-1,45,0.01,0.0029256378259316478,0.003127093359616939,0.32280852108052355,,True
imcts,Korns-4,-1,3,0.01,0.0029156272028546177,0.003134475977146377,0.322825109311649,,True
imcts,Korns-4,-1,2,0.01,0.0029184439031771903,0.0031085411070979046,0.32293900125859076,,True
imcts,Korns-4,-1,20,0.01,0.0029197745163156265,0.0031085221047657654,0.32293202593803955,,True
imcts,II.6.15b_3_0,-1,10,0.01,0.1945044667764264,0.7826903831828603,0.17205287224860688,,True
imcts,II.6.15b_3_0,-1,30,0.01,0.08062386465170662,0.15464063972444891,0.21086474108683606,,True
imcts,II.6.15b_3_0,-1,5,0.01,0.23400971230702727,0.3498258176812837,0.18167550926405668,,True
imcts,II.6.15b_3_0,-1,1,0.01,0.2569349967202291,0.39154276941067256,0.17847848317236847,,True
imcts,II.6.15b_3_0,-1,45,0.01,0.08062386465170662,0.15464063972444891,0.21086474108683606,,True
imcts,II.6.15b_3_0,-1,3,0.01,0.24213883464740552,0.33135377281335526,0.18198727257893993,,True
imcts,II.6.15b_3_0,-1,2,0.01,0.2569349967202291,0.39154276941067256,0.17847848317236847,,True
imcts,II.6.15b_3_0,-1,20,0.01,0.1945044667764264,0.7826903831828603,0.17205287224860688,,True
imcts,II.11.27_1_0,-1,60,0.01,0.007554050600608695,0.1442315282540112,0.2486699966120166,,True
imcts,II.11.27_1_0,-1,10,0.01,0.011545859951498334,0.21197940591570918,0.23611714442884424,,True
imcts,II.11.27_1_0,-1,30,0.01,0.011349518171166124,0.18447160708204888,0.23853903729308562,,True
imcts,II.11.27_1_0,-1,5,0.01,0.01506576322167919,0.03847276563656616,0.2584591234080658,,True
imcts,II.11.27_1_0,-1,1,0.01,1.0037119593928245,1.0227886087597091,0.14245017923835906,,True
imcts,II.11.27_1_0,-1,45,0.01,0.011349518171166124,0.18447160708204888,0.23853903729308562,,True
imcts,II.11.27_1_0,-1,3,0.01,0.005792070888751119,0.031163194433903064,0.27655443436194027,,True
imcts,II.11.27_1_0,-1,2,0.01,1.0037119593928245,1.0227886087597091,0.14245017923835906,,True
imcts,II.11.27_1_0,-1,20,0.01,0.012038286554225952,0.15580445514393496,0.24024483754280895,,True
imcts,first_principles_hubble,1,60,0.01,0.5029600667333123,0.11383618685837843,0.18722093411308716,,True
imcts,first_principles_hubble,1,10,0.01,0.14571009375643523,0.0835171430818238,0.21124052616455075,,True
imcts,first_principles_hubble,1,30,0.01,0.14571009375643523,0.0835171430818238,0.21124052616455075,,True
imcts,first_principles_hubble,1,5,0.01,0.07471985923887284,0.11242770390722814,0.21698895048909844,,True
imcts,first_principles_hubble,1,1,0.01,0.07471985923887284,0.11242770390722814,0.21698895048909844,,True
imcts,first_principles_hubble,1,45,0.01,0.4746482495637204,0.24751627756477265,0.17607229826506027,,True
imcts,first_principles_hubble,1,3,0.01,0.07471985923887284,0.11242770390722814,0.21698895048909844,,True
imcts,first_principles_hubble,1,2,0.01,0.07471985923887284,0.11242770390722814,0.21698895048909844,,True
imcts,first_principles_hubble,1,20,0.01,0.14571009375643523,0.0835171430818238,0.21124052616455075,,True
imcts,feynman-i.13.12,1,10,0.01,0.25389607803315184,0.5109120825255606,0.17453563693839047,,True
imcts,feynman-i.13.12,1,30,0.01,3.903663692138359e-09,3.903505746797518e-09,0.7434668850568729,,True
imcts,feynman-i.13.12,1,5,0.01,0.5478189797501848,2.6025807169126947,0.13735566848443453,,True
imcts,feynman-i.13.12,1,1,0.01,0.8999961033063869,0.5883053531451249,0.15271987752667415,,True
imcts,feynman-i.13.12,1,45,0.01,3.903663692138359e-09,3.903505746797518e-09,0.7434668850568729,,True
imcts,feynman-i.13.12,1,3,0.01,0.5478189797501848,2.6025807169126947,0.13735566848443453,,True
imcts,feynman-i.13.12,1,2,0.01,0.7029382967431873,0.7560232164313757,0.15266241653476947,,True
imcts,feynman-i.13.12,1,20,0.01,0.005114422948958187,0.021776154208426265,0.28404364916093305,,True
