label,tree_weight,sof1_weight,var_weight,op_weight,nonexact_cap,tree_share,score_pearson,rank_spearman,kendall_tau_b,pairwise_concordant,pairwise_total,pairwise_agreement,mean_abs_score_change,max_abs_score_change,max_abs_rank_shift,exact_rank_match,top1,top1_unchanged,top3_overlap,top3_set_unchanged,ranking
broad_stress_grid,0.0,0.25,0.125,0.125,0.25,0.0,0.9984673239975099,1.0,1.0,66,66,1.0,1.9023336489109706,3.5300864690864664,0.0,True,pysr,True,3,True,pysr>imcts>udsr>dso>llmsr>drsr>gplearn>qlattice>ragsr>tpsr>e2esr>pyoperon
broad_stress_grid,0.0125,0.2375,0.11875,0.11875,0.25,0.05,0.9988970500821578,1.0,1.0,66,66,1.0,1.2683740293082846,2.647564851814849,0.0,True,pysr,True,3,True,pysr>imcts>udsr>dso>llmsr>drsr>gplearn>qlattice>ragsr>tpsr>e2esr>pyoperon
broad_stress_grid,0.025,0.225,0.1125,0.1125,0.25,0.1,0.9992253485871925,1.0,1.0,66,66,1.0,0.7443488991303647,1.765043234543235,0.0,True,pysr,True,3,True,pysr>imcts>udsr>dso>llmsr>drsr>gplearn>qlattice>ragsr>tpsr>e2esr>pyoperon
broad_stress_grid,0.0375,0.2125,0.10625,0.10625,0.25,0.15,0.9994569869655595,1.0,1.0,66,66,1.0,0.46130290081540776,1.156452061346286,0.0,True,pysr,True,3,True,pysr>imcts>udsr>dso>llmsr>drsr>gplearn>qlattice>ragsr>tpsr>e2esr>pyoperon
broad_stress_grid,0.05,0.2,0.1,0.1,0.25,0.2,0.9995965777149798,1.0,1.0,66,66,1.0,0.8634252698191673,1.5622377617798762,0.0,True,pysr,True,3,True,pysr>imcts>udsr>dso>llmsr>drsr>gplearn>qlattice>ragsr>tpsr>e2esr>pyoperon
broad_stress_grid,0.0625,0.1875,0.09375,0.09375,0.25,0.25,0.9996485786586152,1.0,1.0,66,66,1.0,1.5548649995017034,2.1524651678675433,0.0,True,pysr,True,3,True,pysr>imcts>udsr>dso>llmsr>drsr>gplearn>qlattice>ragsr>tpsr>e2esr>pyoperon
broad_stress_grid,0.075,0.175,0.0875,0.0875,0.25,0.3,0.9996172937907546,1.0,1.0,66,66,1.0,2.246304729184239,2.7917652467517087,0.0,True,pysr,True,3,True,pysr>imcts>udsr>dso>llmsr>drsr>gplearn>qlattice>ragsr>tpsr>e2esr>pyoperon
broad_stress_grid,0.0875,0.1625,0.08125,0.08125,0.25,0.35,0.9995068746233229,1.0,1.0,66,66,1.0,2.9377444588667725,3.4310653256358705,0.0,True,pysr,True,3,True,pysr>imcts>udsr>dso>llmsr>drsr>gplearn>qlattice>ragsr>tpsr>e2esr>pyoperon
broad_stress_grid,0.1,0.15,0.075,0.075,0.25,0.4,0.9993213219731207,1.0,1.0,66,66,1.0,3.6291841885493077,4.227066987625676,0.0,True,pysr,True,3,True,pysr>imcts>udsr>dso>llmsr>drsr>gplearn>qlattice>ragsr>tpsr>e2esr>pyoperon
broad_stress_grid,0.1125,0.1375,0.06875,0.06875,0.25,0.45,0.9990644881338159,1.0,1.0,66,66,1.0,4.320623918231842,5.025042283222305,0.0,True,pysr,True,3,True,pysr>imcts>udsr>dso>llmsr>drsr>gplearn>qlattice>ragsr>tpsr>e2esr>pyoperon
broad_stress_grid,0.125,0.125,0.0625,0.0625,0.25,0.5,0.9987400793807415,1.0,1.0,66,66,1.0,5.012063647914377,5.823017578818931,0.0,True,pysr,True,3,True,pysr>imcts>udsr>dso>llmsr>drsr>gplearn>qlattice>ragsr>tpsr>e2esr>pyoperon
broad_stress_grid,0.1375,0.1125,0.05625,0.05625,0.25,0.55,0.9983516587605733,1.0,1.0,66,66,1.0,5.703503377596912,6.62099287441556,0.0,True,pysr,True,3,True,pysr>imcts>udsr>dso>llmsr>drsr>gplearn>qlattice>ragsr>tpsr>e2esr>pyoperon
broad_stress_grid,0.15,0.1,0.05,0.05,0.25,0.6,0.997902649121785,1.0,1.0,66,66,1.0,6.394943107279446,7.420191808191809,0.0,True,pysr,True,3,True,pysr>imcts>udsr>dso>llmsr>drsr>gplearn>qlattice>ragsr>tpsr>e2esr>pyoperon
broad_stress_grid,0.1625,0.0875,0.04375,0.04375,0.25,0.65,0.9973963363455257,1.0,1.0,66,66,1.0,7.086382836961982,8.236879120879124,0.0,True,pysr,True,3,True,pysr>imcts>udsr>dso>llmsr>drsr>gplearn>qlattice>ragsr>tpsr>e2esr>pyoperon
broad_stress_grid,0.175,0.075,0.0375,0.0375,0.25,0.7,0.9968358727401321,1.0,1.0,66,66,1.0,7.777822566644516,9.053566433566434,0.0,True,pysr,True,3,True,pysr>imcts>udsr>dso>llmsr>drsr>gplearn>qlattice>ragsr>tpsr>e2esr>pyoperon
broad_stress_grid,0.1875,0.0625,0.03125,0.03125,0.25,0.75,0.9962242805658552,1.0,1.0,66,66,1.0,8.46926229632705,9.870253746253749,0.0,True,pysr,True,3,True,pysr>imcts>udsr>dso>llmsr>drsr>gplearn>qlattice>ragsr>tpsr>e2esr>pyoperon
broad_stress_grid,0.2,0.05,0.025,0.025,0.25,0.8,0.9955644556596174,0.993006993006993,0.9696969696969697,65,66,0.9848484848484849,9.160702026009586,10.686941058941061,1.0,False,pysr,True,3,True,pysr>imcts>udsr>dso>llmsr>drsr>gplearn>qlattice>ragsr>tpsr>pyoperon>e2esr
broad_stress_grid,0.2125,0.0375,0.01875,0.01875,0.25,0.85,0.9948591711326189,0.993006993006993,0.9696969696969697,65,66,0.9848484848484849,9.85214175569212,11.503628371628373,1.0,False,pysr,True,3,True,pysr>imcts>udsr>dso>llmsr>drsr>gplearn>qlattice>ragsr>tpsr>pyoperon>e2esr
broad_stress_grid,0.225,0.025,0.0125,0.0125,0.25,0.9,0.9941110811164415,0.993006993006993,0.9696969696969697,65,66,0.9848484848484849,10.543581485374656,12.355302641802643,1.0,False,pysr,True,3,True,pysr>imcts>udsr>dso>llmsr>drsr>gplearn>qlattice>ragsr>tpsr>pyoperon>e2esr
broad_stress_grid,0.2375,0.0125,0.00625,0.00625,0.25,0.95,0.993322724535953,0.993006993006993,0.9696969696969697,65,66,0.9848484848484849,11.23502121505719,13.237824259074259,1.0,False,pysr,True,3,True,pysr>imcts>udsr>dso>llmsr>drsr>gplearn>qlattice>ragsr>tpsr>pyoperon>e2esr
broad_stress_grid,0.25,0.0,0.0,0.0,0.25,1.0,0.9924965288897362,0.993006993006993,0.9696969696969697,65,66,0.9848484848484849,11.926460944739725,14.120345876345878,1.0,False,pysr,True,3,True,pysr>imcts>udsr>dso>llmsr>drsr>gplearn>qlattice>ragsr>tpsr>pyoperon>e2esr
broad_stress_grid,0.0,0.275,0.1375,0.1375,0.275,0.0,0.9974461324669175,1.0,1.0,66,66,1.0,3.3715556352579585,5.295129703629705,0.0,True,pysr,True,3,True,pysr>imcts>udsr>dso>llmsr>drsr>gplearn>qlattice>ragsr>tpsr>e2esr>pyoperon
broad_stress_grid,0.01375,0.26125,0.130625,0.130625,0.275,0.05,0.998133791096921,1.0,1.0,66,66,1.0,2.610971932607167,4.324355924630922,0.0,True,pysr,True,3,True,pysr>imcts>udsr>dso>llmsr>drsr>gplearn>qlattice>ragsr>tpsr>e2esr>pyoperon
broad_stress_grid,0.0275,0.2475,0.12375,0.12375,0.275,0.1,0.9986887163827954,1.0,1.0,66,66,1.0,1.8503882299563827,3.3535821456321457,0.0,True,pysr,True,3,True,pysr>imcts>udsr>dso>llmsr>drsr>gplearn>qlattice>ragsr>tpsr>e2esr>pyoperon
broad_stress_grid,0.04125,0.23375,0.116875,0.116875,0.275,0.15,0.9991175567857011,1.0,1.0,66,66,1.0,1.1415366263774571,2.382808366633366,0.0,True,pysr,True,3,True,pysr>imcts>udsr>dso>llmsr>drsr>gplearn>qlattice>ragsr>tpsr>e2esr>pyoperon
broad_stress_grid,0.055,0.22,0.11,0.11,0.275,0.2,0.999426737655078,1.0,1.0,66,66,1.0,0.5830872681312104,1.4120345876345866,0.0,True,pysr,True,3,True,pysr>imcts>udsr>dso>llmsr>drsr>gplearn>qlattice>ragsr>tpsr>e2esr>pyoperon
broad_stress_grid,0.06875,0.20625,0.103125,0.103125,0.275,0.25,0.9996224599740312,1.0,1.0,66,66,1.0,0.5664871241202293,1.2031211353850964,0.0,True,pysr,True,3,True,pysr>imcts>udsr>dso>llmsr>drsr>gplearn>qlattice>ragsr>tpsr>e2esr>pyoperon
broad_stress_grid,0.0825,0.1925,0.09625,0.09625,0.275,0.3,0.9997107002817934,1.0,1.0,66,66,1.0,1.1919465806467724,1.7454286274155386,0.0,True,pysr,True,3,True,pysr>imcts>udsr>dso>llmsr>drsr>gplearn>qlattice>ragsr>tpsr>e2esr>pyoperon
broad_stress_grid,0.09625,0.17875,0.089375,0.089375,0.275,0.35,0.9996972116386768,1.0,1.0,66,66,1.0,1.9525302832975597,2.44865871418812,0.0,True,pysr,True,3,True,pysr>imcts>udsr>dso>llmsr>drsr>gplearn>qlattice>ragsr>tpsr>e2esr>pyoperon
broad_stress_grid,0.11,0.165,0.0825,0.0825,0.275,0.4,0.9995875255072968,1.0,1.0,66,66,1.0,2.7131139859483486,3.1659800523858053,0.0,True,pysr,True,3,True,pysr>imcts>udsr>dso>llmsr>drsr>gplearn>qlattice>ragsr>tpsr>e2esr>pyoperon
broad_stress_grid,0.12375,0.15125,0.075625,0.075625,0.275,0.45,0.9993869544323993,1.0,1.0,66,66,1.0,3.4736976885991364,4.043752877542097,0.0,True,pysr,True,3,True,pysr>imcts>udsr>dso>llmsr>drsr>gplearn>qlattice>ragsr>tpsr>e2esr>pyoperon
broad_stress_grid,0.1375,0.1375,0.06875,0.06875,0.275,0.5,0.9991005954102509,1.0,1.0,66,66,1.0,4.234281391249924,4.921525702698386,0.0,True,pysr,True,3,True,pysr>imcts>udsr>dso>llmsr>drsr>gplearn>qlattice>ragsr>tpsr>e2esr>pyoperon
broad_stress_grid,0.15125,0.12375,0.061875,0.061875,0.275,0.55,0.9987333338470942,1.0,1.0,66,66,1.0,4.994865093900714,5.799298527854678,0.0,True,pysr,True,3,True,pysr>imcts>udsr>dso>llmsr>drsr>gplearn>qlattice>ragsr>tpsr>e2esr>pyoperon
broad_stress_grid,0.165,0.11,0.055,0.055,0.275,0.6,0.9982898480145458,1.0,1.0,66,66,1.0,5.7554487965515015,6.678172627372627,0.0,True,pysr,True,3,True,pysr>imcts>udsr>dso>llmsr>drsr>gplearn>qlattice>ragsr>tpsr>e2esr>pyoperon
broad_stress_grid,0.17875,0.09625,0.048125,0.048125,0.275,0.65,0.9977746139179187,1.0,1.0,66,66,1.0,6.51603249920229,7.576528671328672,0.0,True,pysr,True,3,True,pysr>imcts>udsr>dso>llmsr>drsr>gplearn>qlattice>ragsr>tpsr>e2esr>pyoperon
broad_stress_grid,0.1925,0.0825,0.04125,0.04125,0.275,0.7,0.9971919105012426,1.0,1.0,66,66,1.0,7.276616201853077,8.474884715284716,0.0,True,pysr,True,3,True,pysr>imcts>udsr>dso>llmsr>drsr>gplearn>qlattice>ragsr>tpsr>e2esr>pyoperon
broad_stress_grid,0.20625,0.06875,0.034375,0.034375,0.275,0.75,0.9965458251201655,1.0,1.0,66,66,1.0,8.037199904503867,9.37324075924076,0.0,True,pysr,True,3,True,pysr>imcts>udsr>dso>llmsr>drsr>gplearn>qlattice>ragsr>tpsr>e2esr>pyoperon
broad_stress_grid,0.22,0.055,0.0275,0.0275,0.275,0.8,0.9958402592209306,0.993006993006993,0.9696969696969697,65,66,0.9848484848484849,8.797783607154656,10.271596803196804,1.0,False,pysr,True,3,True,pysr>imcts>udsr>dso>llmsr>drsr>gplearn>qlattice>ragsr>tpsr>pyoperon>e2esr
broad_stress_grid,0.23375,0.04125,0.020625,0.020625,0.275,0.85,0.995078934170209,0.993006993006993,0.9696969696969697,65,66,0.9848484848484849,9.558367309805442,11.208024539349541,1.0,False,pysr,True,3,True,pysr>imcts>udsr>dso>llmsr>drsr>gplearn>qlattice>ragsr>tpsr>pyoperon>e2esr
broad_stress_grid,0.2475,0.0275,0.01375,0.01375,0.275,0.9,0.9942653971867049,0.993006993006993,0.9696969696969697,65,66,0.9848484848484849,10.318951012456232,12.17879831834832,1.0,False,pysr,True,3,True,pysr>imcts>udsr>dso>llmsr>drsr>gplearn>qlattice>ragsr>tpsr>pyoperon>e2esr
broad_stress_grid,0.26125,0.01375,0.006875,0.006875,0.275,0.95,0.9934030273311695,0.993006993006993,0.9696969696969697,65,66,0.9848484848484849,11.07953471510702,13.149572097347097,1.0,False,pysr,True,3,True,pysr>imcts>udsr>dso>llmsr>drsr>gplearn>qlattice>ragsr>tpsr>pyoperon>e2esr
broad_stress_grid,0.275,0.0,0.0,0.0,0.275,1.0,0.9924950415167137,0.993006993006993,0.9696969696969697,65,66,0.9848484848484849,11.84011841775781,14.120345876345878,1.0,False,pysr,True,3,True,pysr>imcts>udsr>dso>llmsr>drsr>gplearn>qlattice>ragsr>tpsr>pyoperon>e2esr
broad_stress_grid,0.0,0.3,0.15,0.15,0.3,0.0,0.996021189707743,1.0,1.0,66,66,1.0,4.840777621604942,7.060172938172936,0.0,True,pysr,True,3,True,pysr>imcts>udsr>dso>llmsr>drsr>gplearn>qlattice>ragsr>tpsr>e2esr>pyoperon
broad_stress_grid,0.015,0.285,0.1425,0.1425,0.3,0.05,0.9970240680881433,1.0,1.0,66,66,1.0,4.0110499459859,6.001146997446995,0.0,True,pysr,True,3,True,pysr>imcts>udsr>dso>llmsr>drsr>gplearn>qlattice>ragsr>tpsr>e2esr>pyoperon
broad_stress_grid,0.03,0.27,0.135,0.135,0.3,0.1,0.9978565843905652,1.0,1.0,66,66,1.0,3.18132227036686,4.9421210567210565,0.0,True,pysr,True,3,True,pysr>imcts>udsr>dso>llmsr>drsr>gplearn>qlattice>ragsr>tpsr>e2esr>pyoperon
broad_stress_grid,0.045,0.255,0.1275,0.1275,0.3,0.15,0.9985277463532807,1.0,1.0,66,66,1.0,2.3515945947478185,3.883095115995115,0.0,True,pysr,True,3,True,pysr>imcts>udsr>dso>llmsr>drsr>gplearn>qlattice>ragsr>tpsr>e2esr>pyoperon
broad_stress_grid,0.06,0.24,0.12,0.12,0.3,0.2,0.9990462552805759,1.0,1.0,66,66,1.0,1.5218669191287761,2.824069175269173,0.0,True,pysr,True,3,True,pysr>imcts>udsr>dso>llmsr>drsr>gplearn>qlattice>ragsr>tpsr>e2esr>pyoperon
broad_stress_grid,0.075,0.225,0.1125,0.1125,0.3,0.25,0.9994205010699871,1.0,1.0,66,66,1.0,0.7804772825734642,1.7650432345432314,0.0,True,pysr,True,3,True,pysr>imcts>udsr>dso>llmsr>drsr>gplearn>qlattice>ragsr>tpsr>e2esr>pyoperon
broad_stress_grid,0.09,0.21,0.105,0.105,0.3,0.3,0.9996585595363491,1.0,1.0,66,66,1.0,0.3690423206523253,0.925161649077026,0.0,True,pysr,True,3,True,pysr>imcts>udsr>dso>llmsr>drsr>gplearn>qlattice>ragsr>tpsr>e2esr>pyoperon
broad_stress_grid,0.105,0.195,0.0975,0.0975,0.3,0.35,0.9997681917700123,1.0,1.0,66,66,1.0,0.9673161077283484,1.4662521027403699,0.0,True,pysr,True,3,True,pysr>imcts>udsr>dso>llmsr>drsr>gplearn>qlattice>ragsr>tpsr>e2esr>pyoperon
broad_stress_grid,0.12,0.18,0.09,0.09,0.3,0.4,0.9997568452818263,1.0,1.0,66,66,1.0,1.7970437833473911,2.2334121974013676,0.0,True,pysr,True,3,True,pysr>imcts>udsr>dso>llmsr>drsr>gplearn>qlattice>ragsr>tpsr>e2esr>pyoperon
broad_stress_grid,0.135,0.165,0.0825,0.0825,0.3,0.45,0.9996316567037028,1.0,1.0,66,66,1.0,2.6267714589664313,3.0624634718618893,0.0,True,pysr,True,3,True,pysr>imcts>udsr>dso>llmsr>drsr>gplearn>qlattice>ragsr>tpsr>e2esr>pyoperon
broad_stress_grid,0.15,0.15,0.075,0.075,0.3,0.5,0.999399455830344,1.0,1.0,66,66,1.0,3.4564991345854743,4.020033826577844,0.0,True,pysr,True,3,True,pysr>imcts>udsr>dso>llmsr>drsr>gplearn>qlattice>ragsr>tpsr>e2esr>pyoperon
broad_stress_grid,0.165,0.135,0.0675,0.0675,0.3,0.55,0.999066770804638,1.0,1.0,66,66,1.0,4.286226810204517,4.977604181293799,0.0,True,pysr,True,3,True,pysr>imcts>udsr>dso>llmsr>drsr>gplearn>qlattice>ragsr>tpsr>e2esr>pyoperon
broad_stress_grid,0.18,0.12,0.06,0.06,0.3,0.6,0.9986398342660145,1.0,1.0,66,66,1.0,5.115954485823558,5.936153446553448,0.0,True,pysr,True,3,True,pysr>imcts>udsr>dso>llmsr>drsr>gplearn>qlattice>ragsr>tpsr>e2esr>pyoperon
broad_stress_grid,0.195,0.105,0.0525,0.0525,0.3,0.65,0.9981245902974387,1.0,1.0,66,66,1.0,5.945682161442599,6.916178221778223,0.0,True,pysr,True,3,True,pysr>imcts>udsr>dso>llmsr>drsr>gplearn>qlattice>ragsr>tpsr>e2esr>pyoperon
broad_stress_grid,0.21,0.09,0.045,0.045,0.3,0.7,0.9975267020225578,1.0,1.0,66,66,1.0,6.77540983706164,7.896202997002997,0.0,True,pysr,True,3,True,pysr>imcts>udsr>dso>llmsr>drsr>gplearn>qlattice>ragsr>tpsr>e2esr>pyoperon
broad_stress_grid,0.225,0.075,0.0375,0.0375,0.3,0.75,0.9968515597196008,1.0,1.0,66,66,1.0,7.605137512680683,8.876227772227773,0.0,True,pysr,True,3,True,pysr>imcts>udsr>dso>llmsr>drsr>gplearn>qlattice>ragsr>tpsr>e2esr>pyoperon
broad_stress_grid,0.24,0.06,0.03,0.03,0.3,0.8,0.9961042893329397,0.993006993006993,0.9696969696969697,65,66,0.9848484848484849,8.434865188299725,9.884242113442117,1.0,False,pysr,True,3,True,pysr>imcts>udsr>dso>llmsr>drsr>gplearn>qlattice>ragsr>tpsr>pyoperon>e2esr
broad_stress_grid,0.255,0.045,0.0225,0.0225,0.3,0.85,0.995289761276594,0.993006993006993,0.9696969696969697,65,66,0.9848484848484849,9.264592863918766,10.943268054168055,1.0,False,pysr,True,3,True,pysr>imcts>udsr>dso>llmsr>drsr>gplearn>qlattice>ragsr>tpsr>pyoperon>e2esr
broad_stress_grid,0.27,0.03,0.015,0.015,0.3,0.9,0.9944125994364641,0.993006993006993,0.9696969696969697,65,66,0.9848484848484849,10.094320539537808,12.002293994893996,1.0,False,pysr,True,3,True,pysr>imcts>udsr>dso>llmsr>drsr>gplearn>qlattice>ragsr>tpsr>pyoperon>e2esr
broad_stress_grid,0.285,0.015,0.0075,0.0075,0.3,0.95,0.9934771902895912,0.993006993006993,0.9696969696969697,65,66,0.9848484848484849,10.92404821515685,13.061319935619936,1.0,False,pysr,True,3,True,pysr>imcts>udsr>dso>llmsr>drsr>gplearn>qlattice>ragsr>tpsr>pyoperon>e2esr
broad_stress_grid,0.3,0.0,0.0,0.0,0.3,1.0,0.9924876920693608,0.993006993006993,0.9696969696969697,65,66,0.9848484848484849,11.753775890775891,14.120345876345878,1.0,False,pysr,True,3,True,pysr>imcts>udsr>dso>llmsr>drsr>gplearn>qlattice>ragsr>tpsr>pyoperon>e2esr
broad_stress_grid,0.0,0.325,0.1625,0.1625,0.325,0.0,0.9941633404622873,1.0,1.0,66,66,1.0,6.309999607951932,8.825216172716171,0.0,True,pysr,True,3,True,pysr>imcts>udsr>dso>llmsr>drsr>gplearn>qlattice>ragsr>tpsr>e2esr>pyoperon
broad_stress_grid,0.01625,0.30875,0.154375,0.154375,0.325,0.05,0.9955439293295365,1.0,1.0,66,66,1.0,5.411127959364633,7.6779380702630675,0.0,True,pysr,True,3,True,pysr>imcts>udsr>dso>llmsr>drsr>gplearn>qlattice>ragsr>tpsr>e2esr>pyoperon
broad_stress_grid,0.0325,0.2925,0.14625,0.14625,0.325,0.1,0.9967095011106918,1.0,1.0,66,66,1.0,4.5122563107773415,6.530659967809971,0.0,True,pysr,True,3,True,pysr>imcts>udsr>dso>llmsr>drsr>gplearn>qlattice>ragsr>tpsr>e2esr>pyoperon
broad_stress_grid,0.04875,0.27625,0.138125,0.138125,0.325,0.15,0.9976719560114181,1.0,1.0,66,66,1.0,3.6133846621900436,5.3833818653568635,0.0,True,pysr,True,3,True,pysr>imcts>udsr>dso>llmsr>drsr>gplearn>qlattice>ragsr>tpsr>e2esr>pyoperon
broad_stress_grid,0.065,0.26,0.13,0.13,0.325,0.2,0.9984427919179569,1.0,1.0,66,66,1.0,2.7145130136027498,4.236103762903763,0.0,True,pysr,True,3,True,pysr>imcts>udsr>dso>llmsr>drsr>gplearn>qlattice>ragsr>tpsr>e2esr>pyoperon
broad_stress_grid,0.08125,0.24375,0.121875,0.121875,0.325,0.25,0.999033091840426,1.0,1.0,66,66,1.0,1.815641365015454,3.0888256604506594,0.0,True,pysr,True,3,True,pysr>imcts>udsr>dso>llmsr>drsr>gplearn>qlattice>ragsr>tpsr>e2esr>pyoperon
broad_stress_grid,0.0975,0.2275,0.11375,0.11375,0.325,0.3,0.9994535155929205,1.0,1.0,66,66,1.0,0.9502426984768255,1.9415475579975556,0.0,True,pysr,True,3,True,pysr>imcts>udsr>dso>llmsr>drsr>gplearn>qlattice>ragsr>tpsr>e2esr>pyoperon
broad_stress_grid,0.11375,0.21125,0.105625,0.105625,0.325,0.35,0.9997142952294745,1.0,1.0,66,66,1.0,0.3089787587421329,0.7942694555444554,0.0,True,pysr,True,3,True,pysr>imcts>udsr>dso>llmsr>drsr>gplearn>qlattice>ragsr>tpsr>e2esr>pyoperon
broad_stress_grid,0.13,0.195,0.0975,0.0975,0.325,0.4,0.9998252337795859,1.0,1.0,66,66,1.0,0.8809735807464313,1.31493559384203,0.0,True,pysr,True,3,True,pysr>imcts>udsr>dso>llmsr>drsr>gplearn>qlattice>ragsr>tpsr>e2esr>pyoperon
broad_stress_grid,0.14625,0.17875,0.089375,0.089375,0.325,0.45,0.9997957068549261,1.0,1.0,66,66,1.0,1.779845229333726,2.146025696391444,0.0,True,pysr,True,3,True,pysr>imcts>udsr>dso>llmsr>drsr>gplearn>qlattice>ragsr>tpsr>e2esr>pyoperon
broad_stress_grid,0.1625,0.1625,0.08125,0.08125,0.325,0.5,0.9996346667288658,1.0,1.0,66,66,1.0,2.678716877921022,3.118541950457299,0.0,True,pysr,True,3,True,pysr>imcts>udsr>dso>llmsr>drsr>gplearn>qlattice>ragsr>tpsr>e2esr>pyoperon
broad_stress_grid,0.17875,0.14625,0.073125,0.073125,0.325,0.55,0.9993506485215619,1.0,1.0,66,66,1.0,3.5775885265083183,4.155909834732917,0.0,True,pysr,True,3,True,pysr>imcts>udsr>dso>llmsr>drsr>gplearn>qlattice>ragsr>tpsr>e2esr>pyoperon
broad_stress_grid,0.195,0.13,0.065,0.065,0.325,0.6,0.9989517781547843,1.0,1.0,66,66,1.0,4.476460175095613,5.194134265734267,0.0,True,pysr,True,3,True,pysr>imcts>udsr>dso>llmsr>drsr>gplearn>qlattice>ragsr>tpsr>e2esr>pyoperon
broad_stress_grid,0.21125,0.11375,0.056875,0.056875,0.325,0.65,0.9984457817717174,1.0,1.0,66,66,1.0,5.375331823682909,6.255827772227773,0.0,True,pysr,True,3,True,pysr>imcts>udsr>dso>llmsr>drsr>gplearn>qlattice>ragsr>tpsr>e2esr>pyoperon
broad_stress_grid,0.2275,0.0975,0.04875,0.04875,0.325,0.7,0.997839996347193,1.0,1.0,66,66,1.0,6.274203472270203,7.317521278721279,0.0,True,pysr,True,3,True,pysr>imcts>udsr>dso>llmsr>drsr>gplearn>qlattice>ragsr>tpsr>e2esr>pyoperon
broad_stress_grid,0.24375,0.08125,0.040625,0.040625,0.325,0.75,0.9971413812427813,1.0,1.0,66,66,1.0,7.173075120857497,8.383955364080364,0.0,True,pysr,True,3,True,pysr>imcts>udsr>dso>llmsr>drsr>gplearn>qlattice>ragsr>tpsr>e2esr>pyoperon
broad_stress_grid,0.26,0.065,0.0325,0.0325,0.325,0.8,0.9963565304886157,0.993006993006993,0.9696969696969697,65,66,0.9848484848484849,8.071946769444795,9.531233466533468,1.0,False,pysr,True,3,True,pysr>imcts>udsr>dso>llmsr>drsr>gplearn>qlattice>ragsr>tpsr>pyoperon>e2esr
broad_stress_grid,0.27625,0.04875,0.024375,0.024375,0.325,0.85,0.9954916855995608,0.993006993006993,0.9696969696969697,65,66,0.9848484848484849,8.970818418032088,10.67851156898657,1.0,False,pysr,True,3,True,pysr>imcts>udsr>dso>llmsr>drsr>gplearn>qlattice>ragsr>tpsr>pyoperon>e2esr
broad_stress_grid,0.2925,0.0325,0.01625,0.01625,0.325,0.9,0.9945527487572636,0.993006993006993,0.9696969696969697,65,66,0.9848484848484849,9.869690066619384,11.825789671439672,1.0,False,pysr,True,3,True,pysr>imcts>udsr>dso>llmsr>drsr>gplearn>qlattice>ragsr>tpsr>pyoperon>e2esr
broad_stress_grid,0.30875,0.01625,0.008125,0.008125,0.325,0.95,0.9935452962116489,0.993006993006993,0.9696969696969697,65,66,0.9848484848484849,10.76856171520668,12.973067773892774,1.0,False,pysr,True,3,True,pysr>imcts>udsr>dso>llmsr>drsr>gplearn>qlattice>ragsr>tpsr>pyoperon>e2esr
broad_stress_grid,0.325,0.0,0.0,0.0,0.325,1.0,0.9924745917756125,0.993006993006993,0.9696969696969697,65,66,0.9848484848484849,11.667433363793975,14.120345876345878,1.0,False,pysr,True,3,True,pysr>imcts>udsr>dso>llmsr>drsr>gplearn>qlattice>ragsr>tpsr>pyoperon>e2esr
broad_stress_grid,0.0,0.35,0.175,0.175,0.35,0.0,0.9918427497071923,0.993006993006993,0.9696969696969697,65,66,0.9848484848484849,7.779221594298915,10.590259407259403,1.0,False,pysr,True,3,True,pysr>imcts>udsr>dso>llmsr>drsr>gplearn>ragsr>qlattice>tpsr>e2esr>pyoperon
broad_stress_grid,0.0175,0.3325,0.16625,0.16625,0.35,0.05,0.9936688376160961,1.0,1.0,66,66,1.0,6.811205972743364,9.354729143079137,0.0,True,pysr,True,3,True,pysr>imcts>udsr>dso>llmsr>drsr>gplearn>qlattice>ragsr>tpsr>e2esr>pyoperon
broad_stress_grid,0.035,0.315,0.1575,0.1575,0.35,0.1,0.9952275300904195,1.0,1.0,66,66,1.0,5.843190351187818,8.119198878898878,0.0,True,pysr,True,3,True,pysr>imcts>udsr>dso>llmsr>drsr>gplearn>qlattice>ragsr>tpsr>e2esr>pyoperon
broad_stress_grid,0.0525,0.2975,0.14875,0.14875,0.35,0.15,0.9965341986661362,1.0,1.0,66,66,1.0,4.87517472963227,6.883668614718612,0.0,True,pysr,True,3,True,pysr>imcts>udsr>dso>llmsr>drsr>gplearn>qlattice>ragsr>tpsr>e2esr>pyoperon
broad_stress_grid,0.07,0.28,0.14,0.14,0.35,0.2,0.9976037101666362,1.0,1.0,66,66,1.0,3.90715910807672,5.648138350538346,0.0,True,pysr,True,3,True,pysr>imcts>udsr>dso>llmsr>drsr>gplearn>qlattice>ragsr>tpsr>e2esr>pyoperon
broad_stress_grid,0.0875,0.2625,0.13125,0.13125,0.35,0.25,0.9984504001883469,1.0,1.0,66,66,1.0,2.939143486521169,4.41260808635808,0.0,True,pysr,True,3,True,pysr>imcts>udsr>dso>llmsr>drsr>gplearn>qlattice>ragsr>tpsr>e2esr>pyoperon
broad_stress_grid,0.105,0.245,0.1225,0.1225,0.35,0.3,0.9990880540260919,1.0,1.0,66,66,1.0,1.9711278649656212,3.177077822177818,0.0,True,pysr,True,3,True,pysr>imcts>udsr>dso>llmsr>drsr>gplearn>qlattice>ragsr>tpsr>e2esr>pyoperon
broad_stress_grid,0.1225,0.2275,0.11375,0.11375,0.35,0.35,0.9995298942075067,1.0,1.0,66,66,1.0,1.0105479294290773,1.9415475579975556,0.0,True,pysr,True,3,True,pysr>imcts>udsr>dso>llmsr>drsr>gplearn>qlattice>ragsr>tpsr>e2esr>pyoperon
broad_stress_grid,0.14,0.21,0.105,0.105,0.35,0.4,0.9997885738398581,1.0,1.0,66,66,1.0,0.27295585730598154,0.7060172938172933,0.0,True,pysr,True,3,True,pysr>imcts>udsr>dso>llmsr>drsr>gplearn>qlattice>ragsr>tpsr>e2esr>pyoperon
broad_stress_grid,0.1575,0.1925,0.09625,0.09625,0.35,0.45,0.999876175015757,1.0,1.0,66,66,1.0,0.9329189997010218,1.291479100720526,0.0,True,pysr,True,3,True,pysr>imcts>udsr>dso>llmsr>drsr>gplearn>qlattice>ragsr>tpsr>e2esr>pyoperon
broad_stress_grid,0.175,0.175,0.0875,0.0875,0.35,0.5,0.9998042115737009,1.0,1.0,66,66,1.0,1.9009346212565719,2.2170500743367576,0.0,True,pysr,True,3,True,pysr>imcts>udsr>dso>llmsr>drsr>gplearn>qlattice>ragsr>tpsr>e2esr>pyoperon
broad_stress_grid,0.1925,0.1575,0.07875,0.07875,0.35,0.55,0.9995836355627133,1.0,1.0,66,66,1.0,2.8689502428121205,3.3342154881720347,0.0,True,pysr,True,3,True,pysr>imcts>udsr>dso>llmsr>drsr>gplearn>qlattice>ragsr>tpsr>e2esr>pyoperon
broad_stress_grid,0.21,0.14,0.07,0.07,0.35,0.6,0.9992248468156115,1.0,1.0,66,66,1.0,3.836965864367669,4.4521150849150875,0.0,True,pysr,True,3,True,pysr>imcts>udsr>dso>llmsr>drsr>gplearn>qlattice>ragsr>tpsr>e2esr>pyoperon
broad_stress_grid,0.2275,0.1225,0.06125,0.06125,0.35,0.65,0.9987377050910016,1.0,1.0,66,66,1.0,4.804981485923219,5.595477322677326,0.0,True,pysr,True,3,True,pysr>imcts>udsr>dso>llmsr>drsr>gplearn>qlattice>ragsr>tpsr>e2esr>pyoperon
broad_stress_grid,0.245,0.105,0.0525,0.0525,0.35,0.7,0.998131544298742,1.0,1.0,66,66,1.0,5.772997107478766,6.73883956043956,0.0,True,pysr,True,3,True,pysr>imcts>udsr>dso>llmsr>drsr>gplearn>qlattice>ragsr>tpsr>e2esr>pyoperon
broad_stress_grid,0.2625,0.0875,0.04375,0.04375,0.35,0.75,0.997415188376335,1.0,1.0,66,66,1.0,6.741012729034315,7.942694555444557,0.0,True,pysr,True,3,True,pysr>imcts>udsr>dso>llmsr>drsr>gplearn>qlattice>ragsr>tpsr>e2esr>pyoperon
broad_stress_grid,0.28,0.07,0.035,0.035,0.35,0.8,0.9965969684338448,0.993006993006993,0.9696969696969697,65,66,0.9848484848484849,7.709028350589864,9.178224819624823,1.0,False,pysr,True,3,True,pysr>imcts>udsr>dso>llmsr>drsr>gplearn>qlattice>ragsr>tpsr>pyoperon>e2esr
broad_stress_grid,0.2975,0.0525,0.02625,0.02625,0.35,0.85,0.9956847408319833,0.993006993006993,0.9696969696969697,65,66,0.9848484848484849,8.67704397214541,10.413755083805086,1.0,False,pysr,True,3,True,pysr>imcts>udsr>dso>llmsr>drsr>gplearn>qlattice>ragsr>tpsr>pyoperon>e2esr
broad_stress_grid,0.315,0.035,0.0175,0.0175,0.35,0.9,0.99468590590166,0.993006993006993,0.9696969696969697,65,66,0.9848484848484849,9.64505959370096,11.64928534798535,1.0,False,pysr,True,3,True,pysr>imcts>udsr>dso>llmsr>drsr>gplearn>qlattice>ragsr>tpsr>pyoperon>e2esr
broad_stress_grid,0.3325,0.0175,0.00875,0.00875,0.35,0.95,0.9936074270534122,0.993006993006993,0.9696969696969697,65,66,0.9848484848484849,10.613075215256508,12.884815612165612,1.0,False,pysr,True,3,True,pysr>imcts>udsr>dso>llmsr>drsr>gplearn>qlattice>ragsr>tpsr>pyoperon>e2esr
broad_stress_grid,0.35,0.0,0.0,0.0,0.35,1.0,0.9924558500616715,0.986013986013986,0.9393939393939394,64,66,0.9696969696969697,11.581090836812058,14.120345876345878,1.0,False,pysr,True,3,True,pysr>imcts>udsr>dso>llmsr>drsr>gplearn>qlattice>tpsr>ragsr>pyoperon>e2esr
broad_stress_grid,0.0,0.375,0.1875,0.1875,0.375,0.0,0.9890291003165451,0.993006993006993,0.9696969696969697,65,66,0.9848484848484849,9.248443580645901,12.355302641802641,1.0,False,pysr,True,3,True,pysr>imcts>udsr>dso>llmsr>drsr>gplearn>ragsr>qlattice>tpsr>e2esr>pyoperon
broad_stress_grid,0.01875,0.35625,0.178125,0.178125,0.375,0.05,0.9913738038660604,0.993006993006993,0.9696969696969697,65,66,0.9848484848484849,8.211283986122098,11.03152021589521,1.0,False,pysr,True,3,True,pysr>imcts>udsr>dso>llmsr>drsr>gplearn>ragsr>qlattice>tpsr>e2esr>pyoperon
broad_stress_grid,0.0375,0.3375,0.16875,0.16875,0.375,0.1,0.9933903388014399,1.0,1.0,66,66,1.0,7.1741243915982995,9.707737789987789,0.0,True,pysr,True,3,True,pysr>imcts>udsr>dso>llmsr>drsr>gplearn>qlattice>ragsr>tpsr>e2esr>pyoperon
broad_stress_grid,0.05625,0.31875,0.159375,0.159375,0.375,0.15,0.9950981579814864,1.0,1.0,66,66,1.0,6.136964797074496,8.38395536408036,0.0,True,pysr,True,3,True,pysr>imcts>udsr>dso>llmsr>drsr>gplearn>qlattice>ragsr>tpsr>e2esr>pyoperon
broad_stress_grid,0.075,0.3,0.15,0.15,0.375,0.2,0.9965161114149419,1.0,1.0,66,66,1.0,5.099805202550696,7.06017293817294,0.0,True,pysr,True,3,True,pysr>imcts>udsr>dso>llmsr>drsr>gplearn>qlattice>ragsr>tpsr>e2esr>pyoperon
broad_stress_grid,0.09375,0.28125,0.140625,0.140625,0.375,0.25,0.9976623958483618,1.0,1.0,66,66,1.0,4.062645608026892,5.736390512265512,0.0,True,pysr,True,3,True,pysr>imcts>udsr>dso>llmsr>drsr>gplearn>qlattice>ragsr>tpsr>e2esr>pyoperon
broad_stress_grid,0.1125,0.2625,0.13125,0.13125,0.375,0.3,0.9985545168558503,1.0,1.0,66,66,1.0,3.025486013503086,4.41260808635808,0.0,True,pysr,True,3,True,pysr>imcts>udsr>dso>llmsr>drsr>gplearn>qlattice>ragsr>tpsr>e2esr>pyoperon
broad_stress_grid,0.13125,0.24375,0.121875,0.121875,0.375,0.35,0.999209262073243,1.0,1.0,66,66,1.0,1.9883264189792886,3.0888256604506594,0.0,True,pysr,True,3,True,pysr>imcts>udsr>dso>llmsr>drsr>gplearn>qlattice>ragsr>tpsr>e2esr>pyoperon
broad_stress_grid,0.15,0.225,0.1125,0.1125,0.375,0.4,0.9996426842546667,1.0,1.0,66,66,1.0,0.9511668244554832,1.7650432345432314,0.0,True,pysr,True,3,True,pysr>imcts>udsr>dso>llmsr>drsr>gplearn>qlattice>ragsr>tpsr>e2esr>pyoperon
broad_stress_grid,0.16875,0.20625,0.103125,0.103125,0.375,0.45,0.9998700928873376,1.0,1.0,66,66,1.0,0.23065145040770307,0.578226030673143,0.0,True,pysr,True,3,True,pysr>imcts>udsr>dso>llmsr>drsr>gplearn>qlattice>ragsr>tpsr>e2esr>pyoperon
broad_stress_grid,0.1875,0.1875,0.09375,0.09375,0.375,0.5,0.9999060531747955,1.0,1.0,66,66,1.0,1.1231523645921195,1.3958826233758543,0.0,True,pysr,True,3,True,pysr>imcts>udsr>dso>llmsr>drsr>gplearn>qlattice>ragsr>tpsr>e2esr>pyoperon
broad_stress_grid,0.20625,0.16875,0.084375,0.084375,0.375,0.55,0.9997643912839275,1.0,1.0,66,66,1.0,2.1603119591159223,2.5125211416111526,0.0,True,pysr,True,3,True,pysr>imcts>udsr>dso>llmsr>drsr>gplearn>qlattice>ragsr>tpsr>e2esr>pyoperon
broad_stress_grid,0.225,0.15,0.075,0.075,0.375,0.6,0.9994582048427487,1.0,1.0,66,66,1.0,3.1974715536397222,3.7100959040959047,0.0,True,pysr,True,3,True,pysr>imcts>udsr>dso>llmsr>drsr>gplearn>qlattice>ragsr>tpsr>e2esr>pyoperon
broad_stress_grid,0.24375,0.13125,0.065625,0.065625,0.375,0.65,0.9989998777701867,1.0,1.0,66,66,1.0,4.234631148163527,4.935126873126876,0.0,True,pysr,True,3,True,pysr>imcts>udsr>dso>llmsr>drsr>gplearn>qlattice>ragsr>tpsr>e2esr>pyoperon
broad_stress_grid,0.2625,0.1125,0.05625,0.05625,0.375,0.7,0.9984010986131843,1.0,1.0,66,66,1.0,5.271790742687327,6.177651320901321,0.0,True,pysr,True,3,True,pysr>imcts>udsr>dso>llmsr>drsr>gplearn>qlattice>ragsr>tpsr>e2esr>pyoperon
broad_stress_grid,0.28125,0.09375,0.046875,0.046875,0.375,0.75,0.9976728816580958,1.0,1.0,66,66,1.0,6.30895033721113,7.501433746808749,0.0,True,pysr,True,3,True,pysr>imcts>udsr>dso>llmsr>drsr>gplearn>qlattice>ragsr>tpsr>e2esr>pyoperon
broad_stress_grid,0.3,0.075,0.0375,0.0375,0.375,0.8,0.9968255901709017,0.993006993006993,0.9696969696969697,65,66,0.9848484848484849,7.346109931734933,8.825216172716175,1.0,False,pysr,True,3,True,pysr>imcts>udsr>dso>llmsr>drsr>gplearn>qlattice>ragsr>tpsr>pyoperon>e2esr
broad_stress_grid,0.31875,0.05625,0.028125,0.028125,0.375,0.85,0.9958689612031004,0.993006993006993,0.9696969696969697,65,66,0.9848484848484849,8.383269526258735,10.1489985986236,1.0,False,pysr,True,3,True,pysr>imcts>udsr>dso>llmsr>drsr>gplearn>qlattice>ragsr>tpsr>pyoperon>e2esr
broad_stress_grid,0.3375,0.0375,0.01875,0.01875,0.375,0.9,0.9948121314765278,0.993006993006993,0.9696969696969697,65,66,0.9848484848484849,9.420429120782536,11.472781024531027,1.0,False,pysr,True,3,True,pysr>imcts>udsr>dso>llmsr>drsr>gplearn>qlattice>ragsr>tpsr>pyoperon>e2esr
broad_stress_grid,0.35625,0.01875,0.009375,0.009375,0.375,0.95,0.9936636639303702,0.986013986013986,0.9393939393939394,64,66,0.9696969696969697,10.457588715306338,12.79656345043845,1.0,False,pysr,True,3,True,pysr>imcts>udsr>dso>llmsr>drsr>gplearn>qlattice>tpsr>ragsr>pyoperon>e2esr
broad_stress_grid,0.375,0.0,0.0,0.0,0.375,1.0,0.9924315745771587,0.986013986013986,0.9393939393939394,64,66,0.9696969696969697,11.494748309830142,14.120345876345878,1.0,False,pysr,True,3,True,pysr>imcts>udsr>dso>llmsr>drsr>gplearn>qlattice>tpsr>ragsr>pyoperon>e2esr
broad_stress_grid,0.0,0.4,0.2,0.2,0.4,0.0,0.9856918277983083,0.993006993006993,0.9696969696969697,65,66,0.9848484848484849,10.71766556699289,14.120345876345876,1.0,False,pysr,True,3,True,pysr>imcts>udsr>dso>llmsr>drsr>gplearn>ragsr>qlattice>tpsr>e2esr>pyoperon
broad_stress_grid,0.02,0.38,0.19,0.19,0.4,0.05,0.9886335456518305,0.993006993006993,0.9696969696969697,65,66,0.9848484848484849,9.611361999500833,12.708311288711286,1.0,False,pysr,True,3,True,pysr>imcts>udsr>dso>llmsr>drsr>gplearn>ragsr>qlattice>tpsr>e2esr>pyoperon
broad_stress_grid,0.04,0.36,0.18,0.18,0.4,0.1,0.9911773038616574,0.993006993006993,0.9696969696969697,65,66,0.9848484848484849,8.50505843200878,11.296276701076703,1.0,False,pysr,True,3,True,pysr>imcts>udsr>dso>llmsr>drsr>gplearn>ragsr>qlattice>tpsr>e2esr>pyoperon
broad_stress_grid,0.06,0.34,0.17,0.17,0.4,0.15,0.9933472570086691,1.0,1.0,66,66,1.0,7.398754864516723,9.884242113442113,0.0,True,pysr,True,3,True,pysr>imcts>udsr>dso>llmsr>drsr>gplearn>qlattice>ragsr>tpsr>e2esr>pyoperon
broad_stress_grid,0.08,0.32,0.16,0.16,0.4,0.2,0.9951668798294754,1.0,1.0,66,66,1.0,6.292451297024669,8.472207525807526,0.0,True,pysr,True,3,True,pysr>imcts>udsr>dso>llmsr>drsr>gplearn>qlattice>ragsr>tpsr>e2esr>pyoperon
broad_stress_grid,0.1,0.3,0.15,0.15,0.4,0.25,0.9966588781025676,1.0,1.0,66,66,1.0,5.186147729532612,7.06017293817294,0.0,True,pysr,True,3,True,pysr>imcts>udsr>dso>llmsr>drsr>gplearn>qlattice>ragsr>tpsr>e2esr>pyoperon
broad_stress_grid,0.12,0.28,0.14,0.14,0.4,0.3,0.9978451197192851,1.0,1.0,66,66,1.0,4.079844162040553,5.648138350538346,0.0,True,pysr,True,3,True,pysr>imcts>udsr>dso>llmsr>drsr>gplearn>qlattice>ragsr>tpsr>e2esr>pyoperon
broad_stress_grid,0.14,0.26,0.13,0.13,0.4,0.35,0.998746583839384,1.0,1.0,66,66,1.0,2.9735405945484996,4.236103762903763,0.0,True,pysr,True,3,True,pysr>imcts>udsr>dso>llmsr>drsr>gplearn>qlattice>ragsr>tpsr>e2esr>pyoperon
broad_stress_grid,0.16,0.24,0.12,0.12,0.4,0.4,0.9993833260406435,1.0,1.0,66,66,1.0,1.867237027056443,2.824069175269173,0.0,True,pysr,True,3,True,pysr>imcts>udsr>dso>llmsr>drsr>gplearn>qlattice>ragsr>tpsr>e2esr>pyoperon
broad_stress_grid,0.18,0.22,0.11,0.11,0.4,0.45,0.9997744574331019,1.0,1.0,66,66,1.0,0.760933459564389,1.4120345876345866,0.0,True,pysr,True,3,True,pysr>imcts>udsr>dso>llmsr>drsr>gplearn>qlattice>ragsr>tpsr>e2esr>pyoperon
broad_stress_grid,0.2,0.2,0.1,0.1,0.4,0.5,0.999938135807838,1.0,1.0,66,66,1.0,0.3453701079276665,0.6248951047119533,0.0,True,pysr,True,3,True,pysr>imcts>udsr>dso>llmsr>drsr>gplearn>qlattice>ragsr>tpsr>e2esr>pyoperon
broad_stress_grid,0.22,0.18,0.09,0.09,0.4,0.55,0.9998915670163544,1.0,1.0,66,66,1.0,1.4516736754197235,1.6908267950502704,0.0,True,pysr,True,3,True,pysr>imcts>udsr>dso>llmsr>drsr>gplearn>qlattice>ragsr>tpsr>e2esr>pyoperon
broad_stress_grid,0.24,0.16,0.08,0.08,0.4,0.6,0.9996510149197096,1.0,1.0,66,66,1.0,2.5579772429117775,2.968076723276722,0.0,True,pysr,True,3,True,pysr>imcts>udsr>dso>llmsr>drsr>gplearn>qlattice>ragsr>tpsr>e2esr>pyoperon
broad_stress_grid,0.26,0.14,0.07,0.07,0.4,0.65,0.9992318183987976,1.0,1.0,66,66,1.0,3.6642808104038354,4.274776423576425,0.0,True,pysr,True,3,True,pysr>imcts>udsr>dso>llmsr>drsr>gplearn>qlattice>ragsr>tpsr>e2esr>pyoperon
broad_stress_grid,0.28,0.12,0.06,0.06,0.4,0.7,0.9986484140720832,1.0,1.0,66,66,1.0,4.770584377895889,5.64813835053835,0.0,True,pysr,True,3,True,pysr>imcts>udsr>dso>llmsr>drsr>gplearn>qlattice>ragsr>tpsr>e2esr>pyoperon
broad_stress_grid,0.3,0.1,0.05,0.05,0.4,0.75,0.997914363519915,1.0,1.0,66,66,1.0,5.876887945387946,7.06017293817294,0.0,True,pysr,True,3,True,pysr>imcts>udsr>dso>llmsr>drsr>gplearn>qlattice>ragsr>tpsr>e2esr>pyoperon
broad_stress_grid,0.32,0.08,0.04,0.04,0.4,0.8,0.9970423839615533,0.993006993006993,0.9696969696969697,65,66,0.9848484848484849,6.983191512880002,8.472207525807528,1.0,False,pysr,True,3,True,pysr>imcts>udsr>dso>llmsr>drsr>gplearn>qlattice>ragsr>tpsr>pyoperon>e2esr
broad_stress_grid,0.34,0.06,0.03,0.03,0.4,0.85,0.9960443814697544,0.993006993006993,0.9696969696969697,65,66,0.9848484848484849,8.089495080372057,9.884242113442113,1.0,False,pysr,True,3,True,pysr>imcts>udsr>dso>llmsr>drsr>gplearn>qlattice>ragsr>tpsr>pyoperon>e2esr
broad_stress_grid,0.36,0.04,0.02,0.02,0.4,0.9,0.9949314859365108,0.986013986013986,0.9393939393939394,64,66,0.9696969696969697,9.195798647864112,11.296276701076703,1.0,False,pysr,True,3,True,pysr>imcts>udsr>dso>llmsr>drsr>gplearn>qlattice>tpsr>ragsr>pyoperon>e2esr
broad_stress_grid,0.38,0.02,0.01,0.01,0.4,0.95,0.9937140871213418,0.986013986013986,0.9393939393939394,64,66,0.9696969696969697,10.302102215356166,12.70831128871129,1.0,False,pysr,True,3,True,pysr>imcts>udsr>dso>llmsr>drsr>gplearn>qlattice>tpsr>ragsr>pyoperon>e2esr
broad_stress_grid,0.4,0.0,0.0,0.0,0.4,1.0,0.9924018712200731,0.986013986013986,0.9393939393939394,64,66,0.9696969696969697,11.408405782848224,14.120345876345878,1.0,False,pysr,True,3,True,pysr>imcts>udsr>dso>llmsr>drsr>gplearn>qlattice>tpsr>ragsr>pyoperon>e2esr
broad_stress_grid,0.0,0.425,0.2125,0.2125,0.425,0.0,0.9818003933980348,0.9790209790209791,0.9393939393939394,64,66,0.9696969696969697,12.186887553339874,15.885389110889108,2.0,False,pysr,True,3,True,pysr>imcts>udsr>dso>llmsr>drsr>ragsr>gplearn>qlattice>tpsr>e2esr>pyoperon
broad_stress_grid,0.02125,0.40375,0.201875,0.201875,0.425,0.05,0.9854226717303022,0.993006993006993,0.9696969696969697,65,66,0.9848484848484849,11.011440012879566,14.385102361527359,1.0,False,pysr,True,3,True,pysr>imcts>udsr>dso>llmsr>drsr>gplearn>ragsr>qlattice>tpsr>e2esr>pyoperon
broad_stress_grid,0.0425,0.3825,0.19125,0.19125,0.425,0.1,0.9885676333902718,0.993006993006993,0.9696969696969697,65,66,0.9848484848484849,9.835992472419257,12.88481561216561,1.0,False,pysr,True,3,True,pysr>imcts>udsr>dso>llmsr>drsr>gplearn>ragsr>qlattice>tpsr>e2esr>pyoperon
broad_stress_grid,0.06375,0.36125,0.180625,0.180625,0.425,0.15,0.9912647377836076,0.993006993006993,0.9696969696969697,65,66,0.9848484848484849,8.660544931958945,11.384528862803858,1.0,False,pysr,True,3,True,pysr>imcts>udsr>dso>llmsr>drsr>gplearn>ragsr>qlattice>tpsr>e2esr>pyoperon
broad_stress_grid,0.085,0.34,0.17,0.17,0.425,0.2,0.9935427331548693,1.0,1.0,66,66,1.0,7.485097391498639,9.884242113442113,0.0,True,pysr,True,3,True,pysr>imcts>udsr>dso>llmsr>drsr>gplearn>qlattice>ragsr>tpsr>e2esr>pyoperon
broad_stress_grid,0.10625,0.31875,0.159375,0.159375,0.425,0.25,0.995429507588276,1.0,1.0,66,66,1.0,6.309649851038328,8.38395536408036,0.0,True,pysr,True,3,True,pysr>imcts>udsr>dso>llmsr>drsr>gplearn>qlattice>ragsr>tpsr>e2esr>pyoperon
broad_stress_grid,0.1275,0.2975,0.14875,0.14875,0.425,0.3,0.9969519714137149,1.0,1.0,66,66,1.0,5.1342023105780195,6.883668614718612,0.0,True,pysr,True,3,True,pysr>imcts>udsr>dso>llmsr>drsr>gplearn>qlattice>ragsr>tpsr>e2esr>pyoperon
broad_stress_grid,0.14875,0.27625,0.138125,0.138125,0.425,0.35,0.998135967946952,1.0,1.0,66,66,1.0,3.9587547701177104,5.3833818653568635,0.0,True,pysr,True,3,True,pysr>imcts>udsr>dso>llmsr>drsr>gplearn>qlattice>ragsr>tpsr>e2esr>pyoperon
broad_stress_grid,0.17,0.255,0.1275,0.1275,0.425,0.4,0.9990062094120755,1.0,1.0,66,66,1.0,2.783307229657402,3.883095115995115,0.0,True,pysr,True,3,True,pysr>imcts>udsr>dso>llmsr>drsr>gplearn>qlattice>ragsr>tpsr>e2esr>pyoperon
broad_stress_grid,0.19125,0.23375,0.116875,0.116875,0.425,0.45,0.9995862349219778,1.0,1.0,66,66,1.0,1.6078596891970933,2.382808366633366,0.0,True,pysr,True,3,True,pysr>imcts>udsr>dso>llmsr>drsr>gplearn>qlattice>ragsr>tpsr>e2esr>pyoperon
broad_stress_grid,0.2125,0.2125,0.10625,0.10625,0.425,0.5,0.9998983875031625,1.0,1.0,66,66,1.0,0.4428930867535115,0.8825216172716139,0.0,True,pysr,True,3,True,pysr>imcts>udsr>dso>llmsr>drsr>gplearn>qlattice>ragsr>tpsr>e2esr>pyoperon
broad_stress_grid,0.23375,0.19125,0.095625,0.095625,0.425,0.55,0.9999638073214446,1.0,1.0,66,66,1.0,0.7430353917235263,0.9014595819139295,0.0,True,pysr,True,3,True,pysr>imcts>udsr>dso>llmsr>drsr>gplearn>qlattice>ragsr>tpsr>e2esr>pyoperon
broad_stress_grid,0.255,0.17,0.085,0.085,0.425,0.6,0.999802438475425,1.0,1.0,66,66,1.0,1.918482932183834,2.226057542457543,0.0,True,pysr,True,3,True,pysr>imcts>udsr>dso>llmsr>drsr>gplearn>qlattice>ragsr>tpsr>e2esr>pyoperon
broad_stress_grid,0.27625,0.14875,0.074375,0.074375,0.425,0.65,0.9994330469587603,1.0,1.0,66,66,1.0,3.093930472644144,3.618338630813632,0.0,True,pysr,True,3,True,pysr>imcts>udsr>dso>llmsr>drsr>gplearn>qlattice>ragsr>tpsr>e2esr>pyoperon
broad_stress_grid,0.2975,0.1275,0.06375,0.06375,0.425,0.7,0.9988732476369978,1.0,1.0,66,66,1.0,4.269378013104452,5.118625380175381,0.0,True,pysr,True,3,True,pysr>imcts>udsr>dso>llmsr>drsr>gplearn>qlattice>ragsr>tpsr>e2esr>pyoperon
broad_stress_grid,0.31875,0.10625,0.053125,0.053125,0.425,0.75,0.9981395383300693,1.0,1.0,66,66,1.0,5.444825553564762,6.618912129537131,0.0,True,pysr,True,3,True,pysr>imcts>udsr>dso>llmsr>drsr>gplearn>qlattice>ragsr>tpsr>e2esr>pyoperon
broad_stress_grid,0.34,0.085,0.0425,0.0425,0.425,0.8,0.9972473393297875,0.993006993006993,0.9696969696969697,65,66,0.9848484848484849,6.620273094025072,8.119198878898882,1.0,False,pysr,True,3,True,pysr>imcts>udsr>dso>llmsr>drsr>gplearn>qlattice>ragsr>tpsr>pyoperon>e2esr
broad_stress_grid,0.36125,0.06375,0.031875,0.031875,0.425,0.85,0.9962110369075787,0.993006993006993,0.9696969696969697,65,66,0.9848484848484849,7.79572063448538,9.61948562826063,1.0,False,pysr,True,3,True,pysr>imcts>udsr>dso>llmsr>drsr>gplearn>qlattice>ragsr>tpsr>pyoperon>e2esr
broad_stress_grid,0.3825,0.0425,0.02125,0.02125,0.425,0.9,0.9950440295776248,0.986013986013986,0.9393939393939394,64,66,0.9696969696969697,8.97116817494569,11.119772377622379,1.0,False,pysr,True,3,True,pysr>imcts>udsr>dso>llmsr>drsr>gplearn>qlattice>tpsr>ragsr>pyoperon>e2esr
broad_stress_grid,0.40375,0.02125,0.010625,0.010625,0.425,0.95,0.9937587760725191,0.986013986013986,0.9393939393939394,64,66,0.9696969696969697,10.146615715405996,12.620059126984128,1.0,False,pysr,True,3,True,pysr>imcts>udsr>dso>llmsr>drsr>gplearn>qlattice>tpsr>ragsr>pyoperon>e2esr
broad_stress_grid,0.425,0.0,0.0,0.0,0.425,1.0,0.9923668441615542,0.986013986013986,0.9393939393939394,64,66,0.9696969696969697,11.322063255866308,14.120345876345878,1.0,False,pysr,True,3,True,pysr>imcts>udsr>dso>llmsr>drsr>gplearn>qlattice>tpsr>ragsr>pyoperon>e2esr
broad_stress_grid,0.0,0.45,0.225,0.225,0.45,0.0,0.9773245959310275,0.9790209790209791,0.9393939393939394,64,66,0.9696969696969697,13.656109539686861,17.650432345432346,2.0,False,pysr,True,3,True,pysr>imcts>udsr>dso>llmsr>drsr>ragsr>gplearn>qlattice>tpsr>e2esr>pyoperon
broad_stress_grid,0.0225,0.4275,0.21375,0.21375,0.45,0.05,0.9817158931447464,0.9790209790209791,0.9393939393939394,64,66,0.9696969696969697,12.411518026258298,16.061893434343432,2.0,False,pysr,True,3,True,pysr>imcts>udsr>dso>llmsr>drsr>ragsr>gplearn>qlattice>tpsr>e2esr>pyoperon
broad_stress_grid,0.045,0.405,0.2025,0.2025,0.45,0.1,0.9855405070274842,0.993006993006993,0.9696969696969697,65,66,0.9848484848484849,11.16692651282974,14.473354523254525,1.0,False,pysr,True,3,True,pysr>imcts>udsr>dso>llmsr>drsr>gplearn>ragsr>qlattice>tpsr>e2esr>pyoperon
broad_stress_grid,0.0675,0.3825,0.19125,0.19125,0.45,0.15,0.9888337522984141,0.993006993006993,0.9696969696969697,65,66,0.9848484848484849,9.922334999401173,12.88481561216561,1.0,False,pysr,True,3,True,pysr>imcts>udsr>dso>llmsr>drsr>gplearn>ragsr>qlattice>tpsr>e2esr>pyoperon
broad_stress_grid,0.09,0.36,0.18,0.18,0.45,0.2,0.9916302805982518,1.0,1.0,66,66,1.0,8.677743485972613,11.296276701076703,0.0,True,pysr,True,3,True,pysr>imcts>udsr>dso>llmsr>drsr>gplearn>qlattice>ragsr>tpsr>e2esr>pyoperon
broad_stress_grid,0.1125,0.3375,0.16875,0.16875,0.45,0.25,0.9939638423665049,1.0,1.0,66,66,1.0,7.433151972544049,9.707737789987789,0.0,True,pysr,True,3,True,pysr>imcts>udsr>dso>llmsr>drsr>gplearn>qlattice>ragsr>tpsr>e2esr>pyoperon
broad_stress_grid,0.135,0.315,0.1575,0.1575,0.45,0.3,0.9958670959065893,1.0,1.0,66,66,1.0,6.188560459115485,8.119198878898878,0.0,True,pysr,True,3,True,pysr>imcts>udsr>dso>llmsr>drsr>gplearn>qlattice>ragsr>tpsr>e2esr>pyoperon
broad_stress_grid,0.1575,0.2925,0.14625,0.14625,0.45,0.35,0.997371459419133,1.0,1.0,66,66,1.0,4.943968945686926,6.530659967809971,0.0,True,pysr,True,3,True,pysr>imcts>udsr>dso>llmsr>drsr>gplearn>qlattice>ragsr>tpsr>e2esr>pyoperon
broad_stress_grid,0.18,0.27,0.135,0.135,0.45,0.4,0.9985070014779908,1.0,1.0,66,66,1.0,3.6993774322583612,4.9421210567210565,0.0,True,pysr,True,3,True,pysr>imcts>udsr>dso>llmsr>drsr>gplearn>qlattice>ragsr>tpsr>e2esr>pyoperon
broad_stress_grid,0.2025,0.2475,0.12375,0.12375,0.45,0.45,0.9993023653332378,1.0,1.0,66,66,1.0,2.4547859188297987,3.3535821456321457,0.0,True,pysr,True,3,True,pysr>imcts>udsr>dso>llmsr>drsr>gplearn>qlattice>ragsr>tpsr>e2esr>pyoperon
broad_stress_grid,0.225,0.225,0.1125,0.1125,0.45,0.5,0.9997847225029232,1.0,1.0,66,66,1.0,1.2101944054012355,1.765043234543235,0.0,True,pysr,True,3,True,pysr>imcts>udsr>dso>llmsr>drsr>gplearn>qlattice>ragsr>tpsr>e2esr>pyoperon
broad_stress_grid,0.2475,0.2025,0.10125,0.10125,0.45,0.55,0.9999797513172032,1.0,1.0,66,66,1.0,0.09226058016308263,0.23129041226926006,0.0,True,pysr,True,3,True,pysr>imcts>udsr>dso>llmsr>drsr>gplearn>qlattice>ragsr>tpsr>e2esr>pyoperon
broad_stress_grid,0.27,0.18,0.09,0.09,0.45,0.6,0.999911636366705,1.0,1.0,66,66,1.0,1.2789886214558883,1.484038361638362,0.0,True,pysr,True,3,True,pysr>imcts>udsr>dso>llmsr>drsr>gplearn>qlattice>ragsr>tpsr>e2esr>pyoperon
broad_stress_grid,0.2925,0.1575,0.07875,0.07875,0.45,0.65,0.999603085149789,1.0,1.0,66,66,1.0,2.5235801348844524,3.000573498723501,0.0,True,pysr,True,3,True,pysr>imcts>udsr>dso>llmsr>drsr>gplearn>qlattice>ragsr>tpsr>e2esr>pyoperon
broad_stress_grid,0.315,0.135,0.0675,0.0675,0.45,0.7,0.9990753585849934,1.0,1.0,66,66,1.0,3.768171648313013,4.589112409812408,0.0,True,pysr,True,3,True,pysr>imcts>udsr>dso>llmsr>drsr>gplearn>qlattice>ragsr>tpsr>e2esr>pyoperon
broad_stress_grid,0.3375,0.1125,0.05625,0.05625,0.45,0.75,0.9983483124352249,1.0,1.0,66,66,1.0,5.012763161741578,6.177651320901322,0.0,True,pysr,True,3,True,pysr>imcts>udsr>dso>llmsr>drsr>gplearn>qlattice>ragsr>tpsr>e2esr>pyoperon
broad_stress_grid,0.36,0.09,0.045,0.045,0.45,0.8,0.9974404470641708,0.993006993006993,0.9696969696969697,65,66,0.9848484848484849,6.2573546751701405,7.766190231990235,1.0,False,pysr,True,3,True,pysr>imcts>udsr>dso>llmsr>drsr>gplearn>qlattice>ragsr>tpsr>pyoperon>e2esr
broad_stress_grid,0.3825,0.0675,0.03375,0.03375,0.45,0.85,0.9963689633021436,0.986013986013986,0.9393939393939394,64,66,0.9696969696969697,7.501946188598702,9.354729143079144,1.0,False,pysr,True,3,True,pysr>imcts>udsr>dso>llmsr>drsr>gplearn>qlattice>tpsr>ragsr>pyoperon>e2esr
broad_stress_grid,0.405,0.045,0.0225,0.0225,0.45,0.9,0.9951498225310073,0.986013986013986,0.9393939393939394,64,66,0.9696969696969697,8.746537702027267,10.943268054168056,1.0,False,pysr,True,3,True,pysr>imcts>udsr>dso>llmsr>drsr>gplearn>qlattice>tpsr>ragsr>pyoperon>e2esr
broad_stress_grid,0.4275,0.0225,0.01125,0.01125,0.45,0.95,0.9937978094016313,0.986013986013986,0.9393939393939394,64,66,0.9696969696969697,9.991129215455826,12.531806965256965,1.0,False,pysr,True,3,True,pysr>imcts>udsr>dso>llmsr>drsr>gplearn>qlattice>tpsr>ragsr>pyoperon>e2esr
broad_stress_grid,0.45,0.0,0.0,0.0,0.45,1.0,0.9923265958704452,0.986013986013986,0.9393939393939394,64,66,0.9696969696969697,11.23572072888439,14.120345876345878,1.0,False,pysr,True,3,True,pysr>imcts>udsr>dso>llmsr>drsr>gplearn>qlattice>tpsr>ragsr>pyoperon>e2esr
broad_stress_grid,0.0,0.475,0.2375,0.2375,0.475,0.0,0.9722349215434335,0.972027972027972,0.9090909090909091,63,66,0.9545454545454546,15.125331526033845,19.415475579975574,2.0,False,pysr,True,3,True,pysr>imcts>udsr>dso>drsr>llmsr>ragsr>gplearn>qlattice>tpsr>e2esr>pyoperon
broad_stress_grid,0.02375,0.45125,0.225625,0.225625,0.475,0.05,0.9774882608439157,0.9790209790209791,0.9393939393939394,64,66,0.9696969696969697,13.81159603963703,17.7386845071595,2.0,False,pysr,True,3,True,pysr>imcts>udsr>dso>llmsr>drsr>ragsr>gplearn>qlattice>tpsr>e2esr>pyoperon
broad_stress_grid,0.0475,0.4275,0.21375,0.21375,0.475,0.1,0.9820752338237209,0.9790209790209791,0.9393939393939394,64,66,0.9696969696969697,12.497860553240216,16.061893434343432,2.0,False,pysr,True,3,True,pysr>imcts>udsr>dso>llmsr>drsr>ragsr>gplearn>qlattice>tpsr>e2esr>pyoperon
broad_stress_grid,0.07125,0.40375,0.201875,0.201875,0.475,0.15,0.9860374650879586,0.993006993006993,0.9696969696969697,65,66,0.9848484848484849,11.184125066843398,14.385102361527359,1.0,False,pysr,True,3,True,pysr>imcts>udsr>dso>llmsr>drsr>gplearn>ragsr>qlattice>tpsr>e2esr>pyoperon
broad_stress_grid,0.095,0.38,0.19,0.19,0.475,0.2,0.9894160879928828,0.993006993006993,0.9696969696969697,65,66,0.9848484848484849,9.870389580446583,12.708311288711286,1.0,False,pysr,True,3,True,pysr>imcts>udsr>dso>llmsr>drsr>gplearn>ragsr>qlattice>tpsr>e2esr>pyoperon
broad_stress_grid,0.11875,0.35625,0.178125,0.178125,0.475,0.25,0.9922513783825145,1.0,1.0,66,66,1.0,8.556654094049764,11.03152021589521,0.0,True,pysr,True,3,True,pysr>imcts>udsr>dso>llmsr>drsr>gplearn>qlattice>ragsr>tpsr>e2esr>pyoperon
broad_stress_grid,0.1425,0.3325,0.16625,0.16625,0.475,0.3,0.9945824568903213,1.0,1.0,66,66,1.0,7.242918607652949,9.354729143079137,0.0,True,pysr,True,3,True,pysr>imcts>udsr>dso>llmsr>drsr>gplearn>qlattice>ragsr>tpsr>e2esr>pyoperon
broad_stress_grid,0.16625,0.30875,0.154375,0.154375,0.475,0.35,0.9964470544257213,1.0,1.0,66,66,1.0,5.929183121256132,7.6779380702630675,0.0,True,pysr,True,3,True,pysr>imcts>udsr>dso>llmsr>drsr>gplearn>qlattice>ragsr>tpsr>e2esr>pyoperon
broad_stress_grid,0.19,0.285,0.1425,0.1425,0.475,0.4,0.9978813346828398,1.0,1.0,66,66,1.0,4.6154476348593185,6.001146997446995,0.0,True,pysr,True,3,True,pysr>imcts>udsr>dso>llmsr>drsr>gplearn>qlattice>ragsr>tpsr>e2esr>pyoperon
broad_stress_grid,0.21375,0.26125,0.130625,0.130625,0.475,0.45,0.998919767130877,1.0,1.0,66,66,1.0,3.301712148462502,4.324355924630922,0.0,True,pysr,True,3,True,pysr>imcts>udsr>dso>llmsr>drsr>gplearn>qlattice>ragsr>tpsr>e2esr>pyoperon
broad_stress_grid,0.2375,0.2375,0.11875,0.11875,0.475,0.5,0.9995950438890193,1.0,1.0,66,66,1.0,1.9879766620656856,2.647564851814849,0.0,True,pysr,True,3,True,pysr>imcts>udsr>dso>llmsr>drsr>gplearn>qlattice>ragsr>tpsr>e2esr>pyoperon
broad_stress_grid,0.26125,0.21375,0.106875,0.106875,0.475,0.55,0.9999380340761169,1.0,1.0,66,66,1.0,0.6742411756688692,0.970773778998776,0.0,True,pysr,True,3,True,pysr>imcts>udsr>dso>llmsr>drsr>gplearn>qlattice>ragsr>tpsr>e2esr>pyoperon
broad_stress_grid,0.285,0.19,0.095,0.095,0.475,0.6,0.9999777695868259,1.0,1.0,66,66,1.0,0.6394943107279456,0.7420191808191827,0.0,True,pysr,True,3,True,pysr>imcts>udsr>dso>llmsr>drsr>gplearn>qlattice>ragsr>tpsr>e2esr>pyoperon
broad_stress_grid,0.30875,0.16625,0.083125,0.083125,0.475,0.65,0.9997414567221907,1.0,1.0,66,66,1.0,1.9532297971247632,2.3828083666333697,0.0,True,pysr,True,3,True,pysr>imcts>udsr>dso>llmsr>drsr>gplearn>qlattice>ragsr>tpsr>e2esr>pyoperon
broad_stress_grid,0.3325,0.1425,0.07125,0.07125,0.475,0.7,0.9992545086451535,1.0,1.0,66,66,1.0,3.266965283521577,4.059599439449439,0.0,True,pysr,True,3,True,pysr>imcts>udsr>dso>llmsr>drsr>gplearn>qlattice>ragsr>tpsr>e2esr>pyoperon
broad_stress_grid,0.35625,0.11875,0.059375,0.059375,0.475,0.75,0.9985405942019322,1.0,1.0,66,66,1.0,4.580700769918394,5.736390512265514,0.0,True,pysr,True,3,True,pysr>imcts>udsr>dso>llmsr>drsr>gplearn>qlattice>ragsr>tpsr>e2esr>pyoperon
broad_stress_grid,0.38,0.095,0.0475,0.0475,0.475,0.8,0.9976216992198291,0.993006993006993,0.9696969696969697,65,66,0.9848484848484849,5.894436256315211,7.413181585081588,1.0,False,pysr,True,3,True,pysr>imcts>udsr>dso>llmsr>drsr>gplearn>qlattice>ragsr>tpsr>pyoperon>e2esr
broad_stress_grid,0.40375,0.07125,0.035625,0.035625,0.475,0.85,0.996518196940064,0.986013986013986,0.9393939393939394,64,66,0.9696969696969697,7.208171742712025,9.089972657897658,1.0,False,pysr,True,3,True,pysr>imcts>udsr>dso>llmsr>drsr>gplearn>qlattice>tpsr>ragsr>pyoperon>e2esr
broad_stress_grid,0.4275,0.0475,0.02375,0.02375,0.475,0.9,0.9952489247568123,0.986013986013986,0.9393939393939394,64,66,0.9696969696969697,8.521907229108843,10.766763730713734,1.0,False,pysr,True,3,True,pysr>imcts>udsr>dso>llmsr>drsr>gplearn>qlattice>tpsr>ragsr>pyoperon>e2esr
broad_stress_grid,0.45125,0.02375,0.011875,0.011875,0.475,0.95,0.9938312649022291,0.986013986013986,0.9393939393939394,64,66,0.9696969696969697,9.835642715505656,12.443554803529803,1.0,False,pysr,True,3,True,pysr>imcts>udsr>dso>llmsr>drsr>gplearn>qlattice>tpsr>ragsr>pyoperon>e2esr
broad_stress_grid,0.475,0.0,0.0,0.0,0.475,1.0,0.9922812271376472,0.986013986013986,0.9393939393939394,64,66,0.9696969696969697,11.149378201902474,14.120345876345878,1.0,False,pysr,True,3,True,pysr>imcts>udsr>dso>llmsr>drsr>gplearn>qlattice>tpsr>ragsr>pyoperon>e2esr
broad_stress_grid,0.0,0.5,0.25,0.25,0.5,0.0,0.9665029292188668,0.9440559440559441,0.8181818181818182,60,66,0.9090909090909091,16.594553512380834,21.18051881451881,2.0,False,udsr,False,3,True,udsr>imcts>pysr>dso>drsr>llmsr>ragsr>gplearn>qlattice>tpsr>e2esr>pyoperon
broad_stress_grid,0.025,0.475,0.2375,0.2375,0.5,0.05,0.9727154290078452,0.972027972027972,0.9090909090909091,63,66,0.9545454545454546,15.211674053015763,19.415475579975574,2.0,False,pysr,True,3,True,pysr>imcts>udsr>dso>drsr>llmsr>ragsr>gplearn>qlattice>tpsr>e2esr>pyoperon
broad_stress_grid,0.05,0.45,0.225,0.225,0.5,0.1,0.9781514278056693,0.9790209790209791,0.9393939393939394,64,66,0.9696969696969697,13.828794593650695,17.650432345432346,2.0,False,pysr,True,3,True,pysr>imcts>udsr>dso>llmsr>drsr>ragsr>gplearn>qlattice>tpsr>e2esr>pyoperon
broad_stress_grid,0.075,0.425,0.2125,0.2125,0.5,0.15,0.982859167471552,0.993006993006993,0.9696969696969697,65,66,0.9848484848484849,12.445915134285626,15.885389110889108,1.0,False,pysr,True,3,True,pysr>imcts>udsr>dso>llmsr>drsr>gplearn>ragsr>qlattice>tpsr>e2esr>pyoperon
broad_stress_grid,0.1,0.4,0.2,0.2,0.5,0.2,0.9868867503373662,0.993006993006993,0.9696969696969697,65,66,0.9848484848484849,11.063035674920558,14.120345876345876,1.0,False,pysr,True,3,True,pysr>imcts>udsr>dso>llmsr>drsr>gplearn>ragsr>qlattice>tpsr>e2esr>pyoperon
broad_stress_grid,0.125,0.375,0.1875,0.1875,0.5,0.25,0.9902815944036245,1.0,1.0,66,66,1.0,9.680156215555487,12.355302641802641,0.0,True,pysr,True,3,True,pysr>imcts>udsr>dso>llmsr>drsr>gplearn>qlattice>ragsr>tpsr>e2esr>pyoperon
broad_stress_grid,0.15,0.35,0.175,0.175,0.5,0.3,0.9930899849393071,1.0,1.0,66,66,1.0,8.297276756190415,10.590259407259403,0.0,True,pysr,True,3,True,pysr>imcts>udsr>dso>llmsr>drsr>gplearn>qlattice>ragsr>tpsr>e2esr>pyoperon
broad_stress_grid,0.175,0.325,0.1625,0.1625,0.5,0.35,0.9953567162905422,1.0,1.0,66,66,1.0,6.9143972968253475,8.825216172716171,0.0,True,pysr,True,3,True,pysr>imcts>udsr>dso>llmsr>drsr>gplearn>qlattice>ragsr>tpsr>e2esr>pyoperon
broad_stress_grid,0.2,0.3,0.15,0.15,0.5,0.4,0.9971248160064001,1.0,1.0,66,66,1.0,5.531517837460278,7.060172938172936,0.0,True,pysr,True,3,True,pysr>imcts>udsr>dso>llmsr>drsr>gplearn>qlattice>ragsr>tpsr>e2esr>pyoperon
broad_stress_grid,0.225,0.275,0.1375,0.1375,0.5,0.45,0.9984353424137831,1.0,1.0,66,66,1.0,4.14863837809521,5.295129703629705,0.0,True,pysr,True,3,True,pysr>imcts>udsr>dso>llmsr>drsr>gplearn>qlattice>ragsr>tpsr>e2esr>pyoperon
broad_stress_grid,0.25,0.25,0.125,0.125,0.5,0.5,0.9993272463836168,1.0,1.0,66,66,1.0,2.7657589187301386,3.5300864690864664,0.0,True,pysr,True,3,True,pysr>imcts>udsr>dso>llmsr>drsr>gplearn>qlattice>ragsr>tpsr>e2esr>pyoperon
broad_stress_grid,0.275,0.225,0.1125,0.1125,0.5,0.55,0.9998372880949213,1.0,1.0,66,66,1.0,1.382879459365067,1.7650432345432314,0.0,True,pysr,True,3,True,pysr>imcts>udsr>dso>llmsr>drsr>gplearn>qlattice>ragsr>tpsr>e2esr>pyoperon
broad_stress_grid,0.3,0.2,0.1,0.1,0.5,0.6,1.0,1.0,1.0,66,66,1.0,0.0,0.0,0.0,True,pysr,True,3,True,pysr>imcts>udsr>dso>llmsr>drsr>gplearn>qlattice>ragsr>tpsr>e2esr>pyoperon
broad_stress_grid,0.325,0.175,0.0875,0.0875,0.5,0.65,0.9998476878168648,1.0,1.0,66,66,1.0,1.382879459365071,1.7650432345432367,0.0,True,pysr,True,3,True,pysr>imcts>udsr>dso>llmsr>drsr>gplearn>qlattice>ragsr>tpsr>e2esr>pyoperon
broad_stress_grid,0.35,0.15,0.075,0.075,0.5,0.7,0.9994104621359868,1.0,1.0,66,66,1.0,2.765758918730139,3.53008646908647,0.0,True,pysr,True,3,True,pysr>imcts>udsr>dso>llmsr>drsr>gplearn>qlattice>ragsr>tpsr>e2esr>pyoperon
broad_stress_grid,0.375,0.125,0.0625,0.0625,0.5,0.75,0.9987162940576166,1.0,1.0,66,66,1.0,4.14863837809521,5.295129703629705,0.0,True,pysr,True,3,True,pysr>imcts>udsr>dso>llmsr>drsr>gplearn>qlattice>ragsr>tpsr>e2esr>pyoperon
broad_stress_grid,0.4,0.1,0.05,0.05,0.5,0.8,0.9977910891200521,0.986013986013986,0.9393939393939394,64,66,0.9696969696969697,5.53151783746028,7.060172938172942,1.0,False,pysr,True,3,True,pysr>imcts>udsr>dso>llmsr>drsr>gplearn>qlattice>tpsr>ragsr>pyoperon>e2esr
broad_stress_grid,0.425,0.075,0.0375,0.0375,0.5,0.85,0.9966587746000705,0.986013986013986,0.9393939393939394,64,66,0.9696969696969697,6.9143972968253475,8.825216172716173,1.0,False,pysr,True,3,True,pysr>imcts>udsr>dso>llmsr>drsr>gplearn>qlattice>tpsr>ragsr>pyoperon>e2esr
broad_stress_grid,0.45,0.05,0.025,0.025,0.5,0.9,0.9953413960382489,0.986013986013986,0.9393939393939394,64,66,0.9696969696969697,8.297276756190419,10.59025940725941,1.0,False,pysr,True,3,True,pysr>imcts>udsr>dso>llmsr>drsr>gplearn>qlattice>tpsr>ragsr>pyoperon>e2esr
broad_stress_grid,0.475,0.025,0.0125,0.0125,0.5,0.95,0.9938592195480798,0.986013986013986,0.9393939393939394,64,66,0.9696969696969697,9.680156215555487,12.355302641802641,1.0,False,pysr,True,3,True,pysr>imcts>udsr>dso>llmsr>drsr>gplearn>qlattice>tpsr>ragsr>pyoperon>e2esr
broad_stress_grid,0.5,0.0,0.0,0.0,0.5,1.0,0.9922308371002613,0.986013986013986,0.9393939393939394,64,66,0.9696969696969697,11.063035674920558,14.120345876345878,1.0,False,pysr,True,3,True,pysr>imcts>udsr>dso>llmsr>drsr>gplearn>qlattice>tpsr>ragsr>pyoperon>e2esr
broad_stress_grid,0.0,0.525,0.2625,0.2625,0.525,0.0,0.9601016682609707,0.9370629370629371,0.7878787878787878,59,66,0.8939393939393939,18.06377549872782,22.94556204906205,2.0,False,udsr,False,3,True,udsr>imcts>pysr>dso>drsr>llmsr>ragsr>qlattice>gplearn>tpsr>e2esr>pyoperon
broad_stress_grid,0.02625,0.49875,0.249375,0.249375,0.525,0.05,0.9673739423894645,0.951048951048951,0.8484848484848485,61,66,0.9242424242424242,16.611752066394498,21.092266652791654,2.0,False,imcts,False,3,True,imcts>udsr>pysr>dso>drsr>llmsr>ragsr>gplearn>qlattice>tpsr>e2esr>pyoperon
broad_stress_grid,0.0525,0.4725,0.23625,0.23625,0.525,0.1,0.973749200558168,0.972027972027972,0.9090909090909091,63,66,0.9545454545454546,15.159728634061176,19.238971256521257,2.0,False,pysr,True,3,True,pysr>imcts>udsr>dso>drsr>llmsr>ragsr>gplearn>qlattice>tpsr>e2esr>pyoperon
broad_stress_grid,0.07875,0.44625,0.223125,0.223125,0.525,0.15,0.9792824032509274,0.9790209790209791,0.9393939393939394,64,66,0.9696969696969697,13.707705201727851,17.385675860250853,2.0,False,pysr,True,3,True,pysr>imcts>udsr>dso>llmsr>drsr>ragsr>gplearn>qlattice>tpsr>e2esr>pyoperon
broad_stress_grid,0.105,0.42,0.21,0.21,0.525,0.2,0.9840289716899818,0.993006993006993,0.9696969696969697,65,66,0.9848484848484849,12.255681769394531,15.532380463980466,1.0,False,pysr,True,3,True,pysr>imcts>udsr>dso>llmsr>drsr>gplearn>ragsr>qlattice>tpsr>e2esr>pyoperon
broad_stress_grid,0.13125,0.39375,0.196875,0.196875,0.525,0.25,0.9880440014646192,0.993006993006993,0.9696969696969697,65,66,0.9848484848484849,10.803658337061208,13.67908506771007,1.0,False,pysr,True,3,True,pysr>imcts>udsr>dso>llmsr>drsr>gplearn>ragsr>qlattice>tpsr>e2esr>pyoperon
broad_stress_grid,0.1575,0.3675,0.18375,0.18375,0.525,0.3,0.9913816073015662,1.0,1.0,66,66,1.0,9.351634904727883,11.825789671439669,0.0,True,pysr,True,3,True,pysr>imcts>udsr>dso>llmsr>drsr>gplearn>qlattice>ragsr>tpsr>e2esr>pyoperon
broad_stress_grid,0.18375,0.34125,0.170625,0.170625,0.525,0.35,0.9940943929633964,1.0,1.0,66,66,1.0,7.899611472394564,9.972494275169279,0.0,True,pysr,True,3,True,pysr>imcts>udsr>dso>llmsr>drsr>gplearn>qlattice>ragsr>tpsr>e2esr>pyoperon
broad_stress_grid,0.21,0.315,0.1575,0.1575,0.525,0.4,0.9962330369340144,1.0,1.0,66,66,1.0,6.447588040061236,8.119198878898878,0.0,True,pysr,True,3,True,pysr>imcts>udsr>dso>llmsr>drsr>gplearn>qlattice>ragsr>tpsr>e2esr>pyoperon
broad_stress_grid,0.23625,0.28875,0.144375,0.144375,0.525,0.45,0.9978459824461429,1.0,1.0,66,66,1.0,4.995564607727918,6.2659034826284845,0.0,True,pysr,True,3,True,pysr>imcts>udsr>dso>llmsr>drsr>gplearn>qlattice>ragsr>tpsr>e2esr>pyoperon
broad_stress_grid,0.2625,0.2625,0.13125,0.13125,0.525,0.5,0.9989792193234034,1.0,1.0,66,66,1.0,3.543541175394591,4.412608086358087,0.0,True,pysr,True,3,True,pysr>imcts>udsr>dso>llmsr>drsr>gplearn>qlattice>ragsr>tpsr>e2esr>pyoperon
broad_stress_grid,0.28875,0.23625,0.118125,0.118125,0.525,0.55,0.9996761448361154,1.0,1.0,66,66,1.0,2.091517743061267,2.559312690087687,0.0,True,pysr,True,3,True,pysr>imcts>udsr>dso>llmsr>drsr>gplearn>qlattice>ragsr>tpsr>e2esr>pyoperon
broad_stress_grid,0.315,0.21,0.105,0.105,0.525,0.6,0.9999774911013914,1.0,1.0,66,66,1.0,0.6394943107279455,0.742019180819181,0.0,True,pysr,True,3,True,pysr>imcts>udsr>dso>llmsr>drsr>gplearn>qlattice>ragsr>tpsr>e2esr>pyoperon
broad_stress_grid,0.34125,0.18375,0.091875,0.091875,0.525,0.65,0.9999213073122604,1.0,1.0,66,66,1.0,0.8125291216053784,1.1472781024531038,0.0,True,pysr,True,3,True,pysr>imcts>udsr>dso>llmsr>drsr>gplearn>qlattice>ragsr>tpsr>e2esr>pyoperon
broad_stress_grid,0.3675,0.1575,0.07875,0.07875,0.525,0.7,0.9995429861036149,1.0,1.0,66,66,1.0,2.2645525539387004,3.0005734987234973,0.0,True,pysr,True,3,True,pysr>imcts>udsr>dso>llmsr>drsr>gplearn>qlattice>ragsr>tpsr>e2esr>pyoperon
broad_stress_grid,0.39375,0.13125,0.065625,0.065625,0.525,0.75,0.9988753245310348,1.0,1.0,66,66,1.0,3.7165759862720247,4.853868894993896,0.0,True,pysr,True,3,True,pysr>imcts>udsr>dso>llmsr>drsr>gplearn>qlattice>ragsr>tpsr>e2esr>pyoperon
broad_stress_grid,0.42,0.105,0.0525,0.0525,0.525,0.8,0.997948611357524,0.986013986013986,0.9393939393939394,64,66,0.9696969696969697,5.168599418605349,6.707164291264293,1.0,False,pysr,True,3,True,pysr>imcts>udsr>dso>llmsr>drsr>gplearn>qlattice>tpsr>ragsr>pyoperon>e2esr
broad_stress_grid,0.44625,0.07875,0.039375,0.039375,0.525,0.85,0.996790733544049,0.986013986013986,0.9393939393939394,64,66,0.9696969696969697,6.620622850938671,8.560459687534689,1.0,False,pysr,True,3,True,pysr>imcts>udsr>dso>llmsr>drsr>gplearn>qlattice>tpsr>ragsr>pyoperon>e2esr
broad_stress_grid,0.4725,0.0525,0.02625,0.02625,0.525,0.9,0.9954272959757665,0.986013986013986,0.9393939393939394,64,66,0.9696969696969697,8.072646283271993,10.413755083805086,1.0,False,pysr,True,3,True,pysr>imcts>udsr>dso>llmsr>drsr>gplearn>qlattice>tpsr>ragsr>pyoperon>e2esr
broad_stress_grid,0.49875,0.02625,0.013125,0.013125,0.525,0.95,0.9938817494976726,0.986013986013986,0.9393939393939394,64,66,0.9696969696969697,9.524669715605317,12.26705048007548,1.0,False,pysr,True,3,True,pysr>imcts>udsr>dso>llmsr>drsr>gplearn>qlattice>tpsr>ragsr>pyoperon>e2esr
broad_stress_grid,0.525,0.0,0.0,0.0,0.525,1.0,0.9921755232655154,0.986013986013986,0.9393939393939394,64,66,0.9696969696969697,10.97669314793864,14.120345876345878,1.0,False,pysr,True,3,True,pysr>imcts>udsr>dso>llmsr>drsr>gplearn>qlattice>tpsr>ragsr>pyoperon>e2esr
broad_stress_grid,0.0,0.55,0.275,0.275,0.55,0.0,0.9530061222344339,0.9370629370629371,0.7878787878787878,59,66,0.8939393939393939,19.53299748507481,24.710605283605286,2.0,False,udsr,False,3,True,udsr>imcts>pysr>dso>drsr>llmsr>ragsr>qlattice>gplearn>tpsr>e2esr>pyoperon
broad_stress_grid,0.0275,0.5225,0.26125,0.26125,0.55,0.05,0.9614415449910715,0.9440559440559441,0.8181818181818182,60,66,0.9090909090909091,18.011830079773226,22.76905772560772,2.0,False,udsr,False,3,True,udsr>imcts>pysr>dso>drsr>llmsr>ragsr>gplearn>qlattice>tpsr>e2esr>pyoperon
broad_stress_grid,0.055,0.495,0.2475,0.2475,0.55,0.1,0.9688493696263482,0.965034965034965,0.8787878787878788,62,66,0.9393939393939394,16.490662674471658,20.827510167610168,2.0,False,imcts,False,3,True,imcts>pysr>udsr>dso>drsr>llmsr>ragsr>gplearn>qlattice>tpsr>e2esr>pyoperon
broad_stress_grid,0.0825,0.4675,0.23375,0.23375,0.55,0.15,0.9752911053901211,0.9790209790209791,0.9393939393939394,64,66,0.9696969696969697,14.969495269170078,18.88596260961261,2.0,False,pysr,True,3,True,pysr>imcts>udsr>dso>llmsr>drsr>ragsr>gplearn>qlattice>tpsr>e2esr>pyoperon
broad_stress_grid,0.11,0.44,0.22,0.22,0.55,0.2,0.9808296522619526,0.9790209790209791,0.9393939393939394,64,66,0.9696969696969697,13.448327863868505,16.944415051615056,2.0,False,pysr,True,3,True,pysr>imcts>udsr>dso>llmsr>drsr>ragsr>gplearn>qlattice>tpsr>e2esr>pyoperon
broad_stress_grid,0.1375,0.4125,0.20625,0.20625,0.55,0.25,0.9855281967871479,0.993006993006993,0.9696969696969697,65,66,0.9848484848484849,11.927160458566927,15.002867493617494,1.0,False,pysr,True,3,True,pysr>imcts>udsr>dso>llmsr>drsr>gplearn>ragsr>qlattice>tpsr>e2esr>pyoperon
broad_stress_grid,0.165,0.385,0.1925,0.1925,0.55,0.3,0.9894492803286481,1.0,1.0,66,66,1.0,10.405993053265348,13.061319935619935,0.0,True,pysr,True,3,True,pysr>imcts>udsr>dso>llmsr>drsr>gplearn>qlattice>ragsr>tpsr>e2esr>pyoperon
broad_stress_grid,0.1925,0.3575,0.17875,0.17875,0.55,0.35,0.9926540359656573,1.0,1.0,66,66,1.0,8.884825647963773,11.119772377622379,0.0,True,pysr,True,3,True,pysr>imcts>udsr>dso>llmsr>drsr>gplearn>qlattice>ragsr>tpsr>e2esr>pyoperon
broad_stress_grid,0.22,0.33,0.165,0.165,0.55,0.4,0.9952015842031184,1.0,1.0,66,66,1.0,7.363658242662197,9.17822481962482,0.0,True,pysr,True,3,True,pysr>imcts>udsr>dso>llmsr>drsr>gplearn>qlattice>ragsr>tpsr>e2esr>pyoperon
broad_stress_grid,0.2475,0.3025,0.15125,0.15125,0.55,0.45,0.9971485735704837,1.0,1.0,66,66,1.0,5.842490837360621,7.236677261627264,0.0,True,pysr,True,3,True,pysr>imcts>udsr>dso>llmsr>drsr>gplearn>qlattice>ragsr>tpsr>e2esr>pyoperon
broad_stress_grid,0.275,0.275,0.1375,0.1375,0.55,0.5,0.9985488498079498,1.0,1.0,66,66,1.0,4.321323432059044,5.295129703629705,0.0,True,pysr,True,3,True,pysr>imcts>udsr>dso>llmsr>drsr>gplearn>qlattice>ragsr>tpsr>e2esr>pyoperon
broad_stress_grid,0.3025,0.2475,0.12375,0.12375,0.55,0.55,0.9994532363408731,1.0,1.0,66,66,1.0,2.800156026757465,3.3535821456321457,0.0,True,pysr,True,3,True,pysr>imcts>udsr>dso>llmsr>drsr>gplearn>qlattice>ragsr>tpsr>e2esr>pyoperon
broad_stress_grid,0.33,0.22,0.11,0.11,0.55,0.6,0.9999094088022603,1.0,1.0,66,66,1.0,1.2789886214558897,1.484038361638362,0.0,True,pysr,True,3,True,pysr>imcts>udsr>dso>llmsr>drsr>gplearn>qlattice>ragsr>tpsr>e2esr>pyoperon
broad_stress_grid,0.3575,0.1925,0.09625,0.09625,0.55,0.65,0.9999618471780282,1.0,1.0,66,66,1.0,0.2536748058616573,0.5295129703629708,0.0,True,pysr,True,3,True,pysr>imcts>udsr>dso>llmsr>drsr>gplearn>qlattice>ragsr>tpsr>e2esr>pyoperon
broad_stress_grid,0.385,0.165,0.0825,0.0825,0.55,0.7,0.9996518504606258,1.0,1.0,66,66,1.0,1.7633461891472626,2.4710605283605283,0.0,True,pysr,True,3,True,pysr>imcts>udsr>dso>llmsr>drsr>gplearn>qlattice>ragsr>tpsr>e2esr>pyoperon
broad_stress_grid,0.4125,0.1375,0.06875,0.06875,0.55,0.75,0.9990176002921646,0.993006993006993,0.9696969696969697,65,66,0.9848484848484849,3.2845135944488395,4.412608086358087,1.0,False,pysr,True,3,True,pysr>imcts>udsr>dso>llmsr>drsr>gplearn>qlattice>tpsr>ragsr>e2esr>pyoperon
broad_stress_grid,0.44,0.11,0.055,0.055,0.55,0.8,0.9980942617951716,0.986013986013986,0.9393939393939394,64,66,0.9696969696969697,4.805680999750418,6.354155644355647,1.0,False,pysr,True,3,True,pysr>imcts>udsr>dso>llmsr>drsr>gplearn>qlattice>tpsr>ragsr>pyoperon>e2esr
broad_stress_grid,0.4675,0.0825,0.04125,0.04125,0.55,0.85,0.9969141115080509,0.986013986013986,0.9393939393939394,64,66,0.9696969696969697,6.326848405051992,8.295703202353202,1.0,False,pysr,True,3,True,pysr>imcts>udsr>dso>llmsr>drsr>gplearn>qlattice>tpsr>ragsr>pyoperon>e2esr
broad_stress_grid,0.495,0.055,0.0275,0.0275,0.55,0.9,0.9955066839813813,0.986013986013986,0.9393939393939394,64,66,0.9696969696969697,7.84801581035357,10.237250760350761,1.0,False,pysr,True,3,True,pysr>imcts>udsr>dso>llmsr>drsr>gplearn>qlattice>tpsr>ragsr>pyoperon>e2esr
broad_stress_grid,0.5225,0.0275,0.01375,0.01375,0.55,0.95,0.9938989300988236,0.986013986013986,0.9393939393939394,64,66,0.9696969696969697,9.369183215655145,12.178798318348317,1.0,False,pysr,True,3,True,pysr>imcts>udsr>dso>llmsr>drsr>gplearn>qlattice>tpsr>ragsr>pyoperon>e2esr
broad_stress_grid,0.55,0.0,0.0,0.0,0.55,1.0,0.9921153815344708,0.986013986013986,0.9393939393939394,64,66,0.9696969696969697,10.890350620956724,14.120345876345878,1.0,False,pysr,True,3,True,pysr>imcts>udsr>dso>llmsr>drsr>gplearn>qlattice>tpsr>ragsr>pyoperon>e2esr
broad_stress_grid,0.0,0.575,0.2875,0.2875,0.575,0.0,0.9451936719997356,0.8951048951048951,0.696969696969697,56,66,0.8484848484848485,21.00221947142179,26.475648518148514,3.0,False,udsr,False,3,True,udsr>imcts>pysr>drsr>llmsr>dso>ragsr>qlattice>tpsr>gplearn>e2esr>pyoperon
broad_stress_grid,0.02875,0.54625,0.273125,0.273125,0.575,0.05,0.9548975063196349,0.9370629370629371,0.7878787878787878,59,66,0.8939393939393939,19.411908093151958,24.445848798423793,2.0,False,udsr,False,3,True,udsr>imcts>pysr>dso>drsr>llmsr>ragsr>qlattice>gplearn>tpsr>e2esr>pyoperon
broad_stress_grid,0.0575,0.5175,0.25875,0.25875,0.575,0.1,0.9634336809501579,0.9440559440559441,0.8181818181818182,60,66,0.9090909090909091,17.82159671488213,22.41604907869907,2.0,False,udsr,False,3,True,udsr>imcts>pysr>dso>drsr>llmsr>ragsr>gplearn>qlattice>tpsr>e2esr>pyoperon
broad_stress_grid,0.08625,0.48875,0.244375,0.244375,0.575,0.15,0.9708697428931622,0.972027972027972,0.9090909090909091,63,66,0.9545454545454546,16.231285336612302,20.386249358974357,2.0,False,pysr,True,3,True,pysr>imcts>udsr>dso>drsr>llmsr>ragsr>gplearn>qlattice>tpsr>e2esr>pyoperon
broad_stress_grid,0.115,0.46,0.23,0.23,0.575,0.2,0.9772759823995365,0.9790209790209791,0.9393939393939394,64,66,0.9696969696969697,14.640973958342471,18.356449639249636,2.0,False,pysr,True,3,True,pysr>imcts>udsr>dso>llmsr>drsr>ragsr>gplearn>qlattice>tpsr>e2esr>pyoperon
broad_stress_grid,0.14375,0.43125,0.215625,0.215625,0.575,0.25,0.9827239220666811,0.993006993006993,0.9696969696969697,65,66,0.9848484848484849,13.050662580072641,16.326649919524915,1.0,False,pysr,True,3,True,pysr>imcts>udsr>dso>llmsr>drsr>gplearn>ragsr>qlattice>tpsr>e2esr>pyoperon
broad_stress_grid,0.1725,0.4025,0.20125,0.20125,0.575,0.3,0.9872850245145978,0.993006993006993,0.9696969696969697,65,66,0.9848484848484849,11.460351201802812,14.296850199800197,1.0,False,pysr,True,3,True,pysr>imcts>udsr>dso>llmsr>drsr>gplearn>ragsr>qlattice>tpsr>e2esr>pyoperon
broad_stress_grid,0.20125,0.37375,0.186875,0.186875,0.575,0.35,0.9910296208045148,1.0,1.0,66,66,1.0,9.870039823532982,12.267050480075476,0.0,True,pysr,True,3,True,pysr>imcts>udsr>dso>llmsr>drsr>gplearn>qlattice>ragsr>tpsr>e2esr>pyoperon
broad_stress_grid,0.23,0.345,0.1725,0.1725,0.575,0.4,0.9940260513262235,1.0,1.0,66,66,1.0,8.279728445263151,10.237250760350758,0.0,True,pysr,True,3,True,pysr>imcts>udsr>dso>llmsr>drsr>gplearn>qlattice>ragsr>tpsr>e2esr>pyoperon
broad_stress_grid,0.25875,0.31625,0.158125,0.158125,0.575,0.45,0.9963400035034814,1.0,1.0,66,66,1.0,6.689417066993323,8.207451040626037,0.0,True,pysr,True,3,True,pysr>imcts>udsr>dso>llmsr>drsr>gplearn>qlattice>ragsr>tpsr>e2esr>pyoperon
broad_stress_grid,0.2875,0.2875,0.14375,0.14375,0.575,0.5,0.9980340260217113,1.0,1.0,66,66,1.0,5.099105688723491,6.177651320901319,0.0,True,pysr,True,3,True,pysr>imcts>udsr>dso>llmsr>drsr>gplearn>qlattice>ragsr>tpsr>e2esr>pyoperon
broad_stress_grid,0.31625,0.25875,0.129375,0.129375,0.575,0.55,0.9991671969126932,1.0,1.0,66,66,1.0,3.508794310453662,4.147851601176598,0.0,True,pysr,True,3,True,pysr>imcts>udsr>dso>llmsr>drsr>gplearn>qlattice>ragsr>tpsr>e2esr>pyoperon
broad_stress_grid,0.345,0.23,0.115,0.115,0.575,0.6,0.9997949222397352,1.0,1.0,66,66,1.0,1.9184829321838326,2.2260575424575393,0.0,True,pysr,True,3,True,pysr>imcts>udsr>dso>llmsr>drsr>gplearn>qlattice>ragsr>tpsr>e2esr>pyoperon
broad_stress_grid,0.37375,0.20125,0.100625,0.100625,0.575,0.65,0.9999688428350733,1.0,1.0,66,66,1.0,0.32817155391400227,0.5178795345834288,0.0,True,pysr,True,3,True,pysr>imcts>udsr>dso>llmsr>drsr>gplearn>qlattice>ragsr>tpsr>e2esr>pyoperon
broad_stress_grid,0.4025,0.1725,0.08625,0.08625,0.575,0.7,0.9997368281254775,1.0,1.0,66,66,1.0,1.2621398243558264,1.9415475579975592,0.0,True,pysr,True,3,True,pysr>imcts>udsr>dso>llmsr>drsr>gplearn>qlattice>ragsr>tpsr>e2esr>pyoperon
broad_stress_grid,0.43125,0.14375,0.071875,0.071875,0.575,0.75,0.9991430381914987,0.993006993006993,0.9696969696969697,65,66,0.9848484848484849,2.8524512026256583,3.9713472777222805,1.0,False,pysr,True,3,True,pysr>imcts>udsr>dso>llmsr>drsr>gplearn>qlattice>tpsr>ragsr>e2esr>pyoperon
broad_stress_grid,0.46,0.115,0.0575,0.0575,0.575,0.8,0.9982280375666401,0.986013986013986,0.9393939393939394,64,66,0.9696969696969697,4.44276258089549,6.001146997447002,1.0,False,pysr,True,3,True,pysr>imcts>udsr>dso>llmsr>drsr>gplearn>qlattice>tpsr>ragsr>pyoperon>e2esr
broad_stress_grid,0.48875,0.08625,0.043125,0.043125,0.575,0.85,0.9970289466932758,0.986013986013986,0.9393939393939394,64,66,0.9696969696969697,6.033073959165316,8.030946717171718,1.0,False,pysr,True,3,True,pysr>imcts>udsr>dso>llmsr>drsr>gplearn>qlattice>tpsr>ragsr>pyoperon>e2esr
broad_stress_grid,0.5175,0.0575,0.02875,0.02875,0.575,0.9,0.9955796192731431,0.986013986013986,0.9393939393939394,64,66,0.9696969696969697,7.623385337435148,10.06074643689644,1.0,False,pysr,True,3,True,pysr>imcts>udsr>dso>llmsr>drsr>gplearn>qlattice>tpsr>ragsr>pyoperon>e2esr
broad_stress_grid,0.54625,0.02875,0.014375,0.014375,0.575,0.95,0.9939108358933797,0.986013986013986,0.9393939393939394,64,66,0.9696969696969697,9.213696715704977,12.090546156621157,1.0,False,pysr,True,3,True,pysr>imcts>udsr>dso>llmsr>drsr>gplearn>qlattice>tpsr>ragsr>pyoperon>e2esr
broad_stress_grid,0.575,0.0,0.0,0.0,0.575,1.0,0.9920505062255033,0.986013986013986,0.9393939393939394,64,66,0.9696969696969697,10.804008093974806,14.120345876345878,1.0,False,pysr,True,3,True,pysr>imcts>udsr>dso>llmsr>drsr>gplearn>qlattice>tpsr>ragsr>pyoperon>e2esr
broad_stress_grid,0.0,0.6,0.3,0.3,0.6,0.0,0.9366445686152093,0.8811188811188811,0.6666666666666666,55,66,0.8333333333333334,22.471441457768776,28.24069175269175,3.0,False,udsr,False,3,True,udsr>imcts>pysr>drsr>llmsr>dso>ragsr>tpsr>qlattice>gplearn>e2esr>pyoperon
broad_stress_grid,0.03,0.57,0.285,0.285,0.6,0.05,0.9477229603405926,0.9020979020979021,0.7272727272727273,57,66,0.8636363636363636,20.811986106530693,26.122639871239866,3.0,False,udsr,False,3,True,udsr>imcts>pysr>drsr>dso>llmsr>ragsr>qlattice>tpsr>gplearn>e2esr>pyoperon
broad_stress_grid,0.06,0.54,0.27,0.27,0.6,0.1,0.9574850429073447,0.9370629370629371,0.7878787878787878,59,66,0.8939393939393939,19.152530755292613,24.00458798978799,2.0,False,udsr,False,3,True,udsr>imcts>pysr>dso>drsr>llmsr>ragsr>qlattice>gplearn>tpsr>e2esr>pyoperon
broad_stress_grid,0.09,0.51,0.255,0.255,0.6,0.15,0.9660034767565557,0.9440559440559441,0.8181818181818182,60,66,0.9090909090909091,17.49307540405453,21.886536108336106,2.0,False,udsr,False,3,True,udsr>imcts>pysr>dso>drsr>llmsr>ragsr>gplearn>qlattice>tpsr>e2esr>pyoperon
broad_stress_grid,0.12,0.48,0.24,0.24,0.6,0.2,0.9733555429741373,0.972027972027972,0.9090909090909091,63,66,0.9545454545454546,15.833620052816444,19.768484226884222,2.0,False,pysr,True,3,True,pysr>imcts>udsr>dso>drsr>llmsr>ragsr>gplearn>qlattice>tpsr>e2esr>pyoperon
broad_stress_grid,0.15,0.45,0.225,0.225,0.6,0.25,0.9796211259392146,0.9790209790209791,0.9393939393939394,64,66,0.9696969696969697,14.17416470157836,17.65043234543234,2.0,False,pysr,True,3,True,pysr>imcts>udsr>dso>llmsr>drsr>ragsr>gplearn>qlattice>tpsr>e2esr>pyoperon
broad_stress_grid,0.18,0.42,0.21,0.21,0.6,0.3,0.9848809620779999,0.993006993006993,0.9696969696969697,65,66,0.9848484848484849,12.514709350340278,15.532380463980463,1.0,False,pysr,True,3,True,pysr>imcts>udsr>dso>llmsr>drsr>gplearn>ragsr>qlattice>tpsr>e2esr>pyoperon
broad_stress_grid,0.21,0.39,0.195,0.195,0.6,0.35,0.9892151688350934,1.0,1.0,66,66,1.0,10.855253999102196,13.414328582528583,0.0,True,pysr,True,3,True,pysr>imcts>udsr>dso>llmsr>drsr>gplearn>qlattice>ragsr>tpsr>e2esr>pyoperon
broad_stress_grid,0.24,0.36,0.18,0.18,0.6,0.4,0.9927020508840896,1.0,1.0,66,66,1.0,9.19579864786411,11.2962767010767,0.0,True,pysr,True,3,True,pysr>imcts>udsr>dso>llmsr>drsr>gplearn>qlattice>ragsr>tpsr>e2esr>pyoperon
broad_stress_grid,0.27,0.33,0.165,0.165,0.6,0.45,0.9954171680121915,1.0,1.0,66,66,1.0,7.53634329662603,9.17822481962482,0.0,True,pysr,True,3,True,pysr>imcts>udsr>dso>llmsr>drsr>gplearn>qlattice>ragsr>tpsr>e2esr>pyoperon
broad_stress_grid,0.3,0.3,0.15,0.15,0.6,0.5,0.997432640728298,1.0,1.0,66,66,1.0,5.876887945387945,7.060172938172936,0.0,True,pysr,True,3,True,pysr>imcts>udsr>dso>llmsr>drsr>gplearn>qlattice>ragsr>tpsr>e2esr>pyoperon
broad_stress_grid,0.33,0.27,0.135,0.135,0.6,0.55,0.9988166648708496,1.0,1.0,66,66,1.0,4.217432594149859,4.942121056721053,0.0,True,pysr,True,3,True,pysr>imcts>udsr>dso>llmsr>drsr>gplearn>qlattice>ragsr>tpsr>e2esr>pyoperon
broad_stress_grid,0.36,0.24,0.12,0.12,0.6,0.6,0.9996332046106106,1.0,1.0,66,66,1.0,2.5579772429117775,2.9680767232767202,0.0,True,pysr,True,3,True,pysr>imcts>udsr>dso>llmsr>drsr>gplearn>qlattice>ragsr>tpsr>e2esr>pyoperon
broad_stress_grid,0.39,0.21,0.105,0.105,0.6,0.65,0.9999418335217136,1.0,1.0,66,66,1.0,0.8985218916736941,1.116706098700682,0.0,True,pysr,True,3,True,pysr>imcts>udsr>dso>llmsr>drsr>gplearn>qlattice>ragsr>tpsr>e2esr>pyoperon
broad_stress_grid,0.42,0.18,0.09,0.09,0.6,0.7,0.9997976951623238,1.0,1.0,66,66,1.0,0.760933459564388,1.4120345876345883,0.0,True,pysr,True,3,True,pysr>imcts>udsr>dso>llmsr>drsr>gplearn>qlattice>ragsr>tpsr>e2esr>pyoperon
broad_stress_grid,0.45,0.15,0.075,0.075,0.6,0.75,0.999251557298713,0.993006993006993,0.9696969696969697,65,66,0.9848484848484849,2.4203888108024727,3.53008646908647,1.0,False,pysr,True,3,True,pysr>imcts>udsr>dso>llmsr>drsr>gplearn>qlattice>tpsr>ragsr>e2esr>pyoperon
broad_stress_grid,0.48,0.12,0.06,0.06,0.6,0.8,0.9983499370763886,0.986013986013986,0.9393939393939394,64,66,0.9696969696969697,4.079844162040558,5.648138350538353,1.0,False,pysr,True,3,True,pysr>imcts>udsr>dso>llmsr>drsr>gplearn>qlattice>tpsr>ragsr>pyoperon>e2esr
broad_stress_grid,0.51,0.09,0.045,0.045,0.6,0.85,0.9971352777570355,0.986013986013986,0.9393939393939394,64,66,0.9696969696969697,5.739299513278639,7.766190231990232,1.0,False,pysr,True,3,True,pysr>imcts>udsr>dso>llmsr>drsr>gplearn>qlattice>tpsr>ragsr>pyoperon>e2esr
broad_stress_grid,0.54,0.06,0.03,0.03,0.6,0.9,0.9956461608697462,0.986013986013986,0.9393939393939394,64,66,0.9696969696969697,7.398754864516724,9.884242113442117,1.0,False,pysr,True,3,True,pysr>imcts>udsr>dso>llmsr>drsr>gplearn>qlattice>tpsr>ragsr>pyoperon>e2esr
broad_stress_grid,0.57,0.03,0.015,0.015,0.6,0.95,0.9939175406220172,0.986013986013986,0.9393939393939394,64,66,0.9696969696969697,9.058210215754805,12.002293994893995,1.0,False,pysr,True,3,True,pysr>imcts>udsr>dso>llmsr>drsr>gplearn>qlattice>tpsr>ragsr>pyoperon>e2esr
broad_stress_grid,0.6,0.0,0.0,0.0,0.6,1.0,0.9919809900975558,0.986013986013986,0.9393939393939394,64,66,0.9696969696969697,10.71766556699289,14.120345876345878,1.0,False,pysr,True,3,True,pysr>imcts>udsr>dso>llmsr>drsr>gplearn>qlattice>tpsr>ragsr>pyoperon>e2esr
broad_stress_grid,0.0,0.625,0.3125,0.3125,0.625,0.0,0.9273424051100249,0.8811188811188811,0.6666666666666666,55,66,0.8333333333333334,23.940663444115764,30.005734987234984,3.0,False,udsr,False,3,True,udsr>imcts>pysr>drsr>llmsr>dso>ragsr>tpsr>qlattice>gplearn>e2esr>pyoperon
broad_stress_grid,0.03125,0.59375,0.296875,0.296875,0.625,0.05,0.939901251123472,0.8811188811188811,0.6666666666666666,55,66,0.8333333333333334,22.212064119909428,27.799430944055946,3.0,False,udsr,False,3,True,udsr>imcts>pysr>drsr>llmsr>dso>ragsr>tpsr>qlattice>gplearn>e2esr>pyoperon
broad_stress_grid,0.0625,0.5625,0.28125,0.28125,0.625,0.1,0.95098776888028,0.916083916083916,0.7575757575757576,58,66,0.8787878787878788,20.483464795703092,25.5931269008769,3.0,False,udsr,False,3,True,udsr>imcts>pysr>dso>drsr>llmsr>ragsr>qlattice>tpsr>gplearn>e2esr>pyoperon
broad_stress_grid,0.09375,0.53125,0.265625,0.265625,0.625,0.15,0.9606783235124362,0.9440559440559441,0.8181818181818182,60,66,0.9090909090909091,18.754865471496753,23.386822857697855,2.0,False,udsr,False,3,True,udsr>imcts>pysr>dso>drsr>llmsr>ragsr>gplearn>qlattice>tpsr>e2esr>pyoperon
broad_stress_grid,0.125,0.5,0.25,0.25,0.625,0.2,0.9690564115146415,0.965034965034965,0.8787878787878788,62,66,0.9393939393939394,17.026266147290418,21.18051881451881,2.0,False,imcts,False,3,True,imcts>pysr>udsr>dso>drsr>llmsr>ragsr>gplearn>qlattice>tpsr>e2esr>pyoperon
broad_stress_grid,0.15625,0.46875,0.234375,0.234375,0.625,0.25,0.9762100303507265,0.9790209790209791,0.9393939393939394,64,66,0.9696969696969697,15.29766682308408,18.97421477133977,2.0,False,pysr,True,3,True,pysr>imcts>udsr>dso>llmsr>drsr>ragsr>gplearn>qlattice>tpsr>e2esr>pyoperon
broad_stress_grid,0.1875,0.4375,0.21875,0.21875,0.625,0.3,0.9822293569805683,0.993006993006993,0.9696969696969697,65,66,0.9848484848484849,13.569067498877743,16.767910728160725,1.0,False,pysr,True,3,True,pysr>imcts>udsr>dso>llmsr>drsr>gplearn>ragsr>qlattice>tpsr>e2esr>pyoperon
broad_stress_grid,0.21875,0.40625,0.203125,0.203125,0.625,0.35,0.98720477053225,0.993006993006993,0.9696969696969697,65,66,0.9848484848484849,11.840468174671408,14.561606684981683,1.0,False,pysr,True,3,True,pysr>imcts>udsr>dso>llmsr>drsr>gplearn>ragsr>qlattice>tpsr>e2esr>pyoperon
broad_stress_grid,0.25,0.375,0.1875,0.1875,0.625,0.4,0.9912252275757732,1.0,1.0,66,66,1.0,10.11186885046507,12.355302641802641,0.0,True,pysr,True,3,True,pysr>imcts>udsr>dso>llmsr>drsr>gplearn>qlattice>ragsr>tpsr>e2esr>pyoperon
broad_stress_grid,0.28125,0.34375,0.171875,0.171875,0.625,0.45,0.9943769779656588,1.0,1.0,66,66,1.0,8.383269526258733,10.148998598623596,0.0,True,pysr,True,3,True,pysr>imcts>udsr>dso>llmsr>drsr>gplearn>qlattice>ragsr>tpsr>e2esr>pyoperon
broad_stress_grid,0.3125,0.3125,0.15625,0.15625,0.625,0.5,0.9967425949346778,1.0,1.0,66,66,1.0,6.654670202052396,7.942694555444554,0.0,True,pysr,True,3,True,pysr>imcts>udsr>dso>llmsr>drsr>gplearn>qlattice>ragsr>tpsr>e2esr>pyoperon
broad_stress_grid,0.34375,0.28125,0.140625,0.140625,0.625,0.55,0.9984002843723624,1.0,1.0,66,66,1.0,4.926070877846059,5.751814185814183,0.0,True,pysr,True,3,True,pysr>imcts>udsr>dso>llmsr>drsr>gplearn>qlattice>ragsr>tpsr>e2esr>pyoperon
broad_stress_grid,0.375,0.25,0.125,0.125,0.625,0.6,0.9994234340284778,1.0,1.0,66,66,1.0,3.1974715536397222,3.710095904095901,0.0,True,pysr,True,3,True,pysr>imcts>udsr>dso>llmsr>drsr>gplearn>qlattice>ragsr>tpsr>e2esr>pyoperon
broad_stress_grid,0.40625,0.21875,0.109375,0.109375,0.625,0.65,0.9998803626656008,1.0,1.0,66,66,1.0,1.4688722294333847,1.7155326628179353,0.0,True,pysr,True,3,True,pysr>imcts>udsr>dso>llmsr>drsr>gplearn>qlattice>ragsr>tpsr>e2esr>pyoperon
broad_stress_grid,0.4375,0.1875,0.09375,0.09375,0.625,0.7,0.9998342309211438,0.993006993006993,0.9696969696969697,65,66,0.9848484848484849,0.37217444956518175,0.8825216172716175,1.0,False,pysr,True,3,True,pysr>imcts>udsr>dso>llmsr>drsr>gplearn>qlattice>tpsr>ragsr>e2esr>pyoperon
broad_stress_grid,0.46875,0.15625,0.078125,0.078125,0.625,0.75,0.9993430789406695,0.993006993006993,0.9696969696969697,65,66,0.9848484848484849,1.9883264189792886,3.088825660450663,1.0,False,pysr,True,3,True,pysr>imcts>udsr>dso>llmsr>drsr>gplearn>qlattice>tpsr>ragsr>e2esr>pyoperon
broad_stress_grid,0.5,0.125,0.0625,0.0625,0.625,0.8,0.9984599599994068,0.986013986013986,0.9393939393939394,64,66,0.9696969696969697,3.716925743185627,5.295129703629707,1.0,False,pysr,True,3,True,pysr>imcts>udsr>dso>llmsr>drsr>gplearn>qlattice>tpsr>ragsr>pyoperon>e2esr
broad_stress_grid,0.53125,0.09375,0.046875,0.046875,0.625,0.85,0.9972331438036918,0.986013986013986,0.9393939393939394,64,66,0.9696969696969697,5.445525067391961,7.501433746808747,1.0,False,pysr,True,3,True,pysr>imcts>udsr>dso>llmsr>drsr>gplearn>qlattice>tpsr>ragsr>pyoperon>e2esr
broad_stress_grid,0.5625,0.0625,0.03125,0.03125,0.625,0.9,0.9957063675852764,0.986013986013986,0.9393939393939394,64,66,0.9696969696969697,7.1741243915982995,9.707737789987792,1.0,False,pysr,True,3,True,pysr>imcts>udsr>dso>llmsr>drsr>gplearn>qlattice>tpsr>ragsr>pyoperon>e2esr
broad_stress_grid,0.59375,0.03125,0.015625,0.015625,0.625,0.95,0.993919117229124,0.986013986013986,0.9393939393939394,64,66,0.9696969696969697,8.902723715804635,11.914041833166833,1.0,False,pysr,True,3,True,pysr>imcts>udsr>dso>llmsr>drsr>gplearn>qlattice>tpsr>ragsr>pyoperon>e2esr
broad_stress_grid,0.625,0.0,0.0,0.0,0.625,1.0,0.9919069243731647,0.986013986013986,0.9393939393939394,64,66,0.9696969696969697,10.631323040010974,14.120345876345878,1.0,False,pysr,True,3,True,pysr>imcts>udsr>dso>llmsr>drsr>gplearn>qlattice>tpsr>ragsr>pyoperon>e2esr
broad_stress_grid,0.0,0.65,0.325,0.325,0.65,0.0,0.9172745745764962,0.8811188811188811,0.6666666666666666,55,66,0.8333333333333334,25.40988543046275,31.77077822177822,3.0,False,udsr,False,3,True,udsr>imcts>pysr>drsr>llmsr>dso>ragsr>tpsr>qlattice>gplearn>e2esr>pyoperon
broad_stress_grid,0.0325,0.6175,0.30875,0.30875,0.65,0.05,0.9314182781018592,0.8811188811188811,0.6666666666666666,55,66,0.8333333333333334,23.61214213328816,29.47622201687201,3.0,False,udsr,False,3,True,udsr>imcts>pysr>drsr>llmsr>dso>ragsr>tpsr>qlattice>gplearn>e2esr>pyoperon
broad_stress_grid,0.065,0.585,0.2925,0.2925,0.65,0.1,0.9439278246014051,0.8881118881118881,0.696969696969697,56,66,0.8484848484848485,21.814398836113575,27.181665811965818,3.0,False,udsr,False,3,True,udsr>imcts>pysr>drsr>dso>llmsr>ragsr>tpsr>qlattice>gplearn>e2esr>pyoperon
broad_stress_grid,0.0975,0.5525,0.27625,0.27625,0.65,0.15,0.9548813245046944,0.916083916083916,0.7575757575757576,58,66,0.8787878787878788,20.016655538938977,24.887109607059603,3.0,False,udsr,False,3,True,udsr>imcts>pysr>dso>drsr>llmsr>ragsr>qlattice>tpsr>gplearn>e2esr>pyoperon
broad_stress_grid,0.13,0.52,0.26,0.26,0.65,0.2,0.9643672732202595,0.9440559440559441,0.8181818181818182,60,66,0.9090909090909091,18.218912241764393,22.592553402153403,2.0,False,udsr,False,3,True,udsr>imcts>pysr>dso>drsr>llmsr>ragsr>gplearn>qlattice>tpsr>e2esr>pyoperon
broad_stress_grid,0.1625,0.4875,0.24375,0.24375,0.65,0.25,0.9724812004564957,0.972027972027972,0.9090909090909091,63,66,0.9545454545454546,16.4211689445898,20.297997197247195,2.0,False,pysr,True,3,True,pysr>imcts>udsr>dso>drsr>llmsr>ragsr>gplearn>qlattice>tpsr>e2esr>pyoperon
broad_stress_grid,0.195,0.455,0.2275,0.2275,0.65,0.3,0.979322657231786,0.993006993006993,0.9696969696969697,65,66,0.9848484848484849,14.623425647415207,18.003440992340987,1.0,False,pysr,True,3,True,pysr>imcts>udsr>dso>llmsr>drsr>gplearn>ragsr>qlattice>tpsr>e2esr>pyoperon
broad_stress_grid,0.2275,0.4225,0.21125,0.21125,0.65,0.35,0.9849926101149531,0.993006993006993,0.9696969696969697,65,66,0.9848484848484849,12.825682350240623,15.70888478743479,1.0,False,pysr,True,3,True,pysr>imcts>udsr>dso>llmsr>drsr>gplearn>ragsr>qlattice>tpsr>e2esr>pyoperon
broad_stress_grid,0.26,0.39,0.195,0.195,0.65,0.4,0.9895912720045662,1.0,1.0,66,66,1.0,11.02793905306603,13.414328582528583,0.0,True,pysr,True,3,True,pysr>imcts>udsr>dso>llmsr>drsr>gplearn>qlattice>ragsr>tpsr>e2esr>pyoperon
broad_stress_grid,0.2925,0.3575,0.17875,0.17875,0.65,0.45,0.9932163667539474,1.0,1.0,66,66,1.0,9.23019575589144,11.119772377622379,0.0,True,pysr,True,3,True,pysr>imcts>udsr>dso>llmsr>drsr>gplearn>qlattice>ragsr>tpsr>e2esr>pyoperon
broad_stress_grid,0.325,0.325,0.1625,0.1625,0.65,0.5,0.9959618017219464,1.0,1.0,66,66,1.0,7.432452458716849,8.825216172716171,0.0,True,pysr,True,3,True,pysr>imcts>udsr>dso>llmsr>drsr>gplearn>qlattice>ragsr>tpsr>e2esr>pyoperon
broad_stress_grid,0.3575,0.2925,0.14625,0.14625,0.65,0.55,0.9979167073008874,1.0,1.0,66,66,1.0,5.634709161542256,6.5755020979020955,0.0,True,pysr,True,3,True,pysr>imcts>udsr>dso>llmsr>drsr>gplearn>qlattice>ragsr>tpsr>e2esr>pyoperon
broad_stress_grid,0.39,0.26,0.13,0.13,0.65,0.6,0.99916479440341,1.0,1.0,66,66,1.0,3.836965864367668,4.452115084915086,0.0,True,pysr,True,3,True,pysr>imcts>udsr>dso>llmsr>drsr>gplearn>qlattice>ragsr>tpsr>e2esr>pyoperon
broad_stress_grid,0.4225,0.2275,0.11375,0.11375,0.65,0.65,0.9997839782610559,1.0,1.0,66,66,1.0,2.039222567193075,2.37664513345608,0.0,True,pysr,True,3,True,pysr>imcts>udsr>dso>llmsr>drsr>gplearn>qlattice>ragsr>tpsr>e2esr>pyoperon
broad_stress_grid,0.455,0.195,0.0975,0.0975,0.65,0.7,0.9998462181780369,0.993006993006993,0.9696969696969697,65,66,0.9848484848484849,0.3499786669178843,0.7750283768944897,1.0,False,pysr,True,3,True,pysr>imcts>udsr>dso>llmsr>drsr>gplearn>qlattice>tpsr>ragsr>e2esr>pyoperon
broad_stress_grid,0.4875,0.1625,0.08125,0.08125,0.65,0.75,0.9994175267387367,0.993006993006993,0.9696969696969697,65,66,0.9848484848484849,1.5562640271561035,2.6475648518148525,1.0,False,pysr,True,3,True,pysr>imcts>udsr>dso>llmsr>drsr>gplearn>qlattice>tpsr>ragsr>e2esr>pyoperon
broad_stress_grid,0.52,0.13,0.065,0.065,0.65,0.8,0.9985581072805583,0.986013986013986,0.9393939393939394,64,66,0.9696969696969697,3.3540073243306967,4.94212105672106,1.0,False,pysr,True,3,True,pysr>imcts>udsr>dso>llmsr>drsr>gplearn>qlattice>tpsr>ragsr>pyoperon>e2esr
broad_stress_grid,0.5525,0.0975,0.04875,0.04875,0.65,0.85,0.9973225843755846,0.986013986013986,0.9393939393939394,64,66,0.9696969696969697,5.151750621505284,7.236677261627262,1.0,False,pysr,True,3,True,pysr>imcts>udsr>dso>llmsr>drsr>gplearn>qlattice>tpsr>ragsr>pyoperon>e2esr
broad_stress_grid,0.585,0.065,0.0325,0.0325,0.65,0.9,0.9957602980240938,0.986013986013986,0.9393939393939394,64,66,0.9696969696969697,6.949493918679876,9.531233466533468,1.0,False,pysr,True,3,True,pysr>imcts>udsr>dso>llmsr>drsr>gplearn>qlattice>tpsr>ragsr>pyoperon>e2esr
broad_stress_grid,0.6175,0.0325,0.01625,0.01625,0.65,0.95,0.9939156378677693,0.986013986013986,0.9393939393939394,64,66,0.9696969696969697,8.747237215854463,11.82578967143967,1.0,False,pysr,True,3,True,pysr>imcts>udsr>dso>llmsr>drsr>gplearn>qlattice>tpsr>ragsr>pyoperon>e2esr
broad_stress_grid,0.65,0.0,0.0,0.0,0.65,1.0,0.9918283987612458,0.965034965034965,0.9090909090909091,63,66,0.9545454545454546,10.544980513029056,14.120345876345878,2.0,False,pysr,True,3,True,pysr>imcts>udsr>dso>llmsr>drsr>gplearn>qlattice>tpsr>pyoperon>ragsr>e2esr
broad_stress_grid,0.0,0.675,0.3375,0.3375,0.675,0.0,0.9064327008230576,0.8811188811188811,0.6666666666666666,55,66,0.8333333333333334,26.87910741680974,33.53582145632146,3.0,False,udsr,False,3,True,udsr>imcts>pysr>drsr>llmsr>dso>ragsr>tpsr>qlattice>gplearn>e2esr>pyoperon
broad_stress_grid,0.03375,0.64125,0.320625,0.320625,0.675,0.05,0.9222628329210617,0.8811188811188811,0.6666666666666666,55,66,0.8333333333333334,25.012220146666895,31.15301308968809,3.0,False,udsr,False,3,True,udsr>imcts>pysr>drsr>llmsr>dso>ragsr>tpsr>qlattice>gplearn>e2esr>pyoperon
broad_stress_grid,0.0675,0.6075,0.30375,0.30375,0.675,0.1,0.9362930759011002,0.8811188811188811,0.6666666666666666,55,66,0.8333333333333334,23.14533287652405,28.77020472305472,3.0,False,udsr,False,3,True,udsr>imcts>pysr>drsr>llmsr>dso>ragsr>tpsr>qlattice>gplearn>e2esr>pyoperon
broad_stress_grid,0.10125,0.57375,0.286875,0.286875,0.675,0.15,0.9486007186663924,0.9020979020979021,0.7272727272727273,57,66,0.8636363636363636,21.278445606381204,26.387396356421352,3.0,False,udsr,False,3,True,udsr>imcts>pysr>dso>drsr>llmsr>ragsr>tpsr>qlattice>gplearn>e2esr>pyoperon
broad_stress_grid,0.135,0.54,0.27,0.27,0.675,0.2,0.9592775357898466,0.9370629370629371,0.7878787878787878,59,66,0.8939393939393939,19.411558336238365,24.00458798978799,2.0,False,udsr,False,3,True,udsr>imcts>pysr>dso>drsr>llmsr>ragsr>qlattice>gplearn>tpsr>e2esr>pyoperon
broad_stress_grid,0.16875,0.50625,0.253125,0.253125,0.675,0.25,0.9684256175763337,0.965034965034965,0.8787878787878788,62,66,0.9393939393939394,17.544671066095525,21.621779623154627,2.0,False,imcts,False,3,True,imcts>pysr>udsr>dso>drsr>llmsr>ragsr>gplearn>qlattice>tpsr>e2esr>pyoperon
broad_stress_grid,0.2025,0.4725,0.23625,0.23625,0.675,0.3,0.9761535392821693,0.972027972027972,0.9090909090909091,63,66,0.9545454545454546,15.677783795952672,19.23897125652125,2.0,False,pysr,True,3,True,pysr>imcts>udsr>dso>drsr>llmsr>ragsr>gplearn>qlattice>tpsr>e2esr>pyoperon
broad_stress_grid,0.23625,0.43875,0.219375,0.219375,0.675,0.35,0.9825729914457972,0.993006993006993,0.9696969696969697,65,66,0.9848484848484849,13.810896525809833,16.856162889887887,1.0,False,pysr,True,3,True,pysr>imcts>udsr>dso>llmsr>drsr>gplearn>ragsr>qlattice>tpsr>e2esr>pyoperon
broad_stress_grid,0.27,0.405,0.2025,0.2025,0.675,0.4,0.9877959351706327,1.0,1.0,66,66,1.0,11.944009255666987,14.473354523254525,0.0,True,pysr,True,3,True,pysr>imcts>udsr>dso>llmsr>drsr>gplearn>qlattice>ragsr>tpsr>e2esr>pyoperon
broad_stress_grid,0.30375,0.37125,0.185625,0.185625,0.675,0.45,0.9919322980635376,1.0,1.0,66,66,1.0,10.077121985524148,12.090546156621162,0.0,True,pysr,True,3,True,pysr>imcts>udsr>dso>llmsr>drsr>gplearn>qlattice>ragsr>tpsr>e2esr>pyoperon
broad_stress_grid,0.3375,0.3375,0.16875,0.16875,0.675,0.5,0.9950881902382022,1.0,1.0,66,66,1.0,8.2102347153813,9.707737789987789,0.0,True,pysr,True,3,True,pysr>imcts>udsr>dso>llmsr>drsr>gplearn>qlattice>ragsr>tpsr>e2esr>pyoperon
broad_stress_grid,0.37125,0.30375,0.151875,0.151875,0.675,0.55,0.997364595220562,1.0,1.0,66,66,1.0,6.343347445238453,7.399190009990008,0.0,True,pysr,True,3,True,pysr>imcts>udsr>dso>llmsr>drsr>gplearn>qlattice>ragsr>tpsr>e2esr>pyoperon
broad_stress_grid,0.405,0.27,0.135,0.135,0.675,0.6,0.9988564763432952,1.0,1.0,66,66,1.0,4.476460175095612,5.194134265734267,0.0,True,pysr,True,3,True,pysr>imcts>udsr>dso>llmsr>drsr>gplearn>qlattice>ragsr>tpsr>e2esr>pyoperon
broad_stress_grid,0.43875,0.23625,0.118125,0.118125,0.675,0.65,0.9996522332514418,1.0,1.0,66,66,1.0,2.609572904952767,3.038744420897636,0.0,True,pysr,True,3,True,pysr>imcts>udsr>dso>llmsr>drsr>gplearn>qlattice>ragsr>tpsr>e2esr>pyoperon
broad_stress_grid,0.4725,0.2025,0.10125,0.10125,0.675,0.7,0.9998334432755602,0.993006993006993,0.9696969696969697,65,66,0.9848484848484849,0.742685634809925,1.1870755780651976,1.0,False,pysr,True,3,True,pysr>imcts>udsr>dso>llmsr>drsr>gplearn>qlattice>tpsr>ragsr>e2esr>pyoperon
broad_stress_grid,0.50625,0.16875,0.084375,0.084375,0.675,0.75,0.9994748266453871,0.993006993006993,0.9696969696969697,65,66,0.9848484848484849,1.137385332359907,2.2063040431790437,1.0,False,pysr,True,3,True,pysr>imcts>udsr>dso>llmsr>drsr>gplearn>qlattice>tpsr>ragsr>e2esr>pyoperon
broad_stress_grid,0.54,0.135,0.0675,0.0675,0.675,0.8,0.9986443811335423,0.986013986013986,0.9393939393939394,64,66,0.9696969696969697,2.991088905475765,4.589112409812412,1.0,False,pysr,True,3,True,pysr>imcts>udsr>dso>llmsr>drsr>gplearn>qlattice>tpsr>ragsr>pyoperon>e2esr
broad_stress_grid,0.57375,0.10125,0.050625,0.050625,0.675,0.85,0.997403639443944,0.986013986013986,0.9393939393939394,64,66,0.9696969696969697,4.857976175618607,6.971920776445776,1.0,False,pysr,True,3,True,pysr>imcts>udsr>dso>llmsr>drsr>gplearn>qlattice>tpsr>ragsr>pyoperon>e2esr
broad_stress_grid,0.6075,0.0675,0.03375,0.03375,0.675,0.9,0.9958080105758597,0.986013986013986,0.9393939393939394,64,66,0.9696969696969697,6.724863445761452,9.354729143079144,1.0,False,pysr,True,3,True,pysr>imcts>udsr>dso>llmsr>drsr>gplearn>qlattice>tpsr>ragsr>pyoperon>e2esr
broad_stress_grid,0.64125,0.03375,0.016875,0.016875,0.675,0.95,0.9939071739047513,0.986013986013986,0.9393939393939394,64,66,0.9696969696969697,8.591750715904293,11.737537509712508,1.0,False,pysr,True,3,True,pysr>imcts>udsr>dso>llmsr>drsr>gplearn>qlattice>tpsr>ragsr>pyoperon>e2esr
broad_stress_grid,0.675,0.0,0.0,0.0,0.675,1.0,0.9917455014796501,0.965034965034965,0.9090909090909091,63,66,0.9545454545454546,10.458637986047139,14.120345876345878,2.0,False,pysr,True,3,True,pysr>imcts>udsr>dso>llmsr>drsr>gplearn>qlattice>tpsr>pyoperon>ragsr>e2esr
broad_stress_grid,0.0,0.7,0.35,0.35,0.7,0.0,0.8948130271038712,0.8811188811188811,0.6666666666666666,55,66,0.8333333333333334,28.348329403156722,35.300864690864685,3.0,False,udsr,False,3,True,udsr>imcts>pysr>drsr>llmsr>dso>ragsr>tpsr>qlattice>gplearn>e2esr>pyoperon
broad_stress_grid,0.035,0.665,0.3325,0.3325,0.7,0.05,0.9124269190904423,0.8811188811188811,0.6666666666666666,55,66,0.8333333333333334,26.412298160045623,32.82980416250416,3.0,False,udsr,False,3,True,udsr>imcts>pysr>drsr>llmsr>dso>ragsr>tpsr>qlattice>gplearn>e2esr>pyoperon
broad_stress_grid,0.07,0.63,0.315,0.315,0.7,0.1,0.9280735319142642,0.8811188811188811,0.6666666666666666,55,66,0.8333333333333334,24.47626691693453,30.358743634143632,3.0,False,udsr,False,3,True,udsr>imcts>pysr>drsr>llmsr>dso>ragsr>tpsr>qlattice>gplearn>e2esr>pyoperon
broad_stress_grid,0.105,0.595,0.2975,0.2975,0.7,0.15,0.9418261162067696,0.8811188811188811,0.6666666666666666,55,66,0.8333333333333334,22.54023567382343,27.8876831057831,3.0,False,udsr,False,3,True,udsr>imcts>pysr>drsr>llmsr>dso>ragsr>tpsr>qlattice>gplearn>e2esr>pyoperon
broad_stress_grid,0.14,0.56,0.28,0.28,0.7,0.2,0.9537774468005353,0.9020979020979021,0.7272727272727273,57,66,0.8636363636363636,20.604204430712333,25.41662257742257,3.0,False,udsr,False,3,True,udsr>imcts>pysr>dso>drsr>llmsr>ragsr>tpsr>qlattice>gplearn>e2esr>pyoperon
broad_stress_grid,0.175,0.525,0.2625,0.2625,0.7,0.25,0.9640347546274975,0.9440559440559441,0.8181818181818182,60,66,0.9090909090909091,18.668173187601234,22.945562049062037,2.0,False,udsr,False,3,True,udsr>imcts>pysr>dso>drsr>llmsr>ragsr>gplearn>qlattice>tpsr>e2esr>pyoperon
broad_stress_grid,0.21,0.49,0.245,0.245,0.7,0.3,0.9727149542584841,0.972027972027972,0.9090909090909091,63,66,0.9545454545454546,16.732141944490134,20.474501520701512,2.0,False,pysr,True,3,True,pysr>imcts>udsr>dso>drsr>llmsr>ragsr>gplearn>qlattice>tpsr>e2esr>pyoperon
broad_stress_grid,0.245,0.455,0.2275,0.2275,0.7,0.35,0.9799403651066891,0.993006993006993,0.9696969696969697,65,66,0.9848484848484849,14.79611070137904,18.003440992340987,1.0,False,pysr,True,3,True,pysr>imcts>udsr>dso>llmsr>drsr>gplearn>ragsr>qlattice>tpsr>e2esr>pyoperon
broad_stress_grid,0.28,0.42,0.21,0.21,0.7,0.4,0.9858350436323999,0.993006993006993,0.9696969696969697,65,66,0.9848484848484849,12.860079458267945,15.532380463980463,1.0,False,pysr,True,3,True,pysr>imcts>udsr>dso>llmsr>drsr>gplearn>ragsr>qlattice>tpsr>e2esr>pyoperon
broad_stress_grid,0.315,0.385,0.1925,0.1925,0.7,0.45,0.9905217739947375,1.0,1.0,66,66,1.0,10.924048215156848,13.061319935619935,0.0,True,pysr,True,3,True,pysr>imcts>udsr>dso>llmsr>drsr>gplearn>qlattice>ragsr>tpsr>e2esr>pyoperon
broad_stress_grid,0.35,0.35,0.175,0.175,0.7,0.5,0.9941197098479285,1.0,1.0,66,66,1.0,8.988016972045749,10.590259407259403,0.0,True,pysr,True,3,True,pysr>imcts>udsr>dso>llmsr>drsr>gplearn>qlattice>ragsr>tpsr>e2esr>pyoperon
broad_stress_grid,0.385,0.315,0.1575,0.1575,0.7,0.55,0.9967426213924928,1.0,1.0,66,66,1.0,7.0519857289346515,8.222877922077917,0.0,True,pysr,True,3,True,pysr>imcts>udsr>dso>llmsr>drsr>gplearn>qlattice>ragsr>tpsr>e2esr>pyoperon
broad_stress_grid,0.42,0.28,0.14,0.14,0.7,0.6,0.9984976780758484,1.0,1.0,66,66,1.0,5.115954485823555,5.936153446553444,0.0,True,pysr,True,3,True,pysr>imcts>udsr>dso>llmsr>drsr>gplearn>qlattice>ragsr>tpsr>e2esr>pyoperon
broad_stress_grid,0.455,0.245,0.1225,0.1225,0.7,0.65,0.9994846859161707,1.0,1.0,66,66,1.0,3.179923242712457,3.700843708339189,0.0,True,pysr,True,3,True,pysr>imcts>udsr>dso>llmsr>drsr>gplearn>qlattice>ragsr>tpsr>e2esr>pyoperon
broad_stress_grid,0.49,0.21,0.105,0.105,0.7,0.7,0.9997956962629675,0.993006993006993,0.9696969696969697,65,66,0.9848484848484849,1.2438919996013624,1.7219721342940346,1.0,False,pysr,True,3,True,pysr>imcts>udsr>dso>llmsr>drsr>gplearn>qlattice>tpsr>ragsr>e2esr>pyoperon
broad_stress_grid,0.525,0.175,0.0875,0.0875,0.7,0.75,0.9995149069800452,0.993006993006993,0.9696969696969697,65,66,0.9848484848484849,0.7804772825734662,1.7650432345432367,1.0,False,pysr,True,3,True,pysr>imcts>udsr>dso>llmsr>drsr>gplearn>qlattice>tpsr>ragsr>e2esr>pyoperon
broad_stress_grid,0.56,0.14,0.07,0.07,0.7,0.8,0.9987187850394861,0.986013986013986,0.9393939393939394,64,66,0.9696969696969697,2.628170486620836,4.236103762903767,1.0,False,pysr,True,3,True,pysr>imcts>udsr>dso>llmsr>drsr>gplearn>qlattice>tpsr>ragsr>pyoperon>e2esr
broad_stress_grid,0.595,0.105,0.0525,0.0525,0.7,0.85,0.9974763493997889,0.986013986013986,0.9393939393939394,64,66,0.9696969696969697,4.56420172973193,6.7071642912642915,1.0,False,pysr,True,3,True,pysr>imcts>udsr>dso>llmsr>drsr>gplearn>qlattice>tpsr>ragsr>pyoperon>e2esr
broad_stress_grid,0.63,0.07,0.035,0.035,0.7,0.9,0.9958495634106918,0.986013986013986,0.9393939393939394,64,66,0.9696969696969697,6.50023297284303,9.178224819624823,1.0,False,pysr,True,3,True,pysr>imcts>udsr>dso>llmsr>drsr>gplearn>qlattice>tpsr>ragsr>pyoperon>e2esr
broad_stress_grid,0.665,0.035,0.0175,0.0175,0.7,0.95,0.9938937959257186,0.986013986013986,0.9393939393939394,64,66,0.9696969696969697,8.436264215954123,11.649285347985348,1.0,False,pysr,True,3,True,pysr>imcts>udsr>dso>llmsr>drsr>gplearn>qlattice>tpsr>ragsr>pyoperon>e2esr
broad_stress_grid,0.7,0.0,0.0,0.0,0.7,1.0,0.9916583192774788,0.965034965034965,0.9090909090909091,63,66,0.9545454545454546,10.372295459065223,14.120345876345878,2.0,False,pysr,True,3,True,pysr>imcts>udsr>dso>llmsr>drsr>gplearn>qlattice>tpsr>pyoperon>ragsr>e2esr
broad_stress_grid,0.0,0.725,0.3625,0.3625,0.725,0.0,0.8824167483189648,0.8811188811188811,0.6666666666666666,55,66,0.8333333333333334,29.81755138950371,37.06590792540791,3.0,False,udsr,False,3,True,udsr>imcts>pysr>drsr>llmsr>dso>ragsr>tpsr>qlattice>gplearn>e2esr>pyoperon
broad_stress_grid,0.03625,0.68875,0.344375,0.344375,0.725,0.05,0.9019060451655686,0.8811188811188811,0.6666666666666666,55,66,0.8333333333333334,27.812376173424358,34.50659523532023,3.0,False,udsr,False,3,True,udsr>imcts>pysr>drsr>llmsr>dso>ragsr>tpsr>qlattice>gplearn>e2esr>pyoperon
broad_stress_grid,0.0725,0.6525,0.32625,0.32625,0.725,0.1,0.9192615783341085,0.8811188811188811,0.6666666666666666,55,66,0.8333333333333334,25.807200957345007,31.947282545232543,3.0,False,udsr,False,3,True,udsr>imcts>pysr>drsr>llmsr>dso>ragsr>tpsr>qlattice>gplearn>e2esr>pyoperon
broad_stress_grid,0.10875,0.61625,0.308125,0.308125,0.725,0.15,0.9345486702864715,0.8811188811188811,0.6666666666666666,55,66,0.8333333333333334,23.802025741265656,29.38796985514485,3.0,False,udsr,False,3,True,udsr>imcts>pysr>drsr>llmsr>dso>ragsr>tpsr>qlattice>gplearn>e2esr>pyoperon
broad_stress_grid,0.145,0.58,0.29,0.29,0.725,0.2,0.9478582121710996,0.9020979020979021,0.7272727272727273,57,66,0.8636363636363636,21.796850525186304,26.828657165057162,3.0,False,udsr,False,3,True,udsr>imcts>pysr>dso>drsr>llmsr>ragsr>tpsr>qlattice>gplearn>e2esr>pyoperon
broad_stress_grid,0.18125,0.54375,0.271875,0.271875,0.725,0.25,0.9593006533519396,0.9440559440559441,0.8181818181818182,60,66,0.9090909090909091,19.791675309106953,24.26934447496947,2.0,False,udsr,False,3,True,udsr>imcts>pysr>dso>drsr>llmsr>ragsr>gplearn>qlattice>tpsr>e2esr>pyoperon
broad_stress_grid,0.2175,0.5075,0.25375,0.25375,0.725,0.3,0.9690001757434463,0.972027972027972,0.9090909090909091,63,66,0.9545454545454546,17.786500093027602,21.71003178488178,2.0,False,pysr,True,3,True,pysr>imcts>udsr>dso>drsr>llmsr>ragsr>gplearn>qlattice>tpsr>e2esr>pyoperon
broad_stress_grid,0.25375,0.47125,0.235625,0.235625,0.725,0.35,0.9770893565292431,0.972027972027972,0.9090909090909091,63,66,0.9545454545454546,15.781324876948256,19.150719094794095,2.0,False,pysr,True,3,True,pysr>imcts>udsr>dso>drsr>llmsr>ragsr>gplearn>qlattice>tpsr>e2esr>pyoperon
broad_stress_grid,0.29,0.435,0.2175,0.2175,0.725,0.4,0.983704515289588,0.993006993006993,0.9696969696969697,65,66,0.9848484848484849,13.776149660868903,16.5914064047064,1.0,False,pysr,True,3,True,pysr>imcts>udsr>dso>llmsr>drsr>gplearn>ragsr>qlattice>tpsr>e2esr>pyoperon
broad_stress_grid,0.32625,0.39875,0.199375,0.199375,0.725,0.45,0.9889818435032983,1.0,1.0,66,66,1.0,11.770974444789553,14.032093714618714,0.0,True,pysr,True,3,True,pysr>imcts>udsr>dso>llmsr>drsr>gplearn>qlattice>ragsr>tpsr>e2esr>pyoperon
broad_stress_grid,0.3625,0.3625,0.18125,0.18125,0.725,0.5,0.9930543344310798,1.0,1.0,66,66,1.0,9.7657992287102,11.47278102453102,0.0,True,pysr,True,3,True,pysr>imcts>udsr>dso>llmsr>drsr>gplearn>qlattice>ragsr>tpsr>e2esr>pyoperon
broad_stress_grid,0.39875,0.32625,0.163125,0.163125,0.725,0.55,0.9960494728511868,1.0,1.0,66,66,1.0,7.760624012630851,9.046565834165833,0.0,True,pysr,True,3,True,pysr>imcts>udsr>dso>llmsr>drsr>gplearn>qlattice>ragsr>tpsr>e2esr>pyoperon
broad_stress_grid,0.435,0.29,0.145,0.145,0.725,0.6,0.9980876063901919,1.0,1.0,66,66,1.0,5.755448796551499,6.678172627372625,0.0,True,pysr,True,3,True,pysr>imcts>udsr>dso>llmsr>drsr>gplearn>qlattice>ragsr>tpsr>e2esr>pyoperon
broad_stress_grid,0.47125,0.25375,0.126875,0.126875,0.725,0.65,0.999280900261929,0.993006993006993,0.9696969696969697,65,66,0.9848484848484849,3.750273580472148,4.362942995780745,1.0,False,pysr,True,3,True,pysr>imcts>udsr>dso>llmsr>drsr>gplearn>qlattice>tpsr>ragsr>e2esr>pyoperon
broad_stress_grid,0.5075,0.2175,0.10875,0.10875,0.725,0.7,0.9997327710362103,0.993006993006993,0.9696969696969697,65,66,0.9848484848484849,1.745098364392801,2.2568686905228716,1.0,False,pysr,True,3,True,pysr>imcts>udsr>dso>llmsr>drsr>gplearn>qlattice>tpsr>ragsr>e2esr>pyoperon
broad_stress_grid,0.54375,0.18125,0.090625,0.090625,0.725,0.75,0.9995376984641591,0.993006993006993,0.9696969696969697,65,66,0.9848484848484849,0.5396738975881519,1.323782425907428,1.0,False,pysr,True,3,True,pysr>imcts>udsr>dso>llmsr>drsr>gplearn>qlattice>tpsr>ragsr>e2esr>pyoperon
broad_stress_grid,0.58,0.145,0.0725,0.0725,0.725,0.8,0.9987813237451537,0.986013986013986,0.9393939393939394,64,66,0.9696969696969697,2.2652520677659047,3.88309511599512,1.0,False,pysr,True,3,True,pysr>imcts>udsr>dso>llmsr>drsr>gplearn>qlattice>tpsr>ragsr>pyoperon>e2esr
broad_stress_grid,0.61625,0.10875,0.054375,0.054375,0.725,0.85,0.9975407550448254,0.986013986013986,0.9393939393939394,64,66,0.9696969696969697,4.270427283845253,6.442407806082807,1.0,False,pysr,True,3,True,pysr>imcts>udsr>dso>llmsr>drsr>gplearn>qlattice>tpsr>ragsr>pyoperon>e2esr
broad_stress_grid,0.6525,0.0725,0.03625,0.03625,0.725,0.9,0.9958850144744547,0.986013986013986,0.9393939393939394,64,66,0.9696969696969697,6.275602499924606,9.001720496170499,1.0,False,pysr,True,3,True,pysr>imcts>udsr>dso>llmsr>drsr>gplearn>qlattice>tpsr>ragsr>pyoperon>e2esr
broad_stress_grid,0.68875,0.03625,0.018125,0.018125,0.725,0.95,0.9938755737403616,0.986013986013986,0.9393939393939394,64,66,0.9696969696969697,8.280777716003954,11.561033186258186,1.0,False,pysr,True,3,True,pysr>imcts>udsr>dso>llmsr>drsr>gplearn>qlattice>tpsr>ragsr>pyoperon>e2esr
broad_stress_grid,0.725,0.0,0.0,0.0,0.725,1.0,0.9915669374571574,0.965034965034965,0.9090909090909091,63,66,0.9545454545454546,10.285952932083307,14.120345876345878,2.0,False,pysr,True,3,True,pysr>imcts>udsr>dso>llmsr>drsr>gplearn>qlattice>tpsr>pyoperon>ragsr>e2esr
broad_stress_grid,0.0,0.75,0.375,0.375,0.75,0.0,0.869250272656172,0.8811188811188811,0.6666666666666666,55,66,0.8333333333333334,31.286773375850697,38.830951159951155,3.0,False,udsr,False,3,True,udsr>imcts>pysr>drsr>llmsr>dso>ragsr>tpsr>qlattice>gplearn>e2esr>pyoperon
broad_stress_grid,0.0375,0.7125,0.35625,0.35625,0.75,0.05,0.8906994820245455,0.8811188811188811,0.6666666666666666,55,66,0.8333333333333334,29.212454186803086,36.183386308136306,3.0,False,udsr,False,3,True,udsr>imcts>pysr>drsr>llmsr>dso>ragsr>tpsr>qlattice>gplearn>e2esr>pyoperon
broad_stress_grid,0.075,0.675,0.3375,0.3375,0.75,0.1,0.9098521949706849,0.8811188811188811,0.6666666666666666,55,66,0.8333333333333334,27.138134997755493,33.53582145632146,3.0,False,udsr,False,3,True,udsr>imcts>pysr>drsr>llmsr>dso>ragsr>tpsr>qlattice>gplearn>e2esr>pyoperon
broad_stress_grid,0.1125,0.6375,0.31875,0.31875,0.75,0.15,0.926761243477897,0.8811188811188811,0.6666666666666666,55,66,0.8333333333333334,25.06381580870788,30.888256604506598,3.0,False,udsr,False,3,True,udsr>imcts>pysr>drsr>llmsr>dso>ragsr>tpsr>qlattice>gplearn>e2esr>pyoperon
broad_stress_grid,0.15,0.6,0.3,0.3,0.75,0.2,0.9415121140612357,0.8881118881118881,0.696969696969697,56,66,0.8484848484848485,22.989496619660283,28.240691752691756,3.0,False,udsr,False,3,True,udsr>imcts>pysr>drsr>dso>llmsr>ragsr>tpsr>qlattice>gplearn>e2esr>pyoperon
broad_stress_grid,0.1875,0.5625,0.28125,0.28125,0.75,0.25,0.954216002551426,0.9020979020979021,0.7272727272727273,57,66,0.8636363636363636,20.915177430612676,25.5931269008769,3.0,False,udsr,False,3,True,udsr>imcts>pysr>dso>drsr>llmsr>ragsr>tpsr>qlattice>gplearn>e2esr>pyoperon
broad_stress_grid,0.225,0.525,0.2625,0.2625,0.75,0.3,0.9650028487510853,0.951048951048951,0.8484848484848485,61,66,0.9242424242424242,18.840858241565066,22.945562049062037,2.0,False,imcts,False,3,True,imcts>udsr>pysr>dso>drsr>llmsr>ragsr>gplearn>qlattice>tpsr>e2esr>pyoperon
broad_stress_grid,0.2625,0.4875,0.24375,0.24375,0.75,0.35,0.9740147950352518,0.972027972027972,0.9090909090909091,63,66,0.9545454545454546,16.76653905251747,20.297997197247195,2.0,False,pysr,True,3,True,pysr>imcts>udsr>dso>drsr>llmsr>ragsr>gplearn>qlattice>tpsr>e2esr>pyoperon
broad_stress_grid,0.3,0.45,0.225,0.225,0.75,0.4,0.9814003757312144,0.993006993006993,0.9696969696969697,65,66,0.9848484848484849,14.692219863469859,17.65043234543234,1.0,False,pysr,True,3,True,pysr>imcts>udsr>dso>llmsr>drsr>gplearn>ragsr>qlattice>tpsr>e2esr>pyoperon
broad_stress_grid,0.3375,0.4125,0.20625,0.20625,0.75,0.45,0.9873096111448373,1.0,1.0,66,66,1.0,12.61790067442226,15.002867493617494,0.0,True,pysr,True,3,True,pysr>imcts>udsr>dso>llmsr>drsr>gplearn>qlattice>ragsr>tpsr>e2esr>pyoperon
broad_stress_grid,0.375,0.375,0.1875,0.1875,0.75,0.5,0.9918900668238378,1.0,1.0,66,66,1.0,10.543581485374654,12.355302641802641,0.0,True,pysr,True,3,True,pysr>imcts>udsr>dso>llmsr>drsr>gplearn>qlattice>ragsr>tpsr>e2esr>pyoperon
broad_stress_grid,0.4125,0.3375,0.16875,0.16875,0.75,0.55,0.9952838525378445,1.0,1.0,66,66,1.0,8.469262296327049,9.870253746253745,0.0,True,pysr,True,3,True,pysr>imcts>udsr>dso>llmsr>drsr>gplearn>qlattice>ragsr>tpsr>e2esr>pyoperon
broad_stress_grid,0.45,0.3,0.15,0.15,0.75,0.6,0.9976254775968204,1.0,1.0,66,66,1.0,6.394943107279446,7.4201918081918095,0.0,True,pysr,True,3,True,pysr>imcts>udsr>dso>llmsr>drsr>gplearn>qlattice>ragsr>tpsr>e2esr>pyoperon
broad_stress_grid,0.4875,0.2625,0.13125,0.13125,0.75,0.65,0.9990404464176679,0.993006993006993,0.9696969696969697,65,66,0.9848484848484849,4.3206239182318384,5.025042283222302,1.0,False,pysr,True,3,True,pysr>imcts>udsr>dso>llmsr>drsr>gplearn>qlattice>tpsr>ragsr>e2esr>pyoperon
broad_stress_grid,0.525,0.225,0.1125,0.1125,0.75,0.7,0.9996444654775686,0.993006993006993,0.9696969696969697,65,66,0.9848484848484849,2.2463047291842386,2.7917652467517087,1.0,False,pysr,True,3,True,pysr>imcts>udsr>dso>llmsr>drsr>gplearn>qlattice>tpsr>ragsr>e2esr>pyoperon
broad_stress_grid,0.5625,0.1875,0.09375,0.09375,0.75,0.75,0.9995431342554555,0.993006993006993,0.9696969696969697,65,66,0.9848484848484849,0.46130290081540676,1.156452061346286,1.0,False,pysr,True,3,True,pysr>imcts>udsr>dso>llmsr>drsr>gplearn>qlattice>tpsr>ragsr>e2esr>pyoperon
broad_stress_grid,0.6,0.15,0.075,0.075,0.75,0.8,0.9988320032607899,0.986013986013986,0.9393939393939394,64,66,0.9696969696969697,1.9023336489109737,3.5300864690864735,1.0,False,pysr,True,3,True,pysr>imcts>udsr>dso>llmsr>drsr>gplearn>qlattice>tpsr>ragsr>pyoperon>e2esr
broad_stress_grid,0.6375,0.1125,0.05625,0.05625,0.75,0.85,0.9975968975823328,0.986013986013986,0.9393939393939394,64,66,0.9696969696969697,3.976652837958575,6.177651320901321,1.0,False,pysr,True,3,True,pysr>imcts>udsr>dso>llmsr>drsr>gplearn>qlattice>tpsr>ragsr>pyoperon>e2esr
broad_stress_grid,0.675,0.075,0.0375,0.0375,0.75,0.9,0.9959144214841865,0.986013986013986,0.9393939393939394,64,66,0.9696969696969697,6.050972027006182,8.825216172716175,1.0,False,pysr,True,3,True,pysr>imcts>udsr>dso>llmsr>drsr>gplearn>qlattice>tpsr>ragsr>pyoperon>e2esr
broad_stress_grid,0.7125,0.0375,0.01875,0.01875,0.75,0.95,0.9938525763876745,0.986013986013986,0.9393939393939394,64,66,0.9696969696969697,8.125291216053784,11.472781024531024,1.0,False,pysr,True,3,True,pysr>imcts>udsr>dso>llmsr>drsr>gplearn>qlattice>tpsr>ragsr>pyoperon>e2esr
broad_stress_grid,0.75,0.0,0.0,0.0,0.75,1.0,0.99147143989627,0.965034965034965,0.9090909090909091,63,66,0.9545454545454546,10.199610405101389,14.120345876345878,2.0,False,pysr,True,3,True,pysr>imcts>udsr>dso>llmsr>drsr>gplearn>qlattice>tpsr>pyoperon>ragsr>e2esr
