relative_path	size_bytes
EXPERIMENT_PATHS.md	4402
README.md	3756
SOURCE_MAP.tsv	3738
collected_results/core50_12alg_dataset_algorithm_median_log_nmse_20260503.csv	105486
collected_results/core50_12alg_leaderboard_ood_log_nmse_20260503.csv	2224
collected_results/core50_12alg_leaderboard_ood_log_nmse_20260503.md	1354
collected_results/core50_12alg_run_level_log_nmse_20260503.csv	785002
collected_results/core50_algorithm_runtime_summary.csv	1306
collected_results/core50_probe4_previous_vs_current_dataset_algorithm_20260503.csv	53326
collected_results/core50_probe4_previous_vs_current_pairwise_20260503.csv	479
collected_results/core50_probe4_previous_vs_current_ranking_20260503.csv	825
collected_results/core50_probe4_previous_vs_current_ranking_20260503.md	1275
collected_results/core50_vs_candidate200_iteration_comparison_20260503.csv	1900
collected_results/core50_vs_candidate200_iteration_comparison_20260503.md	2018
collected_results/llmsr_drsr_iteration_summary.json	1540
collected_results/llmsr_drsr_iteration_summary_rows.csv	143656
core50_manifest/core50_dataset_paths.tsv	3318
core50_manifest/core50_datasets.csv	26049
core50_manifest/validation_report.md	735
formal_analysis/symbolic_metrics_formal.csv	4321351
formal_analysis/symbolic_metrics_formal_algorithm_summary.csv	1440
formal_analysis/symbolic_metrics_formal_dataset_summary.csv	59206
formal_analysis/symbolic_metrics_formal_summary.json	6535
hexagon/dataset_axis_components_formal.csv	197112
hexagon/hexagon_scores_formal.csv	4698
hexagon/hexagon_scores_formal_with_ci.csv	8004
noise_robustness/noise_completion_summary.csv	3005
noise_robustness/noise_final_runs.csv	1182068
noise_robustness/robustness_components.csv	250925
paper_tables/table08_core50_baseline_quality.csv	1641
paper_tables/table09_k_scaling_metrics.csv	1949
paper_tables/table10_clean_core50_leaderboard.csv	712
paper_tables/table11_hexagon_scores_formal.csv	764
paper_tables/table12_symbolic_fidelity_summary.csv	1375
paper_tables/table13_noise_robustness_summary.csv	1450
paper_tables/table14_noise_by_sigma.csv	2325
paper_tables/table19_core50_ablation_summary.csv	427
raw_results/README.md	492
run_archive/analysis/core50_12alg_dataset_algorithm_median_log_nmse_20260503.csv	105486
run_archive/analysis/core50_12alg_host_concurrency_20260503.csv	2195
run_archive/analysis/core50_12alg_leaderboard_ood_log_nmse_20260503.csv	2224
run_archive/analysis/core50_12alg_leaderboard_ood_log_nmse_20260503.md	1354
run_archive/analysis/core50_12alg_run_level_log_nmse_20260503.csv	785002
run_archive/analysis/core50_probe4_previous_vs_current_dataset_algorithm_20260503.csv	53326
run_archive/analysis/core50_probe4_previous_vs_current_pairwise_20260503.csv	479
run_archive/analysis/core50_probe4_previous_vs_current_ranking_20260503.csv	825
run_archive/analysis/core50_probe4_previous_vs_current_ranking_20260503.json	4178
run_archive/analysis/core50_probe4_previous_vs_current_ranking_20260503.md	1275
run_archive/analysis/core50_vs_candidate200_iteration_comparison_20260503.csv	1900
run_archive/analysis/core50_vs_candidate200_iteration_comparison_20260503.json	8012
run_archive/analysis/core50_vs_candidate200_iteration_comparison_20260503.md	2018
run_archive/analysis/llmsr_drsr_iteration_summary.json	1540
run_archive/analysis/llmsr_drsr_iteration_summary_rows.csv	143656
run_archive/manifest.csv	1147941
run_archive/results/drsr/seed0/drsr_s0_g0001.json	9375
run_archive/results/drsr/seed0/drsr_s0_g0002.json	9899
run_archive/results/drsr/seed0/drsr_s0_g0003.json	11806
run_archive/results/drsr/seed0/drsr_s0_g0004.json	8921
run_archive/results/drsr/seed0/drsr_s0_g0005.json	9316
run_archive/results/drsr/seed0/drsr_s0_g0006.json	7235
run_archive/results/drsr/seed0/drsr_s0_g0007.json	8854
run_archive/results/drsr/seed0/drsr_s0_g0008.json	9287
run_archive/results/drsr/seed0/drsr_s0_g0009.json	6826
run_archive/results/drsr/seed0/drsr_s0_g0010.json	7532
run_archive/results/drsr/seed0/drsr_s0_g0011.json	9195
run_archive/results/drsr/seed0/drsr_s0_g0012.json	7963
run_archive/results/drsr/seed0/drsr_s0_g0013.json	8869
run_archive/results/drsr/seed0/drsr_s0_g0014.json	11751
run_archive/results/drsr/seed0/drsr_s0_g0015.json	8296
run_archive/results/drsr/seed0/drsr_s0_g0016.json	7349
run_archive/results/drsr/seed0/drsr_s0_g0017.json	9418
run_archive/results/drsr/seed0/drsr_s0_g0018.json	10436
run_archive/results/drsr/seed0/drsr_s0_g0019.json	10476
run_archive/results/drsr/seed0/drsr_s0_g0020.json	8199
run_archive/results/drsr/seed0/drsr_s0_g0021.json	13820
run_archive/results/drsr/seed0/drsr_s0_g0022.json	13348
run_archive/results/drsr/seed0/drsr_s0_g0023.json	6329
run_archive/results/drsr/seed0/drsr_s0_g0024.json	8146
run_archive/results/drsr/seed0/drsr_s0_g0025.json	8285
run_archive/results/drsr/seed0/drsr_s0_g0026.json	8601
run_archive/results/drsr/seed0/drsr_s0_g0027.json	7876
run_archive/results/drsr/seed0/drsr_s0_g0028.json	9102
run_archive/results/drsr/seed0/drsr_s0_g0029.json	8518
run_archive/results/drsr/seed0/drsr_s0_g0030.json	7314
run_archive/results/drsr/seed0/drsr_s0_g0031.json	8655
run_archive/results/drsr/seed0/drsr_s0_g0032.json	7964
run_archive/results/drsr/seed0/drsr_s0_g0033.json	11365
run_archive/results/drsr/seed0/drsr_s0_g0034.json	7469
run_archive/results/drsr/seed0/drsr_s0_g0035.json	9005
run_archive/results/drsr/seed0/drsr_s0_g0036.json	8067
run_archive/results/drsr/seed0/drsr_s0_g0037.json	10275
run_archive/results/drsr/seed0/drsr_s0_g0038.json	8513
run_archive/results/drsr/seed0/drsr_s0_g0039.json	8291
run_archive/results/drsr/seed0/drsr_s0_g0040.json	8096
run_archive/results/drsr/seed0/drsr_s0_g0041.json	8604
run_archive/results/drsr/seed0/drsr_s0_g0042.json	8140
run_archive/results/drsr/seed0/drsr_s0_g0043.json	7912
run_archive/results/drsr/seed0/drsr_s0_g0044.json	6236
run_archive/results/drsr/seed0/drsr_s0_g0045.json	6337
run_archive/results/drsr/seed0/drsr_s0_g0046.json	12598
run_archive/results/drsr/seed0/drsr_s0_g0047.json	8076
run_archive/results/drsr/seed0/drsr_s0_g0048.json	8208
run_archive/results/drsr/seed0/drsr_s0_g0049.json	7882
run_archive/results/drsr/seed0/drsr_s0_g0050.json	8064
run_archive/results/drsr/seed1/drsr_s1_g0001.json	9454
run_archive/results/drsr/seed1/drsr_s1_g0002.json	10003
run_archive/results/drsr/seed1/drsr_s1_g0003.json	8886
run_archive/results/drsr/seed1/drsr_s1_g0004.json	8923
run_archive/results/drsr/seed1/drsr_s1_g0005.json	7955
run_archive/results/drsr/seed1/drsr_s1_g0006.json	7439
run_archive/results/drsr/seed1/drsr_s1_g0007.json	8849
run_archive/results/drsr/seed1/drsr_s1_g0008.json	9842
run_archive/results/drsr/seed1/drsr_s1_g0009.json	7891
run_archive/results/drsr/seed1/drsr_s1_g0010.json	8161
run_archive/results/drsr/seed1/drsr_s1_g0011.json	9100
run_archive/results/drsr/seed1/drsr_s1_g0012.json	8477
run_archive/results/drsr/seed1/drsr_s1_g0013.json	5018
run_archive/results/drsr/seed1/drsr_s1_g0014.json	11320
run_archive/results/drsr/seed1/drsr_s1_g0015.json	8156
run_archive/results/drsr/seed1/drsr_s1_g0016.json	7185
run_archive/results/drsr/seed1/drsr_s1_g0017.json	9474
run_archive/results/drsr/seed1/drsr_s1_g0018.json	10514
run_archive/results/drsr/seed1/drsr_s1_g0019.json	10320
run_archive/results/drsr/seed1/drsr_s1_g0020.json	8252
run_archive/results/drsr/seed1/drsr_s1_g0021.json	14092
run_archive/results/drsr/seed1/drsr_s1_g0022.json	12631
run_archive/results/drsr/seed1/drsr_s1_g0023.json	6174
run_archive/results/drsr/seed1/drsr_s1_g0024.json	8060
run_archive/results/drsr/seed1/drsr_s1_g0025.json	8355
run_archive/results/drsr/seed1/drsr_s1_g0026.json	8457
run_archive/results/drsr/seed1/drsr_s1_g0027.json	10354
run_archive/results/drsr/seed1/drsr_s1_g0028.json	7252
run_archive/results/drsr/seed1/drsr_s1_g0029.json	8038
run_archive/results/drsr/seed1/drsr_s1_g0030.json	7299
run_archive/results/drsr/seed1/drsr_s1_g0031.json	9584
run_archive/results/drsr/seed1/drsr_s1_g0032.json	7801
run_archive/results/drsr/seed1/drsr_s1_g0033.json	10993
run_archive/results/drsr/seed1/drsr_s1_g0034.json	7938
run_archive/results/drsr/seed1/drsr_s1_g0035.json	9096
run_archive/results/drsr/seed1/drsr_s1_g0036.json	8293
run_archive/results/drsr/seed1/drsr_s1_g0037.json	7797
run_archive/results/drsr/seed1/drsr_s1_g0038.json	8407
run_archive/results/drsr/seed1/drsr_s1_g0039.json	8248
run_archive/results/drsr/seed1/drsr_s1_g0040.json	8729
run_archive/results/drsr/seed1/drsr_s1_g0041.json	8414
run_archive/results/drsr/seed1/drsr_s1_g0042.json	8341
run_archive/results/drsr/seed1/drsr_s1_g0043.json	7833
run_archive/results/drsr/seed1/drsr_s1_g0044.json	10057
run_archive/results/drsr/seed1/drsr_s1_g0045.json	10838
run_archive/results/drsr/seed1/drsr_s1_g0046.json	9525
run_archive/results/drsr/seed1/drsr_s1_g0047.json	7959
run_archive/results/drsr/seed1/drsr_s1_g0048.json	7740
run_archive/results/drsr/seed1/drsr_s1_g0049.json	7521
run_archive/results/drsr/seed1/drsr_s1_g0050.json	8204
run_archive/results/drsr/seed2/drsr_s2_g0001.json	9252
run_archive/results/drsr/seed2/drsr_s2_g0002.json	7786
run_archive/results/drsr/seed2/drsr_s2_g0003.json	8988
run_archive/results/drsr/seed2/drsr_s2_g0004.json	9051
run_archive/results/drsr/seed2/drsr_s2_g0005.json	8034
run_archive/results/drsr/seed2/drsr_s2_g0006.json	7910
run_archive/results/drsr/seed2/drsr_s2_g0007.json	6166
run_archive/results/drsr/seed2/drsr_s2_g0008.json	8152
run_archive/results/drsr/seed2/drsr_s2_g0009.json	8038
run_archive/results/drsr/seed2/drsr_s2_g0010.json	8187
run_archive/results/drsr/seed2/drsr_s2_g0011.json	9093
run_archive/results/drsr/seed2/drsr_s2_g0012.json	8393
run_archive/results/drsr/seed2/drsr_s2_g0013.json	7373
run_archive/results/drsr/seed2/drsr_s2_g0014.json	6551
run_archive/results/drsr/seed2/drsr_s2_g0015.json	8263
run_archive/results/drsr/seed2/drsr_s2_g0016.json	9093
run_archive/results/drsr/seed2/drsr_s2_g0017.json	8680
run_archive/results/drsr/seed2/drsr_s2_g0018.json	6218
run_archive/results/drsr/seed2/drsr_s2_g0019.json	10560
run_archive/results/drsr/seed2/drsr_s2_g0020.json	8398
run_archive/results/drsr/seed2/drsr_s2_g0021.json	10252
run_archive/results/drsr/seed2/drsr_s2_g0022.json	13257
run_archive/results/drsr/seed2/drsr_s2_g0023.json	6622
run_archive/results/drsr/seed2/drsr_s2_g0024.json	8441
run_archive/results/drsr/seed2/drsr_s2_g0025.json	8998
run_archive/results/drsr/seed2/drsr_s2_g0026.json	8012
run_archive/results/drsr/seed2/drsr_s2_g0027.json	8348
run_archive/results/drsr/seed2/drsr_s2_g0028.json	7236
run_archive/results/drsr/seed2/drsr_s2_g0029.json	10497
run_archive/results/drsr/seed2/drsr_s2_g0030.json	7316
run_archive/results/drsr/seed2/drsr_s2_g0031.json	9412
run_archive/results/drsr/seed2/drsr_s2_g0032.json	5357
run_archive/results/drsr/seed2/drsr_s2_g0033.json	15364
run_archive/results/drsr/seed2/drsr_s2_g0034.json	7926
run_archive/results/drsr/seed2/drsr_s2_g0035.json	7547
run_archive/results/drsr/seed2/drsr_s2_g0036.json	8162
run_archive/results/drsr/seed2/drsr_s2_g0037.json	7982
run_archive/results/drsr/seed2/drsr_s2_g0038.json	8576
run_archive/results/drsr/seed2/drsr_s2_g0039.json	8144
run_archive/results/drsr/seed2/drsr_s2_g0040.json	8531
run_archive/results/drsr/seed2/drsr_s2_g0041.json	8639
run_archive/results/drsr/seed2/drsr_s2_g0042.json	8299
run_archive/results/drsr/seed2/drsr_s2_g0043.json	8055
run_archive/results/drsr/seed2/drsr_s2_g0044.json	10065
run_archive/results/drsr/seed2/drsr_s2_g0045.json	10767
run_archive/results/drsr/seed2/drsr_s2_g0046.json	12367
run_archive/results/drsr/seed2/drsr_s2_g0047.json	7845
run_archive/results/drsr/seed2/drsr_s2_g0048.json	7511
run_archive/results/drsr/seed2/drsr_s2_g0049.json	7859
run_archive/results/drsr/seed2/drsr_s2_g0050.json	7616
run_archive/results/drsr/seed3/drsr_s3_g0001.json	9389
run_archive/results/drsr/seed3/drsr_s3_g0002.json	7934
run_archive/results/drsr/seed3/drsr_s3_g0003.json	5483
run_archive/results/drsr/seed3/drsr_s3_g0004.json	9083
run_archive/results/drsr/seed3/drsr_s3_g0005.json	8069
run_archive/results/drsr/seed3/drsr_s3_g0006.json	7921
run_archive/results/drsr/seed3/drsr_s3_g0007.json	9422
run_archive/results/drsr/seed3/drsr_s3_g0008.json	8168
run_archive/results/drsr/seed3/drsr_s3_g0009.json	7783
run_archive/results/drsr/seed3/drsr_s3_g0010.json	8193
run_archive/results/drsr/seed3/drsr_s3_g0011.json	9093
run_archive/results/drsr/seed3/drsr_s3_g0012.json	8480
run_archive/results/drsr/seed3/drsr_s3_g0013.json	8948
run_archive/results/drsr/seed3/drsr_s3_g0014.json	11457
run_archive/results/drsr/seed3/drsr_s3_g0015.json	8220
run_archive/results/drsr/seed3/drsr_s3_g0016.json	7190
run_archive/results/drsr/seed3/drsr_s3_g0017.json	9221
run_archive/results/drsr/seed3/drsr_s3_g0018.json	15059
run_archive/results/drsr/seed3/drsr_s3_g0019.json	10413
run_archive/results/drsr/seed3/drsr_s3_g0020.json	8425
run_archive/results/drsr/seed3/drsr_s3_g0021.json	10010
run_archive/results/drsr/seed3/drsr_s3_g0022.json	12673
run_archive/results/drsr/seed3/drsr_s3_g0023.json	6312
run_archive/results/drsr/seed3/drsr_s3_g0024.json	8153
run_archive/results/drsr/seed3/drsr_s3_g0025.json	8199
run_archive/results/drsr/seed3/drsr_s3_g0026.json	8638
run_archive/results/drsr/seed3/drsr_s3_g0027.json	9797
run_archive/results/drsr/seed3/drsr_s3_g0028.json	7193
run_archive/results/drsr/seed3/drsr_s3_g0029.json	10293
run_archive/results/drsr/seed3/drsr_s3_g0030.json	7150
run_archive/results/drsr/seed3/drsr_s3_g0031.json	9580
run_archive/results/drsr/seed3/drsr_s3_g0032.json	7965
run_archive/results/drsr/seed3/drsr_s3_g0033.json	11117
run_archive/results/drsr/seed3/drsr_s3_g0034.json	9638
run_archive/results/drsr/seed3/drsr_s3_g0035.json	7504
run_archive/results/drsr/seed3/drsr_s3_g0036.json	7977
run_archive/results/drsr/seed3/drsr_s3_g0037.json	8235
run_archive/results/drsr/seed3/drsr_s3_g0038.json	8411
run_archive/results/drsr/seed3/drsr_s3_g0039.json	7875
run_archive/results/drsr/seed3/drsr_s3_g0040.json	8655
run_archive/results/drsr/seed3/drsr_s3_g0041.json	8626
run_archive/results/drsr/seed3/drsr_s3_g0042.json	7726
run_archive/results/drsr/seed3/drsr_s3_g0043.json	8036
run_archive/results/drsr/seed3/drsr_s3_g0044.json	5831
run_archive/results/drsr/seed3/drsr_s3_g0045.json	10877
run_archive/results/drsr/seed3/drsr_s3_g0046.json	6788
run_archive/results/drsr/seed3/drsr_s3_g0047.json	7736
run_archive/results/drsr/seed3/drsr_s3_g0048.json	7812
run_archive/results/drsr/seed3/drsr_s3_g0049.json	7535
run_archive/results/drsr/seed3/drsr_s3_g0050.json	7418
run_archive/results/drsr/seed4/drsr_s4_g0001.json	9200
run_archive/results/drsr/seed4/drsr_s4_g0002.json	7936
run_archive/results/drsr/seed4/drsr_s4_g0003.json	8964
run_archive/results/drsr/seed4/drsr_s4_g0004.json	8927
run_archive/results/drsr/seed4/drsr_s4_g0005.json	8001
run_archive/results/drsr/seed4/drsr_s4_g0006.json	8169
run_archive/results/drsr/seed4/drsr_s4_g0007.json	9378
run_archive/results/drsr/seed4/drsr_s4_g0008.json	7835
run_archive/results/drsr/seed4/drsr_s4_g0009.json	9550
run_archive/results/drsr/seed4/drsr_s4_g0010.json	8154
run_archive/results/drsr/seed4/drsr_s4_g0011.json	9224
run_archive/results/drsr/seed4/drsr_s4_g0012.json	7623
run_archive/results/drsr/seed4/drsr_s4_g0013.json	8954
run_archive/results/drsr/seed4/drsr_s4_g0014.json	11248
run_archive/results/drsr/seed4/drsr_s4_g0015.json	8391
run_archive/results/drsr/seed4/drsr_s4_g0016.json	7356
run_archive/results/drsr/seed4/drsr_s4_g0017.json	8929
run_archive/results/drsr/seed4/drsr_s4_g0018.json	10536
run_archive/results/drsr/seed4/drsr_s4_g0019.json	10346
run_archive/results/drsr/seed4/drsr_s4_g0020.json	8670
run_archive/results/drsr/seed4/drsr_s4_g0021.json	5990
run_archive/results/drsr/seed4/drsr_s4_g0022.json	12787
run_archive/results/drsr/seed4/drsr_s4_g0023.json	9793
run_archive/results/drsr/seed4/drsr_s4_g0024.json	8190
run_archive/results/drsr/seed4/drsr_s4_g0025.json	9074
run_archive/results/drsr/seed4/drsr_s4_g0026.json	8571
run_archive/results/drsr/seed4/drsr_s4_g0027.json	7797
run_archive/results/drsr/seed4/drsr_s4_g0028.json	8972
run_archive/results/drsr/seed4/drsr_s4_g0029.json	8282
run_archive/results/drsr/seed4/drsr_s4_g0030.json	7187
run_archive/results/drsr/seed4/drsr_s4_g0031.json	8655
run_archive/results/drsr/seed4/drsr_s4_g0032.json	7803
run_archive/results/drsr/seed4/drsr_s4_g0033.json	11146
run_archive/results/drsr/seed4/drsr_s4_g0034.json	7770
run_archive/results/drsr/seed4/drsr_s4_g0035.json	7232
run_archive/results/drsr/seed4/drsr_s4_g0036.json	8168
run_archive/results/drsr/seed4/drsr_s4_g0037.json	7845
run_archive/results/drsr/seed4/drsr_s4_g0038.json	8403
run_archive/results/drsr/seed4/drsr_s4_g0039.json	8282
run_archive/results/drsr/seed4/drsr_s4_g0040.json	8764
run_archive/results/drsr/seed4/drsr_s4_g0041.json	8413
run_archive/results/drsr/seed4/drsr_s4_g0042.json	7723
run_archive/results/drsr/seed4/drsr_s4_g0043.json	8027
run_archive/results/drsr/seed4/drsr_s4_g0044.json	6107
run_archive/results/drsr/seed4/drsr_s4_g0045.json	10837
run_archive/results/drsr/seed4/drsr_s4_g0046.json	12169
run_archive/results/drsr/seed4/drsr_s4_g0047.json	7694
run_archive/results/drsr/seed4/drsr_s4_g0048.json	7687
run_archive/results/drsr/seed4/drsr_s4_g0049.json	7350
run_archive/results/drsr/seed4/drsr_s4_g0050.json	7350
run_archive/results/dso/seed0/dso_s0_g0001.json	4730
run_archive/results/dso/seed0/dso_s0_g0002.json	5310
run_archive/results/dso/seed0/dso_s0_g0003.json	5044
run_archive/results/dso/seed0/dso_s0_g0004.json	4702
run_archive/results/dso/seed0/dso_s0_g0005.json	4737
run_archive/results/dso/seed0/dso_s0_g0006.json	4715
run_archive/results/dso/seed0/dso_s0_g0007.json	4836
run_archive/results/dso/seed0/dso_s0_g0008.json	4955
run_archive/results/dso/seed0/dso_s0_g0009.json	4539
run_archive/results/dso/seed0/dso_s0_g0010.json	4499
run_archive/results/dso/seed0/dso_s0_g0011.json	4882
run_archive/results/dso/seed0/dso_s0_g0012.json	4759
run_archive/results/dso/seed0/dso_s0_g0013.json	5159
run_archive/results/dso/seed0/dso_s0_g0014.json	5114
run_archive/results/dso/seed0/dso_s0_g0015.json	4836
run_archive/results/dso/seed0/dso_s0_g0016.json	4712
run_archive/results/dso/seed0/dso_s0_g0017.json	5027
run_archive/results/dso/seed0/dso_s0_g0018.json	5251
run_archive/results/dso/seed0/dso_s0_g0019.json	5557
run_archive/results/dso/seed0/dso_s0_g0020.json	5177
run_archive/results/dso/seed0/dso_s0_g0021.json	4934
run_archive/results/dso/seed0/dso_s0_g0022.json	5062
run_archive/results/dso/seed0/dso_s0_g0023.json	4973
run_archive/results/dso/seed0/dso_s0_g0024.json	5013
run_archive/results/dso/seed0/dso_s0_g0025.json	4817
run_archive/results/dso/seed0/dso_s0_g0026.json	5097
run_archive/results/dso/seed0/dso_s0_g0027.json	4867
run_archive/results/dso/seed0/dso_s0_g0028.json	5235
run_archive/results/dso/seed0/dso_s0_g0029.json	5053
run_archive/results/dso/seed0/dso_s0_g0030.json	5248
run_archive/results/dso/seed0/dso_s0_g0031.json	4915
run_archive/results/dso/seed0/dso_s0_g0032.json	4587
run_archive/results/dso/seed0/dso_s0_g0033.json	5342
run_archive/results/dso/seed0/dso_s0_g0034.json	4858
run_archive/results/dso/seed0/dso_s0_g0035.json	5120
run_archive/results/dso/seed0/dso_s0_g0036.json	4807
run_archive/results/dso/seed0/dso_s0_g0037.json	4852
run_archive/results/dso/seed0/dso_s0_g0038.json	4961
run_archive/results/dso/seed0/dso_s0_g0039.json	4856
run_archive/results/dso/seed0/dso_s0_g0040.json	4888
run_archive/results/dso/seed0/dso_s0_g0041.json	4723
run_archive/results/dso/seed0/dso_s0_g0042.json	5142
run_archive/results/dso/seed0/dso_s0_g0043.json	4818
run_archive/results/dso/seed0/dso_s0_g0044.json	5179
run_archive/results/dso/seed0/dso_s0_g0045.json	5215
run_archive/results/dso/seed0/dso_s0_g0046.json	5243
run_archive/results/dso/seed0/dso_s0_g0047.json	4997
run_archive/results/dso/seed0/dso_s0_g0048.json	4867
run_archive/results/dso/seed0/dso_s0_g0049.json	4794
run_archive/results/dso/seed0/dso_s0_g0050.json	4962
run_archive/results/dso/seed1/dso_s1_g0001.json	4731
run_archive/results/dso/seed1/dso_s1_g0002.json	5274
run_archive/results/dso/seed1/dso_s1_g0003.json	5225
run_archive/results/dso/seed1/dso_s1_g0004.json	4941
run_archive/results/dso/seed1/dso_s1_g0005.json	4756
run_archive/results/dso/seed1/dso_s1_g0006.json	4617
run_archive/results/dso/seed1/dso_s1_g0007.json	4808
run_archive/results/dso/seed1/dso_s1_g0008.json	4736
run_archive/results/dso/seed1/dso_s1_g0009.json	4540
run_archive/results/dso/seed1/dso_s1_g0010.json	4500
run_archive/results/dso/seed1/dso_s1_g0011.json	5022
run_archive/results/dso/seed1/dso_s1_g0012.json	4760
run_archive/results/dso/seed1/dso_s1_g0013.json	5162
run_archive/results/dso/seed1/dso_s1_g0014.json	5305
run_archive/results/dso/seed1/dso_s1_g0015.json	4837
run_archive/results/dso/seed1/dso_s1_g0016.json	4713
run_archive/results/dso/seed1/dso_s1_g0017.json	4865
run_archive/results/dso/seed1/dso_s1_g0018.json	4915
run_archive/results/dso/seed1/dso_s1_g0019.json	5483
run_archive/results/dso/seed1/dso_s1_g0020.json	5029
run_archive/results/dso/seed1/dso_s1_g0021.json	5144
run_archive/results/dso/seed1/dso_s1_g0022.json	5048
run_archive/results/dso/seed1/dso_s1_g0023.json	4973
run_archive/results/dso/seed1/dso_s1_g0024.json	5044
run_archive/results/dso/seed1/dso_s1_g0025.json	4872
run_archive/results/dso/seed1/dso_s1_g0026.json	5351
run_archive/results/dso/seed1/dso_s1_g0027.json	4866
run_archive/results/dso/seed1/dso_s1_g0028.json	5137
run_archive/results/dso/seed1/dso_s1_g0029.json	4783
run_archive/results/dso/seed1/dso_s1_g0030.json	5180
run_archive/results/dso/seed1/dso_s1_g0031.json	4915
run_archive/results/dso/seed1/dso_s1_g0032.json	4586
run_archive/results/dso/seed1/dso_s1_g0033.json	5169
run_archive/results/dso/seed1/dso_s1_g0034.json	4666
run_archive/results/dso/seed1/dso_s1_g0035.json	4880
run_archive/results/dso/seed1/dso_s1_g0036.json	4857
run_archive/results/dso/seed1/dso_s1_g0037.json	4767
run_archive/results/dso/seed1/dso_s1_g0038.json	4821
run_archive/results/dso/seed1/dso_s1_g0039.json	4785
run_archive/results/dso/seed1/dso_s1_g0040.json	4888
run_archive/results/dso/seed1/dso_s1_g0041.json	4764
run_archive/results/dso/seed1/dso_s1_g0042.json	4846
run_archive/results/dso/seed1/dso_s1_g0043.json	4895
run_archive/results/dso/seed1/dso_s1_g0044.json	5175
run_archive/results/dso/seed1/dso_s1_g0045.json	5050
run_archive/results/dso/seed1/dso_s1_g0046.json	5011
run_archive/results/dso/seed1/dso_s1_g0047.json	4916
run_archive/results/dso/seed1/dso_s1_g0048.json	5049
run_archive/results/dso/seed1/dso_s1_g0049.json	4699
run_archive/results/dso/seed1/dso_s1_g0050.json	5010
run_archive/results/dso/seed2/dso_s2_g0001.json	4731
run_archive/results/dso/seed2/dso_s2_g0002.json	5104
run_archive/results/dso/seed2/dso_s2_g0003.json	5120
run_archive/results/dso/seed2/dso_s2_g0004.json	5065
run_archive/results/dso/seed2/dso_s2_g0005.json	4635
run_archive/results/dso/seed2/dso_s2_g0006.json	4717
run_archive/results/dso/seed2/dso_s2_g0007.json	4808
run_archive/results/dso/seed2/dso_s2_g0008.json	5047
run_archive/results/dso/seed2/dso_s2_g0009.json	4539
run_archive/results/dso/seed2/dso_s2_g0010.json	4499
run_archive/results/dso/seed2/dso_s2_g0011.json	4918
run_archive/results/dso/seed2/dso_s2_g0012.json	4759
run_archive/results/dso/seed2/dso_s2_g0013.json	5102
run_archive/results/dso/seed2/dso_s2_g0014.json	5334
run_archive/results/dso/seed2/dso_s2_g0015.json	4837
run_archive/results/dso/seed2/dso_s2_g0016.json	4941
run_archive/results/dso/seed2/dso_s2_g0017.json	4864
run_archive/results/dso/seed2/dso_s2_g0018.json	4915
run_archive/results/dso/seed2/dso_s2_g0019.json	5389
run_archive/results/dso/seed2/dso_s2_g0020.json	5177
run_archive/results/dso/seed2/dso_s2_g0021.json	5130
run_archive/results/dso/seed2/dso_s2_g0022.json	4949
run_archive/results/dso/seed2/dso_s2_g0023.json	5108
run_archive/results/dso/seed2/dso_s2_g0024.json	4944
run_archive/results/dso/seed2/dso_s2_g0025.json	5142
run_archive/results/dso/seed2/dso_s2_g0026.json	5408
run_archive/results/dso/seed2/dso_s2_g0027.json	4866
run_archive/results/dso/seed2/dso_s2_g0028.json	5949
run_archive/results/dso/seed2/dso_s2_g0029.json	4784
run_archive/results/dso/seed2/dso_s2_g0030.json	5252
run_archive/results/dso/seed2/dso_s2_g0031.json	4915
run_archive/results/dso/seed2/dso_s2_g0032.json	4587
run_archive/results/dso/seed2/dso_s2_g0033.json	5361
run_archive/results/dso/seed2/dso_s2_g0034.json	4806
run_archive/results/dso/seed2/dso_s2_g0035.json	4939
run_archive/results/dso/seed2/dso_s2_g0036.json	5186
run_archive/results/dso/seed2/dso_s2_g0037.json	4778
run_archive/results/dso/seed2/dso_s2_g0038.json	4851
run_archive/results/dso/seed2/dso_s2_g0039.json	4746
run_archive/results/dso/seed2/dso_s2_g0040.json	4888
run_archive/results/dso/seed2/dso_s2_g0041.json	4748
run_archive/results/dso/seed2/dso_s2_g0042.json	4951
run_archive/results/dso/seed2/dso_s2_g0043.json	4758
run_archive/results/dso/seed2/dso_s2_g0044.json	5210
run_archive/results/dso/seed2/dso_s2_g0045.json	5117
run_archive/results/dso/seed2/dso_s2_g0046.json	5224
run_archive/results/dso/seed2/dso_s2_g0047.json	4988
run_archive/results/dso/seed2/dso_s2_g0048.json	4853
run_archive/results/dso/seed2/dso_s2_g0049.json	4979
run_archive/results/dso/seed2/dso_s2_g0050.json	5126
run_archive/results/dso/seed3/dso_s3_g0001.json	4731
run_archive/results/dso/seed3/dso_s3_g0002.json	4871
run_archive/results/dso/seed3/dso_s3_g0003.json	5242
run_archive/results/dso/seed3/dso_s3_g0004.json	4716
run_archive/results/dso/seed3/dso_s3_g0005.json	4681
run_archive/results/dso/seed3/dso_s3_g0006.json	4629
run_archive/results/dso/seed3/dso_s3_g0007.json	4836
run_archive/results/dso/seed3/dso_s3_g0008.json	4784
run_archive/results/dso/seed3/dso_s3_g0009.json	4539
run_archive/results/dso/seed3/dso_s3_g0010.json	4500
run_archive/results/dso/seed3/dso_s3_g0011.json	4874
run_archive/results/dso/seed3/dso_s3_g0012.json	4759
run_archive/results/dso/seed3/dso_s3_g0013.json	4805
run_archive/results/dso/seed3/dso_s3_g0014.json	5067
run_archive/results/dso/seed3/dso_s3_g0015.json	4837
run_archive/results/dso/seed3/dso_s3_g0016.json	4713
run_archive/results/dso/seed3/dso_s3_g0017.json	4865
run_archive/results/dso/seed3/dso_s3_g0018.json	5110
run_archive/results/dso/seed3/dso_s3_g0019.json	5323
run_archive/results/dso/seed3/dso_s3_g0020.json	5506
run_archive/results/dso/seed3/dso_s3_g0021.json	5238
run_archive/results/dso/seed3/dso_s3_g0022.json	5018
run_archive/results/dso/seed3/dso_s3_g0023.json	5047
run_archive/results/dso/seed3/dso_s3_g0024.json	5182
run_archive/results/dso/seed3/dso_s3_g0025.json	5057
run_archive/results/dso/seed3/dso_s3_g0026.json	4987
run_archive/results/dso/seed3/dso_s3_g0027.json	4867
run_archive/results/dso/seed3/dso_s3_g0028.json	5269
run_archive/results/dso/seed3/dso_s3_g0029.json	4784
run_archive/results/dso/seed3/dso_s3_g0030.json	5170
run_archive/results/dso/seed3/dso_s3_g0031.json	4985
run_archive/results/dso/seed3/dso_s3_g0032.json	4587
run_archive/results/dso/seed3/dso_s3_g0033.json	5106
run_archive/results/dso/seed3/dso_s3_g0034.json	4722
run_archive/results/dso/seed3/dso_s3_g0035.json	4787
run_archive/results/dso/seed3/dso_s3_g0036.json	4962
run_archive/results/dso/seed3/dso_s3_g0037.json	4770
run_archive/results/dso/seed3/dso_s3_g0038.json	4812
run_archive/results/dso/seed3/dso_s3_g0039.json	4871
run_archive/results/dso/seed3/dso_s3_g0040.json	4888
run_archive/results/dso/seed3/dso_s3_g0041.json	4772
run_archive/results/dso/seed3/dso_s3_g0042.json	4956
run_archive/results/dso/seed3/dso_s3_g0043.json	4820
run_archive/results/dso/seed3/dso_s3_g0044.json	5068
run_archive/results/dso/seed3/dso_s3_g0045.json	5197
run_archive/results/dso/seed3/dso_s3_g0046.json	5190
run_archive/results/dso/seed3/dso_s3_g0047.json	5216
run_archive/results/dso/seed3/dso_s3_g0048.json	5074
run_archive/results/dso/seed3/dso_s3_g0049.json	4817
run_archive/results/dso/seed3/dso_s3_g0050.json	4878
run_archive/results/dso/seed4/dso_s4_g0001.json	4731
run_archive/results/dso/seed4/dso_s4_g0002.json	5177
run_archive/results/dso/seed4/dso_s4_g0003.json	5022
run_archive/results/dso/seed4/dso_s4_g0004.json	4981
run_archive/results/dso/seed4/dso_s4_g0005.json	4811
run_archive/results/dso/seed4/dso_s4_g0006.json	4730
run_archive/results/dso/seed4/dso_s4_g0007.json	4814
run_archive/results/dso/seed4/dso_s4_g0008.json	4956
run_archive/results/dso/seed4/dso_s4_g0009.json	4539
run_archive/results/dso/seed4/dso_s4_g0010.json	4500
run_archive/results/dso/seed4/dso_s4_g0011.json	5032
run_archive/results/dso/seed4/dso_s4_g0012.json	4759
run_archive/results/dso/seed4/dso_s4_g0013.json	5065
run_archive/results/dso/seed4/dso_s4_g0014.json	5425
run_archive/results/dso/seed4/dso_s4_g0015.json	4988
run_archive/results/dso/seed4/dso_s4_g0016.json	4713
run_archive/results/dso/seed4/dso_s4_g0017.json	4867
run_archive/results/dso/seed4/dso_s4_g0018.json	4915
run_archive/results/dso/seed4/dso_s4_g0019.json	5306
run_archive/results/dso/seed4/dso_s4_g0020.json	5506
run_archive/results/dso/seed4/dso_s4_g0021.json	4977
run_archive/results/dso/seed4/dso_s4_g0022.json	5048
run_archive/results/dso/seed4/dso_s4_g0023.json	4977
run_archive/results/dso/seed4/dso_s4_g0024.json	4935
run_archive/results/dso/seed4/dso_s4_g0025.json	5043
run_archive/results/dso/seed4/dso_s4_g0026.json	5249
run_archive/results/dso/seed4/dso_s4_g0027.json	4866
run_archive/results/dso/seed4/dso_s4_g0028.json	5176
run_archive/results/dso/seed4/dso_s4_g0029.json	4875
run_archive/results/dso/seed4/dso_s4_g0030.json	5816
run_archive/results/dso/seed4/dso_s4_g0031.json	4915
run_archive/results/dso/seed4/dso_s4_g0032.json	5212
run_archive/results/dso/seed4/dso_s4_g0033.json	4920
run_archive/results/dso/seed4/dso_s4_g0034.json	4778
run_archive/results/dso/seed4/dso_s4_g0035.json	4888
run_archive/results/dso/seed4/dso_s4_g0036.json	4936
run_archive/results/dso/seed4/dso_s4_g0037.json	5004
run_archive/results/dso/seed4/dso_s4_g0038.json	4808
run_archive/results/dso/seed4/dso_s4_g0039.json	4805
run_archive/results/dso/seed4/dso_s4_g0040.json	4888
run_archive/results/dso/seed4/dso_s4_g0041.json	4884
run_archive/results/dso/seed4/dso_s4_g0042.json	5480
run_archive/results/dso/seed4/dso_s4_g0043.json	4866
run_archive/results/dso/seed4/dso_s4_g0044.json	5083
run_archive/results/dso/seed4/dso_s4_g0045.json	5137
run_archive/results/dso/seed4/dso_s4_g0046.json	5240
run_archive/results/dso/seed4/dso_s4_g0047.json	5047
run_archive/results/dso/seed4/dso_s4_g0048.json	4717
run_archive/results/dso/seed4/dso_s4_g0049.json	4699
run_archive/results/dso/seed4/dso_s4_g0050.json	5028
run_archive/results/e2esr/seed0/e2esr_s0_g0001.json	5647
run_archive/results/e2esr/seed0/e2esr_s0_g0002.json	6184
run_archive/results/e2esr/seed0/e2esr_s0_g0003.json	6233
run_archive/results/e2esr/seed0/e2esr_s0_g0004.json	4805
run_archive/results/e2esr/seed0/e2esr_s0_g0005.json	4523
run_archive/results/e2esr/seed0/e2esr_s0_g0006.json	5418
run_archive/results/e2esr/seed0/e2esr_s0_g0007.json	5176
run_archive/results/e2esr/seed0/e2esr_s0_g0008.json	4458
run_archive/results/e2esr/seed0/e2esr_s0_g0009.json	4181
run_archive/results/e2esr/seed0/e2esr_s0_g0010.json	5385
run_archive/results/e2esr/seed0/e2esr_s0_g0011.json	4896
run_archive/results/e2esr/seed0/e2esr_s0_g0012.json	5719
run_archive/results/e2esr/seed0/e2esr_s0_g0013.json	4645
run_archive/results/e2esr/seed0/e2esr_s0_g0014.json	8622
run_archive/results/e2esr/seed0/e2esr_s0_g0015.json	6054
run_archive/results/e2esr/seed0/e2esr_s0_g0016.json	5116
run_archive/results/e2esr/seed0/e2esr_s0_g0017.json	5273
run_archive/results/e2esr/seed0/e2esr_s0_g0018.json	5373
run_archive/results/e2esr/seed0/e2esr_s0_g0019.json	4940
run_archive/results/e2esr/seed0/e2esr_s0_g0020.json	4710
run_archive/results/e2esr/seed0/e2esr_s0_g0021.json	7339
run_archive/results/e2esr/seed0/e2esr_s0_g0022.json	6220
run_archive/results/e2esr/seed0/e2esr_s0_g0023.json	6475
run_archive/results/e2esr/seed0/e2esr_s0_g0024.json	4217
run_archive/results/e2esr/seed0/e2esr_s0_g0025.json	6430
run_archive/results/e2esr/seed0/e2esr_s0_g0026.json	4628
run_archive/results/e2esr/seed0/e2esr_s0_g0027.json	5493
run_archive/results/e2esr/seed0/e2esr_s0_g0028.json	5400
run_archive/results/e2esr/seed0/e2esr_s0_g0029.json	6357
run_archive/results/e2esr/seed0/e2esr_s0_g0030.json	5652
run_archive/results/e2esr/seed0/e2esr_s0_g0031.json	6107
run_archive/results/e2esr/seed0/e2esr_s0_g0032.json	7316
run_archive/results/e2esr/seed0/e2esr_s0_g0033.json	5334
run_archive/results/e2esr/seed0/e2esr_s0_g0034.json	5195
run_archive/results/e2esr/seed0/e2esr_s0_g0035.json	4837
run_archive/results/e2esr/seed0/e2esr_s0_g0036.json	4962
run_archive/results/e2esr/seed0/e2esr_s0_g0037.json	4292
run_archive/results/e2esr/seed0/e2esr_s0_g0038.json	5892
run_archive/results/e2esr/seed0/e2esr_s0_g0039.json	3974
run_archive/results/e2esr/seed0/e2esr_s0_g0040.json	7092
run_archive/results/e2esr/seed0/e2esr_s0_g0041.json	5711
run_archive/results/e2esr/seed0/e2esr_s0_g0042.json	7247
run_archive/results/e2esr/seed0/e2esr_s0_g0043.json	4529
run_archive/results/e2esr/seed0/e2esr_s0_g0044.json	7639
run_archive/results/e2esr/seed0/e2esr_s0_g0045.json	7394
run_archive/results/e2esr/seed0/e2esr_s0_g0046.json	7179
run_archive/results/e2esr/seed0/e2esr_s0_g0047.json	5396
run_archive/results/e2esr/seed0/e2esr_s0_g0048.json	5009
run_archive/results/e2esr/seed0/e2esr_s0_g0049.json	5014
run_archive/results/e2esr/seed0/e2esr_s0_g0050.json	6504
run_archive/results/e2esr/seed1/e2esr_s1_g0001.json	4973
run_archive/results/e2esr/seed1/e2esr_s1_g0002.json	4864
run_archive/results/e2esr/seed1/e2esr_s1_g0003.json	6338
run_archive/results/e2esr/seed1/e2esr_s1_g0004.json	6481
run_archive/results/e2esr/seed1/e2esr_s1_g0005.json	4523
run_archive/results/e2esr/seed1/e2esr_s1_g0006.json	4562
run_archive/results/e2esr/seed1/e2esr_s1_g0007.json	6352
run_archive/results/e2esr/seed1/e2esr_s1_g0008.json	5984
run_archive/results/e2esr/seed1/e2esr_s1_g0009.json	4249
run_archive/results/e2esr/seed1/e2esr_s1_g0010.json	5595
run_archive/results/e2esr/seed1/e2esr_s1_g0011.json	6557
run_archive/results/e2esr/seed1/e2esr_s1_g0012.json	5382
run_archive/results/e2esr/seed1/e2esr_s1_g0013.json	6515
run_archive/results/e2esr/seed1/e2esr_s1_g0014.json	7264
run_archive/results/e2esr/seed1/e2esr_s1_g0015.json	5312
run_archive/results/e2esr/seed1/e2esr_s1_g0016.json	4790
run_archive/results/e2esr/seed1/e2esr_s1_g0017.json	6423
run_archive/results/e2esr/seed1/e2esr_s1_g0018.json	6020
run_archive/results/e2esr/seed1/e2esr_s1_g0019.json	5496
run_archive/results/e2esr/seed1/e2esr_s1_g0020.json	4711
run_archive/results/e2esr/seed1/e2esr_s1_g0021.json	6985
run_archive/results/e2esr/seed1/e2esr_s1_g0022.json	6480
run_archive/results/e2esr/seed1/e2esr_s1_g0023.json	6227
run_archive/results/e2esr/seed1/e2esr_s1_g0024.json	4217
run_archive/results/e2esr/seed1/e2esr_s1_g0025.json	5358
run_archive/results/e2esr/seed1/e2esr_s1_g0026.json	7048
run_archive/results/e2esr/seed1/e2esr_s1_g0027.json	5492
run_archive/results/e2esr/seed1/e2esr_s1_g0028.json	6193
run_archive/results/e2esr/seed1/e2esr_s1_g0029.json	4700
run_archive/results/e2esr/seed1/e2esr_s1_g0030.json	5514
run_archive/results/e2esr/seed1/e2esr_s1_g0031.json	6856
run_archive/results/e2esr/seed1/e2esr_s1_g0032.json	6080
run_archive/results/e2esr/seed1/e2esr_s1_g0033.json	6959
run_archive/results/e2esr/seed1/e2esr_s1_g0034.json	4707
run_archive/results/e2esr/seed1/e2esr_s1_g0035.json	4872
run_archive/results/e2esr/seed1/e2esr_s1_g0036.json	4854
run_archive/results/e2esr/seed1/e2esr_s1_g0037.json	4292
run_archive/results/e2esr/seed1/e2esr_s1_g0038.json	5097
run_archive/results/e2esr/seed1/e2esr_s1_g0039.json	4298
run_archive/results/e2esr/seed1/e2esr_s1_g0040.json	5992
run_archive/results/e2esr/seed1/e2esr_s1_g0041.json	5329
run_archive/results/e2esr/seed1/e2esr_s1_g0042.json	6374
run_archive/results/e2esr/seed1/e2esr_s1_g0043.json	5175
run_archive/results/e2esr/seed1/e2esr_s1_g0044.json	6505
run_archive/results/e2esr/seed1/e2esr_s1_g0045.json	7711
run_archive/results/e2esr/seed1/e2esr_s1_g0046.json	6923
run_archive/results/e2esr/seed1/e2esr_s1_g0047.json	5897
run_archive/results/e2esr/seed1/e2esr_s1_g0048.json	5365
run_archive/results/e2esr/seed1/e2esr_s1_g0049.json	4963
run_archive/results/e2esr/seed1/e2esr_s1_g0050.json	6771
run_archive/results/e2esr/seed2/e2esr_s2_g0001.json	4813
run_archive/results/e2esr/seed2/e2esr_s2_g0002.json	4864
run_archive/results/e2esr/seed2/e2esr_s2_g0003.json	6494
run_archive/results/e2esr/seed2/e2esr_s2_g0004.json	5219
run_archive/results/e2esr/seed2/e2esr_s2_g0005.json	5307
run_archive/results/e2esr/seed2/e2esr_s2_g0006.json	6057
run_archive/results/e2esr/seed2/e2esr_s2_g0007.json	5176
run_archive/results/e2esr/seed2/e2esr_s2_g0008.json	5040
run_archive/results/e2esr/seed2/e2esr_s2_g0009.json	4682
run_archive/results/e2esr/seed2/e2esr_s2_g0010.json	5803
run_archive/results/e2esr/seed2/e2esr_s2_g0011.json	4896
run_archive/results/e2esr/seed2/e2esr_s2_g0012.json	6237
run_archive/results/e2esr/seed2/e2esr_s2_g0013.json	5540
run_archive/results/e2esr/seed2/e2esr_s2_g0014.json	6710
run_archive/results/e2esr/seed2/e2esr_s2_g0015.json	5653
run_archive/results/e2esr/seed2/e2esr_s2_g0016.json	4802
run_archive/results/e2esr/seed2/e2esr_s2_g0017.json	5707
run_archive/results/e2esr/seed2/e2esr_s2_g0018.json	4965
run_archive/results/e2esr/seed2/e2esr_s2_g0019.json	5525
run_archive/results/e2esr/seed2/e2esr_s2_g0020.json	4711
run_archive/results/e2esr/seed2/e2esr_s2_g0021.json	6179
run_archive/results/e2esr/seed2/e2esr_s2_g0022.json	6564
run_archive/results/e2esr/seed2/e2esr_s2_g0023.json	6298
run_archive/results/e2esr/seed2/e2esr_s2_g0024.json	4217
run_archive/results/e2esr/seed2/e2esr_s2_g0025.json	6833
run_archive/results/e2esr/seed2/e2esr_s2_g0026.json	5999
run_archive/results/e2esr/seed2/e2esr_s2_g0027.json	5493
run_archive/results/e2esr/seed2/e2esr_s2_g0028.json	5329
run_archive/results/e2esr/seed2/e2esr_s2_g0029.json	5667
run_archive/results/e2esr/seed2/e2esr_s2_g0030.json	6246
run_archive/results/e2esr/seed2/e2esr_s2_g0031.json	6451
run_archive/results/e2esr/seed2/e2esr_s2_g0032.json	5549
run_archive/results/e2esr/seed2/e2esr_s2_g0033.json	7833
run_archive/results/e2esr/seed2/e2esr_s2_g0034.json	4172
run_archive/results/e2esr/seed2/e2esr_s2_g0035.json	4872
run_archive/results/e2esr/seed2/e2esr_s2_g0036.json	4817
run_archive/results/e2esr/seed2/e2esr_s2_g0037.json	4103
run_archive/results/e2esr/seed2/e2esr_s2_g0038.json	6130
run_archive/results/e2esr/seed2/e2esr_s2_g0039.json	5211
run_archive/results/e2esr/seed2/e2esr_s2_g0040.json	6023
run_archive/results/e2esr/seed2/e2esr_s2_g0041.json	4979
run_archive/results/e2esr/seed2/e2esr_s2_g0042.json	5338
run_archive/results/e2esr/seed2/e2esr_s2_g0043.json	4450
run_archive/results/e2esr/seed2/e2esr_s2_g0044.json	6328
run_archive/results/e2esr/seed2/e2esr_s2_g0045.json	7608
run_archive/results/e2esr/seed2/e2esr_s2_g0046.json	6311
run_archive/results/e2esr/seed2/e2esr_s2_g0047.json	5514
run_archive/results/e2esr/seed2/e2esr_s2_g0048.json	5150
run_archive/results/e2esr/seed2/e2esr_s2_g0049.json	6186
run_archive/results/e2esr/seed2/e2esr_s2_g0050.json	5832
run_archive/results/e2esr/seed3/e2esr_s3_g0001.json	5220
run_archive/results/e2esr/seed3/e2esr_s3_g0002.json	5883
run_archive/results/e2esr/seed3/e2esr_s3_g0003.json	6190
run_archive/results/e2esr/seed3/e2esr_s3_g0004.json	6578
run_archive/results/e2esr/seed3/e2esr_s3_g0005.json	5652
run_archive/results/e2esr/seed3/e2esr_s3_g0006.json	5088
run_archive/results/e2esr/seed3/e2esr_s3_g0007.json	5176
run_archive/results/e2esr/seed3/e2esr_s3_g0008.json	4312
run_archive/results/e2esr/seed3/e2esr_s3_g0009.json	4840
run_archive/results/e2esr/seed3/e2esr_s3_g0010.json	4937
run_archive/results/e2esr/seed3/e2esr_s3_g0011.json	5773
run_archive/results/e2esr/seed3/e2esr_s3_g0012.json	6497
run_archive/results/e2esr/seed3/e2esr_s3_g0013.json	4900
run_archive/results/e2esr/seed3/e2esr_s3_g0014.json	7790
run_archive/results/e2esr/seed3/e2esr_s3_g0015.json	5943
run_archive/results/e2esr/seed3/e2esr_s3_g0016.json	4802
run_archive/results/e2esr/seed3/e2esr_s3_g0017.json	6820
run_archive/results/e2esr/seed3/e2esr_s3_g0018.json	6020
run_archive/results/e2esr/seed3/e2esr_s3_g0019.json	5525
run_archive/results/e2esr/seed3/e2esr_s3_g0020.json	4711
run_archive/results/e2esr/seed3/e2esr_s3_g0021.json	5194
run_archive/results/e2esr/seed3/e2esr_s3_g0022.json	6607
run_archive/results/e2esr/seed3/e2esr_s3_g0023.json	6847
run_archive/results/e2esr/seed3/e2esr_s3_g0024.json	4846
run_archive/results/e2esr/seed3/e2esr_s3_g0025.json	5448
run_archive/results/e2esr/seed3/e2esr_s3_g0026.json	6099
run_archive/results/e2esr/seed3/e2esr_s3_g0027.json	5493
run_archive/results/e2esr/seed3/e2esr_s3_g0028.json	6051
run_archive/results/e2esr/seed3/e2esr_s3_g0029.json	4699
run_archive/results/e2esr/seed3/e2esr_s3_g0030.json	5814
run_archive/results/e2esr/seed3/e2esr_s3_g0031.json	5365
run_archive/results/e2esr/seed3/e2esr_s3_g0032.json	7214
run_archive/results/e2esr/seed3/e2esr_s3_g0033.json	7436
run_archive/results/e2esr/seed3/e2esr_s3_g0034.json	4111
run_archive/results/e2esr/seed3/e2esr_s3_g0035.json	4865
run_archive/results/e2esr/seed3/e2esr_s3_g0036.json	4141
run_archive/results/e2esr/seed3/e2esr_s3_g0037.json	5379
run_archive/results/e2esr/seed3/e2esr_s3_g0038.json	5361
run_archive/results/e2esr/seed3/e2esr_s3_g0039.json	5560
run_archive/results/e2esr/seed3/e2esr_s3_g0040.json	4916
run_archive/results/e2esr/seed3/e2esr_s3_g0041.json	5311
run_archive/results/e2esr/seed3/e2esr_s3_g0042.json	6055
run_archive/results/e2esr/seed3/e2esr_s3_g0043.json	4678
run_archive/results/e2esr/seed3/e2esr_s3_g0044.json	6995
run_archive/results/e2esr/seed3/e2esr_s3_g0045.json	7480
run_archive/results/e2esr/seed3/e2esr_s3_g0046.json	8128
run_archive/results/e2esr/seed3/e2esr_s3_g0047.json	4644
run_archive/results/e2esr/seed3/e2esr_s3_g0048.json	5339
run_archive/results/e2esr/seed3/e2esr_s3_g0049.json	5664
run_archive/results/e2esr/seed3/e2esr_s3_g0050.json	5989
run_archive/results/e2esr/seed4/e2esr_s4_g0001.json	4862
run_archive/results/e2esr/seed4/e2esr_s4_g0002.json	5638
run_archive/results/e2esr/seed4/e2esr_s4_g0003.json	6881
run_archive/results/e2esr/seed4/e2esr_s4_g0004.json	5117
run_archive/results/e2esr/seed4/e2esr_s4_g0005.json	4952
run_archive/results/e2esr/seed4/e2esr_s4_g0006.json	6053
run_archive/results/e2esr/seed4/e2esr_s4_g0007.json	5176
run_archive/results/e2esr/seed4/e2esr_s4_g0008.json	4312
run_archive/results/e2esr/seed4/e2esr_s4_g0009.json	4875
run_archive/results/e2esr/seed4/e2esr_s4_g0010.json	5160
run_archive/results/e2esr/seed4/e2esr_s4_g0011.json	4896
run_archive/results/e2esr/seed4/e2esr_s4_g0012.json	5780
run_archive/results/e2esr/seed4/e2esr_s4_g0013.json	4189
run_archive/results/e2esr/seed4/e2esr_s4_g0014.json	7530
run_archive/results/e2esr/seed4/e2esr_s4_g0015.json	5901
run_archive/results/e2esr/seed4/e2esr_s4_g0016.json	4802
run_archive/results/e2esr/seed4/e2esr_s4_g0017.json	5932
run_archive/results/e2esr/seed4/e2esr_s4_g0018.json	6020
run_archive/results/e2esr/seed4/e2esr_s4_g0019.json	5525
run_archive/results/e2esr/seed4/e2esr_s4_g0020.json	4712
run_archive/results/e2esr/seed4/e2esr_s4_g0021.json	7256
run_archive/results/e2esr/seed4/e2esr_s4_g0022.json	6403
run_archive/results/e2esr/seed4/e2esr_s4_g0023.json	7313
run_archive/results/e2esr/seed4/e2esr_s4_g0024.json	4217
run_archive/results/e2esr/seed4/e2esr_s4_g0025.json	5351
run_archive/results/e2esr/seed4/e2esr_s4_g0026.json	4822
run_archive/results/e2esr/seed4/e2esr_s4_g0027.json	5493
run_archive/results/e2esr/seed4/e2esr_s4_g0028.json	5904
run_archive/results/e2esr/seed4/e2esr_s4_g0029.json	4794
run_archive/results/e2esr/seed4/e2esr_s4_g0030.json	6106
run_archive/results/e2esr/seed4/e2esr_s4_g0031.json	4708
run_archive/results/e2esr/seed4/e2esr_s4_g0032.json	6053
run_archive/results/e2esr/seed4/e2esr_s4_g0033.json	7804
run_archive/results/e2esr/seed4/e2esr_s4_g0034.json	4103
run_archive/results/e2esr/seed4/e2esr_s4_g0035.json	5541
run_archive/results/e2esr/seed4/e2esr_s4_g0036.json	4812
run_archive/results/e2esr/seed4/e2esr_s4_g0037.json	4104
run_archive/results/e2esr/seed4/e2esr_s4_g0038.json	5749
run_archive/results/e2esr/seed4/e2esr_s4_g0039.json	4158
run_archive/results/e2esr/seed4/e2esr_s4_g0040.json	6535
run_archive/results/e2esr/seed4/e2esr_s4_g0041.json	4909
run_archive/results/e2esr/seed4/e2esr_s4_g0042.json	5260
run_archive/results/e2esr/seed4/e2esr_s4_g0043.json	4646
run_archive/results/e2esr/seed4/e2esr_s4_g0044.json	5791
run_archive/results/e2esr/seed4/e2esr_s4_g0045.json	7247
run_archive/results/e2esr/seed4/e2esr_s4_g0046.json	7064
run_archive/results/e2esr/seed4/e2esr_s4_g0047.json	4643
run_archive/results/e2esr/seed4/e2esr_s4_g0048.json	5560
run_archive/results/e2esr/seed4/e2esr_s4_g0049.json	5700
run_archive/results/e2esr/seed4/e2esr_s4_g0050.json	4645
run_archive/results/gplearn/seed0/gplearn_s0_g0001.json	6069
run_archive/results/gplearn/seed0/gplearn_s0_g0002.json	51783
run_archive/results/gplearn/seed0/gplearn_s0_g0003.json	4277
run_archive/results/gplearn/seed0/gplearn_s0_g0004.json	4144
run_archive/results/gplearn/seed0/gplearn_s0_g0005.json	6232
run_archive/results/gplearn/seed0/gplearn_s0_g0006.json	4444
run_archive/results/gplearn/seed0/gplearn_s0_g0007.json	6280
run_archive/results/gplearn/seed0/gplearn_s0_g0008.json	4337
run_archive/results/gplearn/seed0/gplearn_s0_g0009.json	4156
run_archive/results/gplearn/seed0/gplearn_s0_g0010.json	4419
run_archive/results/gplearn/seed0/gplearn_s0_g0011.json	4338
run_archive/results/gplearn/seed0/gplearn_s0_g0012.json	4827
run_archive/results/gplearn/seed0/gplearn_s0_g0013.json	4179
run_archive/results/gplearn/seed0/gplearn_s0_g0014.json	47103
run_archive/results/gplearn/seed0/gplearn_s0_g0015.json	4522
run_archive/results/gplearn/seed0/gplearn_s0_g0016.json	4385
run_archive/results/gplearn/seed0/gplearn_s0_g0017.json	5249
run_archive/results/gplearn/seed0/gplearn_s0_g0018.json	4564
run_archive/results/gplearn/seed0/gplearn_s0_g0019.json	118016
run_archive/results/gplearn/seed0/gplearn_s0_g0020.json	5161
run_archive/results/gplearn/seed0/gplearn_s0_g0021.json	59822
run_archive/results/gplearn/seed0/gplearn_s0_g0022.json	4480
run_archive/results/gplearn/seed0/gplearn_s0_g0023.json	5599
run_archive/results/gplearn/seed0/gplearn_s0_g0024.json	5254
run_archive/results/gplearn/seed0/gplearn_s0_g0025.json	4523
run_archive/results/gplearn/seed0/gplearn_s0_g0026.json	4629
run_archive/results/gplearn/seed0/gplearn_s0_g0027.json	5416
run_archive/results/gplearn/seed0/gplearn_s0_g0028.json	74104
run_archive/results/gplearn/seed0/gplearn_s0_g0029.json	5416
run_archive/results/gplearn/seed0/gplearn_s0_g0030.json	59788
run_archive/results/gplearn/seed0/gplearn_s0_g0031.json	5609
run_archive/results/gplearn/seed0/gplearn_s0_g0032.json	4232
run_archive/results/gplearn/seed0/gplearn_s0_g0033.json	4466
run_archive/results/gplearn/seed0/gplearn_s0_g0034.json	4210
run_archive/results/gplearn/seed0/gplearn_s0_g0035.json	4161
run_archive/results/gplearn/seed0/gplearn_s0_g0036.json	4269
run_archive/results/gplearn/seed0/gplearn_s0_g0037.json	4446
run_archive/results/gplearn/seed0/gplearn_s0_g0038.json	4332
run_archive/results/gplearn/seed0/gplearn_s0_g0039.json	4002
run_archive/results/gplearn/seed0/gplearn_s0_g0040.json	6188
run_archive/results/gplearn/seed0/gplearn_s0_g0041.json	4333
run_archive/results/gplearn/seed0/gplearn_s0_g0042.json	5042
run_archive/results/gplearn/seed0/gplearn_s0_g0043.json	4384
run_archive/results/gplearn/seed0/gplearn_s0_g0044.json	4339
run_archive/results/gplearn/seed0/gplearn_s0_g0045.json	4375
run_archive/results/gplearn/seed0/gplearn_s0_g0046.json	4639
run_archive/results/gplearn/seed0/gplearn_s0_g0047.json	5534
run_archive/results/gplearn/seed0/gplearn_s0_g0048.json	8155
run_archive/results/gplearn/seed0/gplearn_s0_g0049.json	4186
run_archive/results/gplearn/seed0/gplearn_s0_g0050.json	4292
run_archive/results/gplearn/seed1/gplearn_s1_g0001.json	5799
run_archive/results/gplearn/seed1/gplearn_s1_g0002.json	35015
run_archive/results/gplearn/seed1/gplearn_s1_g0003.json	4277
run_archive/results/gplearn/seed1/gplearn_s1_g0004.json	4148
run_archive/results/gplearn/seed1/gplearn_s1_g0005.json	4234
run_archive/results/gplearn/seed1/gplearn_s1_g0006.json	4533
run_archive/results/gplearn/seed1/gplearn_s1_g0007.json	5325
run_archive/results/gplearn/seed1/gplearn_s1_g0008.json	4329
run_archive/results/gplearn/seed1/gplearn_s1_g0009.json	4421
run_archive/results/gplearn/seed1/gplearn_s1_g0010.json	4115
run_archive/results/gplearn/seed1/gplearn_s1_g0011.json	4337
run_archive/results/gplearn/seed1/gplearn_s1_g0012.json	4825
run_archive/results/gplearn/seed1/gplearn_s1_g0013.json	4320
run_archive/results/gplearn/seed1/gplearn_s1_g0014.json	59086
run_archive/results/gplearn/seed1/gplearn_s1_g0015.json	4802
run_archive/results/gplearn/seed1/gplearn_s1_g0016.json	5544
run_archive/results/gplearn/seed1/gplearn_s1_g0017.json	4819
run_archive/results/gplearn/seed1/gplearn_s1_g0018.json	4566
run_archive/results/gplearn/seed1/gplearn_s1_g0019.json	74270
run_archive/results/gplearn/seed1/gplearn_s1_g0020.json	5120
run_archive/results/gplearn/seed1/gplearn_s1_g0021.json	78328
run_archive/results/gplearn/seed1/gplearn_s1_g0022.json	4480
run_archive/results/gplearn/seed1/gplearn_s1_g0023.json	9011
run_archive/results/gplearn/seed1/gplearn_s1_g0024.json	5846
run_archive/results/gplearn/seed1/gplearn_s1_g0025.json	4396
run_archive/results/gplearn/seed1/gplearn_s1_g0026.json	4557
run_archive/results/gplearn/seed1/gplearn_s1_g0027.json	4512
run_archive/results/gplearn/seed1/gplearn_s1_g0028.json	84948
run_archive/results/gplearn/seed1/gplearn_s1_g0029.json	5595
run_archive/results/gplearn/seed1/gplearn_s1_g0030.json	4247
run_archive/results/gplearn/seed1/gplearn_s1_g0031.json	5415
run_archive/results/gplearn/seed1/gplearn_s1_g0032.json	4359
run_archive/results/gplearn/seed1/gplearn_s1_g0033.json	4447
run_archive/results/gplearn/seed1/gplearn_s1_g0034.json	4168
run_archive/results/gplearn/seed1/gplearn_s1_g0035.json	4164
run_archive/results/gplearn/seed1/gplearn_s1_g0036.json	4264
run_archive/results/gplearn/seed1/gplearn_s1_g0037.json	4220
run_archive/results/gplearn/seed1/gplearn_s1_g0038.json	4446
run_archive/results/gplearn/seed1/gplearn_s1_g0039.json	4165
run_archive/results/gplearn/seed1/gplearn_s1_g0040.json	5337
run_archive/results/gplearn/seed1/gplearn_s1_g0041.json	4550
run_archive/results/gplearn/seed1/gplearn_s1_g0042.json	4887
run_archive/results/gplearn/seed1/gplearn_s1_g0043.json	4272
run_archive/results/gplearn/seed1/gplearn_s1_g0044.json	4339
run_archive/results/gplearn/seed1/gplearn_s1_g0045.json	4375
run_archive/results/gplearn/seed1/gplearn_s1_g0046.json	4809
run_archive/results/gplearn/seed1/gplearn_s1_g0047.json	6434
run_archive/results/gplearn/seed1/gplearn_s1_g0048.json	7913
run_archive/results/gplearn/seed1/gplearn_s1_g0049.json	4193
run_archive/results/gplearn/seed1/gplearn_s1_g0050.json	4635
run_archive/results/gplearn/seed2/gplearn_s2_g0001.json	4828
run_archive/results/gplearn/seed2/gplearn_s2_g0002.json	32707
run_archive/results/gplearn/seed2/gplearn_s2_g0003.json	4367
run_archive/results/gplearn/seed2/gplearn_s2_g0004.json	4251
run_archive/results/gplearn/seed2/gplearn_s2_g0005.json	4319
run_archive/results/gplearn/seed2/gplearn_s2_g0006.json	4983
run_archive/results/gplearn/seed2/gplearn_s2_g0007.json	5932
run_archive/results/gplearn/seed2/gplearn_s2_g0008.json	4414
run_archive/results/gplearn/seed2/gplearn_s2_g0009.json	4380
run_archive/results/gplearn/seed2/gplearn_s2_g0010.json	4115
run_archive/results/gplearn/seed2/gplearn_s2_g0011.json	4336
run_archive/results/gplearn/seed2/gplearn_s2_g0012.json	4997
run_archive/results/gplearn/seed2/gplearn_s2_g0013.json	4227
run_archive/results/gplearn/seed2/gplearn_s2_g0014.json	96503
run_archive/results/gplearn/seed2/gplearn_s2_g0015.json	4490
run_archive/results/gplearn/seed2/gplearn_s2_g0016.json	6125
run_archive/results/gplearn/seed2/gplearn_s2_g0017.json	4602
run_archive/results/gplearn/seed2/gplearn_s2_g0018.json	6456
run_archive/results/gplearn/seed2/gplearn_s2_g0019.json	194153
run_archive/results/gplearn/seed2/gplearn_s2_g0020.json	5187
run_archive/results/gplearn/seed2/gplearn_s2_g0021.json	417485
run_archive/results/gplearn/seed2/gplearn_s2_g0022.json	4707
run_archive/results/gplearn/seed2/gplearn_s2_g0023.json	7799
run_archive/results/gplearn/seed2/gplearn_s2_g0024.json	5435
run_archive/results/gplearn/seed2/gplearn_s2_g0025.json	4666
run_archive/results/gplearn/seed2/gplearn_s2_g0026.json	4769
run_archive/results/gplearn/seed2/gplearn_s2_g0027.json	4515
run_archive/results/gplearn/seed2/gplearn_s2_g0028.json	218897
run_archive/results/gplearn/seed2/gplearn_s2_g0029.json	4874
run_archive/results/gplearn/seed2/gplearn_s2_g0030.json	4273
run_archive/results/gplearn/seed2/gplearn_s2_g0031.json	5625
run_archive/results/gplearn/seed2/gplearn_s2_g0032.json	4232
run_archive/results/gplearn/seed2/gplearn_s2_g0033.json	4392
run_archive/results/gplearn/seed2/gplearn_s2_g0034.json	4037
run_archive/results/gplearn/seed2/gplearn_s2_g0035.json	4163
run_archive/results/gplearn/seed2/gplearn_s2_g0036.json	4181
run_archive/results/gplearn/seed2/gplearn_s2_g0037.json	4368
run_archive/results/gplearn/seed2/gplearn_s2_g0038.json	4525
run_archive/results/gplearn/seed2/gplearn_s2_g0039.json	4001
run_archive/results/gplearn/seed2/gplearn_s2_g0040.json	4630
run_archive/results/gplearn/seed2/gplearn_s2_g0041.json	4475
run_archive/results/gplearn/seed2/gplearn_s2_g0042.json	4260
run_archive/results/gplearn/seed2/gplearn_s2_g0043.json	4306
run_archive/results/gplearn/seed2/gplearn_s2_g0044.json	4339
run_archive/results/gplearn/seed2/gplearn_s2_g0045.json	4375
run_archive/results/gplearn/seed2/gplearn_s2_g0046.json	5056
run_archive/results/gplearn/seed2/gplearn_s2_g0047.json	5057
run_archive/results/gplearn/seed2/gplearn_s2_g0048.json	8069
run_archive/results/gplearn/seed2/gplearn_s2_g0049.json	4194
run_archive/results/gplearn/seed2/gplearn_s2_g0050.json	4672
run_archive/results/gplearn/seed3/gplearn_s3_g0001.json	4401
run_archive/results/gplearn/seed3/gplearn_s3_g0002.json	57132
run_archive/results/gplearn/seed3/gplearn_s3_g0003.json	4277
run_archive/results/gplearn/seed3/gplearn_s3_g0004.json	4251
run_archive/results/gplearn/seed3/gplearn_s3_g0005.json	4497
run_archive/results/gplearn/seed3/gplearn_s3_g0006.json	4375
run_archive/results/gplearn/seed3/gplearn_s3_g0007.json	10714
run_archive/results/gplearn/seed3/gplearn_s3_g0008.json	4225
run_archive/results/gplearn/seed3/gplearn_s3_g0009.json	4669
run_archive/results/gplearn/seed3/gplearn_s3_g0010.json	4500
run_archive/results/gplearn/seed3/gplearn_s3_g0011.json	4333
run_archive/results/gplearn/seed3/gplearn_s3_g0012.json	4359
run_archive/results/gplearn/seed3/gplearn_s3_g0013.json	4320
run_archive/results/gplearn/seed3/gplearn_s3_g0014.json	80697
run_archive/results/gplearn/seed3/gplearn_s3_g0015.json	5646
run_archive/results/gplearn/seed3/gplearn_s3_g0016.json	4385
run_archive/results/gplearn/seed3/gplearn_s3_g0017.json	4907
run_archive/results/gplearn/seed3/gplearn_s3_g0018.json	4564
run_archive/results/gplearn/seed3/gplearn_s3_g0019.json	56540
run_archive/results/gplearn/seed3/gplearn_s3_g0020.json	5618
run_archive/results/gplearn/seed3/gplearn_s3_g0021.json	105075
run_archive/results/gplearn/seed3/gplearn_s3_g0022.json	4708
run_archive/results/gplearn/seed3/gplearn_s3_g0023.json	9069
run_archive/results/gplearn/seed3/gplearn_s3_g0024.json	5972
run_archive/results/gplearn/seed3/gplearn_s3_g0025.json	4444
run_archive/results/gplearn/seed3/gplearn_s3_g0026.json	4486
run_archive/results/gplearn/seed3/gplearn_s3_g0027.json	8344
run_archive/results/gplearn/seed3/gplearn_s3_g0028.json	111429
run_archive/results/gplearn/seed3/gplearn_s3_g0029.json	5320
run_archive/results/gplearn/seed3/gplearn_s3_g0030.json	100844
run_archive/results/gplearn/seed3/gplearn_s3_g0031.json	5678
run_archive/results/gplearn/seed3/gplearn_s3_g0032.json	4231
run_archive/results/gplearn/seed3/gplearn_s3_g0033.json	4392
run_archive/results/gplearn/seed3/gplearn_s3_g0034.json	4184
run_archive/results/gplearn/seed3/gplearn_s3_g0035.json	4164
run_archive/results/gplearn/seed3/gplearn_s3_g0036.json	4174
run_archive/results/gplearn/seed3/gplearn_s3_g0037.json	4220
run_archive/results/gplearn/seed3/gplearn_s3_g0038.json	4380
run_archive/results/gplearn/seed3/gplearn_s3_g0039.json	4002
run_archive/results/gplearn/seed3/gplearn_s3_g0040.json	4456
run_archive/results/gplearn/seed3/gplearn_s3_g0041.json	4567
run_archive/results/gplearn/seed3/gplearn_s3_g0042.json	5214
run_archive/results/gplearn/seed3/gplearn_s3_g0043.json	4749
run_archive/results/gplearn/seed3/gplearn_s3_g0044.json	4339
run_archive/results/gplearn/seed3/gplearn_s3_g0045.json	4375
run_archive/results/gplearn/seed3/gplearn_s3_g0046.json	4569
run_archive/results/gplearn/seed3/gplearn_s3_g0047.json	6975
run_archive/results/gplearn/seed3/gplearn_s3_g0048.json	11298
run_archive/results/gplearn/seed3/gplearn_s3_g0049.json	4193
run_archive/results/gplearn/seed3/gplearn_s3_g0050.json	4441
run_archive/results/gplearn/seed4/gplearn_s4_g0001.json	5423
run_archive/results/gplearn/seed4/gplearn_s4_g0002.json	36455
run_archive/results/gplearn/seed4/gplearn_s4_g0003.json	4277
run_archive/results/gplearn/seed4/gplearn_s4_g0004.json	4182
run_archive/results/gplearn/seed4/gplearn_s4_g0005.json	5971
run_archive/results/gplearn/seed4/gplearn_s4_g0006.json	4970
run_archive/results/gplearn/seed4/gplearn_s4_g0007.json	5417
run_archive/results/gplearn/seed4/gplearn_s4_g0008.json	4219
run_archive/results/gplearn/seed4/gplearn_s4_g0009.json	4415
run_archive/results/gplearn/seed4/gplearn_s4_g0010.json	4431
run_archive/results/gplearn/seed4/gplearn_s4_g0011.json	4334
run_archive/results/gplearn/seed4/gplearn_s4_g0012.json	4968
run_archive/results/gplearn/seed4/gplearn_s4_g0013.json	4403
run_archive/results/gplearn/seed4/gplearn_s4_g0014.json	64411
run_archive/results/gplearn/seed4/gplearn_s4_g0015.json	5218
run_archive/results/gplearn/seed4/gplearn_s4_g0016.json	4561
run_archive/results/gplearn/seed4/gplearn_s4_g0017.json	4729
run_archive/results/gplearn/seed4/gplearn_s4_g0018.json	4563
run_archive/results/gplearn/seed4/gplearn_s4_g0019.json	32705
run_archive/results/gplearn/seed4/gplearn_s4_g0020.json	4763
run_archive/results/gplearn/seed4/gplearn_s4_g0021.json	80982
run_archive/results/gplearn/seed4/gplearn_s4_g0022.json	4480
run_archive/results/gplearn/seed4/gplearn_s4_g0023.json	6001
run_archive/results/gplearn/seed4/gplearn_s4_g0024.json	5773
run_archive/results/gplearn/seed4/gplearn_s4_g0025.json	4773
run_archive/results/gplearn/seed4/gplearn_s4_g0026.json	4638
run_archive/results/gplearn/seed4/gplearn_s4_g0027.json	4540
run_archive/results/gplearn/seed4/gplearn_s4_g0028.json	85866
run_archive/results/gplearn/seed4/gplearn_s4_g0029.json	4715
run_archive/results/gplearn/seed4/gplearn_s4_g0030.json	67636
run_archive/results/gplearn/seed4/gplearn_s4_g0031.json	5430
run_archive/results/gplearn/seed4/gplearn_s4_g0032.json	4232
run_archive/results/gplearn/seed4/gplearn_s4_g0033.json	4383
run_archive/results/gplearn/seed4/gplearn_s4_g0034.json	4174
run_archive/results/gplearn/seed4/gplearn_s4_g0035.json	4161
run_archive/results/gplearn/seed4/gplearn_s4_g0036.json	4372
run_archive/results/gplearn/seed4/gplearn_s4_g0037.json	4223
run_archive/results/gplearn/seed4/gplearn_s4_g0038.json	4544
run_archive/results/gplearn/seed4/gplearn_s4_g0039.json	4141
run_archive/results/gplearn/seed4/gplearn_s4_g0040.json	4630
run_archive/results/gplearn/seed4/gplearn_s4_g0041.json	4354
run_archive/results/gplearn/seed4/gplearn_s4_g0042.json	5428
run_archive/results/gplearn/seed4/gplearn_s4_g0043.json	4261
run_archive/results/gplearn/seed4/gplearn_s4_g0044.json	4339
run_archive/results/gplearn/seed4/gplearn_s4_g0045.json	4375
run_archive/results/gplearn/seed4/gplearn_s4_g0046.json	5144
run_archive/results/gplearn/seed4/gplearn_s4_g0047.json	6285
run_archive/results/gplearn/seed4/gplearn_s4_g0048.json	9401
run_archive/results/gplearn/seed4/gplearn_s4_g0049.json	4191
run_archive/results/gplearn/seed4/gplearn_s4_g0050.json	4525
run_archive/results/imcts/seed0/imcts_s0_g0001.json	4457
run_archive/results/imcts/seed0/imcts_s0_g0002.json	5373
run_archive/results/imcts/seed0/imcts_s0_g0003.json	5135
run_archive/results/imcts/seed0/imcts_s0_g0004.json	4059
run_archive/results/imcts/seed0/imcts_s0_g0005.json	4343
run_archive/results/imcts/seed0/imcts_s0_g0006.json	4170
run_archive/results/imcts/seed0/imcts_s0_g0007.json	4247
run_archive/results/imcts/seed0/imcts_s0_g0008.json	4291
run_archive/results/imcts/seed0/imcts_s0_g0009.json	4360
run_archive/results/imcts/seed0/imcts_s0_g0010.json	4228
run_archive/results/imcts/seed0/imcts_s0_g0011.json	5986
run_archive/results/imcts/seed0/imcts_s0_g0012.json	4992
run_archive/results/imcts/seed0/imcts_s0_g0013.json	4105
run_archive/results/imcts/seed0/imcts_s0_g0014.json	4506
run_archive/results/imcts/seed0/imcts_s0_g0015.json	4195
run_archive/results/imcts/seed0/imcts_s0_g0016.json	4518
run_archive/results/imcts/seed0/imcts_s0_g0017.json	4561
run_archive/results/imcts/seed0/imcts_s0_g0018.json	4641
run_archive/results/imcts/seed0/imcts_s0_g0019.json	4382
run_archive/results/imcts/seed0/imcts_s0_g0020.json	5676
run_archive/results/imcts/seed0/imcts_s0_g0021.json	4243
run_archive/results/imcts/seed0/imcts_s0_g0022.json	4457
run_archive/results/imcts/seed0/imcts_s0_g0023.json	4892
run_archive/results/imcts/seed0/imcts_s0_g0024.json	4306
run_archive/results/imcts/seed0/imcts_s0_g0025.json	4495
run_archive/results/imcts/seed0/imcts_s0_g0026.json	4488
run_archive/results/imcts/seed0/imcts_s0_g0027.json	4729
run_archive/results/imcts/seed0/imcts_s0_g0028.json	4052
run_archive/results/imcts/seed0/imcts_s0_g0029.json	4905
run_archive/results/imcts/seed0/imcts_s0_g0030.json	4404
run_archive/results/imcts/seed0/imcts_s0_g0031.json	9109
run_archive/results/imcts/seed0/imcts_s0_g0032.json	4470
run_archive/results/imcts/seed0/imcts_s0_g0033.json	4742
run_archive/results/imcts/seed0/imcts_s0_g0034.json	4682
run_archive/results/imcts/seed0/imcts_s0_g0035.json	4432
run_archive/results/imcts/seed0/imcts_s0_g0036.json	4978
run_archive/results/imcts/seed0/imcts_s0_g0037.json	5164
run_archive/results/imcts/seed0/imcts_s0_g0038.json	4839
run_archive/results/imcts/seed0/imcts_s0_g0039.json	4483
run_archive/results/imcts/seed0/imcts_s0_g0040.json	4788
run_archive/results/imcts/seed0/imcts_s0_g0041.json	5419
run_archive/results/imcts/seed0/imcts_s0_g0042.json	4472
run_archive/results/imcts/seed0/imcts_s0_g0043.json	4969
run_archive/results/imcts/seed0/imcts_s0_g0044.json	4285
run_archive/results/imcts/seed0/imcts_s0_g0045.json	4483
run_archive/results/imcts/seed0/imcts_s0_g0046.json	4402
run_archive/results/imcts/seed0/imcts_s0_g0047.json	4418
run_archive/results/imcts/seed0/imcts_s0_g0048.json	9177
run_archive/results/imcts/seed0/imcts_s0_g0049.json	4713
run_archive/results/imcts/seed0/imcts_s0_g0050.json	4526
run_archive/results/imcts/seed1/imcts_s1_g0001.json	4088
run_archive/results/imcts/seed1/imcts_s1_g0002.json	6882
run_archive/results/imcts/seed1/imcts_s1_g0003.json	4164
run_archive/results/imcts/seed1/imcts_s1_g0004.json	4202
run_archive/results/imcts/seed1/imcts_s1_g0005.json	4883
run_archive/results/imcts/seed1/imcts_s1_g0006.json	3986
run_archive/results/imcts/seed1/imcts_s1_g0007.json	4260
run_archive/results/imcts/seed1/imcts_s1_g0008.json	5030
run_archive/results/imcts/seed1/imcts_s1_g0009.json	3940
run_archive/results/imcts/seed1/imcts_s1_g0010.json	4331
run_archive/results/imcts/seed1/imcts_s1_g0011.json	5778
run_archive/results/imcts/seed1/imcts_s1_g0012.json	5605
run_archive/results/imcts/seed1/imcts_s1_g0013.json	4107
run_archive/results/imcts/seed1/imcts_s1_g0014.json	4322
run_archive/results/imcts/seed1/imcts_s1_g0015.json	6169
run_archive/results/imcts/seed1/imcts_s1_g0016.json	4116
run_archive/results/imcts/seed1/imcts_s1_g0017.json	4702
run_archive/results/imcts/seed1/imcts_s1_g0018.json	4173
run_archive/results/imcts/seed1/imcts_s1_g0019.json	4331
run_archive/results/imcts/seed1/imcts_s1_g0020.json	5422
run_archive/results/imcts/seed1/imcts_s1_g0021.json	4462
run_archive/results/imcts/seed1/imcts_s1_g0022.json	4298
run_archive/results/imcts/seed1/imcts_s1_g0023.json	6850
run_archive/results/imcts/seed1/imcts_s1_g0024.json	5477
run_archive/results/imcts/seed1/imcts_s1_g0025.json	4514
run_archive/results/imcts/seed1/imcts_s1_g0026.json	4482
run_archive/results/imcts/seed1/imcts_s1_g0027.json	4809
run_archive/results/imcts/seed1/imcts_s1_g0028.json	4137
run_archive/results/imcts/seed1/imcts_s1_g0029.json	4592
run_archive/results/imcts/seed1/imcts_s1_g0030.json	4710
run_archive/results/imcts/seed1/imcts_s1_g0031.json	6273
run_archive/results/imcts/seed1/imcts_s1_g0032.json	4633
run_archive/results/imcts/seed1/imcts_s1_g0033.json	5261
run_archive/results/imcts/seed1/imcts_s1_g0034.json	4687
run_archive/results/imcts/seed1/imcts_s1_g0035.json	4502
run_archive/results/imcts/seed1/imcts_s1_g0036.json	5000
run_archive/results/imcts/seed1/imcts_s1_g0037.json	4827
run_archive/results/imcts/seed1/imcts_s1_g0038.json	4951
run_archive/results/imcts/seed1/imcts_s1_g0039.json	5593
run_archive/results/imcts/seed1/imcts_s1_g0040.json	4937
run_archive/results/imcts/seed1/imcts_s1_g0041.json	5516
run_archive/results/imcts/seed1/imcts_s1_g0042.json	4630
run_archive/results/imcts/seed1/imcts_s1_g0043.json	5001
run_archive/results/imcts/seed1/imcts_s1_g0044.json	6041
run_archive/results/imcts/seed1/imcts_s1_g0045.json	4429
run_archive/results/imcts/seed1/imcts_s1_g0046.json	4754
run_archive/results/imcts/seed1/imcts_s1_g0047.json	4427
run_archive/results/imcts/seed1/imcts_s1_g0048.json	6334
run_archive/results/imcts/seed1/imcts_s1_g0049.json	4470
run_archive/results/imcts/seed1/imcts_s1_g0050.json	4485
run_archive/results/imcts/seed2/imcts_s2_g0001.json	4087
run_archive/results/imcts/seed2/imcts_s2_g0002.json	7341
run_archive/results/imcts/seed2/imcts_s2_g0003.json	4297
run_archive/results/imcts/seed2/imcts_s2_g0004.json	4064
run_archive/results/imcts/seed2/imcts_s2_g0005.json	5001
run_archive/results/imcts/seed2/imcts_s2_g0006.json	4369
run_archive/results/imcts/seed2/imcts_s2_g0007.json	4463
run_archive/results/imcts/seed2/imcts_s2_g0008.json	4289
run_archive/results/imcts/seed2/imcts_s2_g0009.json	4377
run_archive/results/imcts/seed2/imcts_s2_g0010.json	4179
run_archive/results/imcts/seed2/imcts_s2_g0011.json	6026
run_archive/results/imcts/seed2/imcts_s2_g0012.json	4544
run_archive/results/imcts/seed2/imcts_s2_g0013.json	4107
run_archive/results/imcts/seed2/imcts_s2_g0014.json	4509
run_archive/results/imcts/seed2/imcts_s2_g0015.json	4279
run_archive/results/imcts/seed2/imcts_s2_g0016.json	4616
run_archive/results/imcts/seed2/imcts_s2_g0017.json	4517
run_archive/results/imcts/seed2/imcts_s2_g0018.json	4328
run_archive/results/imcts/seed2/imcts_s2_g0019.json	5566
run_archive/results/imcts/seed2/imcts_s2_g0020.json	5066
run_archive/results/imcts/seed2/imcts_s2_g0021.json	4425
run_archive/results/imcts/seed2/imcts_s2_g0022.json	4468
run_archive/results/imcts/seed2/imcts_s2_g0023.json	4881
run_archive/results/imcts/seed2/imcts_s2_g0024.json	5128
run_archive/results/imcts/seed2/imcts_s2_g0025.json	4325
run_archive/results/imcts/seed2/imcts_s2_g0026.json	4673
run_archive/results/imcts/seed2/imcts_s2_g0027.json	4696
run_archive/results/imcts/seed2/imcts_s2_g0028.json	4051
run_archive/results/imcts/seed2/imcts_s2_g0029.json	4376
run_archive/results/imcts/seed2/imcts_s2_g0030.json	4640
run_archive/results/imcts/seed2/imcts_s2_g0031.json	4398
run_archive/results/imcts/seed2/imcts_s2_g0032.json	4400
run_archive/results/imcts/seed2/imcts_s2_g0033.json	4920
run_archive/results/imcts/seed2/imcts_s2_g0034.json	4660
run_archive/results/imcts/seed2/imcts_s2_g0035.json	4144
run_archive/results/imcts/seed2/imcts_s2_g0036.json	5597
run_archive/results/imcts/seed2/imcts_s2_g0037.json	5075
run_archive/results/imcts/seed2/imcts_s2_g0038.json	4897
run_archive/results/imcts/seed2/imcts_s2_g0039.json	4746
run_archive/results/imcts/seed2/imcts_s2_g0040.json	5070
run_archive/results/imcts/seed2/imcts_s2_g0041.json	5076
run_archive/results/imcts/seed2/imcts_s2_g0042.json	4520
run_archive/results/imcts/seed2/imcts_s2_g0043.json	4411
run_archive/results/imcts/seed2/imcts_s2_g0044.json	4282
run_archive/results/imcts/seed2/imcts_s2_g0045.json	4667
run_archive/results/imcts/seed2/imcts_s2_g0046.json	4895
run_archive/results/imcts/seed2/imcts_s2_g0047.json	4425
run_archive/results/imcts/seed2/imcts_s2_g0048.json	5423
run_archive/results/imcts/seed2/imcts_s2_g0049.json	4454
run_archive/results/imcts/seed2/imcts_s2_g0050.json	4469
run_archive/results/imcts/seed3/imcts_s3_g0001.json	4509
run_archive/results/imcts/seed3/imcts_s3_g0002.json	5483
run_archive/results/imcts/seed3/imcts_s3_g0003.json	4167
run_archive/results/imcts/seed3/imcts_s3_g0004.json	4052
run_archive/results/imcts/seed3/imcts_s3_g0005.json	4214
run_archive/results/imcts/seed3/imcts_s3_g0006.json	3982
run_archive/results/imcts/seed3/imcts_s3_g0007.json	4437
run_archive/results/imcts/seed3/imcts_s3_g0008.json	4554
run_archive/results/imcts/seed3/imcts_s3_g0009.json	4263
run_archive/results/imcts/seed3/imcts_s3_g0010.json	4319
run_archive/results/imcts/seed3/imcts_s3_g0011.json	7127
run_archive/results/imcts/seed3/imcts_s3_g0012.json	5998
run_archive/results/imcts/seed3/imcts_s3_g0013.json	4103
run_archive/results/imcts/seed3/imcts_s3_g0014.json	4358
run_archive/results/imcts/seed3/imcts_s3_g0015.json	5531
run_archive/results/imcts/seed3/imcts_s3_g0016.json	4556
run_archive/results/imcts/seed3/imcts_s3_g0017.json	4365
run_archive/results/imcts/seed3/imcts_s3_g0018.json	4453
run_archive/results/imcts/seed3/imcts_s3_g0019.json	4249
run_archive/results/imcts/seed3/imcts_s3_g0020.json	5183
run_archive/results/imcts/seed3/imcts_s3_g0021.json	4244
run_archive/results/imcts/seed3/imcts_s3_g0022.json	4299
run_archive/results/imcts/seed3/imcts_s3_g0023.json	4368
run_archive/results/imcts/seed3/imcts_s3_g0024.json	5454
run_archive/results/imcts/seed3/imcts_s3_g0025.json	4338
run_archive/results/imcts/seed3/imcts_s3_g0026.json	4634
run_archive/results/imcts/seed3/imcts_s3_g0027.json	4691
run_archive/results/imcts/seed3/imcts_s3_g0028.json	4106
run_archive/results/imcts/seed3/imcts_s3_g0029.json	4374
run_archive/results/imcts/seed3/imcts_s3_g0030.json	4528
run_archive/results/imcts/seed3/imcts_s3_g0031.json	4703
run_archive/results/imcts/seed3/imcts_s3_g0032.json	4939
run_archive/results/imcts/seed3/imcts_s3_g0033.json	5305
run_archive/results/imcts/seed3/imcts_s3_g0034.json	4469
run_archive/results/imcts/seed3/imcts_s3_g0035.json	4147
run_archive/results/imcts/seed3/imcts_s3_g0036.json	5926
run_archive/results/imcts/seed3/imcts_s3_g0037.json	4882
run_archive/results/imcts/seed3/imcts_s3_g0038.json	4812
run_archive/results/imcts/seed3/imcts_s3_g0039.json	5058
run_archive/results/imcts/seed3/imcts_s3_g0040.json	4922
run_archive/results/imcts/seed3/imcts_s3_g0041.json	5466
run_archive/results/imcts/seed3/imcts_s3_g0042.json	4494
run_archive/results/imcts/seed3/imcts_s3_g0043.json	5258
run_archive/results/imcts/seed3/imcts_s3_g0044.json	4264
run_archive/results/imcts/seed3/imcts_s3_g0045.json	4526
run_archive/results/imcts/seed3/imcts_s3_g0046.json	4294
run_archive/results/imcts/seed3/imcts_s3_g0047.json	4401
run_archive/results/imcts/seed3/imcts_s3_g0048.json	6119
run_archive/results/imcts/seed3/imcts_s3_g0049.json	4828
run_archive/results/imcts/seed3/imcts_s3_g0050.json	4883
run_archive/results/imcts/seed4/imcts_s4_g0001.json	4104
run_archive/results/imcts/seed4/imcts_s4_g0002.json	5972
run_archive/results/imcts/seed4/imcts_s4_g0003.json	4278
run_archive/results/imcts/seed4/imcts_s4_g0004.json	4055
run_archive/results/imcts/seed4/imcts_s4_g0005.json	4497
run_archive/results/imcts/seed4/imcts_s4_g0006.json	4374
run_archive/results/imcts/seed4/imcts_s4_g0007.json	5152
run_archive/results/imcts/seed4/imcts_s4_g0008.json	4301
run_archive/results/imcts/seed4/imcts_s4_g0009.json	4280
run_archive/results/imcts/seed4/imcts_s4_g0010.json	4141
run_archive/results/imcts/seed4/imcts_s4_g0011.json	7510
run_archive/results/imcts/seed4/imcts_s4_g0012.json	5030
run_archive/results/imcts/seed4/imcts_s4_g0013.json	4313
run_archive/results/imcts/seed4/imcts_s4_g0014.json	4593
run_archive/results/imcts/seed4/imcts_s4_g0015.json	4206
run_archive/results/imcts/seed4/imcts_s4_g0016.json	4454
run_archive/results/imcts/seed4/imcts_s4_g0017.json	4572
run_archive/results/imcts/seed4/imcts_s4_g0018.json	4984
run_archive/results/imcts/seed4/imcts_s4_g0019.json	4245
run_archive/results/imcts/seed4/imcts_s4_g0020.json	5972
run_archive/results/imcts/seed4/imcts_s4_g0021.json	4244
run_archive/results/imcts/seed4/imcts_s4_g0022.json	4298
run_archive/results/imcts/seed4/imcts_s4_g0023.json	4624
run_archive/results/imcts/seed4/imcts_s4_g0024.json	4509
run_archive/results/imcts/seed4/imcts_s4_g0025.json	4384
run_archive/results/imcts/seed4/imcts_s4_g0026.json	5850
run_archive/results/imcts/seed4/imcts_s4_g0027.json	4760
run_archive/results/imcts/seed4/imcts_s4_g0028.json	4122
run_archive/results/imcts/seed4/imcts_s4_g0029.json	5040
run_archive/results/imcts/seed4/imcts_s4_g0030.json	4446
run_archive/results/imcts/seed4/imcts_s4_g0031.json	4824
run_archive/results/imcts/seed4/imcts_s4_g0032.json	4461
run_archive/results/imcts/seed4/imcts_s4_g0033.json	5632
run_archive/results/imcts/seed4/imcts_s4_g0034.json	4554
run_archive/results/imcts/seed4/imcts_s4_g0035.json	4833
run_archive/results/imcts/seed4/imcts_s4_g0036.json	5774
run_archive/results/imcts/seed4/imcts_s4_g0037.json	4802
run_archive/results/imcts/seed4/imcts_s4_g0038.json	6098
run_archive/results/imcts/seed4/imcts_s4_g0039.json	4416
run_archive/results/imcts/seed4/imcts_s4_g0040.json	4822
run_archive/results/imcts/seed4/imcts_s4_g0041.json	6385
run_archive/results/imcts/seed4/imcts_s4_g0042.json	4505
run_archive/results/imcts/seed4/imcts_s4_g0043.json	4941
run_archive/results/imcts/seed4/imcts_s4_g0044.json	4503
run_archive/results/imcts/seed4/imcts_s4_g0045.json	4608
run_archive/results/imcts/seed4/imcts_s4_g0046.json	4387
run_archive/results/imcts/seed4/imcts_s4_g0047.json	4421
run_archive/results/imcts/seed4/imcts_s4_g0048.json	6104
run_archive/results/imcts/seed4/imcts_s4_g0049.json	4401
run_archive/results/imcts/seed4/imcts_s4_g0050.json	4480
run_archive/results/llmsr/seed0/llmsr_s0_g0001.json	9981
run_archive/results/llmsr/seed0/llmsr_s0_g0002.json	8113
run_archive/results/llmsr/seed0/llmsr_s0_g0003.json	12479
run_archive/results/llmsr/seed0/llmsr_s0_g0004.json	10849
run_archive/results/llmsr/seed0/llmsr_s0_g0005.json	10045
run_archive/results/llmsr/seed0/llmsr_s0_g0006.json	7503
run_archive/results/llmsr/seed0/llmsr_s0_g0007.json	10799
run_archive/results/llmsr/seed0/llmsr_s0_g0008.json	9751
run_archive/results/llmsr/seed0/llmsr_s0_g0009.json	7441
run_archive/results/llmsr/seed0/llmsr_s0_g0010.json	9814
run_archive/results/llmsr/seed0/llmsr_s0_g0011.json	9377
run_archive/results/llmsr/seed0/llmsr_s0_g0012.json	8539
run_archive/results/llmsr/seed0/llmsr_s0_g0013.json	8694
run_archive/results/llmsr/seed0/llmsr_s0_g0014.json	10980
run_archive/results/llmsr/seed0/llmsr_s0_g0015.json	11441
run_archive/results/llmsr/seed0/llmsr_s0_g0016.json	7143
run_archive/results/llmsr/seed0/llmsr_s0_g0017.json	11530
run_archive/results/llmsr/seed0/llmsr_s0_g0018.json	12600
run_archive/results/llmsr/seed0/llmsr_s0_g0019.json	10396
run_archive/results/llmsr/seed0/llmsr_s0_g0020.json	8710
run_archive/results/llmsr/seed0/llmsr_s0_g0021.json	10259
run_archive/results/llmsr/seed0/llmsr_s0_g0022.json	12443
run_archive/results/llmsr/seed0/llmsr_s0_g0023.json	12715
run_archive/results/llmsr/seed0/llmsr_s0_g0024.json	11098
run_archive/results/llmsr/seed0/llmsr_s0_g0025.json	10993
run_archive/results/llmsr/seed0/llmsr_s0_g0026.json	8327
run_archive/results/llmsr/seed0/llmsr_s0_g0027.json	8462
run_archive/results/llmsr/seed0/llmsr_s0_g0028.json	7193
run_archive/results/llmsr/seed0/llmsr_s0_g0029.json	10287
run_archive/results/llmsr/seed0/llmsr_s0_g0030.json	6922
run_archive/results/llmsr/seed0/llmsr_s0_g0031.json	8645
run_archive/results/llmsr/seed0/llmsr_s0_g0032.json	9694
run_archive/results/llmsr/seed0/llmsr_s0_g0033.json	13214
run_archive/results/llmsr/seed0/llmsr_s0_g0034.json	9913
run_archive/results/llmsr/seed0/llmsr_s0_g0035.json	8941
run_archive/results/llmsr/seed0/llmsr_s0_g0036.json	10185
run_archive/results/llmsr/seed0/llmsr_s0_g0037.json	10314
run_archive/results/llmsr/seed0/llmsr_s0_g0038.json	7905
run_archive/results/llmsr/seed0/llmsr_s0_g0039.json	10148
run_archive/results/llmsr/seed0/llmsr_s0_g0040.json	9033
run_archive/results/llmsr/seed0/llmsr_s0_g0041.json	10468
run_archive/results/llmsr/seed0/llmsr_s0_g0042.json	8135
run_archive/results/llmsr/seed0/llmsr_s0_g0043.json	8204
run_archive/results/llmsr/seed0/llmsr_s0_g0044.json	10975
run_archive/results/llmsr/seed0/llmsr_s0_g0045.json	11234
run_archive/results/llmsr/seed0/llmsr_s0_g0046.json	9969
run_archive/results/llmsr/seed0/llmsr_s0_g0047.json	8865
run_archive/results/llmsr/seed0/llmsr_s0_g0048.json	8570
run_archive/results/llmsr/seed0/llmsr_s0_g0049.json	8736
run_archive/results/llmsr/seed0/llmsr_s0_g0050.json	9123
run_archive/results/llmsr/seed1/llmsr_s1_g0001.json	8719
run_archive/results/llmsr/seed1/llmsr_s1_g0002.json	10405
run_archive/results/llmsr/seed1/llmsr_s1_g0003.json	11616
run_archive/results/llmsr/seed1/llmsr_s1_g0004.json	10819
run_archive/results/llmsr/seed1/llmsr_s1_g0005.json	10307
run_archive/results/llmsr/seed1/llmsr_s1_g0006.json	7899
run_archive/results/llmsr/seed1/llmsr_s1_g0007.json	10716
run_archive/results/llmsr/seed1/llmsr_s1_g0008.json	9751
run_archive/results/llmsr/seed1/llmsr_s1_g0009.json	9735
run_archive/results/llmsr/seed1/llmsr_s1_g0010.json	9893
run_archive/results/llmsr/seed1/llmsr_s1_g0011.json	10878
run_archive/results/llmsr/seed1/llmsr_s1_g0012.json	8528
run_archive/results/llmsr/seed1/llmsr_s1_g0013.json	8725
run_archive/results/llmsr/seed1/llmsr_s1_g0014.json	11098
run_archive/results/llmsr/seed1/llmsr_s1_g0015.json	11687
run_archive/results/llmsr/seed1/llmsr_s1_g0016.json	7143
run_archive/results/llmsr/seed1/llmsr_s1_g0017.json	11529
run_archive/results/llmsr/seed1/llmsr_s1_g0018.json	13731
run_archive/results/llmsr/seed1/llmsr_s1_g0019.json	10180
run_archive/results/llmsr/seed1/llmsr_s1_g0020.json	8710
run_archive/results/llmsr/seed1/llmsr_s1_g0021.json	10259
run_archive/results/llmsr/seed1/llmsr_s1_g0022.json	12782
run_archive/results/llmsr/seed1/llmsr_s1_g0023.json	12714
run_archive/results/llmsr/seed1/llmsr_s1_g0024.json	10771
run_archive/results/llmsr/seed1/llmsr_s1_g0025.json	8815
run_archive/results/llmsr/seed1/llmsr_s1_g0026.json	8326
run_archive/results/llmsr/seed1/llmsr_s1_g0027.json	8462
run_archive/results/llmsr/seed1/llmsr_s1_g0028.json	9179
run_archive/results/llmsr/seed1/llmsr_s1_g0029.json	10225
run_archive/results/llmsr/seed1/llmsr_s1_g0030.json	6922
run_archive/results/llmsr/seed1/llmsr_s1_g0031.json	10772
run_archive/results/llmsr/seed1/llmsr_s1_g0032.json	9694
run_archive/results/llmsr/seed1/llmsr_s1_g0033.json	11446
run_archive/results/llmsr/seed1/llmsr_s1_g0034.json	9761
run_archive/results/llmsr/seed1/llmsr_s1_g0035.json	9126
run_archive/results/llmsr/seed1/llmsr_s1_g0036.json	10159
run_archive/results/llmsr/seed1/llmsr_s1_g0037.json	10178
run_archive/results/llmsr/seed1/llmsr_s1_g0038.json	8671
run_archive/results/llmsr/seed1/llmsr_s1_g0039.json	10163
run_archive/results/llmsr/seed1/llmsr_s1_g0040.json	8913
run_archive/results/llmsr/seed1/llmsr_s1_g0041.json	8485
run_archive/results/llmsr/seed1/llmsr_s1_g0042.json	10061
run_archive/results/llmsr/seed1/llmsr_s1_g0043.json	7978
run_archive/results/llmsr/seed1/llmsr_s1_g0044.json	13306
run_archive/results/llmsr/seed1/llmsr_s1_g0045.json	10766
run_archive/results/llmsr/seed1/llmsr_s1_g0046.json	10112
run_archive/results/llmsr/seed1/llmsr_s1_g0047.json	7170
run_archive/results/llmsr/seed1/llmsr_s1_g0048.json	8579
run_archive/results/llmsr/seed1/llmsr_s1_g0049.json	8584
run_archive/results/llmsr/seed1/llmsr_s1_g0050.json	9077
run_archive/results/llmsr/seed2/llmsr_s2_g0001.json	9732
run_archive/results/llmsr/seed2/llmsr_s2_g0002.json	10096
run_archive/results/llmsr/seed2/llmsr_s2_g0003.json	11616
run_archive/results/llmsr/seed2/llmsr_s2_g0004.json	10847
run_archive/results/llmsr/seed2/llmsr_s2_g0005.json	10045
run_archive/results/llmsr/seed2/llmsr_s2_g0006.json	10242
run_archive/results/llmsr/seed2/llmsr_s2_g0007.json	10227
run_archive/results/llmsr/seed2/llmsr_s2_g0008.json	9751
run_archive/results/llmsr/seed2/llmsr_s2_g0009.json	9179
run_archive/results/llmsr/seed2/llmsr_s2_g0010.json	9837
run_archive/results/llmsr/seed2/llmsr_s2_g0011.json	11056
run_archive/results/llmsr/seed2/llmsr_s2_g0012.json	8653
run_archive/results/llmsr/seed2/llmsr_s2_g0013.json	8726
run_archive/results/llmsr/seed2/llmsr_s2_g0014.json	15487
run_archive/results/llmsr/seed2/llmsr_s2_g0015.json	12388
run_archive/results/llmsr/seed2/llmsr_s2_g0016.json	7085
run_archive/results/llmsr/seed2/llmsr_s2_g0017.json	9123
run_archive/results/llmsr/seed2/llmsr_s2_g0018.json	10276
run_archive/results/llmsr/seed2/llmsr_s2_g0019.json	10023
run_archive/results/llmsr/seed2/llmsr_s2_g0020.json	8709
run_archive/results/llmsr/seed2/llmsr_s2_g0021.json	10258
run_archive/results/llmsr/seed2/llmsr_s2_g0022.json	12161
run_archive/results/llmsr/seed2/llmsr_s2_g0023.json	12715
run_archive/results/llmsr/seed2/llmsr_s2_g0024.json	11099
run_archive/results/llmsr/seed2/llmsr_s2_g0025.json	8688
run_archive/results/llmsr/seed2/llmsr_s2_g0026.json	8838
run_archive/results/llmsr/seed2/llmsr_s2_g0027.json	10538
run_archive/results/llmsr/seed2/llmsr_s2_g0028.json	8955
run_archive/results/llmsr/seed2/llmsr_s2_g0029.json	8219
run_archive/results/llmsr/seed2/llmsr_s2_g0030.json	6922
run_archive/results/llmsr/seed2/llmsr_s2_g0031.json	8645
run_archive/results/llmsr/seed2/llmsr_s2_g0032.json	9694
run_archive/results/llmsr/seed2/llmsr_s2_g0033.json	11092
run_archive/results/llmsr/seed2/llmsr_s2_g0034.json	10147
run_archive/results/llmsr/seed2/llmsr_s2_g0035.json	8976
run_archive/results/llmsr/seed2/llmsr_s2_g0036.json	10331
run_archive/results/llmsr/seed2/llmsr_s2_g0037.json	8365
run_archive/results/llmsr/seed2/llmsr_s2_g0038.json	10548
run_archive/results/llmsr/seed2/llmsr_s2_g0039.json	9595
run_archive/results/llmsr/seed2/llmsr_s2_g0040.json	9287
run_archive/results/llmsr/seed2/llmsr_s2_g0041.json	8584
run_archive/results/llmsr/seed2/llmsr_s2_g0042.json	10294
run_archive/results/llmsr/seed2/llmsr_s2_g0043.json	10312
run_archive/results/llmsr/seed2/llmsr_s2_g0044.json	13242
run_archive/results/llmsr/seed2/llmsr_s2_g0045.json	12563
run_archive/results/llmsr/seed2/llmsr_s2_g0046.json	10480
run_archive/results/llmsr/seed2/llmsr_s2_g0047.json	8994
run_archive/results/llmsr/seed2/llmsr_s2_g0048.json	8570
run_archive/results/llmsr/seed2/llmsr_s2_g0049.json	7327
run_archive/results/llmsr/seed2/llmsr_s2_g0050.json	9546
run_archive/results/llmsr/seed3/llmsr_s3_g0001.json	9981
run_archive/results/llmsr/seed3/llmsr_s3_g0002.json	10219
run_archive/results/llmsr/seed3/llmsr_s3_g0003.json	12467
run_archive/results/llmsr/seed3/llmsr_s3_g0004.json	10848
run_archive/results/llmsr/seed3/llmsr_s3_g0005.json	10045
run_archive/results/llmsr/seed3/llmsr_s3_g0006.json	7503
run_archive/results/llmsr/seed3/llmsr_s3_g0007.json	10152
run_archive/results/llmsr/seed3/llmsr_s3_g0008.json	7965
run_archive/results/llmsr/seed3/llmsr_s3_g0009.json	9646
run_archive/results/llmsr/seed3/llmsr_s3_g0010.json	9755
run_archive/results/llmsr/seed3/llmsr_s3_g0011.json	9504
run_archive/results/llmsr/seed3/llmsr_s3_g0012.json	7403
run_archive/results/llmsr/seed3/llmsr_s3_g0013.json	7958
run_archive/results/llmsr/seed3/llmsr_s3_g0014.json	11098
run_archive/results/llmsr/seed3/llmsr_s3_g0015.json	9674
run_archive/results/llmsr/seed3/llmsr_s3_g0016.json	7143
run_archive/results/llmsr/seed3/llmsr_s3_g0017.json	11514
run_archive/results/llmsr/seed3/llmsr_s3_g0018.json	13731
run_archive/results/llmsr/seed3/llmsr_s3_g0019.json	10179
run_archive/results/llmsr/seed3/llmsr_s3_g0020.json	8762
run_archive/results/llmsr/seed3/llmsr_s3_g0021.json	10259
run_archive/results/llmsr/seed3/llmsr_s3_g0022.json	17168
run_archive/results/llmsr/seed3/llmsr_s3_g0023.json	12715
run_archive/results/llmsr/seed3/llmsr_s3_g0024.json	11210
run_archive/results/llmsr/seed3/llmsr_s3_g0025.json	10946
run_archive/results/llmsr/seed3/llmsr_s3_g0026.json	9697
run_archive/results/llmsr/seed3/llmsr_s3_g0027.json	10538
run_archive/results/llmsr/seed3/llmsr_s3_g0028.json	9092
run_archive/results/llmsr/seed3/llmsr_s3_g0029.json	8219
run_archive/results/llmsr/seed3/llmsr_s3_g0030.json	6922
run_archive/results/llmsr/seed3/llmsr_s3_g0031.json	12382
run_archive/results/llmsr/seed3/llmsr_s3_g0032.json	7459
run_archive/results/llmsr/seed3/llmsr_s3_g0033.json	11092
run_archive/results/llmsr/seed3/llmsr_s3_g0034.json	9305
run_archive/results/llmsr/seed3/llmsr_s3_g0035.json	8941
run_archive/results/llmsr/seed3/llmsr_s3_g0036.json	9305
run_archive/results/llmsr/seed3/llmsr_s3_g0037.json	10313
run_archive/results/llmsr/seed3/llmsr_s3_g0038.json	10386
run_archive/results/llmsr/seed3/llmsr_s3_g0039.json	10204
run_archive/results/llmsr/seed3/llmsr_s3_g0040.json	9139
run_archive/results/llmsr/seed3/llmsr_s3_g0041.json	8441
run_archive/results/llmsr/seed3/llmsr_s3_g0042.json	10062
run_archive/results/llmsr/seed3/llmsr_s3_g0043.json	8325
run_archive/results/llmsr/seed3/llmsr_s3_g0044.json	10728
run_archive/results/llmsr/seed3/llmsr_s3_g0045.json	10864
run_archive/results/llmsr/seed3/llmsr_s3_g0046.json	9970
run_archive/results/llmsr/seed3/llmsr_s3_g0047.json	8994
run_archive/results/llmsr/seed3/llmsr_s3_g0048.json	8579
run_archive/results/llmsr/seed3/llmsr_s3_g0049.json	7053
run_archive/results/llmsr/seed3/llmsr_s3_g0050.json	7415
run_archive/results/llmsr/seed4/llmsr_s4_g0001.json	12045
run_archive/results/llmsr/seed4/llmsr_s4_g0002.json	10162
run_archive/results/llmsr/seed4/llmsr_s4_g0003.json	12479
run_archive/results/llmsr/seed4/llmsr_s4_g0004.json	10852
run_archive/results/llmsr/seed4/llmsr_s4_g0005.json	9920
run_archive/results/llmsr/seed4/llmsr_s4_g0006.json	9376
run_archive/results/llmsr/seed4/llmsr_s4_g0007.json	10802
run_archive/results/llmsr/seed4/llmsr_s4_g0008.json	8115
run_archive/results/llmsr/seed4/llmsr_s4_g0009.json	7337
run_archive/results/llmsr/seed4/llmsr_s4_g0010.json	10022
run_archive/results/llmsr/seed4/llmsr_s4_g0011.json	9378
run_archive/results/llmsr/seed4/llmsr_s4_g0012.json	8982
run_archive/results/llmsr/seed4/llmsr_s4_g0013.json	8726
run_archive/results/llmsr/seed4/llmsr_s4_g0014.json	15281
run_archive/results/llmsr/seed4/llmsr_s4_g0015.json	12321
run_archive/results/llmsr/seed4/llmsr_s4_g0016.json	7143
run_archive/results/llmsr/seed4/llmsr_s4_g0017.json	11667
run_archive/results/llmsr/seed4/llmsr_s4_g0018.json	10276
run_archive/results/llmsr/seed4/llmsr_s4_g0019.json	10023
run_archive/results/llmsr/seed4/llmsr_s4_g0020.json	8709
run_archive/results/llmsr/seed4/llmsr_s4_g0021.json	10259
run_archive/results/llmsr/seed4/llmsr_s4_g0022.json	12185
run_archive/results/llmsr/seed4/llmsr_s4_g0023.json	12715
run_archive/results/llmsr/seed4/llmsr_s4_g0024.json	11099
run_archive/results/llmsr/seed4/llmsr_s4_g0025.json	8769
run_archive/results/llmsr/seed4/llmsr_s4_g0026.json	8752
run_archive/results/llmsr/seed4/llmsr_s4_g0027.json	8816
run_archive/results/llmsr/seed4/llmsr_s4_g0028.json	8744
run_archive/results/llmsr/seed4/llmsr_s4_g0029.json	8692
run_archive/results/llmsr/seed4/llmsr_s4_g0030.json	6922
run_archive/results/llmsr/seed4/llmsr_s4_g0031.json	8645
run_archive/results/llmsr/seed4/llmsr_s4_g0032.json	9660
run_archive/results/llmsr/seed4/llmsr_s4_g0033.json	11053
run_archive/results/llmsr/seed4/llmsr_s4_g0034.json	9539
run_archive/results/llmsr/seed4/llmsr_s4_g0035.json	8976
run_archive/results/llmsr/seed4/llmsr_s4_g0036.json	10350
run_archive/results/llmsr/seed4/llmsr_s4_g0037.json	10119
run_archive/results/llmsr/seed4/llmsr_s4_g0038.json	8416
run_archive/results/llmsr/seed4/llmsr_s4_g0039.json	9593
run_archive/results/llmsr/seed4/llmsr_s4_g0040.json	10544
run_archive/results/llmsr/seed4/llmsr_s4_g0041.json	8466
run_archive/results/llmsr/seed4/llmsr_s4_g0042.json	11079
run_archive/results/llmsr/seed4/llmsr_s4_g0043.json	8208
run_archive/results/llmsr/seed4/llmsr_s4_g0044.json	11148
run_archive/results/llmsr/seed4/llmsr_s4_g0045.json	11036
run_archive/results/llmsr/seed4/llmsr_s4_g0046.json	9038
run_archive/results/llmsr/seed4/llmsr_s4_g0047.json	7560
run_archive/results/llmsr/seed4/llmsr_s4_g0048.json	8579
run_archive/results/llmsr/seed4/llmsr_s4_g0049.json	7017
run_archive/results/llmsr/seed4/llmsr_s4_g0050.json	9260
run_archive/results/pyoperon/seed0/pyoperon_s0_g0001.json	4265
run_archive/results/pyoperon/seed0/pyoperon_s0_g0002.json	4394
run_archive/results/pyoperon/seed0/pyoperon_s0_g0003.json	3925
run_archive/results/pyoperon/seed0/pyoperon_s0_g0004.json	4305
run_archive/results/pyoperon/seed0/pyoperon_s0_g0005.json	4232
run_archive/results/pyoperon/seed0/pyoperon_s0_g0006.json	4322
run_archive/results/pyoperon/seed0/pyoperon_s0_g0007.json	4001
run_archive/results/pyoperon/seed0/pyoperon_s0_g0008.json	4209
run_archive/results/pyoperon/seed0/pyoperon_s0_g0009.json	4072
run_archive/results/pyoperon/seed0/pyoperon_s0_g0010.json	3961
run_archive/results/pyoperon/seed0/pyoperon_s0_g0011.json	4530
run_archive/results/pyoperon/seed0/pyoperon_s0_g0012.json	4412
run_archive/results/pyoperon/seed0/pyoperon_s0_g0013.json	3768
run_archive/results/pyoperon/seed0/pyoperon_s0_g0014.json	4878
run_archive/results/pyoperon/seed0/pyoperon_s0_g0015.json	4289
run_archive/results/pyoperon/seed0/pyoperon_s0_g0016.json	4103
run_archive/results/pyoperon/seed0/pyoperon_s0_g0017.json	4480
run_archive/results/pyoperon/seed0/pyoperon_s0_g0018.json	4467
run_archive/results/pyoperon/seed0/pyoperon_s0_g0019.json	4323
run_archive/results/pyoperon/seed0/pyoperon_s0_g0020.json	4512
run_archive/results/pyoperon/seed0/pyoperon_s0_g0021.json	4616
run_archive/results/pyoperon/seed0/pyoperon_s0_g0022.json	4486
run_archive/results/pyoperon/seed0/pyoperon_s0_g0023.json	4369
run_archive/results/pyoperon/seed0/pyoperon_s0_g0024.json	4556
run_archive/results/pyoperon/seed0/pyoperon_s0_g0025.json	4208
run_archive/results/pyoperon/seed0/pyoperon_s0_g0026.json	4443
run_archive/results/pyoperon/seed0/pyoperon_s0_g0027.json	4562
run_archive/results/pyoperon/seed0/pyoperon_s0_g0028.json	4195
run_archive/results/pyoperon/seed0/pyoperon_s0_g0029.json	4190
run_archive/results/pyoperon/seed0/pyoperon_s0_g0030.json	4425
run_archive/results/pyoperon/seed0/pyoperon_s0_g0031.json	4298
run_archive/results/pyoperon/seed0/pyoperon_s0_g0032.json	3844
run_archive/results/pyoperon/seed0/pyoperon_s0_g0033.json	3945
run_archive/results/pyoperon/seed0/pyoperon_s0_g0034.json	4048
run_archive/results/pyoperon/seed0/pyoperon_s0_g0035.json	4422
run_archive/results/pyoperon/seed0/pyoperon_s0_g0036.json	4212
run_archive/results/pyoperon/seed0/pyoperon_s0_g0037.json	4385
run_archive/results/pyoperon/seed0/pyoperon_s0_g0038.json	4139
run_archive/results/pyoperon/seed0/pyoperon_s0_g0039.json	4062
run_archive/results/pyoperon/seed0/pyoperon_s0_g0040.json	4455
run_archive/results/pyoperon/seed0/pyoperon_s0_g0041.json	4338
run_archive/results/pyoperon/seed0/pyoperon_s0_g0042.json	4380
run_archive/results/pyoperon/seed0/pyoperon_s0_g0043.json	4289
run_archive/results/pyoperon/seed0/pyoperon_s0_g0044.json	4225
run_archive/results/pyoperon/seed0/pyoperon_s0_g0045.json	3925
run_archive/results/pyoperon/seed0/pyoperon_s0_g0046.json	5731
run_archive/results/pyoperon/seed0/pyoperon_s0_g0047.json	4300
run_archive/results/pyoperon/seed0/pyoperon_s0_g0048.json	4311
run_archive/results/pyoperon/seed0/pyoperon_s0_g0049.json	4126
run_archive/results/pyoperon/seed0/pyoperon_s0_g0050.json	3973
run_archive/results/pyoperon/seed1/pyoperon_s1_g0001.json	4408
run_archive/results/pyoperon/seed1/pyoperon_s1_g0002.json	4842
run_archive/results/pyoperon/seed1/pyoperon_s1_g0003.json	3844
run_archive/results/pyoperon/seed1/pyoperon_s1_g0004.json	4163
run_archive/results/pyoperon/seed1/pyoperon_s1_g0005.json	4044
run_archive/results/pyoperon/seed1/pyoperon_s1_g0006.json	4003
run_archive/results/pyoperon/seed1/pyoperon_s1_g0007.json	4128
run_archive/results/pyoperon/seed1/pyoperon_s1_g0008.json	4076
run_archive/results/pyoperon/seed1/pyoperon_s1_g0009.json	4048
run_archive/results/pyoperon/seed1/pyoperon_s1_g0010.json	4181
run_archive/results/pyoperon/seed1/pyoperon_s1_g0011.json	4149
run_archive/results/pyoperon/seed1/pyoperon_s1_g0012.json	4554
run_archive/results/pyoperon/seed1/pyoperon_s1_g0013.json	3826
run_archive/results/pyoperon/seed1/pyoperon_s1_g0014.json	4777
run_archive/results/pyoperon/seed1/pyoperon_s1_g0015.json	4275
run_archive/results/pyoperon/seed1/pyoperon_s1_g0016.json	4125
run_archive/results/pyoperon/seed1/pyoperon_s1_g0017.json	4666
run_archive/results/pyoperon/seed1/pyoperon_s1_g0018.json	4446
run_archive/results/pyoperon/seed1/pyoperon_s1_g0019.json	4119
run_archive/results/pyoperon/seed1/pyoperon_s1_g0020.json	4671
run_archive/results/pyoperon/seed1/pyoperon_s1_g0021.json	4437
run_archive/results/pyoperon/seed1/pyoperon_s1_g0022.json	4472
run_archive/results/pyoperon/seed1/pyoperon_s1_g0023.json	4620
run_archive/results/pyoperon/seed1/pyoperon_s1_g0024.json	4524
run_archive/results/pyoperon/seed1/pyoperon_s1_g0025.json	4202
run_archive/results/pyoperon/seed1/pyoperon_s1_g0026.json	4091
run_archive/results/pyoperon/seed1/pyoperon_s1_g0027.json	4715
run_archive/results/pyoperon/seed1/pyoperon_s1_g0028.json	4178
run_archive/results/pyoperon/seed1/pyoperon_s1_g0029.json	4425
run_archive/results/pyoperon/seed1/pyoperon_s1_g0030.json	4440
run_archive/results/pyoperon/seed1/pyoperon_s1_g0031.json	4536
run_archive/results/pyoperon/seed1/pyoperon_s1_g0032.json	3936
run_archive/results/pyoperon/seed1/pyoperon_s1_g0033.json	3900
run_archive/results/pyoperon/seed1/pyoperon_s1_g0034.json	4044
run_archive/results/pyoperon/seed1/pyoperon_s1_g0035.json	3796
run_archive/results/pyoperon/seed1/pyoperon_s1_g0036.json	4041
run_archive/results/pyoperon/seed1/pyoperon_s1_g0037.json	4197
run_archive/results/pyoperon/seed1/pyoperon_s1_g0038.json	4035
run_archive/results/pyoperon/seed1/pyoperon_s1_g0039.json	4171
run_archive/results/pyoperon/seed1/pyoperon_s1_g0040.json	4535
run_archive/results/pyoperon/seed1/pyoperon_s1_g0041.json	4061
run_archive/results/pyoperon/seed1/pyoperon_s1_g0042.json	4174
run_archive/results/pyoperon/seed1/pyoperon_s1_g0043.json	4110
run_archive/results/pyoperon/seed1/pyoperon_s1_g0044.json	4538
run_archive/results/pyoperon/seed1/pyoperon_s1_g0045.json	3887
run_archive/results/pyoperon/seed1/pyoperon_s1_g0046.json	4584
run_archive/results/pyoperon/seed1/pyoperon_s1_g0047.json	4484
run_archive/results/pyoperon/seed1/pyoperon_s1_g0048.json	4207
run_archive/results/pyoperon/seed1/pyoperon_s1_g0049.json	4331
run_archive/results/pyoperon/seed1/pyoperon_s1_g0050.json	4154
run_archive/results/pyoperon/seed2/pyoperon_s2_g0001.json	4263
run_archive/results/pyoperon/seed2/pyoperon_s2_g0002.json	4334
run_archive/results/pyoperon/seed2/pyoperon_s2_g0003.json	3839
run_archive/results/pyoperon/seed2/pyoperon_s2_g0004.json	4034
run_archive/results/pyoperon/seed2/pyoperon_s2_g0005.json	4344
run_archive/results/pyoperon/seed2/pyoperon_s2_g0006.json	4091
run_archive/results/pyoperon/seed2/pyoperon_s2_g0007.json	4340
run_archive/results/pyoperon/seed2/pyoperon_s2_g0008.json	4268
run_archive/results/pyoperon/seed2/pyoperon_s2_g0009.json	4000
run_archive/results/pyoperon/seed2/pyoperon_s2_g0010.json	4260
run_archive/results/pyoperon/seed2/pyoperon_s2_g0011.json	4145
run_archive/results/pyoperon/seed2/pyoperon_s2_g0012.json	4338
run_archive/results/pyoperon/seed2/pyoperon_s2_g0013.json	3825
run_archive/results/pyoperon/seed2/pyoperon_s2_g0014.json	4529
run_archive/results/pyoperon/seed2/pyoperon_s2_g0015.json	4526
run_archive/results/pyoperon/seed2/pyoperon_s2_g0016.json	4497
run_archive/results/pyoperon/seed2/pyoperon_s2_g0017.json	4193
run_archive/results/pyoperon/seed2/pyoperon_s2_g0018.json	4450
run_archive/results/pyoperon/seed2/pyoperon_s2_g0019.json	4720
run_archive/results/pyoperon/seed2/pyoperon_s2_g0020.json	4615
run_archive/results/pyoperon/seed2/pyoperon_s2_g0021.json	4369
run_archive/results/pyoperon/seed2/pyoperon_s2_g0022.json	4625
run_archive/results/pyoperon/seed2/pyoperon_s2_g0023.json	4474
run_archive/results/pyoperon/seed2/pyoperon_s2_g0024.json	4395
run_archive/results/pyoperon/seed2/pyoperon_s2_g0025.json	4291
run_archive/results/pyoperon/seed2/pyoperon_s2_g0026.json	4271
run_archive/results/pyoperon/seed2/pyoperon_s2_g0027.json	4418
run_archive/results/pyoperon/seed2/pyoperon_s2_g0028.json	4262
run_archive/results/pyoperon/seed2/pyoperon_s2_g0029.json	4642
run_archive/results/pyoperon/seed2/pyoperon_s2_g0030.json	4527
run_archive/results/pyoperon/seed2/pyoperon_s2_g0031.json	4336
run_archive/results/pyoperon/seed2/pyoperon_s2_g0032.json	3916
run_archive/results/pyoperon/seed2/pyoperon_s2_g0033.json	3907
run_archive/results/pyoperon/seed2/pyoperon_s2_g0034.json	4132
run_archive/results/pyoperon/seed2/pyoperon_s2_g0035.json	3812
run_archive/results/pyoperon/seed2/pyoperon_s2_g0036.json	4072
run_archive/results/pyoperon/seed2/pyoperon_s2_g0037.json	4116
run_archive/results/pyoperon/seed2/pyoperon_s2_g0038.json	4260
run_archive/results/pyoperon/seed2/pyoperon_s2_g0039.json	4176
run_archive/results/pyoperon/seed2/pyoperon_s2_g0040.json	4347
run_archive/results/pyoperon/seed2/pyoperon_s2_g0041.json	4106
run_archive/results/pyoperon/seed2/pyoperon_s2_g0042.json	4263
run_archive/results/pyoperon/seed2/pyoperon_s2_g0043.json	4049
run_archive/results/pyoperon/seed2/pyoperon_s2_g0044.json	4185
run_archive/results/pyoperon/seed2/pyoperon_s2_g0045.json	3892
run_archive/results/pyoperon/seed2/pyoperon_s2_g0046.json	4375
run_archive/results/pyoperon/seed2/pyoperon_s2_g0047.json	3697
run_archive/results/pyoperon/seed2/pyoperon_s2_g0048.json	4556
run_archive/results/pyoperon/seed2/pyoperon_s2_g0049.json	4341
run_archive/results/pyoperon/seed2/pyoperon_s2_g0050.json	3982
run_archive/results/pyoperon/seed3/pyoperon_s3_g0001.json	4191
run_archive/results/pyoperon/seed3/pyoperon_s3_g0002.json	4569
run_archive/results/pyoperon/seed3/pyoperon_s3_g0003.json	3875
run_archive/results/pyoperon/seed3/pyoperon_s3_g0004.json	3831
run_archive/results/pyoperon/seed3/pyoperon_s3_g0005.json	4087
run_archive/results/pyoperon/seed3/pyoperon_s3_g0006.json	3999
run_archive/results/pyoperon/seed3/pyoperon_s3_g0007.json	4278
run_archive/results/pyoperon/seed3/pyoperon_s3_g0008.json	4212
run_archive/results/pyoperon/seed3/pyoperon_s3_g0009.json	4030
run_archive/results/pyoperon/seed3/pyoperon_s3_g0010.json	4309
run_archive/results/pyoperon/seed3/pyoperon_s3_g0011.json	4464
run_archive/results/pyoperon/seed3/pyoperon_s3_g0012.json	4402
run_archive/results/pyoperon/seed3/pyoperon_s3_g0013.json	3832
run_archive/results/pyoperon/seed3/pyoperon_s3_g0014.json	4533
run_archive/results/pyoperon/seed3/pyoperon_s3_g0015.json	4209
run_archive/results/pyoperon/seed3/pyoperon_s3_g0016.json	4437
run_archive/results/pyoperon/seed3/pyoperon_s3_g0017.json	4189
run_archive/results/pyoperon/seed3/pyoperon_s3_g0018.json	4440
run_archive/results/pyoperon/seed3/pyoperon_s3_g0019.json	4544
run_archive/results/pyoperon/seed3/pyoperon_s3_g0020.json	4536
run_archive/results/pyoperon/seed3/pyoperon_s3_g0021.json	4712
run_archive/results/pyoperon/seed3/pyoperon_s3_g0022.json	4732
run_archive/results/pyoperon/seed3/pyoperon_s3_g0023.json	4418
run_archive/results/pyoperon/seed3/pyoperon_s3_g0024.json	4549
run_archive/results/pyoperon/seed3/pyoperon_s3_g0025.json	4337
run_archive/results/pyoperon/seed3/pyoperon_s3_g0026.json	4200
run_archive/results/pyoperon/seed3/pyoperon_s3_g0027.json	4392
run_archive/results/pyoperon/seed3/pyoperon_s3_g0028.json	4221
run_archive/results/pyoperon/seed3/pyoperon_s3_g0029.json	4263
run_archive/results/pyoperon/seed3/pyoperon_s3_g0030.json	4649
run_archive/results/pyoperon/seed3/pyoperon_s3_g0031.json	4256
run_archive/results/pyoperon/seed3/pyoperon_s3_g0032.json	3869
run_archive/results/pyoperon/seed3/pyoperon_s3_g0033.json	2899
run_archive/results/pyoperon/seed3/pyoperon_s3_g0034.json	4107
run_archive/results/pyoperon/seed3/pyoperon_s3_g0035.json	3848
run_archive/results/pyoperon/seed3/pyoperon_s3_g0036.json	4320
run_archive/results/pyoperon/seed3/pyoperon_s3_g0037.json	3965
run_archive/results/pyoperon/seed3/pyoperon_s3_g0038.json	4211
run_archive/results/pyoperon/seed3/pyoperon_s3_g0039.json	4172
run_archive/results/pyoperon/seed3/pyoperon_s3_g0040.json	4487
run_archive/results/pyoperon/seed3/pyoperon_s3_g0041.json	4318
run_archive/results/pyoperon/seed3/pyoperon_s3_g0042.json	4427
run_archive/results/pyoperon/seed3/pyoperon_s3_g0043.json	4180
run_archive/results/pyoperon/seed3/pyoperon_s3_g0044.json	4166
run_archive/results/pyoperon/seed3/pyoperon_s3_g0045.json	2885
run_archive/results/pyoperon/seed3/pyoperon_s3_g0046.json	4502
run_archive/results/pyoperon/seed3/pyoperon_s3_g0047.json	4062
run_archive/results/pyoperon/seed3/pyoperon_s3_g0048.json	4372
run_archive/results/pyoperon/seed3/pyoperon_s3_g0049.json	4193
run_archive/results/pyoperon/seed3/pyoperon_s3_g0050.json	4325
run_archive/results/pyoperon/seed4/pyoperon_s4_g0001.json	4387
run_archive/results/pyoperon/seed4/pyoperon_s4_g0002.json	4767
run_archive/results/pyoperon/seed4/pyoperon_s4_g0003.json	3812
run_archive/results/pyoperon/seed4/pyoperon_s4_g0004.json	3960
run_archive/results/pyoperon/seed4/pyoperon_s4_g0005.json	4038
run_archive/results/pyoperon/seed4/pyoperon_s4_g0006.json	4143
run_archive/results/pyoperon/seed4/pyoperon_s4_g0007.json	3998
run_archive/results/pyoperon/seed4/pyoperon_s4_g0008.json	4182
run_archive/results/pyoperon/seed4/pyoperon_s4_g0009.json	4083
run_archive/results/pyoperon/seed4/pyoperon_s4_g0010.json	4323
run_archive/results/pyoperon/seed4/pyoperon_s4_g0011.json	4510
run_archive/results/pyoperon/seed4/pyoperon_s4_g0012.json	4405
run_archive/results/pyoperon/seed4/pyoperon_s4_g0013.json	3781
run_archive/results/pyoperon/seed4/pyoperon_s4_g0014.json	4837
run_archive/results/pyoperon/seed4/pyoperon_s4_g0015.json	4570
run_archive/results/pyoperon/seed4/pyoperon_s4_g0016.json	4109
run_archive/results/pyoperon/seed4/pyoperon_s4_g0017.json	4184
run_archive/results/pyoperon/seed4/pyoperon_s4_g0018.json	5098
run_archive/results/pyoperon/seed4/pyoperon_s4_g0019.json	4915
run_archive/results/pyoperon/seed4/pyoperon_s4_g0020.json	4689
run_archive/results/pyoperon/seed4/pyoperon_s4_g0021.json	4720
run_archive/results/pyoperon/seed4/pyoperon_s4_g0022.json	4359
run_archive/results/pyoperon/seed4/pyoperon_s4_g0023.json	4367
run_archive/results/pyoperon/seed4/pyoperon_s4_g0024.json	4279
run_archive/results/pyoperon/seed4/pyoperon_s4_g0025.json	4414
run_archive/results/pyoperon/seed4/pyoperon_s4_g0026.json	4501
run_archive/results/pyoperon/seed4/pyoperon_s4_g0027.json	4560
run_archive/results/pyoperon/seed4/pyoperon_s4_g0028.json	4292
run_archive/results/pyoperon/seed4/pyoperon_s4_g0029.json	4320
run_archive/results/pyoperon/seed4/pyoperon_s4_g0030.json	4439
run_archive/results/pyoperon/seed4/pyoperon_s4_g0031.json	4404
run_archive/results/pyoperon/seed4/pyoperon_s4_g0032.json	3906
run_archive/results/pyoperon/seed4/pyoperon_s4_g0033.json	2899
run_archive/results/pyoperon/seed4/pyoperon_s4_g0034.json	4252
run_archive/results/pyoperon/seed4/pyoperon_s4_g0035.json	3805
run_archive/results/pyoperon/seed4/pyoperon_s4_g0036.json	4235
run_archive/results/pyoperon/seed4/pyoperon_s4_g0037.json	4204
run_archive/results/pyoperon/seed4/pyoperon_s4_g0038.json	4119
run_archive/results/pyoperon/seed4/pyoperon_s4_g0039.json	4186
run_archive/results/pyoperon/seed4/pyoperon_s4_g0040.json	4198
run_archive/results/pyoperon/seed4/pyoperon_s4_g0041.json	4281
run_archive/results/pyoperon/seed4/pyoperon_s4_g0042.json	4519
run_archive/results/pyoperon/seed4/pyoperon_s4_g0043.json	4271
run_archive/results/pyoperon/seed4/pyoperon_s4_g0044.json	4188
run_archive/results/pyoperon/seed4/pyoperon_s4_g0045.json	2885
run_archive/results/pyoperon/seed4/pyoperon_s4_g0046.json	4252
run_archive/results/pyoperon/seed4/pyoperon_s4_g0047.json	4536
run_archive/results/pyoperon/seed4/pyoperon_s4_g0048.json	4199
run_archive/results/pyoperon/seed4/pyoperon_s4_g0049.json	4034
run_archive/results/pyoperon/seed4/pyoperon_s4_g0050.json	4132
run_archive/results/pysr/seed0/pysr_s0_g0001.json	4951
run_archive/results/pysr/seed0/pysr_s0_g0002.json	5690
run_archive/results/pysr/seed0/pysr_s0_g0003.json	5039
run_archive/results/pysr/seed0/pysr_s0_g0004.json	5005
run_archive/results/pysr/seed0/pysr_s0_g0005.json	5379
run_archive/results/pysr/seed0/pysr_s0_g0006.json	4998
run_archive/results/pysr/seed0/pysr_s0_g0007.json	4951
run_archive/results/pysr/seed0/pysr_s0_g0008.json	4999
run_archive/results/pysr/seed0/pysr_s0_g0009.json	4964
run_archive/results/pysr/seed0/pysr_s0_g0010.json	4703
run_archive/results/pysr/seed0/pysr_s0_g0011.json	5590
run_archive/results/pysr/seed0/pysr_s0_g0012.json	4945
run_archive/results/pysr/seed0/pysr_s0_g0013.json	4943
run_archive/results/pysr/seed0/pysr_s0_g0014.json	5182
run_archive/results/pysr/seed0/pysr_s0_g0015.json	5204
run_archive/results/pysr/seed0/pysr_s0_g0016.json	5094
run_archive/results/pysr/seed0/pysr_s0_g0017.json	5043
run_archive/results/pysr/seed0/pysr_s0_g0018.json	5461
run_archive/results/pysr/seed0/pysr_s0_g0019.json	5607
run_archive/results/pysr/seed0/pysr_s0_g0020.json	5733
run_archive/results/pysr/seed0/pysr_s0_g0021.json	5544
run_archive/results/pysr/seed0/pysr_s0_g0022.json	5598
run_archive/results/pysr/seed0/pysr_s0_g0023.json	5168
run_archive/results/pysr/seed0/pysr_s0_g0024.json	5571
run_archive/results/pysr/seed0/pysr_s0_g0025.json	5147
run_archive/results/pysr/seed0/pysr_s0_g0026.json	5010
run_archive/results/pysr/seed0/pysr_s0_g0027.json	5211
run_archive/results/pysr/seed0/pysr_s0_g0028.json	4988
run_archive/results/pysr/seed0/pysr_s0_g0029.json	5216
run_archive/results/pysr/seed0/pysr_s0_g0030.json	4792
run_archive/results/pysr/seed0/pysr_s0_g0031.json	5665
run_archive/results/pysr/seed0/pysr_s0_g0032.json	5299
run_archive/results/pysr/seed0/pysr_s0_g0033.json	5020
run_archive/results/pysr/seed0/pysr_s0_g0034.json	5271
run_archive/results/pysr/seed0/pysr_s0_g0035.json	5213
run_archive/results/pysr/seed0/pysr_s0_g0036.json	5361
run_archive/results/pysr/seed0/pysr_s0_g0037.json	5335
run_archive/results/pysr/seed0/pysr_s0_g0038.json	5362
run_archive/results/pysr/seed0/pysr_s0_g0039.json	5209
run_archive/results/pysr/seed0/pysr_s0_g0040.json	5685
run_archive/results/pysr/seed0/pysr_s0_g0041.json	5397
run_archive/results/pysr/seed0/pysr_s0_g0042.json	5354
run_archive/results/pysr/seed0/pysr_s0_g0043.json	5321
run_archive/results/pysr/seed0/pysr_s0_g0044.json	5074
run_archive/results/pysr/seed0/pysr_s0_g0045.json	4987
run_archive/results/pysr/seed0/pysr_s0_g0046.json	5563
run_archive/results/pysr/seed0/pysr_s0_g0047.json	5345
run_archive/results/pysr/seed0/pysr_s0_g0048.json	5451
run_archive/results/pysr/seed0/pysr_s0_g0049.json	5172
run_archive/results/pysr/seed0/pysr_s0_g0050.json	5444
run_archive/results/pysr/seed1/pysr_s1_g0001.json	4951
run_archive/results/pysr/seed1/pysr_s1_g0002.json	5698
run_archive/results/pysr/seed1/pysr_s1_g0003.json	5512
run_archive/results/pysr/seed1/pysr_s1_g0004.json	4939
run_archive/results/pysr/seed1/pysr_s1_g0005.json	5135
run_archive/results/pysr/seed1/pysr_s1_g0006.json	4959
run_archive/results/pysr/seed1/pysr_s1_g0007.json	5288
run_archive/results/pysr/seed1/pysr_s1_g0008.json	4844
run_archive/results/pysr/seed1/pysr_s1_g0009.json	4868
run_archive/results/pysr/seed1/pysr_s1_g0010.json	5072
run_archive/results/pysr/seed1/pysr_s1_g0011.json	5594
run_archive/results/pysr/seed1/pysr_s1_g0012.json	4946
run_archive/results/pysr/seed1/pysr_s1_g0013.json	4938
run_archive/results/pysr/seed1/pysr_s1_g0014.json	5184
run_archive/results/pysr/seed1/pysr_s1_g0015.json	5128
run_archive/results/pysr/seed1/pysr_s1_g0016.json	5406
run_archive/results/pysr/seed1/pysr_s1_g0017.json	5070
run_archive/results/pysr/seed1/pysr_s1_g0018.json	5149
run_archive/results/pysr/seed1/pysr_s1_g0019.json	5411
run_archive/results/pysr/seed1/pysr_s1_g0020.json	5665
run_archive/results/pysr/seed1/pysr_s1_g0021.json	5356
run_archive/results/pysr/seed1/pysr_s1_g0022.json	5558
run_archive/results/pysr/seed1/pysr_s1_g0023.json	5168
run_archive/results/pysr/seed1/pysr_s1_g0024.json	5284
run_archive/results/pysr/seed1/pysr_s1_g0025.json	5337
run_archive/results/pysr/seed1/pysr_s1_g0026.json	5118
run_archive/results/pysr/seed1/pysr_s1_g0027.json	5120
run_archive/results/pysr/seed1/pysr_s1_g0028.json	4988
run_archive/results/pysr/seed1/pysr_s1_g0029.json	5213
run_archive/results/pysr/seed1/pysr_s1_g0030.json	4792
run_archive/results/pysr/seed1/pysr_s1_g0031.json	5525
run_archive/results/pysr/seed1/pysr_s1_g0032.json	5243
run_archive/results/pysr/seed1/pysr_s1_g0033.json	5020
run_archive/results/pysr/seed1/pysr_s1_g0034.json	5248
run_archive/results/pysr/seed1/pysr_s1_g0035.json	5244
run_archive/results/pysr/seed1/pysr_s1_g0036.json	5226
run_archive/results/pysr/seed1/pysr_s1_g0037.json	5305
run_archive/results/pysr/seed1/pysr_s1_g0038.json	5475
run_archive/results/pysr/seed1/pysr_s1_g0039.json	5241
run_archive/results/pysr/seed1/pysr_s1_g0040.json	5522
run_archive/results/pysr/seed1/pysr_s1_g0041.json	5393
run_archive/results/pysr/seed1/pysr_s1_g0042.json	5487
run_archive/results/pysr/seed1/pysr_s1_g0043.json	5480
run_archive/results/pysr/seed1/pysr_s1_g0044.json	5270
run_archive/results/pysr/seed1/pysr_s1_g0045.json	4987
run_archive/results/pysr/seed1/pysr_s1_g0046.json	5670
run_archive/results/pysr/seed1/pysr_s1_g0047.json	5092
run_archive/results/pysr/seed1/pysr_s1_g0048.json	5465
run_archive/results/pysr/seed1/pysr_s1_g0049.json	5270
run_archive/results/pysr/seed1/pysr_s1_g0050.json	5394
run_archive/results/pysr/seed2/pysr_s2_g0001.json	4950
run_archive/results/pysr/seed2/pysr_s2_g0002.json	5702
run_archive/results/pysr/seed2/pysr_s2_g0003.json	5006
run_archive/results/pysr/seed2/pysr_s2_g0004.json	5034
run_archive/results/pysr/seed2/pysr_s2_g0005.json	5348
run_archive/results/pysr/seed2/pysr_s2_g0006.json	4992
run_archive/results/pysr/seed2/pysr_s2_g0007.json	4948
run_archive/results/pysr/seed2/pysr_s2_g0008.json	4840
run_archive/results/pysr/seed2/pysr_s2_g0009.json	4740
run_archive/results/pysr/seed2/pysr_s2_g0010.json	5151
run_archive/results/pysr/seed2/pysr_s2_g0011.json	5591
run_archive/results/pysr/seed2/pysr_s2_g0012.json	4945
run_archive/results/pysr/seed2/pysr_s2_g0013.json	4938
run_archive/results/pysr/seed2/pysr_s2_g0014.json	5456
run_archive/results/pysr/seed2/pysr_s2_g0015.json	5134
run_archive/results/pysr/seed2/pysr_s2_g0016.json	5324
run_archive/results/pysr/seed2/pysr_s2_g0017.json	5043
run_archive/results/pysr/seed2/pysr_s2_g0018.json	5317
run_archive/results/pysr/seed2/pysr_s2_g0019.json	5307
run_archive/results/pysr/seed2/pysr_s2_g0020.json	5720
run_archive/results/pysr/seed2/pysr_s2_g0021.json	5634
run_archive/results/pysr/seed2/pysr_s2_g0022.json	5502
run_archive/results/pysr/seed2/pysr_s2_g0023.json	5167
run_archive/results/pysr/seed2/pysr_s2_g0024.json	5571
run_archive/results/pysr/seed2/pysr_s2_g0025.json	5010
run_archive/results/pysr/seed2/pysr_s2_g0026.json	5305
run_archive/results/pysr/seed2/pysr_s2_g0027.json	5120
run_archive/results/pysr/seed2/pysr_s2_g0028.json	5023
run_archive/results/pysr/seed2/pysr_s2_g0029.json	5157
run_archive/results/pysr/seed2/pysr_s2_g0030.json	4792
run_archive/results/pysr/seed2/pysr_s2_g0031.json	5388
run_archive/results/pysr/seed2/pysr_s2_g0032.json	4827
run_archive/results/pysr/seed2/pysr_s2_g0033.json	5047
run_archive/results/pysr/seed2/pysr_s2_g0034.json	5135
run_archive/results/pysr/seed2/pysr_s2_g0035.json	5258
run_archive/results/pysr/seed2/pysr_s2_g0036.json	5519
run_archive/results/pysr/seed2/pysr_s2_g0037.json	5216
run_archive/results/pysr/seed2/pysr_s2_g0038.json	5425
run_archive/results/pysr/seed2/pysr_s2_g0039.json	5176
run_archive/results/pysr/seed2/pysr_s2_g0040.json	5487
run_archive/results/pysr/seed2/pysr_s2_g0041.json	5370
run_archive/results/pysr/seed2/pysr_s2_g0042.json	5565
run_archive/results/pysr/seed2/pysr_s2_g0043.json	5396
run_archive/results/pysr/seed2/pysr_s2_g0044.json	5074
run_archive/results/pysr/seed2/pysr_s2_g0045.json	4987
run_archive/results/pysr/seed2/pysr_s2_g0046.json	5604
run_archive/results/pysr/seed2/pysr_s2_g0047.json	5152
run_archive/results/pysr/seed2/pysr_s2_g0048.json	5351
run_archive/results/pysr/seed2/pysr_s2_g0049.json	5097
run_archive/results/pysr/seed2/pysr_s2_g0050.json	5516
run_archive/results/pysr/seed3/pysr_s3_g0001.json	4951
run_archive/results/pysr/seed3/pysr_s3_g0002.json	5702
run_archive/results/pysr/seed3/pysr_s3_g0003.json	4921
run_archive/results/pysr/seed3/pysr_s3_g0004.json	4978
run_archive/results/pysr/seed3/pysr_s3_g0005.json	5174
run_archive/results/pysr/seed3/pysr_s3_g0006.json	4984
run_archive/results/pysr/seed3/pysr_s3_g0007.json	5026
run_archive/results/pysr/seed3/pysr_s3_g0008.json	4840
run_archive/results/pysr/seed3/pysr_s3_g0009.json	4897
run_archive/results/pysr/seed3/pysr_s3_g0010.json	5092
run_archive/results/pysr/seed3/pysr_s3_g0011.json	5599
run_archive/results/pysr/seed3/pysr_s3_g0012.json	4946
run_archive/results/pysr/seed3/pysr_s3_g0013.json	4939
run_archive/results/pysr/seed3/pysr_s3_g0014.json	5182
run_archive/results/pysr/seed3/pysr_s3_g0015.json	5067
run_archive/results/pysr/seed3/pysr_s3_g0016.json	4993
run_archive/results/pysr/seed3/pysr_s3_g0017.json	5237
run_archive/results/pysr/seed3/pysr_s3_g0018.json	5392
run_archive/results/pysr/seed3/pysr_s3_g0019.json	5404
run_archive/results/pysr/seed3/pysr_s3_g0020.json	5745
run_archive/results/pysr/seed3/pysr_s3_g0021.json	5525
run_archive/results/pysr/seed3/pysr_s3_g0022.json	5522
run_archive/results/pysr/seed3/pysr_s3_g0023.json	5754
run_archive/results/pysr/seed3/pysr_s3_g0024.json	5086
run_archive/results/pysr/seed3/pysr_s3_g0025.json	5010
run_archive/results/pysr/seed3/pysr_s3_g0026.json	5565
run_archive/results/pysr/seed3/pysr_s3_g0027.json	5443
run_archive/results/pysr/seed3/pysr_s3_g0028.json	4962
run_archive/results/pysr/seed3/pysr_s3_g0029.json	5278
run_archive/results/pysr/seed3/pysr_s3_g0030.json	4792
run_archive/results/pysr/seed3/pysr_s3_g0031.json	5289
run_archive/results/pysr/seed3/pysr_s3_g0032.json	4827
run_archive/results/pysr/seed3/pysr_s3_g0033.json	5071
run_archive/results/pysr/seed3/pysr_s3_g0034.json	5298
run_archive/results/pysr/seed3/pysr_s3_g0035.json	5201
run_archive/results/pysr/seed3/pysr_s3_g0036.json	5197
run_archive/results/pysr/seed3/pysr_s3_g0037.json	5522
run_archive/results/pysr/seed3/pysr_s3_g0038.json	5449
run_archive/results/pysr/seed3/pysr_s3_g0039.json	5194
run_archive/results/pysr/seed3/pysr_s3_g0040.json	5630
run_archive/results/pysr/seed3/pysr_s3_g0041.json	5471
run_archive/results/pysr/seed3/pysr_s3_g0042.json	5560
run_archive/results/pysr/seed3/pysr_s3_g0043.json	5316
run_archive/results/pysr/seed3/pysr_s3_g0044.json	5130
run_archive/results/pysr/seed3/pysr_s3_g0045.json	4987
run_archive/results/pysr/seed3/pysr_s3_g0046.json	5499
run_archive/results/pysr/seed3/pysr_s3_g0047.json	5120
run_archive/results/pysr/seed3/pysr_s3_g0048.json	5311
run_archive/results/pysr/seed3/pysr_s3_g0049.json	5166
run_archive/results/pysr/seed3/pysr_s3_g0050.json	5438
run_archive/results/pysr/seed4/pysr_s4_g0001.json	5087
run_archive/results/pysr/seed4/pysr_s4_g0002.json	5697
run_archive/results/pysr/seed4/pysr_s4_g0003.json	4921
run_archive/results/pysr/seed4/pysr_s4_g0004.json	4967
run_archive/results/pysr/seed4/pysr_s4_g0005.json	5156
run_archive/results/pysr/seed4/pysr_s4_g0006.json	4874
run_archive/results/pysr/seed4/pysr_s4_g0007.json	5113
run_archive/results/pysr/seed4/pysr_s4_g0008.json	5269
run_archive/results/pysr/seed4/pysr_s4_g0009.json	4740
run_archive/results/pysr/seed4/pysr_s4_g0010.json	4986
run_archive/results/pysr/seed4/pysr_s4_g0011.json	5587
run_archive/results/pysr/seed4/pysr_s4_g0012.json	4946
run_archive/results/pysr/seed4/pysr_s4_g0013.json	4939
run_archive/results/pysr/seed4/pysr_s4_g0014.json	5292
run_archive/results/pysr/seed4/pysr_s4_g0015.json	5196
run_archive/results/pysr/seed4/pysr_s4_g0016.json	5082
run_archive/results/pysr/seed4/pysr_s4_g0017.json	5307
run_archive/results/pysr/seed4/pysr_s4_g0018.json	5149
run_archive/results/pysr/seed4/pysr_s4_g0019.json	5108
run_archive/results/pysr/seed4/pysr_s4_g0020.json	5703
run_archive/results/pysr/seed4/pysr_s4_g0021.json	5644
run_archive/results/pysr/seed4/pysr_s4_g0022.json	5448
run_archive/results/pysr/seed4/pysr_s4_g0023.json	5413
run_archive/results/pysr/seed4/pysr_s4_g0024.json	5713
run_archive/results/pysr/seed4/pysr_s4_g0025.json	5340
run_archive/results/pysr/seed4/pysr_s4_g0026.json	5261
run_archive/results/pysr/seed4/pysr_s4_g0027.json	5119
run_archive/results/pysr/seed4/pysr_s4_g0028.json	4988
run_archive/results/pysr/seed4/pysr_s4_g0029.json	5194
run_archive/results/pysr/seed4/pysr_s4_g0030.json	4792
run_archive/results/pysr/seed4/pysr_s4_g0031.json	5627
run_archive/results/pysr/seed4/pysr_s4_g0032.json	5197
run_archive/results/pysr/seed4/pysr_s4_g0033.json	5020
run_archive/results/pysr/seed4/pysr_s4_g0034.json	5231
run_archive/results/pysr/seed4/pysr_s4_g0035.json	5260
run_archive/results/pysr/seed4/pysr_s4_g0036.json	5283
run_archive/results/pysr/seed4/pysr_s4_g0037.json	5388
run_archive/results/pysr/seed4/pysr_s4_g0038.json	5400
run_archive/results/pysr/seed4/pysr_s4_g0039.json	5293
run_archive/results/pysr/seed4/pysr_s4_g0040.json	5617
run_archive/results/pysr/seed4/pysr_s4_g0041.json	5447
run_archive/results/pysr/seed4/pysr_s4_g0042.json	5475
run_archive/results/pysr/seed4/pysr_s4_g0043.json	5458
run_archive/results/pysr/seed4/pysr_s4_g0044.json	5380
run_archive/results/pysr/seed4/pysr_s4_g0045.json	4987
run_archive/results/pysr/seed4/pysr_s4_g0046.json	5627
run_archive/results/pysr/seed4/pysr_s4_g0047.json	5357
run_archive/results/pysr/seed4/pysr_s4_g0048.json	5350
run_archive/results/pysr/seed4/pysr_s4_g0049.json	5422
run_archive/results/pysr/seed4/pysr_s4_g0050.json	5429
run_archive/results/qlattice/seed0/qlattice_s0_g0001.json	4567
run_archive/results/qlattice/seed0/qlattice_s0_g0002.json	4147
run_archive/results/qlattice/seed0/qlattice_s0_g0003.json	3837
run_archive/results/qlattice/seed0/qlattice_s0_g0004.json	3689
run_archive/results/qlattice/seed0/qlattice_s0_g0005.json	4033
run_archive/results/qlattice/seed0/qlattice_s0_g0006.json	4120
run_archive/results/qlattice/seed0/qlattice_s0_g0007.json	4037
run_archive/results/qlattice/seed0/qlattice_s0_g0008.json	4216
run_archive/results/qlattice/seed0/qlattice_s0_g0009.json	3619
run_archive/results/qlattice/seed0/qlattice_s0_g0010.json	4075
run_archive/results/qlattice/seed0/qlattice_s0_g0011.json	4981
run_archive/results/qlattice/seed0/qlattice_s0_g0012.json	4930
run_archive/results/qlattice/seed0/qlattice_s0_g0013.json	3743
run_archive/results/qlattice/seed0/qlattice_s0_g0014.json	4765
run_archive/results/qlattice/seed0/qlattice_s0_g0015.json	4623
run_archive/results/qlattice/seed0/qlattice_s0_g0016.json	4677
run_archive/results/qlattice/seed0/qlattice_s0_g0017.json	4908
run_archive/results/qlattice/seed0/qlattice_s0_g0018.json	4834
run_archive/results/qlattice/seed0/qlattice_s0_g0019.json	4470
run_archive/results/qlattice/seed0/qlattice_s0_g0020.json	4115
run_archive/results/qlattice/seed0/qlattice_s0_g0021.json	4822
run_archive/results/qlattice/seed0/qlattice_s0_g0022.json	4751
run_archive/results/qlattice/seed0/qlattice_s0_g0023.json	4771
run_archive/results/qlattice/seed0/qlattice_s0_g0024.json	4669
run_archive/results/qlattice/seed0/qlattice_s0_g0025.json	4446
run_archive/results/qlattice/seed0/qlattice_s0_g0026.json	4503
run_archive/results/qlattice/seed0/qlattice_s0_g0027.json	4590
run_archive/results/qlattice/seed0/qlattice_s0_g0028.json	4368
run_archive/results/qlattice/seed0/qlattice_s0_g0029.json	4327
run_archive/results/qlattice/seed0/qlattice_s0_g0030.json	2454
run_archive/results/qlattice/seed0/qlattice_s0_g0031.json	4690
run_archive/results/qlattice/seed0/qlattice_s0_g0032.json	3822
run_archive/results/qlattice/seed0/qlattice_s0_g0033.json	3930
run_archive/results/qlattice/seed0/qlattice_s0_g0034.json	3824
run_archive/results/qlattice/seed0/qlattice_s0_g0035.json	3755
run_archive/results/qlattice/seed0/qlattice_s0_g0036.json	4257
run_archive/results/qlattice/seed0/qlattice_s0_g0037.json	3770
run_archive/results/qlattice/seed0/qlattice_s0_g0038.json	4675
run_archive/results/qlattice/seed0/qlattice_s0_g0039.json	3740
run_archive/results/qlattice/seed0/qlattice_s0_g0040.json	4500
run_archive/results/qlattice/seed0/qlattice_s0_g0041.json	4258
run_archive/results/qlattice/seed0/qlattice_s0_g0042.json	4722
run_archive/results/qlattice/seed0/qlattice_s0_g0043.json	3852
run_archive/results/qlattice/seed0/qlattice_s0_g0044.json	3829
run_archive/results/qlattice/seed0/qlattice_s0_g0045.json	3901
run_archive/results/qlattice/seed0/qlattice_s0_g0046.json	4539
run_archive/results/qlattice/seed0/qlattice_s0_g0047.json	3858
run_archive/results/qlattice/seed0/qlattice_s0_g0048.json	4297
run_archive/results/qlattice/seed0/qlattice_s0_g0049.json	4405
run_archive/results/qlattice/seed0/qlattice_s0_g0050.json	3997
run_archive/results/qlattice/seed1/qlattice_s1_g0001.json	4556
run_archive/results/qlattice/seed1/qlattice_s1_g0002.json	4150
run_archive/results/qlattice/seed1/qlattice_s1_g0003.json	3839
run_archive/results/qlattice/seed1/qlattice_s1_g0004.json	3737
run_archive/results/qlattice/seed1/qlattice_s1_g0005.json	4027
run_archive/results/qlattice/seed1/qlattice_s1_g0006.json	4409
run_archive/results/qlattice/seed1/qlattice_s1_g0007.json	3761
run_archive/results/qlattice/seed1/qlattice_s1_g0008.json	4139
run_archive/results/qlattice/seed1/qlattice_s1_g0009.json	3704
run_archive/results/qlattice/seed1/qlattice_s1_g0010.json	3951
run_archive/results/qlattice/seed1/qlattice_s1_g0011.json	5000
run_archive/results/qlattice/seed1/qlattice_s1_g0012.json	4848
run_archive/results/qlattice/seed1/qlattice_s1_g0013.json	3766
run_archive/results/qlattice/seed1/qlattice_s1_g0014.json	4726
run_archive/results/qlattice/seed1/qlattice_s1_g0015.json	4454
run_archive/results/qlattice/seed1/qlattice_s1_g0016.json	4574
run_archive/results/qlattice/seed1/qlattice_s1_g0017.json	4686
run_archive/results/qlattice/seed1/qlattice_s1_g0018.json	4780
run_archive/results/qlattice/seed1/qlattice_s1_g0019.json	4700
run_archive/results/qlattice/seed1/qlattice_s1_g0020.json	4064
run_archive/results/qlattice/seed1/qlattice_s1_g0021.json	4494
run_archive/results/qlattice/seed1/qlattice_s1_g0022.json	4621
run_archive/results/qlattice/seed1/qlattice_s1_g0023.json	4935
run_archive/results/qlattice/seed1/qlattice_s1_g0024.json	4405
run_archive/results/qlattice/seed1/qlattice_s1_g0025.json	4448
run_archive/results/qlattice/seed1/qlattice_s1_g0026.json	4540
run_archive/results/qlattice/seed1/qlattice_s1_g0027.json	4733
run_archive/results/qlattice/seed1/qlattice_s1_g0028.json	4294
run_archive/results/qlattice/seed1/qlattice_s1_g0029.json	4170
run_archive/results/qlattice/seed1/qlattice_s1_g0030.json	2454
run_archive/results/qlattice/seed1/qlattice_s1_g0031.json	4358
run_archive/results/qlattice/seed1/qlattice_s1_g0032.json	3824
run_archive/results/qlattice/seed1/qlattice_s1_g0033.json	3928
run_archive/results/qlattice/seed1/qlattice_s1_g0034.json	3858
run_archive/results/qlattice/seed1/qlattice_s1_g0035.json	3750
run_archive/results/qlattice/seed1/qlattice_s1_g0036.json	3755
run_archive/results/qlattice/seed1/qlattice_s1_g0037.json	4449
run_archive/results/qlattice/seed1/qlattice_s1_g0038.json	4272
run_archive/results/qlattice/seed1/qlattice_s1_g0039.json	3726
run_archive/results/qlattice/seed1/qlattice_s1_g0040.json	4310
run_archive/results/qlattice/seed1/qlattice_s1_g0041.json	4476
run_archive/results/qlattice/seed1/qlattice_s1_g0042.json	4723
run_archive/results/qlattice/seed1/qlattice_s1_g0043.json	3853
run_archive/results/qlattice/seed1/qlattice_s1_g0044.json	3834
run_archive/results/qlattice/seed1/qlattice_s1_g0045.json	3914
run_archive/results/qlattice/seed1/qlattice_s1_g0046.json	4654
run_archive/results/qlattice/seed1/qlattice_s1_g0047.json	3951
run_archive/results/qlattice/seed1/qlattice_s1_g0048.json	4397
run_archive/results/qlattice/seed1/qlattice_s1_g0049.json	3851
run_archive/results/qlattice/seed1/qlattice_s1_g0050.json	4003
run_archive/results/qlattice/seed2/qlattice_s2_g0001.json	4696
run_archive/results/qlattice/seed2/qlattice_s2_g0002.json	4134
run_archive/results/qlattice/seed2/qlattice_s2_g0003.json	3838
run_archive/results/qlattice/seed2/qlattice_s2_g0004.json	3668
run_archive/results/qlattice/seed2/qlattice_s2_g0005.json	4028
run_archive/results/qlattice/seed2/qlattice_s2_g0006.json	4153
run_archive/results/qlattice/seed2/qlattice_s2_g0007.json	4173
run_archive/results/qlattice/seed2/qlattice_s2_g0008.json	4387
run_archive/results/qlattice/seed2/qlattice_s2_g0009.json	3808
run_archive/results/qlattice/seed2/qlattice_s2_g0010.json	3960
run_archive/results/qlattice/seed2/qlattice_s2_g0011.json	4701
run_archive/results/qlattice/seed2/qlattice_s2_g0012.json	4703
run_archive/results/qlattice/seed2/qlattice_s2_g0013.json	3757
run_archive/results/qlattice/seed2/qlattice_s2_g0014.json	4767
run_archive/results/qlattice/seed2/qlattice_s2_g0015.json	4600
run_archive/results/qlattice/seed2/qlattice_s2_g0016.json	4620
run_archive/results/qlattice/seed2/qlattice_s2_g0017.json	4802
run_archive/results/qlattice/seed2/qlattice_s2_g0018.json	4847
run_archive/results/qlattice/seed2/qlattice_s2_g0019.json	4438
run_archive/results/qlattice/seed2/qlattice_s2_g0020.json	4120
run_archive/results/qlattice/seed2/qlattice_s2_g0021.json	4471
run_archive/results/qlattice/seed2/qlattice_s2_g0022.json	4740
run_archive/results/qlattice/seed2/qlattice_s2_g0023.json	4940
run_archive/results/qlattice/seed2/qlattice_s2_g0024.json	4814
run_archive/results/qlattice/seed2/qlattice_s2_g0025.json	4430
run_archive/results/qlattice/seed2/qlattice_s2_g0026.json	4534
run_archive/results/qlattice/seed2/qlattice_s2_g0027.json	4581
run_archive/results/qlattice/seed2/qlattice_s2_g0028.json	4257
run_archive/results/qlattice/seed2/qlattice_s2_g0029.json	4327
run_archive/results/qlattice/seed2/qlattice_s2_g0030.json	2454
run_archive/results/qlattice/seed2/qlattice_s2_g0031.json	4665
run_archive/results/qlattice/seed2/qlattice_s2_g0032.json	3816
run_archive/results/qlattice/seed2/qlattice_s2_g0033.json	3932
run_archive/results/qlattice/seed2/qlattice_s2_g0034.json	4249
run_archive/results/qlattice/seed2/qlattice_s2_g0035.json	3750
run_archive/results/qlattice/seed2/qlattice_s2_g0036.json	3743
run_archive/results/qlattice/seed2/qlattice_s2_g0037.json	4254
run_archive/results/qlattice/seed2/qlattice_s2_g0038.json	4143
run_archive/results/qlattice/seed2/qlattice_s2_g0039.json	3814
run_archive/results/qlattice/seed2/qlattice_s2_g0040.json	4762
run_archive/results/qlattice/seed2/qlattice_s2_g0041.json	4334
run_archive/results/qlattice/seed2/qlattice_s2_g0042.json	4890
run_archive/results/qlattice/seed2/qlattice_s2_g0043.json	4347
run_archive/results/qlattice/seed2/qlattice_s2_g0044.json	3843
run_archive/results/qlattice/seed2/qlattice_s2_g0045.json	3908
run_archive/results/qlattice/seed2/qlattice_s2_g0046.json	4852
run_archive/results/qlattice/seed2/qlattice_s2_g0047.json	3744
run_archive/results/qlattice/seed2/qlattice_s2_g0048.json	4146
run_archive/results/qlattice/seed2/qlattice_s2_g0049.json	3847
run_archive/results/qlattice/seed2/qlattice_s2_g0050.json	4294
run_archive/results/qlattice/seed3/qlattice_s3_g0001.json	4505
run_archive/results/qlattice/seed3/qlattice_s3_g0002.json	4148
run_archive/results/qlattice/seed3/qlattice_s3_g0003.json	3837
run_archive/results/qlattice/seed3/qlattice_s3_g0004.json	3681
run_archive/results/qlattice/seed3/qlattice_s3_g0005.json	4039
run_archive/results/qlattice/seed3/qlattice_s3_g0006.json	4043
run_archive/results/qlattice/seed3/qlattice_s3_g0007.json	4402
run_archive/results/qlattice/seed3/qlattice_s3_g0008.json	4358
run_archive/results/qlattice/seed3/qlattice_s3_g0009.json	3620
run_archive/results/qlattice/seed3/qlattice_s3_g0010.json	4146
run_archive/results/qlattice/seed3/qlattice_s3_g0011.json	4871
run_archive/results/qlattice/seed3/qlattice_s3_g0012.json	4763
run_archive/results/qlattice/seed3/qlattice_s3_g0013.json	3757
run_archive/results/qlattice/seed3/qlattice_s3_g0014.json	4695
run_archive/results/qlattice/seed3/qlattice_s3_g0015.json	4908
run_archive/results/qlattice/seed3/qlattice_s3_g0016.json	4542
run_archive/results/qlattice/seed3/qlattice_s3_g0017.json	4794
run_archive/results/qlattice/seed3/qlattice_s3_g0018.json	4797
run_archive/results/qlattice/seed3/qlattice_s3_g0019.json	4843
run_archive/results/qlattice/seed3/qlattice_s3_g0020.json	4111
run_archive/results/qlattice/seed3/qlattice_s3_g0021.json	4682
run_archive/results/qlattice/seed3/qlattice_s3_g0022.json	4667
run_archive/results/qlattice/seed3/qlattice_s3_g0023.json	4419
run_archive/results/qlattice/seed3/qlattice_s3_g0024.json	4747
run_archive/results/qlattice/seed3/qlattice_s3_g0025.json	4434
run_archive/results/qlattice/seed3/qlattice_s3_g0026.json	4516
run_archive/results/qlattice/seed3/qlattice_s3_g0027.json	4725
run_archive/results/qlattice/seed3/qlattice_s3_g0028.json	4215
run_archive/results/qlattice/seed3/qlattice_s3_g0029.json	4157
run_archive/results/qlattice/seed3/qlattice_s3_g0030.json	2454
run_archive/results/qlattice/seed3/qlattice_s3_g0031.json	4556
run_archive/results/qlattice/seed3/qlattice_s3_g0032.json	3819
run_archive/results/qlattice/seed3/qlattice_s3_g0033.json	3933
run_archive/results/qlattice/seed3/qlattice_s3_g0034.json	3845
run_archive/results/qlattice/seed3/qlattice_s3_g0035.json	3753
run_archive/results/qlattice/seed3/qlattice_s3_g0036.json	3982
run_archive/results/qlattice/seed3/qlattice_s3_g0037.json	4274
run_archive/results/qlattice/seed3/qlattice_s3_g0038.json	4482
run_archive/results/qlattice/seed3/qlattice_s3_g0039.json	3740
run_archive/results/qlattice/seed3/qlattice_s3_g0040.json	4434
run_archive/results/qlattice/seed3/qlattice_s3_g0041.json	4473
run_archive/results/qlattice/seed3/qlattice_s3_g0042.json	4878
run_archive/results/qlattice/seed3/qlattice_s3_g0043.json	4117
run_archive/results/qlattice/seed3/qlattice_s3_g0044.json	3826
run_archive/results/qlattice/seed3/qlattice_s3_g0045.json	3897
run_archive/results/qlattice/seed3/qlattice_s3_g0046.json	4581
run_archive/results/qlattice/seed3/qlattice_s3_g0047.json	3947
run_archive/results/qlattice/seed3/qlattice_s3_g0048.json	4173
run_archive/results/qlattice/seed3/qlattice_s3_g0049.json	3879
run_archive/results/qlattice/seed3/qlattice_s3_g0050.json	4015
run_archive/results/qlattice/seed4/qlattice_s4_g0001.json	4747
run_archive/results/qlattice/seed4/qlattice_s4_g0002.json	4151
run_archive/results/qlattice/seed4/qlattice_s4_g0003.json	3822
run_archive/results/qlattice/seed4/qlattice_s4_g0004.json	3679
run_archive/results/qlattice/seed4/qlattice_s4_g0005.json	4028
run_archive/results/qlattice/seed4/qlattice_s4_g0006.json	4109
run_archive/results/qlattice/seed4/qlattice_s4_g0007.json	3991
run_archive/results/qlattice/seed4/qlattice_s4_g0008.json	4247
run_archive/results/qlattice/seed4/qlattice_s4_g0009.json	3820
run_archive/results/qlattice/seed4/qlattice_s4_g0010.json	3735
run_archive/results/qlattice/seed4/qlattice_s4_g0011.json	4936
run_archive/results/qlattice/seed4/qlattice_s4_g0012.json	4699
run_archive/results/qlattice/seed4/qlattice_s4_g0013.json	3765
run_archive/results/qlattice/seed4/qlattice_s4_g0014.json	5175
run_archive/results/qlattice/seed4/qlattice_s4_g0015.json	4666
run_archive/results/qlattice/seed4/qlattice_s4_g0016.json	4554
run_archive/results/qlattice/seed4/qlattice_s4_g0017.json	4918
run_archive/results/qlattice/seed4/qlattice_s4_g0018.json	4799
run_archive/results/qlattice/seed4/qlattice_s4_g0019.json	4651
run_archive/results/qlattice/seed4/qlattice_s4_g0020.json	4115
run_archive/results/qlattice/seed4/qlattice_s4_g0021.json	4671
run_archive/results/qlattice/seed4/qlattice_s4_g0022.json	4599
run_archive/results/qlattice/seed4/qlattice_s4_g0023.json	4976
run_archive/results/qlattice/seed4/qlattice_s4_g0024.json	4366
run_archive/results/qlattice/seed4/qlattice_s4_g0025.json	4452
run_archive/results/qlattice/seed4/qlattice_s4_g0026.json	4679
run_archive/results/qlattice/seed4/qlattice_s4_g0027.json	4657
run_archive/results/qlattice/seed4/qlattice_s4_g0028.json	4168
run_archive/results/qlattice/seed4/qlattice_s4_g0029.json	4149
run_archive/results/qlattice/seed4/qlattice_s4_g0030.json	2454
run_archive/results/qlattice/seed4/qlattice_s4_g0031.json	4255
run_archive/results/qlattice/seed4/qlattice_s4_g0032.json	3823
run_archive/results/qlattice/seed4/qlattice_s4_g0033.json	3908
run_archive/results/qlattice/seed4/qlattice_s4_g0034.json	4074
run_archive/results/qlattice/seed4/qlattice_s4_g0035.json	3754
run_archive/results/qlattice/seed4/qlattice_s4_g0036.json	3834
run_archive/results/qlattice/seed4/qlattice_s4_g0037.json	3850
run_archive/results/qlattice/seed4/qlattice_s4_g0038.json	4374
run_archive/results/qlattice/seed4/qlattice_s4_g0039.json	4549
run_archive/results/qlattice/seed4/qlattice_s4_g0040.json	4641
run_archive/results/qlattice/seed4/qlattice_s4_g0041.json	4515
run_archive/results/qlattice/seed4/qlattice_s4_g0042.json	4730
run_archive/results/qlattice/seed4/qlattice_s4_g0043.json	4135
run_archive/results/qlattice/seed4/qlattice_s4_g0044.json	3830
run_archive/results/qlattice/seed4/qlattice_s4_g0045.json	3907
run_archive/results/qlattice/seed4/qlattice_s4_g0046.json	4539
run_archive/results/qlattice/seed4/qlattice_s4_g0047.json	3855
run_archive/results/qlattice/seed4/qlattice_s4_g0048.json	4048
run_archive/results/qlattice/seed4/qlattice_s4_g0049.json	3853
run_archive/results/qlattice/seed4/qlattice_s4_g0050.json	3979
run_archive/results/ragsr/seed0/ragsr_s0_g0001.json	9816
run_archive/results/ragsr/seed0/ragsr_s0_g0002.json	12640
run_archive/results/ragsr/seed0/ragsr_s0_g0003.json	9651
run_archive/results/ragsr/seed0/ragsr_s0_g0004.json	14533
run_archive/results/ragsr/seed0/ragsr_s0_g0005.json	12038
run_archive/results/ragsr/seed0/ragsr_s0_g0006.json	14375
run_archive/results/ragsr/seed0/ragsr_s0_g0007.json	12908
run_archive/results/ragsr/seed0/ragsr_s0_g0008.json	11024
run_archive/results/ragsr/seed0/ragsr_s0_g0009.json	9706
run_archive/results/ragsr/seed0/ragsr_s0_g0010.json	11635
run_archive/results/ragsr/seed0/ragsr_s0_g0011.json	12288
run_archive/results/ragsr/seed0/ragsr_s0_g0012.json	10957
run_archive/results/ragsr/seed0/ragsr_s0_g0013.json	7851
run_archive/results/ragsr/seed0/ragsr_s0_g0014.json	10758
run_archive/results/ragsr/seed0/ragsr_s0_g0015.json	13786
run_archive/results/ragsr/seed0/ragsr_s0_g0016.json	11661
run_archive/results/ragsr/seed0/ragsr_s0_g0017.json	12819
run_archive/results/ragsr/seed0/ragsr_s0_g0018.json	10039
run_archive/results/ragsr/seed0/ragsr_s0_g0019.json	11804
run_archive/results/ragsr/seed0/ragsr_s0_g0020.json	11418
run_archive/results/ragsr/seed0/ragsr_s0_g0021.json	11711
run_archive/results/ragsr/seed0/ragsr_s0_g0022.json	9292
run_archive/results/ragsr/seed0/ragsr_s0_g0023.json	10381
run_archive/results/ragsr/seed0/ragsr_s0_g0024.json	11878
run_archive/results/ragsr/seed0/ragsr_s0_g0025.json	10534
run_archive/results/ragsr/seed0/ragsr_s0_g0026.json	12125
run_archive/results/ragsr/seed0/ragsr_s0_g0027.json	10518
run_archive/results/ragsr/seed0/ragsr_s0_g0028.json	9965
run_archive/results/ragsr/seed0/ragsr_s0_g0029.json	11195
run_archive/results/ragsr/seed0/ragsr_s0_g0030.json	11338
run_archive/results/ragsr/seed0/ragsr_s0_g0031.json	9826
run_archive/results/ragsr/seed0/ragsr_s0_g0032.json	12563
run_archive/results/ragsr/seed0/ragsr_s0_g0033.json	9922
run_archive/results/ragsr/seed0/ragsr_s0_g0034.json	8797
run_archive/results/ragsr/seed0/ragsr_s0_g0035.json	9699
run_archive/results/ragsr/seed0/ragsr_s0_g0036.json	8392
run_archive/results/ragsr/seed0/ragsr_s0_g0037.json	8519
run_archive/results/ragsr/seed0/ragsr_s0_g0038.json	11313
run_archive/results/ragsr/seed0/ragsr_s0_g0039.json	9048
run_archive/results/ragsr/seed0/ragsr_s0_g0040.json	10394
run_archive/results/ragsr/seed0/ragsr_s0_g0041.json	10961
run_archive/results/ragsr/seed0/ragsr_s0_g0042.json	10925
run_archive/results/ragsr/seed0/ragsr_s0_g0043.json	8372
run_archive/results/ragsr/seed0/ragsr_s0_g0044.json	9271
run_archive/results/ragsr/seed0/ragsr_s0_g0045.json	10097
run_archive/results/ragsr/seed0/ragsr_s0_g0046.json	13467
run_archive/results/ragsr/seed0/ragsr_s0_g0047.json	8421
run_archive/results/ragsr/seed0/ragsr_s0_g0048.json	8705
run_archive/results/ragsr/seed0/ragsr_s0_g0049.json	8940
run_archive/results/ragsr/seed0/ragsr_s0_g0050.json	12179
run_archive/results/ragsr/seed1/ragsr_s1_g0001.json	10399
run_archive/results/ragsr/seed1/ragsr_s1_g0002.json	12057
run_archive/results/ragsr/seed1/ragsr_s1_g0003.json	9029
run_archive/results/ragsr/seed1/ragsr_s1_g0004.json	16249
run_archive/results/ragsr/seed1/ragsr_s1_g0005.json	11662
run_archive/results/ragsr/seed1/ragsr_s1_g0006.json	16257
run_archive/results/ragsr/seed1/ragsr_s1_g0007.json	12261
run_archive/results/ragsr/seed1/ragsr_s1_g0008.json	12451
run_archive/results/ragsr/seed1/ragsr_s1_g0009.json	10017
run_archive/results/ragsr/seed1/ragsr_s1_g0010.json	9933
run_archive/results/ragsr/seed1/ragsr_s1_g0011.json	13121
run_archive/results/ragsr/seed1/ragsr_s1_g0012.json	11228
run_archive/results/ragsr/seed1/ragsr_s1_g0013.json	9045
run_archive/results/ragsr/seed1/ragsr_s1_g0014.json	11952
run_archive/results/ragsr/seed1/ragsr_s1_g0015.json	11347
run_archive/results/ragsr/seed1/ragsr_s1_g0016.json	11157
run_archive/results/ragsr/seed1/ragsr_s1_g0017.json	11756
run_archive/results/ragsr/seed1/ragsr_s1_g0018.json	12010
run_archive/results/ragsr/seed1/ragsr_s1_g0019.json	12518
run_archive/results/ragsr/seed1/ragsr_s1_g0020.json	10905
run_archive/results/ragsr/seed1/ragsr_s1_g0021.json	13529
run_archive/results/ragsr/seed1/ragsr_s1_g0022.json	9254
run_archive/results/ragsr/seed1/ragsr_s1_g0023.json	10110
run_archive/results/ragsr/seed1/ragsr_s1_g0024.json	10660
run_archive/results/ragsr/seed1/ragsr_s1_g0025.json	13619
run_archive/results/ragsr/seed1/ragsr_s1_g0026.json	11719
run_archive/results/ragsr/seed1/ragsr_s1_g0027.json	10808
run_archive/results/ragsr/seed1/ragsr_s1_g0028.json	10707
run_archive/results/ragsr/seed1/ragsr_s1_g0029.json	10606
run_archive/results/ragsr/seed1/ragsr_s1_g0030.json	11039
run_archive/results/ragsr/seed1/ragsr_s1_g0031.json	11404
run_archive/results/ragsr/seed1/ragsr_s1_g0032.json	11773
run_archive/results/ragsr/seed1/ragsr_s1_g0033.json	12135
run_archive/results/ragsr/seed1/ragsr_s1_g0034.json	9701
run_archive/results/ragsr/seed1/ragsr_s1_g0035.json	10806
run_archive/results/ragsr/seed1/ragsr_s1_g0036.json	9554
run_archive/results/ragsr/seed1/ragsr_s1_g0037.json	8810
run_archive/results/ragsr/seed1/ragsr_s1_g0038.json	11552
run_archive/results/ragsr/seed1/ragsr_s1_g0039.json	9898
run_archive/results/ragsr/seed1/ragsr_s1_g0040.json	11125
run_archive/results/ragsr/seed1/ragsr_s1_g0041.json	9975
run_archive/results/ragsr/seed1/ragsr_s1_g0042.json	11323
run_archive/results/ragsr/seed1/ragsr_s1_g0043.json	9550
run_archive/results/ragsr/seed1/ragsr_s1_g0044.json	9709
run_archive/results/ragsr/seed1/ragsr_s1_g0045.json	11586
run_archive/results/ragsr/seed1/ragsr_s1_g0046.json	11028
run_archive/results/ragsr/seed1/ragsr_s1_g0047.json	9102
run_archive/results/ragsr/seed1/ragsr_s1_g0048.json	10940
run_archive/results/ragsr/seed1/ragsr_s1_g0049.json	9636
run_archive/results/ragsr/seed1/ragsr_s1_g0050.json	10126
run_archive/results/ragsr/seed2/ragsr_s2_g0001.json	10379
run_archive/results/ragsr/seed2/ragsr_s2_g0002.json	13859
run_archive/results/ragsr/seed2/ragsr_s2_g0003.json	9387
run_archive/results/ragsr/seed2/ragsr_s2_g0004.json	17107
run_archive/results/ragsr/seed2/ragsr_s2_g0005.json	12505
run_archive/results/ragsr/seed2/ragsr_s2_g0006.json	12836
run_archive/results/ragsr/seed2/ragsr_s2_g0007.json	11953
run_archive/results/ragsr/seed2/ragsr_s2_g0008.json	11989
run_archive/results/ragsr/seed2/ragsr_s2_g0009.json	8892
run_archive/results/ragsr/seed2/ragsr_s2_g0010.json	10062
run_archive/results/ragsr/seed2/ragsr_s2_g0011.json	13836
run_archive/results/ragsr/seed2/ragsr_s2_g0012.json	9442
run_archive/results/ragsr/seed2/ragsr_s2_g0013.json	8065
run_archive/results/ragsr/seed2/ragsr_s2_g0014.json	12038
run_archive/results/ragsr/seed2/ragsr_s2_g0015.json	10116
run_archive/results/ragsr/seed2/ragsr_s2_g0016.json	10713
run_archive/results/ragsr/seed2/ragsr_s2_g0017.json	12146
run_archive/results/ragsr/seed2/ragsr_s2_g0018.json	12434
run_archive/results/ragsr/seed2/ragsr_s2_g0019.json	13838
run_archive/results/ragsr/seed2/ragsr_s2_g0020.json	12974
run_archive/results/ragsr/seed2/ragsr_s2_g0021.json	12342
run_archive/results/ragsr/seed2/ragsr_s2_g0022.json	9346
run_archive/results/ragsr/seed2/ragsr_s2_g0023.json	10133
run_archive/results/ragsr/seed2/ragsr_s2_g0024.json	10630
run_archive/results/ragsr/seed2/ragsr_s2_g0025.json	10697
run_archive/results/ragsr/seed2/ragsr_s2_g0026.json	10672
run_archive/results/ragsr/seed2/ragsr_s2_g0027.json	11442
run_archive/results/ragsr/seed2/ragsr_s2_g0028.json	10762
run_archive/results/ragsr/seed2/ragsr_s2_g0029.json	9126
run_archive/results/ragsr/seed2/ragsr_s2_g0030.json	8138
run_archive/results/ragsr/seed2/ragsr_s2_g0031.json	9333
run_archive/results/ragsr/seed2/ragsr_s2_g0032.json	10972
run_archive/results/ragsr/seed2/ragsr_s2_g0033.json	12500
run_archive/results/ragsr/seed2/ragsr_s2_g0034.json	9117
run_archive/results/ragsr/seed2/ragsr_s2_g0035.json	10164
run_archive/results/ragsr/seed2/ragsr_s2_g0036.json	10454
run_archive/results/ragsr/seed2/ragsr_s2_g0037.json	8458
run_archive/results/ragsr/seed2/ragsr_s2_g0038.json	10955
run_archive/results/ragsr/seed2/ragsr_s2_g0039.json	9175
run_archive/results/ragsr/seed2/ragsr_s2_g0040.json	10462
run_archive/results/ragsr/seed2/ragsr_s2_g0041.json	10147
run_archive/results/ragsr/seed2/ragsr_s2_g0042.json	9675
run_archive/results/ragsr/seed2/ragsr_s2_g0043.json	9282
run_archive/results/ragsr/seed2/ragsr_s2_g0044.json	9369
run_archive/results/ragsr/seed2/ragsr_s2_g0045.json	11789
run_archive/results/ragsr/seed2/ragsr_s2_g0046.json	12172
run_archive/results/ragsr/seed2/ragsr_s2_g0047.json	8515
run_archive/results/ragsr/seed2/ragsr_s2_g0048.json	9987
run_archive/results/ragsr/seed2/ragsr_s2_g0049.json	10672
run_archive/results/ragsr/seed2/ragsr_s2_g0050.json	12591
run_archive/results/ragsr/seed3/ragsr_s3_g0001.json	10431
run_archive/results/ragsr/seed3/ragsr_s3_g0002.json	18308
run_archive/results/ragsr/seed3/ragsr_s3_g0003.json	9010
run_archive/results/ragsr/seed3/ragsr_s3_g0004.json	17897
run_archive/results/ragsr/seed3/ragsr_s3_g0005.json	12975
run_archive/results/ragsr/seed3/ragsr_s3_g0006.json	14945
run_archive/results/ragsr/seed3/ragsr_s3_g0007.json	12107
run_archive/results/ragsr/seed3/ragsr_s3_g0008.json	11047
run_archive/results/ragsr/seed3/ragsr_s3_g0009.json	11037
run_archive/results/ragsr/seed3/ragsr_s3_g0010.json	9808
run_archive/results/ragsr/seed3/ragsr_s3_g0011.json	12525
run_archive/results/ragsr/seed3/ragsr_s3_g0012.json	10754
run_archive/results/ragsr/seed3/ragsr_s3_g0013.json	8899
run_archive/results/ragsr/seed3/ragsr_s3_g0014.json	12470
run_archive/results/ragsr/seed3/ragsr_s3_g0015.json	11455
run_archive/results/ragsr/seed3/ragsr_s3_g0016.json	10293
run_archive/results/ragsr/seed3/ragsr_s3_g0017.json	13495
run_archive/results/ragsr/seed3/ragsr_s3_g0018.json	10920
run_archive/results/ragsr/seed3/ragsr_s3_g0019.json	11144
run_archive/results/ragsr/seed3/ragsr_s3_g0020.json	11310
run_archive/results/ragsr/seed3/ragsr_s3_g0021.json	10626
run_archive/results/ragsr/seed3/ragsr_s3_g0022.json	9534
run_archive/results/ragsr/seed3/ragsr_s3_g0023.json	10359
run_archive/results/ragsr/seed3/ragsr_s3_g0024.json	11105
run_archive/results/ragsr/seed3/ragsr_s3_g0025.json	11488
run_archive/results/ragsr/seed3/ragsr_s3_g0026.json	11217
run_archive/results/ragsr/seed3/ragsr_s3_g0027.json	10538
run_archive/results/ragsr/seed3/ragsr_s3_g0028.json	12930
run_archive/results/ragsr/seed3/ragsr_s3_g0029.json	10965
run_archive/results/ragsr/seed3/ragsr_s3_g0030.json	10925
run_archive/results/ragsr/seed3/ragsr_s3_g0031.json	11341
run_archive/results/ragsr/seed3/ragsr_s3_g0032.json	12930
run_archive/results/ragsr/seed3/ragsr_s3_g0033.json	11373
run_archive/results/ragsr/seed3/ragsr_s3_g0034.json	8731
run_archive/results/ragsr/seed3/ragsr_s3_g0035.json	13973
run_archive/results/ragsr/seed3/ragsr_s3_g0036.json	8256
run_archive/results/ragsr/seed3/ragsr_s3_g0037.json	9926
run_archive/results/ragsr/seed3/ragsr_s3_g0038.json	11118
run_archive/results/ragsr/seed3/ragsr_s3_g0039.json	10321
run_archive/results/ragsr/seed3/ragsr_s3_g0040.json	11089
run_archive/results/ragsr/seed3/ragsr_s3_g0041.json	11306
run_archive/results/ragsr/seed3/ragsr_s3_g0042.json	11134
run_archive/results/ragsr/seed3/ragsr_s3_g0043.json	11341
run_archive/results/ragsr/seed3/ragsr_s3_g0044.json	9108
run_archive/results/ragsr/seed3/ragsr_s3_g0045.json	9906
run_archive/results/ragsr/seed3/ragsr_s3_g0046.json	12877
run_archive/results/ragsr/seed3/ragsr_s3_g0047.json	11089
run_archive/results/ragsr/seed3/ragsr_s3_g0048.json	9685
run_archive/results/ragsr/seed3/ragsr_s3_g0049.json	10350
run_archive/results/ragsr/seed3/ragsr_s3_g0050.json	10812
run_archive/results/ragsr/seed4/ragsr_s4_g0001.json	10424
run_archive/results/ragsr/seed4/ragsr_s4_g0002.json	15197
run_archive/results/ragsr/seed4/ragsr_s4_g0003.json	8468
run_archive/results/ragsr/seed4/ragsr_s4_g0004.json	13342
run_archive/results/ragsr/seed4/ragsr_s4_g0005.json	13563
run_archive/results/ragsr/seed4/ragsr_s4_g0006.json	14886
run_archive/results/ragsr/seed4/ragsr_s4_g0007.json	14617
run_archive/results/ragsr/seed4/ragsr_s4_g0008.json	11267
run_archive/results/ragsr/seed4/ragsr_s4_g0009.json	11256
run_archive/results/ragsr/seed4/ragsr_s4_g0010.json	10147
run_archive/results/ragsr/seed4/ragsr_s4_g0011.json	13231
run_archive/results/ragsr/seed4/ragsr_s4_g0012.json	8950
run_archive/results/ragsr/seed4/ragsr_s4_g0013.json	7951
run_archive/results/ragsr/seed4/ragsr_s4_g0014.json	10524
run_archive/results/ragsr/seed4/ragsr_s4_g0015.json	11506
run_archive/results/ragsr/seed4/ragsr_s4_g0016.json	11446
run_archive/results/ragsr/seed4/ragsr_s4_g0017.json	11368
run_archive/results/ragsr/seed4/ragsr_s4_g0018.json	11107
run_archive/results/ragsr/seed4/ragsr_s4_g0019.json	9809
run_archive/results/ragsr/seed4/ragsr_s4_g0020.json	12135
run_archive/results/ragsr/seed4/ragsr_s4_g0021.json	12765
run_archive/results/ragsr/seed4/ragsr_s4_g0022.json	13163
run_archive/results/ragsr/seed4/ragsr_s4_g0023.json	10224
run_archive/results/ragsr/seed4/ragsr_s4_g0024.json	12096
run_archive/results/ragsr/seed4/ragsr_s4_g0025.json	11396
run_archive/results/ragsr/seed4/ragsr_s4_g0026.json	11104
run_archive/results/ragsr/seed4/ragsr_s4_g0027.json	11320
run_archive/results/ragsr/seed4/ragsr_s4_g0028.json	11157
run_archive/results/ragsr/seed4/ragsr_s4_g0029.json	11026
run_archive/results/ragsr/seed4/ragsr_s4_g0030.json	10517
run_archive/results/ragsr/seed4/ragsr_s4_g0031.json	11857
run_archive/results/ragsr/seed4/ragsr_s4_g0032.json	10787
run_archive/results/ragsr/seed4/ragsr_s4_g0033.json	11355
run_archive/results/ragsr/seed4/ragsr_s4_g0034.json	8759
run_archive/results/ragsr/seed4/ragsr_s4_g0035.json	10289
run_archive/results/ragsr/seed4/ragsr_s4_g0036.json	8603
run_archive/results/ragsr/seed4/ragsr_s4_g0037.json	9165
run_archive/results/ragsr/seed4/ragsr_s4_g0038.json	11857
run_archive/results/ragsr/seed4/ragsr_s4_g0039.json	9191
run_archive/results/ragsr/seed4/ragsr_s4_g0040.json	12236
run_archive/results/ragsr/seed4/ragsr_s4_g0041.json	10830
run_archive/results/ragsr/seed4/ragsr_s4_g0042.json	12306
run_archive/results/ragsr/seed4/ragsr_s4_g0043.json	9087
run_archive/results/ragsr/seed4/ragsr_s4_g0044.json	9320
run_archive/results/ragsr/seed4/ragsr_s4_g0045.json	11916
run_archive/results/ragsr/seed4/ragsr_s4_g0046.json	13211
run_archive/results/ragsr/seed4/ragsr_s4_g0047.json	8323
run_archive/results/ragsr/seed4/ragsr_s4_g0048.json	9447
run_archive/results/ragsr/seed4/ragsr_s4_g0049.json	9264
run_archive/results/ragsr/seed4/ragsr_s4_g0050.json	9577
run_archive/results/tpsr/seed0/tpsr_s0_g0001.json	5489
run_archive/results/tpsr/seed0/tpsr_s0_g0002.json	4537
run_archive/results/tpsr/seed0/tpsr_s0_g0003.json	5848
run_archive/results/tpsr/seed0/tpsr_s0_g0004.json	4724
run_archive/results/tpsr/seed0/tpsr_s0_g0005.json	5023
run_archive/results/tpsr/seed0/tpsr_s0_g0006.json	4206
run_archive/results/tpsr/seed0/tpsr_s0_g0007.json	4443
run_archive/results/tpsr/seed0/tpsr_s0_g0008.json	4399
run_archive/results/tpsr/seed0/tpsr_s0_g0009.json	4548
run_archive/results/tpsr/seed0/tpsr_s0_g0010.json	4949
run_archive/results/tpsr/seed0/tpsr_s0_g0011.json	5706
run_archive/results/tpsr/seed0/tpsr_s0_g0012.json	4595
run_archive/results/tpsr/seed0/tpsr_s0_g0013.json	5448
run_archive/results/tpsr/seed0/tpsr_s0_g0014.json	5200
run_archive/results/tpsr/seed0/tpsr_s0_g0015.json	4814
run_archive/results/tpsr/seed0/tpsr_s0_g0016.json	5024
run_archive/results/tpsr/seed0/tpsr_s0_g0017.json	5110
run_archive/results/tpsr/seed0/tpsr_s0_g0018.json	6088
run_archive/results/tpsr/seed0/tpsr_s0_g0019.json	5078
run_archive/results/tpsr/seed0/tpsr_s0_g0020.json	5052
run_archive/results/tpsr/seed0/tpsr_s0_g0021.json	5864
run_archive/results/tpsr/seed0/tpsr_s0_g0022.json	9703
run_archive/results/tpsr/seed0/tpsr_s0_g0023.json	6407
run_archive/results/tpsr/seed0/tpsr_s0_g0024.json	6885
run_archive/results/tpsr/seed0/tpsr_s0_g0025.json	4718
run_archive/results/tpsr/seed0/tpsr_s0_g0026.json	5721
run_archive/results/tpsr/seed0/tpsr_s0_g0027.json	4338
run_archive/results/tpsr/seed0/tpsr_s0_g0028.json	4783
run_archive/results/tpsr/seed0/tpsr_s0_g0029.json	5223
run_archive/results/tpsr/seed0/tpsr_s0_g0030.json	4665
run_archive/results/tpsr/seed0/tpsr_s0_g0031.json	4128
run_archive/results/tpsr/seed0/tpsr_s0_g0032.json	6005
run_archive/results/tpsr/seed0/tpsr_s0_g0033.json	5053
run_archive/results/tpsr/seed0/tpsr_s0_g0034.json	4462
run_archive/results/tpsr/seed0/tpsr_s0_g0035.json	6453
run_archive/results/tpsr/seed0/tpsr_s0_g0036.json	4571
run_archive/results/tpsr/seed0/tpsr_s0_g0037.json	4204
run_archive/results/tpsr/seed0/tpsr_s0_g0038.json	4477
run_archive/results/tpsr/seed0/tpsr_s0_g0039.json	5011
run_archive/results/tpsr/seed0/tpsr_s0_g0040.json	6299
run_archive/results/tpsr/seed0/tpsr_s0_g0041.json	4414
run_archive/results/tpsr/seed0/tpsr_s0_g0042.json	5860
run_archive/results/tpsr/seed0/tpsr_s0_g0043.json	5147
run_archive/results/tpsr/seed0/tpsr_s0_g0044.json	5781
run_archive/results/tpsr/seed0/tpsr_s0_g0045.json	4559
run_archive/results/tpsr/seed0/tpsr_s0_g0046.json	5624
run_archive/results/tpsr/seed0/tpsr_s0_g0047.json	5488
run_archive/results/tpsr/seed0/tpsr_s0_g0048.json	4606
run_archive/results/tpsr/seed0/tpsr_s0_g0049.json	4849
run_archive/results/tpsr/seed0/tpsr_s0_g0050.json	6155
run_archive/results/tpsr/seed1/tpsr_s1_g0001.json	7919
run_archive/results/tpsr/seed1/tpsr_s1_g0002.json	4537
run_archive/results/tpsr/seed1/tpsr_s1_g0003.json	5183
run_archive/results/tpsr/seed1/tpsr_s1_g0004.json	4725
run_archive/results/tpsr/seed1/tpsr_s1_g0005.json	5023
run_archive/results/tpsr/seed1/tpsr_s1_g0006.json	4204
run_archive/results/tpsr/seed1/tpsr_s1_g0007.json	4443
run_archive/results/tpsr/seed1/tpsr_s1_g0008.json	4399
run_archive/results/tpsr/seed1/tpsr_s1_g0009.json	4548
run_archive/results/tpsr/seed1/tpsr_s1_g0010.json	4949
run_archive/results/tpsr/seed1/tpsr_s1_g0011.json	6028
run_archive/results/tpsr/seed1/tpsr_s1_g0012.json	5028
run_archive/results/tpsr/seed1/tpsr_s1_g0013.json	5357
run_archive/results/tpsr/seed1/tpsr_s1_g0014.json	5201
run_archive/results/tpsr/seed1/tpsr_s1_g0015.json	4814
run_archive/results/tpsr/seed1/tpsr_s1_g0016.json	5424
run_archive/results/tpsr/seed1/tpsr_s1_g0017.json	4735
run_archive/results/tpsr/seed1/tpsr_s1_g0018.json	5587
run_archive/results/tpsr/seed1/tpsr_s1_g0019.json	7042
run_archive/results/tpsr/seed1/tpsr_s1_g0020.json	4913
run_archive/results/tpsr/seed1/tpsr_s1_g0021.json	4324
run_archive/results/tpsr/seed1/tpsr_s1_g0022.json	5206
run_archive/results/tpsr/seed1/tpsr_s1_g0023.json	6026
run_archive/results/tpsr/seed1/tpsr_s1_g0024.json	5155
run_archive/results/tpsr/seed1/tpsr_s1_g0025.json	4850
run_archive/results/tpsr/seed1/tpsr_s1_g0026.json	5720
run_archive/results/tpsr/seed1/tpsr_s1_g0027.json	4136
run_archive/results/tpsr/seed1/tpsr_s1_g0028.json	4782
run_archive/results/tpsr/seed1/tpsr_s1_g0029.json	5341
run_archive/results/tpsr/seed1/tpsr_s1_g0030.json	5379
run_archive/results/tpsr/seed1/tpsr_s1_g0031.json	5982
run_archive/results/tpsr/seed1/tpsr_s1_g0032.json	5996
run_archive/results/tpsr/seed1/tpsr_s1_g0033.json	5148
run_archive/results/tpsr/seed1/tpsr_s1_g0034.json	4462
run_archive/results/tpsr/seed1/tpsr_s1_g0035.json	6349
run_archive/results/tpsr/seed1/tpsr_s1_g0036.json	4571
run_archive/results/tpsr/seed1/tpsr_s1_g0037.json	4204
run_archive/results/tpsr/seed1/tpsr_s1_g0038.json	4477
run_archive/results/tpsr/seed1/tpsr_s1_g0039.json	5012
run_archive/results/tpsr/seed1/tpsr_s1_g0040.json	6419
run_archive/results/tpsr/seed1/tpsr_s1_g0041.json	4413
run_archive/results/tpsr/seed1/tpsr_s1_g0042.json	5358
run_archive/results/tpsr/seed1/tpsr_s1_g0043.json	4611
run_archive/results/tpsr/seed1/tpsr_s1_g0044.json	5695
run_archive/results/tpsr/seed1/tpsr_s1_g0045.json	4552
run_archive/results/tpsr/seed1/tpsr_s1_g0046.json	5459
run_archive/results/tpsr/seed1/tpsr_s1_g0047.json	4769
run_archive/results/tpsr/seed1/tpsr_s1_g0048.json	4427
run_archive/results/tpsr/seed1/tpsr_s1_g0049.json	4849
run_archive/results/tpsr/seed1/tpsr_s1_g0050.json	5550
run_archive/results/tpsr/seed2/tpsr_s2_g0001.json	6590
run_archive/results/tpsr/seed2/tpsr_s2_g0002.json	4537
run_archive/results/tpsr/seed2/tpsr_s2_g0003.json	5183
run_archive/results/tpsr/seed2/tpsr_s2_g0004.json	4725
run_archive/results/tpsr/seed2/tpsr_s2_g0005.json	5023
run_archive/results/tpsr/seed2/tpsr_s2_g0006.json	4205
run_archive/results/tpsr/seed2/tpsr_s2_g0007.json	4443
run_archive/results/tpsr/seed2/tpsr_s2_g0008.json	4398
run_archive/results/tpsr/seed2/tpsr_s2_g0009.json	4548
run_archive/results/tpsr/seed2/tpsr_s2_g0010.json	4949
run_archive/results/tpsr/seed2/tpsr_s2_g0011.json	5706
run_archive/results/tpsr/seed2/tpsr_s2_g0012.json	5239
run_archive/results/tpsr/seed2/tpsr_s2_g0013.json	5838
run_archive/results/tpsr/seed2/tpsr_s2_g0014.json	5201
run_archive/results/tpsr/seed2/tpsr_s2_g0015.json	4814
run_archive/results/tpsr/seed2/tpsr_s2_g0016.json	5487
run_archive/results/tpsr/seed2/tpsr_s2_g0017.json	5110
run_archive/results/tpsr/seed2/tpsr_s2_g0018.json	5621
run_archive/results/tpsr/seed2/tpsr_s2_g0019.json	7325
run_archive/results/tpsr/seed2/tpsr_s2_g0020.json	4912
run_archive/results/tpsr/seed2/tpsr_s2_g0021.json	4199
run_archive/results/tpsr/seed2/tpsr_s2_g0022.json	5206
run_archive/results/tpsr/seed2/tpsr_s2_g0023.json	5314
run_archive/results/tpsr/seed2/tpsr_s2_g0024.json	5155
run_archive/results/tpsr/seed2/tpsr_s2_g0025.json	4718
run_archive/results/tpsr/seed2/tpsr_s2_g0026.json	5721
run_archive/results/tpsr/seed2/tpsr_s2_g0027.json	5986
run_archive/results/tpsr/seed2/tpsr_s2_g0028.json	4783
run_archive/results/tpsr/seed2/tpsr_s2_g0029.json	5341
run_archive/results/tpsr/seed2/tpsr_s2_g0030.json	5246
run_archive/results/tpsr/seed2/tpsr_s2_g0031.json	4126
run_archive/results/tpsr/seed2/tpsr_s2_g0032.json	7007
run_archive/results/tpsr/seed2/tpsr_s2_g0033.json	5053
run_archive/results/tpsr/seed2/tpsr_s2_g0034.json	4462
run_archive/results/tpsr/seed2/tpsr_s2_g0035.json	6349
run_archive/results/tpsr/seed2/tpsr_s2_g0036.json	4797
run_archive/results/tpsr/seed2/tpsr_s2_g0037.json	4204
run_archive/results/tpsr/seed2/tpsr_s2_g0038.json	4478
run_archive/results/tpsr/seed2/tpsr_s2_g0039.json	5012
run_archive/results/tpsr/seed2/tpsr_s2_g0040.json	6063
run_archive/results/tpsr/seed2/tpsr_s2_g0041.json	4413
run_archive/results/tpsr/seed2/tpsr_s2_g0042.json	4849
run_archive/results/tpsr/seed2/tpsr_s2_g0043.json	4611
run_archive/results/tpsr/seed2/tpsr_s2_g0044.json	5782
run_archive/results/tpsr/seed2/tpsr_s2_g0045.json	4558
run_archive/results/tpsr/seed2/tpsr_s2_g0046.json	5624
run_archive/results/tpsr/seed2/tpsr_s2_g0047.json	5205
run_archive/results/tpsr/seed2/tpsr_s2_g0048.json	4654
run_archive/results/tpsr/seed2/tpsr_s2_g0049.json	4849
run_archive/results/tpsr/seed2/tpsr_s2_g0050.json	5745
run_archive/results/tpsr/seed3/tpsr_s3_g0001.json	4912
run_archive/results/tpsr/seed3/tpsr_s3_g0002.json	4537
run_archive/results/tpsr/seed3/tpsr_s3_g0003.json	5183
run_archive/results/tpsr/seed3/tpsr_s3_g0004.json	4725
run_archive/results/tpsr/seed3/tpsr_s3_g0005.json	5023
run_archive/results/tpsr/seed3/tpsr_s3_g0006.json	4206
run_archive/results/tpsr/seed3/tpsr_s3_g0007.json	4448
run_archive/results/tpsr/seed3/tpsr_s3_g0008.json	4399
run_archive/results/tpsr/seed3/tpsr_s3_g0009.json	4548
run_archive/results/tpsr/seed3/tpsr_s3_g0010.json	4949
run_archive/results/tpsr/seed3/tpsr_s3_g0011.json	4408
run_archive/results/tpsr/seed3/tpsr_s3_g0012.json	5028
run_archive/results/tpsr/seed3/tpsr_s3_g0013.json	5599
run_archive/results/tpsr/seed3/tpsr_s3_g0014.json	5201
run_archive/results/tpsr/seed3/tpsr_s3_g0015.json	4815
run_archive/results/tpsr/seed3/tpsr_s3_g0016.json	5405
run_archive/results/tpsr/seed3/tpsr_s3_g0017.json	5110
run_archive/results/tpsr/seed3/tpsr_s3_g0018.json	5598
run_archive/results/tpsr/seed3/tpsr_s3_g0019.json	5359
run_archive/results/tpsr/seed3/tpsr_s3_g0020.json	4912
run_archive/results/tpsr/seed3/tpsr_s3_g0021.json	4199
run_archive/results/tpsr/seed3/tpsr_s3_g0022.json	5206
run_archive/results/tpsr/seed3/tpsr_s3_g0023.json	7340
run_archive/results/tpsr/seed3/tpsr_s3_g0024.json	5154
run_archive/results/tpsr/seed3/tpsr_s3_g0025.json	4718
run_archive/results/tpsr/seed3/tpsr_s3_g0026.json	5720
run_archive/results/tpsr/seed3/tpsr_s3_g0027.json	4136
run_archive/results/tpsr/seed3/tpsr_s3_g0028.json	4783
run_archive/results/tpsr/seed3/tpsr_s3_g0029.json	5341
run_archive/results/tpsr/seed3/tpsr_s3_g0030.json	4999
run_archive/results/tpsr/seed3/tpsr_s3_g0031.json	4526
run_archive/results/tpsr/seed3/tpsr_s3_g0032.json	5732
run_archive/results/tpsr/seed3/tpsr_s3_g0033.json	5731
run_archive/results/tpsr/seed3/tpsr_s3_g0034.json	4462
run_archive/results/tpsr/seed3/tpsr_s3_g0035.json	6349
run_archive/results/tpsr/seed3/tpsr_s3_g0036.json	4571
run_archive/results/tpsr/seed3/tpsr_s3_g0037.json	4204
run_archive/results/tpsr/seed3/tpsr_s3_g0038.json	4477
run_archive/results/tpsr/seed3/tpsr_s3_g0039.json	5012
run_archive/results/tpsr/seed3/tpsr_s3_g0040.json	6541
run_archive/results/tpsr/seed3/tpsr_s3_g0041.json	4425
run_archive/results/tpsr/seed3/tpsr_s3_g0042.json	5548
run_archive/results/tpsr/seed3/tpsr_s3_g0043.json	5438
run_archive/results/tpsr/seed3/tpsr_s3_g0044.json	5756
run_archive/results/tpsr/seed3/tpsr_s3_g0045.json	4559
run_archive/results/tpsr/seed3/tpsr_s3_g0046.json	5230
run_archive/results/tpsr/seed3/tpsr_s3_g0047.json	4438
run_archive/results/tpsr/seed3/tpsr_s3_g0048.json	4506
run_archive/results/tpsr/seed3/tpsr_s3_g0049.json	4849
run_archive/results/tpsr/seed3/tpsr_s3_g0050.json	4430
run_archive/results/tpsr/seed4/tpsr_s4_g0001.json	6285
run_archive/results/tpsr/seed4/tpsr_s4_g0002.json	4537
run_archive/results/tpsr/seed4/tpsr_s4_g0003.json	5182
run_archive/results/tpsr/seed4/tpsr_s4_g0004.json	4725
run_archive/results/tpsr/seed4/tpsr_s4_g0005.json	5022
run_archive/results/tpsr/seed4/tpsr_s4_g0006.json	4206
run_archive/results/tpsr/seed4/tpsr_s4_g0007.json	4444
run_archive/results/tpsr/seed4/tpsr_s4_g0008.json	4399
run_archive/results/tpsr/seed4/tpsr_s4_g0009.json	4548
run_archive/results/tpsr/seed4/tpsr_s4_g0010.json	4949
run_archive/results/tpsr/seed4/tpsr_s4_g0011.json	4410
run_archive/results/tpsr/seed4/tpsr_s4_g0012.json	5006
run_archive/results/tpsr/seed4/tpsr_s4_g0013.json	5357
run_archive/results/tpsr/seed4/tpsr_s4_g0014.json	5201
run_archive/results/tpsr/seed4/tpsr_s4_g0015.json	4993
run_archive/results/tpsr/seed4/tpsr_s4_g0016.json	5409
run_archive/results/tpsr/seed4/tpsr_s4_g0017.json	5110
run_archive/results/tpsr/seed4/tpsr_s4_g0018.json	5466
run_archive/results/tpsr/seed4/tpsr_s4_g0019.json	6479
run_archive/results/tpsr/seed4/tpsr_s4_g0020.json	4912
run_archive/results/tpsr/seed4/tpsr_s4_g0021.json	4199
run_archive/results/tpsr/seed4/tpsr_s4_g0022.json	5719
run_archive/results/tpsr/seed4/tpsr_s4_g0023.json	6096
run_archive/results/tpsr/seed4/tpsr_s4_g0024.json	5154
run_archive/results/tpsr/seed4/tpsr_s4_g0025.json	4718
run_archive/results/tpsr/seed4/tpsr_s4_g0026.json	5721
run_archive/results/tpsr/seed4/tpsr_s4_g0027.json	4396
run_archive/results/tpsr/seed4/tpsr_s4_g0028.json	4783
run_archive/results/tpsr/seed4/tpsr_s4_g0029.json	5342
run_archive/results/tpsr/seed4/tpsr_s4_g0030.json	4448
run_archive/results/tpsr/seed4/tpsr_s4_g0031.json	5899
run_archive/results/tpsr/seed4/tpsr_s4_g0032.json	5812
run_archive/results/tpsr/seed4/tpsr_s4_g0033.json	5731
run_archive/results/tpsr/seed4/tpsr_s4_g0034.json	4778
run_archive/results/tpsr/seed4/tpsr_s4_g0035.json	6349
run_archive/results/tpsr/seed4/tpsr_s4_g0036.json	4595
run_archive/results/tpsr/seed4/tpsr_s4_g0037.json	4203
run_archive/results/tpsr/seed4/tpsr_s4_g0038.json	4478
run_archive/results/tpsr/seed4/tpsr_s4_g0039.json	4913
run_archive/results/tpsr/seed4/tpsr_s4_g0040.json	6024
run_archive/results/tpsr/seed4/tpsr_s4_g0041.json	4414
run_archive/results/tpsr/seed4/tpsr_s4_g0042.json	6032
run_archive/results/tpsr/seed4/tpsr_s4_g0043.json	4611
run_archive/results/tpsr/seed4/tpsr_s4_g0044.json	5782
run_archive/results/tpsr/seed4/tpsr_s4_g0045.json	4517
run_archive/results/tpsr/seed4/tpsr_s4_g0046.json	5624
run_archive/results/tpsr/seed4/tpsr_s4_g0047.json	5673
run_archive/results/tpsr/seed4/tpsr_s4_g0048.json	5358
run_archive/results/tpsr/seed4/tpsr_s4_g0049.json	4848
run_archive/results/tpsr/seed4/tpsr_s4_g0050.json	5664
run_archive/results/udsr/seed0/udsr_s0_g0001.json	6873
run_archive/results/udsr/seed0/udsr_s0_g0002.json	7108
run_archive/results/udsr/seed0/udsr_s0_g0003.json	6905
run_archive/results/udsr/seed0/udsr_s0_g0004.json	6280
run_archive/results/udsr/seed0/udsr_s0_g0005.json	7424
run_archive/results/udsr/seed0/udsr_s0_g0006.json	6528
run_archive/results/udsr/seed0/udsr_s0_g0007.json	7299
run_archive/results/udsr/seed0/udsr_s0_g0008.json	7532
run_archive/results/udsr/seed0/udsr_s0_g0009.json	6407
run_archive/results/udsr/seed0/udsr_s0_g0010.json	7400
run_archive/results/udsr/seed0/udsr_s0_g0011.json	8411
run_archive/results/udsr/seed0/udsr_s0_g0012.json	9058
run_archive/results/udsr/seed0/udsr_s0_g0013.json	7555
run_archive/results/udsr/seed0/udsr_s0_g0014.json	6588
run_archive/results/udsr/seed0/udsr_s0_g0015.json	6986
run_archive/results/udsr/seed0/udsr_s0_g0016.json	6247
run_archive/results/udsr/seed0/udsr_s0_g0017.json	7700
run_archive/results/udsr/seed0/udsr_s0_g0018.json	6723
run_archive/results/udsr/seed0/udsr_s0_g0019.json	6695
run_archive/results/udsr/seed0/udsr_s0_g0020.json	7503
run_archive/results/udsr/seed0/udsr_s0_g0021.json	6658
run_archive/results/udsr/seed0/udsr_s0_g0022.json	6783
run_archive/results/udsr/seed0/udsr_s0_g0023.json	18438
run_archive/results/udsr/seed0/udsr_s0_g0024.json	7186
run_archive/results/udsr/seed0/udsr_s0_g0025.json	7764
run_archive/results/udsr/seed0/udsr_s0_g0026.json	7827
run_archive/results/udsr/seed0/udsr_s0_g0027.json	14647
run_archive/results/udsr/seed0/udsr_s0_g0028.json	9383
run_archive/results/udsr/seed0/udsr_s0_g0029.json	6413
run_archive/results/udsr/seed0/udsr_s0_g0030.json	9325
run_archive/results/udsr/seed0/udsr_s0_g0031.json	6579
run_archive/results/udsr/seed0/udsr_s0_g0032.json	10917
run_archive/results/udsr/seed0/udsr_s0_g0033.json	10091
run_archive/results/udsr/seed0/udsr_s0_g0034.json	7417
run_archive/results/udsr/seed0/udsr_s0_g0035.json	6964
run_archive/results/udsr/seed0/udsr_s0_g0036.json	7519
run_archive/results/udsr/seed0/udsr_s0_g0037.json	7349
run_archive/results/udsr/seed0/udsr_s0_g0038.json	8958
run_archive/results/udsr/seed0/udsr_s0_g0039.json	7262
run_archive/results/udsr/seed0/udsr_s0_g0040.json	11156
run_archive/results/udsr/seed0/udsr_s0_g0041.json	10169
run_archive/results/udsr/seed0/udsr_s0_g0042.json	11443
run_archive/results/udsr/seed0/udsr_s0_g0043.json	7234
run_archive/results/udsr/seed0/udsr_s0_g0044.json	6883
run_archive/results/udsr/seed0/udsr_s0_g0045.json	7127
run_archive/results/udsr/seed0/udsr_s0_g0046.json	10993
run_archive/results/udsr/seed0/udsr_s0_g0047.json	7111
run_archive/results/udsr/seed0/udsr_s0_g0048.json	7732
run_archive/results/udsr/seed0/udsr_s0_g0049.json	7001
run_archive/results/udsr/seed0/udsr_s0_g0050.json	6748
run_archive/results/udsr/seed1/udsr_s1_g0001.json	6252
run_archive/results/udsr/seed1/udsr_s1_g0002.json	7240
run_archive/results/udsr/seed1/udsr_s1_g0003.json	6719
run_archive/results/udsr/seed1/udsr_s1_g0004.json	6290
run_archive/results/udsr/seed1/udsr_s1_g0005.json	7495
run_archive/results/udsr/seed1/udsr_s1_g0006.json	7009
run_archive/results/udsr/seed1/udsr_s1_g0007.json	7217
run_archive/results/udsr/seed1/udsr_s1_g0008.json	7532
run_archive/results/udsr/seed1/udsr_s1_g0009.json	6059
run_archive/results/udsr/seed1/udsr_s1_g0010.json	7448
run_archive/results/udsr/seed1/udsr_s1_g0011.json	8169
run_archive/results/udsr/seed1/udsr_s1_g0012.json	6720
run_archive/results/udsr/seed1/udsr_s1_g0013.json	6297
run_archive/results/udsr/seed1/udsr_s1_g0014.json	6608
run_archive/results/udsr/seed1/udsr_s1_g0015.json	6385
run_archive/results/udsr/seed1/udsr_s1_g0016.json	6246
run_archive/results/udsr/seed1/udsr_s1_g0017.json	6369
run_archive/results/udsr/seed1/udsr_s1_g0018.json	6617
run_archive/results/udsr/seed1/udsr_s1_g0019.json	6971
run_archive/results/udsr/seed1/udsr_s1_g0020.json	7130
run_archive/results/udsr/seed1/udsr_s1_g0021.json	6810
run_archive/results/udsr/seed1/udsr_s1_g0022.json	6830
run_archive/results/udsr/seed1/udsr_s1_g0023.json	7606
run_archive/results/udsr/seed1/udsr_s1_g0024.json	6717
run_archive/results/udsr/seed1/udsr_s1_g0025.json	7794
run_archive/results/udsr/seed1/udsr_s1_g0026.json	7561
run_archive/results/udsr/seed1/udsr_s1_g0027.json	14349
run_archive/results/udsr/seed1/udsr_s1_g0028.json	8868
run_archive/results/udsr/seed1/udsr_s1_g0029.json	6412
run_archive/results/udsr/seed1/udsr_s1_g0030.json	8440
run_archive/results/udsr/seed1/udsr_s1_g0031.json	6624
run_archive/results/udsr/seed1/udsr_s1_g0032.json	13465
run_archive/results/udsr/seed1/udsr_s1_g0033.json	10851
run_archive/results/udsr/seed1/udsr_s1_g0034.json	7129
run_archive/results/udsr/seed1/udsr_s1_g0035.json	6876
run_archive/results/udsr/seed1/udsr_s1_g0036.json	7681
run_archive/results/udsr/seed1/udsr_s1_g0037.json	7544
run_archive/results/udsr/seed1/udsr_s1_g0038.json	9087
run_archive/results/udsr/seed1/udsr_s1_g0039.json	7668
run_archive/results/udsr/seed1/udsr_s1_g0040.json	11266
run_archive/results/udsr/seed1/udsr_s1_g0041.json	9019
run_archive/results/udsr/seed1/udsr_s1_g0042.json	11311
run_archive/results/udsr/seed1/udsr_s1_g0043.json	7487
run_archive/results/udsr/seed1/udsr_s1_g0044.json	6791
run_archive/results/udsr/seed1/udsr_s1_g0045.json	6905
run_archive/results/udsr/seed1/udsr_s1_g0046.json	6810
run_archive/results/udsr/seed1/udsr_s1_g0047.json	8504
run_archive/results/udsr/seed1/udsr_s1_g0048.json	7640
run_archive/results/udsr/seed1/udsr_s1_g0049.json	7394
run_archive/results/udsr/seed1/udsr_s1_g0050.json	7204
run_archive/results/udsr/seed2/udsr_s2_g0001.json	6249
run_archive/results/udsr/seed2/udsr_s2_g0002.json	7172
run_archive/results/udsr/seed2/udsr_s2_g0003.json	6433
run_archive/results/udsr/seed2/udsr_s2_g0004.json	6452
run_archive/results/udsr/seed2/udsr_s2_g0005.json	7425
run_archive/results/udsr/seed2/udsr_s2_g0006.json	6739
run_archive/results/udsr/seed2/udsr_s2_g0007.json	7879
run_archive/results/udsr/seed2/udsr_s2_g0008.json	7376
run_archive/results/udsr/seed2/udsr_s2_g0009.json	6695
run_archive/results/udsr/seed2/udsr_s2_g0010.json	6256
run_archive/results/udsr/seed2/udsr_s2_g0011.json	7471
run_archive/results/udsr/seed2/udsr_s2_g0012.json	8975
run_archive/results/udsr/seed2/udsr_s2_g0013.json	6351
run_archive/results/udsr/seed2/udsr_s2_g0014.json	6580
run_archive/results/udsr/seed2/udsr_s2_g0015.json	6556
run_archive/results/udsr/seed2/udsr_s2_g0016.json	6245
run_archive/results/udsr/seed2/udsr_s2_g0017.json	6369
run_archive/results/udsr/seed2/udsr_s2_g0018.json	6586
run_archive/results/udsr/seed2/udsr_s2_g0019.json	6675
run_archive/results/udsr/seed2/udsr_s2_g0020.json	7274
run_archive/results/udsr/seed2/udsr_s2_g0021.json	6534
run_archive/results/udsr/seed2/udsr_s2_g0022.json	6938
run_archive/results/udsr/seed2/udsr_s2_g0023.json	7370
run_archive/results/udsr/seed2/udsr_s2_g0024.json	7166
run_archive/results/udsr/seed2/udsr_s2_g0025.json	7591
run_archive/results/udsr/seed2/udsr_s2_g0026.json	7575
run_archive/results/udsr/seed2/udsr_s2_g0027.json	14271
run_archive/results/udsr/seed2/udsr_s2_g0028.json	8262
run_archive/results/udsr/seed2/udsr_s2_g0029.json	6588
run_archive/results/udsr/seed2/udsr_s2_g0030.json	7786
run_archive/results/udsr/seed2/udsr_s2_g0031.json	6579
run_archive/results/udsr/seed2/udsr_s2_g0032.json	11720
run_archive/results/udsr/seed2/udsr_s2_g0033.json	10313
run_archive/results/udsr/seed2/udsr_s2_g0034.json	7528
run_archive/results/udsr/seed2/udsr_s2_g0035.json	6544
run_archive/results/udsr/seed2/udsr_s2_g0036.json	7248
run_archive/results/udsr/seed2/udsr_s2_g0037.json	7718
run_archive/results/udsr/seed2/udsr_s2_g0038.json	9058
run_archive/results/udsr/seed2/udsr_s2_g0039.json	7264
run_archive/results/udsr/seed2/udsr_s2_g0040.json	11128
run_archive/results/udsr/seed2/udsr_s2_g0041.json	10253
run_archive/results/udsr/seed2/udsr_s2_g0042.json	11465
run_archive/results/udsr/seed2/udsr_s2_g0043.json	7523
run_archive/results/udsr/seed2/udsr_s2_g0044.json	7003
run_archive/results/udsr/seed2/udsr_s2_g0045.json	6695
run_archive/results/udsr/seed2/udsr_s2_g0046.json	11454
run_archive/results/udsr/seed2/udsr_s2_g0047.json	8132
run_archive/results/udsr/seed2/udsr_s2_g0048.json	7484
run_archive/results/udsr/seed2/udsr_s2_g0049.json	6921
run_archive/results/udsr/seed2/udsr_s2_g0050.json	7200
run_archive/results/udsr/seed3/udsr_s3_g0001.json	6249
run_archive/results/udsr/seed3/udsr_s3_g0002.json	7074
run_archive/results/udsr/seed3/udsr_s3_g0003.json	6558
run_archive/results/udsr/seed3/udsr_s3_g0004.json	6481
run_archive/results/udsr/seed3/udsr_s3_g0005.json	6214
run_archive/results/udsr/seed3/udsr_s3_g0006.json	6685
run_archive/results/udsr/seed3/udsr_s3_g0007.json	6891
run_archive/results/udsr/seed3/udsr_s3_g0008.json	7394
run_archive/results/udsr/seed3/udsr_s3_g0009.json	5998
run_archive/results/udsr/seed3/udsr_s3_g0010.json	7462
run_archive/results/udsr/seed3/udsr_s3_g0011.json	8412
run_archive/results/udsr/seed3/udsr_s3_g0012.json	9207
run_archive/results/udsr/seed3/udsr_s3_g0013.json	6597
run_archive/results/udsr/seed3/udsr_s3_g0014.json	6697
run_archive/results/udsr/seed3/udsr_s3_g0015.json	6386
run_archive/results/udsr/seed3/udsr_s3_g0016.json	6418
run_archive/results/udsr/seed3/udsr_s3_g0017.json	7824
run_archive/results/udsr/seed3/udsr_s3_g0018.json	6572
run_archive/results/udsr/seed3/udsr_s3_g0019.json	6835
run_archive/results/udsr/seed3/udsr_s3_g0020.json	7061
run_archive/results/udsr/seed3/udsr_s3_g0021.json	6894
run_archive/results/udsr/seed3/udsr_s3_g0022.json	6595
run_archive/results/udsr/seed3/udsr_s3_g0023.json	6950
run_archive/results/udsr/seed3/udsr_s3_g0024.json	7032
run_archive/results/udsr/seed3/udsr_s3_g0025.json	7669
run_archive/results/udsr/seed3/udsr_s3_g0026.json	8131
run_archive/results/udsr/seed3/udsr_s3_g0027.json	14213
run_archive/results/udsr/seed3/udsr_s3_g0028.json	8564
run_archive/results/udsr/seed3/udsr_s3_g0029.json	6583
run_archive/results/udsr/seed3/udsr_s3_g0030.json	7918
run_archive/results/udsr/seed3/udsr_s3_g0031.json	6934
run_archive/results/udsr/seed3/udsr_s3_g0032.json	13538
run_archive/results/udsr/seed3/udsr_s3_g0033.json	11285
run_archive/results/udsr/seed3/udsr_s3_g0034.json	7188
run_archive/results/udsr/seed3/udsr_s3_g0035.json	6753
run_archive/results/udsr/seed3/udsr_s3_g0036.json	8689
run_archive/results/udsr/seed3/udsr_s3_g0037.json	7325
run_archive/results/udsr/seed3/udsr_s3_g0038.json	10234
run_archive/results/udsr/seed3/udsr_s3_g0039.json	7536
run_archive/results/udsr/seed3/udsr_s3_g0040.json	11290
run_archive/results/udsr/seed3/udsr_s3_g0041.json	8756
run_archive/results/udsr/seed3/udsr_s3_g0042.json	13294
run_archive/results/udsr/seed3/udsr_s3_g0043.json	7429
run_archive/results/udsr/seed3/udsr_s3_g0044.json	7003
run_archive/results/udsr/seed3/udsr_s3_g0045.json	7060
run_archive/results/udsr/seed3/udsr_s3_g0046.json	10925
run_archive/results/udsr/seed3/udsr_s3_g0047.json	7713
run_archive/results/udsr/seed3/udsr_s3_g0048.json	7739
run_archive/results/udsr/seed3/udsr_s3_g0049.json	8805
run_archive/results/udsr/seed3/udsr_s3_g0050.json	7140
run_archive/results/udsr/seed4/udsr_s4_g0001.json	6626
run_archive/results/udsr/seed4/udsr_s4_g0002.json	7087
run_archive/results/udsr/seed4/udsr_s4_g0003.json	7878
run_archive/results/udsr/seed4/udsr_s4_g0004.json	6288
run_archive/results/udsr/seed4/udsr_s4_g0005.json	7624
run_archive/results/udsr/seed4/udsr_s4_g0006.json	6656
run_archive/results/udsr/seed4/udsr_s4_g0007.json	7658
run_archive/results/udsr/seed4/udsr_s4_g0008.json	7645
run_archive/results/udsr/seed4/udsr_s4_g0009.json	6667
run_archive/results/udsr/seed4/udsr_s4_g0010.json	7463
run_archive/results/udsr/seed4/udsr_s4_g0011.json	13357
run_archive/results/udsr/seed4/udsr_s4_g0012.json	9034
run_archive/results/udsr/seed4/udsr_s4_g0013.json	6348
run_archive/results/udsr/seed4/udsr_s4_g0014.json	6756
run_archive/results/udsr/seed4/udsr_s4_g0015.json	6545
run_archive/results/udsr/seed4/udsr_s4_g0016.json	9176
run_archive/results/udsr/seed4/udsr_s4_g0017.json	6625
run_archive/results/udsr/seed4/udsr_s4_g0018.json	6813
run_archive/results/udsr/seed4/udsr_s4_g0019.json	7052
run_archive/results/udsr/seed4/udsr_s4_g0020.json	7233
run_archive/results/udsr/seed4/udsr_s4_g0021.json	6771
run_archive/results/udsr/seed4/udsr_s4_g0022.json	6943
run_archive/results/udsr/seed4/udsr_s4_g0023.json	6969
run_archive/results/udsr/seed4/udsr_s4_g0024.json	7112
run_archive/results/udsr/seed4/udsr_s4_g0025.json	7767
run_archive/results/udsr/seed4/udsr_s4_g0026.json	7665
run_archive/results/udsr/seed4/udsr_s4_g0027.json	14322
run_archive/results/udsr/seed4/udsr_s4_g0028.json	8142
run_archive/results/udsr/seed4/udsr_s4_g0029.json	6412
run_archive/results/udsr/seed4/udsr_s4_g0030.json	8084
run_archive/results/udsr/seed4/udsr_s4_g0031.json	6587
run_archive/results/udsr/seed4/udsr_s4_g0032.json	11146
run_archive/results/udsr/seed4/udsr_s4_g0033.json	14781
run_archive/results/udsr/seed4/udsr_s4_g0034.json	7747
run_archive/results/udsr/seed4/udsr_s4_g0035.json	6711
run_archive/results/udsr/seed4/udsr_s4_g0036.json	7224
run_archive/results/udsr/seed4/udsr_s4_g0037.json	7352
run_archive/results/udsr/seed4/udsr_s4_g0038.json	8977
run_archive/results/udsr/seed4/udsr_s4_g0039.json	7564
run_archive/results/udsr/seed4/udsr_s4_g0040.json	11195
run_archive/results/udsr/seed4/udsr_s4_g0041.json	8719
run_archive/results/udsr/seed4/udsr_s4_g0042.json	11198
run_archive/results/udsr/seed4/udsr_s4_g0043.json	7280
run_archive/results/udsr/seed4/udsr_s4_g0044.json	6776
run_archive/results/udsr/seed4/udsr_s4_g0045.json	6875
run_archive/results/udsr/seed4/udsr_s4_g0046.json	11065
run_archive/results/udsr/seed4/udsr_s4_g0047.json	7687
run_archive/results/udsr/seed4/udsr_s4_g0048.json	7579
run_archive/results/udsr/seed4/udsr_s4_g0049.json	7036
run_archive/results/udsr/seed4/udsr_s4_g0050.json	7478
run_archive/state/core50_12alg_5seed_all_20260502-065700.latest.json	1168
run_archive/state/core50_12alg_5seed_all_20260502-065700.state.json	1477987
run_archive/summary.json	1830
runtime_params_1h_effective/README.md	1182
runtime_params_1h_effective/drsr.json	375
runtime_params_1h_effective/dso.json	1157
runtime_params_1h_effective/e2esr.json	288
runtime_params_1h_effective/gplearn.json	652
runtime_params_1h_effective/imcts.json	514
runtime_params_1h_effective/llmsr.json	375
runtime_params_1h_effective/pyoperon.json	495
runtime_params_1h_effective/pysr.json	1207
runtime_params_1h_effective/qlattice.json	206
runtime_params_1h_effective/ragsr.json	1826
runtime_params_1h_effective/runtime_budget_plan.csv	1660
runtime_params_1h_effective/tpsr.json	611
runtime_params_1h_effective/udsr.json	2184
runtime_params_24h_effective/README.md	1022
runtime_params_24h_effective/drsr.json	377
runtime_params_24h_effective/dso.json	1159
runtime_params_24h_effective/e2esr.json	291
runtime_params_24h_effective/gplearn.json	654
runtime_params_24h_effective/imcts.json	518
runtime_params_24h_effective/llmsr.json	377
runtime_params_24h_effective/pyoperon.json	499
runtime_params_24h_effective/pysr.json	1209
runtime_params_24h_effective/qlattice.json	209
runtime_params_24h_effective/ragsr.json	1831
runtime_params_24h_effective/runtime_budget_plan.csv	964
runtime_params_24h_effective/tpsr.json	616
runtime_params_24h_effective/udsr.json	2186
runtime_params_3h_effective/README.md	651
runtime_params_3h_effective/drsr.json	347
runtime_params_3h_effective/dso.json	1159
runtime_params_3h_effective/e2esr.json	291
runtime_params_3h_effective/gplearn.json	654
runtime_params_3h_effective/imcts.json	518
runtime_params_3h_effective/llmsr.json	347
runtime_params_3h_effective/pyoperon.json	499
runtime_params_3h_effective/pysr.json	1209
runtime_params_3h_effective/qlattice.json	209
runtime_params_3h_effective/ragsr.json	1831
runtime_params_3h_effective/runtime_budget_plan.csv	940
runtime_params_3h_effective/tpsr.json	616
runtime_params_3h_effective/udsr.json	2186
runtime_params_active.README.md	446
runtime_params_active/README.md	1182
runtime_params_active/drsr.json	375
runtime_params_active/dso.json	1157
runtime_params_active/e2esr.json	288
runtime_params_active/gplearn.json	652
runtime_params_active/imcts.json	514
runtime_params_active/llmsr.json	375
runtime_params_active/pyoperon.json	495
runtime_params_active/pysr.json	1207
runtime_params_active/qlattice.json	206
runtime_params_active/ragsr.json	1826
runtime_params_active/runtime_budget_plan.csv	1660
runtime_params_active/tpsr.json	611
runtime_params_active/udsr.json	2184
runtime_queue_4alg_budgetfix_3seed_20260523-005312/state/core50_4alg_budgetfix_3seed_20260523-005312.state.json	247253
runtime_queue_5alg_budgetfix_smoke_20260523/source_g0009_g0029.csv	1114
runtime_queue_core50_12alg_5x3h_20260523-215546/BATCH_NAME.txt	34
runtime_queue_core50_12alg_5x3h_20260523-215546/CONTROLLER_SESSION.txt	37
runtime_queue_core50_12alg_5x3h_20260523-215546/dry_run.json	3395
runtime_queue_core50_12alg_5x3h_20260523-215546/peer_sync.log	273
runtime_queue_core50_12alg_5x3h_20260523-215546/source_core50_first5.csv	3062
runtime_queue_core50_12alg_5x3h_20260523-215546/state/core50_12alg_5x3h_20260523-215546.state.json	25051
runtime_queue_tpsr_short4_20260522/source_g0008_g0020.csv	1263
